2025-04-26 08:49:07,148 fflow.py init [line:792] INFO PROCESS ID:	6153
2025-04-26 08:49:07,149 fflow.py init [line:793] INFO Initializing devices: cuda:0 will be used for this running.
2025-04-26 08:49:07,149 fflow.py init [line:796] INFO BENCHMARK:	flgo.benchmark.cifar10_classification
2025-04-26 08:49:07,149 fflow.py init [line:797] INFO TASK:			./cifar10_result_20
2025-04-26 08:49:07,149 fflow.py init [line:798] INFO MODEL:		flgo.benchmark.cifar10_classification.model.resnet18
2025-04-26 08:49:07,149 fflow.py init [line:799] INFO ALGORITHM:	tucker
2025-04-26 08:49:07,149 fflow.py init [line:800] INFO LRate:		0.001
2025-04-26 08:49:07,149 fflow.py init [line:801] INFO COMPRESS:		tucker
2025-04-26 08:49:07,149 fflow.py init [line:807] INFO GAMMA:		1.1
2025-04-26 08:49:07,158 fflow.py init [line:853] INFO SCENE:		horizontal FL with 1 <class 'tucker.Server'>, 20 <class 'tucker.Client'>
2025-04-26 08:49:08,937 fflow.py init [line:870] INFO SIMULATOR:	<class 'flgo.simulator.default_simulator.Simulator'>
2025-04-26 08:49:08,938 fflow.py init [line:883] INFO Ready to start.
2025-04-26 08:49:08,939 fedbase.py run [line:306] INFO --------------Initial Evaluation--------------
2025-04-26 08:49:08,939 simple_logger.py log_once [line:14] INFO Current_time:0
2025-04-26 08:49:12,725 simple_logger.py log_once [line:28] INFO test_accuracy                 0.1000
2025-04-26 08:49:12,725 simple_logger.py log_once [line:28] INFO test_loss                     2.3036
2025-04-26 08:49:12,725 simple_logger.py log_once [line:28] INFO val_accuracy                  0.1030
2025-04-26 08:49:12,725 simple_logger.py log_once [line:28] INFO mean_val_accuracy             0.1030
2025-04-26 08:49:12,725 simple_logger.py log_once [line:28] INFO std_val_accuracy              0.0128
2025-04-26 08:49:12,725 simple_logger.py log_once [line:28] INFO val_loss                      2.3030
2025-04-26 08:49:12,725 simple_logger.py log_once [line:28] INFO mean_val_loss                 2.3030
2025-04-26 08:49:12,725 simple_logger.py log_once [line:28] INFO std_val_loss                  0.0011
2025-04-26 08:49:12,725 fedbase.py run [line:309] INFO expense     0
2025-04-26 08:49:12,725 fedbase.py run [line:310] INFO Eval Time Cost:               3.7865s
2025-04-26 08:49:12,725 asyncbase.py iterate [line:68] INFO Select clients [0, 1, 2, 3, 4, 5, 6, 7, 8, 9, 10, 11, 12, 13, 14, 15, 16, 17, 18, 19] at time 1.
2025-04-26 08:49:46,427 asyncbase.py iterate [line:73] INFO Receive new models from clients [8, 7, 6, 11, 15, 5, 2, 18, 9, 14, 16, 17, 10, 19, 12, 0] at time 4
2025-04-26 08:49:46,428 asyncbase.py iterate [line:73] INFO Receive new models from clients [1, 3, 4, 13] at time 5
2025-04-26 08:49:51,298 fedbase.py run [line:318] INFO --------------Round 1--------------
2025-04-26 08:49:51,298 simple_logger.py log_once [line:14] INFO Current_time:5
2025-04-26 08:49:54,043 simple_logger.py log_once [line:28] INFO test_accuracy                 0.1000
2025-04-26 08:49:54,043 simple_logger.py log_once [line:28] INFO test_loss                     2.4149
2025-04-26 08:49:54,043 simple_logger.py log_once [line:28] INFO val_accuracy                  0.0982
2025-04-26 08:49:54,043 simple_logger.py log_once [line:28] INFO mean_val_accuracy             0.0982
2025-04-26 08:49:54,043 simple_logger.py log_once [line:28] INFO std_val_accuracy              0.0210
2025-04-26 08:49:54,043 simple_logger.py log_once [line:28] INFO val_loss                      2.4032
2025-04-26 08:49:54,043 simple_logger.py log_once [line:28] INFO mean_val_loss                 2.4032
2025-04-26 08:49:54,043 simple_logger.py log_once [line:28] INFO std_val_loss                  0.0322
2025-04-26 08:49:54,043 fedbase.py run [line:323] INFO expense           55869810.0
2025-04-26 08:49:54,043 fedbase.py run [line:324] INFO Eval Time Cost:               2.7450s
2025-04-26 08:49:54,043 asyncbase.py iterate [line:68] INFO Select clients [0, 1, 2, 3, 4, 5, 6, 7, 8, 9, 10, 11, 12, 13, 14, 15, 16, 17, 18, 19] at time 6.
2025-04-26 08:51:13,790 asyncbase.py iterate [line:73] INFO Receive new models from clients [8, 6, 19, 17, 5, 3, 14, 7, 9, 2, 10] at time 9
2025-04-26 08:51:13,791 asyncbase.py iterate [line:73] INFO Receive new models from clients [1, 11, 12, 13, 15, 18, 0, 16, 4] at time 10
2025-04-26 08:51:14,220 fedbase.py run [line:318] INFO --------------Round 2--------------
2025-04-26 08:51:14,221 simple_logger.py log_once [line:14] INFO Current_time:10
2025-04-26 08:51:16,998 simple_logger.py log_once [line:28] INFO test_accuracy                 0.1000
2025-04-26 08:51:16,999 simple_logger.py log_once [line:28] INFO test_loss                     2.6630
2025-04-26 08:51:16,999 simple_logger.py log_once [line:28] INFO val_accuracy                  0.1072
2025-04-26 08:51:16,999 simple_logger.py log_once [line:28] INFO mean_val_accuracy             0.1072
2025-04-26 08:51:16,999 simple_logger.py log_once [line:28] INFO std_val_accuracy              0.0162
2025-04-26 08:51:16,999 simple_logger.py log_once [line:28] INFO val_loss                      2.6429
2025-04-26 08:51:16,999 simple_logger.py log_once [line:28] INFO mean_val_loss                 2.6429
2025-04-26 08:51:16,999 simple_logger.py log_once [line:28] INFO std_val_loss                  0.0512
2025-04-26 08:51:16,999 fedbase.py run [line:323] INFO expense           60301010.0
2025-04-26 08:51:16,999 fedbase.py run [line:324] INFO Eval Time Cost:               2.7782s
2025-04-26 08:51:16,999 asyncbase.py iterate [line:68] INFO Select clients [0, 1, 2, 3, 4, 5, 6, 7, 8, 9, 10, 11, 12, 13, 14, 15, 16, 17, 18, 19] at time 11.
2025-04-26 08:51:45,792 asyncbase.py iterate [line:73] INFO Receive new models from clients [18, 6, 7, 14, 0, 16, 19, 9, 5, 3, 4, 13, 15, 17, 2, 8, 1, 12, 10, 11] at time 12
2025-04-26 08:51:49,655 fedbase.py run [line:318] INFO --------------Round 3--------------
2025-04-26 08:51:49,656 simple_logger.py log_once [line:14] INFO Current_time:12
2025-04-26 08:51:52,418 simple_logger.py log_once [line:28] INFO test_accuracy                 0.1002
2025-04-26 08:51:52,418 simple_logger.py log_once [line:28] INFO test_loss                     2.3235
2025-04-26 08:51:52,418 simple_logger.py log_once [line:28] INFO val_accuracy                  0.1074
2025-04-26 08:51:52,418 simple_logger.py log_once [line:28] INFO mean_val_accuracy             0.1074
2025-04-26 08:51:52,418 simple_logger.py log_once [line:28] INFO std_val_accuracy              0.0163
2025-04-26 08:51:52,418 simple_logger.py log_once [line:28] INFO val_loss                      2.3151
2025-04-26 08:51:52,418 simple_logger.py log_once [line:28] INFO mean_val_loss                 2.3151
2025-04-26 08:51:52,418 simple_logger.py log_once [line:28] INFO std_val_loss                  0.0334
2025-04-26 08:51:52,418 fedbase.py run [line:323] INFO expense           116170820.0
2025-04-26 08:51:52,418 fedbase.py run [line:324] INFO Eval Time Cost:               2.7623s
2025-04-26 08:51:52,419 asyncbase.py iterate [line:68] INFO Select clients [0, 1, 2, 3, 4, 5, 6, 7, 8, 9, 10, 11, 12, 13, 14, 15, 16, 17, 18, 19] at time 13.
2025-04-26 08:53:07,251 asyncbase.py iterate [line:73] INFO Receive new models from clients [12, 7, 13, 17, 3, 9, 4, 18, 6, 1, 14, 16, 10, 11] at time 16
2025-04-26 08:53:07,251 asyncbase.py iterate [line:73] INFO Receive new models from clients [0, 15, 8, 19, 2, 5] at time 17
2025-04-26 08:53:07,678 fedbase.py run [line:318] INFO --------------Round 4--------------
2025-04-26 08:53:07,679 simple_logger.py log_once [line:14] INFO Current_time:17
2025-04-26 08:53:10,438 simple_logger.py log_once [line:28] INFO test_accuracy                 0.1034
2025-04-26 08:53:10,438 simple_logger.py log_once [line:28] INFO test_loss                     2.6287
2025-04-26 08:53:10,438 simple_logger.py log_once [line:28] INFO val_accuracy                  0.1114
2025-04-26 08:53:10,439 simple_logger.py log_once [line:28] INFO mean_val_accuracy             0.1114
2025-04-26 08:53:10,439 simple_logger.py log_once [line:28] INFO std_val_accuracy              0.0159
2025-04-26 08:53:10,439 simple_logger.py log_once [line:28] INFO val_loss                      2.6105
2025-04-26 08:53:10,439 simple_logger.py log_once [line:28] INFO mean_val_loss                 2.6105
2025-04-26 08:53:10,439 simple_logger.py log_once [line:28] INFO std_val_loss                  0.0503
2025-04-26 08:53:10,439 fedbase.py run [line:323] INFO expense           120602020.0
2025-04-26 08:53:10,439 fedbase.py run [line:324] INFO Eval Time Cost:               2.7601s
2025-04-26 08:53:10,439 asyncbase.py iterate [line:68] INFO Select clients [0, 1, 2, 3, 4, 5, 6, 7, 8, 9, 10, 11, 12, 13, 14, 15, 16, 17, 18, 19] at time 18.
2025-04-26 08:53:42,114 asyncbase.py iterate [line:73] INFO Receive new models from clients [10, 4, 5, 2, 19, 13, 6, 14, 16, 11, 1, 12, 18, 7, 9, 8, 17, 0, 3, 15] at time 19
2025-04-26 08:53:46,044 fedbase.py run [line:318] INFO --------------Round 5--------------
2025-04-26 08:53:46,045 simple_logger.py log_once [line:14] INFO Current_time:19
2025-04-26 08:53:48,819 simple_logger.py log_once [line:28] INFO test_accuracy                 0.3456
2025-04-26 08:53:48,819 simple_logger.py log_once [line:28] INFO test_loss                     1.7970
2025-04-26 08:53:48,819 simple_logger.py log_once [line:28] INFO val_accuracy                  0.3312
2025-04-26 08:53:48,819 simple_logger.py log_once [line:28] INFO mean_val_accuracy             0.3312
2025-04-26 08:53:48,819 simple_logger.py log_once [line:28] INFO std_val_accuracy              0.0231
2025-04-26 08:53:48,819 simple_logger.py log_once [line:28] INFO val_loss                      1.8092
2025-04-26 08:53:48,819 simple_logger.py log_once [line:28] INFO mean_val_loss                 1.8092
2025-04-26 08:53:48,819 simple_logger.py log_once [line:28] INFO std_val_loss                  0.0346
2025-04-26 08:53:48,819 fedbase.py run [line:323] INFO expense           176471830.0
2025-04-26 08:53:48,819 fedbase.py run [line:324] INFO Eval Time Cost:               2.7747s
2025-04-26 08:53:48,819 asyncbase.py iterate [line:68] INFO Select clients [0, 1, 2, 3, 4, 5, 6, 7, 8, 9, 10, 11, 12, 13, 14, 15, 16, 17, 18, 19] at time 20.
2025-04-26 08:55:03,659 asyncbase.py iterate [line:73] INFO Receive new models from clients [11, 2, 12, 4, 14, 13, 18, 6, 5, 10, 7, 17, 15, 9, 0, 8, 3] at time 23
2025-04-26 08:55:03,660 asyncbase.py iterate [line:73] INFO Receive new models from clients [1, 19, 16] at time 24
2025-04-26 08:55:04,085 fedbase.py run [line:318] INFO --------------Round 6--------------
2025-04-26 08:55:04,086 simple_logger.py log_once [line:14] INFO Current_time:24
2025-04-26 08:55:06,848 simple_logger.py log_once [line:28] INFO test_accuracy                 0.1671
2025-04-26 08:55:06,848 simple_logger.py log_once [line:28] INFO test_loss                     2.1571
2025-04-26 08:55:06,848 simple_logger.py log_once [line:28] INFO val_accuracy                  0.1682
2025-04-26 08:55:06,848 simple_logger.py log_once [line:28] INFO mean_val_accuracy             0.1682
2025-04-26 08:55:06,848 simple_logger.py log_once [line:28] INFO std_val_accuracy              0.0258
2025-04-26 08:55:06,848 simple_logger.py log_once [line:28] INFO val_loss                      2.1582
2025-04-26 08:55:06,848 simple_logger.py log_once [line:28] INFO mean_val_loss                 2.1582
2025-04-26 08:55:06,848 simple_logger.py log_once [line:28] INFO std_val_loss                  0.0352
2025-04-26 08:55:06,848 fedbase.py run [line:323] INFO expense           180903030.0
2025-04-26 08:55:06,848 fedbase.py run [line:324] INFO Eval Time Cost:               2.7621s
2025-04-26 08:55:06,848 asyncbase.py iterate [line:68] INFO Select clients [0, 1, 2, 3, 4, 5, 6, 7, 8, 9, 10, 11, 12, 13, 14, 15, 16, 17, 18, 19] at time 25.
2025-04-26 08:55:36,013 asyncbase.py iterate [line:73] INFO Receive new models from clients [1, 3, 12, 8, 13, 16, 18, 11, 14, 7, 4, 6, 15, 19, 2, 10, 0, 17, 9, 5] at time 26
2025-04-26 08:55:39,954 fedbase.py run [line:318] INFO --------------Round 7--------------
2025-04-26 08:55:39,955 simple_logger.py log_once [line:14] INFO Current_time:26
2025-04-26 08:55:42,710 simple_logger.py log_once [line:28] INFO test_accuracy                 0.3957
2025-04-26 08:55:42,710 simple_logger.py log_once [line:28] INFO test_loss                     1.6168
2025-04-26 08:55:42,710 simple_logger.py log_once [line:28] INFO val_accuracy                  0.3912
2025-04-26 08:55:42,710 simple_logger.py log_once [line:28] INFO mean_val_accuracy             0.3912
2025-04-26 08:55:42,710 simple_logger.py log_once [line:28] INFO std_val_accuracy              0.0265
2025-04-26 08:55:42,710 simple_logger.py log_once [line:28] INFO val_loss                      1.6289
2025-04-26 08:55:42,710 simple_logger.py log_once [line:28] INFO mean_val_loss                 1.6289
2025-04-26 08:55:42,710 simple_logger.py log_once [line:28] INFO std_val_loss                  0.0477
2025-04-26 08:55:42,710 fedbase.py run [line:323] INFO expense           236772840.0
2025-04-26 08:55:42,710 fedbase.py run [line:324] INFO Eval Time Cost:               2.7554s
2025-04-26 08:55:42,711 asyncbase.py iterate [line:68] INFO Select clients [0, 1, 2, 3, 4, 5, 6, 7, 8, 9, 10, 11, 12, 13, 14, 15, 16, 17, 18, 19] at time 27.
2025-04-26 08:57:01,884 asyncbase.py iterate [line:73] INFO Receive new models from clients [11, 8, 17, 0, 5, 13, 7, 6, 19, 12, 2, 18, 9, 16, 10, 4, 15, 14] at time 30
2025-04-26 08:57:01,884 asyncbase.py iterate [line:73] INFO Receive new models from clients [1, 3] at time 31
2025-04-26 08:57:02,311 fedbase.py run [line:318] INFO --------------Round 8--------------
2025-04-26 08:57:02,312 simple_logger.py log_once [line:14] INFO Current_time:31
2025-04-26 08:57:05,194 simple_logger.py log_once [line:28] INFO test_accuracy                 0.2649
2025-04-26 08:57:05,194 simple_logger.py log_once [line:28] INFO test_loss                     1.9646
2025-04-26 08:57:05,194 simple_logger.py log_once [line:28] INFO val_accuracy                  0.2638
2025-04-26 08:57:05,194 simple_logger.py log_once [line:28] INFO mean_val_accuracy             0.2638
2025-04-26 08:57:05,194 simple_logger.py log_once [line:28] INFO std_val_accuracy              0.0235
2025-04-26 08:57:05,194 simple_logger.py log_once [line:28] INFO val_loss                      1.9738
2025-04-26 08:57:05,194 simple_logger.py log_once [line:28] INFO mean_val_loss                 1.9738
2025-04-26 08:57:05,194 simple_logger.py log_once [line:28] INFO std_val_loss                  0.0426
2025-04-26 08:57:05,194 fedbase.py run [line:323] INFO expense           241204040.0
2025-04-26 08:57:05,194 fedbase.py run [line:324] INFO Eval Time Cost:               2.8824s
2025-04-26 08:57:05,195 asyncbase.py iterate [line:68] INFO Select clients [0, 1, 2, 3, 4, 5, 6, 7, 8, 9, 10, 11, 12, 13, 14, 15, 16, 17, 18, 19] at time 32.
2025-04-26 08:57:34,175 asyncbase.py iterate [line:73] INFO Receive new models from clients [11, 5, 19, 7, 4, 0, 12, 15, 1, 18, 16, 13, 3, 8, 9, 17, 10, 2, 14, 6] at time 33
2025-04-26 08:57:37,763 fedbase.py run [line:318] INFO --------------Round 9--------------
2025-04-26 08:57:37,764 simple_logger.py log_once [line:14] INFO Current_time:33
2025-04-26 08:57:40,519 simple_logger.py log_once [line:28] INFO test_accuracy                 0.4192
2025-04-26 08:57:40,519 simple_logger.py log_once [line:28] INFO test_loss                     1.5410
2025-04-26 08:57:40,519 simple_logger.py log_once [line:28] INFO val_accuracy                  0.4180
2025-04-26 08:57:40,519 simple_logger.py log_once [line:28] INFO mean_val_accuracy             0.4180
2025-04-26 08:57:40,519 simple_logger.py log_once [line:28] INFO std_val_accuracy              0.0282
2025-04-26 08:57:40,519 simple_logger.py log_once [line:28] INFO val_loss                      1.5567
2025-04-26 08:57:40,519 simple_logger.py log_once [line:28] INFO mean_val_loss                 1.5567
2025-04-26 08:57:40,519 simple_logger.py log_once [line:28] INFO std_val_loss                  0.0554
2025-04-26 08:57:40,519 fedbase.py run [line:323] INFO expense           297073850.0
2025-04-26 08:57:40,519 fedbase.py run [line:324] INFO Eval Time Cost:               2.7551s
2025-04-26 08:57:40,520 asyncbase.py iterate [line:68] INFO Select clients [0, 1, 2, 3, 4, 5, 6, 7, 8, 9, 10, 11, 12, 13, 14, 15, 16, 17, 18, 19] at time 34.
2025-04-26 08:58:54,023 asyncbase.py iterate [line:73] INFO Receive new models from clients [5, 10, 19, 18, 2, 6, 0, 8, 12, 9, 15, 17, 16, 4, 13, 7, 14] at time 37
2025-04-26 08:58:54,024 asyncbase.py iterate [line:73] INFO Receive new models from clients [3, 11, 1] at time 38
2025-04-26 08:58:54,454 fedbase.py run [line:318] INFO --------------Round 10--------------
2025-04-26 08:58:54,455 simple_logger.py log_once [line:14] INFO Current_time:38
2025-04-26 08:58:57,304 simple_logger.py log_once [line:28] INFO test_accuracy                 0.4002
2025-04-26 08:58:57,304 simple_logger.py log_once [line:28] INFO test_loss                     1.6556
2025-04-26 08:58:57,304 simple_logger.py log_once [line:28] INFO val_accuracy                  0.3762
2025-04-26 08:58:57,304 simple_logger.py log_once [line:28] INFO mean_val_accuracy             0.3762
2025-04-26 08:58:57,304 simple_logger.py log_once [line:28] INFO std_val_accuracy              0.0234
2025-04-26 08:58:57,304 simple_logger.py log_once [line:28] INFO val_loss                      1.6755
2025-04-26 08:58:57,304 simple_logger.py log_once [line:28] INFO mean_val_loss                 1.6755
2025-04-26 08:58:57,305 simple_logger.py log_once [line:28] INFO std_val_loss                  0.0469
2025-04-26 08:58:57,305 fedbase.py run [line:323] INFO expense           301505050.0
2025-04-26 08:58:57,305 fedbase.py run [line:324] INFO Eval Time Cost:               2.8494s
2025-04-26 08:58:57,305 asyncbase.py iterate [line:68] INFO Select clients [0, 1, 2, 3, 4, 5, 6, 7, 8, 9, 10, 11, 12, 13, 14, 15, 16, 17, 18, 19] at time 39.
2025-04-26 08:59:25,279 asyncbase.py iterate [line:73] INFO Receive new models from clients [13, 1, 16, 6, 10, 8, 2, 9, 11, 7, 12, 19, 15, 18, 5, 17, 14, 3, 0, 4] at time 40
2025-04-26 08:59:28,457 fedbase.py run [line:318] INFO --------------Round 11--------------
2025-04-26 08:59:28,458 simple_logger.py log_once [line:14] INFO Current_time:40
2025-04-26 08:59:31,226 simple_logger.py log_once [line:28] INFO test_accuracy                 0.4515
2025-04-26 08:59:31,226 simple_logger.py log_once [line:28] INFO test_loss                     1.4723
2025-04-26 08:59:31,226 simple_logger.py log_once [line:28] INFO val_accuracy                  0.4430
2025-04-26 08:59:31,226 simple_logger.py log_once [line:28] INFO mean_val_accuracy             0.4430
2025-04-26 08:59:31,226 simple_logger.py log_once [line:28] INFO std_val_accuracy              0.0258
2025-04-26 08:59:31,226 simple_logger.py log_once [line:28] INFO val_loss                      1.4881
2025-04-26 08:59:31,226 simple_logger.py log_once [line:28] INFO mean_val_loss                 1.4881
2025-04-26 08:59:31,226 simple_logger.py log_once [line:28] INFO std_val_loss                  0.0574
2025-04-26 08:59:31,226 fedbase.py run [line:323] INFO expense           357374860.0
2025-04-26 08:59:31,226 fedbase.py run [line:324] INFO Eval Time Cost:               2.7688s
2025-04-26 08:59:31,227 asyncbase.py iterate [line:68] INFO Select clients [0, 1, 2, 3, 4, 5, 6, 7, 8, 9, 10, 11, 12, 13, 14, 15, 16, 17, 18, 19] at time 41.
2025-04-26 09:00:45,519 asyncbase.py iterate [line:73] INFO Receive new models from clients [13, 5, 8, 3, 14, 1, 9, 12, 19, 7, 10, 16, 6] at time 44
2025-04-26 09:00:45,520 asyncbase.py iterate [line:73] INFO Receive new models from clients [15, 17, 18, 4, 2, 0, 11] at time 45
2025-04-26 09:00:45,948 fedbase.py run [line:318] INFO --------------Round 12--------------
2025-04-26 09:00:45,948 simple_logger.py log_once [line:14] INFO Current_time:45
2025-04-26 09:00:48,716 simple_logger.py log_once [line:28] INFO test_accuracy                 0.4128
2025-04-26 09:00:48,716 simple_logger.py log_once [line:28] INFO test_loss                     1.5914
2025-04-26 09:00:48,716 simple_logger.py log_once [line:28] INFO val_accuracy                  0.4036
2025-04-26 09:00:48,716 simple_logger.py log_once [line:28] INFO mean_val_accuracy             0.4036
2025-04-26 09:00:48,716 simple_logger.py log_once [line:28] INFO std_val_accuracy              0.0230
2025-04-26 09:00:48,716 simple_logger.py log_once [line:28] INFO val_loss                      1.6067
2025-04-26 09:00:48,717 simple_logger.py log_once [line:28] INFO mean_val_loss                 1.6067
2025-04-26 09:00:48,717 simple_logger.py log_once [line:28] INFO std_val_loss                  0.0438
2025-04-26 09:00:48,717 fedbase.py run [line:323] INFO expense           361806060.0
2025-04-26 09:00:48,717 fedbase.py run [line:324] INFO Eval Time Cost:               2.7684s
2025-04-26 09:00:48,717 asyncbase.py iterate [line:68] INFO Select clients [0, 1, 2, 3, 4, 5, 6, 7, 8, 9, 10, 11, 12, 13, 14, 15, 16, 17, 18, 19] at time 46.
2025-04-26 09:01:16,686 asyncbase.py iterate [line:73] INFO Receive new models from clients [4, 19, 1, 13, 18, 0, 6, 7, 10, 11, 14, 15, 17, 12, 9, 5, 2, 16, 8, 3] at time 47
2025-04-26 09:01:20,366 fedbase.py run [line:318] INFO --------------Round 13--------------
2025-04-26 09:01:20,367 simple_logger.py log_once [line:14] INFO Current_time:47
2025-04-26 09:01:23,146 simple_logger.py log_once [line:28] INFO test_accuracy                 0.4772
2025-04-26 09:01:23,146 simple_logger.py log_once [line:28] INFO test_loss                     1.3950
2025-04-26 09:01:23,146 simple_logger.py log_once [line:28] INFO val_accuracy                  0.4700
2025-04-26 09:01:23,146 simple_logger.py log_once [line:28] INFO mean_val_accuracy             0.4700
2025-04-26 09:01:23,146 simple_logger.py log_once [line:28] INFO std_val_accuracy              0.0240
2025-04-26 09:01:23,146 simple_logger.py log_once [line:28] INFO val_loss                      1.4191
2025-04-26 09:01:23,146 simple_logger.py log_once [line:28] INFO mean_val_loss                 1.4191
2025-04-26 09:01:23,146 simple_logger.py log_once [line:28] INFO std_val_loss                  0.0581
2025-04-26 09:01:23,146 fedbase.py run [line:323] INFO expense           417675870.0
2025-04-26 09:01:23,146 fedbase.py run [line:324] INFO Eval Time Cost:               2.7797s
2025-04-26 09:01:23,147 asyncbase.py iterate [line:68] INFO Select clients [0, 1, 2, 3, 4, 5, 6, 7, 8, 9, 10, 11, 12, 13, 14, 15, 16, 17, 18, 19] at time 48.
2025-04-26 09:02:36,937 asyncbase.py iterate [line:73] INFO Receive new models from clients [14, 7, 10, 11, 15, 12, 17, 9, 1, 19, 6, 4, 2, 18, 16, 0, 13, 3, 5, 8] at time 51
2025-04-26 09:02:37,362 fedbase.py run [line:318] INFO --------------Round 14--------------
2025-04-26 09:02:37,363 simple_logger.py log_once [line:14] INFO Current_time:51
2025-04-26 09:02:40,134 simple_logger.py log_once [line:28] INFO test_accuracy                 0.4594
2025-04-26 09:02:40,135 simple_logger.py log_once [line:28] INFO test_loss                     1.4651
2025-04-26 09:02:40,135 simple_logger.py log_once [line:28] INFO val_accuracy                  0.4452
2025-04-26 09:02:40,135 simple_logger.py log_once [line:28] INFO mean_val_accuracy             0.4452
2025-04-26 09:02:40,135 simple_logger.py log_once [line:28] INFO std_val_accuracy              0.0243
2025-04-26 09:02:40,135 simple_logger.py log_once [line:28] INFO val_loss                      1.4876
2025-04-26 09:02:40,135 simple_logger.py log_once [line:28] INFO mean_val_loss                 1.4876
2025-04-26 09:02:40,135 simple_logger.py log_once [line:28] INFO std_val_loss                  0.0466
2025-04-26 09:02:40,135 fedbase.py run [line:323] INFO expense           422107070.0
2025-04-26 09:02:40,135 fedbase.py run [line:324] INFO Eval Time Cost:               2.7725s
2025-04-26 09:02:40,135 asyncbase.py iterate [line:68] INFO Select clients [0, 1, 2, 3, 4, 5, 6, 7, 8, 9, 10, 11, 12, 13, 14, 15, 16, 17, 18, 19] at time 52.
2025-04-26 09:03:14,108 asyncbase.py iterate [line:73] INFO Receive new models from clients [12, 9, 14, 2, 17, 11, 8, 4, 5, 1, 16, 19, 15, 13, 0, 18, 10, 7, 6, 3] at time 53
2025-04-26 09:03:17,543 fedbase.py run [line:318] INFO --------------Round 15--------------
2025-04-26 09:03:17,544 simple_logger.py log_once [line:14] INFO Current_time:53
2025-04-26 09:03:20,328 simple_logger.py log_once [line:28] INFO test_accuracy                 0.4987
2025-04-26 09:03:20,328 simple_logger.py log_once [line:28] INFO test_loss                     1.3510
2025-04-26 09:03:20,328 simple_logger.py log_once [line:28] INFO val_accuracy                  0.4856
2025-04-26 09:03:20,328 simple_logger.py log_once [line:28] INFO mean_val_accuracy             0.4856
2025-04-26 09:03:20,328 simple_logger.py log_once [line:28] INFO std_val_accuracy              0.0296
2025-04-26 09:03:20,328 simple_logger.py log_once [line:28] INFO val_loss                      1.3708
2025-04-26 09:03:20,328 simple_logger.py log_once [line:28] INFO mean_val_loss                 1.3708
2025-04-26 09:03:20,328 simple_logger.py log_once [line:28] INFO std_val_loss                  0.0636
2025-04-26 09:03:20,328 fedbase.py run [line:323] INFO expense           477976880.0
2025-04-26 09:03:20,328 fedbase.py run [line:324] INFO Eval Time Cost:               2.7846s
2025-04-26 09:03:20,329 asyncbase.py iterate [line:68] INFO Select clients [0, 1, 2, 3, 4, 5, 6, 7, 8, 9, 10, 11, 12, 13, 14, 15, 16, 17, 18, 19] at time 54.
2025-04-26 09:04:34,405 asyncbase.py iterate [line:73] INFO Receive new models from clients [7, 4, 1, 12, 11, 10, 15, 9, 13, 0, 6, 14, 19, 17, 16, 8, 2, 5, 3] at time 57
2025-04-26 09:04:34,406 asyncbase.py iterate [line:73] INFO Receive new models from clients [18] at time 58
2025-04-26 09:04:34,826 fedbase.py run [line:318] INFO --------------Round 16--------------
2025-04-26 09:04:34,826 simple_logger.py log_once [line:14] INFO Current_time:58
2025-04-26 09:04:37,587 simple_logger.py log_once [line:28] INFO test_accuracy                 0.4830
2025-04-26 09:04:37,587 simple_logger.py log_once [line:28] INFO test_loss                     1.4060
2025-04-26 09:04:37,587 simple_logger.py log_once [line:28] INFO val_accuracy                  0.4772
2025-04-26 09:04:37,587 simple_logger.py log_once [line:28] INFO mean_val_accuracy             0.4772
2025-04-26 09:04:37,587 simple_logger.py log_once [line:28] INFO std_val_accuracy              0.0247
2025-04-26 09:04:37,587 simple_logger.py log_once [line:28] INFO val_loss                      1.4237
2025-04-26 09:04:37,587 simple_logger.py log_once [line:28] INFO mean_val_loss                 1.4237
2025-04-26 09:04:37,587 simple_logger.py log_once [line:28] INFO std_val_loss                  0.0509
2025-04-26 09:04:37,587 fedbase.py run [line:323] INFO expense           482408080.0
2025-04-26 09:04:37,587 fedbase.py run [line:324] INFO Eval Time Cost:               2.7610s
2025-04-26 09:04:37,588 asyncbase.py iterate [line:68] INFO Select clients [0, 1, 2, 3, 4, 5, 6, 7, 8, 9, 10, 11, 12, 13, 14, 15, 16, 17, 18, 19] at time 59.
2025-04-26 09:05:13,556 asyncbase.py iterate [line:73] INFO Receive new models from clients [19, 11, 10, 9, 4, 13, 16, 12, 3, 1, 5, 2, 8, 6, 15, 0, 7, 17, 18, 14] at time 60
2025-04-26 09:05:17,283 fedbase.py run [line:318] INFO --------------Round 17--------------
2025-04-26 09:05:17,283 simple_logger.py log_once [line:14] INFO Current_time:60
2025-04-26 09:05:20,015 simple_logger.py log_once [line:28] INFO test_accuracy                 0.5289
2025-04-26 09:05:20,015 simple_logger.py log_once [line:28] INFO test_loss                     1.2889
2025-04-26 09:05:20,015 simple_logger.py log_once [line:28] INFO val_accuracy                  0.5146
2025-04-26 09:05:20,015 simple_logger.py log_once [line:28] INFO mean_val_accuracy             0.5146
2025-04-26 09:05:20,015 simple_logger.py log_once [line:28] INFO std_val_accuracy              0.0296
2025-04-26 09:05:20,015 simple_logger.py log_once [line:28] INFO val_loss                      1.3085
2025-04-26 09:05:20,015 simple_logger.py log_once [line:28] INFO mean_val_loss                 1.3085
2025-04-26 09:05:20,015 simple_logger.py log_once [line:28] INFO std_val_loss                  0.0590
2025-04-26 09:05:20,015 fedbase.py run [line:323] INFO expense           538277890.0
2025-04-26 09:05:20,015 fedbase.py run [line:324] INFO Eval Time Cost:               2.7320s
2025-04-26 09:05:20,015 asyncbase.py iterate [line:68] INFO Select clients [0, 1, 2, 3, 4, 5, 6, 7, 8, 9, 10, 11, 12, 13, 14, 15, 16, 17, 18, 19] at time 61.
2025-04-26 09:06:36,436 asyncbase.py iterate [line:73] INFO Receive new models from clients [16, 2, 19, 11, 8, 1, 0, 4, 18, 14, 6, 15, 10, 3] at time 64
2025-04-26 09:06:36,437 asyncbase.py iterate [line:73] INFO Receive new models from clients [12, 17, 9, 7, 13, 5] at time 65
2025-04-26 09:06:36,859 fedbase.py run [line:318] INFO --------------Round 18--------------
2025-04-26 09:06:36,860 simple_logger.py log_once [line:14] INFO Current_time:65
2025-04-26 09:06:39,605 simple_logger.py log_once [line:28] INFO test_accuracy                 0.4915
2025-04-26 09:06:39,605 simple_logger.py log_once [line:28] INFO test_loss                     1.3912
2025-04-26 09:06:39,605 simple_logger.py log_once [line:28] INFO val_accuracy                  0.4738
2025-04-26 09:06:39,605 simple_logger.py log_once [line:28] INFO mean_val_accuracy             0.4738
2025-04-26 09:06:39,605 simple_logger.py log_once [line:28] INFO std_val_accuracy              0.0244
2025-04-26 09:06:39,605 simple_logger.py log_once [line:28] INFO val_loss                      1.4062
2025-04-26 09:06:39,605 simple_logger.py log_once [line:28] INFO mean_val_loss                 1.4062
2025-04-26 09:06:39,605 simple_logger.py log_once [line:28] INFO std_val_loss                  0.0522
2025-04-26 09:06:39,605 fedbase.py run [line:323] INFO expense           542709090.0
2025-04-26 09:06:39,605 fedbase.py run [line:324] INFO Eval Time Cost:               2.7460s
2025-04-26 09:06:39,606 asyncbase.py iterate [line:68] INFO Select clients [0, 1, 2, 3, 4, 5, 6, 7, 8, 9, 10, 11, 12, 13, 14, 15, 16, 17, 18, 19] at time 66.
2025-04-26 09:07:08,565 asyncbase.py iterate [line:73] INFO Receive new models from clients [4, 14, 18, 10, 5, 8, 19, 9, 17, 0, 16, 7, 12, 1, 2, 13, 3, 11, 15, 6] at time 67
2025-04-26 09:07:12,375 fedbase.py run [line:318] INFO --------------Round 19--------------
2025-04-26 09:07:12,376 simple_logger.py log_once [line:14] INFO Current_time:67
2025-04-26 09:07:15,115 simple_logger.py log_once [line:28] INFO test_accuracy                 0.5466
2025-04-26 09:07:15,115 simple_logger.py log_once [line:28] INFO test_loss                     1.2447
2025-04-26 09:07:15,115 simple_logger.py log_once [line:28] INFO val_accuracy                  0.5300
2025-04-26 09:07:15,115 simple_logger.py log_once [line:28] INFO mean_val_accuracy             0.5300
2025-04-26 09:07:15,115 simple_logger.py log_once [line:28] INFO std_val_accuracy              0.0324
2025-04-26 09:07:15,115 simple_logger.py log_once [line:28] INFO val_loss                      1.2648
2025-04-26 09:07:15,115 simple_logger.py log_once [line:28] INFO mean_val_loss                 1.2648
2025-04-26 09:07:15,115 simple_logger.py log_once [line:28] INFO std_val_loss                  0.0591
2025-04-26 09:07:15,115 fedbase.py run [line:323] INFO expense           598578900.0
2025-04-26 09:07:15,115 fedbase.py run [line:324] INFO Eval Time Cost:               2.7394s
2025-04-26 09:07:15,115 asyncbase.py iterate [line:68] INFO Select clients [0, 1, 2, 3, 4, 5, 6, 7, 8, 9, 10, 11, 12, 13, 14, 15, 16, 17, 18, 19] at time 68.
2025-04-26 09:08:31,974 asyncbase.py iterate [line:73] INFO Receive new models from clients [2, 4, 19, 3, 1, 15, 6, 5, 10, 13, 7, 11, 8, 0, 12] at time 71
2025-04-26 09:08:31,974 asyncbase.py iterate [line:73] INFO Receive new models from clients [9, 14, 18, 16, 17] at time 72
2025-04-26 09:08:32,419 fedbase.py run [line:318] INFO --------------Round 20--------------
2025-04-26 09:08:32,420 simple_logger.py log_once [line:14] INFO Current_time:72
2025-04-26 09:08:35,135 simple_logger.py log_once [line:28] INFO test_accuracy                 0.5173
2025-04-26 09:08:35,135 simple_logger.py log_once [line:28] INFO test_loss                     1.3097
2025-04-26 09:08:35,136 simple_logger.py log_once [line:28] INFO val_accuracy                  0.5068
2025-04-26 09:08:35,136 simple_logger.py log_once [line:28] INFO mean_val_accuracy             0.5068
2025-04-26 09:08:35,136 simple_logger.py log_once [line:28] INFO std_val_accuracy              0.0289
2025-04-26 09:08:35,136 simple_logger.py log_once [line:28] INFO val_loss                      1.3285
2025-04-26 09:08:35,136 simple_logger.py log_once [line:28] INFO mean_val_loss                 1.3285
2025-04-26 09:08:35,136 simple_logger.py log_once [line:28] INFO std_val_loss                  0.0584
2025-04-26 09:08:35,136 fedbase.py run [line:323] INFO expense           603010100.0
2025-04-26 09:08:35,136 fedbase.py run [line:324] INFO Eval Time Cost:               2.7158s
2025-04-26 09:08:35,136 asyncbase.py iterate [line:68] INFO Select clients [0, 1, 2, 3, 4, 5, 6, 7, 8, 9, 10, 11, 12, 13, 14, 15, 16, 17, 18, 19] at time 73.
2025-04-26 09:09:46,276 asyncbase.py iterate [line:73] INFO Receive new models from clients [18, 5, 0, 10, 16, 1, 19, 6, 8, 11, 3, 14, 4, 17, 7, 9, 2, 12, 15, 13] at time 74
2025-04-26 09:09:46,700 fedbase.py run [line:318] INFO --------------Round 21--------------
2025-04-26 09:09:46,700 simple_logger.py log_once [line:14] INFO Current_time:74
2025-04-26 09:09:49,441 simple_logger.py log_once [line:28] INFO test_accuracy                 0.5283
2025-04-26 09:09:49,441 simple_logger.py log_once [line:28] INFO test_loss                     1.2945
2025-04-26 09:09:49,441 simple_logger.py log_once [line:28] INFO val_accuracy                  0.5140
2025-04-26 09:09:49,442 simple_logger.py log_once [line:28] INFO mean_val_accuracy             0.5140
2025-04-26 09:09:49,442 simple_logger.py log_once [line:28] INFO std_val_accuracy              0.0265
2025-04-26 09:09:49,442 simple_logger.py log_once [line:28] INFO val_loss                      1.3131
2025-04-26 09:09:49,442 simple_logger.py log_once [line:28] INFO mean_val_loss                 1.3131
2025-04-26 09:09:49,442 simple_logger.py log_once [line:28] INFO std_val_loss                  0.0579
2025-04-26 09:09:49,442 fedbase.py run [line:323] INFO expense           607441300.0
2025-04-26 09:09:49,442 fedbase.py run [line:324] INFO Eval Time Cost:               2.7419s
2025-04-26 09:09:49,442 asyncbase.py iterate [line:68] INFO Select clients [0, 1, 2, 3, 4, 5, 6, 7, 8, 9, 10, 11, 12, 13, 14, 15, 16, 17, 18, 19] at time 75.
2025-04-26 09:10:17,654 asyncbase.py iterate [line:73] INFO Receive new models from clients [8, 6, 17, 5, 2, 14, 11, 1, 12, 13, 7, 3, 9, 10, 16, 0, 4, 19, 18, 15] at time 76
2025-04-26 09:10:21,300 fedbase.py run [line:318] INFO --------------Round 22--------------
2025-04-26 09:10:21,300 simple_logger.py log_once [line:14] INFO Current_time:76
2025-04-26 09:10:24,044 simple_logger.py log_once [line:28] INFO test_accuracy                 0.5624
2025-04-26 09:10:24,045 simple_logger.py log_once [line:28] INFO test_loss                     1.1966
2025-04-26 09:10:24,045 simple_logger.py log_once [line:28] INFO val_accuracy                  0.5548
2025-04-26 09:10:24,045 simple_logger.py log_once [line:28] INFO mean_val_accuracy             0.5548
2025-04-26 09:10:24,045 simple_logger.py log_once [line:28] INFO std_val_accuracy              0.0249
2025-04-26 09:10:24,045 simple_logger.py log_once [line:28] INFO val_loss                      1.2170
2025-04-26 09:10:24,045 simple_logger.py log_once [line:28] INFO mean_val_loss                 1.2170
2025-04-26 09:10:24,045 simple_logger.py log_once [line:28] INFO std_val_loss                  0.0602
2025-04-26 09:10:24,045 fedbase.py run [line:323] INFO expense           663311110.0
2025-04-26 09:10:24,045 fedbase.py run [line:324] INFO Eval Time Cost:               2.7445s
2025-04-26 09:10:24,045 asyncbase.py iterate [line:68] INFO Select clients [0, 1, 2, 3, 4, 5, 6, 7, 8, 9, 10, 11, 12, 13, 14, 15, 16, 17, 18, 19] at time 77.
2025-04-26 09:11:36,580 asyncbase.py iterate [line:73] INFO Receive new models from clients [13, 0, 5, 11, 15, 10, 1, 2, 7, 16, 6, 4, 18, 14] at time 80
2025-04-26 09:11:36,581 asyncbase.py iterate [line:73] INFO Receive new models from clients [17, 19, 8, 12, 9, 3] at time 81
2025-04-26 09:11:37,027 fedbase.py run [line:318] INFO --------------Round 23--------------
2025-04-26 09:11:37,027 simple_logger.py log_once [line:14] INFO Current_time:81
2025-04-26 09:11:39,758 simple_logger.py log_once [line:28] INFO test_accuracy                 0.5527
2025-04-26 09:11:39,758 simple_logger.py log_once [line:28] INFO test_loss                     1.2403
2025-04-26 09:11:39,758 simple_logger.py log_once [line:28] INFO val_accuracy                  0.5382
2025-04-26 09:11:39,758 simple_logger.py log_once [line:28] INFO mean_val_accuracy             0.5382
2025-04-26 09:11:39,758 simple_logger.py log_once [line:28] INFO std_val_accuracy              0.0267
2025-04-26 09:11:39,759 simple_logger.py log_once [line:28] INFO val_loss                      1.2565
2025-04-26 09:11:39,759 simple_logger.py log_once [line:28] INFO mean_val_loss                 1.2565
2025-04-26 09:11:39,759 simple_logger.py log_once [line:28] INFO std_val_loss                  0.0639
2025-04-26 09:11:39,759 fedbase.py run [line:323] INFO expense           667742310.0
2025-04-26 09:11:39,759 fedbase.py run [line:324] INFO Eval Time Cost:               2.7316s
2025-04-26 09:11:39,759 asyncbase.py iterate [line:68] INFO Select clients [0, 1, 2, 3, 4, 5, 6, 7, 8, 9, 10, 11, 12, 13, 14, 15, 16, 17, 18, 19] at time 82.
2025-04-26 09:12:52,987 asyncbase.py iterate [line:73] INFO Receive new models from clients [3, 19, 10, 14, 16, 11, 2, 7, 18, 5, 6, 8, 13, 4, 9, 0, 15, 17, 1, 12] at time 83
2025-04-26 09:12:53,475 fedbase.py run [line:318] INFO --------------Round 24--------------
2025-04-26 09:12:53,475 simple_logger.py log_once [line:14] INFO Current_time:83
2025-04-26 09:12:56,208 simple_logger.py log_once [line:28] INFO test_accuracy                 0.5490
2025-04-26 09:12:56,208 simple_logger.py log_once [line:28] INFO test_loss                     1.2416
2025-04-26 09:12:56,208 simple_logger.py log_once [line:28] INFO val_accuracy                  0.5354
2025-04-26 09:12:56,208 simple_logger.py log_once [line:28] INFO mean_val_accuracy             0.5354
2025-04-26 09:12:56,209 simple_logger.py log_once [line:28] INFO std_val_accuracy              0.0288
2025-04-26 09:12:56,209 simple_logger.py log_once [line:28] INFO val_loss                      1.2594
2025-04-26 09:12:56,209 simple_logger.py log_once [line:28] INFO mean_val_loss                 1.2594
2025-04-26 09:12:56,209 simple_logger.py log_once [line:28] INFO std_val_loss                  0.0646
2025-04-26 09:12:56,209 fedbase.py run [line:323] INFO expense           672173510.0
2025-04-26 09:12:56,209 fedbase.py run [line:324] INFO Eval Time Cost:               2.7334s
2025-04-26 09:12:56,209 asyncbase.py iterate [line:68] INFO Select clients [0, 1, 2, 3, 4, 5, 6, 7, 8, 9, 10, 11, 12, 13, 14, 15, 16, 17, 18, 19] at time 84.
2025-04-26 09:13:32,118 asyncbase.py iterate [line:73] INFO Receive new models from clients [11, 5, 10, 9, 16, 14, 3, 1, 6, 12, 18, 15, 2, 4, 7, 8, 13, 17, 0, 19] at time 85
2025-04-26 09:13:36,203 fedbase.py run [line:318] INFO --------------Round 25--------------
2025-04-26 09:13:36,204 simple_logger.py log_once [line:14] INFO Current_time:85
2025-04-26 09:13:38,919 simple_logger.py log_once [line:28] INFO test_accuracy                 0.5838
2025-04-26 09:13:38,919 simple_logger.py log_once [line:28] INFO test_loss                     1.1494
2025-04-26 09:13:38,919 simple_logger.py log_once [line:28] INFO val_accuracy                  0.5706
2025-04-26 09:13:38,919 simple_logger.py log_once [line:28] INFO mean_val_accuracy             0.5706
2025-04-26 09:13:38,919 simple_logger.py log_once [line:28] INFO std_val_accuracy              0.0257
2025-04-26 09:13:38,919 simple_logger.py log_once [line:28] INFO val_loss                      1.1687
2025-04-26 09:13:38,919 simple_logger.py log_once [line:28] INFO mean_val_loss                 1.1687
2025-04-26 09:13:38,919 simple_logger.py log_once [line:28] INFO std_val_loss                  0.0584
2025-04-26 09:13:38,919 fedbase.py run [line:323] INFO expense           728043320.0
2025-04-26 09:13:38,919 fedbase.py run [line:324] INFO Eval Time Cost:               2.7155s
2025-04-26 09:13:38,920 asyncbase.py iterate [line:68] INFO Select clients [0, 1, 2, 3, 4, 5, 6, 7, 8, 9, 10, 11, 12, 13, 14, 15, 16, 17, 18, 19] at time 86.
2025-04-26 09:14:51,975 asyncbase.py iterate [line:73] INFO Receive new models from clients [14, 4, 7, 18, 16, 0, 5, 9, 15, 10, 12, 8, 13, 3, 2, 19, 17, 1, 6] at time 89
2025-04-26 09:14:51,975 asyncbase.py iterate [line:73] INFO Receive new models from clients [11] at time 90
2025-04-26 09:14:52,396 fedbase.py run [line:318] INFO --------------Round 26--------------
2025-04-26 09:14:52,397 simple_logger.py log_once [line:14] INFO Current_time:90
2025-04-26 09:14:55,125 simple_logger.py log_once [line:28] INFO test_accuracy                 0.5814
2025-04-26 09:14:55,125 simple_logger.py log_once [line:28] INFO test_loss                     1.1706
2025-04-26 09:14:55,125 simple_logger.py log_once [line:28] INFO val_accuracy                  0.5688
2025-04-26 09:14:55,125 simple_logger.py log_once [line:28] INFO mean_val_accuracy             0.5688
2025-04-26 09:14:55,125 simple_logger.py log_once [line:28] INFO std_val_accuracy              0.0252
2025-04-26 09:14:55,125 simple_logger.py log_once [line:28] INFO val_loss                      1.1876
2025-04-26 09:14:55,125 simple_logger.py log_once [line:28] INFO mean_val_loss                 1.1876
2025-04-26 09:14:55,125 simple_logger.py log_once [line:28] INFO std_val_loss                  0.0555
2025-04-26 09:14:55,125 fedbase.py run [line:323] INFO expense           732474520.0
2025-04-26 09:14:55,125 fedbase.py run [line:324] INFO Eval Time Cost:               2.7286s
2025-04-26 09:14:55,125 asyncbase.py iterate [line:68] INFO Select clients [0, 1, 2, 3, 4, 5, 6, 7, 8, 9, 10, 11, 12, 13, 14, 15, 16, 17, 18, 19] at time 91.
2025-04-26 09:16:13,141 asyncbase.py iterate [line:73] INFO Receive new models from clients [7, 0, 4, 11, 6, 13, 16, 17, 3, 15, 14, 19, 8, 1, 10, 18, 12, 5, 9, 2] at time 92
2025-04-26 09:16:13,579 fedbase.py run [line:318] INFO --------------Round 27--------------
2025-04-26 09:16:13,580 simple_logger.py log_once [line:14] INFO Current_time:92
2025-04-26 09:16:16,339 simple_logger.py log_once [line:28] INFO test_accuracy                 0.5723
2025-04-26 09:16:16,339 simple_logger.py log_once [line:28] INFO test_loss                     1.1693
2025-04-26 09:16:16,339 simple_logger.py log_once [line:28] INFO val_accuracy                  0.5640
2025-04-26 09:16:16,339 simple_logger.py log_once [line:28] INFO mean_val_accuracy             0.5640
2025-04-26 09:16:16,339 simple_logger.py log_once [line:28] INFO std_val_accuracy              0.0238
2025-04-26 09:16:16,339 simple_logger.py log_once [line:28] INFO val_loss                      1.1874
2025-04-26 09:16:16,339 simple_logger.py log_once [line:28] INFO mean_val_loss                 1.1874
2025-04-26 09:16:16,339 simple_logger.py log_once [line:28] INFO std_val_loss                  0.0556
2025-04-26 09:16:16,339 fedbase.py run [line:323] INFO expense           736905720.0
2025-04-26 09:16:16,339 fedbase.py run [line:324] INFO Eval Time Cost:               2.7598s
2025-04-26 09:16:16,340 asyncbase.py iterate [line:68] INFO Select clients [0, 1, 2, 3, 4, 5, 6, 7, 8, 9, 10, 11, 12, 13, 14, 15, 16, 17, 18, 19] at time 93.
2025-04-26 09:16:52,093 asyncbase.py iterate [line:73] INFO Receive new models from clients [17, 15, 2, 10, 11, 9, 12, 19, 16, 3, 4, 6, 0, 18, 1, 8, 7, 13, 5, 14] at time 94
2025-04-26 09:16:55,851 fedbase.py run [line:318] INFO --------------Round 28--------------
2025-04-26 09:16:55,851 simple_logger.py log_once [line:14] INFO Current_time:94
2025-04-26 09:16:58,577 simple_logger.py log_once [line:28] INFO test_accuracy                 0.5955
2025-04-26 09:16:58,577 simple_logger.py log_once [line:28] INFO test_loss                     1.1142
2025-04-26 09:16:58,577 simple_logger.py log_once [line:28] INFO val_accuracy                  0.5868
2025-04-26 09:16:58,577 simple_logger.py log_once [line:28] INFO mean_val_accuracy             0.5868
2025-04-26 09:16:58,577 simple_logger.py log_once [line:28] INFO std_val_accuracy              0.0275
2025-04-26 09:16:58,577 simple_logger.py log_once [line:28] INFO val_loss                      1.1336
2025-04-26 09:16:58,577 simple_logger.py log_once [line:28] INFO mean_val_loss                 1.1336
2025-04-26 09:16:58,577 simple_logger.py log_once [line:28] INFO std_val_loss                  0.0566
2025-04-26 09:16:58,577 fedbase.py run [line:323] INFO expense           792775530.0
2025-04-26 09:16:58,577 fedbase.py run [line:324] INFO Eval Time Cost:               2.7257s
2025-04-26 09:16:58,577 asyncbase.py iterate [line:68] INFO Select clients [0, 1, 2, 3, 4, 5, 6, 7, 8, 9, 10, 11, 12, 13, 14, 15, 16, 17, 18, 19] at time 95.
2025-04-26 09:18:13,597 asyncbase.py iterate [line:73] INFO Receive new models from clients [18, 3, 2, 5, 6, 0, 8, 13, 14, 17, 1, 7, 10] at time 98
2025-04-26 09:18:13,598 asyncbase.py iterate [line:73] INFO Receive new models from clients [11, 16, 4, 19, 15, 9, 12] at time 99
2025-04-26 09:18:14,022 fedbase.py run [line:318] INFO --------------Round 29--------------
2025-04-26 09:18:14,023 simple_logger.py log_once [line:14] INFO Current_time:99
2025-04-26 09:18:16,808 simple_logger.py log_once [line:28] INFO test_accuracy                 0.5802
2025-04-26 09:18:16,809 simple_logger.py log_once [line:28] INFO test_loss                     1.1699
2025-04-26 09:18:16,809 simple_logger.py log_once [line:28] INFO val_accuracy                  0.5648
2025-04-26 09:18:16,809 simple_logger.py log_once [line:28] INFO mean_val_accuracy             0.5648
2025-04-26 09:18:16,809 simple_logger.py log_once [line:28] INFO std_val_accuracy              0.0268
2025-04-26 09:18:16,809 simple_logger.py log_once [line:28] INFO val_loss                      1.1865
2025-04-26 09:18:16,809 simple_logger.py log_once [line:28] INFO mean_val_loss                 1.1865
2025-04-26 09:18:16,809 simple_logger.py log_once [line:28] INFO std_val_loss                  0.0628
2025-04-26 09:18:16,809 fedbase.py run [line:323] INFO expense           797206730.0
2025-04-26 09:18:16,809 fedbase.py run [line:324] INFO Eval Time Cost:               2.7862s
2025-04-26 09:18:16,809 asyncbase.py iterate [line:68] INFO Select clients [0, 1, 2, 3, 4, 5, 6, 7, 8, 9, 10, 11, 12, 13, 14, 15, 16, 17, 18, 19] at time 100.
2025-04-26 09:19:29,262 asyncbase.py iterate [line:73] INFO Receive new models from clients [5, 15, 16, 11, 3, 0, 8, 12, 7, 14, 4, 2, 9, 6, 19, 1, 18, 13, 17, 10] at time 101
2025-04-26 09:19:29,685 fedbase.py run [line:318] INFO --------------Round 30--------------
2025-04-26 09:19:29,686 simple_logger.py log_once [line:14] INFO Current_time:101
2025-04-26 09:19:32,451 simple_logger.py log_once [line:28] INFO test_accuracy                 0.5873
2025-04-26 09:19:32,451 simple_logger.py log_once [line:28] INFO test_loss                     1.1426
2025-04-26 09:19:32,451 simple_logger.py log_once [line:28] INFO val_accuracy                  0.5800
2025-04-26 09:19:32,451 simple_logger.py log_once [line:28] INFO mean_val_accuracy             0.5800
2025-04-26 09:19:32,451 simple_logger.py log_once [line:28] INFO std_val_accuracy              0.0289
2025-04-26 09:19:32,451 simple_logger.py log_once [line:28] INFO val_loss                      1.1603
2025-04-26 09:19:32,452 simple_logger.py log_once [line:28] INFO mean_val_loss                 1.1603
2025-04-26 09:19:32,452 simple_logger.py log_once [line:28] INFO std_val_loss                  0.0604
2025-04-26 09:19:32,452 fedbase.py run [line:323] INFO expense           801637930.0
2025-04-26 09:19:32,452 fedbase.py run [line:324] INFO Eval Time Cost:               2.7655s
2025-04-26 09:19:32,452 asyncbase.py iterate [line:68] INFO Select clients [0, 1, 2, 3, 4, 5, 6, 7, 8, 9, 10, 11, 12, 13, 14, 15, 16, 17, 18, 19] at time 102.
2025-04-26 09:20:00,595 asyncbase.py iterate [line:73] INFO Receive new models from clients [9, 3, 6, 17, 2, 15, 4, 13, 8, 11, 7, 18, 19, 12, 10, 14, 0, 1, 16, 5] at time 103
2025-04-26 09:20:04,000 fedbase.py run [line:318] INFO --------------Round 31--------------
2025-04-26 09:20:04,000 simple_logger.py log_once [line:14] INFO Current_time:103
2025-04-26 09:20:06,738 simple_logger.py log_once [line:28] INFO test_accuracy                 0.5984
2025-04-26 09:20:06,738 simple_logger.py log_once [line:28] INFO test_loss                     1.1031
2025-04-26 09:20:06,738 simple_logger.py log_once [line:28] INFO val_accuracy                  0.5934
2025-04-26 09:20:06,738 simple_logger.py log_once [line:28] INFO mean_val_accuracy             0.5934
2025-04-26 09:20:06,739 simple_logger.py log_once [line:28] INFO std_val_accuracy              0.0247
2025-04-26 09:20:06,739 simple_logger.py log_once [line:28] INFO val_loss                      1.1184
2025-04-26 09:20:06,739 simple_logger.py log_once [line:28] INFO mean_val_loss                 1.1184
2025-04-26 09:20:06,739 simple_logger.py log_once [line:28] INFO std_val_loss                  0.0620
2025-04-26 09:20:06,739 fedbase.py run [line:323] INFO expense           857507740.0
2025-04-26 09:20:06,739 fedbase.py run [line:324] INFO Eval Time Cost:               2.7385s
2025-04-26 09:20:06,739 asyncbase.py iterate [line:68] INFO Select clients [0, 1, 2, 3, 4, 5, 6, 7, 8, 9, 10, 11, 12, 13, 14, 15, 16, 17, 18, 19] at time 104.
2025-04-26 09:21:20,313 asyncbase.py iterate [line:73] INFO Receive new models from clients [18, 3, 4, 6, 8, 5, 13, 9, 0, 12, 2, 11, 19, 16, 15] at time 107
2025-04-26 09:21:20,313 asyncbase.py iterate [line:73] INFO Receive new models from clients [7, 17, 14, 10, 1] at time 108
2025-04-26 09:21:20,738 fedbase.py run [line:318] INFO --------------Round 32--------------
2025-04-26 09:21:20,739 simple_logger.py log_once [line:14] INFO Current_time:108
2025-04-26 09:21:23,499 simple_logger.py log_once [line:28] INFO test_accuracy                 0.5814
2025-04-26 09:21:23,499 simple_logger.py log_once [line:28] INFO test_loss                     1.1512
2025-04-26 09:21:23,499 simple_logger.py log_once [line:28] INFO val_accuracy                  0.5762
2025-04-26 09:21:23,499 simple_logger.py log_once [line:28] INFO mean_val_accuracy             0.5762
2025-04-26 09:21:23,499 simple_logger.py log_once [line:28] INFO std_val_accuracy              0.0269
2025-04-26 09:21:23,499 simple_logger.py log_once [line:28] INFO val_loss                      1.1662
2025-04-26 09:21:23,499 simple_logger.py log_once [line:28] INFO mean_val_loss                 1.1662
2025-04-26 09:21:23,499 simple_logger.py log_once [line:28] INFO std_val_loss                  0.0696
2025-04-26 09:21:23,499 fedbase.py run [line:323] INFO expense           861938940.0
2025-04-26 09:21:23,500 fedbase.py run [line:324] INFO Eval Time Cost:               2.7610s
2025-04-26 09:21:23,500 asyncbase.py iterate [line:68] INFO Select clients [0, 1, 2, 3, 4, 5, 6, 7, 8, 9, 10, 11, 12, 13, 14, 15, 16, 17, 18, 19] at time 109.
2025-04-26 09:22:38,083 asyncbase.py iterate [line:73] INFO Receive new models from clients [3, 5, 11, 4, 0, 7, 14, 19, 8, 10, 2, 17, 12, 16, 6, 15, 9, 1, 13, 18] at time 110
2025-04-26 09:22:38,504 fedbase.py run [line:318] INFO --------------Round 33--------------
2025-04-26 09:22:38,505 simple_logger.py log_once [line:14] INFO Current_time:110
2025-04-26 09:22:41,247 simple_logger.py log_once [line:28] INFO test_accuracy                 0.5784
2025-04-26 09:22:41,247 simple_logger.py log_once [line:28] INFO test_loss                     1.1604
2025-04-26 09:22:41,248 simple_logger.py log_once [line:28] INFO val_accuracy                  0.5680
2025-04-26 09:22:41,248 simple_logger.py log_once [line:28] INFO mean_val_accuracy             0.5680
2025-04-26 09:22:41,248 simple_logger.py log_once [line:28] INFO std_val_accuracy              0.0314
2025-04-26 09:22:41,248 simple_logger.py log_once [line:28] INFO val_loss                      1.1712
2025-04-26 09:22:41,248 simple_logger.py log_once [line:28] INFO mean_val_loss                 1.1712
2025-04-26 09:22:41,248 simple_logger.py log_once [line:28] INFO std_val_loss                  0.0635
2025-04-26 09:22:41,248 fedbase.py run [line:323] INFO expense           866370140.0
2025-04-26 09:22:41,248 fedbase.py run [line:324] INFO Eval Time Cost:               2.7429s
2025-04-26 09:22:41,248 asyncbase.py iterate [line:68] INFO Select clients [0, 1, 2, 3, 4, 5, 6, 7, 8, 9, 10, 11, 12, 13, 14, 15, 16, 17, 18, 19] at time 111.
2025-04-26 09:23:09,583 asyncbase.py iterate [line:73] INFO Receive new models from clients [1, 4, 8, 12, 14, 9, 5, 7, 18, 0, 11, 16, 10, 13, 17, 6, 2, 15, 3, 19] at time 112
2025-04-26 09:23:12,966 fedbase.py run [line:318] INFO --------------Round 34--------------
2025-04-26 09:23:12,966 simple_logger.py log_once [line:14] INFO Current_time:112
2025-04-26 09:23:15,729 simple_logger.py log_once [line:28] INFO test_accuracy                 0.6225
2025-04-26 09:23:15,729 simple_logger.py log_once [line:28] INFO test_loss                     1.0529
2025-04-26 09:23:15,729 simple_logger.py log_once [line:28] INFO val_accuracy                  0.6118
2025-04-26 09:23:15,729 simple_logger.py log_once [line:28] INFO mean_val_accuracy             0.6118
2025-04-26 09:23:15,730 simple_logger.py log_once [line:28] INFO std_val_accuracy              0.0271
2025-04-26 09:23:15,730 simple_logger.py log_once [line:28] INFO val_loss                      1.0695
2025-04-26 09:23:15,730 simple_logger.py log_once [line:28] INFO mean_val_loss                 1.0695
2025-04-26 09:23:15,730 simple_logger.py log_once [line:28] INFO std_val_loss                  0.0579
2025-04-26 09:23:15,730 fedbase.py run [line:323] INFO expense           922239950.0
2025-04-26 09:23:15,730 fedbase.py run [line:324] INFO Eval Time Cost:               2.7635s
2025-04-26 09:23:15,730 asyncbase.py iterate [line:68] INFO Select clients [0, 1, 2, 3, 4, 5, 6, 7, 8, 9, 10, 11, 12, 13, 14, 15, 16, 17, 18, 19] at time 113.
2025-04-26 09:24:31,125 asyncbase.py iterate [line:73] INFO Receive new models from clients [3, 11, 12, 16, 13, 1, 14, 8, 15, 4, 10, 6, 5, 7, 0, 9] at time 116
2025-04-26 09:24:31,125 asyncbase.py iterate [line:73] INFO Receive new models from clients [18, 17, 19, 2] at time 117
2025-04-26 09:24:31,551 fedbase.py run [line:318] INFO --------------Round 35--------------
2025-04-26 09:24:31,552 simple_logger.py log_once [line:14] INFO Current_time:117
2025-04-26 09:24:34,285 simple_logger.py log_once [line:28] INFO test_accuracy                 0.6034
2025-04-26 09:24:34,286 simple_logger.py log_once [line:28] INFO test_loss                     1.1075
2025-04-26 09:24:34,286 simple_logger.py log_once [line:28] INFO val_accuracy                  0.5914
2025-04-26 09:24:34,286 simple_logger.py log_once [line:28] INFO mean_val_accuracy             0.5914
2025-04-26 09:24:34,286 simple_logger.py log_once [line:28] INFO std_val_accuracy              0.0325
2025-04-26 09:24:34,286 simple_logger.py log_once [line:28] INFO val_loss                      1.1221
2025-04-26 09:24:34,286 simple_logger.py log_once [line:28] INFO mean_val_loss                 1.1221
2025-04-26 09:24:34,286 simple_logger.py log_once [line:28] INFO std_val_loss                  0.0646
2025-04-26 09:24:34,286 fedbase.py run [line:323] INFO expense           926671150.0
2025-04-26 09:24:34,286 fedbase.py run [line:324] INFO Eval Time Cost:               2.7345s
2025-04-26 09:24:34,286 asyncbase.py iterate [line:68] INFO Select clients [0, 1, 2, 3, 4, 5, 6, 7, 8, 9, 10, 11, 12, 13, 14, 15, 16, 17, 18, 19] at time 118.
2025-04-26 09:25:48,128 asyncbase.py iterate [line:73] INFO Receive new models from clients [17, 13, 3, 11, 0, 9, 15, 10, 5, 6, 18, 12, 1, 7, 16, 8, 19, 2, 14, 4] at time 119
2025-04-26 09:25:48,553 fedbase.py run [line:318] INFO --------------Round 36--------------
2025-04-26 09:25:48,553 simple_logger.py log_once [line:14] INFO Current_time:119
2025-04-26 09:25:51,298 simple_logger.py log_once [line:28] INFO test_accuracy                 0.5956
2025-04-26 09:25:51,299 simple_logger.py log_once [line:28] INFO test_loss                     1.1248
2025-04-26 09:25:51,299 simple_logger.py log_once [line:28] INFO val_accuracy                  0.5850
2025-04-26 09:25:51,299 simple_logger.py log_once [line:28] INFO mean_val_accuracy             0.5850
2025-04-26 09:25:51,299 simple_logger.py log_once [line:28] INFO std_val_accuracy              0.0296
2025-04-26 09:25:51,299 simple_logger.py log_once [line:28] INFO val_loss                      1.1384
2025-04-26 09:25:51,299 simple_logger.py log_once [line:28] INFO mean_val_loss                 1.1384
2025-04-26 09:25:51,299 simple_logger.py log_once [line:28] INFO std_val_loss                  0.0648
2025-04-26 09:25:51,299 fedbase.py run [line:323] INFO expense           931102350.0
2025-04-26 09:25:51,299 fedbase.py run [line:324] INFO Eval Time Cost:               2.7458s
2025-04-26 09:25:51,299 asyncbase.py iterate [line:68] INFO Select clients [0, 1, 2, 3, 4, 5, 6, 7, 8, 9, 10, 11, 12, 13, 14, 15, 16, 17, 18, 19] at time 120.
2025-04-26 09:27:05,455 asyncbase.py iterate [line:73] INFO Receive new models from clients [18, 7, 4, 16, 3, 0, 2, 19, 15, 9, 1, 12, 10, 13, 6, 14, 5, 11, 17, 8] at time 121
2025-04-26 09:27:05,882 fedbase.py run [line:318] INFO --------------Round 37--------------
2025-04-26 09:27:05,882 simple_logger.py log_once [line:14] INFO Current_time:121
2025-04-26 09:27:08,641 simple_logger.py log_once [line:28] INFO test_accuracy                 0.6126
2025-04-26 09:27:08,641 simple_logger.py log_once [line:28] INFO test_loss                     1.0793
2025-04-26 09:27:08,641 simple_logger.py log_once [line:28] INFO val_accuracy                  0.6048
2025-04-26 09:27:08,641 simple_logger.py log_once [line:28] INFO mean_val_accuracy             0.6048
2025-04-26 09:27:08,641 simple_logger.py log_once [line:28] INFO std_val_accuracy              0.0264
2025-04-26 09:27:08,642 simple_logger.py log_once [line:28] INFO val_loss                      1.0946
2025-04-26 09:27:08,642 simple_logger.py log_once [line:28] INFO mean_val_loss                 1.0946
2025-04-26 09:27:08,642 simple_logger.py log_once [line:28] INFO std_val_loss                  0.0627
2025-04-26 09:27:08,642 fedbase.py run [line:323] INFO expense           935533550.0
2025-04-26 09:27:08,642 fedbase.py run [line:324] INFO Eval Time Cost:               2.7593s
2025-04-26 09:27:08,642 asyncbase.py iterate [line:68] INFO Select clients [0, 1, 2, 3, 4, 5, 6, 7, 8, 9, 10, 11, 12, 13, 14, 15, 16, 17, 18, 19] at time 122.
2025-04-26 09:27:44,152 asyncbase.py iterate [line:73] INFO Receive new models from clients [1, 18, 13, 9, 7, 19, 4, 5, 14, 2, 3, 0, 15, 10, 16, 6, 11, 8, 17, 12] at time 123
2025-04-26 09:27:47,717 fedbase.py run [line:318] INFO --------------Round 38--------------
2025-04-26 09:27:47,717 simple_logger.py log_once [line:14] INFO Current_time:123
2025-04-26 09:27:50,445 simple_logger.py log_once [line:28] INFO test_accuracy                 0.6256
2025-04-26 09:27:50,445 simple_logger.py log_once [line:28] INFO test_loss                     1.0348
2025-04-26 09:27:50,445 simple_logger.py log_once [line:28] INFO val_accuracy                  0.6206
2025-04-26 09:27:50,445 simple_logger.py log_once [line:28] INFO mean_val_accuracy             0.6206
2025-04-26 09:27:50,445 simple_logger.py log_once [line:28] INFO std_val_accuracy              0.0287
2025-04-26 09:27:50,445 simple_logger.py log_once [line:28] INFO val_loss                      1.0489
2025-04-26 09:27:50,446 simple_logger.py log_once [line:28] INFO mean_val_loss                 1.0489
2025-04-26 09:27:50,446 simple_logger.py log_once [line:28] INFO std_val_loss                  0.0529
2025-04-26 09:27:50,446 fedbase.py run [line:323] INFO expense           991403360.0
2025-04-26 09:27:50,446 fedbase.py run [line:324] INFO Eval Time Cost:               2.7285s
2025-04-26 09:27:50,446 asyncbase.py iterate [line:68] INFO Select clients [0, 1, 2, 3, 4, 5, 6, 7, 8, 9, 10, 11, 12, 13, 14, 15, 16, 17, 18, 19] at time 124.
2025-04-26 09:29:02,837 asyncbase.py iterate [line:73] INFO Receive new models from clients [2, 17, 7, 4, 19, 6, 0, 16, 18, 13, 8, 1, 9, 11, 10, 15, 3] at time 127
2025-04-26 09:29:02,837 asyncbase.py iterate [line:73] INFO Receive new models from clients [12, 14, 5] at time 128
2025-04-26 09:29:03,282 fedbase.py run [line:318] INFO --------------Round 39--------------
2025-04-26 09:29:03,282 simple_logger.py log_once [line:14] INFO Current_time:128
2025-04-26 09:29:06,109 simple_logger.py log_once [line:28] INFO test_accuracy                 0.6224
2025-04-26 09:29:06,109 simple_logger.py log_once [line:28] INFO test_loss                     1.0446
2025-04-26 09:29:06,109 simple_logger.py log_once [line:28] INFO val_accuracy                  0.6188
2025-04-26 09:29:06,109 simple_logger.py log_once [line:28] INFO mean_val_accuracy             0.6188
2025-04-26 09:29:06,109 simple_logger.py log_once [line:28] INFO std_val_accuracy              0.0269
2025-04-26 09:29:06,109 simple_logger.py log_once [line:28] INFO val_loss                      1.0586
2025-04-26 09:29:06,109 simple_logger.py log_once [line:28] INFO mean_val_loss                 1.0586
2025-04-26 09:29:06,109 simple_logger.py log_once [line:28] INFO std_val_loss                  0.0570
2025-04-26 09:29:06,109 fedbase.py run [line:323] INFO expense           995834560.0
2025-04-26 09:29:06,109 fedbase.py run [line:324] INFO Eval Time Cost:               2.8270s
2025-04-26 09:29:06,109 asyncbase.py iterate [line:68] INFO Select clients [0, 1, 2, 3, 4, 5, 6, 7, 8, 9, 10, 11, 12, 13, 14, 15, 16, 17, 18, 19] at time 129.
2025-04-26 09:30:21,054 asyncbase.py iterate [line:73] INFO Receive new models from clients [8, 17, 2, 12, 6, 4, 15, 7, 18, 11, 19, 13, 3, 16, 10, 5, 14, 9, 0, 1] at time 130
2025-04-26 09:30:21,478 fedbase.py run [line:318] INFO --------------Round 40--------------
2025-04-26 09:30:21,479 simple_logger.py log_once [line:14] INFO Current_time:130
2025-04-26 09:30:24,219 simple_logger.py log_once [line:28] INFO test_accuracy                 0.6191
2025-04-26 09:30:24,219 simple_logger.py log_once [line:28] INFO test_loss                     1.0571
2025-04-26 09:30:24,219 simple_logger.py log_once [line:28] INFO val_accuracy                  0.6140
2025-04-26 09:30:24,219 simple_logger.py log_once [line:28] INFO mean_val_accuracy             0.6140
2025-04-26 09:30:24,219 simple_logger.py log_once [line:28] INFO std_val_accuracy              0.0259
2025-04-26 09:30:24,219 simple_logger.py log_once [line:28] INFO val_loss                      1.0679
2025-04-26 09:30:24,219 simple_logger.py log_once [line:28] INFO mean_val_loss                 1.0679
2025-04-26 09:30:24,219 simple_logger.py log_once [line:28] INFO std_val_loss                  0.0553
2025-04-26 09:30:24,219 fedbase.py run [line:323] INFO expense           1000265760.0
2025-04-26 09:30:24,219 fedbase.py run [line:324] INFO Eval Time Cost:               2.7402s
2025-04-26 09:30:24,219 asyncbase.py iterate [line:68] INFO Select clients [0, 1, 2, 3, 4, 5, 6, 7, 8, 9, 10, 11, 12, 13, 14, 15, 16, 17, 18, 19] at time 131.
2025-04-26 09:31:36,767 asyncbase.py iterate [line:73] INFO Receive new models from clients [2, 18, 14, 19, 15, 16, 7, 17, 4, 1, 12, 0, 13, 10, 6, 8, 9, 3, 11, 5] at time 132
2025-04-26 09:31:37,400 fedbase.py run [line:318] INFO --------------Round 41--------------
2025-04-26 09:31:37,401 simple_logger.py log_once [line:14] INFO Current_time:132
2025-04-26 09:31:40,358 simple_logger.py log_once [line:28] INFO test_accuracy                 0.6176
2025-04-26 09:31:40,358 simple_logger.py log_once [line:28] INFO test_loss                     1.0614
2025-04-26 09:31:40,358 simple_logger.py log_once [line:28] INFO val_accuracy                  0.6148
2025-04-26 09:31:40,358 simple_logger.py log_once [line:28] INFO mean_val_accuracy             0.6148
2025-04-26 09:31:40,358 simple_logger.py log_once [line:28] INFO std_val_accuracy              0.0251
2025-04-26 09:31:40,358 simple_logger.py log_once [line:28] INFO val_loss                      1.0708
2025-04-26 09:31:40,358 simple_logger.py log_once [line:28] INFO mean_val_loss                 1.0708
2025-04-26 09:31:40,358 simple_logger.py log_once [line:28] INFO std_val_loss                  0.0617
2025-04-26 09:31:40,358 fedbase.py run [line:323] INFO expense           1004696960.0
2025-04-26 09:31:40,358 fedbase.py run [line:324] INFO Eval Time Cost:               2.9573s
2025-04-26 09:31:40,359 asyncbase.py iterate [line:68] INFO Select clients [0, 1, 2, 3, 4, 5, 6, 7, 8, 9, 10, 11, 12, 13, 14, 15, 16, 17, 18, 19] at time 133.
2025-04-26 09:32:13,420 asyncbase.py iterate [line:73] INFO Receive new models from clients [8, 9, 19, 15, 6, 17, 0, 2, 12, 10, 7, 14, 5, 4, 1, 16, 3, 11, 18, 13] at time 134
2025-04-26 09:32:17,466 fedbase.py run [line:318] INFO --------------Round 42--------------
2025-04-26 09:32:17,467 simple_logger.py log_once [line:14] INFO Current_time:134
2025-04-26 09:32:20,218 simple_logger.py log_once [line:28] INFO test_accuracy                 0.6382
2025-04-26 09:32:20,218 simple_logger.py log_once [line:28] INFO test_loss                     0.9976
2025-04-26 09:32:20,219 simple_logger.py log_once [line:28] INFO val_accuracy                  0.6350
2025-04-26 09:32:20,219 simple_logger.py log_once [line:28] INFO mean_val_accuracy             0.6350
2025-04-26 09:32:20,219 simple_logger.py log_once [line:28] INFO std_val_accuracy              0.0227
2025-04-26 09:32:20,219 simple_logger.py log_once [line:28] INFO val_loss                      1.0178
2025-04-26 09:32:20,219 simple_logger.py log_once [line:28] INFO mean_val_loss                 1.0178
2025-04-26 09:32:20,219 simple_logger.py log_once [line:28] INFO std_val_loss                  0.0563
2025-04-26 09:32:20,219 fedbase.py run [line:323] INFO expense           1060566770.0
2025-04-26 09:32:20,219 fedbase.py run [line:324] INFO Eval Time Cost:               2.7520s
2025-04-26 09:32:20,219 asyncbase.py iterate [line:68] INFO Select clients [0, 1, 2, 3, 4, 5, 6, 7, 8, 9, 10, 11, 12, 13, 14, 15, 16, 17, 18, 19] at time 135.
2025-04-26 09:33:33,486 asyncbase.py iterate [line:73] INFO Receive new models from clients [0, 13, 18, 17, 8, 16, 9, 19, 14, 11, 12, 4, 1, 5, 2] at time 138
2025-04-26 09:33:33,487 asyncbase.py iterate [line:73] INFO Receive new models from clients [10, 6, 3, 7, 15] at time 139
2025-04-26 09:33:33,904 fedbase.py run [line:318] INFO --------------Round 43--------------
2025-04-26 09:33:33,905 simple_logger.py log_once [line:14] INFO Current_time:139
2025-04-26 09:33:36,649 simple_logger.py log_once [line:28] INFO test_accuracy                 0.6406
2025-04-26 09:33:36,649 simple_logger.py log_once [line:28] INFO test_loss                     1.0006
2025-04-26 09:33:36,649 simple_logger.py log_once [line:28] INFO val_accuracy                  0.6382
2025-04-26 09:33:36,649 simple_logger.py log_once [line:28] INFO mean_val_accuracy             0.6382
2025-04-26 09:33:36,650 simple_logger.py log_once [line:28] INFO std_val_accuracy              0.0265
2025-04-26 09:33:36,650 simple_logger.py log_once [line:28] INFO val_loss                      1.0198
2025-04-26 09:33:36,650 simple_logger.py log_once [line:28] INFO mean_val_loss                 1.0198
2025-04-26 09:33:36,650 simple_logger.py log_once [line:28] INFO std_val_loss                  0.0599
2025-04-26 09:33:36,650 fedbase.py run [line:323] INFO expense           1064997970.0
2025-04-26 09:33:36,650 fedbase.py run [line:324] INFO Eval Time Cost:               2.7452s
2025-04-26 09:33:36,650 asyncbase.py iterate [line:68] INFO Select clients [0, 1, 2, 3, 4, 5, 6, 7, 8, 9, 10, 11, 12, 13, 14, 15, 16, 17, 18, 19] at time 140.
2025-04-26 09:34:51,341 asyncbase.py iterate [line:73] INFO Receive new models from clients [19, 1, 6, 8, 16, 2, 12, 4, 11, 10, 5, 18, 15, 0, 14, 13, 9, 7, 3, 17] at time 141
2025-04-26 09:34:51,763 fedbase.py run [line:318] INFO --------------Round 44--------------
2025-04-26 09:34:51,763 simple_logger.py log_once [line:14] INFO Current_time:141
2025-04-26 09:34:54,493 simple_logger.py log_once [line:28] INFO test_accuracy                 0.6438
2025-04-26 09:34:54,494 simple_logger.py log_once [line:28] INFO test_loss                     1.0029
2025-04-26 09:34:54,494 simple_logger.py log_once [line:28] INFO val_accuracy                  0.6370
2025-04-26 09:34:54,494 simple_logger.py log_once [line:28] INFO mean_val_accuracy             0.6370
2025-04-26 09:34:54,494 simple_logger.py log_once [line:28] INFO std_val_accuracy              0.0233
2025-04-26 09:34:54,494 simple_logger.py log_once [line:28] INFO val_loss                      1.0225
2025-04-26 09:34:54,494 simple_logger.py log_once [line:28] INFO mean_val_loss                 1.0225
2025-04-26 09:34:54,494 simple_logger.py log_once [line:28] INFO std_val_loss                  0.0601
2025-04-26 09:34:54,494 fedbase.py run [line:323] INFO expense           1069429170.0
2025-04-26 09:34:54,494 fedbase.py run [line:324] INFO Eval Time Cost:               2.7307s
2025-04-26 09:34:54,494 asyncbase.py iterate [line:68] INFO Select clients [0, 1, 2, 3, 4, 5, 6, 7, 8, 9, 10, 11, 12, 13, 14, 15, 16, 17, 18, 19] at time 142.
2025-04-26 09:36:11,081 asyncbase.py iterate [line:73] INFO Receive new models from clients [17, 2, 15, 11, 16, 18, 1, 12, 10, 5, 19, 9, 8, 0, 3, 6, 13, 4, 14, 7] at time 143
2025-04-26 09:36:11,504 fedbase.py run [line:318] INFO --------------Round 45--------------
2025-04-26 09:36:11,505 simple_logger.py log_once [line:14] INFO Current_time:143
2025-04-26 09:36:14,244 simple_logger.py log_once [line:28] INFO test_accuracy                 0.6416
2025-04-26 09:36:14,244 simple_logger.py log_once [line:28] INFO test_loss                     0.9932
2025-04-26 09:36:14,244 simple_logger.py log_once [line:28] INFO val_accuracy                  0.6392
2025-04-26 09:36:14,244 simple_logger.py log_once [line:28] INFO mean_val_accuracy             0.6392
2025-04-26 09:36:14,244 simple_logger.py log_once [line:28] INFO std_val_accuracy              0.0268
2025-04-26 09:36:14,244 simple_logger.py log_once [line:28] INFO val_loss                      1.0134
2025-04-26 09:36:14,244 simple_logger.py log_once [line:28] INFO mean_val_loss                 1.0134
2025-04-26 09:36:14,244 simple_logger.py log_once [line:28] INFO std_val_loss                  0.0586
2025-04-26 09:36:14,244 fedbase.py run [line:323] INFO expense           1073860370.0
2025-04-26 09:36:14,244 fedbase.py run [line:324] INFO Eval Time Cost:               2.7394s
2025-04-26 09:36:14,244 asyncbase.py iterate [line:68] INFO Select clients [0, 1, 2, 3, 4, 5, 6, 7, 8, 9, 10, 11, 12, 13, 14, 15, 16, 17, 18, 19] at time 144.
2025-04-26 09:36:45,946 asyncbase.py iterate [line:73] INFO Receive new models from clients [15, 10, 7, 14, 16, 1, 0, 12, 4, 3, 8, 9, 2, 5, 17, 18, 6, 13, 11, 19] at time 145
2025-04-26 09:36:49,905 fedbase.py run [line:318] INFO --------------Round 46--------------
2025-04-26 09:36:49,906 simple_logger.py log_once [line:14] INFO Current_time:145
2025-04-26 09:36:52,642 simple_logger.py log_once [line:28] INFO test_accuracy                 0.6535
2025-04-26 09:36:52,642 simple_logger.py log_once [line:28] INFO test_loss                     0.9622
2025-04-26 09:36:52,642 simple_logger.py log_once [line:28] INFO val_accuracy                  0.6454
2025-04-26 09:36:52,643 simple_logger.py log_once [line:28] INFO mean_val_accuracy             0.6454
2025-04-26 09:36:52,643 simple_logger.py log_once [line:28] INFO std_val_accuracy              0.0238
2025-04-26 09:36:52,643 simple_logger.py log_once [line:28] INFO val_loss                      0.9814
2025-04-26 09:36:52,643 simple_logger.py log_once [line:28] INFO mean_val_loss                 0.9814
2025-04-26 09:36:52,643 simple_logger.py log_once [line:28] INFO std_val_loss                  0.0548
2025-04-26 09:36:52,643 fedbase.py run [line:323] INFO expense           1129730180.0
2025-04-26 09:36:52,643 fedbase.py run [line:324] INFO Eval Time Cost:               2.7370s
2025-04-26 09:36:52,643 asyncbase.py iterate [line:68] INFO Select clients [0, 1, 2, 3, 4, 5, 6, 7, 8, 9, 10, 11, 12, 13, 14, 15, 16, 17, 18, 19] at time 146.
2025-04-26 09:38:07,950 asyncbase.py iterate [line:73] INFO Receive new models from clients [6, 5, 10, 4, 9, 8, 17, 16, 14, 3, 11, 1, 7, 19, 2, 18] at time 149
2025-04-26 09:38:07,950 asyncbase.py iterate [line:73] INFO Receive new models from clients [0, 15, 12, 13] at time 150
2025-04-26 09:38:08,374 fedbase.py run [line:318] INFO --------------Round 47--------------
2025-04-26 09:38:08,375 simple_logger.py log_once [line:14] INFO Current_time:150
2025-04-26 09:38:11,127 simple_logger.py log_once [line:28] INFO test_accuracy                 0.6507
2025-04-26 09:38:11,127 simple_logger.py log_once [line:28] INFO test_loss                     0.9679
2025-04-26 09:38:11,127 simple_logger.py log_once [line:28] INFO val_accuracy                  0.6394
2025-04-26 09:38:11,128 simple_logger.py log_once [line:28] INFO mean_val_accuracy             0.6394
2025-04-26 09:38:11,128 simple_logger.py log_once [line:28] INFO std_val_accuracy              0.0267
2025-04-26 09:38:11,128 simple_logger.py log_once [line:28] INFO val_loss                      0.9893
2025-04-26 09:38:11,128 simple_logger.py log_once [line:28] INFO mean_val_loss                 0.9893
2025-04-26 09:38:11,128 simple_logger.py log_once [line:28] INFO std_val_loss                  0.0569
2025-04-26 09:38:11,128 fedbase.py run [line:323] INFO expense           1134161380.0
2025-04-26 09:38:11,128 fedbase.py run [line:324] INFO Eval Time Cost:               2.7528s
2025-04-26 09:38:11,128 asyncbase.py iterate [line:68] INFO Select clients [0, 1, 2, 3, 4, 5, 6, 7, 8, 9, 10, 11, 12, 13, 14, 15, 16, 17, 18, 19] at time 151.
2025-04-26 09:39:25,273 asyncbase.py iterate [line:73] INFO Receive new models from clients [9, 10, 7, 15, 11, 14, 8, 6, 19, 4, 18, 5, 13, 16, 0, 3, 2, 17, 12, 1] at time 152
2025-04-26 09:39:25,761 fedbase.py run [line:318] INFO --------------Round 48--------------
2025-04-26 09:39:25,762 simple_logger.py log_once [line:14] INFO Current_time:152
2025-04-26 09:39:28,665 simple_logger.py log_once [line:28] INFO test_accuracy                 0.6508
2025-04-26 09:39:28,665 simple_logger.py log_once [line:28] INFO test_loss                     0.9731
2025-04-26 09:39:28,665 simple_logger.py log_once [line:28] INFO val_accuracy                  0.6422
2025-04-26 09:39:28,665 simple_logger.py log_once [line:28] INFO mean_val_accuracy             0.6422
2025-04-26 09:39:28,665 simple_logger.py log_once [line:28] INFO std_val_accuracy              0.0263
2025-04-26 09:39:28,665 simple_logger.py log_once [line:28] INFO val_loss                      0.9922
2025-04-26 09:39:28,665 simple_logger.py log_once [line:28] INFO mean_val_loss                 0.9922
2025-04-26 09:39:28,665 simple_logger.py log_once [line:28] INFO std_val_loss                  0.0586
2025-04-26 09:39:28,665 fedbase.py run [line:323] INFO expense           1138592580.0
2025-04-26 09:39:28,665 fedbase.py run [line:324] INFO Eval Time Cost:               2.9037s
2025-04-26 09:39:28,666 asyncbase.py iterate [line:68] INFO Select clients [0, 1, 2, 3, 4, 5, 6, 7, 8, 9, 10, 11, 12, 13, 14, 15, 16, 17, 18, 19] at time 153.
2025-04-26 09:40:50,205 asyncbase.py iterate [line:73] INFO Receive new models from clients [3, 16, 10, 17, 7, 8, 11, 2, 5, 14, 19, 6, 9, 18, 4, 0, 15, 13, 1, 12] at time 154
2025-04-26 09:40:50,643 fedbase.py run [line:318] INFO --------------Round 49--------------
2025-04-26 09:40:50,643 simple_logger.py log_once [line:14] INFO Current_time:154
2025-04-26 09:40:53,512 simple_logger.py log_once [line:28] INFO test_accuracy                 0.6558
2025-04-26 09:40:53,512 simple_logger.py log_once [line:28] INFO test_loss                     0.9665
2025-04-26 09:40:53,512 simple_logger.py log_once [line:28] INFO val_accuracy                  0.6504
2025-04-26 09:40:53,512 simple_logger.py log_once [line:28] INFO mean_val_accuracy             0.6504
2025-04-26 09:40:53,512 simple_logger.py log_once [line:28] INFO std_val_accuracy              0.0261
2025-04-26 09:40:53,512 simple_logger.py log_once [line:28] INFO val_loss                      0.9844
2025-04-26 09:40:53,513 simple_logger.py log_once [line:28] INFO mean_val_loss                 0.9844
2025-04-26 09:40:53,513 simple_logger.py log_once [line:28] INFO std_val_loss                  0.0577
2025-04-26 09:40:53,513 fedbase.py run [line:323] INFO expense           1143023780.0
2025-04-26 09:40:53,513 fedbase.py run [line:324] INFO Eval Time Cost:               2.8695s
2025-04-26 09:40:53,513 asyncbase.py iterate [line:68] INFO Select clients [0, 1, 2, 3, 4, 5, 6, 7, 8, 9, 10, 11, 12, 13, 14, 15, 16, 17, 18, 19] at time 155.
2025-04-26 09:41:27,323 asyncbase.py iterate [line:73] INFO Receive new models from clients [8, 10, 9, 2, 12, 13, 19, 5, 7, 1, 14, 18, 4, 16, 6, 17, 0, 3, 11, 15] at time 156
2025-04-26 09:41:31,149 fedbase.py run [line:318] INFO --------------Round 50--------------
2025-04-26 09:41:31,150 simple_logger.py log_once [line:14] INFO Current_time:156
2025-04-26 09:41:34,003 simple_logger.py log_once [line:28] INFO test_accuracy                 0.6486
2025-04-26 09:41:34,003 simple_logger.py log_once [line:28] INFO test_loss                     0.9741
2025-04-26 09:41:34,003 simple_logger.py log_once [line:28] INFO val_accuracy                  0.6430
2025-04-26 09:41:34,003 simple_logger.py log_once [line:28] INFO mean_val_accuracy             0.6430
2025-04-26 09:41:34,003 simple_logger.py log_once [line:28] INFO std_val_accuracy              0.0255
2025-04-26 09:41:34,003 simple_logger.py log_once [line:28] INFO val_loss                      0.9867
2025-04-26 09:41:34,003 simple_logger.py log_once [line:28] INFO mean_val_loss                 0.9867
2025-04-26 09:41:34,003 simple_logger.py log_once [line:28] INFO std_val_loss                  0.0600
2025-04-26 09:41:34,003 fedbase.py run [line:323] INFO expense           1198893590.0
2025-04-26 09:41:34,003 fedbase.py run [line:324] INFO Eval Time Cost:               2.8536s
2025-04-26 09:41:34,004 asyncbase.py iterate [line:68] INFO Select clients [0, 1, 2, 3, 4, 5, 6, 7, 8, 9, 10, 11, 12, 13, 14, 15, 16, 17, 18, 19] at time 157.
2025-04-26 09:42:55,385 asyncbase.py iterate [line:73] INFO Receive new models from clients [17, 4, 1, 10, 5, 18, 6, 7, 12, 11, 0, 2, 3, 9, 8, 19, 15] at time 160
2025-04-26 09:42:55,385 asyncbase.py iterate [line:73] INFO Receive new models from clients [13, 14, 16] at time 161
2025-04-26 09:42:55,820 fedbase.py run [line:318] INFO --------------Round 51--------------
2025-04-26 09:42:55,820 simple_logger.py log_once [line:14] INFO Current_time:161
2025-04-26 09:42:58,599 simple_logger.py log_once [line:28] INFO test_accuracy                 0.6503
2025-04-26 09:42:58,600 simple_logger.py log_once [line:28] INFO test_loss                     0.9743
2025-04-26 09:42:58,600 simple_logger.py log_once [line:28] INFO val_accuracy                  0.6390
2025-04-26 09:42:58,600 simple_logger.py log_once [line:28] INFO mean_val_accuracy             0.6390
2025-04-26 09:42:58,600 simple_logger.py log_once [line:28] INFO std_val_accuracy              0.0285
2025-04-26 09:42:58,600 simple_logger.py log_once [line:28] INFO val_loss                      0.9921
2025-04-26 09:42:58,600 simple_logger.py log_once [line:28] INFO mean_val_loss                 0.9921
2025-04-26 09:42:58,600 simple_logger.py log_once [line:28] INFO std_val_loss                  0.0617
2025-04-26 09:42:58,600 fedbase.py run [line:323] INFO expense           1203324790.0
2025-04-26 09:42:58,600 fedbase.py run [line:324] INFO Eval Time Cost:               2.7798s
2025-04-26 09:42:58,600 asyncbase.py iterate [line:68] INFO Select clients [0, 1, 2, 3, 4, 5, 6, 7, 8, 9, 10, 11, 12, 13, 14, 15, 16, 17, 18, 19] at time 162.
2025-04-26 09:44:20,132 asyncbase.py iterate [line:73] INFO Receive new models from clients [9, 11, 19, 13, 7, 0, 1, 8, 18, 4, 3, 6, 10, 14, 12, 17, 2, 5, 15, 16] at time 163
2025-04-26 09:44:20,574 fedbase.py run [line:318] INFO --------------Round 52--------------
2025-04-26 09:44:20,575 simple_logger.py log_once [line:14] INFO Current_time:163
2025-04-26 09:44:23,852 simple_logger.py log_once [line:28] INFO test_accuracy                 0.6470
2025-04-26 09:44:23,853 simple_logger.py log_once [line:28] INFO test_loss                     0.9796
2025-04-26 09:44:23,853 simple_logger.py log_once [line:28] INFO val_accuracy                  0.6382
2025-04-26 09:44:23,853 simple_logger.py log_once [line:28] INFO mean_val_accuracy             0.6382
2025-04-26 09:44:23,853 simple_logger.py log_once [line:28] INFO std_val_accuracy              0.0262
2025-04-26 09:44:23,853 simple_logger.py log_once [line:28] INFO val_loss                      0.9952
2025-04-26 09:44:23,853 simple_logger.py log_once [line:28] INFO mean_val_loss                 0.9952
2025-04-26 09:44:23,853 simple_logger.py log_once [line:28] INFO std_val_loss                  0.0619
2025-04-26 09:44:23,853 fedbase.py run [line:323] INFO expense           1207755990.0
2025-04-26 09:44:23,853 fedbase.py run [line:324] INFO Eval Time Cost:               3.2784s
2025-04-26 09:44:23,853 asyncbase.py iterate [line:68] INFO Select clients [0, 1, 2, 3, 4, 5, 6, 7, 8, 9, 10, 11, 12, 13, 14, 15, 16, 17, 18, 19] at time 164.
2025-04-26 09:45:45,199 asyncbase.py iterate [line:73] INFO Receive new models from clients [9, 10, 12, 15, 16, 5, 7, 6, 17, 1, 2, 3, 11, 18, 14, 13, 0, 4, 8, 19] at time 165
2025-04-26 09:45:45,863 fedbase.py run [line:318] INFO --------------Round 53--------------
2025-04-26 09:45:45,864 simple_logger.py log_once [line:14] INFO Current_time:165
2025-04-26 09:45:48,730 simple_logger.py log_once [line:28] INFO test_accuracy                 0.6492
2025-04-26 09:45:48,730 simple_logger.py log_once [line:28] INFO test_loss                     0.9715
2025-04-26 09:45:48,730 simple_logger.py log_once [line:28] INFO val_accuracy                  0.6436
2025-04-26 09:45:48,730 simple_logger.py log_once [line:28] INFO mean_val_accuracy             0.6436
2025-04-26 09:45:48,730 simple_logger.py log_once [line:28] INFO std_val_accuracy              0.0286
2025-04-26 09:45:48,730 simple_logger.py log_once [line:28] INFO val_loss                      0.9870
2025-04-26 09:45:48,730 simple_logger.py log_once [line:28] INFO mean_val_loss                 0.9870
2025-04-26 09:45:48,730 simple_logger.py log_once [line:28] INFO std_val_loss                  0.0625
2025-04-26 09:45:48,730 fedbase.py run [line:323] INFO expense           1212187190.0
2025-04-26 09:45:48,730 fedbase.py run [line:324] INFO Eval Time Cost:               2.8660s
2025-04-26 09:45:48,730 asyncbase.py iterate [line:68] INFO Select clients [0, 1, 2, 3, 4, 5, 6, 7, 8, 9, 10, 11, 12, 13, 14, 15, 16, 17, 18, 19] at time 166.
2025-04-26 09:47:07,259 asyncbase.py iterate [line:73] INFO Receive new models from clients [14, 19, 16, 8, 0, 9, 2, 7, 1, 17, 6, 12, 18, 4, 3, 11, 13, 10, 15, 5] at time 167
2025-04-26 09:47:07,703 fedbase.py run [line:318] INFO --------------Round 54--------------
2025-04-26 09:47:07,703 simple_logger.py log_once [line:14] INFO Current_time:167
2025-04-26 09:47:10,625 simple_logger.py log_once [line:28] INFO test_accuracy                 0.6513
2025-04-26 09:47:10,625 simple_logger.py log_once [line:28] INFO test_loss                     0.9683
2025-04-26 09:47:10,625 simple_logger.py log_once [line:28] INFO val_accuracy                  0.6404
2025-04-26 09:47:10,625 simple_logger.py log_once [line:28] INFO mean_val_accuracy             0.6404
2025-04-26 09:47:10,625 simple_logger.py log_once [line:28] INFO std_val_accuracy              0.0293
2025-04-26 09:47:10,625 simple_logger.py log_once [line:28] INFO val_loss                      0.9854
2025-04-26 09:47:10,625 simple_logger.py log_once [line:28] INFO mean_val_loss                 0.9854
2025-04-26 09:47:10,625 simple_logger.py log_once [line:28] INFO std_val_loss                  0.0618
2025-04-26 09:47:10,625 fedbase.py run [line:323] INFO expense           1216618390.0
2025-04-26 09:47:10,625 fedbase.py run [line:324] INFO Eval Time Cost:               2.9219s
2025-04-26 09:47:10,626 asyncbase.py iterate [line:68] INFO Select clients [0, 1, 2, 3, 4, 5, 6, 7, 8, 9, 10, 11, 12, 13, 14, 15, 16, 17, 18, 19] at time 168.
2025-04-26 09:47:47,209 asyncbase.py iterate [line:73] INFO Receive new models from clients [14, 5, 6, 15, 3, 0, 2, 7, 12, 1, 13, 18, 10, 4, 11, 8, 19, 16, 17, 9] at time 169
2025-04-26 09:47:50,891 fedbase.py run [line:318] INFO --------------Round 55--------------
2025-04-26 09:47:50,892 simple_logger.py log_once [line:14] INFO Current_time:169
2025-04-26 09:47:53,768 simple_logger.py log_once [line:28] INFO test_accuracy                 0.6686
2025-04-26 09:47:53,769 simple_logger.py log_once [line:28] INFO test_loss                     0.9142
2025-04-26 09:47:53,769 simple_logger.py log_once [line:28] INFO val_accuracy                  0.6640
2025-04-26 09:47:53,769 simple_logger.py log_once [line:28] INFO mean_val_accuracy             0.6640
2025-04-26 09:47:53,769 simple_logger.py log_once [line:28] INFO std_val_accuracy              0.0272
2025-04-26 09:47:53,769 simple_logger.py log_once [line:28] INFO val_loss                      0.9303
2025-04-26 09:47:53,769 simple_logger.py log_once [line:28] INFO mean_val_loss                 0.9303
2025-04-26 09:47:53,769 simple_logger.py log_once [line:28] INFO std_val_loss                  0.0592
2025-04-26 09:47:53,769 fedbase.py run [line:323] INFO expense           1272488200.0
2025-04-26 09:47:53,769 fedbase.py run [line:324] INFO Eval Time Cost:               2.8774s
2025-04-26 09:47:53,769 asyncbase.py iterate [line:68] INFO Select clients [0, 1, 2, 3, 4, 5, 6, 7, 8, 9, 10, 11, 12, 13, 14, 15, 16, 17, 18, 19] at time 170.
2025-04-26 09:49:15,071 asyncbase.py iterate [line:73] INFO Receive new models from clients [8, 10, 2, 14, 16, 4, 1, 15, 19, 18, 12, 6, 11, 9, 5, 3] at time 173
2025-04-26 09:49:15,071 asyncbase.py iterate [line:73] INFO Receive new models from clients [17, 0, 13, 7] at time 174
2025-04-26 09:49:15,535 fedbase.py run [line:318] INFO --------------Round 56--------------
2025-04-26 09:49:15,535 simple_logger.py log_once [line:14] INFO Current_time:174
2025-04-26 09:49:18,462 simple_logger.py log_once [line:28] INFO test_accuracy                 0.6689
2025-04-26 09:49:18,462 simple_logger.py log_once [line:28] INFO test_loss                     0.9171
2025-04-26 09:49:18,462 simple_logger.py log_once [line:28] INFO val_accuracy                  0.6622
2025-04-26 09:49:18,462 simple_logger.py log_once [line:28] INFO mean_val_accuracy             0.6622
2025-04-26 09:49:18,462 simple_logger.py log_once [line:28] INFO std_val_accuracy              0.0276
2025-04-26 09:49:18,462 simple_logger.py log_once [line:28] INFO val_loss                      0.9332
2025-04-26 09:49:18,462 simple_logger.py log_once [line:28] INFO mean_val_loss                 0.9332
2025-04-26 09:49:18,462 simple_logger.py log_once [line:28] INFO std_val_loss                  0.0589
2025-04-26 09:49:18,462 fedbase.py run [line:323] INFO expense           1276919400.0
2025-04-26 09:49:18,462 fedbase.py run [line:324] INFO Eval Time Cost:               2.9272s
2025-04-26 09:49:18,463 asyncbase.py iterate [line:68] INFO Select clients [0, 1, 2, 3, 4, 5, 6, 7, 8, 9, 10, 11, 12, 13, 14, 15, 16, 17, 18, 19] at time 175.
2025-04-26 09:50:34,816 asyncbase.py iterate [line:73] INFO Receive new models from clients [17, 15, 18, 13, 6, 2, 0, 9, 5, 8, 12, 10, 11, 14, 7, 4, 19, 16, 3, 1] at time 176
2025-04-26 09:50:35,267 fedbase.py run [line:318] INFO --------------Round 57--------------
2025-04-26 09:50:35,268 simple_logger.py log_once [line:14] INFO Current_time:176
2025-04-26 09:50:38,113 simple_logger.py log_once [line:28] INFO test_accuracy                 0.6696
2025-04-26 09:50:38,114 simple_logger.py log_once [line:28] INFO test_loss                     0.9175
2025-04-26 09:50:38,114 simple_logger.py log_once [line:28] INFO val_accuracy                  0.6624
2025-04-26 09:50:38,114 simple_logger.py log_once [line:28] INFO mean_val_accuracy             0.6624
2025-04-26 09:50:38,114 simple_logger.py log_once [line:28] INFO std_val_accuracy              0.0286
2025-04-26 09:50:38,114 simple_logger.py log_once [line:28] INFO val_loss                      0.9346
2025-04-26 09:50:38,114 simple_logger.py log_once [line:28] INFO mean_val_loss                 0.9346
2025-04-26 09:50:38,114 simple_logger.py log_once [line:28] INFO std_val_loss                  0.0595
2025-04-26 09:50:38,114 fedbase.py run [line:323] INFO expense           1281350600.0
2025-04-26 09:50:38,114 fedbase.py run [line:324] INFO Eval Time Cost:               2.8465s
2025-04-26 09:50:38,114 asyncbase.py iterate [line:68] INFO Select clients [0, 1, 2, 3, 4, 5, 6, 7, 8, 9, 10, 11, 12, 13, 14, 15, 16, 17, 18, 19] at time 177.
2025-04-26 09:52:00,607 asyncbase.py iterate [line:73] INFO Receive new models from clients [9, 10, 15, 11, 8, 0, 14, 7, 4, 1, 5, 12, 13, 16, 18, 6, 3, 17, 19, 2] at time 178
2025-04-26 09:52:01,079 fedbase.py run [line:318] INFO --------------Round 58--------------
2025-04-26 09:52:01,080 simple_logger.py log_once [line:14] INFO Current_time:178
2025-04-26 09:52:04,009 simple_logger.py log_once [line:28] INFO test_accuracy                 0.6648
2025-04-26 09:52:04,009 simple_logger.py log_once [line:28] INFO test_loss                     0.9321
2025-04-26 09:52:04,009 simple_logger.py log_once [line:28] INFO val_accuracy                  0.6616
2025-04-26 09:52:04,009 simple_logger.py log_once [line:28] INFO mean_val_accuracy             0.6616
2025-04-26 09:52:04,009 simple_logger.py log_once [line:28] INFO std_val_accuracy              0.0282
2025-04-26 09:52:04,009 simple_logger.py log_once [line:28] INFO val_loss                      0.9489
2025-04-26 09:52:04,009 simple_logger.py log_once [line:28] INFO mean_val_loss                 0.9489
2025-04-26 09:52:04,009 simple_logger.py log_once [line:28] INFO std_val_loss                  0.0607
2025-04-26 09:52:04,009 fedbase.py run [line:323] INFO expense           1285781800.0
2025-04-26 09:52:04,009 fedbase.py run [line:324] INFO Eval Time Cost:               2.9297s
2025-04-26 09:52:04,010 asyncbase.py iterate [line:68] INFO Select clients [0, 1, 2, 3, 4, 5, 6, 7, 8, 9, 10, 11, 12, 13, 14, 15, 16, 17, 18, 19] at time 179.
2025-04-26 09:53:26,069 asyncbase.py iterate [line:73] INFO Receive new models from clients [9, 7, 14, 19, 6, 10, 0, 13, 3, 5, 17, 4, 16, 18, 8, 15, 1, 12, 2, 11] at time 180
2025-04-26 09:53:26,516 fedbase.py run [line:318] INFO --------------Round 59--------------
2025-04-26 09:53:26,516 simple_logger.py log_once [line:14] INFO Current_time:180
2025-04-26 09:53:29,376 simple_logger.py log_once [line:28] INFO test_accuracy                 0.6694
2025-04-26 09:53:29,376 simple_logger.py log_once [line:28] INFO test_loss                     0.9192
2025-04-26 09:53:29,376 simple_logger.py log_once [line:28] INFO val_accuracy                  0.6634
2025-04-26 09:53:29,376 simple_logger.py log_once [line:28] INFO mean_val_accuracy             0.6634
2025-04-26 09:53:29,376 simple_logger.py log_once [line:28] INFO std_val_accuracy              0.0286
2025-04-26 09:53:29,376 simple_logger.py log_once [line:28] INFO val_loss                      0.9348
2025-04-26 09:53:29,376 simple_logger.py log_once [line:28] INFO mean_val_loss                 0.9348
2025-04-26 09:53:29,377 simple_logger.py log_once [line:28] INFO std_val_loss                  0.0597
2025-04-26 09:53:29,377 fedbase.py run [line:323] INFO expense           1290213000.0
2025-04-26 09:53:29,377 fedbase.py run [line:324] INFO Eval Time Cost:               2.8602s
2025-04-26 09:53:29,377 asyncbase.py iterate [line:68] INFO Select clients [0, 1, 2, 3, 4, 5, 6, 7, 8, 9, 10, 11, 12, 13, 14, 15, 16, 17, 18, 19] at time 181.
2025-04-26 09:54:04,264 asyncbase.py iterate [line:73] INFO Receive new models from clients [0, 14, 18, 19, 1, 12, 10, 9, 11, 16, 17, 8, 5, 13, 2, 3, 4, 7, 6, 15] at time 182
2025-04-26 09:54:07,988 fedbase.py run [line:318] INFO --------------Round 60--------------
2025-04-26 09:54:07,989 simple_logger.py log_once [line:14] INFO Current_time:182
2025-04-26 09:54:10,841 simple_logger.py log_once [line:28] INFO test_accuracy                 0.6796
2025-04-26 09:54:10,841 simple_logger.py log_once [line:28] INFO test_loss                     0.8925
2025-04-26 09:54:10,841 simple_logger.py log_once [line:28] INFO val_accuracy                  0.6700
2025-04-26 09:54:10,841 simple_logger.py log_once [line:28] INFO mean_val_accuracy             0.6700
2025-04-26 09:54:10,841 simple_logger.py log_once [line:28] INFO std_val_accuracy              0.0272
2025-04-26 09:54:10,841 simple_logger.py log_once [line:28] INFO val_loss                      0.9082
2025-04-26 09:54:10,841 simple_logger.py log_once [line:28] INFO mean_val_loss                 0.9082
2025-04-26 09:54:10,842 simple_logger.py log_once [line:28] INFO std_val_loss                  0.0631
2025-04-26 09:54:10,842 fedbase.py run [line:323] INFO expense           1346082810.0
2025-04-26 09:54:10,842 fedbase.py run [line:324] INFO Eval Time Cost:               2.8531s
2025-04-26 09:54:10,842 asyncbase.py iterate [line:68] INFO Select clients [0, 1, 2, 3, 4, 5, 6, 7, 8, 9, 10, 11, 12, 13, 14, 15, 16, 17, 18, 19] at time 183.
2025-04-26 09:55:31,443 asyncbase.py iterate [line:73] INFO Receive new models from clients [5, 18, 14, 0, 17, 19, 15, 11, 13, 8, 4, 6, 9, 16, 7, 3] at time 186
2025-04-26 09:55:31,443 asyncbase.py iterate [line:73] INFO Receive new models from clients [12, 2, 1, 10] at time 187
2025-04-26 09:55:31,895 fedbase.py run [line:318] INFO --------------Round 61--------------
2025-04-26 09:55:31,895 simple_logger.py log_once [line:14] INFO Current_time:187
2025-04-26 09:55:34,721 simple_logger.py log_once [line:28] INFO test_accuracy                 0.6730
2025-04-26 09:55:34,721 simple_logger.py log_once [line:28] INFO test_loss                     0.9170
2025-04-26 09:55:34,721 simple_logger.py log_once [line:28] INFO val_accuracy                  0.6618
2025-04-26 09:55:34,721 simple_logger.py log_once [line:28] INFO mean_val_accuracy             0.6618
2025-04-26 09:55:34,721 simple_logger.py log_once [line:28] INFO std_val_accuracy              0.0279
2025-04-26 09:55:34,721 simple_logger.py log_once [line:28] INFO val_loss                      0.9313
2025-04-26 09:55:34,721 simple_logger.py log_once [line:28] INFO mean_val_loss                 0.9313
2025-04-26 09:55:34,721 simple_logger.py log_once [line:28] INFO std_val_loss                  0.0649
2025-04-26 09:55:34,721 fedbase.py run [line:323] INFO expense           1350514010.0
2025-04-26 09:55:34,721 fedbase.py run [line:324] INFO Eval Time Cost:               2.8263s
2025-04-26 09:55:34,722 asyncbase.py iterate [line:68] INFO Select clients [0, 1, 2, 3, 4, 5, 6, 7, 8, 9, 10, 11, 12, 13, 14, 15, 16, 17, 18, 19] at time 188.
2025-04-26 09:56:50,078 asyncbase.py iterate [line:73] INFO Receive new models from clients [19, 12, 7, 16, 11, 15, 17, 1, 10, 13, 5, 8, 4, 2, 6, 14, 0, 18, 9, 3] at time 189
2025-04-26 09:56:50,542 fedbase.py run [line:318] INFO --------------Round 62--------------
2025-04-26 09:56:50,542 simple_logger.py log_once [line:14] INFO Current_time:189
2025-04-26 09:56:53,453 simple_logger.py log_once [line:28] INFO test_accuracy                 0.6768
2025-04-26 09:56:53,453 simple_logger.py log_once [line:28] INFO test_loss                     0.9011
2025-04-26 09:56:53,453 simple_logger.py log_once [line:28] INFO val_accuracy                  0.6676
2025-04-26 09:56:53,453 simple_logger.py log_once [line:28] INFO mean_val_accuracy             0.6676
2025-04-26 09:56:53,453 simple_logger.py log_once [line:28] INFO std_val_accuracy              0.0274
2025-04-26 09:56:53,453 simple_logger.py log_once [line:28] INFO val_loss                      0.9158
2025-04-26 09:56:53,453 simple_logger.py log_once [line:28] INFO mean_val_loss                 0.9158
2025-04-26 09:56:53,453 simple_logger.py log_once [line:28] INFO std_val_loss                  0.0656
2025-04-26 09:56:53,453 fedbase.py run [line:323] INFO expense           1354945210.0
2025-04-26 09:56:53,453 fedbase.py run [line:324] INFO Eval Time Cost:               2.9109s
2025-04-26 09:56:53,453 asyncbase.py iterate [line:68] INFO Select clients [0, 1, 2, 3, 4, 5, 6, 7, 8, 9, 10, 11, 12, 13, 14, 15, 16, 17, 18, 19] at time 190.
2025-04-26 09:58:11,583 asyncbase.py iterate [line:73] INFO Receive new models from clients [14, 4, 2, 18, 19, 6, 8, 13, 5, 7, 11, 3, 9, 12, 17, 10, 15, 0, 16, 1] at time 191
2025-04-26 09:58:12,030 fedbase.py run [line:318] INFO --------------Round 63--------------
2025-04-26 09:58:12,031 simple_logger.py log_once [line:14] INFO Current_time:191
2025-04-26 09:58:14,874 simple_logger.py log_once [line:28] INFO test_accuracy                 0.6693
2025-04-26 09:58:14,875 simple_logger.py log_once [line:28] INFO test_loss                     0.9171
2025-04-26 09:58:14,875 simple_logger.py log_once [line:28] INFO val_accuracy                  0.6582
2025-04-26 09:58:14,875 simple_logger.py log_once [line:28] INFO mean_val_accuracy             0.6582
2025-04-26 09:58:14,875 simple_logger.py log_once [line:28] INFO std_val_accuracy              0.0265
2025-04-26 09:58:14,875 simple_logger.py log_once [line:28] INFO val_loss                      0.9318
2025-04-26 09:58:14,875 simple_logger.py log_once [line:28] INFO mean_val_loss                 0.9318
2025-04-26 09:58:14,875 simple_logger.py log_once [line:28] INFO std_val_loss                  0.0634
2025-04-26 09:58:14,875 fedbase.py run [line:323] INFO expense           1359376410.0
2025-04-26 09:58:14,875 fedbase.py run [line:324] INFO Eval Time Cost:               2.8439s
2025-04-26 09:58:14,875 asyncbase.py iterate [line:68] INFO Select clients [0, 1, 2, 3, 4, 5, 6, 7, 8, 9, 10, 11, 12, 13, 14, 15, 16, 17, 18, 19] at time 192.
2025-04-26 09:59:33,116 asyncbase.py iterate [line:73] INFO Receive new models from clients [18, 10, 15, 3, 16, 8, 5, 4, 0, 17, 19, 12, 2, 7, 14, 1, 11, 9, 13, 6] at time 193
2025-04-26 09:59:33,555 fedbase.py run [line:318] INFO --------------Round 64--------------
2025-04-26 09:59:33,556 simple_logger.py log_once [line:14] INFO Current_time:193
2025-04-26 09:59:36,395 simple_logger.py log_once [line:28] INFO test_accuracy                 0.6777
2025-04-26 09:59:36,395 simple_logger.py log_once [line:28] INFO test_loss                     0.8962
2025-04-26 09:59:36,395 simple_logger.py log_once [line:28] INFO val_accuracy                  0.6698
2025-04-26 09:59:36,395 simple_logger.py log_once [line:28] INFO mean_val_accuracy             0.6698
2025-04-26 09:59:36,396 simple_logger.py log_once [line:28] INFO std_val_accuracy              0.0288
2025-04-26 09:59:36,396 simple_logger.py log_once [line:28] INFO val_loss                      0.9131
2025-04-26 09:59:36,396 simple_logger.py log_once [line:28] INFO mean_val_loss                 0.9131
2025-04-26 09:59:36,396 simple_logger.py log_once [line:28] INFO std_val_loss                  0.0643
2025-04-26 09:59:36,396 fedbase.py run [line:323] INFO expense           1363807610.0
2025-04-26 09:59:36,396 fedbase.py run [line:324] INFO Eval Time Cost:               2.8398s
2025-04-26 09:59:36,396 asyncbase.py iterate [line:68] INFO Select clients [0, 1, 2, 3, 4, 5, 6, 7, 8, 9, 10, 11, 12, 13, 14, 15, 16, 17, 18, 19] at time 194.
2025-04-26 10:00:53,593 asyncbase.py iterate [line:73] INFO Receive new models from clients [11, 18, 0, 5, 15, 10, 2, 12, 13, 8, 1, 4, 16, 6, 19, 17, 14, 7, 3, 9] at time 195
2025-04-26 10:00:54,028 fedbase.py run [line:318] INFO --------------Round 65--------------
2025-04-26 10:00:54,029 simple_logger.py log_once [line:14] INFO Current_time:195
2025-04-26 10:00:56,884 simple_logger.py log_once [line:28] INFO test_accuracy                 0.6709
2025-04-26 10:00:56,884 simple_logger.py log_once [line:28] INFO test_loss                     0.9115
2025-04-26 10:00:56,884 simple_logger.py log_once [line:28] INFO val_accuracy                  0.6638
2025-04-26 10:00:56,884 simple_logger.py log_once [line:28] INFO mean_val_accuracy             0.6638
2025-04-26 10:00:56,884 simple_logger.py log_once [line:28] INFO std_val_accuracy              0.0303
2025-04-26 10:00:56,884 simple_logger.py log_once [line:28] INFO val_loss                      0.9248
2025-04-26 10:00:56,884 simple_logger.py log_once [line:28] INFO mean_val_loss                 0.9248
2025-04-26 10:00:56,884 simple_logger.py log_once [line:28] INFO std_val_loss                  0.0651
2025-04-26 10:00:56,885 fedbase.py run [line:323] INFO expense           1368238810.0
2025-04-26 10:00:56,885 fedbase.py run [line:324] INFO Eval Time Cost:               2.8556s
2025-04-26 10:00:56,885 asyncbase.py iterate [line:68] INFO Select clients [0, 1, 2, 3, 4, 5, 6, 7, 8, 9, 10, 11, 12, 13, 14, 15, 16, 17, 18, 19] at time 196.
2025-04-26 10:01:32,049 asyncbase.py iterate [line:73] INFO Receive new models from clients [8, 0, 11, 6, 9, 14, 4, 13, 10, 16, 2, 17, 15, 12, 7, 5, 19, 18, 3, 1] at time 197
2025-04-26 10:01:35,753 fedbase.py run [line:318] INFO --------------Round 66--------------
2025-04-26 10:01:35,754 simple_logger.py log_once [line:14] INFO Current_time:197
2025-04-26 10:01:38,638 simple_logger.py log_once [line:28] INFO test_accuracy                 0.6892
2025-04-26 10:01:38,638 simple_logger.py log_once [line:28] INFO test_loss                     0.8681
2025-04-26 10:01:38,639 simple_logger.py log_once [line:28] INFO val_accuracy                  0.6780
2025-04-26 10:01:38,639 simple_logger.py log_once [line:28] INFO mean_val_accuracy             0.6780
2025-04-26 10:01:38,639 simple_logger.py log_once [line:28] INFO std_val_accuracy              0.0304
2025-04-26 10:01:38,639 simple_logger.py log_once [line:28] INFO val_loss                      0.8886
2025-04-26 10:01:38,639 simple_logger.py log_once [line:28] INFO mean_val_loss                 0.8886
2025-04-26 10:01:38,639 simple_logger.py log_once [line:28] INFO std_val_loss                  0.0613
2025-04-26 10:01:38,639 fedbase.py run [line:323] INFO expense           1424108620.0
2025-04-26 10:01:38,639 fedbase.py run [line:324] INFO Eval Time Cost:               2.8854s
2025-04-26 10:01:38,639 asyncbase.py iterate [line:68] INFO Select clients [0, 1, 2, 3, 4, 5, 6, 7, 8, 9, 10, 11, 12, 13, 14, 15, 16, 17, 18, 19] at time 198.
2025-04-26 10:02:58,247 asyncbase.py iterate [line:73] INFO Receive new models from clients [17, 9, 8, 12, 18, 3, 14, 10, 11, 7, 5, 16, 13, 19, 0, 4, 6, 15] at time 201
2025-04-26 10:02:58,248 asyncbase.py iterate [line:73] INFO Receive new models from clients [2, 1] at time 202
2025-04-26 10:02:58,695 fedbase.py run [line:318] INFO --------------Round 67--------------
2025-04-26 10:02:58,696 simple_logger.py log_once [line:14] INFO Current_time:202
2025-04-26 10:03:01,555 simple_logger.py log_once [line:28] INFO test_accuracy                 0.6839
2025-04-26 10:03:01,555 simple_logger.py log_once [line:28] INFO test_loss                     0.8747
2025-04-26 10:03:01,556 simple_logger.py log_once [line:28] INFO val_accuracy                  0.6798
2025-04-26 10:03:01,556 simple_logger.py log_once [line:28] INFO mean_val_accuracy             0.6798
2025-04-26 10:03:01,556 simple_logger.py log_once [line:28] INFO std_val_accuracy              0.0249
2025-04-26 10:03:01,556 simple_logger.py log_once [line:28] INFO val_loss                      0.8960
2025-04-26 10:03:01,556 simple_logger.py log_once [line:28] INFO mean_val_loss                 0.8960
2025-04-26 10:03:01,556 simple_logger.py log_once [line:28] INFO std_val_loss                  0.0613
2025-04-26 10:03:01,556 fedbase.py run [line:323] INFO expense           1428539820.0
2025-04-26 10:03:01,556 fedbase.py run [line:324] INFO Eval Time Cost:               2.8601s
2025-04-26 10:03:01,556 asyncbase.py iterate [line:68] INFO Select clients [0, 1, 2, 3, 4, 5, 6, 7, 8, 9, 10, 11, 12, 13, 14, 15, 16, 17, 18, 19] at time 203.
2025-04-26 10:04:23,374 asyncbase.py iterate [line:73] INFO Receive new models from clients [18, 4, 0, 19, 16, 8, 5, 12, 2, 6, 3, 13, 14, 10, 17, 11, 1, 7, 15, 9] at time 204
2025-04-26 10:04:23,820 fedbase.py run [line:318] INFO --------------Round 68--------------
2025-04-26 10:04:23,821 simple_logger.py log_once [line:14] INFO Current_time:204
2025-04-26 10:04:26,701 simple_logger.py log_once [line:28] INFO test_accuracy                 0.6864
2025-04-26 10:04:26,701 simple_logger.py log_once [line:28] INFO test_loss                     0.8708
2025-04-26 10:04:26,701 simple_logger.py log_once [line:28] INFO val_accuracy                  0.6798
2025-04-26 10:04:26,701 simple_logger.py log_once [line:28] INFO mean_val_accuracy             0.6798
2025-04-26 10:04:26,701 simple_logger.py log_once [line:28] INFO std_val_accuracy              0.0290
2025-04-26 10:04:26,701 simple_logger.py log_once [line:28] INFO val_loss                      0.8919
2025-04-26 10:04:26,701 simple_logger.py log_once [line:28] INFO mean_val_loss                 0.8919
2025-04-26 10:04:26,701 simple_logger.py log_once [line:28] INFO std_val_loss                  0.0618
2025-04-26 10:04:26,701 fedbase.py run [line:323] INFO expense           1432971020.0
2025-04-26 10:04:26,701 fedbase.py run [line:324] INFO Eval Time Cost:               2.8807s
2025-04-26 10:04:26,701 asyncbase.py iterate [line:68] INFO Select clients [0, 1, 2, 3, 4, 5, 6, 7, 8, 9, 10, 11, 12, 13, 14, 15, 16, 17, 18, 19] at time 205.
2025-04-26 10:05:46,770 asyncbase.py iterate [line:73] INFO Receive new models from clients [10, 4, 2, 5, 14, 6, 19, 15, 8, 18, 13, 17, 9, 11, 1, 7, 3, 12, 0, 16] at time 206
2025-04-26 10:05:47,220 fedbase.py run [line:318] INFO --------------Round 69--------------
2025-04-26 10:05:47,220 simple_logger.py log_once [line:14] INFO Current_time:206
2025-04-26 10:05:50,081 simple_logger.py log_once [line:28] INFO test_accuracy                 0.6878
2025-04-26 10:05:50,082 simple_logger.py log_once [line:28] INFO test_loss                     0.8665
2025-04-26 10:05:50,082 simple_logger.py log_once [line:28] INFO val_accuracy                  0.6800
2025-04-26 10:05:50,082 simple_logger.py log_once [line:28] INFO mean_val_accuracy             0.6800
2025-04-26 10:05:50,082 simple_logger.py log_once [line:28] INFO std_val_accuracy              0.0286
2025-04-26 10:05:50,082 simple_logger.py log_once [line:28] INFO val_loss                      0.8871
2025-04-26 10:05:50,082 simple_logger.py log_once [line:28] INFO mean_val_loss                 0.8871
2025-04-26 10:05:50,082 simple_logger.py log_once [line:28] INFO std_val_loss                  0.0633
2025-04-26 10:05:50,082 fedbase.py run [line:323] INFO expense           1437402220.0
2025-04-26 10:05:50,082 fedbase.py run [line:324] INFO Eval Time Cost:               2.8617s
2025-04-26 10:05:50,082 asyncbase.py iterate [line:68] INFO Select clients [0, 1, 2, 3, 4, 5, 6, 7, 8, 9, 10, 11, 12, 13, 14, 15, 16, 17, 18, 19] at time 207.
2025-04-26 10:07:11,217 asyncbase.py iterate [line:73] INFO Receive new models from clients [12, 7, 6, 14, 4, 15, 0, 10, 1, 3, 16, 2, 13, 17, 8, 19, 18, 11, 9, 5] at time 208
2025-04-26 10:07:11,794 fedbase.py run [line:318] INFO --------------Round 70--------------
2025-04-26 10:07:11,795 simple_logger.py log_once [line:14] INFO Current_time:208
2025-04-26 10:07:14,643 simple_logger.py log_once [line:28] INFO test_accuracy                 0.6825
2025-04-26 10:07:14,643 simple_logger.py log_once [line:28] INFO test_loss                     0.8772
2025-04-26 10:07:14,643 simple_logger.py log_once [line:28] INFO val_accuracy                  0.6768
2025-04-26 10:07:14,643 simple_logger.py log_once [line:28] INFO mean_val_accuracy             0.6768
2025-04-26 10:07:14,643 simple_logger.py log_once [line:28] INFO std_val_accuracy              0.0293
2025-04-26 10:07:14,643 simple_logger.py log_once [line:28] INFO val_loss                      0.9013
2025-04-26 10:07:14,643 simple_logger.py log_once [line:28] INFO mean_val_loss                 0.9013
2025-04-26 10:07:14,643 simple_logger.py log_once [line:28] INFO std_val_loss                  0.0629
2025-04-26 10:07:14,643 fedbase.py run [line:323] INFO expense           1441833420.0
2025-04-26 10:07:14,643 fedbase.py run [line:324] INFO Eval Time Cost:               2.8487s
2025-04-26 10:07:14,644 asyncbase.py iterate [line:68] INFO Select clients [0, 1, 2, 3, 4, 5, 6, 7, 8, 9, 10, 11, 12, 13, 14, 15, 16, 17, 18, 19] at time 209.
2025-04-26 10:08:35,180 asyncbase.py iterate [line:73] INFO Receive new models from clients [9, 16, 4, 11, 5, 15, 2, 17, 12, 3, 8, 10, 6, 0, 14, 1, 19, 7, 13, 18] at time 210
2025-04-26 10:08:35,626 fedbase.py run [line:318] INFO --------------Round 71--------------
2025-04-26 10:08:35,627 simple_logger.py log_once [line:14] INFO Current_time:210
2025-04-26 10:08:38,464 simple_logger.py log_once [line:28] INFO test_accuracy                 0.6882
2025-04-26 10:08:38,464 simple_logger.py log_once [line:28] INFO test_loss                     0.8695
2025-04-26 10:08:38,464 simple_logger.py log_once [line:28] INFO val_accuracy                  0.6792
2025-04-26 10:08:38,464 simple_logger.py log_once [line:28] INFO mean_val_accuracy             0.6792
2025-04-26 10:08:38,464 simple_logger.py log_once [line:28] INFO std_val_accuracy              0.0274
2025-04-26 10:08:38,464 simple_logger.py log_once [line:28] INFO val_loss                      0.8916
2025-04-26 10:08:38,464 simple_logger.py log_once [line:28] INFO mean_val_loss                 0.8916
2025-04-26 10:08:38,464 simple_logger.py log_once [line:28] INFO std_val_loss                  0.0611
2025-04-26 10:08:38,464 fedbase.py run [line:323] INFO expense           1446264620.0
2025-04-26 10:08:38,464 fedbase.py run [line:324] INFO Eval Time Cost:               2.8376s
2025-04-26 10:08:38,465 asyncbase.py iterate [line:68] INFO Select clients [0, 1, 2, 3, 4, 5, 6, 7, 8, 9, 10, 11, 12, 13, 14, 15, 16, 17, 18, 19] at time 211.
2025-04-26 10:09:14,646 asyncbase.py iterate [line:73] INFO Receive new models from clients [0, 3, 7, 17, 18, 2, 16, 5, 10, 6, 15, 13, 1, 11, 8, 12, 19, 14, 9, 4] at time 212
2025-04-26 10:09:18,394 fedbase.py run [line:318] INFO --------------Round 72--------------
2025-04-26 10:09:18,394 simple_logger.py log_once [line:14] INFO Current_time:212
2025-04-26 10:09:21,954 simple_logger.py log_once [line:28] INFO test_accuracy                 0.6960
2025-04-26 10:09:21,954 simple_logger.py log_once [line:28] INFO test_loss                     0.8499
2025-04-26 10:09:21,954 simple_logger.py log_once [line:28] INFO val_accuracy                  0.6906
2025-04-26 10:09:21,954 simple_logger.py log_once [line:28] INFO mean_val_accuracy             0.6906
2025-04-26 10:09:21,954 simple_logger.py log_once [line:28] INFO std_val_accuracy              0.0269
2025-04-26 10:09:21,954 simple_logger.py log_once [line:28] INFO val_loss                      0.8666
2025-04-26 10:09:21,954 simple_logger.py log_once [line:28] INFO mean_val_loss                 0.8666
2025-04-26 10:09:21,954 simple_logger.py log_once [line:28] INFO std_val_loss                  0.0659
2025-04-26 10:09:21,954 fedbase.py run [line:323] INFO expense           1502134430.0
2025-04-26 10:09:21,954 fedbase.py run [line:324] INFO Eval Time Cost:               3.5600s
2025-04-26 10:09:21,954 asyncbase.py iterate [line:68] INFO Select clients [0, 1, 2, 3, 4, 5, 6, 7, 8, 9, 10, 11, 12, 13, 14, 15, 16, 17, 18, 19] at time 213.
2025-04-26 10:10:39,954 asyncbase.py iterate [line:73] INFO Receive new models from clients [4, 16, 3, 19, 1, 13, 0, 15, 14, 17, 9, 7, 12, 6, 11] at time 216
2025-04-26 10:10:39,954 asyncbase.py iterate [line:73] INFO Receive new models from clients [5, 10, 18, 8, 2] at time 217
2025-04-26 10:10:40,582 fedbase.py run [line:318] INFO --------------Round 73--------------
2025-04-26 10:10:40,583 simple_logger.py log_once [line:14] INFO Current_time:217
2025-04-26 10:10:43,728 simple_logger.py log_once [line:28] INFO test_accuracy                 0.6895
2025-04-26 10:10:43,728 simple_logger.py log_once [line:28] INFO test_loss                     0.8643
2025-04-26 10:10:43,728 simple_logger.py log_once [line:28] INFO val_accuracy                  0.6852
2025-04-26 10:10:43,728 simple_logger.py log_once [line:28] INFO mean_val_accuracy             0.6852
2025-04-26 10:10:43,728 simple_logger.py log_once [line:28] INFO std_val_accuracy              0.0270
2025-04-26 10:10:43,729 simple_logger.py log_once [line:28] INFO val_loss                      0.8841
2025-04-26 10:10:43,729 simple_logger.py log_once [line:28] INFO mean_val_loss                 0.8841
2025-04-26 10:10:43,729 simple_logger.py log_once [line:28] INFO std_val_loss                  0.0674
2025-04-26 10:10:43,729 fedbase.py run [line:323] INFO expense           1506565630.0
2025-04-26 10:10:43,729 fedbase.py run [line:324] INFO Eval Time Cost:               3.1456s
2025-04-26 10:10:43,729 asyncbase.py iterate [line:68] INFO Select clients [0, 1, 2, 3, 4, 5, 6, 7, 8, 9, 10, 11, 12, 13, 14, 15, 16, 17, 18, 19] at time 218.
2025-04-26 10:11:57,587 asyncbase.py iterate [line:73] INFO Receive new models from clients [3, 9, 12, 8, 2, 1, 16, 11, 13, 7, 19, 17, 5, 6, 10, 4, 15, 18, 0, 14] at time 219
2025-04-26 10:11:58,035 fedbase.py run [line:318] INFO --------------Round 74--------------
2025-04-26 10:11:58,036 simple_logger.py log_once [line:14] INFO Current_time:219
2025-04-26 10:12:00,911 simple_logger.py log_once [line:28] INFO test_accuracy                 0.6905
2025-04-26 10:12:00,911 simple_logger.py log_once [line:28] INFO test_loss                     0.8678
2025-04-26 10:12:00,911 simple_logger.py log_once [line:28] INFO val_accuracy                  0.6846
2025-04-26 10:12:00,912 simple_logger.py log_once [line:28] INFO mean_val_accuracy             0.6846
2025-04-26 10:12:00,912 simple_logger.py log_once [line:28] INFO std_val_accuracy              0.0296
2025-04-26 10:12:00,912 simple_logger.py log_once [line:28] INFO val_loss                      0.8872
2025-04-26 10:12:00,912 simple_logger.py log_once [line:28] INFO mean_val_loss                 0.8872
2025-04-26 10:12:00,912 simple_logger.py log_once [line:28] INFO std_val_loss                  0.0666
2025-04-26 10:12:00,912 fedbase.py run [line:323] INFO expense           1510996830.0
2025-04-26 10:12:00,912 fedbase.py run [line:324] INFO Eval Time Cost:               2.8766s
2025-04-26 10:12:00,912 asyncbase.py iterate [line:68] INFO Select clients [0, 1, 2, 3, 4, 5, 6, 7, 8, 9, 10, 11, 12, 13, 14, 15, 16, 17, 18, 19] at time 220.
2025-04-26 10:13:20,143 asyncbase.py iterate [line:73] INFO Receive new models from clients [9, 8, 7, 5, 0, 14, 19, 1, 13, 18, 11, 16, 10, 3, 15, 2, 17, 6, 4, 12] at time 221
2025-04-26 10:13:20,594 fedbase.py run [line:318] INFO --------------Round 75--------------
2025-04-26 10:13:20,595 simple_logger.py log_once [line:14] INFO Current_time:221
2025-04-26 10:13:23,446 simple_logger.py log_once [line:28] INFO test_accuracy                 0.6922
2025-04-26 10:13:23,447 simple_logger.py log_once [line:28] INFO test_loss                     0.8649
2025-04-26 10:13:23,447 simple_logger.py log_once [line:28] INFO val_accuracy                  0.6818
2025-04-26 10:13:23,447 simple_logger.py log_once [line:28] INFO mean_val_accuracy             0.6818
2025-04-26 10:13:23,447 simple_logger.py log_once [line:28] INFO std_val_accuracy              0.0284
2025-04-26 10:13:23,447 simple_logger.py log_once [line:28] INFO val_loss                      0.8842
2025-04-26 10:13:23,447 simple_logger.py log_once [line:28] INFO mean_val_loss                 0.8842
2025-04-26 10:13:23,447 simple_logger.py log_once [line:28] INFO std_val_loss                  0.0695
2025-04-26 10:13:23,447 fedbase.py run [line:323] INFO expense           1515428030.0
2025-04-26 10:13:23,447 fedbase.py run [line:324] INFO Eval Time Cost:               2.8522s
2025-04-26 10:13:23,447 asyncbase.py iterate [line:68] INFO Select clients [0, 1, 2, 3, 4, 5, 6, 7, 8, 9, 10, 11, 12, 13, 14, 15, 16, 17, 18, 19] at time 222.
2025-04-26 10:14:44,292 asyncbase.py iterate [line:73] INFO Receive new models from clients [8, 7, 16, 12, 4, 11, 2, 18, 14, 1, 19, 15, 10, 9, 0, 13, 3, 6, 17, 5] at time 223
2025-04-26 10:14:44,742 fedbase.py run [line:318] INFO --------------Round 76--------------
2025-04-26 10:14:44,743 simple_logger.py log_once [line:14] INFO Current_time:223
2025-04-26 10:14:47,610 simple_logger.py log_once [line:28] INFO test_accuracy                 0.6934
2025-04-26 10:14:47,610 simple_logger.py log_once [line:28] INFO test_loss                     0.8579
2025-04-26 10:14:47,610 simple_logger.py log_once [line:28] INFO val_accuracy                  0.6856
2025-04-26 10:14:47,610 simple_logger.py log_once [line:28] INFO mean_val_accuracy             0.6856
2025-04-26 10:14:47,610 simple_logger.py log_once [line:28] INFO std_val_accuracy              0.0277
2025-04-26 10:14:47,611 simple_logger.py log_once [line:28] INFO val_loss                      0.8770
2025-04-26 10:14:47,611 simple_logger.py log_once [line:28] INFO mean_val_loss                 0.8770
2025-04-26 10:14:47,611 simple_logger.py log_once [line:28] INFO std_val_loss                  0.0657
2025-04-26 10:14:47,611 fedbase.py run [line:323] INFO expense           1519859230.0
2025-04-26 10:14:47,611 fedbase.py run [line:324] INFO Eval Time Cost:               2.8679s
2025-04-26 10:14:47,611 asyncbase.py iterate [line:68] INFO Select clients [0, 1, 2, 3, 4, 5, 6, 7, 8, 9, 10, 11, 12, 13, 14, 15, 16, 17, 18, 19] at time 224.
2025-04-26 10:16:09,767 asyncbase.py iterate [line:73] INFO Receive new models from clients [3, 10, 1, 11, 4, 15, 16, 19, 8, 0, 2, 13, 17, 18, 5, 14, 6, 9, 7, 12] at time 225
2025-04-26 10:16:10,395 fedbase.py run [line:318] INFO --------------Round 77--------------
2025-04-26 10:16:10,396 simple_logger.py log_once [line:14] INFO Current_time:225
2025-04-26 10:16:13,266 simple_logger.py log_once [line:28] INFO test_accuracy                 0.6923
2025-04-26 10:16:13,266 simple_logger.py log_once [line:28] INFO test_loss                     0.8585
2025-04-26 10:16:13,266 simple_logger.py log_once [line:28] INFO val_accuracy                  0.6892
2025-04-26 10:16:13,266 simple_logger.py log_once [line:28] INFO mean_val_accuracy             0.6892
2025-04-26 10:16:13,266 simple_logger.py log_once [line:28] INFO std_val_accuracy              0.0292
2025-04-26 10:16:13,266 simple_logger.py log_once [line:28] INFO val_loss                      0.8752
2025-04-26 10:16:13,266 simple_logger.py log_once [line:28] INFO mean_val_loss                 0.8752
2025-04-26 10:16:13,267 simple_logger.py log_once [line:28] INFO std_val_loss                  0.0658
2025-04-26 10:16:13,267 fedbase.py run [line:323] INFO expense           1524290430.0
2025-04-26 10:16:13,267 fedbase.py run [line:324] INFO Eval Time Cost:               2.8707s
2025-04-26 10:16:13,267 asyncbase.py iterate [line:68] INFO Select clients [0, 1, 2, 3, 4, 5, 6, 7, 8, 9, 10, 11, 12, 13, 14, 15, 16, 17, 18, 19] at time 226.
2025-04-26 10:16:49,697 asyncbase.py iterate [line:73] INFO Receive new models from clients [12, 9, 3, 5, 15, 2, 0, 16, 7, 4, 8, 6, 1, 17, 19, 14, 10, 13, 11, 18] at time 227
2025-04-26 10:16:53,618 fedbase.py run [line:318] INFO --------------Round 78--------------
2025-04-26 10:16:53,619 simple_logger.py log_once [line:14] INFO Current_time:227
2025-04-26 10:16:56,500 simple_logger.py log_once [line:28] INFO test_accuracy                 0.7027
2025-04-26 10:16:56,500 simple_logger.py log_once [line:28] INFO test_loss                     0.8357
2025-04-26 10:16:56,500 simple_logger.py log_once [line:28] INFO val_accuracy                  0.6936
2025-04-26 10:16:56,500 simple_logger.py log_once [line:28] INFO mean_val_accuracy             0.6936
2025-04-26 10:16:56,500 simple_logger.py log_once [line:28] INFO std_val_accuracy              0.0312
2025-04-26 10:16:56,500 simple_logger.py log_once [line:28] INFO val_loss                      0.8506
2025-04-26 10:16:56,500 simple_logger.py log_once [line:28] INFO mean_val_loss                 0.8506
2025-04-26 10:16:56,500 simple_logger.py log_once [line:28] INFO std_val_loss                  0.0667
2025-04-26 10:16:56,500 fedbase.py run [line:323] INFO expense           1580160240.0
2025-04-26 10:16:56,500 fedbase.py run [line:324] INFO Eval Time Cost:               2.8815s
2025-04-26 10:16:56,501 asyncbase.py iterate [line:68] INFO Select clients [0, 1, 2, 3, 4, 5, 6, 7, 8, 9, 10, 11, 12, 13, 14, 15, 16, 17, 18, 19] at time 228.
2025-04-26 10:18:16,866 asyncbase.py iterate [line:73] INFO Receive new models from clients [14, 10, 11, 3, 8, 19, 13, 18, 7, 2, 1, 9, 4, 15, 16, 17, 6] at time 231
2025-04-26 10:18:16,867 asyncbase.py iterate [line:73] INFO Receive new models from clients [5, 12, 0] at time 232
2025-04-26 10:18:17,317 fedbase.py run [line:318] INFO --------------Round 79--------------
2025-04-26 10:18:17,318 simple_logger.py log_once [line:14] INFO Current_time:232
2025-04-26 10:18:20,245 simple_logger.py log_once [line:28] INFO test_accuracy                 0.6980
2025-04-26 10:18:20,245 simple_logger.py log_once [line:28] INFO test_loss                     0.8518
2025-04-26 10:18:20,245 simple_logger.py log_once [line:28] INFO val_accuracy                  0.6870
2025-04-26 10:18:20,245 simple_logger.py log_once [line:28] INFO mean_val_accuracy             0.6870
2025-04-26 10:18:20,245 simple_logger.py log_once [line:28] INFO std_val_accuracy              0.0310
2025-04-26 10:18:20,245 simple_logger.py log_once [line:28] INFO val_loss                      0.8660
2025-04-26 10:18:20,245 simple_logger.py log_once [line:28] INFO mean_val_loss                 0.8660
2025-04-26 10:18:20,245 simple_logger.py log_once [line:28] INFO std_val_loss                  0.0647
2025-04-26 10:18:20,245 fedbase.py run [line:323] INFO expense           1584591440.0
2025-04-26 10:18:20,245 fedbase.py run [line:324] INFO Eval Time Cost:               2.9277s
2025-04-26 10:18:20,246 asyncbase.py iterate [line:68] INFO Select clients [0, 1, 2, 3, 4, 5, 6, 7, 8, 9, 10, 11, 12, 13, 14, 15, 16, 17, 18, 19] at time 233.
2025-04-26 10:19:36,294 asyncbase.py iterate [line:73] INFO Receive new models from clients [17, 19, 2, 13, 5, 6, 9, 3, 4, 16, 7, 1, 18, 0, 11, 10, 14, 15, 8, 12] at time 234
2025-04-26 10:19:36,942 fedbase.py run [line:318] INFO --------------Round 80--------------
2025-04-26 10:19:36,943 simple_logger.py log_once [line:14] INFO Current_time:234
2025-04-26 10:19:39,905 simple_logger.py log_once [line:28] INFO test_accuracy                 0.7032
2025-04-26 10:19:39,905 simple_logger.py log_once [line:28] INFO test_loss                     0.8405
2025-04-26 10:19:39,905 simple_logger.py log_once [line:28] INFO val_accuracy                  0.6900
2025-04-26 10:19:39,905 simple_logger.py log_once [line:28] INFO mean_val_accuracy             0.6900
2025-04-26 10:19:39,905 simple_logger.py log_once [line:28] INFO std_val_accuracy              0.0291
2025-04-26 10:19:39,905 simple_logger.py log_once [line:28] INFO val_loss                      0.8537
2025-04-26 10:19:39,905 simple_logger.py log_once [line:28] INFO mean_val_loss                 0.8537
2025-04-26 10:19:39,905 simple_logger.py log_once [line:28] INFO std_val_loss                  0.0661
2025-04-26 10:19:39,905 fedbase.py run [line:323] INFO expense           1589022640.0
2025-04-26 10:19:39,905 fedbase.py run [line:324] INFO Eval Time Cost:               2.9627s
2025-04-26 10:19:39,906 asyncbase.py iterate [line:68] INFO Select clients [0, 1, 2, 3, 4, 5, 6, 7, 8, 9, 10, 11, 12, 13, 14, 15, 16, 17, 18, 19] at time 235.
2025-04-26 10:20:59,848 asyncbase.py iterate [line:73] INFO Receive new models from clients [13, 10, 16, 3, 7, 0, 17, 2, 19, 9, 12, 14, 8, 15, 18, 5, 11, 6, 4, 1] at time 236
2025-04-26 10:21:00,474 fedbase.py run [line:318] INFO --------------Round 81--------------
2025-04-26 10:21:00,475 simple_logger.py log_once [line:14] INFO Current_time:236
2025-04-26 10:21:03,607 simple_logger.py log_once [line:28] INFO test_accuracy                 0.7024
2025-04-26 10:21:03,607 simple_logger.py log_once [line:28] INFO test_loss                     0.8425
2025-04-26 10:21:03,608 simple_logger.py log_once [line:28] INFO val_accuracy                  0.6910
2025-04-26 10:21:03,608 simple_logger.py log_once [line:28] INFO mean_val_accuracy             0.6910
2025-04-26 10:21:03,608 simple_logger.py log_once [line:28] INFO std_val_accuracy              0.0312
2025-04-26 10:21:03,608 simple_logger.py log_once [line:28] INFO val_loss                      0.8576
2025-04-26 10:21:03,608 simple_logger.py log_once [line:28] INFO mean_val_loss                 0.8576
2025-04-26 10:21:03,608 simple_logger.py log_once [line:28] INFO std_val_loss                  0.0656
2025-04-26 10:21:03,608 fedbase.py run [line:323] INFO expense           1593453840.0
2025-04-26 10:21:03,608 fedbase.py run [line:324] INFO Eval Time Cost:               3.1327s
2025-04-26 10:21:03,608 asyncbase.py iterate [line:68] INFO Select clients [0, 1, 2, 3, 4, 5, 6, 7, 8, 9, 10, 11, 12, 13, 14, 15, 16, 17, 18, 19] at time 237.
2025-04-26 10:22:27,690 asyncbase.py iterate [line:73] INFO Receive new models from clients [7, 5, 2, 3, 11, 8, 12, 6, 10, 4, 19, 15, 1, 0, 13, 9, 18, 14, 17, 16] at time 238
2025-04-26 10:22:28,136 fedbase.py run [line:318] INFO --------------Round 82--------------
2025-04-26 10:22:28,136 simple_logger.py log_once [line:14] INFO Current_time:238
2025-04-26 10:22:31,010 simple_logger.py log_once [line:28] INFO test_accuracy                 0.7027
2025-04-26 10:22:31,010 simple_logger.py log_once [line:28] INFO test_loss                     0.8348
2025-04-26 10:22:31,010 simple_logger.py log_once [line:28] INFO val_accuracy                  0.6984
2025-04-26 10:22:31,010 simple_logger.py log_once [line:28] INFO mean_val_accuracy             0.6984
2025-04-26 10:22:31,010 simple_logger.py log_once [line:28] INFO std_val_accuracy              0.0291
2025-04-26 10:22:31,010 simple_logger.py log_once [line:28] INFO val_loss                      0.8503
2025-04-26 10:22:31,010 simple_logger.py log_once [line:28] INFO mean_val_loss                 0.8503
2025-04-26 10:22:31,010 simple_logger.py log_once [line:28] INFO std_val_loss                  0.0671
2025-04-26 10:22:31,010 fedbase.py run [line:323] INFO expense           1597885040.0
2025-04-26 10:22:31,010 fedbase.py run [line:324] INFO Eval Time Cost:               2.8740s
2025-04-26 10:22:31,010 asyncbase.py iterate [line:68] INFO Select clients [0, 1, 2, 3, 4, 5, 6, 7, 8, 9, 10, 11, 12, 13, 14, 15, 16, 17, 18, 19] at time 239.
2025-04-26 10:23:48,605 asyncbase.py iterate [line:73] INFO Receive new models from clients [6, 17, 0, 13, 5, 1, 2, 12, 19, 4, 10, 9, 7, 16, 3, 18, 14, 8, 15, 11] at time 240
2025-04-26 10:23:49,233 fedbase.py run [line:318] INFO --------------Round 83--------------
2025-04-26 10:23:49,234 simple_logger.py log_once [line:14] INFO Current_time:240
2025-04-26 10:23:52,465 simple_logger.py log_once [line:28] INFO test_accuracy                 0.7039
2025-04-26 10:23:52,465 simple_logger.py log_once [line:28] INFO test_loss                     0.8399
2025-04-26 10:23:52,465 simple_logger.py log_once [line:28] INFO val_accuracy                  0.6936
2025-04-26 10:23:52,465 simple_logger.py log_once [line:28] INFO mean_val_accuracy             0.6936
2025-04-26 10:23:52,466 simple_logger.py log_once [line:28] INFO std_val_accuracy              0.0294
2025-04-26 10:23:52,466 simple_logger.py log_once [line:28] INFO val_loss                      0.8534
2025-04-26 10:23:52,466 simple_logger.py log_once [line:28] INFO mean_val_loss                 0.8534
2025-04-26 10:23:52,466 simple_logger.py log_once [line:28] INFO std_val_loss                  0.0667
2025-04-26 10:23:52,466 fedbase.py run [line:323] INFO expense           1602316240.0
2025-04-26 10:23:52,466 fedbase.py run [line:324] INFO Eval Time Cost:               3.2322s
2025-04-26 10:23:52,466 asyncbase.py iterate [line:68] INFO Select clients [0, 1, 2, 3, 4, 5, 6, 7, 8, 9, 10, 11, 12, 13, 14, 15, 16, 17, 18, 19] at time 241.
2025-04-26 10:25:13,093 asyncbase.py iterate [line:73] INFO Receive new models from clients [15, 5, 3, 18, 12, 6, 11, 13, 2, 19, 14, 16, 7, 1, 0, 17, 4, 8, 9, 10] at time 242
2025-04-26 10:25:13,543 fedbase.py run [line:318] INFO --------------Round 84--------------
2025-04-26 10:25:13,544 simple_logger.py log_once [line:14] INFO Current_time:242
2025-04-26 10:25:16,408 simple_logger.py log_once [line:28] INFO test_accuracy                 0.7044
2025-04-26 10:25:16,408 simple_logger.py log_once [line:28] INFO test_loss                     0.8353
2025-04-26 10:25:16,408 simple_logger.py log_once [line:28] INFO val_accuracy                  0.6970
2025-04-26 10:25:16,408 simple_logger.py log_once [line:28] INFO mean_val_accuracy             0.6970
2025-04-26 10:25:16,408 simple_logger.py log_once [line:28] INFO std_val_accuracy              0.0276
2025-04-26 10:25:16,409 simple_logger.py log_once [line:28] INFO val_loss                      0.8499
2025-04-26 10:25:16,409 simple_logger.py log_once [line:28] INFO mean_val_loss                 0.8499
2025-04-26 10:25:16,409 simple_logger.py log_once [line:28] INFO std_val_loss                  0.0651
2025-04-26 10:25:16,409 fedbase.py run [line:323] INFO expense           1606747440.0
2025-04-26 10:25:16,409 fedbase.py run [line:324] INFO Eval Time Cost:               2.8650s
2025-04-26 10:25:16,409 asyncbase.py iterate [line:68] INFO Select clients [0, 1, 2, 3, 4, 5, 6, 7, 8, 9, 10, 11, 12, 13, 14, 15, 16, 17, 18, 19] at time 243.
2025-04-26 10:25:52,069 asyncbase.py iterate [line:73] INFO Receive new models from clients [12, 19, 3, 7, 14, 6, 13, 17, 8, 0, 11, 15, 4, 5, 9, 1, 18, 10, 16, 2] at time 244
2025-04-26 10:25:55,923 fedbase.py run [line:318] INFO --------------Round 85--------------
2025-04-26 10:25:55,924 simple_logger.py log_once [line:14] INFO Current_time:244
2025-04-26 10:25:58,781 simple_logger.py log_once [line:28] INFO test_accuracy                 0.7068
2025-04-26 10:25:58,781 simple_logger.py log_once [line:28] INFO test_loss                     0.8217
2025-04-26 10:25:58,781 simple_logger.py log_once [line:28] INFO val_accuracy                  0.7006
2025-04-26 10:25:58,781 simple_logger.py log_once [line:28] INFO mean_val_accuracy             0.7006
2025-04-26 10:25:58,781 simple_logger.py log_once [line:28] INFO std_val_accuracy              0.0266
2025-04-26 10:25:58,781 simple_logger.py log_once [line:28] INFO val_loss                      0.8406
2025-04-26 10:25:58,781 simple_logger.py log_once [line:28] INFO mean_val_loss                 0.8406
2025-04-26 10:25:58,781 simple_logger.py log_once [line:28] INFO std_val_loss                  0.0670
2025-04-26 10:25:58,781 fedbase.py run [line:323] INFO expense           1662617250.0
2025-04-26 10:25:58,781 fedbase.py run [line:324] INFO Eval Time Cost:               2.8576s
2025-04-26 10:25:58,781 asyncbase.py iterate [line:68] INFO Select clients [0, 1, 2, 3, 4, 5, 6, 7, 8, 9, 10, 11, 12, 13, 14, 15, 16, 17, 18, 19] at time 245.
2025-04-26 10:27:18,237 asyncbase.py iterate [line:73] INFO Receive new models from clients [2, 15, 12, 17, 18, 19, 1, 3, 10, 7, 9, 6, 0, 8, 14, 16, 11] at time 248
2025-04-26 10:27:18,238 asyncbase.py iterate [line:73] INFO Receive new models from clients [5, 4, 13] at time 249
2025-04-26 10:27:18,867 fedbase.py run [line:318] INFO --------------Round 86--------------
2025-04-26 10:27:18,868 simple_logger.py log_once [line:14] INFO Current_time:249
2025-04-26 10:27:21,897 simple_logger.py log_once [line:28] INFO test_accuracy                 0.6984
2025-04-26 10:27:21,897 simple_logger.py log_once [line:28] INFO test_loss                     0.8478
2025-04-26 10:27:21,897 simple_logger.py log_once [line:28] INFO val_accuracy                  0.6918
2025-04-26 10:27:21,897 simple_logger.py log_once [line:28] INFO mean_val_accuracy             0.6918
2025-04-26 10:27:21,897 simple_logger.py log_once [line:28] INFO std_val_accuracy              0.0273
2025-04-26 10:27:21,897 simple_logger.py log_once [line:28] INFO val_loss                      0.8653
2025-04-26 10:27:21,897 simple_logger.py log_once [line:28] INFO mean_val_loss                 0.8653
2025-04-26 10:27:21,897 simple_logger.py log_once [line:28] INFO std_val_loss                  0.0709
2025-04-26 10:27:21,897 fedbase.py run [line:323] INFO expense           1667048450.0
2025-04-26 10:27:21,897 fedbase.py run [line:324] INFO Eval Time Cost:               3.0298s
2025-04-26 10:27:21,898 asyncbase.py iterate [line:68] INFO Select clients [0, 1, 2, 3, 4, 5, 6, 7, 8, 9, 10, 11, 12, 13, 14, 15, 16, 17, 18, 19] at time 250.
2025-04-26 10:28:39,862 asyncbase.py iterate [line:73] INFO Receive new models from clients [16, 3, 11, 4, 0, 10, 13, 6, 7, 2, 5, 18, 1, 19, 15, 17, 8, 9, 14, 12] at time 251
2025-04-26 10:28:40,416 fedbase.py run [line:318] INFO --------------Round 87--------------
2025-04-26 10:28:40,417 simple_logger.py log_once [line:14] INFO Current_time:251
2025-04-26 10:28:43,291 simple_logger.py log_once [line:28] INFO test_accuracy                 0.6974
2025-04-26 10:28:43,292 simple_logger.py log_once [line:28] INFO test_loss                     0.8481
2025-04-26 10:28:43,292 simple_logger.py log_once [line:28] INFO val_accuracy                  0.6932
2025-04-26 10:28:43,292 simple_logger.py log_once [line:28] INFO mean_val_accuracy             0.6932
2025-04-26 10:28:43,292 simple_logger.py log_once [line:28] INFO std_val_accuracy              0.0242
2025-04-26 10:28:43,292 simple_logger.py log_once [line:28] INFO val_loss                      0.8638
2025-04-26 10:28:43,292 simple_logger.py log_once [line:28] INFO mean_val_loss                 0.8638
2025-04-26 10:28:43,292 simple_logger.py log_once [line:28] INFO std_val_loss                  0.0707
2025-04-26 10:28:43,292 fedbase.py run [line:323] INFO expense           1671479650.0
2025-04-26 10:28:43,292 fedbase.py run [line:324] INFO Eval Time Cost:               2.8750s
2025-04-26 10:28:43,292 asyncbase.py iterate [line:68] INFO Select clients [0, 1, 2, 3, 4, 5, 6, 7, 8, 9, 10, 11, 12, 13, 14, 15, 16, 17, 18, 19] at time 252.
2025-04-26 10:30:02,965 asyncbase.py iterate [line:73] INFO Receive new models from clients [12, 14, 5, 3, 0, 16, 17, 6, 1, 4, 18, 13, 10, 9, 2, 7, 11, 8, 15, 19] at time 253
2025-04-26 10:30:03,416 fedbase.py run [line:318] INFO --------------Round 88--------------
2025-04-26 10:30:03,416 simple_logger.py log_once [line:14] INFO Current_time:253
2025-04-26 10:30:06,302 simple_logger.py log_once [line:28] INFO test_accuracy                 0.6964
2025-04-26 10:30:06,302 simple_logger.py log_once [line:28] INFO test_loss                     0.8505
2025-04-26 10:30:06,303 simple_logger.py log_once [line:28] INFO val_accuracy                  0.6946
2025-04-26 10:30:06,303 simple_logger.py log_once [line:28] INFO mean_val_accuracy             0.6946
2025-04-26 10:30:06,303 simple_logger.py log_once [line:28] INFO std_val_accuracy              0.0272
2025-04-26 10:30:06,303 simple_logger.py log_once [line:28] INFO val_loss                      0.8682
2025-04-26 10:30:06,303 simple_logger.py log_once [line:28] INFO mean_val_loss                 0.8682
2025-04-26 10:30:06,303 simple_logger.py log_once [line:28] INFO std_val_loss                  0.0710
2025-04-26 10:30:06,303 fedbase.py run [line:323] INFO expense           1675910850.0
2025-04-26 10:30:06,303 fedbase.py run [line:324] INFO Eval Time Cost:               2.8866s
2025-04-26 10:30:06,303 asyncbase.py iterate [line:68] INFO Select clients [0, 1, 2, 3, 4, 5, 6, 7, 8, 9, 10, 11, 12, 13, 14, 15, 16, 17, 18, 19] at time 254.
2025-04-26 10:31:25,663 asyncbase.py iterate [line:73] INFO Receive new models from clients [11, 19, 6, 15, 18, 13, 3, 14, 12, 9, 17, 7, 10, 0, 4, 8, 5, 1, 2, 16] at time 255
2025-04-26 10:31:26,207 fedbase.py run [line:318] INFO --------------Round 89--------------
2025-04-26 10:31:26,208 simple_logger.py log_once [line:14] INFO Current_time:255
2025-04-26 10:31:29,083 simple_logger.py log_once [line:28] INFO test_accuracy                 0.6973
2025-04-26 10:31:29,084 simple_logger.py log_once [line:28] INFO test_loss                     0.8469
2025-04-26 10:31:29,084 simple_logger.py log_once [line:28] INFO val_accuracy                  0.6910
2025-04-26 10:31:29,084 simple_logger.py log_once [line:28] INFO mean_val_accuracy             0.6910
2025-04-26 10:31:29,084 simple_logger.py log_once [line:28] INFO std_val_accuracy              0.0242
2025-04-26 10:31:29,084 simple_logger.py log_once [line:28] INFO val_loss                      0.8610
2025-04-26 10:31:29,084 simple_logger.py log_once [line:28] INFO mean_val_loss                 0.8610
2025-04-26 10:31:29,084 simple_logger.py log_once [line:28] INFO std_val_loss                  0.0687
2025-04-26 10:31:29,084 fedbase.py run [line:323] INFO expense           1680342050.0
2025-04-26 10:31:29,084 fedbase.py run [line:324] INFO Eval Time Cost:               2.8762s
2025-04-26 10:31:29,084 asyncbase.py iterate [line:68] INFO Select clients [0, 1, 2, 3, 4, 5, 6, 7, 8, 9, 10, 11, 12, 13, 14, 15, 16, 17, 18, 19] at time 256.
2025-04-26 10:32:51,231 asyncbase.py iterate [line:73] INFO Receive new models from clients [6, 18, 17, 14, 11, 15, 13, 10, 4, 5, 7, 0, 1, 2, 9, 19, 12, 3, 16, 8] at time 257
2025-04-26 10:32:51,668 fedbase.py run [line:318] INFO --------------Round 90--------------
2025-04-26 10:32:51,669 simple_logger.py log_once [line:14] INFO Current_time:257
2025-04-26 10:32:54,527 simple_logger.py log_once [line:28] INFO test_accuracy                 0.6954
2025-04-26 10:32:54,527 simple_logger.py log_once [line:28] INFO test_loss                     0.8499
2025-04-26 10:32:54,527 simple_logger.py log_once [line:28] INFO val_accuracy                  0.6910
2025-04-26 10:32:54,527 simple_logger.py log_once [line:28] INFO mean_val_accuracy             0.6910
2025-04-26 10:32:54,527 simple_logger.py log_once [line:28] INFO std_val_accuracy              0.0227
2025-04-26 10:32:54,527 simple_logger.py log_once [line:28] INFO val_loss                      0.8648
2025-04-26 10:32:54,527 simple_logger.py log_once [line:28] INFO mean_val_loss                 0.8648
2025-04-26 10:32:54,528 simple_logger.py log_once [line:28] INFO std_val_loss                  0.0713
2025-04-26 10:32:54,528 fedbase.py run [line:323] INFO expense           1684773250.0
2025-04-26 10:32:54,528 fedbase.py run [line:324] INFO Eval Time Cost:               2.8589s
2025-04-26 10:32:54,528 asyncbase.py iterate [line:68] INFO Select clients [0, 1, 2, 3, 4, 5, 6, 7, 8, 9, 10, 11, 12, 13, 14, 15, 16, 17, 18, 19] at time 258.
2025-04-26 10:34:15,974 asyncbase.py iterate [line:73] INFO Receive new models from clients [15, 3, 7, 14, 17, 8, 6, 4, 18, 1, 10, 9, 12, 19, 0, 2, 11, 5, 16, 13] at time 259
2025-04-26 10:34:16,602 fedbase.py run [line:318] INFO --------------Round 91--------------
2025-04-26 10:34:16,603 simple_logger.py log_once [line:14] INFO Current_time:259
2025-04-26 10:34:19,718 simple_logger.py log_once [line:28] INFO test_accuracy                 0.6942
2025-04-26 10:34:19,718 simple_logger.py log_once [line:28] INFO test_loss                     0.8544
2025-04-26 10:34:19,718 simple_logger.py log_once [line:28] INFO val_accuracy                  0.6884
2025-04-26 10:34:19,718 simple_logger.py log_once [line:28] INFO mean_val_accuracy             0.6884
2025-04-26 10:34:19,718 simple_logger.py log_once [line:28] INFO std_val_accuracy              0.0226
2025-04-26 10:34:19,718 simple_logger.py log_once [line:28] INFO val_loss                      0.8687
2025-04-26 10:34:19,718 simple_logger.py log_once [line:28] INFO mean_val_loss                 0.8687
2025-04-26 10:34:19,718 simple_logger.py log_once [line:28] INFO std_val_loss                  0.0706
2025-04-26 10:34:19,718 fedbase.py run [line:323] INFO expense           1689204450.0
2025-04-26 10:34:19,718 fedbase.py run [line:324] INFO Eval Time Cost:               3.1157s
2025-04-26 10:34:19,719 asyncbase.py iterate [line:68] INFO Select clients [0, 1, 2, 3, 4, 5, 6, 7, 8, 9, 10, 11, 12, 13, 14, 15, 16, 17, 18, 19] at time 260.
2025-04-26 10:35:40,394 asyncbase.py iterate [line:73] INFO Receive new models from clients [1, 17, 18, 13, 3, 12, 11, 14, 8, 5, 16, 0, 4, 6, 9, 15, 19, 10, 2, 7] at time 261
2025-04-26 10:35:40,989 fedbase.py run [line:318] INFO --------------Round 92--------------
2025-04-26 10:35:40,990 simple_logger.py log_once [line:14] INFO Current_time:261
2025-04-26 10:35:43,821 simple_logger.py log_once [line:28] INFO test_accuracy                 0.6972
2025-04-26 10:35:43,821 simple_logger.py log_once [line:28] INFO test_loss                     0.8482
2025-04-26 10:35:43,821 simple_logger.py log_once [line:28] INFO val_accuracy                  0.6934
2025-04-26 10:35:43,821 simple_logger.py log_once [line:28] INFO mean_val_accuracy             0.6934
2025-04-26 10:35:43,822 simple_logger.py log_once [line:28] INFO std_val_accuracy              0.0271
2025-04-26 10:35:43,822 simple_logger.py log_once [line:28] INFO val_loss                      0.8653
2025-04-26 10:35:43,822 simple_logger.py log_once [line:28] INFO mean_val_loss                 0.8653
2025-04-26 10:35:43,822 simple_logger.py log_once [line:28] INFO std_val_loss                  0.0706
2025-04-26 10:35:43,822 fedbase.py run [line:323] INFO expense           1693635650.0
2025-04-26 10:35:43,822 fedbase.py run [line:324] INFO Eval Time Cost:               2.8323s
2025-04-26 10:35:43,822 asyncbase.py iterate [line:68] INFO Select clients [0, 1, 2, 3, 4, 5, 6, 7, 8, 9, 10, 11, 12, 13, 14, 15, 16, 17, 18, 19] at time 262.
2025-04-26 10:36:19,733 asyncbase.py iterate [line:73] INFO Receive new models from clients [3, 6, 4, 17, 11, 19, 5, 13, 16, 2, 1, 15, 10, 9, 7, 8, 0, 18, 14, 12] at time 263
2025-04-26 10:36:23,701 fedbase.py run [line:318] INFO --------------Round 93--------------
2025-04-26 10:36:23,702 simple_logger.py log_once [line:14] INFO Current_time:263
2025-04-26 10:36:26,579 simple_logger.py log_once [line:28] INFO test_accuracy                 0.7216
2025-04-26 10:36:26,579 simple_logger.py log_once [line:28] INFO test_loss                     0.7873
2025-04-26 10:36:26,579 simple_logger.py log_once [line:28] INFO val_accuracy                  0.7140
2025-04-26 10:36:26,579 simple_logger.py log_once [line:28] INFO mean_val_accuracy             0.7140
2025-04-26 10:36:26,579 simple_logger.py log_once [line:28] INFO std_val_accuracy              0.0284
2025-04-26 10:36:26,579 simple_logger.py log_once [line:28] INFO val_loss                      0.8055
2025-04-26 10:36:26,579 simple_logger.py log_once [line:28] INFO mean_val_loss                 0.8055
2025-04-26 10:36:26,580 simple_logger.py log_once [line:28] INFO std_val_loss                  0.0691
2025-04-26 10:36:26,580 fedbase.py run [line:323] INFO expense           1749505460.0
2025-04-26 10:36:26,580 fedbase.py run [line:324] INFO Eval Time Cost:               2.8776s
2025-04-26 10:36:26,580 asyncbase.py iterate [line:68] INFO Select clients [0, 1, 2, 3, 4, 5, 6, 7, 8, 9, 10, 11, 12, 13, 14, 15, 16, 17, 18, 19] at time 264.
2025-04-26 10:37:46,821 asyncbase.py iterate [line:73] INFO Receive new models from clients [2, 6, 13, 19, 8, 12, 15, 5, 10, 18, 4, 11, 9, 3, 16, 14, 17] at time 267
2025-04-26 10:37:46,821 asyncbase.py iterate [line:73] INFO Receive new models from clients [0, 1, 7] at time 268
2025-04-26 10:37:47,278 fedbase.py run [line:318] INFO --------------Round 94--------------
2025-04-26 10:37:47,278 simple_logger.py log_once [line:14] INFO Current_time:268
2025-04-26 10:37:50,162 simple_logger.py log_once [line:28] INFO test_accuracy                 0.7140
2025-04-26 10:37:50,163 simple_logger.py log_once [line:28] INFO test_loss                     0.8037
2025-04-26 10:37:50,163 simple_logger.py log_once [line:28] INFO val_accuracy                  0.7126
2025-04-26 10:37:50,163 simple_logger.py log_once [line:28] INFO mean_val_accuracy             0.7126
2025-04-26 10:37:50,163 simple_logger.py log_once [line:28] INFO std_val_accuracy              0.0273
2025-04-26 10:37:50,163 simple_logger.py log_once [line:28] INFO val_loss                      0.8175
2025-04-26 10:37:50,163 simple_logger.py log_once [line:28] INFO mean_val_loss                 0.8175
2025-04-26 10:37:50,163 simple_logger.py log_once [line:28] INFO std_val_loss                  0.0703
2025-04-26 10:37:50,163 fedbase.py run [line:323] INFO expense           1753936660.0
2025-04-26 10:37:50,163 fedbase.py run [line:324] INFO Eval Time Cost:               2.8847s
2025-04-26 10:37:50,163 asyncbase.py iterate [line:68] INFO Select clients [0, 1, 2, 3, 4, 5, 6, 7, 8, 9, 10, 11, 12, 13, 14, 15, 16, 17, 18, 19] at time 269.
2025-04-26 10:39:09,781 asyncbase.py iterate [line:73] INFO Receive new models from clients [18, 12, 4, 11, 8, 19, 17, 3, 0, 13, 16, 10, 15, 2, 1, 6, 7, 5, 14, 9] at time 270
2025-04-26 10:39:10,228 fedbase.py run [line:318] INFO --------------Round 95--------------
2025-04-26 10:39:10,229 simple_logger.py log_once [line:14] INFO Current_time:270
2025-04-26 10:39:13,060 simple_logger.py log_once [line:28] INFO test_accuracy                 0.7173
2025-04-26 10:39:13,060 simple_logger.py log_once [line:28] INFO test_loss                     0.7949
2025-04-26 10:39:13,060 simple_logger.py log_once [line:28] INFO val_accuracy                  0.7150
2025-04-26 10:39:13,060 simple_logger.py log_once [line:28] INFO mean_val_accuracy             0.7150
2025-04-26 10:39:13,060 simple_logger.py log_once [line:28] INFO std_val_accuracy              0.0269
2025-04-26 10:39:13,060 simple_logger.py log_once [line:28] INFO val_loss                      0.8124
2025-04-26 10:39:13,060 simple_logger.py log_once [line:28] INFO mean_val_loss                 0.8124
2025-04-26 10:39:13,060 simple_logger.py log_once [line:28] INFO std_val_loss                  0.0696
2025-04-26 10:39:13,060 fedbase.py run [line:323] INFO expense           1758367860.0
2025-04-26 10:39:13,060 fedbase.py run [line:324] INFO Eval Time Cost:               2.8316s
2025-04-26 10:39:13,060 asyncbase.py iterate [line:68] INFO Select clients [0, 1, 2, 3, 4, 5, 6, 7, 8, 9, 10, 11, 12, 13, 14, 15, 16, 17, 18, 19] at time 271.
2025-04-26 10:40:31,273 asyncbase.py iterate [line:73] INFO Receive new models from clients [10, 14, 0, 16, 3, 7, 2, 13, 19, 18, 4, 15, 8, 6, 12, 9, 11, 5, 17, 1] at time 272
2025-04-26 10:40:31,724 fedbase.py run [line:318] INFO --------------Round 96--------------
2025-04-26 10:40:31,724 simple_logger.py log_once [line:14] INFO Current_time:272
2025-04-26 10:40:34,580 simple_logger.py log_once [line:28] INFO test_accuracy                 0.7147
2025-04-26 10:40:34,580 simple_logger.py log_once [line:28] INFO test_loss                     0.8008
2025-04-26 10:40:34,580 simple_logger.py log_once [line:28] INFO val_accuracy                  0.7078
2025-04-26 10:40:34,580 simple_logger.py log_once [line:28] INFO mean_val_accuracy             0.7078
2025-04-26 10:40:34,580 simple_logger.py log_once [line:28] INFO std_val_accuracy              0.0289
2025-04-26 10:40:34,580 simple_logger.py log_once [line:28] INFO val_loss                      0.8169
2025-04-26 10:40:34,580 simple_logger.py log_once [line:28] INFO mean_val_loss                 0.8169
2025-04-26 10:40:34,580 simple_logger.py log_once [line:28] INFO std_val_loss                  0.0701
2025-04-26 10:40:34,580 fedbase.py run [line:323] INFO expense           1762799060.0
2025-04-26 10:40:34,580 fedbase.py run [line:324] INFO Eval Time Cost:               2.8562s
2025-04-26 10:40:34,581 asyncbase.py iterate [line:68] INFO Select clients [0, 1, 2, 3, 4, 5, 6, 7, 8, 9, 10, 11, 12, 13, 14, 15, 16, 17, 18, 19] at time 273.
2025-04-26 10:41:55,042 asyncbase.py iterate [line:73] INFO Receive new models from clients [18, 12, 16, 10, 11, 19, 9, 15, 13, 0, 14, 6, 3, 2, 5, 8, 1, 4, 17, 7] at time 274
2025-04-26 10:41:55,673 fedbase.py run [line:318] INFO --------------Round 97--------------
2025-04-26 10:41:55,673 simple_logger.py log_once [line:14] INFO Current_time:274
2025-04-26 10:41:58,578 simple_logger.py log_once [line:28] INFO test_accuracy                 0.7133
2025-04-26 10:41:58,578 simple_logger.py log_once [line:28] INFO test_loss                     0.8026
2025-04-26 10:41:58,578 simple_logger.py log_once [line:28] INFO val_accuracy                  0.7108
2025-04-26 10:41:58,578 simple_logger.py log_once [line:28] INFO mean_val_accuracy             0.7108
2025-04-26 10:41:58,578 simple_logger.py log_once [line:28] INFO std_val_accuracy              0.0273
2025-04-26 10:41:58,578 simple_logger.py log_once [line:28] INFO val_loss                      0.8186
2025-04-26 10:41:58,578 simple_logger.py log_once [line:28] INFO mean_val_loss                 0.8186
2025-04-26 10:41:58,578 simple_logger.py log_once [line:28] INFO std_val_loss                  0.0700
2025-04-26 10:41:58,578 fedbase.py run [line:323] INFO expense           1767230260.0
2025-04-26 10:41:58,579 fedbase.py run [line:324] INFO Eval Time Cost:               2.9052s
2025-04-26 10:41:58,579 asyncbase.py iterate [line:68] INFO Select clients [0, 1, 2, 3, 4, 5, 6, 7, 8, 9, 10, 11, 12, 13, 14, 15, 16, 17, 18, 19] at time 275.
2025-04-26 10:43:18,706 asyncbase.py iterate [line:73] INFO Receive new models from clients [11, 7, 2, 0, 16, 14, 1, 5, 19, 17, 3, 10, 8, 12, 4, 15, 13, 9, 18, 6] at time 276
2025-04-26 10:43:19,148 fedbase.py run [line:318] INFO --------------Round 98--------------
2025-04-26 10:43:19,149 simple_logger.py log_once [line:14] INFO Current_time:276
2025-04-26 10:43:22,021 simple_logger.py log_once [line:28] INFO test_accuracy                 0.7182
2025-04-26 10:43:22,021 simple_logger.py log_once [line:28] INFO test_loss                     0.7969
2025-04-26 10:43:22,021 simple_logger.py log_once [line:28] INFO val_accuracy                  0.7140
2025-04-26 10:43:22,021 simple_logger.py log_once [line:28] INFO mean_val_accuracy             0.7140
2025-04-26 10:43:22,021 simple_logger.py log_once [line:28] INFO std_val_accuracy              0.0261
2025-04-26 10:43:22,021 simple_logger.py log_once [line:28] INFO val_loss                      0.8126
2025-04-26 10:43:22,022 simple_logger.py log_once [line:28] INFO mean_val_loss                 0.8126
2025-04-26 10:43:22,022 simple_logger.py log_once [line:28] INFO std_val_loss                  0.0698
2025-04-26 10:43:22,022 fedbase.py run [line:323] INFO expense           1771661460.0
2025-04-26 10:43:22,022 fedbase.py run [line:324] INFO Eval Time Cost:               2.8727s
2025-04-26 10:43:22,022 asyncbase.py iterate [line:68] INFO Select clients [0, 1, 2, 3, 4, 5, 6, 7, 8, 9, 10, 11, 12, 13, 14, 15, 16, 17, 18, 19] at time 277.
2025-04-26 10:44:38,888 asyncbase.py iterate [line:73] INFO Receive new models from clients [13, 14, 4, 3, 10, 6, 8, 19, 2, 5, 15, 9, 17, 0, 12, 16, 11, 18, 7, 1] at time 278
2025-04-26 10:44:39,342 fedbase.py run [line:318] INFO --------------Round 99--------------
2025-04-26 10:44:39,342 simple_logger.py log_once [line:14] INFO Current_time:278
2025-04-26 10:44:42,576 simple_logger.py log_once [line:28] INFO test_accuracy                 0.7183
2025-04-26 10:44:42,576 simple_logger.py log_once [line:28] INFO test_loss                     0.7989
2025-04-26 10:44:42,576 simple_logger.py log_once [line:28] INFO val_accuracy                  0.7088
2025-04-26 10:44:42,577 simple_logger.py log_once [line:28] INFO mean_val_accuracy             0.7088
2025-04-26 10:44:42,577 simple_logger.py log_once [line:28] INFO std_val_accuracy              0.0283
2025-04-26 10:44:42,577 simple_logger.py log_once [line:28] INFO val_loss                      0.8135
2025-04-26 10:44:42,577 simple_logger.py log_once [line:28] INFO mean_val_loss                 0.8135
2025-04-26 10:44:42,577 simple_logger.py log_once [line:28] INFO std_val_loss                  0.0699
2025-04-26 10:44:42,577 fedbase.py run [line:323] INFO expense           1776092660.0
2025-04-26 10:44:42,577 fedbase.py run [line:324] INFO Eval Time Cost:               3.2345s
2025-04-26 10:44:42,577 asyncbase.py iterate [line:68] INFO Select clients [0, 1, 2, 3, 4, 5, 6, 7, 8, 9, 10, 11, 12, 13, 14, 15, 16, 17, 18, 19] at time 279.
2025-04-26 10:46:01,611 asyncbase.py iterate [line:73] INFO Receive new models from clients [0, 19, 6, 5, 15, 4, 3, 7, 9, 14, 17, 11, 10, 2, 16, 12, 8, 18, 1, 13] at time 280
2025-04-26 10:46:02,238 fedbase.py run [line:318] INFO --------------Round 100--------------
2025-04-26 10:46:02,239 simple_logger.py log_once [line:14] INFO Current_time:280
2025-04-26 10:46:05,306 simple_logger.py log_once [line:28] INFO test_accuracy                 0.7182
2025-04-26 10:46:05,306 simple_logger.py log_once [line:28] INFO test_loss                     0.7925
2025-04-26 10:46:05,306 simple_logger.py log_once [line:28] INFO val_accuracy                  0.7148
2025-04-26 10:46:05,306 simple_logger.py log_once [line:28] INFO mean_val_accuracy             0.7148
2025-04-26 10:46:05,306 simple_logger.py log_once [line:28] INFO std_val_accuracy              0.0278
2025-04-26 10:46:05,306 simple_logger.py log_once [line:28] INFO val_loss                      0.8110
2025-04-26 10:46:05,306 simple_logger.py log_once [line:28] INFO mean_val_loss                 0.8110
2025-04-26 10:46:05,306 simple_logger.py log_once [line:28] INFO std_val_loss                  0.0686
2025-04-26 10:46:05,306 fedbase.py run [line:323] INFO expense           1780523860.0
2025-04-26 10:46:05,306 fedbase.py run [line:324] INFO Eval Time Cost:               3.0673s
2025-04-26 10:46:05,306 asyncbase.py iterate [line:68] INFO Select clients [0, 1, 2, 3, 4, 5, 6, 7, 8, 9, 10, 11, 12, 13, 14, 15, 16, 17, 18, 19] at time 281.
2025-04-26 10:46:40,465 asyncbase.py iterate [line:73] INFO Receive new models from clients [5, 0, 10, 12, 18, 19, 9, 13, 3, 8, 7, 2, 15, 16, 14, 6, 1, 4, 11, 17] at time 282
2025-04-26 10:46:44,114 fedbase.py run [line:318] INFO --------------Round 101--------------
2025-04-26 10:46:44,115 simple_logger.py log_once [line:14] INFO Current_time:282
2025-04-26 10:46:46,988 simple_logger.py log_once [line:28] INFO test_accuracy                 0.7247
2025-04-26 10:46:46,988 simple_logger.py log_once [line:28] INFO test_loss                     0.7747
2025-04-26 10:46:46,988 simple_logger.py log_once [line:28] INFO val_accuracy                  0.7222
2025-04-26 10:46:46,988 simple_logger.py log_once [line:28] INFO mean_val_accuracy             0.7222
2025-04-26 10:46:46,988 simple_logger.py log_once [line:28] INFO std_val_accuracy              0.0290
2025-04-26 10:46:46,988 simple_logger.py log_once [line:28] INFO val_loss                      0.7925
2025-04-26 10:46:46,988 simple_logger.py log_once [line:28] INFO mean_val_loss                 0.7925
2025-04-26 10:46:46,988 simple_logger.py log_once [line:28] INFO std_val_loss                  0.0690
2025-04-26 10:46:46,989 fedbase.py run [line:323] INFO expense           1836393670.0
2025-04-26 10:46:46,989 fedbase.py run [line:324] INFO Eval Time Cost:               2.8740s
2025-04-26 10:46:46,989 asyncbase.py iterate [line:68] INFO Select clients [0, 1, 2, 3, 4, 5, 6, 7, 8, 9, 10, 11, 12, 13, 14, 15, 16, 17, 18, 19] at time 283.
2025-04-26 10:48:02,825 asyncbase.py iterate [line:73] INFO Receive new models from clients [19, 13, 18, 1, 15, 2, 3, 9, 5, 4, 17, 11, 7, 14, 16, 0, 12] at time 286
2025-04-26 10:48:02,826 asyncbase.py iterate [line:73] INFO Receive new models from clients [10, 6, 8] at time 287
2025-04-26 10:48:03,266 fedbase.py run [line:318] INFO --------------Round 102--------------
2025-04-26 10:48:03,267 simple_logger.py log_once [line:14] INFO Current_time:287
2025-04-26 10:48:06,123 simple_logger.py log_once [line:28] INFO test_accuracy                 0.7233
2025-04-26 10:48:06,123 simple_logger.py log_once [line:28] INFO test_loss                     0.7799
2025-04-26 10:48:06,123 simple_logger.py log_once [line:28] INFO val_accuracy                  0.7166
2025-04-26 10:48:06,123 simple_logger.py log_once [line:28] INFO mean_val_accuracy             0.7166
2025-04-26 10:48:06,123 simple_logger.py log_once [line:28] INFO std_val_accuracy              0.0308
2025-04-26 10:48:06,123 simple_logger.py log_once [line:28] INFO val_loss                      0.7970
2025-04-26 10:48:06,123 simple_logger.py log_once [line:28] INFO mean_val_loss                 0.7970
2025-04-26 10:48:06,123 simple_logger.py log_once [line:28] INFO std_val_loss                  0.0695
2025-04-26 10:48:06,123 fedbase.py run [line:323] INFO expense           1840824870.0
2025-04-26 10:48:06,123 fedbase.py run [line:324] INFO Eval Time Cost:               2.8566s
2025-04-26 10:48:06,123 asyncbase.py iterate [line:68] INFO Select clients [0, 1, 2, 3, 4, 5, 6, 7, 8, 9, 10, 11, 12, 13, 14, 15, 16, 17, 18, 19] at time 288.
2025-04-26 10:49:24,015 asyncbase.py iterate [line:73] INFO Receive new models from clients [0, 16, 12, 18, 19, 3, 17, 10, 7, 14, 2, 11, 8, 15, 6, 13, 4, 1, 5, 9] at time 289
2025-04-26 10:49:24,463 fedbase.py run [line:318] INFO --------------Round 103--------------
2025-04-26 10:49:24,463 simple_logger.py log_once [line:14] INFO Current_time:289
2025-04-26 10:49:27,324 simple_logger.py log_once [line:28] INFO test_accuracy                 0.7203
2025-04-26 10:49:27,324 simple_logger.py log_once [line:28] INFO test_loss                     0.7863
2025-04-26 10:49:27,324 simple_logger.py log_once [line:28] INFO val_accuracy                  0.7120
2025-04-26 10:49:27,324 simple_logger.py log_once [line:28] INFO mean_val_accuracy             0.7120
2025-04-26 10:49:27,324 simple_logger.py log_once [line:28] INFO std_val_accuracy              0.0296
2025-04-26 10:49:27,325 simple_logger.py log_once [line:28] INFO val_loss                      0.8043
2025-04-26 10:49:27,325 simple_logger.py log_once [line:28] INFO mean_val_loss                 0.8043
2025-04-26 10:49:27,325 simple_logger.py log_once [line:28] INFO std_val_loss                  0.0675
2025-04-26 10:49:27,325 fedbase.py run [line:323] INFO expense           1845256070.0
2025-04-26 10:49:27,325 fedbase.py run [line:324] INFO Eval Time Cost:               2.8612s
2025-04-26 10:49:27,325 asyncbase.py iterate [line:68] INFO Select clients [0, 1, 2, 3, 4, 5, 6, 7, 8, 9, 10, 11, 12, 13, 14, 15, 16, 17, 18, 19] at time 290.
2025-04-26 10:50:44,888 asyncbase.py iterate [line:73] INFO Receive new models from clients [11, 13, 9, 6, 10, 3, 14, 7, 16, 1, 4, 0, 17, 2, 12, 8, 18, 19, 5, 15] at time 291
2025-04-26 10:50:45,514 fedbase.py run [line:318] INFO --------------Round 104--------------
2025-04-26 10:50:45,515 simple_logger.py log_once [line:14] INFO Current_time:291
2025-04-26 10:50:48,760 simple_logger.py log_once [line:28] INFO test_accuracy                 0.7210
2025-04-26 10:50:48,761 simple_logger.py log_once [line:28] INFO test_loss                     0.7858
2025-04-26 10:50:48,761 simple_logger.py log_once [line:28] INFO val_accuracy                  0.7174
2025-04-26 10:50:48,761 simple_logger.py log_once [line:28] INFO mean_val_accuracy             0.7174
2025-04-26 10:50:48,761 simple_logger.py log_once [line:28] INFO std_val_accuracy              0.0297
2025-04-26 10:50:48,761 simple_logger.py log_once [line:28] INFO val_loss                      0.8036
2025-04-26 10:50:48,761 simple_logger.py log_once [line:28] INFO mean_val_loss                 0.8036
2025-04-26 10:50:48,761 simple_logger.py log_once [line:28] INFO std_val_loss                  0.0687
2025-04-26 10:50:48,761 fedbase.py run [line:323] INFO expense           1849687270.0
2025-04-26 10:50:48,761 fedbase.py run [line:324] INFO Eval Time Cost:               3.2459s
2025-04-26 10:50:48,761 asyncbase.py iterate [line:68] INFO Select clients [0, 1, 2, 3, 4, 5, 6, 7, 8, 9, 10, 11, 12, 13, 14, 15, 16, 17, 18, 19] at time 292.
2025-04-26 10:52:05,462 asyncbase.py iterate [line:73] INFO Receive new models from clients [17, 11, 2, 10, 13, 5, 19, 0, 15, 7, 1, 16, 6, 4, 3, 12, 18, 14, 9, 8] at time 293
2025-04-26 10:52:05,913 fedbase.py run [line:318] INFO --------------Round 105--------------
2025-04-26 10:52:05,914 simple_logger.py log_once [line:14] INFO Current_time:293
2025-04-26 10:52:08,773 simple_logger.py log_once [line:28] INFO test_accuracy                 0.7212
2025-04-26 10:52:08,773 simple_logger.py log_once [line:28] INFO test_loss                     0.7906
2025-04-26 10:52:08,773 simple_logger.py log_once [line:28] INFO val_accuracy                  0.7182
2025-04-26 10:52:08,773 simple_logger.py log_once [line:28] INFO mean_val_accuracy             0.7182
2025-04-26 10:52:08,773 simple_logger.py log_once [line:28] INFO std_val_accuracy              0.0275
2025-04-26 10:52:08,773 simple_logger.py log_once [line:28] INFO val_loss                      0.8099
2025-04-26 10:52:08,774 simple_logger.py log_once [line:28] INFO mean_val_loss                 0.8099
2025-04-26 10:52:08,774 simple_logger.py log_once [line:28] INFO std_val_loss                  0.0699
2025-04-26 10:52:08,774 fedbase.py run [line:323] INFO expense           1854118470.0
2025-04-26 10:52:08,774 fedbase.py run [line:324] INFO Eval Time Cost:               2.8600s
2025-04-26 10:52:08,774 asyncbase.py iterate [line:68] INFO Select clients [0, 1, 2, 3, 4, 5, 6, 7, 8, 9, 10, 11, 12, 13, 14, 15, 16, 17, 18, 19] at time 294.
2025-04-26 10:53:28,051 asyncbase.py iterate [line:73] INFO Receive new models from clients [6, 7, 2, 13, 1, 8, 19, 5, 14, 10, 18, 12, 9, 0, 16, 17, 3, 11, 15, 4] at time 295
2025-04-26 10:53:28,496 fedbase.py run [line:318] INFO --------------Round 106--------------
2025-04-26 10:53:28,496 simple_logger.py log_once [line:14] INFO Current_time:295
2025-04-26 10:53:31,364 simple_logger.py log_once [line:28] INFO test_accuracy                 0.7206
2025-04-26 10:53:31,364 simple_logger.py log_once [line:28] INFO test_loss                     0.7864
2025-04-26 10:53:31,364 simple_logger.py log_once [line:28] INFO val_accuracy                  0.7164
2025-04-26 10:53:31,365 simple_logger.py log_once [line:28] INFO mean_val_accuracy             0.7164
2025-04-26 10:53:31,365 simple_logger.py log_once [line:28] INFO std_val_accuracy              0.0294
2025-04-26 10:53:31,365 simple_logger.py log_once [line:28] INFO val_loss                      0.8010
2025-04-26 10:53:31,365 simple_logger.py log_once [line:28] INFO mean_val_loss                 0.8010
2025-04-26 10:53:31,365 simple_logger.py log_once [line:28] INFO std_val_loss                  0.0695
2025-04-26 10:53:31,365 fedbase.py run [line:323] INFO expense           1858549670.0
2025-04-26 10:53:31,365 fedbase.py run [line:324] INFO Eval Time Cost:               2.8684s
2025-04-26 10:53:31,365 asyncbase.py iterate [line:68] INFO Select clients [0, 1, 2, 3, 4, 5, 6, 7, 8, 9, 10, 11, 12, 13, 14, 15, 16, 17, 18, 19] at time 296.
2025-04-26 10:54:51,821 asyncbase.py iterate [line:73] INFO Receive new models from clients [16, 0, 15, 3, 7, 6, 18, 13, 10, 11, 12, 14, 17, 9, 2, 8, 4, 19, 1, 5] at time 297
2025-04-26 10:54:52,271 fedbase.py run [line:318] INFO --------------Round 107--------------
2025-04-26 10:54:52,271 simple_logger.py log_once [line:14] INFO Current_time:297
2025-04-26 10:54:55,155 simple_logger.py log_once [line:28] INFO test_accuracy                 0.7213
2025-04-26 10:54:55,155 simple_logger.py log_once [line:28] INFO test_loss                     0.7860
2025-04-26 10:54:55,155 simple_logger.py log_once [line:28] INFO val_accuracy                  0.7158
2025-04-26 10:54:55,155 simple_logger.py log_once [line:28] INFO mean_val_accuracy             0.7158
2025-04-26 10:54:55,155 simple_logger.py log_once [line:28] INFO std_val_accuracy              0.0268
2025-04-26 10:54:55,155 simple_logger.py log_once [line:28] INFO val_loss                      0.8000
2025-04-26 10:54:55,155 simple_logger.py log_once [line:28] INFO mean_val_loss                 0.8000
2025-04-26 10:54:55,156 simple_logger.py log_once [line:28] INFO std_val_loss                  0.0696
2025-04-26 10:54:55,156 fedbase.py run [line:323] INFO expense           1862980870.0
2025-04-26 10:54:55,156 fedbase.py run [line:324] INFO Eval Time Cost:               2.8842s
2025-04-26 10:54:55,156 asyncbase.py iterate [line:68] INFO Select clients [0, 1, 2, 3, 4, 5, 6, 7, 8, 9, 10, 11, 12, 13, 14, 15, 16, 17, 18, 19] at time 298.
2025-04-26 10:56:09,202 asyncbase.py iterate [line:73] INFO Receive new models from clients [6, 12, 5, 8, 13, 14, 19, 3, 0, 11, 4, 18, 16, 15, 7, 1, 9, 2, 10, 17] at time 299
2025-04-26 10:56:09,663 fedbase.py run [line:318] INFO --------------Round 108--------------
2025-04-26 10:56:09,663 simple_logger.py log_once [line:14] INFO Current_time:299
2025-04-26 10:56:12,863 simple_logger.py log_once [line:28] INFO test_accuracy                 0.7207
2025-04-26 10:56:12,863 simple_logger.py log_once [line:28] INFO test_loss                     0.7893
2025-04-26 10:56:12,863 simple_logger.py log_once [line:28] INFO val_accuracy                  0.7154
2025-04-26 10:56:12,863 simple_logger.py log_once [line:28] INFO mean_val_accuracy             0.7154
2025-04-26 10:56:12,863 simple_logger.py log_once [line:28] INFO std_val_accuracy              0.0284
2025-04-26 10:56:12,863 simple_logger.py log_once [line:28] INFO val_loss                      0.8034
2025-04-26 10:56:12,863 simple_logger.py log_once [line:28] INFO mean_val_loss                 0.8034
2025-04-26 10:56:12,863 simple_logger.py log_once [line:28] INFO std_val_loss                  0.0682
2025-04-26 10:56:12,863 fedbase.py run [line:323] INFO expense           1867412070.0
2025-04-26 10:56:12,863 fedbase.py run [line:324] INFO Eval Time Cost:               3.2000s
2025-04-26 10:56:12,864 asyncbase.py iterate [line:68] INFO Select clients [0, 1, 2, 3, 4, 5, 6, 7, 8, 9, 10, 11, 12, 13, 14, 15, 16, 17, 18, 19] at time 300.
2025-04-26 10:57:32,849 asyncbase.py iterate [line:73] INFO Receive new models from clients [19, 18, 4, 15, 1, 0, 12, 6, 16, 5, 9, 8, 17, 2, 10, 3, 13, 7, 14, 11] at time 301
2025-04-26 10:57:33,296 fedbase.py run [line:318] INFO --------------Round 109--------------
2025-04-26 10:57:33,297 simple_logger.py log_once [line:14] INFO Current_time:301
2025-04-26 10:57:36,200 simple_logger.py log_once [line:28] INFO test_accuracy                 0.7207
2025-04-26 10:57:36,200 simple_logger.py log_once [line:28] INFO test_loss                     0.7834
2025-04-26 10:57:36,200 simple_logger.py log_once [line:28] INFO val_accuracy                  0.7194
2025-04-26 10:57:36,200 simple_logger.py log_once [line:28] INFO mean_val_accuracy             0.7194
2025-04-26 10:57:36,200 simple_logger.py log_once [line:28] INFO std_val_accuracy              0.0298
2025-04-26 10:57:36,200 simple_logger.py log_once [line:28] INFO val_loss                      0.7981
2025-04-26 10:57:36,200 simple_logger.py log_once [line:28] INFO mean_val_loss                 0.7981
2025-04-26 10:57:36,200 simple_logger.py log_once [line:28] INFO std_val_loss                  0.0685
2025-04-26 10:57:36,201 fedbase.py run [line:323] INFO expense           1871843270.0
2025-04-26 10:57:36,201 fedbase.py run [line:324] INFO Eval Time Cost:               2.9034s
2025-04-26 10:57:36,201 asyncbase.py iterate [line:68] INFO Select clients [0, 1, 2, 3, 4, 5, 6, 7, 8, 9, 10, 11, 12, 13, 14, 15, 16, 17, 18, 19] at time 302.
2025-04-26 10:58:11,861 asyncbase.py iterate [line:73] INFO Receive new models from clients [6, 16, 12, 14, 1, 19, 9, 4, 0, 8, 15, 7, 3, 10, 2, 5, 17, 18, 11, 13] at time 303
2025-04-26 10:58:15,317 fedbase.py run [line:318] INFO --------------Round 110--------------
2025-04-26 10:58:15,317 simple_logger.py log_once [line:14] INFO Current_time:303
2025-04-26 10:58:18,191 simple_logger.py log_once [line:28] INFO test_accuracy                 0.7319
2025-04-26 10:58:18,191 simple_logger.py log_once [line:28] INFO test_loss                     0.7584
2025-04-26 10:58:18,191 simple_logger.py log_once [line:28] INFO val_accuracy                  0.7244
2025-04-26 10:58:18,192 simple_logger.py log_once [line:28] INFO mean_val_accuracy             0.7244
2025-04-26 10:58:18,192 simple_logger.py log_once [line:28] INFO std_val_accuracy              0.0255
2025-04-26 10:58:18,192 simple_logger.py log_once [line:28] INFO val_loss                      0.7751
2025-04-26 10:58:18,192 simple_logger.py log_once [line:28] INFO mean_val_loss                 0.7751
2025-04-26 10:58:18,192 simple_logger.py log_once [line:28] INFO std_val_loss                  0.0669
2025-04-26 10:58:18,192 fedbase.py run [line:323] INFO expense           1927713080.0
2025-04-26 10:58:18,192 fedbase.py run [line:324] INFO Eval Time Cost:               2.8745s
2025-04-26 10:58:18,192 asyncbase.py iterate [line:68] INFO Select clients [0, 1, 2, 3, 4, 5, 6, 7, 8, 9, 10, 11, 12, 13, 14, 15, 16, 17, 18, 19] at time 304.
2025-04-26 10:59:39,114 asyncbase.py iterate [line:73] INFO Receive new models from clients [19, 18, 12, 2, 14, 5, 17, 6, 10, 3, 9, 7, 1, 0, 13, 15, 11] at time 307
2025-04-26 10:59:39,115 asyncbase.py iterate [line:73] INFO Receive new models from clients [8, 4, 16] at time 308
2025-04-26 10:59:39,572 fedbase.py run [line:318] INFO --------------Round 111--------------
2025-04-26 10:59:39,572 simple_logger.py log_once [line:14] INFO Current_time:308
2025-04-26 10:59:42,417 simple_logger.py log_once [line:28] INFO test_accuracy                 0.7282
2025-04-26 10:59:42,418 simple_logger.py log_once [line:28] INFO test_loss                     0.7654
2025-04-26 10:59:42,418 simple_logger.py log_once [line:28] INFO val_accuracy                  0.7190
2025-04-26 10:59:42,418 simple_logger.py log_once [line:28] INFO mean_val_accuracy             0.7190
2025-04-26 10:59:42,418 simple_logger.py log_once [line:28] INFO std_val_accuracy              0.0319
2025-04-26 10:59:42,418 simple_logger.py log_once [line:28] INFO val_loss                      0.7870
2025-04-26 10:59:42,418 simple_logger.py log_once [line:28] INFO mean_val_loss                 0.7870
2025-04-26 10:59:42,418 simple_logger.py log_once [line:28] INFO std_val_loss                  0.0667
2025-04-26 10:59:42,418 fedbase.py run [line:323] INFO expense           1932144280.0
2025-04-26 10:59:42,418 fedbase.py run [line:324] INFO Eval Time Cost:               2.8456s
2025-04-26 10:59:42,418 asyncbase.py iterate [line:68] INFO Select clients [0, 1, 2, 3, 4, 5, 6, 7, 8, 9, 10, 11, 12, 13, 14, 15, 16, 17, 18, 19] at time 309.
2025-04-26 11:01:02,816 asyncbase.py iterate [line:73] INFO Receive new models from clients [11, 19, 15, 10, 17, 1, 3, 9, 4, 13, 18, 12, 2, 5, 6, 0, 16, 7, 8, 14] at time 310
2025-04-26 11:01:03,377 fedbase.py run [line:318] INFO --------------Round 112--------------
2025-04-26 11:01:03,378 simple_logger.py log_once [line:14] INFO Current_time:310
2025-04-26 11:01:06,251 simple_logger.py log_once [line:28] INFO test_accuracy                 0.7222
2025-04-26 11:01:06,251 simple_logger.py log_once [line:28] INFO test_loss                     0.7879
2025-04-26 11:01:06,251 simple_logger.py log_once [line:28] INFO val_accuracy                  0.7152
2025-04-26 11:01:06,251 simple_logger.py log_once [line:28] INFO mean_val_accuracy             0.7152
2025-04-26 11:01:06,251 simple_logger.py log_once [line:28] INFO std_val_accuracy              0.0236
2025-04-26 11:01:06,251 simple_logger.py log_once [line:28] INFO val_loss                      0.8042
2025-04-26 11:01:06,251 simple_logger.py log_once [line:28] INFO mean_val_loss                 0.8042
2025-04-26 11:01:06,251 simple_logger.py log_once [line:28] INFO std_val_loss                  0.0675
2025-04-26 11:01:06,251 fedbase.py run [line:323] INFO expense           1936575480.0
2025-04-26 11:01:06,251 fedbase.py run [line:324] INFO Eval Time Cost:               2.8735s
2025-04-26 11:01:06,252 asyncbase.py iterate [line:68] INFO Select clients [0, 1, 2, 3, 4, 5, 6, 7, 8, 9, 10, 11, 12, 13, 14, 15, 16, 17, 18, 19] at time 311.
2025-04-26 11:02:27,854 asyncbase.py iterate [line:73] INFO Receive new models from clients [13, 8, 9, 1, 7, 19, 14, 11, 12, 4, 0, 17, 18, 16, 10, 2, 6, 15, 3, 5] at time 312
2025-04-26 11:02:28,305 fedbase.py run [line:318] INFO --------------Round 113--------------
2025-04-26 11:02:28,306 simple_logger.py log_once [line:14] INFO Current_time:312
2025-04-26 11:02:31,179 simple_logger.py log_once [line:28] INFO test_accuracy                 0.7274
2025-04-26 11:02:31,179 simple_logger.py log_once [line:28] INFO test_loss                     0.7737
2025-04-26 11:02:31,179 simple_logger.py log_once [line:28] INFO val_accuracy                  0.7190
2025-04-26 11:02:31,179 simple_logger.py log_once [line:28] INFO mean_val_accuracy             0.7190
2025-04-26 11:02:31,179 simple_logger.py log_once [line:28] INFO std_val_accuracy              0.0292
2025-04-26 11:02:31,179 simple_logger.py log_once [line:28] INFO val_loss                      0.7912
2025-04-26 11:02:31,179 simple_logger.py log_once [line:28] INFO mean_val_loss                 0.7912
2025-04-26 11:02:31,179 simple_logger.py log_once [line:28] INFO std_val_loss                  0.0669
2025-04-26 11:02:31,179 fedbase.py run [line:323] INFO expense           1941006680.0
2025-04-26 11:02:31,179 fedbase.py run [line:324] INFO Eval Time Cost:               2.8736s
2025-04-26 11:02:31,180 asyncbase.py iterate [line:68] INFO Select clients [0, 1, 2, 3, 4, 5, 6, 7, 8, 9, 10, 11, 12, 13, 14, 15, 16, 17, 18, 19] at time 313.
2025-04-26 11:03:50,325 asyncbase.py iterate [line:73] INFO Receive new models from clients [10, 4, 19, 13, 3, 14, 5, 11, 12, 1, 6, 0, 7, 9, 8, 2, 16, 15, 17, 18] at time 314
2025-04-26 11:03:50,801 fedbase.py run [line:318] INFO --------------Round 114--------------
2025-04-26 11:03:50,801 simple_logger.py log_once [line:14] INFO Current_time:314
2025-04-26 11:03:53,740 simple_logger.py log_once [line:28] INFO test_accuracy                 0.7289
2025-04-26 11:03:53,740 simple_logger.py log_once [line:28] INFO test_loss                     0.7628
2025-04-26 11:03:53,740 simple_logger.py log_once [line:28] INFO val_accuracy                  0.7236
2025-04-26 11:03:53,741 simple_logger.py log_once [line:28] INFO mean_val_accuracy             0.7236
2025-04-26 11:03:53,741 simple_logger.py log_once [line:28] INFO std_val_accuracy              0.0297
2025-04-26 11:03:53,741 simple_logger.py log_once [line:28] INFO val_loss                      0.7847
2025-04-26 11:03:53,741 simple_logger.py log_once [line:28] INFO mean_val_loss                 0.7847
2025-04-26 11:03:53,741 simple_logger.py log_once [line:28] INFO std_val_loss                  0.0674
2025-04-26 11:03:53,741 fedbase.py run [line:323] INFO expense           1945437880.0
2025-04-26 11:03:53,741 fedbase.py run [line:324] INFO Eval Time Cost:               2.9397s
2025-04-26 11:03:53,741 asyncbase.py iterate [line:68] INFO Select clients [0, 1, 2, 3, 4, 5, 6, 7, 8, 9, 10, 11, 12, 13, 14, 15, 16, 17, 18, 19] at time 315.
2025-04-26 11:05:11,605 asyncbase.py iterate [line:73] INFO Receive new models from clients [7, 5, 9, 14, 15, 16, 19, 11, 2, 10, 13, 8, 6, 4, 12, 18, 17, 3, 1, 0] at time 316
2025-04-26 11:05:12,058 fedbase.py run [line:318] INFO --------------Round 115--------------
2025-04-26 11:05:12,059 simple_logger.py log_once [line:14] INFO Current_time:316
2025-04-26 11:05:14,902 simple_logger.py log_once [line:28] INFO test_accuracy                 0.7287
2025-04-26 11:05:14,903 simple_logger.py log_once [line:28] INFO test_loss                     0.7631
2025-04-26 11:05:14,903 simple_logger.py log_once [line:28] INFO val_accuracy                  0.7238
2025-04-26 11:05:14,903 simple_logger.py log_once [line:28] INFO mean_val_accuracy             0.7238
2025-04-26 11:05:14,903 simple_logger.py log_once [line:28] INFO std_val_accuracy              0.0299
2025-04-26 11:05:14,903 simple_logger.py log_once [line:28] INFO val_loss                      0.7813
2025-04-26 11:05:14,903 simple_logger.py log_once [line:28] INFO mean_val_loss                 0.7813
2025-04-26 11:05:14,903 simple_logger.py log_once [line:28] INFO std_val_loss                  0.0672
2025-04-26 11:05:14,903 fedbase.py run [line:323] INFO expense           1949869080.0
2025-04-26 11:05:14,903 fedbase.py run [line:324] INFO Eval Time Cost:               2.8445s
2025-04-26 11:05:14,903 asyncbase.py iterate [line:68] INFO Select clients [0, 1, 2, 3, 4, 5, 6, 7, 8, 9, 10, 11, 12, 13, 14, 15, 16, 17, 18, 19] at time 317.
2025-04-26 11:06:33,553 asyncbase.py iterate [line:73] INFO Receive new models from clients [17, 2, 11, 19, 16, 10, 12, 5, 7, 8, 14, 18, 9, 0, 4, 13, 1, 15, 6, 3] at time 318
2025-04-26 11:06:34,002 fedbase.py run [line:318] INFO --------------Round 116--------------
2025-04-26 11:06:34,003 simple_logger.py log_once [line:14] INFO Current_time:318
2025-04-26 11:06:36,926 simple_logger.py log_once [line:28] INFO test_accuracy                 0.7311
2025-04-26 11:06:36,926 simple_logger.py log_once [line:28] INFO test_loss                     0.7576
2025-04-26 11:06:36,926 simple_logger.py log_once [line:28] INFO val_accuracy                  0.7266
2025-04-26 11:06:36,926 simple_logger.py log_once [line:28] INFO mean_val_accuracy             0.7266
2025-04-26 11:06:36,926 simple_logger.py log_once [line:28] INFO std_val_accuracy              0.0302
2025-04-26 11:06:36,926 simple_logger.py log_once [line:28] INFO val_loss                      0.7763
2025-04-26 11:06:36,926 simple_logger.py log_once [line:28] INFO mean_val_loss                 0.7763
2025-04-26 11:06:36,927 simple_logger.py log_once [line:28] INFO std_val_loss                  0.0675
2025-04-26 11:06:36,927 fedbase.py run [line:323] INFO expense           1954300280.0
2025-04-26 11:06:36,927 fedbase.py run [line:324] INFO Eval Time Cost:               2.9240s
2025-04-26 11:06:36,927 asyncbase.py iterate [line:68] INFO Select clients [0, 1, 2, 3, 4, 5, 6, 7, 8, 9, 10, 11, 12, 13, 14, 15, 16, 17, 18, 19] at time 319.
2025-04-26 11:07:57,257 asyncbase.py iterate [line:73] INFO Receive new models from clients [3, 11, 19, 12, 5, 14, 9, 17, 0, 15, 1, 2, 4, 18, 16, 6, 8, 7, 10, 13] at time 320
2025-04-26 11:07:57,922 fedbase.py run [line:318] INFO --------------Round 117--------------
2025-04-26 11:07:57,923 simple_logger.py log_once [line:14] INFO Current_time:320
2025-04-26 11:08:01,306 simple_logger.py log_once [line:28] INFO test_accuracy                 0.7315
2025-04-26 11:08:01,306 simple_logger.py log_once [line:28] INFO test_loss                     0.7621
2025-04-26 11:08:01,307 simple_logger.py log_once [line:28] INFO val_accuracy                  0.7240
2025-04-26 11:08:01,307 simple_logger.py log_once [line:28] INFO mean_val_accuracy             0.7240
2025-04-26 11:08:01,307 simple_logger.py log_once [line:28] INFO std_val_accuracy              0.0293
2025-04-26 11:08:01,307 simple_logger.py log_once [line:28] INFO val_loss                      0.7808
2025-04-26 11:08:01,307 simple_logger.py log_once [line:28] INFO mean_val_loss                 0.7808
2025-04-26 11:08:01,307 simple_logger.py log_once [line:28] INFO std_val_loss                  0.0674
2025-04-26 11:08:01,307 fedbase.py run [line:323] INFO expense           1958731480.0
2025-04-26 11:08:01,307 fedbase.py run [line:324] INFO Eval Time Cost:               3.3843s
2025-04-26 11:08:01,307 asyncbase.py iterate [line:68] INFO Select clients [0, 1, 2, 3, 4, 5, 6, 7, 8, 9, 10, 11, 12, 13, 14, 15, 16, 17, 18, 19] at time 321.
2025-04-26 11:09:23,854 asyncbase.py iterate [line:73] INFO Receive new models from clients [15, 0, 14, 7, 1, 18, 19, 11, 3, 9, 6, 17, 4, 12, 8, 13, 16, 5, 2, 10] at time 322
2025-04-26 11:09:24,309 fedbase.py run [line:318] INFO --------------Round 118--------------
2025-04-26 11:09:24,310 simple_logger.py log_once [line:14] INFO Current_time:322
2025-04-26 11:09:27,212 simple_logger.py log_once [line:28] INFO test_accuracy                 0.7298
2025-04-26 11:09:27,212 simple_logger.py log_once [line:28] INFO test_loss                     0.7688
2025-04-26 11:09:27,212 simple_logger.py log_once [line:28] INFO val_accuracy                  0.7236
2025-04-26 11:09:27,212 simple_logger.py log_once [line:28] INFO mean_val_accuracy             0.7236
2025-04-26 11:09:27,213 simple_logger.py log_once [line:28] INFO std_val_accuracy              0.0269
2025-04-26 11:09:27,213 simple_logger.py log_once [line:28] INFO val_loss                      0.7856
2025-04-26 11:09:27,213 simple_logger.py log_once [line:28] INFO mean_val_loss                 0.7856
2025-04-26 11:09:27,213 simple_logger.py log_once [line:28] INFO std_val_loss                  0.0672
2025-04-26 11:09:27,213 fedbase.py run [line:323] INFO expense           1963162680.0
2025-04-26 11:09:27,213 fedbase.py run [line:324] INFO Eval Time Cost:               2.9031s
2025-04-26 11:09:27,213 asyncbase.py iterate [line:68] INFO Select clients [0, 1, 2, 3, 4, 5, 6, 7, 8, 9, 10, 11, 12, 13, 14, 15, 16, 17, 18, 19] at time 323.
2025-04-26 11:10:47,401 asyncbase.py iterate [line:73] INFO Receive new models from clients [15, 19, 7, 11, 14, 0, 3, 5, 8, 10, 17, 2, 13, 18, 4, 9, 6, 1, 12, 16] at time 324
2025-04-26 11:10:48,027 fedbase.py run [line:318] INFO --------------Round 119--------------
2025-04-26 11:10:48,028 simple_logger.py log_once [line:14] INFO Current_time:324
2025-04-26 11:10:51,138 simple_logger.py log_once [line:28] INFO test_accuracy                 0.7284
2025-04-26 11:10:51,138 simple_logger.py log_once [line:28] INFO test_loss                     0.7655
2025-04-26 11:10:51,138 simple_logger.py log_once [line:28] INFO val_accuracy                  0.7218
2025-04-26 11:10:51,138 simple_logger.py log_once [line:28] INFO mean_val_accuracy             0.7218
2025-04-26 11:10:51,138 simple_logger.py log_once [line:28] INFO std_val_accuracy              0.0316
2025-04-26 11:10:51,138 simple_logger.py log_once [line:28] INFO val_loss                      0.7848
2025-04-26 11:10:51,138 simple_logger.py log_once [line:28] INFO mean_val_loss                 0.7848
2025-04-26 11:10:51,138 simple_logger.py log_once [line:28] INFO std_val_loss                  0.0661
2025-04-26 11:10:51,139 fedbase.py run [line:323] INFO expense           1967593880.0
2025-04-26 11:10:51,139 fedbase.py run [line:324] INFO Eval Time Cost:               3.1106s
2025-04-26 11:10:51,139 asyncbase.py iterate [line:68] INFO Select clients [0, 1, 2, 3, 4, 5, 6, 7, 8, 9, 10, 11, 12, 13, 14, 15, 16, 17, 18, 19] at time 325.
2025-04-26 11:11:25,192 asyncbase.py iterate [line:73] INFO Receive new models from clients [6, 11, 5, 0, 4, 2, 1, 10, 18, 8, 14, 17, 16, 12, 9, 3, 15, 13, 7, 19] at time 326
2025-04-26 11:11:28,763 fedbase.py run [line:318] INFO --------------Round 120--------------
2025-04-26 11:11:28,763 simple_logger.py log_once [line:14] INFO Current_time:326
2025-04-26 11:11:31,630 simple_logger.py log_once [line:28] INFO test_accuracy                 0.7337
2025-04-26 11:11:31,630 simple_logger.py log_once [line:28] INFO test_loss                     0.7438
2025-04-26 11:11:31,630 simple_logger.py log_once [line:28] INFO val_accuracy                  0.7302
2025-04-26 11:11:31,630 simple_logger.py log_once [line:28] INFO mean_val_accuracy             0.7302
2025-04-26 11:11:31,630 simple_logger.py log_once [line:28] INFO std_val_accuracy              0.0256
2025-04-26 11:11:31,630 simple_logger.py log_once [line:28] INFO val_loss                      0.7603
2025-04-26 11:11:31,630 simple_logger.py log_once [line:28] INFO mean_val_loss                 0.7603
2025-04-26 11:11:31,630 simple_logger.py log_once [line:28] INFO std_val_loss                  0.0647
2025-04-26 11:11:31,630 fedbase.py run [line:323] INFO expense           2023463690.0
2025-04-26 11:11:31,631 fedbase.py run [line:324] INFO Eval Time Cost:               2.8672s
2025-04-26 11:11:31,631 asyncbase.py iterate [line:68] INFO Select clients [0, 1, 2, 3, 4, 5, 6, 7, 8, 9, 10, 11, 12, 13, 14, 15, 16, 17, 18, 19] at time 327.
2025-04-26 11:12:53,074 asyncbase.py iterate [line:73] INFO Receive new models from clients [5, 12, 1, 17, 6, 15, 11, 10, 19, 0, 2, 4, 16, 8, 14, 18, 13] at time 330
2025-04-26 11:12:53,074 asyncbase.py iterate [line:73] INFO Receive new models from clients [7, 9, 3] at time 331
2025-04-26 11:12:53,702 fedbase.py run [line:318] INFO --------------Round 121--------------
2025-04-26 11:12:53,703 simple_logger.py log_once [line:14] INFO Current_time:331
2025-04-26 11:12:56,955 simple_logger.py log_once [line:28] INFO test_accuracy                 0.7334
2025-04-26 11:12:56,956 simple_logger.py log_once [line:28] INFO test_loss                     0.7574
2025-04-26 11:12:56,956 simple_logger.py log_once [line:28] INFO val_accuracy                  0.7236
2025-04-26 11:12:56,956 simple_logger.py log_once [line:28] INFO mean_val_accuracy             0.7236
2025-04-26 11:12:56,956 simple_logger.py log_once [line:28] INFO std_val_accuracy              0.0286
2025-04-26 11:12:56,956 simple_logger.py log_once [line:28] INFO val_loss                      0.7753
2025-04-26 11:12:56,956 simple_logger.py log_once [line:28] INFO mean_val_loss                 0.7753
2025-04-26 11:12:56,956 simple_logger.py log_once [line:28] INFO std_val_loss                  0.0654
2025-04-26 11:12:56,956 fedbase.py run [line:323] INFO expense           2027894890.0
2025-04-26 11:12:56,956 fedbase.py run [line:324] INFO Eval Time Cost:               3.2531s
2025-04-26 11:12:56,956 asyncbase.py iterate [line:68] INFO Select clients [0, 1, 2, 3, 4, 5, 6, 7, 8, 9, 10, 11, 12, 13, 14, 15, 16, 17, 18, 19] at time 332.
2025-04-26 11:14:15,885 asyncbase.py iterate [line:73] INFO Receive new models from clients [8, 19, 18, 11, 6, 13, 1, 7, 4, 16, 2, 12, 3, 9, 17, 0, 14, 15, 5, 10] at time 333
2025-04-26 11:14:16,514 fedbase.py run [line:318] INFO --------------Round 122--------------
2025-04-26 11:14:16,515 simple_logger.py log_once [line:14] INFO Current_time:333
2025-04-26 11:14:19,614 simple_logger.py log_once [line:28] INFO test_accuracy                 0.7342
2025-04-26 11:14:19,614 simple_logger.py log_once [line:28] INFO test_loss                     0.7480
2025-04-26 11:14:19,615 simple_logger.py log_once [line:28] INFO val_accuracy                  0.7316
2025-04-26 11:14:19,615 simple_logger.py log_once [line:28] INFO mean_val_accuracy             0.7316
2025-04-26 11:14:19,615 simple_logger.py log_once [line:28] INFO std_val_accuracy              0.0270
2025-04-26 11:14:19,615 simple_logger.py log_once [line:28] INFO val_loss                      0.7640
2025-04-26 11:14:19,615 simple_logger.py log_once [line:28] INFO mean_val_loss                 0.7640
2025-04-26 11:14:19,615 simple_logger.py log_once [line:28] INFO std_val_loss                  0.0660
2025-04-26 11:14:19,615 fedbase.py run [line:323] INFO expense           2032326090.0
2025-04-26 11:14:19,615 fedbase.py run [line:324] INFO Eval Time Cost:               3.1003s
2025-04-26 11:14:19,615 asyncbase.py iterate [line:68] INFO Select clients [0, 1, 2, 3, 4, 5, 6, 7, 8, 9, 10, 11, 12, 13, 14, 15, 16, 17, 18, 19] at time 334.
2025-04-26 11:15:40,387 asyncbase.py iterate [line:73] INFO Receive new models from clients [2, 12, 3, 14, 17, 19, 0, 5, 13, 16, 4, 9, 6, 7, 11, 15, 1, 8, 10, 18] at time 335
2025-04-26 11:15:41,013 fedbase.py run [line:318] INFO --------------Round 123--------------
2025-04-26 11:15:41,014 simple_logger.py log_once [line:14] INFO Current_time:335
2025-04-26 11:15:43,861 simple_logger.py log_once [line:28] INFO test_accuracy                 0.7340
2025-04-26 11:15:43,861 simple_logger.py log_once [line:28] INFO test_loss                     0.7523
2025-04-26 11:15:43,862 simple_logger.py log_once [line:28] INFO val_accuracy                  0.7282
2025-04-26 11:15:43,862 simple_logger.py log_once [line:28] INFO mean_val_accuracy             0.7282
2025-04-26 11:15:43,862 simple_logger.py log_once [line:28] INFO std_val_accuracy              0.0282
2025-04-26 11:15:43,862 simple_logger.py log_once [line:28] INFO val_loss                      0.7698
2025-04-26 11:15:43,862 simple_logger.py log_once [line:28] INFO mean_val_loss                 0.7698
2025-04-26 11:15:43,862 simple_logger.py log_once [line:28] INFO std_val_loss                  0.0660
2025-04-26 11:15:43,862 fedbase.py run [line:323] INFO expense           2036757290.0
2025-04-26 11:15:43,862 fedbase.py run [line:324] INFO Eval Time Cost:               2.8483s
2025-04-26 11:15:43,862 asyncbase.py iterate [line:68] INFO Select clients [0, 1, 2, 3, 4, 5, 6, 7, 8, 9, 10, 11, 12, 13, 14, 15, 16, 17, 18, 19] at time 336.
2025-04-26 11:17:05,256 asyncbase.py iterate [line:73] INFO Receive new models from clients [5, 19, 4, 8, 9, 17, 7, 13, 2, 10, 18, 11, 16, 3, 1, 15, 12, 6, 0, 14] at time 337
2025-04-26 11:17:05,701 fedbase.py run [line:318] INFO --------------Round 124--------------
2025-04-26 11:17:05,702 simple_logger.py log_once [line:14] INFO Current_time:337
2025-04-26 11:17:08,561 simple_logger.py log_once [line:28] INFO test_accuracy                 0.7340
2025-04-26 11:17:08,561 simple_logger.py log_once [line:28] INFO test_loss                     0.7513
2025-04-26 11:17:08,561 simple_logger.py log_once [line:28] INFO val_accuracy                  0.7278
2025-04-26 11:17:08,561 simple_logger.py log_once [line:28] INFO mean_val_accuracy             0.7278
2025-04-26 11:17:08,562 simple_logger.py log_once [line:28] INFO std_val_accuracy              0.0270
2025-04-26 11:17:08,562 simple_logger.py log_once [line:28] INFO val_loss                      0.7667
2025-04-26 11:17:08,562 simple_logger.py log_once [line:28] INFO mean_val_loss                 0.7667
2025-04-26 11:17:08,562 simple_logger.py log_once [line:28] INFO std_val_loss                  0.0668
2025-04-26 11:17:08,562 fedbase.py run [line:323] INFO expense           2041188490.0
2025-04-26 11:17:08,562 fedbase.py run [line:324] INFO Eval Time Cost:               2.8600s
2025-04-26 11:17:08,562 asyncbase.py iterate [line:68] INFO Select clients [0, 1, 2, 3, 4, 5, 6, 7, 8, 9, 10, 11, 12, 13, 14, 15, 16, 17, 18, 19] at time 338.
2025-04-26 11:18:26,773 asyncbase.py iterate [line:73] INFO Receive new models from clients [12, 16, 2, 15, 6, 4, 13, 3, 10, 0, 5, 19, 14, 1, 17, 8, 18, 9, 11, 7] at time 339
2025-04-26 11:18:27,399 fedbase.py run [line:318] INFO --------------Round 125--------------
2025-04-26 11:18:27,400 simple_logger.py log_once [line:14] INFO Current_time:339
2025-04-26 11:18:30,358 simple_logger.py log_once [line:28] INFO test_accuracy                 0.7311
2025-04-26 11:18:30,358 simple_logger.py log_once [line:28] INFO test_loss                     0.7584
2025-04-26 11:18:30,358 simple_logger.py log_once [line:28] INFO val_accuracy                  0.7250
2025-04-26 11:18:30,359 simple_logger.py log_once [line:28] INFO mean_val_accuracy             0.7250
2025-04-26 11:18:30,359 simple_logger.py log_once [line:28] INFO std_val_accuracy              0.0298
2025-04-26 11:18:30,359 simple_logger.py log_once [line:28] INFO val_loss                      0.7770
2025-04-26 11:18:30,359 simple_logger.py log_once [line:28] INFO mean_val_loss                 0.7770
2025-04-26 11:18:30,359 simple_logger.py log_once [line:28] INFO std_val_loss                  0.0659
2025-04-26 11:18:30,359 fedbase.py run [line:323] INFO expense           2045619690.0
2025-04-26 11:18:30,359 fedbase.py run [line:324] INFO Eval Time Cost:               2.9591s
2025-04-26 11:18:30,359 asyncbase.py iterate [line:68] INFO Select clients [0, 1, 2, 3, 4, 5, 6, 7, 8, 9, 10, 11, 12, 13, 14, 15, 16, 17, 18, 19] at time 340.
2025-04-26 11:19:48,437 asyncbase.py iterate [line:73] INFO Receive new models from clients [19, 12, 9, 18, 6, 14, 7, 15, 2, 17, 16, 0, 8, 5, 11, 3, 1, 4, 13, 10] at time 341
2025-04-26 11:19:48,883 fedbase.py run [line:318] INFO --------------Round 126--------------
2025-04-26 11:19:48,883 simple_logger.py log_once [line:14] INFO Current_time:341
2025-04-26 11:19:51,759 simple_logger.py log_once [line:28] INFO test_accuracy                 0.7349
2025-04-26 11:19:51,759 simple_logger.py log_once [line:28] INFO test_loss                     0.7493
2025-04-26 11:19:51,759 simple_logger.py log_once [line:28] INFO val_accuracy                  0.7308
2025-04-26 11:19:51,759 simple_logger.py log_once [line:28] INFO mean_val_accuracy             0.7308
2025-04-26 11:19:51,759 simple_logger.py log_once [line:28] INFO std_val_accuracy              0.0271
2025-04-26 11:19:51,759 simple_logger.py log_once [line:28] INFO val_loss                      0.7658
2025-04-26 11:19:51,759 simple_logger.py log_once [line:28] INFO mean_val_loss                 0.7658
2025-04-26 11:19:51,759 simple_logger.py log_once [line:28] INFO std_val_loss                  0.0669
2025-04-26 11:19:51,759 fedbase.py run [line:323] INFO expense           2050050890.0
2025-04-26 11:19:51,759 fedbase.py run [line:324] INFO Eval Time Cost:               2.8758s
2025-04-26 11:19:51,759 asyncbase.py iterate [line:68] INFO Select clients [0, 1, 2, 3, 4, 5, 6, 7, 8, 9, 10, 11, 12, 13, 14, 15, 16, 17, 18, 19] at time 342.
2025-04-26 11:21:07,728 asyncbase.py iterate [line:73] INFO Receive new models from clients [19, 4, 16, 2, 11, 18, 13, 3, 17, 15, 10, 1, 12, 0, 14, 7, 8, 5, 9, 6] at time 343
2025-04-26 11:21:08,174 fedbase.py run [line:318] INFO --------------Round 127--------------
2025-04-26 11:21:08,175 simple_logger.py log_once [line:14] INFO Current_time:343
2025-04-26 11:21:11,054 simple_logger.py log_once [line:28] INFO test_accuracy                 0.7315
2025-04-26 11:21:11,054 simple_logger.py log_once [line:28] INFO test_loss                     0.7548
2025-04-26 11:21:11,054 simple_logger.py log_once [line:28] INFO val_accuracy                  0.7236
2025-04-26 11:21:11,054 simple_logger.py log_once [line:28] INFO mean_val_accuracy             0.7236
2025-04-26 11:21:11,054 simple_logger.py log_once [line:28] INFO std_val_accuracy              0.0298
2025-04-26 11:21:11,054 simple_logger.py log_once [line:28] INFO val_loss                      0.7722
2025-04-26 11:21:11,054 simple_logger.py log_once [line:28] INFO mean_val_loss                 0.7722
2025-04-26 11:21:11,054 simple_logger.py log_once [line:28] INFO std_val_loss                  0.0652
2025-04-26 11:21:11,054 fedbase.py run [line:323] INFO expense           2054482090.0
2025-04-26 11:21:11,055 fedbase.py run [line:324] INFO Eval Time Cost:               2.8794s
2025-04-26 11:21:11,055 asyncbase.py iterate [line:68] INFO Select clients [0, 1, 2, 3, 4, 5, 6, 7, 8, 9, 10, 11, 12, 13, 14, 15, 16, 17, 18, 19] at time 344.
2025-04-26 11:22:31,446 asyncbase.py iterate [line:73] INFO Receive new models from clients [2, 14, 10, 0, 17, 16, 18, 15, 4, 19, 9, 13, 8, 6, 3, 7, 11, 5, 12, 1] at time 345
2025-04-26 11:22:31,901 fedbase.py run [line:318] INFO --------------Round 128--------------
2025-04-26 11:22:31,902 simple_logger.py log_once [line:14] INFO Current_time:345
2025-04-26 11:22:34,759 simple_logger.py log_once [line:28] INFO test_accuracy                 0.7319
2025-04-26 11:22:34,759 simple_logger.py log_once [line:28] INFO test_loss                     0.7664
2025-04-26 11:22:34,759 simple_logger.py log_once [line:28] INFO val_accuracy                  0.7216
2025-04-26 11:22:34,759 simple_logger.py log_once [line:28] INFO mean_val_accuracy             0.7216
2025-04-26 11:22:34,759 simple_logger.py log_once [line:28] INFO std_val_accuracy              0.0255
2025-04-26 11:22:34,759 simple_logger.py log_once [line:28] INFO val_loss                      0.7823
2025-04-26 11:22:34,759 simple_logger.py log_once [line:28] INFO mean_val_loss                 0.7823
2025-04-26 11:22:34,760 simple_logger.py log_once [line:28] INFO std_val_loss                  0.0650
2025-04-26 11:22:34,760 fedbase.py run [line:323] INFO expense           2058913290.0
2025-04-26 11:22:34,760 fedbase.py run [line:324] INFO Eval Time Cost:               2.8581s
2025-04-26 11:22:34,760 asyncbase.py iterate [line:68] INFO Select clients [0, 1, 2, 3, 4, 5, 6, 7, 8, 9, 10, 11, 12, 13, 14, 15, 16, 17, 18, 19] at time 346.
2025-04-26 11:23:54,557 asyncbase.py iterate [line:73] INFO Receive new models from clients [1, 5, 14, 0, 18, 8, 10, 7, 2, 19, 3, 12, 15, 17, 13, 4, 16, 6, 9, 11] at time 347
2025-04-26 11:23:55,011 fedbase.py run [line:318] INFO --------------Round 129--------------
2025-04-26 11:23:55,011 simple_logger.py log_once [line:14] INFO Current_time:347
2025-04-26 11:23:57,879 simple_logger.py log_once [line:28] INFO test_accuracy                 0.7343
2025-04-26 11:23:57,880 simple_logger.py log_once [line:28] INFO test_loss                     0.7451
2025-04-26 11:23:57,880 simple_logger.py log_once [line:28] INFO val_accuracy                  0.7304
2025-04-26 11:23:57,880 simple_logger.py log_once [line:28] INFO mean_val_accuracy             0.7304
2025-04-26 11:23:57,880 simple_logger.py log_once [line:28] INFO std_val_accuracy              0.0262
2025-04-26 11:23:57,880 simple_logger.py log_once [line:28] INFO val_loss                      0.7635
2025-04-26 11:23:57,880 simple_logger.py log_once [line:28] INFO mean_val_loss                 0.7635
2025-04-26 11:23:57,880 simple_logger.py log_once [line:28] INFO std_val_loss                  0.0659
2025-04-26 11:23:57,880 fedbase.py run [line:323] INFO expense           2063344490.0
2025-04-26 11:23:57,880 fedbase.py run [line:324] INFO Eval Time Cost:               2.8687s
2025-04-26 11:23:57,880 asyncbase.py iterate [line:68] INFO Select clients [0, 1, 2, 3, 4, 5, 6, 7, 8, 9, 10, 11, 12, 13, 14, 15, 16, 17, 18, 19] at time 348.
2025-04-26 11:24:33,174 asyncbase.py iterate [line:73] INFO Receive new models from clients [6, 3, 14, 19, 15, 2, 9, 17, 1, 16, 4, 18, 11, 0, 5, 10, 7, 13, 8, 12] at time 349
2025-04-26 11:24:36,769 fedbase.py run [line:318] INFO --------------Round 130--------------
2025-04-26 11:24:36,770 simple_logger.py log_once [line:14] INFO Current_time:349
2025-04-26 11:24:39,566 simple_logger.py log_once [line:28] INFO test_accuracy                 0.7414
2025-04-26 11:24:39,567 simple_logger.py log_once [line:28] INFO test_loss                     0.7328
2025-04-26 11:24:39,567 simple_logger.py log_once [line:28] INFO val_accuracy                  0.7332
2025-04-26 11:24:39,567 simple_logger.py log_once [line:28] INFO mean_val_accuracy             0.7332
2025-04-26 11:24:39,567 simple_logger.py log_once [line:28] INFO std_val_accuracy              0.0247
2025-04-26 11:24:39,567 simple_logger.py log_once [line:28] INFO val_loss                      0.7475
2025-04-26 11:24:39,567 simple_logger.py log_once [line:28] INFO mean_val_loss                 0.7475
2025-04-26 11:24:39,567 simple_logger.py log_once [line:28] INFO std_val_loss                  0.0676
2025-04-26 11:24:39,567 fedbase.py run [line:323] INFO expense           2119214300.0
2025-04-26 11:24:39,567 fedbase.py run [line:324] INFO Eval Time Cost:               2.7972s
2025-04-26 11:24:39,567 asyncbase.py iterate [line:68] INFO Select clients [0, 1, 2, 3, 4, 5, 6, 7, 8, 9, 10, 11, 12, 13, 14, 15, 16, 17, 18, 19] at time 350.
2025-04-26 11:26:02,674 asyncbase.py iterate [line:73] INFO Receive new models from clients [13, 16, 2, 4, 11, 3, 5, 18, 19, 0, 1, 6, 9, 12, 7, 17, 8, 15] at time 353
2025-04-26 11:26:02,674 asyncbase.py iterate [line:73] INFO Receive new models from clients [10, 14] at time 354
2025-04-26 11:26:03,301 fedbase.py run [line:318] INFO --------------Round 131--------------
2025-04-26 11:26:03,302 simple_logger.py log_once [line:14] INFO Current_time:354
2025-04-26 11:26:06,353 simple_logger.py log_once [line:28] INFO test_accuracy                 0.7391
2025-04-26 11:26:06,354 simple_logger.py log_once [line:28] INFO test_loss                     0.7432
2025-04-26 11:26:06,354 simple_logger.py log_once [line:28] INFO val_accuracy                  0.7316
2025-04-26 11:26:06,354 simple_logger.py log_once [line:28] INFO mean_val_accuracy             0.7316
2025-04-26 11:26:06,354 simple_logger.py log_once [line:28] INFO std_val_accuracy              0.0279
2025-04-26 11:26:06,354 simple_logger.py log_once [line:28] INFO val_loss                      0.7574
2025-04-26 11:26:06,354 simple_logger.py log_once [line:28] INFO mean_val_loss                 0.7574
2025-04-26 11:26:06,354 simple_logger.py log_once [line:28] INFO std_val_loss                  0.0678
2025-04-26 11:26:06,354 fedbase.py run [line:323] INFO expense           2123645500.0
2025-04-26 11:26:06,354 fedbase.py run [line:324] INFO Eval Time Cost:               3.0520s
2025-04-26 11:26:06,354 asyncbase.py iterate [line:68] INFO Select clients [0, 1, 2, 3, 4, 5, 6, 7, 8, 9, 10, 11, 12, 13, 14, 15, 16, 17, 18, 19] at time 355.
2025-04-26 11:27:26,032 asyncbase.py iterate [line:73] INFO Receive new models from clients [16, 7, 19, 10, 6, 1, 15, 0, 11, 9, 8, 17, 18, 4, 5, 13, 2, 3, 12, 14] at time 356
2025-04-26 11:27:26,485 fedbase.py run [line:318] INFO --------------Round 132--------------
2025-04-26 11:27:26,486 simple_logger.py log_once [line:14] INFO Current_time:356
2025-04-26 11:27:29,369 simple_logger.py log_once [line:28] INFO test_accuracy                 0.7386
2025-04-26 11:27:29,369 simple_logger.py log_once [line:28] INFO test_loss                     0.7399
2025-04-26 11:27:29,369 simple_logger.py log_once [line:28] INFO val_accuracy                  0.7320
2025-04-26 11:27:29,369 simple_logger.py log_once [line:28] INFO mean_val_accuracy             0.7320
2025-04-26 11:27:29,369 simple_logger.py log_once [line:28] INFO std_val_accuracy              0.0264
2025-04-26 11:27:29,369 simple_logger.py log_once [line:28] INFO val_loss                      0.7547
2025-04-26 11:27:29,369 simple_logger.py log_once [line:28] INFO mean_val_loss                 0.7547
2025-04-26 11:27:29,369 simple_logger.py log_once [line:28] INFO std_val_loss                  0.0676
2025-04-26 11:27:29,369 fedbase.py run [line:323] INFO expense           2128076700.0
2025-04-26 11:27:29,369 fedbase.py run [line:324] INFO Eval Time Cost:               2.8836s
2025-04-26 11:27:29,369 asyncbase.py iterate [line:68] INFO Select clients [0, 1, 2, 3, 4, 5, 6, 7, 8, 9, 10, 11, 12, 13, 14, 15, 16, 17, 18, 19] at time 357.
2025-04-26 11:28:46,666 asyncbase.py iterate [line:73] INFO Receive new models from clients [18, 3, 0, 2, 15, 8, 5, 9, 16, 7, 6, 19, 14, 4, 13, 12, 1, 11, 10, 17] at time 358
2025-04-26 11:28:47,125 fedbase.py run [line:318] INFO --------------Round 133--------------
2025-04-26 11:28:47,125 simple_logger.py log_once [line:14] INFO Current_time:358
2025-04-26 11:28:49,948 simple_logger.py log_once [line:28] INFO test_accuracy                 0.7438
2025-04-26 11:28:49,948 simple_logger.py log_once [line:28] INFO test_loss                     0.7274
2025-04-26 11:28:49,948 simple_logger.py log_once [line:28] INFO val_accuracy                  0.7362
2025-04-26 11:28:49,949 simple_logger.py log_once [line:28] INFO mean_val_accuracy             0.7362
2025-04-26 11:28:49,949 simple_logger.py log_once [line:28] INFO std_val_accuracy              0.0242
2025-04-26 11:28:49,949 simple_logger.py log_once [line:28] INFO val_loss                      0.7421
2025-04-26 11:28:49,949 simple_logger.py log_once [line:28] INFO mean_val_loss                 0.7421
2025-04-26 11:28:49,949 simple_logger.py log_once [line:28] INFO std_val_loss                  0.0677
2025-04-26 11:28:49,949 fedbase.py run [line:323] INFO expense           2132507900.0
2025-04-26 11:28:49,949 fedbase.py run [line:324] INFO Eval Time Cost:               2.8237s
2025-04-26 11:28:49,949 asyncbase.py iterate [line:68] INFO Select clients [0, 1, 2, 3, 4, 5, 6, 7, 8, 9, 10, 11, 12, 13, 14, 15, 16, 17, 18, 19] at time 359.
2025-04-26 11:30:07,753 asyncbase.py iterate [line:73] INFO Receive new models from clients [17, 10, 15, 3, 16, 1, 2, 8, 14, 12, 11, 4, 7, 0, 18, 19, 9, 5, 13, 6] at time 360
2025-04-26 11:30:08,408 fedbase.py run [line:318] INFO --------------Round 134--------------
2025-04-26 11:30:08,409 simple_logger.py log_once [line:14] INFO Current_time:360
2025-04-26 11:30:11,529 simple_logger.py log_once [line:28] INFO test_accuracy                 0.7386
2025-04-26 11:30:11,530 simple_logger.py log_once [line:28] INFO test_loss                     0.7355
2025-04-26 11:30:11,530 simple_logger.py log_once [line:28] INFO val_accuracy                  0.7356
2025-04-26 11:30:11,530 simple_logger.py log_once [line:28] INFO mean_val_accuracy             0.7356
2025-04-26 11:30:11,530 simple_logger.py log_once [line:28] INFO std_val_accuracy              0.0273
2025-04-26 11:30:11,530 simple_logger.py log_once [line:28] INFO val_loss                      0.7526
2025-04-26 11:30:11,530 simple_logger.py log_once [line:28] INFO mean_val_loss                 0.7526
2025-04-26 11:30:11,530 simple_logger.py log_once [line:28] INFO std_val_loss                  0.0677
2025-04-26 11:30:11,530 fedbase.py run [line:323] INFO expense           2136939100.0
2025-04-26 11:30:11,530 fedbase.py run [line:324] INFO Eval Time Cost:               3.1213s
2025-04-26 11:30:11,530 asyncbase.py iterate [line:68] INFO Select clients [0, 1, 2, 3, 4, 5, 6, 7, 8, 9, 10, 11, 12, 13, 14, 15, 16, 17, 18, 19] at time 361.
2025-04-26 11:31:30,717 asyncbase.py iterate [line:73] INFO Receive new models from clients [12, 18, 16, 7, 1, 8, 19, 15, 17, 11, 2, 4, 13, 0, 10, 6, 9, 5, 3, 14] at time 362
2025-04-26 11:31:31,357 fedbase.py run [line:318] INFO --------------Round 135--------------
2025-04-26 11:31:31,357 simple_logger.py log_once [line:14] INFO Current_time:362
2025-04-26 11:31:34,275 simple_logger.py log_once [line:28] INFO test_accuracy                 0.7364
2025-04-26 11:31:34,276 simple_logger.py log_once [line:28] INFO test_loss                     0.7533
2025-04-26 11:31:34,276 simple_logger.py log_once [line:28] INFO val_accuracy                  0.7276
2025-04-26 11:31:34,276 simple_logger.py log_once [line:28] INFO mean_val_accuracy             0.7276
2025-04-26 11:31:34,276 simple_logger.py log_once [line:28] INFO std_val_accuracy              0.0291
2025-04-26 11:31:34,276 simple_logger.py log_once [line:28] INFO val_loss                      0.7671
2025-04-26 11:31:34,276 simple_logger.py log_once [line:28] INFO mean_val_loss                 0.7671
2025-04-26 11:31:34,276 simple_logger.py log_once [line:28] INFO std_val_loss                  0.0668
2025-04-26 11:31:34,276 fedbase.py run [line:323] INFO expense           2141370300.0
2025-04-26 11:31:34,276 fedbase.py run [line:324] INFO Eval Time Cost:               2.9188s
2025-04-26 11:31:34,276 asyncbase.py iterate [line:68] INFO Select clients [0, 1, 2, 3, 4, 5, 6, 7, 8, 9, 10, 11, 12, 13, 14, 15, 16, 17, 18, 19] at time 363.
2025-04-26 11:32:52,067 asyncbase.py iterate [line:73] INFO Receive new models from clients [11, 10, 18, 19, 13, 1, 0, 4, 5, 2, 15, 6, 17, 8, 16, 14, 7, 3, 9, 12] at time 364
2025-04-26 11:32:52,540 fedbase.py run [line:318] INFO --------------Round 136--------------
2025-04-26 11:32:52,540 simple_logger.py log_once [line:14] INFO Current_time:364
2025-04-26 11:32:55,433 simple_logger.py log_once [line:28] INFO test_accuracy                 0.7410
2025-04-26 11:32:55,434 simple_logger.py log_once [line:28] INFO test_loss                     0.7430
2025-04-26 11:32:55,434 simple_logger.py log_once [line:28] INFO val_accuracy                  0.7292
2025-04-26 11:32:55,434 simple_logger.py log_once [line:28] INFO mean_val_accuracy             0.7292
2025-04-26 11:32:55,434 simple_logger.py log_once [line:28] INFO std_val_accuracy              0.0246
2025-04-26 11:32:55,434 simple_logger.py log_once [line:28] INFO val_loss                      0.7560
2025-04-26 11:32:55,434 simple_logger.py log_once [line:28] INFO mean_val_loss                 0.7560
2025-04-26 11:32:55,434 simple_logger.py log_once [line:28] INFO std_val_loss                  0.0701
2025-04-26 11:32:55,434 fedbase.py run [line:323] INFO expense           2145801500.0
2025-04-26 11:32:55,434 fedbase.py run [line:324] INFO Eval Time Cost:               2.8938s
2025-04-26 11:32:55,434 asyncbase.py iterate [line:68] INFO Select clients [0, 1, 2, 3, 4, 5, 6, 7, 8, 9, 10, 11, 12, 13, 14, 15, 16, 17, 18, 19] at time 365.
2025-04-26 11:34:13,039 asyncbase.py iterate [line:73] INFO Receive new models from clients [2, 11, 13, 7, 4, 14, 18, 10, 16, 9, 12, 8, 5, 0, 17, 1, 15, 6, 3, 19] at time 366
2025-04-26 11:34:13,486 fedbase.py run [line:318] INFO --------------Round 137--------------
2025-04-26 11:34:13,486 simple_logger.py log_once [line:14] INFO Current_time:366
2025-04-26 11:34:16,363 simple_logger.py log_once [line:28] INFO test_accuracy                 0.7409
2025-04-26 11:34:16,363 simple_logger.py log_once [line:28] INFO test_loss                     0.7338
2025-04-26 11:34:16,364 simple_logger.py log_once [line:28] INFO val_accuracy                  0.7306
2025-04-26 11:34:16,364 simple_logger.py log_once [line:28] INFO mean_val_accuracy             0.7306
2025-04-26 11:34:16,364 simple_logger.py log_once [line:28] INFO std_val_accuracy              0.0286
2025-04-26 11:34:16,364 simple_logger.py log_once [line:28] INFO val_loss                      0.7495
2025-04-26 11:34:16,364 simple_logger.py log_once [line:28] INFO mean_val_loss                 0.7495
2025-04-26 11:34:16,364 simple_logger.py log_once [line:28] INFO std_val_loss                  0.0671
2025-04-26 11:34:16,364 fedbase.py run [line:323] INFO expense           2150232700.0
2025-04-26 11:34:16,364 fedbase.py run [line:324] INFO Eval Time Cost:               2.8777s
2025-04-26 11:34:16,364 asyncbase.py iterate [line:68] INFO Select clients [0, 1, 2, 3, 4, 5, 6, 7, 8, 9, 10, 11, 12, 13, 14, 15, 16, 17, 18, 19] at time 367.
2025-04-26 11:35:39,594 asyncbase.py iterate [line:73] INFO Receive new models from clients [6, 13, 10, 1, 7, 5, 8, 3, 17, 12, 11, 0, 18, 2, 9, 4, 19, 16, 15, 14] at time 368
2025-04-26 11:35:40,075 fedbase.py run [line:318] INFO --------------Round 138--------------
2025-04-26 11:35:40,075 simple_logger.py log_once [line:14] INFO Current_time:368
2025-04-26 11:35:43,038 simple_logger.py log_once [line:28] INFO test_accuracy                 0.7437
2025-04-26 11:35:43,038 simple_logger.py log_once [line:28] INFO test_loss                     0.7270
2025-04-26 11:35:43,038 simple_logger.py log_once [line:28] INFO val_accuracy                  0.7380
2025-04-26 11:35:43,038 simple_logger.py log_once [line:28] INFO mean_val_accuracy             0.7380
2025-04-26 11:35:43,038 simple_logger.py log_once [line:28] INFO std_val_accuracy              0.0274
2025-04-26 11:35:43,038 simple_logger.py log_once [line:28] INFO val_loss                      0.7416
2025-04-26 11:35:43,038 simple_logger.py log_once [line:28] INFO mean_val_loss                 0.7416
2025-04-26 11:35:43,038 simple_logger.py log_once [line:28] INFO std_val_loss                  0.0668
2025-04-26 11:35:43,039 fedbase.py run [line:323] INFO expense           2154663900.0
2025-04-26 11:35:43,039 fedbase.py run [line:324] INFO Eval Time Cost:               2.9633s
2025-04-26 11:35:43,039 asyncbase.py iterate [line:68] INFO Select clients [0, 1, 2, 3, 4, 5, 6, 7, 8, 9, 10, 11, 12, 13, 14, 15, 16, 17, 18, 19] at time 369.
2025-04-26 11:37:02,038 asyncbase.py iterate [line:73] INFO Receive new models from clients [7, 17, 8, 13, 10, 5, 0, 18, 12, 3, 19, 16, 2, 11, 14, 15, 1, 9, 4, 6] at time 370
2025-04-26 11:37:02,488 fedbase.py run [line:318] INFO --------------Round 139--------------
2025-04-26 11:37:02,488 simple_logger.py log_once [line:14] INFO Current_time:370
2025-04-26 11:37:05,366 simple_logger.py log_once [line:28] INFO test_accuracy                 0.7427
2025-04-26 11:37:05,366 simple_logger.py log_once [line:28] INFO test_loss                     0.7343
2025-04-26 11:37:05,366 simple_logger.py log_once [line:28] INFO val_accuracy                  0.7276
2025-04-26 11:37:05,366 simple_logger.py log_once [line:28] INFO mean_val_accuracy             0.7276
2025-04-26 11:37:05,367 simple_logger.py log_once [line:28] INFO std_val_accuracy              0.0256
2025-04-26 11:37:05,367 simple_logger.py log_once [line:28] INFO val_loss                      0.7480
2025-04-26 11:37:05,367 simple_logger.py log_once [line:28] INFO mean_val_loss                 0.7480
2025-04-26 11:37:05,367 simple_logger.py log_once [line:28] INFO std_val_loss                  0.0673
2025-04-26 11:37:05,367 fedbase.py run [line:323] INFO expense           2159095100.0
2025-04-26 11:37:05,367 fedbase.py run [line:324] INFO Eval Time Cost:               2.8785s
2025-04-26 11:37:05,367 asyncbase.py iterate [line:68] INFO Select clients [0, 1, 2, 3, 4, 5, 6, 7, 8, 9, 10, 11, 12, 13, 14, 15, 16, 17, 18, 19] at time 371.
2025-04-26 11:38:24,609 asyncbase.py iterate [line:73] INFO Receive new models from clients [9, 8, 6, 3, 11, 4, 2, 7, 1, 5, 0, 10, 14, 18, 19, 13, 12, 16, 15, 17] at time 372
2025-04-26 11:38:25,234 fedbase.py run [line:318] INFO --------------Round 140--------------
2025-04-26 11:38:25,235 simple_logger.py log_once [line:14] INFO Current_time:372
2025-04-26 11:38:28,217 simple_logger.py log_once [line:28] INFO test_accuracy                 0.7420
2025-04-26 11:38:28,217 simple_logger.py log_once [line:28] INFO test_loss                     0.7335
2025-04-26 11:38:28,217 simple_logger.py log_once [line:28] INFO val_accuracy                  0.7336
2025-04-26 11:38:28,217 simple_logger.py log_once [line:28] INFO mean_val_accuracy             0.7336
2025-04-26 11:38:28,217 simple_logger.py log_once [line:28] INFO std_val_accuracy              0.0249
2025-04-26 11:38:28,217 simple_logger.py log_once [line:28] INFO val_loss                      0.7479
2025-04-26 11:38:28,217 simple_logger.py log_once [line:28] INFO mean_val_loss                 0.7479
2025-04-26 11:38:28,217 simple_logger.py log_once [line:28] INFO std_val_loss                  0.0680
2025-04-26 11:38:28,217 fedbase.py run [line:323] INFO expense           2163526300.0
2025-04-26 11:38:28,217 fedbase.py run [line:324] INFO Eval Time Cost:               2.9821s
2025-04-26 11:38:28,217 asyncbase.py iterate [line:68] INFO Select clients [0, 1, 2, 3, 4, 5, 6, 7, 8, 9, 10, 11, 12, 13, 14, 15, 16, 17, 18, 19] at time 373.
2025-04-26 11:39:02,174 asyncbase.py iterate [line:73] INFO Receive new models from clients [17, 13, 1, 5, 2, 15, 9, 11, 18, 8, 4, 10, 16, 14, 0, 7, 6, 19, 12, 3] at time 374
2025-04-26 11:39:05,808 fedbase.py run [line:318] INFO --------------Round 141--------------
2025-04-26 11:39:05,809 simple_logger.py log_once [line:14] INFO Current_time:374
2025-04-26 11:39:09,319 simple_logger.py log_once [line:28] INFO test_accuracy                 0.7495
2025-04-26 11:39:09,320 simple_logger.py log_once [line:28] INFO test_loss                     0.7125
2025-04-26 11:39:09,320 simple_logger.py log_once [line:28] INFO val_accuracy                  0.7436
2025-04-26 11:39:09,320 simple_logger.py log_once [line:28] INFO mean_val_accuracy             0.7436
2025-04-26 11:39:09,320 simple_logger.py log_once [line:28] INFO std_val_accuracy              0.0265
2025-04-26 11:39:09,320 simple_logger.py log_once [line:28] INFO val_loss                      0.7291
2025-04-26 11:39:09,320 simple_logger.py log_once [line:28] INFO mean_val_loss                 0.7291
2025-04-26 11:39:09,320 simple_logger.py log_once [line:28] INFO std_val_loss                  0.0657
2025-04-26 11:39:09,320 fedbase.py run [line:323] INFO expense           2219396110.0
2025-04-26 11:39:09,320 fedbase.py run [line:324] INFO Eval Time Cost:               3.5109s
2025-04-26 11:39:09,320 asyncbase.py iterate [line:68] INFO Select clients [0, 1, 2, 3, 4, 5, 6, 7, 8, 9, 10, 11, 12, 13, 14, 15, 16, 17, 18, 19] at time 375.
2025-04-26 11:40:29,309 asyncbase.py iterate [line:73] INFO Receive new models from clients [8, 15, 1, 11, 12, 13, 3, 2, 5, 0, 6, 9, 7, 18, 14, 10, 17] at time 378
2025-04-26 11:40:29,310 asyncbase.py iterate [line:73] INFO Receive new models from clients [19, 16, 4] at time 379
2025-04-26 11:40:29,775 fedbase.py run [line:318] INFO --------------Round 142--------------
2025-04-26 11:40:29,775 simple_logger.py log_once [line:14] INFO Current_time:379
2025-04-26 11:40:32,732 simple_logger.py log_once [line:28] INFO test_accuracy                 0.7438
2025-04-26 11:40:32,732 simple_logger.py log_once [line:28] INFO test_loss                     0.7253
2025-04-26 11:40:32,732 simple_logger.py log_once [line:28] INFO val_accuracy                  0.7362
2025-04-26 11:40:32,732 simple_logger.py log_once [line:28] INFO mean_val_accuracy             0.7362
2025-04-26 11:40:32,732 simple_logger.py log_once [line:28] INFO std_val_accuracy              0.0281
2025-04-26 11:40:32,732 simple_logger.py log_once [line:28] INFO val_loss                      0.7411
2025-04-26 11:40:32,732 simple_logger.py log_once [line:28] INFO mean_val_loss                 0.7411
2025-04-26 11:40:32,732 simple_logger.py log_once [line:28] INFO std_val_loss                  0.0647
2025-04-26 11:40:32,732 fedbase.py run [line:323] INFO expense           2223827310.0
2025-04-26 11:40:32,732 fedbase.py run [line:324] INFO Eval Time Cost:               2.9568s
2025-04-26 11:40:32,732 asyncbase.py iterate [line:68] INFO Select clients [0, 1, 2, 3, 4, 5, 6, 7, 8, 9, 10, 11, 12, 13, 14, 15, 16, 17, 18, 19] at time 380.
2025-04-26 11:41:50,549 asyncbase.py iterate [line:73] INFO Receive new models from clients [5, 2, 10, 4, 8, 3, 19, 7, 16, 1, 9, 15, 11, 13, 0, 17, 6, 18, 14, 12] at time 381
2025-04-26 11:41:50,998 fedbase.py run [line:318] INFO --------------Round 143--------------
2025-04-26 11:41:50,998 simple_logger.py log_once [line:14] INFO Current_time:381
2025-04-26 11:41:53,868 simple_logger.py log_once [line:28] INFO test_accuracy                 0.7400
2025-04-26 11:41:53,868 simple_logger.py log_once [line:28] INFO test_loss                     0.7315
2025-04-26 11:41:53,868 simple_logger.py log_once [line:28] INFO val_accuracy                  0.7362
2025-04-26 11:41:53,868 simple_logger.py log_once [line:28] INFO mean_val_accuracy             0.7362
2025-04-26 11:41:53,868 simple_logger.py log_once [line:28] INFO std_val_accuracy              0.0297
2025-04-26 11:41:53,868 simple_logger.py log_once [line:28] INFO val_loss                      0.7477
2025-04-26 11:41:53,868 simple_logger.py log_once [line:28] INFO mean_val_loss                 0.7477
2025-04-26 11:41:53,868 simple_logger.py log_once [line:28] INFO std_val_loss                  0.0659
2025-04-26 11:41:53,868 fedbase.py run [line:323] INFO expense           2228258510.0
2025-04-26 11:41:53,868 fedbase.py run [line:324] INFO Eval Time Cost:               2.8701s
2025-04-26 11:41:53,869 asyncbase.py iterate [line:68] INFO Select clients [0, 1, 2, 3, 4, 5, 6, 7, 8, 9, 10, 11, 12, 13, 14, 15, 16, 17, 18, 19] at time 382.
2025-04-26 11:43:10,689 asyncbase.py iterate [line:73] INFO Receive new models from clients [6, 18, 16, 19, 12, 7, 11, 8, 17, 13, 2, 0, 5, 14, 1, 15, 9, 10, 3, 4] at time 383
2025-04-26 11:43:11,139 fedbase.py run [line:318] INFO --------------Round 144--------------
2025-04-26 11:43:11,140 simple_logger.py log_once [line:14] INFO Current_time:383
2025-04-26 11:43:14,101 simple_logger.py log_once [line:28] INFO test_accuracy                 0.7416
2025-04-26 11:43:14,101 simple_logger.py log_once [line:28] INFO test_loss                     0.7344
2025-04-26 11:43:14,101 simple_logger.py log_once [line:28] INFO val_accuracy                  0.7328
2025-04-26 11:43:14,101 simple_logger.py log_once [line:28] INFO mean_val_accuracy             0.7328
2025-04-26 11:43:14,101 simple_logger.py log_once [line:28] INFO std_val_accuracy              0.0306
2025-04-26 11:43:14,101 simple_logger.py log_once [line:28] INFO val_loss                      0.7462
2025-04-26 11:43:14,101 simple_logger.py log_once [line:28] INFO mean_val_loss                 0.7462
2025-04-26 11:43:14,102 simple_logger.py log_once [line:28] INFO std_val_loss                  0.0658
2025-04-26 11:43:14,102 fedbase.py run [line:323] INFO expense           2232689710.0
2025-04-26 11:43:14,102 fedbase.py run [line:324] INFO Eval Time Cost:               2.9617s
2025-04-26 11:43:14,102 asyncbase.py iterate [line:68] INFO Select clients [0, 1, 2, 3, 4, 5, 6, 7, 8, 9, 10, 11, 12, 13, 14, 15, 16, 17, 18, 19] at time 384.
2025-04-26 11:44:32,246 asyncbase.py iterate [line:73] INFO Receive new models from clients [0, 13, 2, 17, 9, 15, 6, 18, 14, 12, 19, 3, 4, 5, 7, 8, 11, 1, 16, 10] at time 385
2025-04-26 11:44:32,693 fedbase.py run [line:318] INFO --------------Round 145--------------
2025-04-26 11:44:32,693 simple_logger.py log_once [line:14] INFO Current_time:385
2025-04-26 11:44:35,539 simple_logger.py log_once [line:28] INFO test_accuracy                 0.7483
2025-04-26 11:44:35,540 simple_logger.py log_once [line:28] INFO test_loss                     0.7176
2025-04-26 11:44:35,540 simple_logger.py log_once [line:28] INFO val_accuracy                  0.7382
2025-04-26 11:44:35,540 simple_logger.py log_once [line:28] INFO mean_val_accuracy             0.7382
2025-04-26 11:44:35,540 simple_logger.py log_once [line:28] INFO std_val_accuracy              0.0278
2025-04-26 11:44:35,540 simple_logger.py log_once [line:28] INFO val_loss                      0.7345
2025-04-26 11:44:35,540 simple_logger.py log_once [line:28] INFO mean_val_loss                 0.7345
2025-04-26 11:44:35,540 simple_logger.py log_once [line:28] INFO std_val_loss                  0.0667
2025-04-26 11:44:35,540 fedbase.py run [line:323] INFO expense           2237120910.0
2025-04-26 11:44:35,540 fedbase.py run [line:324] INFO Eval Time Cost:               2.8466s
2025-04-26 11:44:35,540 asyncbase.py iterate [line:68] INFO Select clients [0, 1, 2, 3, 4, 5, 6, 7, 8, 9, 10, 11, 12, 13, 14, 15, 16, 17, 18, 19] at time 386.
2025-04-26 11:45:56,974 asyncbase.py iterate [line:73] INFO Receive new models from clients [12, 18, 13, 3, 5, 2, 1, 4, 15, 16, 9, 11, 8, 0, 17, 14, 6, 7, 10, 19] at time 387
2025-04-26 11:45:57,602 fedbase.py run [line:318] INFO --------------Round 146--------------
2025-04-26 11:45:57,603 simple_logger.py log_once [line:14] INFO Current_time:387
2025-04-26 11:46:00,523 simple_logger.py log_once [line:28] INFO test_accuracy                 0.7462
2025-04-26 11:46:00,523 simple_logger.py log_once [line:28] INFO test_loss                     0.7165
2025-04-26 11:46:00,523 simple_logger.py log_once [line:28] INFO val_accuracy                  0.7368
2025-04-26 11:46:00,523 simple_logger.py log_once [line:28] INFO mean_val_accuracy             0.7368
2025-04-26 11:46:00,523 simple_logger.py log_once [line:28] INFO std_val_accuracy              0.0286
2025-04-26 11:46:00,523 simple_logger.py log_once [line:28] INFO val_loss                      0.7321
2025-04-26 11:46:00,523 simple_logger.py log_once [line:28] INFO mean_val_loss                 0.7321
2025-04-26 11:46:00,523 simple_logger.py log_once [line:28] INFO std_val_loss                  0.0668
2025-04-26 11:46:00,523 fedbase.py run [line:323] INFO expense           2241552110.0
2025-04-26 11:46:00,523 fedbase.py run [line:324] INFO Eval Time Cost:               2.9209s
2025-04-26 11:46:00,524 asyncbase.py iterate [line:68] INFO Select clients [0, 1, 2, 3, 4, 5, 6, 7, 8, 9, 10, 11, 12, 13, 14, 15, 16, 17, 18, 19] at time 388.
2025-04-26 11:47:21,320 asyncbase.py iterate [line:73] INFO Receive new models from clients [11, 13, 17, 16, 3, 1, 15, 9, 7, 0, 6, 4, 8, 18, 12, 5, 14, 2, 19, 10] at time 389
2025-04-26 11:47:21,768 fedbase.py run [line:318] INFO --------------Round 147--------------
2025-04-26 11:47:21,769 simple_logger.py log_once [line:14] INFO Current_time:389
2025-04-26 11:47:24,662 simple_logger.py log_once [line:28] INFO test_accuracy                 0.7464
2025-04-26 11:47:24,662 simple_logger.py log_once [line:28] INFO test_loss                     0.7232
2025-04-26 11:47:24,662 simple_logger.py log_once [line:28] INFO val_accuracy                  0.7360
2025-04-26 11:47:24,662 simple_logger.py log_once [line:28] INFO mean_val_accuracy             0.7360
2025-04-26 11:47:24,662 simple_logger.py log_once [line:28] INFO std_val_accuracy              0.0296
2025-04-26 11:47:24,662 simple_logger.py log_once [line:28] INFO val_loss                      0.7388
2025-04-26 11:47:24,662 simple_logger.py log_once [line:28] INFO mean_val_loss                 0.7388
2025-04-26 11:47:24,662 simple_logger.py log_once [line:28] INFO std_val_loss                  0.0662
2025-04-26 11:47:24,662 fedbase.py run [line:323] INFO expense           2245983310.0
2025-04-26 11:47:24,663 fedbase.py run [line:324] INFO Eval Time Cost:               2.8936s
2025-04-26 11:47:24,663 asyncbase.py iterate [line:68] INFO Select clients [0, 1, 2, 3, 4, 5, 6, 7, 8, 9, 10, 11, 12, 13, 14, 15, 16, 17, 18, 19] at time 390.
2025-04-26 11:48:44,294 asyncbase.py iterate [line:73] INFO Receive new models from clients [6, 7, 2, 0, 1, 3, 5, 19, 4, 13, 16, 11, 9, 18, 12, 17, 8, 15, 10, 14] at time 391
2025-04-26 11:48:44,879 fedbase.py run [line:318] INFO --------------Round 148--------------
2025-04-26 11:48:44,880 simple_logger.py log_once [line:14] INFO Current_time:391
2025-04-26 11:48:47,744 simple_logger.py log_once [line:28] INFO test_accuracy                 0.7480
2025-04-26 11:48:47,744 simple_logger.py log_once [line:28] INFO test_loss                     0.7111
2025-04-26 11:48:47,744 simple_logger.py log_once [line:28] INFO val_accuracy                  0.7416
2025-04-26 11:48:47,744 simple_logger.py log_once [line:28] INFO mean_val_accuracy             0.7416
2025-04-26 11:48:47,744 simple_logger.py log_once [line:28] INFO std_val_accuracy              0.0279
2025-04-26 11:48:47,744 simple_logger.py log_once [line:28] INFO val_loss                      0.7293
2025-04-26 11:48:47,744 simple_logger.py log_once [line:28] INFO mean_val_loss                 0.7293
2025-04-26 11:48:47,744 simple_logger.py log_once [line:28] INFO std_val_loss                  0.0665
2025-04-26 11:48:47,744 fedbase.py run [line:323] INFO expense           2250414510.0
2025-04-26 11:48:47,744 fedbase.py run [line:324] INFO Eval Time Cost:               2.8649s
2025-04-26 11:48:47,745 asyncbase.py iterate [line:68] INFO Select clients [0, 1, 2, 3, 4, 5, 6, 7, 8, 9, 10, 11, 12, 13, 14, 15, 16, 17, 18, 19] at time 392.
2025-04-26 11:50:04,591 asyncbase.py iterate [line:73] INFO Receive new models from clients [10, 19, 16, 18, 11, 7, 1, 8, 6, 14, 4, 13, 3, 15, 12, 17, 5, 2, 0, 9] at time 393
2025-04-26 11:50:05,034 fedbase.py run [line:318] INFO --------------Round 149--------------
2025-04-26 11:50:05,034 simple_logger.py log_once [line:14] INFO Current_time:393
2025-04-26 11:50:07,901 simple_logger.py log_once [line:28] INFO test_accuracy                 0.7486
2025-04-26 11:50:07,901 simple_logger.py log_once [line:28] INFO test_loss                     0.7144
2025-04-26 11:50:07,902 simple_logger.py log_once [line:28] INFO val_accuracy                  0.7384
2025-04-26 11:50:07,902 simple_logger.py log_once [line:28] INFO mean_val_accuracy             0.7384
2025-04-26 11:50:07,902 simple_logger.py log_once [line:28] INFO std_val_accuracy              0.0266
2025-04-26 11:50:07,902 simple_logger.py log_once [line:28] INFO val_loss                      0.7289
2025-04-26 11:50:07,902 simple_logger.py log_once [line:28] INFO mean_val_loss                 0.7289
2025-04-26 11:50:07,902 simple_logger.py log_once [line:28] INFO std_val_loss                  0.0662
2025-04-26 11:50:07,902 fedbase.py run [line:323] INFO expense           2254845710.0
2025-04-26 11:50:07,902 fedbase.py run [line:324] INFO Eval Time Cost:               2.8679s
2025-04-26 11:50:07,902 asyncbase.py iterate [line:68] INFO Select clients [0, 1, 2, 3, 4, 5, 6, 7, 8, 9, 10, 11, 12, 13, 14, 15, 16, 17, 18, 19] at time 394.
2025-04-26 11:51:30,156 asyncbase.py iterate [line:73] INFO Receive new models from clients [7, 17, 14, 2, 6, 8, 1, 18, 19, 16, 5, 12, 4, 3, 10, 0, 9, 13, 11, 15] at time 395
2025-04-26 11:51:30,613 fedbase.py run [line:318] INFO --------------Round 150--------------
2025-04-26 11:51:30,614 simple_logger.py log_once [line:14] INFO Current_time:395
2025-04-26 11:51:33,502 simple_logger.py log_once [line:28] INFO test_accuracy                 0.7472
2025-04-26 11:51:33,502 simple_logger.py log_once [line:28] INFO test_loss                     0.7120
2025-04-26 11:51:33,503 simple_logger.py log_once [line:28] INFO val_accuracy                  0.7408
2025-04-26 11:51:33,503 simple_logger.py log_once [line:28] INFO mean_val_accuracy             0.7408
2025-04-26 11:51:33,503 simple_logger.py log_once [line:28] INFO std_val_accuracy              0.0295
2025-04-26 11:51:33,503 simple_logger.py log_once [line:28] INFO val_loss                      0.7295
2025-04-26 11:51:33,503 simple_logger.py log_once [line:28] INFO mean_val_loss                 0.7295
2025-04-26 11:51:33,503 simple_logger.py log_once [line:28] INFO std_val_loss                  0.0675
2025-04-26 11:51:33,503 fedbase.py run [line:323] INFO expense           2259276910.0
2025-04-26 11:51:33,503 fedbase.py run [line:324] INFO Eval Time Cost:               2.8891s
2025-04-26 11:51:33,503 asyncbase.py iterate [line:68] INFO Select clients [0, 1, 2, 3, 4, 5, 6, 7, 8, 9, 10, 11, 12, 13, 14, 15, 16, 17, 18, 19] at time 396.
2025-04-26 11:52:53,240 asyncbase.py iterate [line:73] INFO Receive new models from clients [9, 7, 2, 19, 3, 16, 10, 17, 13, 15, 18, 11, 4, 1, 0, 5, 8, 6, 14, 12] at time 397
2025-04-26 11:52:53,686 fedbase.py run [line:318] INFO --------------Round 151--------------
2025-04-26 11:52:53,687 simple_logger.py log_once [line:14] INFO Current_time:397
2025-04-26 11:52:56,566 simple_logger.py log_once [line:28] INFO test_accuracy                 0.7385
2025-04-26 11:52:56,566 simple_logger.py log_once [line:28] INFO test_loss                     0.7365
2025-04-26 11:52:56,567 simple_logger.py log_once [line:28] INFO val_accuracy                  0.7350
2025-04-26 11:52:56,567 simple_logger.py log_once [line:28] INFO mean_val_accuracy             0.7350
2025-04-26 11:52:56,567 simple_logger.py log_once [line:28] INFO std_val_accuracy              0.0286
2025-04-26 11:52:56,567 simple_logger.py log_once [line:28] INFO val_loss                      0.7492
2025-04-26 11:52:56,567 simple_logger.py log_once [line:28] INFO mean_val_loss                 0.7492
2025-04-26 11:52:56,567 simple_logger.py log_once [line:28] INFO std_val_loss                  0.0683
2025-04-26 11:52:56,567 fedbase.py run [line:323] INFO expense           2263708110.0
2025-04-26 11:52:56,567 fedbase.py run [line:324] INFO Eval Time Cost:               2.8800s
2025-04-26 11:52:56,567 asyncbase.py iterate [line:68] INFO Select clients [0, 1, 2, 3, 4, 5, 6, 7, 8, 9, 10, 11, 12, 13, 14, 15, 16, 17, 18, 19] at time 398.
2025-04-26 11:54:17,116 asyncbase.py iterate [line:73] INFO Receive new models from clients [4, 12, 10, 5, 13, 16, 14, 6, 15, 18, 11, 9, 7, 2, 1, 3, 8, 19, 17, 0] at time 399
2025-04-26 11:54:17,562 fedbase.py run [line:318] INFO --------------Round 152--------------
2025-04-26 11:54:17,562 simple_logger.py log_once [line:14] INFO Current_time:399
2025-04-26 11:54:20,432 simple_logger.py log_once [line:28] INFO test_accuracy                 0.7477
2025-04-26 11:54:20,432 simple_logger.py log_once [line:28] INFO test_loss                     0.7166
2025-04-26 11:54:20,432 simple_logger.py log_once [line:28] INFO val_accuracy                  0.7404
2025-04-26 11:54:20,432 simple_logger.py log_once [line:28] INFO mean_val_accuracy             0.7404
2025-04-26 11:54:20,432 simple_logger.py log_once [line:28] INFO std_val_accuracy              0.0288
2025-04-26 11:54:20,432 simple_logger.py log_once [line:28] INFO val_loss                      0.7338
2025-04-26 11:54:20,432 simple_logger.py log_once [line:28] INFO mean_val_loss                 0.7338
2025-04-26 11:54:20,432 simple_logger.py log_once [line:28] INFO std_val_loss                  0.0661
2025-04-26 11:54:20,432 fedbase.py run [line:323] INFO expense           2268139310.0
2025-04-26 11:54:20,432 fedbase.py run [line:324] INFO Eval Time Cost:               2.8698s
2025-04-26 11:54:20,432 asyncbase.py iterate [line:68] INFO Select clients [0, 1, 2, 3, 4, 5, 6, 7, 8, 9, 10, 11, 12, 13, 14, 15, 16, 17, 18, 19] at time 400.
2025-04-26 11:54:56,043 asyncbase.py iterate [line:73] INFO Receive new models from clients [16, 15, 3, 9, 12, 14, 17, 18, 8, 5, 6, 11, 4, 7, 2, 0, 1, 19, 10, 13] at time 401
2025-04-26 11:55:00,084 fedbase.py run [line:318] INFO --------------Round 153--------------
2025-04-26 11:55:00,084 simple_logger.py log_once [line:14] INFO Current_time:401
2025-04-26 11:55:03,005 simple_logger.py log_once [line:28] INFO test_accuracy                 0.7515
2025-04-26 11:55:03,005 simple_logger.py log_once [line:28] INFO test_loss                     0.7008
2025-04-26 11:55:03,006 simple_logger.py log_once [line:28] INFO val_accuracy                  0.7496
2025-04-26 11:55:03,006 simple_logger.py log_once [line:28] INFO mean_val_accuracy             0.7496
2025-04-26 11:55:03,006 simple_logger.py log_once [line:28] INFO std_val_accuracy              0.0283
2025-04-26 11:55:03,006 simple_logger.py log_once [line:28] INFO val_loss                      0.7146
2025-04-26 11:55:03,006 simple_logger.py log_once [line:28] INFO mean_val_loss                 0.7146
2025-04-26 11:55:03,006 simple_logger.py log_once [line:28] INFO std_val_loss                  0.0661
2025-04-26 11:55:03,006 fedbase.py run [line:323] INFO expense           2324009120.0
2025-04-26 11:55:03,006 fedbase.py run [line:324] INFO Eval Time Cost:               2.9216s
2025-04-26 11:55:03,006 asyncbase.py iterate [line:68] INFO Select clients [0, 1, 2, 3, 4, 5, 6, 7, 8, 9, 10, 11, 12, 13, 14, 15, 16, 17, 18, 19] at time 402.
2025-04-26 11:56:27,618 asyncbase.py iterate [line:73] INFO Receive new models from clients [0, 16, 11, 4, 1, 18, 12, 2, 10, 13, 3, 14, 9, 17, 15, 8, 5] at time 405
2025-04-26 11:56:27,618 asyncbase.py iterate [line:73] INFO Receive new models from clients [7, 6, 19] at time 406
2025-04-26 11:56:28,458 fedbase.py run [line:318] INFO --------------Round 154--------------
2025-04-26 11:56:28,459 simple_logger.py log_once [line:14] INFO Current_time:406
2025-04-26 11:56:31,371 simple_logger.py log_once [line:28] INFO test_accuracy                 0.7500
2025-04-26 11:56:31,371 simple_logger.py log_once [line:28] INFO test_loss                     0.7029
2025-04-26 11:56:31,371 simple_logger.py log_once [line:28] INFO val_accuracy                  0.7450
2025-04-26 11:56:31,371 simple_logger.py log_once [line:28] INFO mean_val_accuracy             0.7450
2025-04-26 11:56:31,371 simple_logger.py log_once [line:28] INFO std_val_accuracy              0.0293
2025-04-26 11:56:31,372 simple_logger.py log_once [line:28] INFO val_loss                      0.7151
2025-04-26 11:56:31,372 simple_logger.py log_once [line:28] INFO mean_val_loss                 0.7151
2025-04-26 11:56:31,372 simple_logger.py log_once [line:28] INFO std_val_loss                  0.0649
2025-04-26 11:56:31,372 fedbase.py run [line:323] INFO expense           2328440320.0
2025-04-26 11:56:31,372 fedbase.py run [line:324] INFO Eval Time Cost:               2.9124s
2025-04-26 11:56:31,372 asyncbase.py iterate [line:68] INFO Select clients [0, 1, 2, 3, 4, 5, 6, 7, 8, 9, 10, 11, 12, 13, 14, 15, 16, 17, 18, 19] at time 407.
2025-04-26 11:57:50,669 asyncbase.py iterate [line:73] INFO Receive new models from clients [4, 14, 13, 16, 5, 2, 12, 19, 8, 15, 7, 11, 0, 10, 3, 9, 6, 18, 17, 1] at time 408
2025-04-26 11:57:51,297 fedbase.py run [line:318] INFO --------------Round 155--------------
2025-04-26 11:57:51,298 simple_logger.py log_once [line:14] INFO Current_time:408
2025-04-26 11:57:54,302 simple_logger.py log_once [line:28] INFO test_accuracy                 0.7465
2025-04-26 11:57:54,302 simple_logger.py log_once [line:28] INFO test_loss                     0.7244
2025-04-26 11:57:54,302 simple_logger.py log_once [line:28] INFO val_accuracy                  0.7388
2025-04-26 11:57:54,302 simple_logger.py log_once [line:28] INFO mean_val_accuracy             0.7388
2025-04-26 11:57:54,302 simple_logger.py log_once [line:28] INFO std_val_accuracy              0.0284
2025-04-26 11:57:54,302 simple_logger.py log_once [line:28] INFO val_loss                      0.7389
2025-04-26 11:57:54,302 simple_logger.py log_once [line:28] INFO mean_val_loss                 0.7389
2025-04-26 11:57:54,302 simple_logger.py log_once [line:28] INFO std_val_loss                  0.0677
2025-04-26 11:57:54,302 fedbase.py run [line:323] INFO expense           2332871520.0
2025-04-26 11:57:54,302 fedbase.py run [line:324] INFO Eval Time Cost:               3.0045s
2025-04-26 11:57:54,303 asyncbase.py iterate [line:68] INFO Select clients [0, 1, 2, 3, 4, 5, 6, 7, 8, 9, 10, 11, 12, 13, 14, 15, 16, 17, 18, 19] at time 409.
2025-04-26 11:59:11,833 asyncbase.py iterate [line:73] INFO Receive new models from clients [15, 8, 2, 16, 19, 10, 4, 1, 5, 18, 12, 3, 13, 17, 0, 14, 9, 7, 11, 6] at time 410
2025-04-26 11:59:12,262 fedbase.py run [line:318] INFO --------------Round 156--------------
2025-04-26 11:59:12,263 simple_logger.py log_once [line:14] INFO Current_time:410
2025-04-26 11:59:15,022 simple_logger.py log_once [line:28] INFO test_accuracy                 0.7498
2025-04-26 11:59:15,022 simple_logger.py log_once [line:28] INFO test_loss                     0.7085
2025-04-26 11:59:15,022 simple_logger.py log_once [line:28] INFO val_accuracy                  0.7440
2025-04-26 11:59:15,022 simple_logger.py log_once [line:28] INFO mean_val_accuracy             0.7440
2025-04-26 11:59:15,022 simple_logger.py log_once [line:28] INFO std_val_accuracy              0.0267
2025-04-26 11:59:15,022 simple_logger.py log_once [line:28] INFO val_loss                      0.7224
2025-04-26 11:59:15,022 simple_logger.py log_once [line:28] INFO mean_val_loss                 0.7224
2025-04-26 11:59:15,023 simple_logger.py log_once [line:28] INFO std_val_loss                  0.0662
2025-04-26 11:59:15,023 fedbase.py run [line:323] INFO expense           2337302720.0
2025-04-26 11:59:15,023 fedbase.py run [line:324] INFO Eval Time Cost:               2.7600s
2025-04-26 11:59:15,023 asyncbase.py iterate [line:68] INFO Select clients [0, 1, 2, 3, 4, 5, 6, 7, 8, 9, 10, 11, 12, 13, 14, 15, 16, 17, 18, 19] at time 411.
2025-04-26 12:00:32,863 asyncbase.py iterate [line:73] INFO Receive new models from clients [14, 5, 12, 19, 4, 9, 13, 8, 2, 16, 17, 10, 15, 6, 18, 0, 3, 7, 11, 1] at time 412
2025-04-26 12:00:33,313 fedbase.py run [line:318] INFO --------------Round 157--------------
2025-04-26 12:00:33,314 simple_logger.py log_once [line:14] INFO Current_time:412
2025-04-26 12:00:36,170 simple_logger.py log_once [line:28] INFO test_accuracy                 0.7487
2025-04-26 12:00:36,170 simple_logger.py log_once [line:28] INFO test_loss                     0.7085
2025-04-26 12:00:36,170 simple_logger.py log_once [line:28] INFO val_accuracy                  0.7432
2025-04-26 12:00:36,170 simple_logger.py log_once [line:28] INFO mean_val_accuracy             0.7432
2025-04-26 12:00:36,170 simple_logger.py log_once [line:28] INFO std_val_accuracy              0.0298
2025-04-26 12:00:36,170 simple_logger.py log_once [line:28] INFO val_loss                      0.7210
2025-04-26 12:00:36,170 simple_logger.py log_once [line:28] INFO mean_val_loss                 0.7210
2025-04-26 12:00:36,170 simple_logger.py log_once [line:28] INFO std_val_loss                  0.0676
2025-04-26 12:00:36,170 fedbase.py run [line:323] INFO expense           2341733920.0
2025-04-26 12:00:36,170 fedbase.py run [line:324] INFO Eval Time Cost:               2.8563s
2025-04-26 12:00:36,171 asyncbase.py iterate [line:68] INFO Select clients [0, 1, 2, 3, 4, 5, 6, 7, 8, 9, 10, 11, 12, 13, 14, 15, 16, 17, 18, 19] at time 413.
2025-04-26 12:01:57,678 asyncbase.py iterate [line:73] INFO Receive new models from clients [2, 17, 13, 6, 0, 11, 9, 7, 14, 15, 5, 16, 3, 10, 19, 8, 12, 4, 18, 1] at time 414
2025-04-26 12:01:58,308 fedbase.py run [line:318] INFO --------------Round 158--------------
2025-04-26 12:01:58,308 simple_logger.py log_once [line:14] INFO Current_time:414
2025-04-26 12:02:01,400 simple_logger.py log_once [line:28] INFO test_accuracy                 0.7521
2025-04-26 12:02:01,400 simple_logger.py log_once [line:28] INFO test_loss                     0.7031
2025-04-26 12:02:01,400 simple_logger.py log_once [line:28] INFO val_accuracy                  0.7484
2025-04-26 12:02:01,400 simple_logger.py log_once [line:28] INFO mean_val_accuracy             0.7484
2025-04-26 12:02:01,400 simple_logger.py log_once [line:28] INFO std_val_accuracy              0.0307
2025-04-26 12:02:01,400 simple_logger.py log_once [line:28] INFO val_loss                      0.7170
2025-04-26 12:02:01,400 simple_logger.py log_once [line:28] INFO mean_val_loss                 0.7170
2025-04-26 12:02:01,400 simple_logger.py log_once [line:28] INFO std_val_loss                  0.0668
2025-04-26 12:02:01,400 fedbase.py run [line:323] INFO expense           2346165120.0
2025-04-26 12:02:01,400 fedbase.py run [line:324] INFO Eval Time Cost:               3.0922s
2025-04-26 12:02:01,401 asyncbase.py iterate [line:68] INFO Select clients [0, 1, 2, 3, 4, 5, 6, 7, 8, 9, 10, 11, 12, 13, 14, 15, 16, 17, 18, 19] at time 415.
2025-04-26 12:03:20,083 asyncbase.py iterate [line:73] INFO Receive new models from clients [2, 17, 8, 3, 15, 19, 9, 14, 0, 10, 5, 6, 7, 4, 13, 18, 16, 11, 1, 12] at time 416
2025-04-26 12:03:20,617 fedbase.py run [line:318] INFO --------------Round 159--------------
2025-04-26 12:03:20,617 simple_logger.py log_once [line:14] INFO Current_time:416
2025-04-26 12:03:23,486 simple_logger.py log_once [line:28] INFO test_accuracy                 0.7457
2025-04-26 12:03:23,487 simple_logger.py log_once [line:28] INFO test_loss                     0.7204
2025-04-26 12:03:23,487 simple_logger.py log_once [line:28] INFO val_accuracy                  0.7376
2025-04-26 12:03:23,487 simple_logger.py log_once [line:28] INFO mean_val_accuracy             0.7376
2025-04-26 12:03:23,487 simple_logger.py log_once [line:28] INFO std_val_accuracy              0.0264
2025-04-26 12:03:23,487 simple_logger.py log_once [line:28] INFO val_loss                      0.7314
2025-04-26 12:03:23,487 simple_logger.py log_once [line:28] INFO mean_val_loss                 0.7314
2025-04-26 12:03:23,487 simple_logger.py log_once [line:28] INFO std_val_loss                  0.0668
2025-04-26 12:03:23,487 fedbase.py run [line:323] INFO expense           2350596320.0
2025-04-26 12:03:23,487 fedbase.py run [line:324] INFO Eval Time Cost:               2.8698s
2025-04-26 12:03:23,487 asyncbase.py iterate [line:68] INFO Select clients [0, 1, 2, 3, 4, 5, 6, 7, 8, 9, 10, 11, 12, 13, 14, 15, 16, 17, 18, 19] at time 417.
2025-04-26 12:04:44,326 asyncbase.py iterate [line:73] INFO Receive new models from clients [1, 0, 19, 12, 10, 6, 7, 3, 13, 2, 5, 18, 14, 17, 9, 8, 11, 16, 4, 15] at time 418
2025-04-26 12:04:44,773 fedbase.py run [line:318] INFO --------------Round 160--------------
2025-04-26 12:04:44,773 simple_logger.py log_once [line:14] INFO Current_time:418
2025-04-26 12:04:47,621 simple_logger.py log_once [line:28] INFO test_accuracy                 0.7527
2025-04-26 12:04:47,621 simple_logger.py log_once [line:28] INFO test_loss                     0.7042
2025-04-26 12:04:47,621 simple_logger.py log_once [line:28] INFO val_accuracy                  0.7464
2025-04-26 12:04:47,622 simple_logger.py log_once [line:28] INFO mean_val_accuracy             0.7464
2025-04-26 12:04:47,622 simple_logger.py log_once [line:28] INFO std_val_accuracy              0.0260
2025-04-26 12:04:47,622 simple_logger.py log_once [line:28] INFO val_loss                      0.7138
2025-04-26 12:04:47,622 simple_logger.py log_once [line:28] INFO mean_val_loss                 0.7138
2025-04-26 12:04:47,622 simple_logger.py log_once [line:28] INFO std_val_loss                  0.0659
2025-04-26 12:04:47,622 fedbase.py run [line:323] INFO expense           2355027520.0
2025-04-26 12:04:47,622 fedbase.py run [line:324] INFO Eval Time Cost:               2.8484s
2025-04-26 12:04:47,622 asyncbase.py iterate [line:68] INFO Select clients [0, 1, 2, 3, 4, 5, 6, 7, 8, 9, 10, 11, 12, 13, 14, 15, 16, 17, 18, 19] at time 419.
2025-04-26 12:06:07,031 asyncbase.py iterate [line:73] INFO Receive new models from clients [6, 0, 17, 10, 3, 12, 2, 4, 16, 15, 18, 19, 7, 9, 14, 13, 5, 8, 11, 1] at time 420
2025-04-26 12:06:07,657 fedbase.py run [line:318] INFO --------------Round 161--------------
2025-04-26 12:06:07,658 simple_logger.py log_once [line:14] INFO Current_time:420
2025-04-26 12:06:10,564 simple_logger.py log_once [line:28] INFO test_accuracy                 0.7506
2025-04-26 12:06:10,564 simple_logger.py log_once [line:28] INFO test_loss                     0.7036
2025-04-26 12:06:10,564 simple_logger.py log_once [line:28] INFO val_accuracy                  0.7470
2025-04-26 12:06:10,565 simple_logger.py log_once [line:28] INFO mean_val_accuracy             0.7470
2025-04-26 12:06:10,565 simple_logger.py log_once [line:28] INFO std_val_accuracy              0.0291
2025-04-26 12:06:10,565 simple_logger.py log_once [line:28] INFO val_loss                      0.7210
2025-04-26 12:06:10,565 simple_logger.py log_once [line:28] INFO mean_val_loss                 0.7210
2025-04-26 12:06:10,565 simple_logger.py log_once [line:28] INFO std_val_loss                  0.0661
2025-04-26 12:06:10,565 fedbase.py run [line:323] INFO expense           2359458720.0
2025-04-26 12:06:10,565 fedbase.py run [line:324] INFO Eval Time Cost:               2.9074s
2025-04-26 12:06:10,565 asyncbase.py iterate [line:68] INFO Select clients [0, 1, 2, 3, 4, 5, 6, 7, 8, 9, 10, 11, 12, 13, 14, 15, 16, 17, 18, 19] at time 421.
2025-04-26 12:07:30,115 asyncbase.py iterate [line:73] INFO Receive new models from clients [12, 9, 10, 18, 11, 3, 15, 1, 13, 6, 8, 14, 17, 0, 16, 5, 19, 7, 4, 2] at time 422
2025-04-26 12:07:30,741 fedbase.py run [line:318] INFO --------------Round 162--------------
2025-04-26 12:07:30,742 simple_logger.py log_once [line:14] INFO Current_time:422
2025-04-26 12:07:33,990 simple_logger.py log_once [line:28] INFO test_accuracy                 0.7499
2025-04-26 12:07:33,990 simple_logger.py log_once [line:28] INFO test_loss                     0.7077
2025-04-26 12:07:33,990 simple_logger.py log_once [line:28] INFO val_accuracy                  0.7428
2025-04-26 12:07:33,990 simple_logger.py log_once [line:28] INFO mean_val_accuracy             0.7428
2025-04-26 12:07:33,991 simple_logger.py log_once [line:28] INFO std_val_accuracy              0.0246
2025-04-26 12:07:33,991 simple_logger.py log_once [line:28] INFO val_loss                      0.7213
2025-04-26 12:07:33,991 simple_logger.py log_once [line:28] INFO mean_val_loss                 0.7213
2025-04-26 12:07:33,991 simple_logger.py log_once [line:28] INFO std_val_loss                  0.0648
2025-04-26 12:07:33,991 fedbase.py run [line:323] INFO expense           2363889920.0
2025-04-26 12:07:33,991 fedbase.py run [line:324] INFO Eval Time Cost:               3.2491s
2025-04-26 12:07:33,991 asyncbase.py iterate [line:68] INFO Select clients [0, 1, 2, 3, 4, 5, 6, 7, 8, 9, 10, 11, 12, 13, 14, 15, 16, 17, 18, 19] at time 423.
2025-04-26 12:08:53,046 asyncbase.py iterate [line:73] INFO Receive new models from clients [17, 14, 8, 0, 1, 10, 3, 2, 15, 6, 9, 12, 16, 13, 18, 19, 5, 7, 11, 4] at time 424
2025-04-26 12:08:53,497 fedbase.py run [line:318] INFO --------------Round 163--------------
2025-04-26 12:08:53,498 simple_logger.py log_once [line:14] INFO Current_time:424
2025-04-26 12:08:56,376 simple_logger.py log_once [line:28] INFO test_accuracy                 0.7518
2025-04-26 12:08:56,376 simple_logger.py log_once [line:28] INFO test_loss                     0.7016
2025-04-26 12:08:56,376 simple_logger.py log_once [line:28] INFO val_accuracy                  0.7476
2025-04-26 12:08:56,376 simple_logger.py log_once [line:28] INFO mean_val_accuracy             0.7476
2025-04-26 12:08:56,376 simple_logger.py log_once [line:28] INFO std_val_accuracy              0.0260
2025-04-26 12:08:56,376 simple_logger.py log_once [line:28] INFO val_loss                      0.7149
2025-04-26 12:08:56,376 simple_logger.py log_once [line:28] INFO mean_val_loss                 0.7149
2025-04-26 12:08:56,376 simple_logger.py log_once [line:28] INFO std_val_loss                  0.0660
2025-04-26 12:08:56,376 fedbase.py run [line:323] INFO expense           2368321120.0
2025-04-26 12:08:56,377 fedbase.py run [line:324] INFO Eval Time Cost:               2.8786s
2025-04-26 12:08:56,377 asyncbase.py iterate [line:68] INFO Select clients [0, 1, 2, 3, 4, 5, 6, 7, 8, 9, 10, 11, 12, 13, 14, 15, 16, 17, 18, 19] at time 425.
2025-04-26 12:10:10,182 asyncbase.py iterate [line:73] INFO Receive new models from clients [5, 3, 17, 13, 18, 0, 8, 6, 11, 12, 15, 7, 16, 10, 1, 2, 14, 4, 9, 19] at time 426
2025-04-26 12:10:10,611 fedbase.py run [line:318] INFO --------------Round 164--------------
2025-04-26 12:10:10,612 simple_logger.py log_once [line:14] INFO Current_time:426
2025-04-26 12:10:13,381 simple_logger.py log_once [line:28] INFO test_accuracy                 0.7508
2025-04-26 12:10:13,382 simple_logger.py log_once [line:28] INFO test_loss                     0.7080
2025-04-26 12:10:13,382 simple_logger.py log_once [line:28] INFO val_accuracy                  0.7440
2025-04-26 12:10:13,382 simple_logger.py log_once [line:28] INFO mean_val_accuracy             0.7440
2025-04-26 12:10:13,382 simple_logger.py log_once [line:28] INFO std_val_accuracy              0.0277
2025-04-26 12:10:13,382 simple_logger.py log_once [line:28] INFO val_loss                      0.7217
2025-04-26 12:10:13,382 simple_logger.py log_once [line:28] INFO mean_val_loss                 0.7217
2025-04-26 12:10:13,382 simple_logger.py log_once [line:28] INFO std_val_loss                  0.0665
2025-04-26 12:10:13,382 fedbase.py run [line:323] INFO expense           2372752320.0
2025-04-26 12:10:13,382 fedbase.py run [line:324] INFO Eval Time Cost:               2.7705s
2025-04-26 12:10:13,382 asyncbase.py iterate [line:68] INFO Select clients [0, 1, 2, 3, 4, 5, 6, 7, 8, 9, 10, 11, 12, 13, 14, 15, 16, 17, 18, 19] at time 427.
2025-04-26 12:11:30,765 asyncbase.py iterate [line:73] INFO Receive new models from clients [11, 3, 4, 7, 14, 12, 16, 10, 2, 13, 9, 6, 1, 18, 17, 8, 19, 5, 15, 0] at time 428
2025-04-26 12:11:31,213 fedbase.py run [line:318] INFO --------------Round 165--------------
2025-04-26 12:11:31,213 simple_logger.py log_once [line:14] INFO Current_time:428
2025-04-26 12:11:34,077 simple_logger.py log_once [line:28] INFO test_accuracy                 0.7490
2025-04-26 12:11:34,077 simple_logger.py log_once [line:28] INFO test_loss                     0.7114
2025-04-26 12:11:34,077 simple_logger.py log_once [line:28] INFO val_accuracy                  0.7454
2025-04-26 12:11:34,078 simple_logger.py log_once [line:28] INFO mean_val_accuracy             0.7454
2025-04-26 12:11:34,078 simple_logger.py log_once [line:28] INFO std_val_accuracy              0.0258
2025-04-26 12:11:34,078 simple_logger.py log_once [line:28] INFO val_loss                      0.7270
2025-04-26 12:11:34,078 simple_logger.py log_once [line:28] INFO mean_val_loss                 0.7270
2025-04-26 12:11:34,078 simple_logger.py log_once [line:28] INFO std_val_loss                  0.0654
2025-04-26 12:11:34,078 fedbase.py run [line:323] INFO expense           2377183520.0
2025-04-26 12:11:34,078 fedbase.py run [line:324] INFO Eval Time Cost:               2.8645s
2025-04-26 12:11:34,078 asyncbase.py iterate [line:68] INFO Select clients [0, 1, 2, 3, 4, 5, 6, 7, 8, 9, 10, 11, 12, 13, 14, 15, 16, 17, 18, 19] at time 429.
2025-04-26 12:12:09,942 asyncbase.py iterate [line:73] INFO Receive new models from clients [2, 15, 4, 3, 9, 5, 1, 11, 16, 13, 18, 0, 8, 14, 10, 7, 12, 19, 6, 17] at time 430
2025-04-26 12:12:13,721 fedbase.py run [line:318] INFO --------------Round 166--------------
2025-04-26 12:12:13,721 simple_logger.py log_once [line:14] INFO Current_time:430
2025-04-26 12:12:16,678 simple_logger.py log_once [line:28] INFO test_accuracy                 0.7589
2025-04-26 12:12:16,678 simple_logger.py log_once [line:28] INFO test_loss                     0.6842
2025-04-26 12:12:16,678 simple_logger.py log_once [line:28] INFO val_accuracy                  0.7536
2025-04-26 12:12:16,679 simple_logger.py log_once [line:28] INFO mean_val_accuracy             0.7536
2025-04-26 12:12:16,679 simple_logger.py log_once [line:28] INFO std_val_accuracy              0.0321
2025-04-26 12:12:16,679 simple_logger.py log_once [line:28] INFO val_loss                      0.6984
2025-04-26 12:12:16,679 simple_logger.py log_once [line:28] INFO mean_val_loss                 0.6984
2025-04-26 12:12:16,679 simple_logger.py log_once [line:28] INFO std_val_loss                  0.0644
2025-04-26 12:12:16,679 fedbase.py run [line:323] INFO expense           2433053330.0
2025-04-26 12:12:16,679 fedbase.py run [line:324] INFO Eval Time Cost:               2.9578s
2025-04-26 12:12:16,679 asyncbase.py iterate [line:68] INFO Select clients [0, 1, 2, 3, 4, 5, 6, 7, 8, 9, 10, 11, 12, 13, 14, 15, 16, 17, 18, 19] at time 431.
2025-04-26 12:13:33,314 asyncbase.py iterate [line:73] INFO Receive new models from clients [3, 0, 12, 16, 19, 14, 1, 18, 10, 13, 6, 7, 9, 17, 2, 8, 15] at time 434
2025-04-26 12:13:33,315 asyncbase.py iterate [line:73] INFO Receive new models from clients [5, 11, 4] at time 435
2025-04-26 12:13:33,789 fedbase.py run [line:318] INFO --------------Round 167--------------
2025-04-26 12:13:33,790 simple_logger.py log_once [line:14] INFO Current_time:435
2025-04-26 12:13:36,754 simple_logger.py log_once [line:28] INFO test_accuracy                 0.7538
2025-04-26 12:13:36,754 simple_logger.py log_once [line:28] INFO test_loss                     0.6981
2025-04-26 12:13:36,754 simple_logger.py log_once [line:28] INFO val_accuracy                  0.7456
2025-04-26 12:13:36,754 simple_logger.py log_once [line:28] INFO mean_val_accuracy             0.7456
2025-04-26 12:13:36,754 simple_logger.py log_once [line:28] INFO std_val_accuracy              0.0312
2025-04-26 12:13:36,754 simple_logger.py log_once [line:28] INFO val_loss                      0.7094
2025-04-26 12:13:36,754 simple_logger.py log_once [line:28] INFO mean_val_loss                 0.7094
2025-04-26 12:13:36,754 simple_logger.py log_once [line:28] INFO std_val_loss                  0.0646
2025-04-26 12:13:36,754 fedbase.py run [line:323] INFO expense           2437484530.0
2025-04-26 12:13:36,754 fedbase.py run [line:324] INFO Eval Time Cost:               2.9647s
2025-04-26 12:13:36,755 asyncbase.py iterate [line:68] INFO Select clients [0, 1, 2, 3, 4, 5, 6, 7, 8, 9, 10, 11, 12, 13, 14, 15, 16, 17, 18, 19] at time 436.
2025-04-26 12:14:54,344 asyncbase.py iterate [line:73] INFO Receive new models from clients [4, 17, 2, 19, 5, 16, 18, 8, 7, 15, 11, 10, 14, 12, 9, 3, 1, 13, 6, 0] at time 437
2025-04-26 12:14:54,997 fedbase.py run [line:318] INFO --------------Round 168--------------
2025-04-26 12:14:54,998 simple_logger.py log_once [line:14] INFO Current_time:437
2025-04-26 12:14:57,942 simple_logger.py log_once [line:28] INFO test_accuracy                 0.7529
2025-04-26 12:14:57,942 simple_logger.py log_once [line:28] INFO test_loss                     0.7024
2025-04-26 12:14:57,942 simple_logger.py log_once [line:28] INFO val_accuracy                  0.7472
2025-04-26 12:14:57,942 simple_logger.py log_once [line:28] INFO mean_val_accuracy             0.7472
2025-04-26 12:14:57,942 simple_logger.py log_once [line:28] INFO std_val_accuracy              0.0329
2025-04-26 12:14:57,942 simple_logger.py log_once [line:28] INFO val_loss                      0.7175
2025-04-26 12:14:57,942 simple_logger.py log_once [line:28] INFO mean_val_loss                 0.7175
2025-04-26 12:14:57,942 simple_logger.py log_once [line:28] INFO std_val_loss                  0.0644
2025-04-26 12:14:57,942 fedbase.py run [line:323] INFO expense           2441915730.0
2025-04-26 12:14:57,942 fedbase.py run [line:324] INFO Eval Time Cost:               2.9441s
2025-04-26 12:14:57,942 asyncbase.py iterate [line:68] INFO Select clients [0, 1, 2, 3, 4, 5, 6, 7, 8, 9, 10, 11, 12, 13, 14, 15, 16, 17, 18, 19] at time 438.
2025-04-26 12:16:18,068 asyncbase.py iterate [line:73] INFO Receive new models from clients [13, 11, 17, 18, 1, 15, 19, 8, 12, 10, 14, 4, 9, 16, 5, 6, 3, 2, 0, 7] at time 439
2025-04-26 12:16:18,521 fedbase.py run [line:318] INFO --------------Round 169--------------
2025-04-26 12:16:18,521 simple_logger.py log_once [line:14] INFO Current_time:439
2025-04-26 12:16:21,400 simple_logger.py log_once [line:28] INFO test_accuracy                 0.7572
2025-04-26 12:16:21,400 simple_logger.py log_once [line:28] INFO test_loss                     0.6907
2025-04-26 12:16:21,400 simple_logger.py log_once [line:28] INFO val_accuracy                  0.7518
2025-04-26 12:16:21,400 simple_logger.py log_once [line:28] INFO mean_val_accuracy             0.7518
2025-04-26 12:16:21,400 simple_logger.py log_once [line:28] INFO std_val_accuracy              0.0313
2025-04-26 12:16:21,400 simple_logger.py log_once [line:28] INFO val_loss                      0.7058
2025-04-26 12:16:21,400 simple_logger.py log_once [line:28] INFO mean_val_loss                 0.7058
2025-04-26 12:16:21,400 simple_logger.py log_once [line:28] INFO std_val_loss                  0.0638
2025-04-26 12:16:21,400 fedbase.py run [line:323] INFO expense           2446346930.0
2025-04-26 12:16:21,400 fedbase.py run [line:324] INFO Eval Time Cost:               2.8789s
2025-04-26 12:16:21,400 asyncbase.py iterate [line:68] INFO Select clients [0, 1, 2, 3, 4, 5, 6, 7, 8, 9, 10, 11, 12, 13, 14, 15, 16, 17, 18, 19] at time 440.
2025-04-26 12:17:43,823 asyncbase.py iterate [line:73] INFO Receive new models from clients [0, 12, 14, 4, 1, 19, 11, 13, 9, 3, 16, 10, 7, 2, 15, 18, 5, 6, 17, 8] at time 441
2025-04-26 12:17:44,247 fedbase.py run [line:318] INFO --------------Round 170--------------
2025-04-26 12:17:44,248 simple_logger.py log_once [line:14] INFO Current_time:441
2025-04-26 12:17:46,989 simple_logger.py log_once [line:28] INFO test_accuracy                 0.7538
2025-04-26 12:17:46,989 simple_logger.py log_once [line:28] INFO test_loss                     0.7016
2025-04-26 12:17:46,990 simple_logger.py log_once [line:28] INFO val_accuracy                  0.7454
2025-04-26 12:17:46,990 simple_logger.py log_once [line:28] INFO mean_val_accuracy             0.7454
2025-04-26 12:17:46,990 simple_logger.py log_once [line:28] INFO std_val_accuracy              0.0327
2025-04-26 12:17:46,990 simple_logger.py log_once [line:28] INFO val_loss                      0.7155
2025-04-26 12:17:46,990 simple_logger.py log_once [line:28] INFO mean_val_loss                 0.7155
2025-04-26 12:17:46,990 simple_logger.py log_once [line:28] INFO std_val_loss                  0.0638
2025-04-26 12:17:46,990 fedbase.py run [line:323] INFO expense           2450778130.0
2025-04-26 12:17:46,990 fedbase.py run [line:324] INFO Eval Time Cost:               2.7424s
2025-04-26 12:17:46,990 asyncbase.py iterate [line:68] INFO Select clients [0, 1, 2, 3, 4, 5, 6, 7, 8, 9, 10, 11, 12, 13, 14, 15, 16, 17, 18, 19] at time 442.
2025-04-26 12:19:03,178 asyncbase.py iterate [line:73] INFO Receive new models from clients [3, 2, 6, 15, 9, 16, 4, 0, 5, 11, 10, 8, 12, 18, 1, 17, 19, 7, 14, 13] at time 443
2025-04-26 12:19:03,634 fedbase.py run [line:318] INFO --------------Round 171--------------
2025-04-26 12:19:03,635 simple_logger.py log_once [line:14] INFO Current_time:443
2025-04-26 12:19:06,517 simple_logger.py log_once [line:28] INFO test_accuracy                 0.7569
2025-04-26 12:19:06,517 simple_logger.py log_once [line:28] INFO test_loss                     0.6923
2025-04-26 12:19:06,517 simple_logger.py log_once [line:28] INFO val_accuracy                  0.7468
2025-04-26 12:19:06,517 simple_logger.py log_once [line:28] INFO mean_val_accuracy             0.7468
2025-04-26 12:19:06,517 simple_logger.py log_once [line:28] INFO std_val_accuracy              0.0358
2025-04-26 12:19:06,517 simple_logger.py log_once [line:28] INFO val_loss                      0.7097
2025-04-26 12:19:06,517 simple_logger.py log_once [line:28] INFO mean_val_loss                 0.7097
2025-04-26 12:19:06,517 simple_logger.py log_once [line:28] INFO std_val_loss                  0.0636
2025-04-26 12:19:06,517 fedbase.py run [line:323] INFO expense           2455209330.0
2025-04-26 12:19:06,517 fedbase.py run [line:324] INFO Eval Time Cost:               2.8826s
2025-04-26 12:19:06,517 asyncbase.py iterate [line:68] INFO Select clients [0, 1, 2, 3, 4, 5, 6, 7, 8, 9, 10, 11, 12, 13, 14, 15, 16, 17, 18, 19] at time 444.
2025-04-26 12:20:28,006 asyncbase.py iterate [line:73] INFO Receive new models from clients [5, 17, 16, 14, 9, 12, 0, 1, 6, 13, 7, 11, 19, 10, 4, 8, 3, 15, 18, 2] at time 445
2025-04-26 12:20:28,539 fedbase.py run [line:318] INFO --------------Round 172--------------
2025-04-26 12:20:28,539 simple_logger.py log_once [line:14] INFO Current_time:445
2025-04-26 12:20:31,398 simple_logger.py log_once [line:28] INFO test_accuracy                 0.7576
2025-04-26 12:20:31,398 simple_logger.py log_once [line:28] INFO test_loss                     0.6911
2025-04-26 12:20:31,398 simple_logger.py log_once [line:28] INFO val_accuracy                  0.7484
2025-04-26 12:20:31,398 simple_logger.py log_once [line:28] INFO mean_val_accuracy             0.7484
2025-04-26 12:20:31,398 simple_logger.py log_once [line:28] INFO std_val_accuracy              0.0328
2025-04-26 12:20:31,398 simple_logger.py log_once [line:28] INFO val_loss                      0.7071
2025-04-26 12:20:31,398 simple_logger.py log_once [line:28] INFO mean_val_loss                 0.7071
2025-04-26 12:20:31,398 simple_logger.py log_once [line:28] INFO std_val_loss                  0.0635
2025-04-26 12:20:31,398 fedbase.py run [line:323] INFO expense           2459640530.0
2025-04-26 12:20:31,399 fedbase.py run [line:324] INFO Eval Time Cost:               2.8592s
2025-04-26 12:20:31,399 asyncbase.py iterate [line:68] INFO Select clients [0, 1, 2, 3, 4, 5, 6, 7, 8, 9, 10, 11, 12, 13, 14, 15, 16, 17, 18, 19] at time 446.
2025-04-26 12:21:50,970 asyncbase.py iterate [line:73] INFO Receive new models from clients [19, 5, 18, 9, 1, 15, 14, 11, 2, 6, 8, 16, 7, 17, 13, 3, 12, 10, 0, 4] at time 447
2025-04-26 12:21:51,424 fedbase.py run [line:318] INFO --------------Round 173--------------
2025-04-26 12:21:51,425 simple_logger.py log_once [line:14] INFO Current_time:447
2025-04-26 12:21:54,278 simple_logger.py log_once [line:28] INFO test_accuracy                 0.7546
2025-04-26 12:21:54,278 simple_logger.py log_once [line:28] INFO test_loss                     0.6910
2025-04-26 12:21:54,278 simple_logger.py log_once [line:28] INFO val_accuracy                  0.7492
2025-04-26 12:21:54,278 simple_logger.py log_once [line:28] INFO mean_val_accuracy             0.7492
2025-04-26 12:21:54,278 simple_logger.py log_once [line:28] INFO std_val_accuracy              0.0314
2025-04-26 12:21:54,278 simple_logger.py log_once [line:28] INFO val_loss                      0.7077
2025-04-26 12:21:54,279 simple_logger.py log_once [line:28] INFO mean_val_loss                 0.7077
2025-04-26 12:21:54,279 simple_logger.py log_once [line:28] INFO std_val_loss                  0.0632
2025-04-26 12:21:54,279 fedbase.py run [line:323] INFO expense           2464071730.0
2025-04-26 12:21:54,279 fedbase.py run [line:324] INFO Eval Time Cost:               2.8541s
2025-04-26 12:21:54,279 asyncbase.py iterate [line:68] INFO Select clients [0, 1, 2, 3, 4, 5, 6, 7, 8, 9, 10, 11, 12, 13, 14, 15, 16, 17, 18, 19] at time 448.
2025-04-26 12:23:12,381 asyncbase.py iterate [line:73] INFO Receive new models from clients [19, 9, 11, 13, 18, 0, 10, 8, 16, 14, 2, 7, 17, 12, 3, 6, 4, 5, 1, 15] at time 449
2025-04-26 12:23:12,828 fedbase.py run [line:318] INFO --------------Round 174--------------
2025-04-26 12:23:12,829 simple_logger.py log_once [line:14] INFO Current_time:449
2025-04-26 12:23:15,702 simple_logger.py log_once [line:28] INFO test_accuracy                 0.7556
2025-04-26 12:23:15,702 simple_logger.py log_once [line:28] INFO test_loss                     0.6994
2025-04-26 12:23:15,702 simple_logger.py log_once [line:28] INFO val_accuracy                  0.7436
2025-04-26 12:23:15,702 simple_logger.py log_once [line:28] INFO mean_val_accuracy             0.7436
2025-04-26 12:23:15,703 simple_logger.py log_once [line:28] INFO std_val_accuracy              0.0313
2025-04-26 12:23:15,703 simple_logger.py log_once [line:28] INFO val_loss                      0.7140
2025-04-26 12:23:15,703 simple_logger.py log_once [line:28] INFO mean_val_loss                 0.7140
2025-04-26 12:23:15,703 simple_logger.py log_once [line:28] INFO std_val_loss                  0.0632
2025-04-26 12:23:15,703 fedbase.py run [line:323] INFO expense           2468502930.0
2025-04-26 12:23:15,703 fedbase.py run [line:324] INFO Eval Time Cost:               2.8741s
2025-04-26 12:23:15,703 asyncbase.py iterate [line:68] INFO Select clients [0, 1, 2, 3, 4, 5, 6, 7, 8, 9, 10, 11, 12, 13, 14, 15, 16, 17, 18, 19] at time 450.
2025-04-26 12:24:35,227 asyncbase.py iterate [line:73] INFO Receive new models from clients [16, 9, 8, 12, 14, 6, 1, 5, 13, 2, 17, 18, 7, 19, 3, 15, 10, 11, 0, 4] at time 451
2025-04-26 12:24:35,683 fedbase.py run [line:318] INFO --------------Round 175--------------
2025-04-26 12:24:35,683 simple_logger.py log_once [line:14] INFO Current_time:451
2025-04-26 12:24:38,592 simple_logger.py log_once [line:28] INFO test_accuracy                 0.7552
2025-04-26 12:24:38,592 simple_logger.py log_once [line:28] INFO test_loss                     0.6989
2025-04-26 12:24:38,592 simple_logger.py log_once [line:28] INFO val_accuracy                  0.7484
2025-04-26 12:24:38,592 simple_logger.py log_once [line:28] INFO mean_val_accuracy             0.7484
2025-04-26 12:24:38,592 simple_logger.py log_once [line:28] INFO std_val_accuracy              0.0311
2025-04-26 12:24:38,592 simple_logger.py log_once [line:28] INFO val_loss                      0.7114
2025-04-26 12:24:38,592 simple_logger.py log_once [line:28] INFO mean_val_loss                 0.7114
2025-04-26 12:24:38,592 simple_logger.py log_once [line:28] INFO std_val_loss                  0.0636
2025-04-26 12:24:38,592 fedbase.py run [line:323] INFO expense           2472934130.0
2025-04-26 12:24:38,592 fedbase.py run [line:324] INFO Eval Time Cost:               2.9089s
2025-04-26 12:24:38,592 asyncbase.py iterate [line:68] INFO Select clients [0, 1, 2, 3, 4, 5, 6, 7, 8, 9, 10, 11, 12, 13, 14, 15, 16, 17, 18, 19] at time 452.
2025-04-26 12:25:58,455 asyncbase.py iterate [line:73] INFO Receive new models from clients [4, 9, 14, 11, 12, 8, 2, 13, 19, 6, 17, 16, 7, 1, 15, 0, 18, 3, 5, 10] at time 453
2025-04-26 12:25:58,914 fedbase.py run [line:318] INFO --------------Round 176--------------
2025-04-26 12:25:58,915 simple_logger.py log_once [line:14] INFO Current_time:453
2025-04-26 12:26:01,839 simple_logger.py log_once [line:28] INFO test_accuracy                 0.7560
2025-04-26 12:26:01,840 simple_logger.py log_once [line:28] INFO test_loss                     0.6973
2025-04-26 12:26:01,840 simple_logger.py log_once [line:28] INFO val_accuracy                  0.7446
2025-04-26 12:26:01,840 simple_logger.py log_once [line:28] INFO mean_val_accuracy             0.7446
2025-04-26 12:26:01,840 simple_logger.py log_once [line:28] INFO std_val_accuracy              0.0322
2025-04-26 12:26:01,840 simple_logger.py log_once [line:28] INFO val_loss                      0.7120
2025-04-26 12:26:01,840 simple_logger.py log_once [line:28] INFO mean_val_loss                 0.7120
2025-04-26 12:26:01,840 simple_logger.py log_once [line:28] INFO std_val_loss                  0.0623
2025-04-26 12:26:01,840 fedbase.py run [line:323] INFO expense           2477365330.0
2025-04-26 12:26:01,840 fedbase.py run [line:324] INFO Eval Time Cost:               2.9254s
2025-04-26 12:26:01,840 asyncbase.py iterate [line:68] INFO Select clients [0, 1, 2, 3, 4, 5, 6, 7, 8, 9, 10, 11, 12, 13, 14, 15, 16, 17, 18, 19] at time 454.
2025-04-26 12:27:23,468 asyncbase.py iterate [line:73] INFO Receive new models from clients [16, 13, 0, 7, 9, 8, 3, 1, 6, 11, 19, 18, 14, 10, 5, 15, 17, 4, 12, 2] at time 455
2025-04-26 12:27:23,916 fedbase.py run [line:318] INFO --------------Round 177--------------
2025-04-26 12:27:23,917 simple_logger.py log_once [line:14] INFO Current_time:455
2025-04-26 12:27:26,782 simple_logger.py log_once [line:28] INFO test_accuracy                 0.7531
2025-04-26 12:27:26,782 simple_logger.py log_once [line:28] INFO test_loss                     0.7080
2025-04-26 12:27:26,782 simple_logger.py log_once [line:28] INFO val_accuracy                  0.7466
2025-04-26 12:27:26,782 simple_logger.py log_once [line:28] INFO mean_val_accuracy             0.7466
2025-04-26 12:27:26,782 simple_logger.py log_once [line:28] INFO std_val_accuracy              0.0293
2025-04-26 12:27:26,782 simple_logger.py log_once [line:28] INFO val_loss                      0.7194
2025-04-26 12:27:26,782 simple_logger.py log_once [line:28] INFO mean_val_loss                 0.7194
2025-04-26 12:27:26,782 simple_logger.py log_once [line:28] INFO std_val_loss                  0.0652
2025-04-26 12:27:26,782 fedbase.py run [line:323] INFO expense           2481796530.0
2025-04-26 12:27:26,782 fedbase.py run [line:324] INFO Eval Time Cost:               2.8656s
2025-04-26 12:27:26,782 asyncbase.py iterate [line:68] INFO Select clients [0, 1, 2, 3, 4, 5, 6, 7, 8, 9, 10, 11, 12, 13, 14, 15, 16, 17, 18, 19] at time 456.
2025-04-26 12:28:46,770 asyncbase.py iterate [line:73] INFO Receive new models from clients [19, 12, 3, 1, 0, 17, 18, 9, 14, 7, 15, 13, 16, 10, 8, 5, 6, 2, 11, 4] at time 457
2025-04-26 12:28:47,229 fedbase.py run [line:318] INFO --------------Round 178--------------
2025-04-26 12:28:47,230 simple_logger.py log_once [line:14] INFO Current_time:457
2025-04-26 12:28:50,127 simple_logger.py log_once [line:28] INFO test_accuracy                 0.7603
2025-04-26 12:28:50,127 simple_logger.py log_once [line:28] INFO test_loss                     0.6808
2025-04-26 12:28:50,127 simple_logger.py log_once [line:28] INFO val_accuracy                  0.7536
2025-04-26 12:28:50,127 simple_logger.py log_once [line:28] INFO mean_val_accuracy             0.7536
2025-04-26 12:28:50,127 simple_logger.py log_once [line:28] INFO std_val_accuracy              0.0307
2025-04-26 12:28:50,127 simple_logger.py log_once [line:28] INFO val_loss                      0.6950
2025-04-26 12:28:50,127 simple_logger.py log_once [line:28] INFO mean_val_loss                 0.6950
2025-04-26 12:28:50,127 simple_logger.py log_once [line:28] INFO std_val_loss                  0.0627
2025-04-26 12:28:50,127 fedbase.py run [line:323] INFO expense           2486227730.0
2025-04-26 12:28:50,127 fedbase.py run [line:324] INFO Eval Time Cost:               2.8977s
2025-04-26 12:28:50,127 asyncbase.py iterate [line:68] INFO Select clients [0, 1, 2, 3, 4, 5, 6, 7, 8, 9, 10, 11, 12, 13, 14, 15, 16, 17, 18, 19] at time 458.
2025-04-26 12:30:13,306 asyncbase.py iterate [line:73] INFO Receive new models from clients [3, 0, 19, 12, 17, 7, 10, 14, 6, 16, 1, 2, 18, 8, 9, 13, 4, 11, 15, 5] at time 459
2025-04-26 12:30:13,933 fedbase.py run [line:318] INFO --------------Round 179--------------
2025-04-26 12:30:13,934 simple_logger.py log_once [line:14] INFO Current_time:459
2025-04-26 12:30:17,165 simple_logger.py log_once [line:28] INFO test_accuracy                 0.7624
2025-04-26 12:30:17,166 simple_logger.py log_once [line:28] INFO test_loss                     0.6857
2025-04-26 12:30:17,166 simple_logger.py log_once [line:28] INFO val_accuracy                  0.7542
2025-04-26 12:30:17,166 simple_logger.py log_once [line:28] INFO mean_val_accuracy             0.7542
2025-04-26 12:30:17,166 simple_logger.py log_once [line:28] INFO std_val_accuracy              0.0311
2025-04-26 12:30:17,166 simple_logger.py log_once [line:28] INFO val_loss                      0.7001
2025-04-26 12:30:17,166 simple_logger.py log_once [line:28] INFO mean_val_loss                 0.7001
2025-04-26 12:30:17,166 simple_logger.py log_once [line:28] INFO std_val_loss                  0.0641
2025-04-26 12:30:17,166 fedbase.py run [line:323] INFO expense           2490658930.0
2025-04-26 12:30:17,166 fedbase.py run [line:324] INFO Eval Time Cost:               3.2323s
2025-04-26 12:30:17,166 asyncbase.py iterate [line:68] INFO Select clients [0, 1, 2, 3, 4, 5, 6, 7, 8, 9, 10, 11, 12, 13, 14, 15, 16, 17, 18, 19] at time 460.
2025-04-26 12:30:52,175 asyncbase.py iterate [line:73] INFO Receive new models from clients [7, 1, 4, 18, 6, 15, 10, 5, 8, 0, 17, 2, 16, 19, 3, 12, 11, 9, 13, 14] at time 461
2025-04-26 12:30:55,656 fedbase.py run [line:318] INFO --------------Round 180--------------
2025-04-26 12:30:55,657 simple_logger.py log_once [line:14] INFO Current_time:461
2025-04-26 12:30:58,589 simple_logger.py log_once [line:28] INFO test_accuracy                 0.7632
2025-04-26 12:30:58,589 simple_logger.py log_once [line:28] INFO test_loss                     0.6734
2025-04-26 12:30:58,590 simple_logger.py log_once [line:28] INFO val_accuracy                  0.7592
2025-04-26 12:30:58,590 simple_logger.py log_once [line:28] INFO mean_val_accuracy             0.7592
2025-04-26 12:30:58,590 simple_logger.py log_once [line:28] INFO std_val_accuracy              0.0294
2025-04-26 12:30:58,590 simple_logger.py log_once [line:28] INFO val_loss                      0.6879
2025-04-26 12:30:58,590 simple_logger.py log_once [line:28] INFO mean_val_loss                 0.6879
2025-04-26 12:30:58,590 simple_logger.py log_once [line:28] INFO std_val_loss                  0.0651
2025-04-26 12:30:58,590 fedbase.py run [line:323] INFO expense           2546528740.0
2025-04-26 12:30:58,590 fedbase.py run [line:324] INFO Eval Time Cost:               2.9333s
2025-04-26 12:30:58,590 asyncbase.py iterate [line:68] INFO Select clients [0, 1, 2, 3, 4, 5, 6, 7, 8, 9, 10, 11, 12, 13, 14, 15, 16, 17, 18, 19] at time 462.
2025-04-26 12:32:19,166 asyncbase.py iterate [line:73] INFO Receive new models from clients [16, 11, 13, 19, 8, 12, 1, 3, 15, 2, 14, 4, 7, 10, 6] at time 465
2025-04-26 12:32:19,166 asyncbase.py iterate [line:73] INFO Receive new models from clients [18, 17, 0, 5, 9] at time 466
2025-04-26 12:32:19,671 fedbase.py run [line:318] INFO --------------Round 181--------------
2025-04-26 12:32:19,672 simple_logger.py log_once [line:14] INFO Current_time:466
2025-04-26 12:32:22,559 simple_logger.py log_once [line:28] INFO test_accuracy                 0.7631
2025-04-26 12:32:22,559 simple_logger.py log_once [line:28] INFO test_loss                     0.6714
2025-04-26 12:32:22,559 simple_logger.py log_once [line:28] INFO val_accuracy                  0.7602
2025-04-26 12:32:22,559 simple_logger.py log_once [line:28] INFO mean_val_accuracy             0.7602
2025-04-26 12:32:22,559 simple_logger.py log_once [line:28] INFO std_val_accuracy              0.0256
2025-04-26 12:32:22,559 simple_logger.py log_once [line:28] INFO val_loss                      0.6867
2025-04-26 12:32:22,559 simple_logger.py log_once [line:28] INFO mean_val_loss                 0.6867
2025-04-26 12:32:22,559 simple_logger.py log_once [line:28] INFO std_val_loss                  0.0635
2025-04-26 12:32:22,559 fedbase.py run [line:323] INFO expense           2550959940.0
2025-04-26 12:32:22,560 fedbase.py run [line:324] INFO Eval Time Cost:               2.8878s
2025-04-26 12:32:22,560 asyncbase.py iterate [line:68] INFO Select clients [0, 1, 2, 3, 4, 5, 6, 7, 8, 9, 10, 11, 12, 13, 14, 15, 16, 17, 18, 19] at time 467.
2025-04-26 12:33:45,765 asyncbase.py iterate [line:73] INFO Receive new models from clients [15, 10, 2, 12, 19, 0, 7, 3, 17, 18, 14, 9, 13, 4, 11, 16, 6, 5, 8, 1] at time 468
2025-04-26 12:33:46,220 fedbase.py run [line:318] INFO --------------Round 182--------------
2025-04-26 12:33:46,221 simple_logger.py log_once [line:14] INFO Current_time:468
2025-04-26 12:33:49,119 simple_logger.py log_once [line:28] INFO test_accuracy                 0.7596
2025-04-26 12:33:49,119 simple_logger.py log_once [line:28] INFO test_loss                     0.6852
2025-04-26 12:33:49,119 simple_logger.py log_once [line:28] INFO val_accuracy                  0.7536
2025-04-26 12:33:49,119 simple_logger.py log_once [line:28] INFO mean_val_accuracy             0.7536
2025-04-26 12:33:49,120 simple_logger.py log_once [line:28] INFO std_val_accuracy              0.0319
2025-04-26 12:33:49,120 simple_logger.py log_once [line:28] INFO val_loss                      0.7009
2025-04-26 12:33:49,120 simple_logger.py log_once [line:28] INFO mean_val_loss                 0.7009
2025-04-26 12:33:49,120 simple_logger.py log_once [line:28] INFO std_val_loss                  0.0673
2025-04-26 12:33:49,120 fedbase.py run [line:323] INFO expense           2555391140.0
2025-04-26 12:33:49,120 fedbase.py run [line:324] INFO Eval Time Cost:               2.8992s
2025-04-26 12:33:49,120 asyncbase.py iterate [line:68] INFO Select clients [0, 1, 2, 3, 4, 5, 6, 7, 8, 9, 10, 11, 12, 13, 14, 15, 16, 17, 18, 19] at time 469.
2025-04-26 12:35:09,617 asyncbase.py iterate [line:73] INFO Receive new models from clients [5, 12, 1, 15, 2, 4, 11, 9, 14, 3, 0, 19, 13, 8, 17, 6, 10, 16, 18, 7] at time 470
2025-04-26 12:35:10,076 fedbase.py run [line:318] INFO --------------Round 183--------------
2025-04-26 12:35:10,077 simple_logger.py log_once [line:14] INFO Current_time:470
2025-04-26 12:35:12,938 simple_logger.py log_once [line:28] INFO test_accuracy                 0.7589
2025-04-26 12:35:12,938 simple_logger.py log_once [line:28] INFO test_loss                     0.6875
2025-04-26 12:35:12,938 simple_logger.py log_once [line:28] INFO val_accuracy                  0.7534
2025-04-26 12:35:12,938 simple_logger.py log_once [line:28] INFO mean_val_accuracy             0.7534
2025-04-26 12:35:12,938 simple_logger.py log_once [line:28] INFO std_val_accuracy              0.0312
2025-04-26 12:35:12,938 simple_logger.py log_once [line:28] INFO val_loss                      0.7008
2025-04-26 12:35:12,938 simple_logger.py log_once [line:28] INFO mean_val_loss                 0.7008
2025-04-26 12:35:12,938 simple_logger.py log_once [line:28] INFO std_val_loss                  0.0662
2025-04-26 12:35:12,938 fedbase.py run [line:323] INFO expense           2559822340.0
2025-04-26 12:35:12,938 fedbase.py run [line:324] INFO Eval Time Cost:               2.8615s
2025-04-26 12:35:12,939 asyncbase.py iterate [line:68] INFO Select clients [0, 1, 2, 3, 4, 5, 6, 7, 8, 9, 10, 11, 12, 13, 14, 15, 16, 17, 18, 19] at time 471.
2025-04-26 12:36:36,015 asyncbase.py iterate [line:73] INFO Receive new models from clients [18, 8, 13, 16, 4, 3, 12, 7, 2, 9, 5, 14, 15, 0, 19, 1, 6, 10, 17, 11] at time 472
2025-04-26 12:36:36,492 fedbase.py run [line:318] INFO --------------Round 184--------------
2025-04-26 12:36:36,493 simple_logger.py log_once [line:14] INFO Current_time:472
2025-04-26 12:36:39,464 simple_logger.py log_once [line:28] INFO test_accuracy                 0.7601
2025-04-26 12:36:39,465 simple_logger.py log_once [line:28] INFO test_loss                     0.6830
2025-04-26 12:36:39,465 simple_logger.py log_once [line:28] INFO val_accuracy                  0.7562
2025-04-26 12:36:39,465 simple_logger.py log_once [line:28] INFO mean_val_accuracy             0.7562
2025-04-26 12:36:39,465 simple_logger.py log_once [line:28] INFO std_val_accuracy              0.0295
2025-04-26 12:36:39,465 simple_logger.py log_once [line:28] INFO val_loss                      0.6968
2025-04-26 12:36:39,465 simple_logger.py log_once [line:28] INFO mean_val_loss                 0.6968
2025-04-26 12:36:39,465 simple_logger.py log_once [line:28] INFO std_val_loss                  0.0643
2025-04-26 12:36:39,465 fedbase.py run [line:323] INFO expense           2564253540.0
2025-04-26 12:36:39,465 fedbase.py run [line:324] INFO Eval Time Cost:               2.9720s
2025-04-26 12:36:39,465 asyncbase.py iterate [line:68] INFO Select clients [0, 1, 2, 3, 4, 5, 6, 7, 8, 9, 10, 11, 12, 13, 14, 15, 16, 17, 18, 19] at time 473.
2025-04-26 12:37:56,338 asyncbase.py iterate [line:73] INFO Receive new models from clients [9, 15, 5, 2, 8, 1, 10, 3, 0, 18, 17, 19, 11, 6, 7, 14, 13, 4, 12, 16] at time 474
2025-04-26 12:37:56,760 fedbase.py run [line:318] INFO --------------Round 185--------------
2025-04-26 12:37:56,761 simple_logger.py log_once [line:14] INFO Current_time:474
2025-04-26 12:37:59,532 simple_logger.py log_once [line:28] INFO test_accuracy                 0.7582
2025-04-26 12:37:59,532 simple_logger.py log_once [line:28] INFO test_loss                     0.6878
2025-04-26 12:37:59,532 simple_logger.py log_once [line:28] INFO val_accuracy                  0.7526
2025-04-26 12:37:59,532 simple_logger.py log_once [line:28] INFO mean_val_accuracy             0.7526
2025-04-26 12:37:59,532 simple_logger.py log_once [line:28] INFO std_val_accuracy              0.0276
2025-04-26 12:37:59,532 simple_logger.py log_once [line:28] INFO val_loss                      0.7018
2025-04-26 12:37:59,532 simple_logger.py log_once [line:28] INFO mean_val_loss                 0.7018
2025-04-26 12:37:59,532 simple_logger.py log_once [line:28] INFO std_val_loss                  0.0655
2025-04-26 12:37:59,532 fedbase.py run [line:323] INFO expense           2568684740.0
2025-04-26 12:37:59,532 fedbase.py run [line:324] INFO Eval Time Cost:               2.7713s
2025-04-26 12:37:59,532 asyncbase.py iterate [line:68] INFO Select clients [0, 1, 2, 3, 4, 5, 6, 7, 8, 9, 10, 11, 12, 13, 14, 15, 16, 17, 18, 19] at time 475.
2025-04-26 12:39:20,691 asyncbase.py iterate [line:73] INFO Receive new models from clients [19, 18, 4, 13, 8, 0, 14, 17, 10, 9, 6, 11, 15, 1, 5, 16, 7, 2, 12, 3] at time 476
2025-04-26 12:39:21,265 fedbase.py run [line:318] INFO --------------Round 186--------------
2025-04-26 12:39:21,266 simple_logger.py log_once [line:14] INFO Current_time:476
2025-04-26 12:39:24,086 simple_logger.py log_once [line:28] INFO test_accuracy                 0.7560
2025-04-26 12:39:24,086 simple_logger.py log_once [line:28] INFO test_loss                     0.6946
2025-04-26 12:39:24,086 simple_logger.py log_once [line:28] INFO val_accuracy                  0.7518
2025-04-26 12:39:24,086 simple_logger.py log_once [line:28] INFO mean_val_accuracy             0.7518
2025-04-26 12:39:24,086 simple_logger.py log_once [line:28] INFO std_val_accuracy              0.0280
2025-04-26 12:39:24,086 simple_logger.py log_once [line:28] INFO val_loss                      0.7083
2025-04-26 12:39:24,086 simple_logger.py log_once [line:28] INFO mean_val_loss                 0.7083
2025-04-26 12:39:24,086 simple_logger.py log_once [line:28] INFO std_val_loss                  0.0664
2025-04-26 12:39:24,086 fedbase.py run [line:323] INFO expense           2573115940.0
2025-04-26 12:39:24,086 fedbase.py run [line:324] INFO Eval Time Cost:               2.8204s
2025-04-26 12:39:24,087 asyncbase.py iterate [line:68] INFO Select clients [0, 1, 2, 3, 4, 5, 6, 7, 8, 9, 10, 11, 12, 13, 14, 15, 16, 17, 18, 19] at time 477.
2025-04-26 12:40:42,525 asyncbase.py iterate [line:73] INFO Receive new models from clients [19, 12, 16, 9, 10, 5, 1, 17, 7, 8, 13, 3, 18, 2, 6, 4, 14, 11, 0, 15] at time 478
2025-04-26 12:40:42,965 fedbase.py run [line:318] INFO --------------Round 187--------------
2025-04-26 12:40:42,966 simple_logger.py log_once [line:14] INFO Current_time:478
2025-04-26 12:40:45,727 simple_logger.py log_once [line:28] INFO test_accuracy                 0.7637
2025-04-26 12:40:45,727 simple_logger.py log_once [line:28] INFO test_loss                     0.6769
2025-04-26 12:40:45,727 simple_logger.py log_once [line:28] INFO val_accuracy                  0.7586
2025-04-26 12:40:45,728 simple_logger.py log_once [line:28] INFO mean_val_accuracy             0.7586
2025-04-26 12:40:45,728 simple_logger.py log_once [line:28] INFO std_val_accuracy              0.0287
2025-04-26 12:40:45,728 simple_logger.py log_once [line:28] INFO val_loss                      0.6909
2025-04-26 12:40:45,728 simple_logger.py log_once [line:28] INFO mean_val_loss                 0.6909
2025-04-26 12:40:45,728 simple_logger.py log_once [line:28] INFO std_val_loss                  0.0640
2025-04-26 12:40:45,728 fedbase.py run [line:323] INFO expense           2577547140.0
2025-04-26 12:40:45,728 fedbase.py run [line:324] INFO Eval Time Cost:               2.7623s
2025-04-26 12:40:45,728 asyncbase.py iterate [line:68] INFO Select clients [0, 1, 2, 3, 4, 5, 6, 7, 8, 9, 10, 11, 12, 13, 14, 15, 16, 17, 18, 19] at time 479.
2025-04-26 12:42:07,136 asyncbase.py iterate [line:73] INFO Receive new models from clients [15, 3, 19, 17, 4, 12, 16, 13, 18, 6, 7, 11, 14, 9, 8, 1, 5, 2, 0, 10] at time 480
2025-04-26 12:42:07,588 fedbase.py run [line:318] INFO --------------Round 188--------------
2025-04-26 12:42:07,589 simple_logger.py log_once [line:14] INFO Current_time:480
2025-04-26 12:42:10,543 simple_logger.py log_once [line:28] INFO test_accuracy                 0.7570
2025-04-26 12:42:10,543 simple_logger.py log_once [line:28] INFO test_loss                     0.6932
2025-04-26 12:42:10,543 simple_logger.py log_once [line:28] INFO val_accuracy                  0.7528
2025-04-26 12:42:10,543 simple_logger.py log_once [line:28] INFO mean_val_accuracy             0.7528
2025-04-26 12:42:10,544 simple_logger.py log_once [line:28] INFO std_val_accuracy              0.0293
2025-04-26 12:42:10,544 simple_logger.py log_once [line:28] INFO val_loss                      0.7093
2025-04-26 12:42:10,544 simple_logger.py log_once [line:28] INFO mean_val_loss                 0.7093
2025-04-26 12:42:10,544 simple_logger.py log_once [line:28] INFO std_val_loss                  0.0671
2025-04-26 12:42:10,544 fedbase.py run [line:323] INFO expense           2581978340.0
2025-04-26 12:42:10,544 fedbase.py run [line:324] INFO Eval Time Cost:               2.9552s
2025-04-26 12:42:10,544 asyncbase.py iterate [line:68] INFO Select clients [0, 1, 2, 3, 4, 5, 6, 7, 8, 9, 10, 11, 12, 13, 14, 15, 16, 17, 18, 19] at time 481.
2025-04-26 12:43:28,344 asyncbase.py iterate [line:73] INFO Receive new models from clients [0, 6, 3, 4, 5, 7, 15, 11, 14, 8, 16, 17, 13, 19, 1, 9, 18, 2, 10, 12] at time 482
2025-04-26 12:43:28,808 fedbase.py run [line:318] INFO --------------Round 189--------------
2025-04-26 12:43:28,808 simple_logger.py log_once [line:14] INFO Current_time:482
2025-04-26 12:43:31,707 simple_logger.py log_once [line:28] INFO test_accuracy                 0.7611
2025-04-26 12:43:31,708 simple_logger.py log_once [line:28] INFO test_loss                     0.6753
2025-04-26 12:43:31,708 simple_logger.py log_once [line:28] INFO val_accuracy                  0.7600
2025-04-26 12:43:31,708 simple_logger.py log_once [line:28] INFO mean_val_accuracy             0.7600
2025-04-26 12:43:31,708 simple_logger.py log_once [line:28] INFO std_val_accuracy              0.0281
2025-04-26 12:43:31,708 simple_logger.py log_once [line:28] INFO val_loss                      0.6907
2025-04-26 12:43:31,708 simple_logger.py log_once [line:28] INFO mean_val_loss                 0.6907
2025-04-26 12:43:31,708 simple_logger.py log_once [line:28] INFO std_val_loss                  0.0653
2025-04-26 12:43:31,708 fedbase.py run [line:323] INFO expense           2586409540.0
2025-04-26 12:43:31,708 fedbase.py run [line:324] INFO Eval Time Cost:               2.8997s
2025-04-26 12:43:31,708 asyncbase.py iterate [line:68] INFO Select clients [0, 1, 2, 3, 4, 5, 6, 7, 8, 9, 10, 11, 12, 13, 14, 15, 16, 17, 18, 19] at time 483.
2025-04-26 12:44:49,994 asyncbase.py iterate [line:73] INFO Receive new models from clients [7, 17, 19, 13, 5, 10, 8, 3, 15, 14, 6, 9, 16, 12, 18, 11, 1, 2, 0, 4] at time 484
2025-04-26 12:44:50,427 fedbase.py run [line:318] INFO --------------Round 190--------------
2025-04-26 12:44:50,428 simple_logger.py log_once [line:14] INFO Current_time:484
2025-04-26 12:44:53,270 simple_logger.py log_once [line:28] INFO test_accuracy                 0.7596
2025-04-26 12:44:53,270 simple_logger.py log_once [line:28] INFO test_loss                     0.6854
2025-04-26 12:44:53,270 simple_logger.py log_once [line:28] INFO val_accuracy                  0.7540
2025-04-26 12:44:53,270 simple_logger.py log_once [line:28] INFO mean_val_accuracy             0.7540
2025-04-26 12:44:53,270 simple_logger.py log_once [line:28] INFO std_val_accuracy              0.0308
2025-04-26 12:44:53,270 simple_logger.py log_once [line:28] INFO val_loss                      0.6996
2025-04-26 12:44:53,270 simple_logger.py log_once [line:28] INFO mean_val_loss                 0.6996
2025-04-26 12:44:53,270 simple_logger.py log_once [line:28] INFO std_val_loss                  0.0639
2025-04-26 12:44:53,270 fedbase.py run [line:323] INFO expense           2590840740.0
2025-04-26 12:44:53,270 fedbase.py run [line:324] INFO Eval Time Cost:               2.8423s
2025-04-26 12:44:53,270 asyncbase.py iterate [line:68] INFO Select clients [0, 1, 2, 3, 4, 5, 6, 7, 8, 9, 10, 11, 12, 13, 14, 15, 16, 17, 18, 19] at time 485.
2025-04-26 12:46:12,740 asyncbase.py iterate [line:73] INFO Receive new models from clients [6, 13, 11, 19, 14, 5, 3, 4, 12, 0, 2, 16, 9, 8, 7, 10, 18, 1, 15, 17] at time 486
2025-04-26 12:46:13,191 fedbase.py run [line:318] INFO --------------Round 191--------------
2025-04-26 12:46:13,192 simple_logger.py log_once [line:14] INFO Current_time:486
2025-04-26 12:46:16,085 simple_logger.py log_once [line:28] INFO test_accuracy                 0.7598
2025-04-26 12:46:16,085 simple_logger.py log_once [line:28] INFO test_loss                     0.6844
2025-04-26 12:46:16,085 simple_logger.py log_once [line:28] INFO val_accuracy                  0.7558
2025-04-26 12:46:16,085 simple_logger.py log_once [line:28] INFO mean_val_accuracy             0.7558
2025-04-26 12:46:16,085 simple_logger.py log_once [line:28] INFO std_val_accuracy              0.0264
2025-04-26 12:46:16,085 simple_logger.py log_once [line:28] INFO val_loss                      0.6989
2025-04-26 12:46:16,086 simple_logger.py log_once [line:28] INFO mean_val_loss                 0.6989
2025-04-26 12:46:16,086 simple_logger.py log_once [line:28] INFO std_val_loss                  0.0639
2025-04-26 12:46:16,086 fedbase.py run [line:323] INFO expense           2595271940.0
2025-04-26 12:46:16,086 fedbase.py run [line:324] INFO Eval Time Cost:               2.8940s
2025-04-26 12:46:16,086 asyncbase.py iterate [line:68] INFO Select clients [0, 1, 2, 3, 4, 5, 6, 7, 8, 9, 10, 11, 12, 13, 14, 15, 16, 17, 18, 19] at time 487.
2025-04-26 12:47:36,122 asyncbase.py iterate [line:73] INFO Receive new models from clients [3, 8, 11, 16, 10, 19, 1, 15, 2, 7, 4, 5, 9, 17, 0, 12, 14, 6, 13, 18] at time 488
2025-04-26 12:47:36,583 fedbase.py run [line:318] INFO --------------Round 192--------------
2025-04-26 12:47:36,584 simple_logger.py log_once [line:14] INFO Current_time:488
2025-04-26 12:47:39,553 simple_logger.py log_once [line:28] INFO test_accuracy                 0.7589
2025-04-26 12:47:39,553 simple_logger.py log_once [line:28] INFO test_loss                     0.6893
2025-04-26 12:47:39,554 simple_logger.py log_once [line:28] INFO val_accuracy                  0.7514
2025-04-26 12:47:39,554 simple_logger.py log_once [line:28] INFO mean_val_accuracy             0.7514
2025-04-26 12:47:39,554 simple_logger.py log_once [line:28] INFO std_val_accuracy              0.0282
2025-04-26 12:47:39,554 simple_logger.py log_once [line:28] INFO val_loss                      0.7021
2025-04-26 12:47:39,554 simple_logger.py log_once [line:28] INFO mean_val_loss                 0.7021
2025-04-26 12:47:39,554 simple_logger.py log_once [line:28] INFO std_val_loss                  0.0656
2025-04-26 12:47:39,554 fedbase.py run [line:323] INFO expense           2599703140.0
2025-04-26 12:47:39,554 fedbase.py run [line:324] INFO Eval Time Cost:               2.9701s
2025-04-26 12:47:39,554 asyncbase.py iterate [line:68] INFO Select clients [0, 1, 2, 3, 4, 5, 6, 7, 8, 9, 10, 11, 12, 13, 14, 15, 16, 17, 18, 19] at time 489.
2025-04-26 12:49:00,168 asyncbase.py iterate [line:73] INFO Receive new models from clients [0, 9, 19, 8, 18, 7, 6, 13, 15, 4, 2, 5, 10, 17, 16, 12, 1, 3, 11, 14] at time 490
2025-04-26 12:49:00,703 fedbase.py run [line:318] INFO --------------Round 193--------------
2025-04-26 12:49:00,704 simple_logger.py log_once [line:14] INFO Current_time:490
2025-04-26 12:49:03,542 simple_logger.py log_once [line:28] INFO test_accuracy                 0.7625
2025-04-26 12:49:03,543 simple_logger.py log_once [line:28] INFO test_loss                     0.6777
2025-04-26 12:49:03,543 simple_logger.py log_once [line:28] INFO val_accuracy                  0.7588
2025-04-26 12:49:03,543 simple_logger.py log_once [line:28] INFO mean_val_accuracy             0.7588
2025-04-26 12:49:03,543 simple_logger.py log_once [line:28] INFO std_val_accuracy              0.0266
2025-04-26 12:49:03,543 simple_logger.py log_once [line:28] INFO val_loss                      0.6904
2025-04-26 12:49:03,543 simple_logger.py log_once [line:28] INFO mean_val_loss                 0.6904
2025-04-26 12:49:03,543 simple_logger.py log_once [line:28] INFO std_val_loss                  0.0685
2025-04-26 12:49:03,543 fedbase.py run [line:323] INFO expense           2604134340.0
2025-04-26 12:49:03,543 fedbase.py run [line:324] INFO Eval Time Cost:               2.8393s
2025-04-26 12:49:03,543 asyncbase.py iterate [line:68] INFO Select clients [0, 1, 2, 3, 4, 5, 6, 7, 8, 9, 10, 11, 12, 13, 14, 15, 16, 17, 18, 19] at time 491.
2025-04-26 12:50:25,166 asyncbase.py iterate [line:73] INFO Receive new models from clients [7, 8, 3, 0, 15, 2, 4, 10, 18, 17, 14, 13, 19, 5, 6, 1, 16, 9, 11, 12] at time 492
2025-04-26 12:50:25,612 fedbase.py run [line:318] INFO --------------Round 194--------------
2025-04-26 12:50:25,612 simple_logger.py log_once [line:14] INFO Current_time:492
2025-04-26 12:50:28,495 simple_logger.py log_once [line:28] INFO test_accuracy                 0.7670
2025-04-26 12:50:28,495 simple_logger.py log_once [line:28] INFO test_loss                     0.6656
2025-04-26 12:50:28,495 simple_logger.py log_once [line:28] INFO val_accuracy                  0.7624
2025-04-26 12:50:28,495 simple_logger.py log_once [line:28] INFO mean_val_accuracy             0.7624
2025-04-26 12:50:28,495 simple_logger.py log_once [line:28] INFO std_val_accuracy              0.0263
2025-04-26 12:50:28,495 simple_logger.py log_once [line:28] INFO val_loss                      0.6808
2025-04-26 12:50:28,496 simple_logger.py log_once [line:28] INFO mean_val_loss                 0.6808
2025-04-26 12:50:28,496 simple_logger.py log_once [line:28] INFO std_val_loss                  0.0650
2025-04-26 12:50:28,496 fedbase.py run [line:323] INFO expense           2608565540.0
2025-04-26 12:50:28,496 fedbase.py run [line:324] INFO Eval Time Cost:               2.8834s
2025-04-26 12:50:28,496 asyncbase.py iterate [line:68] INFO Select clients [0, 1, 2, 3, 4, 5, 6, 7, 8, 9, 10, 11, 12, 13, 14, 15, 16, 17, 18, 19] at time 493.
2025-04-26 12:51:46,546 asyncbase.py iterate [line:73] INFO Receive new models from clients [1, 18, 15, 14, 4, 17, 11, 9, 13, 19, 10, 6, 12, 3, 5, 16, 8, 2, 7, 0] at time 494
2025-04-26 12:51:46,991 fedbase.py run [line:318] INFO --------------Round 195--------------
2025-04-26 12:51:46,992 simple_logger.py log_once [line:14] INFO Current_time:494
2025-04-26 12:51:49,926 simple_logger.py log_once [line:28] INFO test_accuracy                 0.7655
2025-04-26 12:51:49,926 simple_logger.py log_once [line:28] INFO test_loss                     0.6646
2025-04-26 12:51:49,926 simple_logger.py log_once [line:28] INFO val_accuracy                  0.7622
2025-04-26 12:51:49,926 simple_logger.py log_once [line:28] INFO mean_val_accuracy             0.7622
2025-04-26 12:51:49,926 simple_logger.py log_once [line:28] INFO std_val_accuracy              0.0276
2025-04-26 12:51:49,926 simple_logger.py log_once [line:28] INFO val_loss                      0.6799
2025-04-26 12:51:49,926 simple_logger.py log_once [line:28] INFO mean_val_loss                 0.6799
2025-04-26 12:51:49,926 simple_logger.py log_once [line:28] INFO std_val_loss                  0.0658
2025-04-26 12:51:49,926 fedbase.py run [line:323] INFO expense           2612996740.0
2025-04-26 12:51:49,926 fedbase.py run [line:324] INFO Eval Time Cost:               2.9345s
2025-04-26 12:51:49,926 asyncbase.py iterate [line:68] INFO Select clients [0, 1, 2, 3, 4, 5, 6, 7, 8, 9, 10, 11, 12, 13, 14, 15, 16, 17, 18, 19] at time 495.
2025-04-26 12:52:24,662 asyncbase.py iterate [line:73] INFO Receive new models from clients [4, 16, 0, 14, 1, 18, 19, 17, 7, 6, 15, 10, 13, 11, 3, 8, 2, 5, 12, 9] at time 496
2025-04-26 12:52:28,135 fedbase.py run [line:318] INFO --------------Round 196--------------
2025-04-26 12:52:28,136 simple_logger.py log_once [line:14] INFO Current_time:496
2025-04-26 12:52:30,974 simple_logger.py log_once [line:28] INFO test_accuracy                 0.7695
2025-04-26 12:52:30,974 simple_logger.py log_once [line:28] INFO test_loss                     0.6523
2025-04-26 12:52:30,974 simple_logger.py log_once [line:28] INFO val_accuracy                  0.7700
2025-04-26 12:52:30,974 simple_logger.py log_once [line:28] INFO mean_val_accuracy             0.7700
2025-04-26 12:52:30,974 simple_logger.py log_once [line:28] INFO std_val_accuracy              0.0299
2025-04-26 12:52:30,974 simple_logger.py log_once [line:28] INFO val_loss                      0.6657
2025-04-26 12:52:30,974 simple_logger.py log_once [line:28] INFO mean_val_loss                 0.6657
2025-04-26 12:52:30,974 simple_logger.py log_once [line:28] INFO std_val_loss                  0.0609
2025-04-26 12:52:30,974 fedbase.py run [line:323] INFO expense           2668866550.0
2025-04-26 12:52:30,974 fedbase.py run [line:324] INFO Eval Time Cost:               2.8388s
2025-04-26 12:52:30,975 asyncbase.py iterate [line:68] INFO Select clients [0, 1, 2, 3, 4, 5, 6, 7, 8, 9, 10, 11, 12, 13, 14, 15, 16, 17, 18, 19] at time 497.
2025-04-26 12:53:48,019 asyncbase.py iterate [line:73] INFO Receive new models from clients [8, 18, 3, 2, 6, 11, 7, 16, 5, 1, 9, 19, 0, 15, 14] at time 500
2025-04-26 12:53:48,020 asyncbase.py iterate [line:73] INFO Receive new models from clients [10, 17, 4, 13, 12] at time 501
2025-04-26 12:53:48,467 fedbase.py run [line:318] INFO --------------Round 197--------------
2025-04-26 12:53:48,468 simple_logger.py log_once [line:14] INFO Current_time:501
2025-04-26 12:53:51,335 simple_logger.py log_once [line:28] INFO test_accuracy                 0.7695
2025-04-26 12:53:51,335 simple_logger.py log_once [line:28] INFO test_loss                     0.6623
2025-04-26 12:53:51,335 simple_logger.py log_once [line:28] INFO val_accuracy                  0.7600
2025-04-26 12:53:51,335 simple_logger.py log_once [line:28] INFO mean_val_accuracy             0.7600
2025-04-26 12:53:51,335 simple_logger.py log_once [line:28] INFO std_val_accuracy              0.0352
2025-04-26 12:53:51,335 simple_logger.py log_once [line:28] INFO val_loss                      0.6732
2025-04-26 12:53:51,335 simple_logger.py log_once [line:28] INFO mean_val_loss                 0.6732
2025-04-26 12:53:51,335 simple_logger.py log_once [line:28] INFO std_val_loss                  0.0635
2025-04-26 12:53:51,335 fedbase.py run [line:323] INFO expense           2673297750.0
2025-04-26 12:53:51,335 fedbase.py run [line:324] INFO Eval Time Cost:               2.8675s
2025-04-26 12:53:51,335 asyncbase.py iterate [line:68] INFO Select clients [0, 1, 2, 3, 4, 5, 6, 7, 8, 9, 10, 11, 12, 13, 14, 15, 16, 17, 18, 19] at time 502.
2025-04-26 12:55:10,932 asyncbase.py iterate [line:73] INFO Receive new models from clients [3, 11, 17, 7, 16, 9, 15, 10, 14, 6, 13, 19, 5, 2, 12, 1, 8, 18, 0, 4] at time 503
2025-04-26 12:55:11,383 fedbase.py run [line:318] INFO --------------Round 198--------------
2025-04-26 12:55:11,384 simple_logger.py log_once [line:14] INFO Current_time:503
2025-04-26 12:55:14,245 simple_logger.py log_once [line:28] INFO test_accuracy                 0.7694
2025-04-26 12:55:14,245 simple_logger.py log_once [line:28] INFO test_loss                     0.6588
2025-04-26 12:55:14,245 simple_logger.py log_once [line:28] INFO val_accuracy                  0.7658
2025-04-26 12:55:14,245 simple_logger.py log_once [line:28] INFO mean_val_accuracy             0.7658
2025-04-26 12:55:14,246 simple_logger.py log_once [line:28] INFO std_val_accuracy              0.0297
2025-04-26 12:55:14,246 simple_logger.py log_once [line:28] INFO val_loss                      0.6691
2025-04-26 12:55:14,246 simple_logger.py log_once [line:28] INFO mean_val_loss                 0.6691
2025-04-26 12:55:14,246 simple_logger.py log_once [line:28] INFO std_val_loss                  0.0637
2025-04-26 12:55:14,246 fedbase.py run [line:323] INFO expense           2677728950.0
2025-04-26 12:55:14,246 fedbase.py run [line:324] INFO Eval Time Cost:               2.8618s
2025-04-26 12:55:14,246 asyncbase.py iterate [line:68] INFO Select clients [0, 1, 2, 3, 4, 5, 6, 7, 8, 9, 10, 11, 12, 13, 14, 15, 16, 17, 18, 19] at time 504.
2025-04-26 12:56:36,514 asyncbase.py iterate [line:73] INFO Receive new models from clients [1, 8, 4, 17, 15, 12, 9, 7, 19, 14, 18, 13, 0, 6, 16, 11, 5, 10, 3, 2] at time 505
2025-04-26 12:56:36,969 fedbase.py run [line:318] INFO --------------Round 199--------------
2025-04-26 12:56:36,969 simple_logger.py log_once [line:14] INFO Current_time:505
2025-04-26 12:56:39,840 simple_logger.py log_once [line:28] INFO test_accuracy                 0.7669
2025-04-26 12:56:39,840 simple_logger.py log_once [line:28] INFO test_loss                     0.6615
2025-04-26 12:56:39,841 simple_logger.py log_once [line:28] INFO val_accuracy                  0.7638
2025-04-26 12:56:39,841 simple_logger.py log_once [line:28] INFO mean_val_accuracy             0.7638
2025-04-26 12:56:39,841 simple_logger.py log_once [line:28] INFO std_val_accuracy              0.0333
2025-04-26 12:56:39,841 simple_logger.py log_once [line:28] INFO val_loss                      0.6728
2025-04-26 12:56:39,841 simple_logger.py log_once [line:28] INFO mean_val_loss                 0.6728
2025-04-26 12:56:39,841 simple_logger.py log_once [line:28] INFO std_val_loss                  0.0660
2025-04-26 12:56:39,841 fedbase.py run [line:323] INFO expense           2682160150.0
2025-04-26 12:56:39,841 fedbase.py run [line:324] INFO Eval Time Cost:               2.8717s
2025-04-26 12:56:39,841 asyncbase.py iterate [line:68] INFO Select clients [0, 1, 2, 3, 4, 5, 6, 7, 8, 9, 10, 11, 12, 13, 14, 15, 16, 17, 18, 19] at time 506.
2025-04-26 12:57:59,109 asyncbase.py iterate [line:73] INFO Receive new models from clients [18, 0, 3, 9, 7, 10, 15, 2, 11, 12, 8, 1, 5, 16, 19, 17, 13, 6, 4, 14] at time 507
2025-04-26 12:57:59,565 fedbase.py run [line:318] INFO --------------Round 200--------------
2025-04-26 12:57:59,566 simple_logger.py log_once [line:14] INFO Current_time:507
2025-04-26 12:58:02,475 simple_logger.py log_once [line:28] INFO test_accuracy                 0.7709
2025-04-26 12:58:02,475 simple_logger.py log_once [line:28] INFO test_loss                     0.6526
2025-04-26 12:58:02,475 simple_logger.py log_once [line:28] INFO val_accuracy                  0.7678
2025-04-26 12:58:02,475 simple_logger.py log_once [line:28] INFO mean_val_accuracy             0.7678
2025-04-26 12:58:02,475 simple_logger.py log_once [line:28] INFO std_val_accuracy              0.0315
2025-04-26 12:58:02,475 simple_logger.py log_once [line:28] INFO val_loss                      0.6627
2025-04-26 12:58:02,475 simple_logger.py log_once [line:28] INFO mean_val_loss                 0.6627
2025-04-26 12:58:02,475 simple_logger.py log_once [line:28] INFO std_val_loss                  0.0634
2025-04-26 12:58:02,475 fedbase.py run [line:323] INFO expense           2686591350.0
2025-04-26 12:58:02,475 fedbase.py run [line:324] INFO Eval Time Cost:               2.9096s
2025-04-26 12:58:02,475 asyncbase.py iterate [line:68] INFO Select clients [0, 1, 2, 3, 4, 5, 6, 7, 8, 9, 10, 11, 12, 13, 14, 15, 16, 17, 18, 19] at time 508.
2025-04-26 12:59:23,708 asyncbase.py iterate [line:73] INFO Receive new models from clients [19, 13, 18, 7, 9, 2, 4, 8, 0, 15, 14, 17, 10, 3, 16, 1, 6, 5, 12, 11] at time 509
2025-04-26 12:59:24,157 fedbase.py run [line:318] INFO --------------Round 201--------------
2025-04-26 12:59:24,158 simple_logger.py log_once [line:14] INFO Current_time:509
2025-04-26 12:59:27,030 simple_logger.py log_once [line:28] INFO test_accuracy                 0.7688
2025-04-26 12:59:27,031 simple_logger.py log_once [line:28] INFO test_loss                     0.6508
2025-04-26 12:59:27,031 simple_logger.py log_once [line:28] INFO val_accuracy                  0.7666
2025-04-26 12:59:27,031 simple_logger.py log_once [line:28] INFO mean_val_accuracy             0.7666
2025-04-26 12:59:27,031 simple_logger.py log_once [line:28] INFO std_val_accuracy              0.0290
2025-04-26 12:59:27,031 simple_logger.py log_once [line:28] INFO val_loss                      0.6638
2025-04-26 12:59:27,031 simple_logger.py log_once [line:28] INFO mean_val_loss                 0.6638
2025-04-26 12:59:27,031 simple_logger.py log_once [line:28] INFO std_val_loss                  0.0631
2025-04-26 12:59:27,031 fedbase.py run [line:323] INFO expense           2691022550.0
2025-04-26 12:59:27,031 fedbase.py run [line:324] INFO Eval Time Cost:               2.8731s
2025-04-26 12:59:27,031 asyncbase.py iterate [line:68] INFO Select clients [0, 1, 2, 3, 4, 5, 6, 7, 8, 9, 10, 11, 12, 13, 14, 15, 16, 17, 18, 19] at time 510.
2025-04-26 13:00:45,640 asyncbase.py iterate [line:73] INFO Receive new models from clients [19, 4, 12, 17, 9, 1, 6, 5, 8, 10, 7, 0, 18, 16, 13, 15, 2, 14, 3, 11] at time 511
2025-04-26 13:00:46,067 fedbase.py run [line:318] INFO --------------Round 202--------------
2025-04-26 13:00:46,068 simple_logger.py log_once [line:14] INFO Current_time:511
2025-04-26 13:00:48,835 simple_logger.py log_once [line:28] INFO test_accuracy                 0.7715
2025-04-26 13:00:48,835 simple_logger.py log_once [line:28] INFO test_loss                     0.6531
2025-04-26 13:00:48,835 simple_logger.py log_once [line:28] INFO val_accuracy                  0.7682
2025-04-26 13:00:48,835 simple_logger.py log_once [line:28] INFO mean_val_accuracy             0.7682
2025-04-26 13:00:48,835 simple_logger.py log_once [line:28] INFO std_val_accuracy              0.0331
2025-04-26 13:00:48,835 simple_logger.py log_once [line:28] INFO val_loss                      0.6629
2025-04-26 13:00:48,835 simple_logger.py log_once [line:28] INFO mean_val_loss                 0.6629
2025-04-26 13:00:48,836 simple_logger.py log_once [line:28] INFO std_val_loss                  0.0633
2025-04-26 13:00:48,836 fedbase.py run [line:323] INFO expense           2695453750.0
2025-04-26 13:00:48,836 fedbase.py run [line:324] INFO Eval Time Cost:               2.7681s
2025-04-26 13:00:48,836 asyncbase.py iterate [line:68] INFO Select clients [0, 1, 2, 3, 4, 5, 6, 7, 8, 9, 10, 11, 12, 13, 14, 15, 16, 17, 18, 19] at time 512.
2025-04-26 13:02:04,584 asyncbase.py iterate [line:73] INFO Receive new models from clients [19, 7, 9, 3, 10, 5, 13, 17, 12, 8, 2, 11, 1, 14, 16, 15, 18, 4, 6, 0] at time 513
2025-04-26 13:02:05,036 fedbase.py run [line:318] INFO --------------Round 203--------------
2025-04-26 13:02:05,036 simple_logger.py log_once [line:14] INFO Current_time:513
2025-04-26 13:02:07,968 simple_logger.py log_once [line:28] INFO test_accuracy                 0.7722
2025-04-26 13:02:07,968 simple_logger.py log_once [line:28] INFO test_loss                     0.6475
2025-04-26 13:02:07,968 simple_logger.py log_once [line:28] INFO val_accuracy                  0.7704
2025-04-26 13:02:07,968 simple_logger.py log_once [line:28] INFO mean_val_accuracy             0.7704
2025-04-26 13:02:07,968 simple_logger.py log_once [line:28] INFO std_val_accuracy              0.0284
2025-04-26 13:02:07,969 simple_logger.py log_once [line:28] INFO val_loss                      0.6613
2025-04-26 13:02:07,969 simple_logger.py log_once [line:28] INFO mean_val_loss                 0.6613
2025-04-26 13:02:07,969 simple_logger.py log_once [line:28] INFO std_val_loss                  0.0641
2025-04-26 13:02:07,969 fedbase.py run [line:323] INFO expense           2699884950.0
2025-04-26 13:02:07,969 fedbase.py run [line:324] INFO Eval Time Cost:               2.9323s
2025-04-26 13:02:07,969 asyncbase.py iterate [line:68] INFO Select clients [0, 1, 2, 3, 4, 5, 6, 7, 8, 9, 10, 11, 12, 13, 14, 15, 16, 17, 18, 19] at time 514.
2025-04-26 13:03:24,664 asyncbase.py iterate [line:73] INFO Receive new models from clients [9, 2, 12, 19, 10, 13, 1, 5, 8, 18, 11, 4, 0, 3, 7, 6, 16, 14, 17, 15] at time 515
2025-04-26 13:03:25,216 fedbase.py run [line:318] INFO --------------Round 204--------------
2025-04-26 13:03:25,216 simple_logger.py log_once [line:14] INFO Current_time:515
2025-04-26 13:03:28,065 simple_logger.py log_once [line:28] INFO test_accuracy                 0.7716
2025-04-26 13:03:28,065 simple_logger.py log_once [line:28] INFO test_loss                     0.6515
2025-04-26 13:03:28,065 simple_logger.py log_once [line:28] INFO val_accuracy                  0.7676
2025-04-26 13:03:28,066 simple_logger.py log_once [line:28] INFO mean_val_accuracy             0.7676
2025-04-26 13:03:28,066 simple_logger.py log_once [line:28] INFO std_val_accuracy              0.0310
2025-04-26 13:03:28,066 simple_logger.py log_once [line:28] INFO val_loss                      0.6640
2025-04-26 13:03:28,066 simple_logger.py log_once [line:28] INFO mean_val_loss                 0.6640
2025-04-26 13:03:28,066 simple_logger.py log_once [line:28] INFO std_val_loss                  0.0638
2025-04-26 13:03:28,066 fedbase.py run [line:323] INFO expense           2704316150.0
2025-04-26 13:03:28,066 fedbase.py run [line:324] INFO Eval Time Cost:               2.8495s
2025-04-26 13:03:28,066 asyncbase.py iterate [line:68] INFO Select clients [0, 1, 2, 3, 4, 5, 6, 7, 8, 9, 10, 11, 12, 13, 14, 15, 16, 17, 18, 19] at time 516.
2025-04-26 13:04:46,190 asyncbase.py iterate [line:73] INFO Receive new models from clients [12, 0, 14, 4, 15, 16, 10, 7, 8, 9, 18, 13, 2, 17, 19, 1, 5, 6, 11, 3] at time 517
2025-04-26 13:04:46,624 fedbase.py run [line:318] INFO --------------Round 205--------------
2025-04-26 13:04:46,624 simple_logger.py log_once [line:14] INFO Current_time:517
2025-04-26 13:04:49,476 simple_logger.py log_once [line:28] INFO test_accuracy                 0.7686
2025-04-26 13:04:49,476 simple_logger.py log_once [line:28] INFO test_loss                     0.6598
2025-04-26 13:04:49,476 simple_logger.py log_once [line:28] INFO val_accuracy                  0.7624
2025-04-26 13:04:49,476 simple_logger.py log_once [line:28] INFO mean_val_accuracy             0.7624
2025-04-26 13:04:49,476 simple_logger.py log_once [line:28] INFO std_val_accuracy              0.0343
2025-04-26 13:04:49,476 simple_logger.py log_once [line:28] INFO val_loss                      0.6711
2025-04-26 13:04:49,476 simple_logger.py log_once [line:28] INFO mean_val_loss                 0.6711
2025-04-26 13:04:49,476 simple_logger.py log_once [line:28] INFO std_val_loss                  0.0661
2025-04-26 13:04:49,476 fedbase.py run [line:323] INFO expense           2708747350.0
2025-04-26 13:04:49,477 fedbase.py run [line:324] INFO Eval Time Cost:               2.8523s
2025-04-26 13:04:49,477 asyncbase.py iterate [line:68] INFO Select clients [0, 1, 2, 3, 4, 5, 6, 7, 8, 9, 10, 11, 12, 13, 14, 15, 16, 17, 18, 19] at time 518.
2025-04-26 13:06:09,170 asyncbase.py iterate [line:73] INFO Receive new models from clients [8, 13, 5, 15, 14, 2, 17, 10, 12, 18, 4, 0, 3, 19, 16, 11, 7, 9, 6, 1] at time 519
2025-04-26 13:06:09,716 fedbase.py run [line:318] INFO --------------Round 206--------------
2025-04-26 13:06:09,717 simple_logger.py log_once [line:14] INFO Current_time:519
2025-04-26 13:06:12,548 simple_logger.py log_once [line:28] INFO test_accuracy                 0.7700
2025-04-26 13:06:12,548 simple_logger.py log_once [line:28] INFO test_loss                     0.6480
2025-04-26 13:06:12,548 simple_logger.py log_once [line:28] INFO val_accuracy                  0.7692
2025-04-26 13:06:12,548 simple_logger.py log_once [line:28] INFO mean_val_accuracy             0.7692
2025-04-26 13:06:12,548 simple_logger.py log_once [line:28] INFO std_val_accuracy              0.0317
2025-04-26 13:06:12,548 simple_logger.py log_once [line:28] INFO val_loss                      0.6622
2025-04-26 13:06:12,548 simple_logger.py log_once [line:28] INFO mean_val_loss                 0.6622
2025-04-26 13:06:12,548 simple_logger.py log_once [line:28] INFO std_val_loss                  0.0620
2025-04-26 13:06:12,548 fedbase.py run [line:323] INFO expense           2713178550.0
2025-04-26 13:06:12,548 fedbase.py run [line:324] INFO Eval Time Cost:               2.8313s
2025-04-26 13:06:12,549 asyncbase.py iterate [line:68] INFO Select clients [0, 1, 2, 3, 4, 5, 6, 7, 8, 9, 10, 11, 12, 13, 14, 15, 16, 17, 18, 19] at time 520.
2025-04-26 13:07:35,077 asyncbase.py iterate [line:73] INFO Receive new models from clients [5, 18, 3, 11, 8, 13, 2, 14, 15, 10, 7, 17, 9, 4, 6, 16, 1, 12, 19, 0] at time 521
2025-04-26 13:07:35,643 fedbase.py run [line:318] INFO --------------Round 207--------------
2025-04-26 13:07:35,643 simple_logger.py log_once [line:14] INFO Current_time:521
2025-04-26 13:07:38,496 simple_logger.py log_once [line:28] INFO test_accuracy                 0.7692
2025-04-26 13:07:38,496 simple_logger.py log_once [line:28] INFO test_loss                     0.6521
2025-04-26 13:07:38,496 simple_logger.py log_once [line:28] INFO val_accuracy                  0.7678
2025-04-26 13:07:38,496 simple_logger.py log_once [line:28] INFO mean_val_accuracy             0.7678
2025-04-26 13:07:38,496 simple_logger.py log_once [line:28] INFO std_val_accuracy              0.0311
2025-04-26 13:07:38,497 simple_logger.py log_once [line:28] INFO val_loss                      0.6643
2025-04-26 13:07:38,497 simple_logger.py log_once [line:28] INFO mean_val_loss                 0.6643
2025-04-26 13:07:38,497 simple_logger.py log_once [line:28] INFO std_val_loss                  0.0621
2025-04-26 13:07:38,497 fedbase.py run [line:323] INFO expense           2717609750.0
2025-04-26 13:07:38,497 fedbase.py run [line:324] INFO Eval Time Cost:               2.8536s
2025-04-26 13:07:38,497 asyncbase.py iterate [line:68] INFO Select clients [0, 1, 2, 3, 4, 5, 6, 7, 8, 9, 10, 11, 12, 13, 14, 15, 16, 17, 18, 19] at time 522.
2025-04-26 13:08:55,485 asyncbase.py iterate [line:73] INFO Receive new models from clients [7, 15, 11, 10, 14, 18, 5, 9, 19, 16, 12, 2, 8, 13, 4, 3, 0, 1, 6, 17] at time 523
2025-04-26 13:08:55,925 fedbase.py run [line:318] INFO --------------Round 208--------------
2025-04-26 13:08:55,926 simple_logger.py log_once [line:14] INFO Current_time:523
2025-04-26 13:08:58,782 simple_logger.py log_once [line:28] INFO test_accuracy                 0.7706
2025-04-26 13:08:58,782 simple_logger.py log_once [line:28] INFO test_loss                     0.6530
2025-04-26 13:08:58,782 simple_logger.py log_once [line:28] INFO val_accuracy                  0.7674
2025-04-26 13:08:58,782 simple_logger.py log_once [line:28] INFO mean_val_accuracy             0.7674
2025-04-26 13:08:58,782 simple_logger.py log_once [line:28] INFO std_val_accuracy              0.0287
2025-04-26 13:08:58,782 simple_logger.py log_once [line:28] INFO val_loss                      0.6674
2025-04-26 13:08:58,782 simple_logger.py log_once [line:28] INFO mean_val_loss                 0.6674
2025-04-26 13:08:58,782 simple_logger.py log_once [line:28] INFO std_val_loss                  0.0646
2025-04-26 13:08:58,782 fedbase.py run [line:323] INFO expense           2722040950.0
2025-04-26 13:08:58,782 fedbase.py run [line:324] INFO Eval Time Cost:               2.8567s
2025-04-26 13:08:58,782 asyncbase.py iterate [line:68] INFO Select clients [0, 1, 2, 3, 4, 5, 6, 7, 8, 9, 10, 11, 12, 13, 14, 15, 16, 17, 18, 19] at time 524.
2025-04-26 13:10:14,573 asyncbase.py iterate [line:73] INFO Receive new models from clients [1, 12, 3, 11, 6, 8, 2, 13, 5, 16, 19, 4, 17, 18, 7, 10, 14, 0, 15, 9] at time 525
2025-04-26 13:10:15,204 fedbase.py run [line:318] INFO --------------Round 209--------------
2025-04-26 13:10:15,205 simple_logger.py log_once [line:14] INFO Current_time:525
2025-04-26 13:10:18,289 simple_logger.py log_once [line:28] INFO test_accuracy                 0.7716
2025-04-26 13:10:18,289 simple_logger.py log_once [line:28] INFO test_loss                     0.6557
2025-04-26 13:10:18,289 simple_logger.py log_once [line:28] INFO val_accuracy                  0.7648
2025-04-26 13:10:18,289 simple_logger.py log_once [line:28] INFO mean_val_accuracy             0.7648
2025-04-26 13:10:18,289 simple_logger.py log_once [line:28] INFO std_val_accuracy              0.0334
2025-04-26 13:10:18,289 simple_logger.py log_once [line:28] INFO val_loss                      0.6680
2025-04-26 13:10:18,289 simple_logger.py log_once [line:28] INFO mean_val_loss                 0.6680
2025-04-26 13:10:18,289 simple_logger.py log_once [line:28] INFO std_val_loss                  0.0639
2025-04-26 13:10:18,289 fedbase.py run [line:323] INFO expense           2726472150.0
2025-04-26 13:10:18,289 fedbase.py run [line:324] INFO Eval Time Cost:               3.0845s
2025-04-26 13:10:18,289 asyncbase.py iterate [line:68] INFO Select clients [0, 1, 2, 3, 4, 5, 6, 7, 8, 9, 10, 11, 12, 13, 14, 15, 16, 17, 18, 19] at time 526.
2025-04-26 13:11:35,265 asyncbase.py iterate [line:73] INFO Receive new models from clients [6, 15, 10, 13, 0, 16, 7, 12, 3, 11, 9, 4, 17, 5, 18, 1, 8, 19, 14, 2] at time 527
2025-04-26 13:11:35,723 fedbase.py run [line:318] INFO --------------Round 210--------------
2025-04-26 13:11:35,724 simple_logger.py log_once [line:14] INFO Current_time:527
2025-04-26 13:11:38,696 simple_logger.py log_once [line:28] INFO test_accuracy                 0.7708
2025-04-26 13:11:38,696 simple_logger.py log_once [line:28] INFO test_loss                     0.6553
2025-04-26 13:11:38,696 simple_logger.py log_once [line:28] INFO val_accuracy                  0.7668
2025-04-26 13:11:38,696 simple_logger.py log_once [line:28] INFO mean_val_accuracy             0.7668
2025-04-26 13:11:38,696 simple_logger.py log_once [line:28] INFO std_val_accuracy              0.0281
2025-04-26 13:11:38,696 simple_logger.py log_once [line:28] INFO val_loss                      0.6684
2025-04-26 13:11:38,696 simple_logger.py log_once [line:28] INFO mean_val_loss                 0.6684
2025-04-26 13:11:38,696 simple_logger.py log_once [line:28] INFO std_val_loss                  0.0653
2025-04-26 13:11:38,696 fedbase.py run [line:323] INFO expense           2730903350.0
2025-04-26 13:11:38,696 fedbase.py run [line:324] INFO Eval Time Cost:               2.9727s
2025-04-26 13:11:38,696 asyncbase.py iterate [line:68] INFO Select clients [0, 1, 2, 3, 4, 5, 6, 7, 8, 9, 10, 11, 12, 13, 14, 15, 16, 17, 18, 19] at time 528.
2025-04-26 13:12:56,825 asyncbase.py iterate [line:73] INFO Receive new models from clients [17, 2, 1, 5, 8, 10, 6, 11, 7, 12, 14, 4, 19, 13, 18, 9, 3, 16, 0, 15] at time 529
2025-04-26 13:12:57,279 fedbase.py run [line:318] INFO --------------Round 211--------------
2025-04-26 13:12:57,280 simple_logger.py log_once [line:14] INFO Current_time:529
2025-04-26 13:13:00,155 simple_logger.py log_once [line:28] INFO test_accuracy                 0.7696
2025-04-26 13:13:00,155 simple_logger.py log_once [line:28] INFO test_loss                     0.6572
2025-04-26 13:13:00,155 simple_logger.py log_once [line:28] INFO val_accuracy                  0.7656
2025-04-26 13:13:00,155 simple_logger.py log_once [line:28] INFO mean_val_accuracy             0.7656
2025-04-26 13:13:00,155 simple_logger.py log_once [line:28] INFO std_val_accuracy              0.0304
2025-04-26 13:13:00,155 simple_logger.py log_once [line:28] INFO val_loss                      0.6673
2025-04-26 13:13:00,155 simple_logger.py log_once [line:28] INFO mean_val_loss                 0.6673
2025-04-26 13:13:00,155 simple_logger.py log_once [line:28] INFO std_val_loss                  0.0639
2025-04-26 13:13:00,155 fedbase.py run [line:323] INFO expense           2735334550.0
2025-04-26 13:13:00,155 fedbase.py run [line:324] INFO Eval Time Cost:               2.8753s
2025-04-26 13:13:00,155 asyncbase.py iterate [line:68] INFO Select clients [0, 1, 2, 3, 4, 5, 6, 7, 8, 9, 10, 11, 12, 13, 14, 15, 16, 17, 18, 19] at time 530.
2025-04-26 13:14:17,793 asyncbase.py iterate [line:73] INFO Receive new models from clients [9, 8, 11, 5, 14, 4, 2, 12, 17, 19, 0, 16, 7, 1, 15, 10, 13, 18, 6, 3] at time 531
2025-04-26 13:14:18,257 fedbase.py run [line:318] INFO --------------Round 212--------------
2025-04-26 13:14:18,258 simple_logger.py log_once [line:14] INFO Current_time:531
2025-04-26 13:14:21,117 simple_logger.py log_once [line:28] INFO test_accuracy                 0.7693
2025-04-26 13:14:21,117 simple_logger.py log_once [line:28] INFO test_loss                     0.6563
2025-04-26 13:14:21,117 simple_logger.py log_once [line:28] INFO val_accuracy                  0.7654
2025-04-26 13:14:21,117 simple_logger.py log_once [line:28] INFO mean_val_accuracy             0.7654
2025-04-26 13:14:21,117 simple_logger.py log_once [line:28] INFO std_val_accuracy              0.0277
2025-04-26 13:14:21,117 simple_logger.py log_once [line:28] INFO val_loss                      0.6684
2025-04-26 13:14:21,117 simple_logger.py log_once [line:28] INFO mean_val_loss                 0.6684
2025-04-26 13:14:21,117 simple_logger.py log_once [line:28] INFO std_val_loss                  0.0653
2025-04-26 13:14:21,117 fedbase.py run [line:323] INFO expense           2739765750.0
2025-04-26 13:14:21,117 fedbase.py run [line:324] INFO Eval Time Cost:               2.8599s
2025-04-26 13:14:21,118 asyncbase.py iterate [line:68] INFO Select clients [0, 1, 2, 3, 4, 5, 6, 7, 8, 9, 10, 11, 12, 13, 14, 15, 16, 17, 18, 19] at time 532.
2025-04-26 13:14:57,778 asyncbase.py iterate [line:73] INFO Receive new models from clients [7, 10, 19, 17, 12, 11, 9, 16, 15, 3, 8, 13, 1, 14, 2, 4, 18, 5, 6, 0] at time 533
2025-04-26 13:15:01,463 fedbase.py run [line:318] INFO --------------Round 213--------------
2025-04-26 13:15:01,464 simple_logger.py log_once [line:14] INFO Current_time:533
2025-04-26 13:15:04,402 simple_logger.py log_once [line:28] INFO test_accuracy                 0.7761
2025-04-26 13:15:04,402 simple_logger.py log_once [line:28] INFO test_loss                     0.6405
2025-04-26 13:15:04,402 simple_logger.py log_once [line:28] INFO val_accuracy                  0.7702
2025-04-26 13:15:04,403 simple_logger.py log_once [line:28] INFO mean_val_accuracy             0.7702
2025-04-26 13:15:04,403 simple_logger.py log_once [line:28] INFO std_val_accuracy              0.0291
2025-04-26 13:15:04,403 simple_logger.py log_once [line:28] INFO val_loss                      0.6523
2025-04-26 13:15:04,403 simple_logger.py log_once [line:28] INFO mean_val_loss                 0.6523
2025-04-26 13:15:04,403 simple_logger.py log_once [line:28] INFO std_val_loss                  0.0602
2025-04-26 13:15:04,403 fedbase.py run [line:323] INFO expense           2795635560.0
2025-04-26 13:15:04,403 fedbase.py run [line:324] INFO Eval Time Cost:               2.9393s
2025-04-26 13:15:04,403 asyncbase.py iterate [line:68] INFO Select clients [0, 1, 2, 3, 4, 5, 6, 7, 8, 9, 10, 11, 12, 13, 14, 15, 16, 17, 18, 19] at time 534.
2025-04-26 13:16:22,451 asyncbase.py iterate [line:73] INFO Receive new models from clients [11, 10, 13, 14, 17, 6, 0, 7, 8, 15, 16, 1, 5, 2, 19, 9, 12] at time 537
2025-04-26 13:16:22,452 asyncbase.py iterate [line:73] INFO Receive new models from clients [18, 3, 4] at time 538
2025-04-26 13:16:22,896 fedbase.py run [line:318] INFO --------------Round 214--------------
2025-04-26 13:16:22,897 simple_logger.py log_once [line:14] INFO Current_time:538
2025-04-26 13:16:25,794 simple_logger.py log_once [line:28] INFO test_accuracy                 0.7757
2025-04-26 13:16:25,795 simple_logger.py log_once [line:28] INFO test_loss                     0.6381
2025-04-26 13:16:25,795 simple_logger.py log_once [line:28] INFO val_accuracy                  0.7736
2025-04-26 13:16:25,795 simple_logger.py log_once [line:28] INFO mean_val_accuracy             0.7736
2025-04-26 13:16:25,795 simple_logger.py log_once [line:28] INFO std_val_accuracy              0.0294
2025-04-26 13:16:25,795 simple_logger.py log_once [line:28] INFO val_loss                      0.6520
2025-04-26 13:16:25,795 simple_logger.py log_once [line:28] INFO mean_val_loss                 0.6520
2025-04-26 13:16:25,795 simple_logger.py log_once [line:28] INFO std_val_loss                  0.0617
2025-04-26 13:16:25,795 fedbase.py run [line:323] INFO expense           2800066760.0
2025-04-26 13:16:25,795 fedbase.py run [line:324] INFO Eval Time Cost:               2.8983s
2025-04-26 13:16:25,795 asyncbase.py iterate [line:68] INFO Select clients [0, 1, 2, 3, 4, 5, 6, 7, 8, 9, 10, 11, 12, 13, 14, 15, 16, 17, 18, 19] at time 539.
2025-04-26 13:17:42,465 asyncbase.py iterate [line:73] INFO Receive new models from clients [4, 6, 14, 19, 17, 5, 9, 1, 2, 15, 18, 8, 16, 3, 13, 0, 10, 12, 7, 11] at time 540
2025-04-26 13:17:43,090 fedbase.py run [line:318] INFO --------------Round 215--------------
2025-04-26 13:17:43,091 simple_logger.py log_once [line:14] INFO Current_time:540
2025-04-26 13:17:45,905 simple_logger.py log_once [line:28] INFO test_accuracy                 0.7761
2025-04-26 13:17:45,905 simple_logger.py log_once [line:28] INFO test_loss                     0.6378
2025-04-26 13:17:45,905 simple_logger.py log_once [line:28] INFO val_accuracy                  0.7722
2025-04-26 13:17:45,905 simple_logger.py log_once [line:28] INFO mean_val_accuracy             0.7722
2025-04-26 13:17:45,905 simple_logger.py log_once [line:28] INFO std_val_accuracy              0.0292
2025-04-26 13:17:45,905 simple_logger.py log_once [line:28] INFO val_loss                      0.6486
2025-04-26 13:17:45,905 simple_logger.py log_once [line:28] INFO mean_val_loss                 0.6486
2025-04-26 13:17:45,906 simple_logger.py log_once [line:28] INFO std_val_loss                  0.0609
2025-04-26 13:17:45,906 fedbase.py run [line:323] INFO expense           2804497960.0
2025-04-26 13:17:45,906 fedbase.py run [line:324] INFO Eval Time Cost:               2.8152s
2025-04-26 13:17:45,906 asyncbase.py iterate [line:68] INFO Select clients [0, 1, 2, 3, 4, 5, 6, 7, 8, 9, 10, 11, 12, 13, 14, 15, 16, 17, 18, 19] at time 541.
2025-04-26 13:19:02,556 asyncbase.py iterate [line:73] INFO Receive new models from clients [6, 16, 8, 7, 13, 12, 11, 14, 9, 4, 0, 1, 5, 3, 18, 10, 15, 19, 17, 2] at time 542
2025-04-26 13:19:03,013 fedbase.py run [line:318] INFO --------------Round 216--------------
2025-04-26 13:19:03,014 simple_logger.py log_once [line:14] INFO Current_time:542
2025-04-26 13:19:05,871 simple_logger.py log_once [line:28] INFO test_accuracy                 0.7730
2025-04-26 13:19:05,871 simple_logger.py log_once [line:28] INFO test_loss                     0.6412
2025-04-26 13:19:05,871 simple_logger.py log_once [line:28] INFO val_accuracy                  0.7652
2025-04-26 13:19:05,871 simple_logger.py log_once [line:28] INFO mean_val_accuracy             0.7652
2025-04-26 13:19:05,871 simple_logger.py log_once [line:28] INFO std_val_accuracy              0.0314
2025-04-26 13:19:05,871 simple_logger.py log_once [line:28] INFO val_loss                      0.6548
2025-04-26 13:19:05,871 simple_logger.py log_once [line:28] INFO mean_val_loss                 0.6548
2025-04-26 13:19:05,871 simple_logger.py log_once [line:28] INFO std_val_loss                  0.0605
2025-04-26 13:19:05,871 fedbase.py run [line:323] INFO expense           2808929160.0
2025-04-26 13:19:05,871 fedbase.py run [line:324] INFO Eval Time Cost:               2.8574s
2025-04-26 13:19:05,872 asyncbase.py iterate [line:68] INFO Select clients [0, 1, 2, 3, 4, 5, 6, 7, 8, 9, 10, 11, 12, 13, 14, 15, 16, 17, 18, 19] at time 543.
2025-04-26 13:20:24,870 asyncbase.py iterate [line:73] INFO Receive new models from clients [7, 9, 5, 14, 17, 1, 18, 0, 16, 3, 13, 4, 6, 19, 12, 10, 11, 2, 8, 15] at time 544
2025-04-26 13:20:25,495 fedbase.py run [line:318] INFO --------------Round 217--------------
2025-04-26 13:20:25,496 simple_logger.py log_once [line:14] INFO Current_time:544
2025-04-26 13:20:28,589 simple_logger.py log_once [line:28] INFO test_accuracy                 0.7709
2025-04-26 13:20:28,589 simple_logger.py log_once [line:28] INFO test_loss                     0.6544
2025-04-26 13:20:28,589 simple_logger.py log_once [line:28] INFO val_accuracy                  0.7630
2025-04-26 13:20:28,589 simple_logger.py log_once [line:28] INFO mean_val_accuracy             0.7630
2025-04-26 13:20:28,589 simple_logger.py log_once [line:28] INFO std_val_accuracy              0.0301
2025-04-26 13:20:28,589 simple_logger.py log_once [line:28] INFO val_loss                      0.6634
2025-04-26 13:20:28,589 simple_logger.py log_once [line:28] INFO mean_val_loss                 0.6634
2025-04-26 13:20:28,590 simple_logger.py log_once [line:28] INFO std_val_loss                  0.0623
2025-04-26 13:20:28,590 fedbase.py run [line:323] INFO expense           2813360360.0
2025-04-26 13:20:28,590 fedbase.py run [line:324] INFO Eval Time Cost:               3.0937s
2025-04-26 13:20:28,590 asyncbase.py iterate [line:68] INFO Select clients [0, 1, 2, 3, 4, 5, 6, 7, 8, 9, 10, 11, 12, 13, 14, 15, 16, 17, 18, 19] at time 545.
2025-04-26 13:21:43,546 asyncbase.py iterate [line:73] INFO Receive new models from clients [18, 6, 13, 19, 8, 2, 3, 9, 16, 4, 15, 11, 0, 7, 5, 17, 14, 12, 10, 1] at time 546
2025-04-26 13:21:44,005 fedbase.py run [line:318] INFO --------------Round 218--------------
2025-04-26 13:21:44,006 simple_logger.py log_once [line:14] INFO Current_time:546
2025-04-26 13:21:46,948 simple_logger.py log_once [line:28] INFO test_accuracy                 0.7746
2025-04-26 13:21:46,948 simple_logger.py log_once [line:28] INFO test_loss                     0.6459
2025-04-26 13:21:46,948 simple_logger.py log_once [line:28] INFO val_accuracy                  0.7696
2025-04-26 13:21:46,948 simple_logger.py log_once [line:28] INFO mean_val_accuracy             0.7696
2025-04-26 13:21:46,948 simple_logger.py log_once [line:28] INFO std_val_accuracy              0.0296
2025-04-26 13:21:46,948 simple_logger.py log_once [line:28] INFO val_loss                      0.6570
2025-04-26 13:21:46,948 simple_logger.py log_once [line:28] INFO mean_val_loss                 0.6570
2025-04-26 13:21:46,948 simple_logger.py log_once [line:28] INFO std_val_loss                  0.0622
2025-04-26 13:21:46,948 fedbase.py run [line:323] INFO expense           2817791560.0
2025-04-26 13:21:46,949 fedbase.py run [line:324] INFO Eval Time Cost:               2.9424s
2025-04-26 13:21:46,949 asyncbase.py iterate [line:68] INFO Select clients [0, 1, 2, 3, 4, 5, 6, 7, 8, 9, 10, 11, 12, 13, 14, 15, 16, 17, 18, 19] at time 547.
2025-04-26 13:23:07,314 asyncbase.py iterate [line:73] INFO Receive new models from clients [8, 19, 17, 16, 4, 10, 9, 11, 0, 5, 2, 12, 7, 6, 3, 15, 13, 1, 18, 14] at time 548
2025-04-26 13:23:07,767 fedbase.py run [line:318] INFO --------------Round 219--------------
2025-04-26 13:23:07,768 simple_logger.py log_once [line:14] INFO Current_time:548
2025-04-26 13:23:10,705 simple_logger.py log_once [line:28] INFO test_accuracy                 0.7737
2025-04-26 13:23:10,705 simple_logger.py log_once [line:28] INFO test_loss                     0.6356
2025-04-26 13:23:10,705 simple_logger.py log_once [line:28] INFO val_accuracy                  0.7700
2025-04-26 13:23:10,705 simple_logger.py log_once [line:28] INFO mean_val_accuracy             0.7700
2025-04-26 13:23:10,705 simple_logger.py log_once [line:28] INFO std_val_accuracy              0.0263
2025-04-26 13:23:10,705 simple_logger.py log_once [line:28] INFO val_loss                      0.6494
2025-04-26 13:23:10,706 simple_logger.py log_once [line:28] INFO mean_val_loss                 0.6494
2025-04-26 13:23:10,706 simple_logger.py log_once [line:28] INFO std_val_loss                  0.0612
2025-04-26 13:23:10,706 fedbase.py run [line:323] INFO expense           2822222760.0
2025-04-26 13:23:10,706 fedbase.py run [line:324] INFO Eval Time Cost:               2.9378s
2025-04-26 13:23:10,706 asyncbase.py iterate [line:68] INFO Select clients [0, 1, 2, 3, 4, 5, 6, 7, 8, 9, 10, 11, 12, 13, 14, 15, 16, 17, 18, 19] at time 549.
2025-04-26 13:24:29,790 asyncbase.py iterate [line:73] INFO Receive new models from clients [12, 7, 4, 18, 3, 13, 17, 14, 16, 19, 10, 2, 0, 8, 1, 9, 6, 15, 5, 11] at time 550
2025-04-26 13:24:30,236 fedbase.py run [line:318] INFO --------------Round 220--------------
2025-04-26 13:24:30,237 simple_logger.py log_once [line:14] INFO Current_time:550
2025-04-26 13:24:33,105 simple_logger.py log_once [line:28] INFO test_accuracy                 0.7722
2025-04-26 13:24:33,105 simple_logger.py log_once [line:28] INFO test_loss                     0.6516
2025-04-26 13:24:33,105 simple_logger.py log_once [line:28] INFO val_accuracy                  0.7680
2025-04-26 13:24:33,105 simple_logger.py log_once [line:28] INFO mean_val_accuracy             0.7680
2025-04-26 13:24:33,105 simple_logger.py log_once [line:28] INFO std_val_accuracy              0.0283
2025-04-26 13:24:33,105 simple_logger.py log_once [line:28] INFO val_loss                      0.6627
2025-04-26 13:24:33,106 simple_logger.py log_once [line:28] INFO mean_val_loss                 0.6627
2025-04-26 13:24:33,106 simple_logger.py log_once [line:28] INFO std_val_loss                  0.0628
2025-04-26 13:24:33,106 fedbase.py run [line:323] INFO expense           2826653960.0
2025-04-26 13:24:33,106 fedbase.py run [line:324] INFO Eval Time Cost:               2.8685s
2025-04-26 13:24:33,106 asyncbase.py iterate [line:68] INFO Select clients [0, 1, 2, 3, 4, 5, 6, 7, 8, 9, 10, 11, 12, 13, 14, 15, 16, 17, 18, 19] at time 551.
2025-04-26 13:25:52,310 asyncbase.py iterate [line:73] INFO Receive new models from clients [6, 10, 12, 17, 19, 0, 2, 18, 14, 4, 16, 8, 9, 13, 5, 3, 11, 1, 15, 7] at time 552
2025-04-26 13:25:52,936 fedbase.py run [line:318] INFO --------------Round 221--------------
2025-04-26 13:25:52,937 simple_logger.py log_once [line:14] INFO Current_time:552
2025-04-26 13:25:56,060 simple_logger.py log_once [line:28] INFO test_accuracy                 0.7748
2025-04-26 13:25:56,060 simple_logger.py log_once [line:28] INFO test_loss                     0.6365
2025-04-26 13:25:56,060 simple_logger.py log_once [line:28] INFO val_accuracy                  0.7692
2025-04-26 13:25:56,060 simple_logger.py log_once [line:28] INFO mean_val_accuracy             0.7692
2025-04-26 13:25:56,060 simple_logger.py log_once [line:28] INFO std_val_accuracy              0.0270
2025-04-26 13:25:56,060 simple_logger.py log_once [line:28] INFO val_loss                      0.6509
2025-04-26 13:25:56,060 simple_logger.py log_once [line:28] INFO mean_val_loss                 0.6509
2025-04-26 13:25:56,061 simple_logger.py log_once [line:28] INFO std_val_loss                  0.0611
2025-04-26 13:25:56,061 fedbase.py run [line:323] INFO expense           2831085160.0
2025-04-26 13:25:56,061 fedbase.py run [line:324] INFO Eval Time Cost:               3.1237s
2025-04-26 13:25:56,061 asyncbase.py iterate [line:68] INFO Select clients [0, 1, 2, 3, 4, 5, 6, 7, 8, 9, 10, 11, 12, 13, 14, 15, 16, 17, 18, 19] at time 553.
2025-04-26 13:27:13,124 asyncbase.py iterate [line:73] INFO Receive new models from clients [11, 1, 9, 2, 8, 13, 3, 16, 18, 6, 7, 19, 17, 5, 10, 15, 14, 0, 12, 4] at time 554
2025-04-26 13:27:13,572 fedbase.py run [line:318] INFO --------------Round 222--------------
2025-04-26 13:27:13,573 simple_logger.py log_once [line:14] INFO Current_time:554
2025-04-26 13:27:16,417 simple_logger.py log_once [line:28] INFO test_accuracy                 0.7751
2025-04-26 13:27:16,417 simple_logger.py log_once [line:28] INFO test_loss                     0.6363
2025-04-26 13:27:16,417 simple_logger.py log_once [line:28] INFO val_accuracy                  0.7696
2025-04-26 13:27:16,418 simple_logger.py log_once [line:28] INFO mean_val_accuracy             0.7696
2025-04-26 13:27:16,418 simple_logger.py log_once [line:28] INFO std_val_accuracy              0.0278
2025-04-26 13:27:16,418 simple_logger.py log_once [line:28] INFO val_loss                      0.6499
2025-04-26 13:27:16,418 simple_logger.py log_once [line:28] INFO mean_val_loss                 0.6499
2025-04-26 13:27:16,418 simple_logger.py log_once [line:28] INFO std_val_loss                  0.0639
2025-04-26 13:27:16,418 fedbase.py run [line:323] INFO expense           2835516360.0
2025-04-26 13:27:16,418 fedbase.py run [line:324] INFO Eval Time Cost:               2.8450s
2025-04-26 13:27:16,418 asyncbase.py iterate [line:68] INFO Select clients [0, 1, 2, 3, 4, 5, 6, 7, 8, 9, 10, 11, 12, 13, 14, 15, 16, 17, 18, 19] at time 555.
2025-04-26 13:28:36,728 asyncbase.py iterate [line:73] INFO Receive new models from clients [4, 13, 8, 0, 5, 9, 10, 19, 15, 3, 7, 18, 6, 14, 17, 11, 12, 16, 2, 1] at time 556
2025-04-26 13:28:37,162 fedbase.py run [line:318] INFO --------------Round 223--------------
2025-04-26 13:28:37,163 simple_logger.py log_once [line:14] INFO Current_time:556
2025-04-26 13:28:39,932 simple_logger.py log_once [line:28] INFO test_accuracy                 0.7765
2025-04-26 13:28:39,932 simple_logger.py log_once [line:28] INFO test_loss                     0.6360
2025-04-26 13:28:39,932 simple_logger.py log_once [line:28] INFO val_accuracy                  0.7720
2025-04-26 13:28:39,933 simple_logger.py log_once [line:28] INFO mean_val_accuracy             0.7720
2025-04-26 13:28:39,933 simple_logger.py log_once [line:28] INFO std_val_accuracy              0.0289
2025-04-26 13:28:39,933 simple_logger.py log_once [line:28] INFO val_loss                      0.6506
2025-04-26 13:28:39,933 simple_logger.py log_once [line:28] INFO mean_val_loss                 0.6506
2025-04-26 13:28:39,933 simple_logger.py log_once [line:28] INFO std_val_loss                  0.0603
2025-04-26 13:28:39,933 fedbase.py run [line:323] INFO expense           2839947560.0
2025-04-26 13:28:39,933 fedbase.py run [line:324] INFO Eval Time Cost:               2.7703s
2025-04-26 13:28:39,933 asyncbase.py iterate [line:68] INFO Select clients [0, 1, 2, 3, 4, 5, 6, 7, 8, 9, 10, 11, 12, 13, 14, 15, 16, 17, 18, 19] at time 557.
2025-04-26 13:29:57,545 asyncbase.py iterate [line:73] INFO Receive new models from clients [9, 3, 16, 15, 1, 0, 17, 13, 8, 10, 4, 5, 14, 7, 18, 19, 11, 12, 2, 6] at time 558
2025-04-26 13:29:58,203 fedbase.py run [line:318] INFO --------------Round 224--------------
2025-04-26 13:29:58,204 simple_logger.py log_once [line:14] INFO Current_time:558
2025-04-26 13:30:01,364 simple_logger.py log_once [line:28] INFO test_accuracy                 0.7770
2025-04-26 13:30:01,364 simple_logger.py log_once [line:28] INFO test_loss                     0.6350
2025-04-26 13:30:01,364 simple_logger.py log_once [line:28] INFO val_accuracy                  0.7690
2025-04-26 13:30:01,364 simple_logger.py log_once [line:28] INFO mean_val_accuracy             0.7690
2025-04-26 13:30:01,364 simple_logger.py log_once [line:28] INFO std_val_accuracy              0.0306
2025-04-26 13:30:01,364 simple_logger.py log_once [line:28] INFO val_loss                      0.6478
2025-04-26 13:30:01,364 simple_logger.py log_once [line:28] INFO mean_val_loss                 0.6478
2025-04-26 13:30:01,364 simple_logger.py log_once [line:28] INFO std_val_loss                  0.0608
2025-04-26 13:30:01,365 fedbase.py run [line:323] INFO expense           2844378760.0
2025-04-26 13:30:01,365 fedbase.py run [line:324] INFO Eval Time Cost:               3.1608s
2025-04-26 13:30:01,365 asyncbase.py iterate [line:68] INFO Select clients [0, 1, 2, 3, 4, 5, 6, 7, 8, 9, 10, 11, 12, 13, 14, 15, 16, 17, 18, 19] at time 559.
2025-04-26 13:31:24,392 asyncbase.py iterate [line:73] INFO Receive new models from clients [14, 18, 6, 1, 10, 11, 7, 3, 0, 13, 16, 4, 2, 15, 8, 17, 19, 5, 12, 9] at time 560
2025-04-26 13:31:25,019 fedbase.py run [line:318] INFO --------------Round 225--------------
2025-04-26 13:31:25,020 simple_logger.py log_once [line:14] INFO Current_time:560
2025-04-26 13:31:28,445 simple_logger.py log_once [line:28] INFO test_accuracy                 0.7744
2025-04-26 13:31:28,445 simple_logger.py log_once [line:28] INFO test_loss                     0.6396
2025-04-26 13:31:28,446 simple_logger.py log_once [line:28] INFO val_accuracy                  0.7708
2025-04-26 13:31:28,446 simple_logger.py log_once [line:28] INFO mean_val_accuracy             0.7708
2025-04-26 13:31:28,446 simple_logger.py log_once [line:28] INFO std_val_accuracy              0.0300
2025-04-26 13:31:28,446 simple_logger.py log_once [line:28] INFO val_loss                      0.6500
2025-04-26 13:31:28,446 simple_logger.py log_once [line:28] INFO mean_val_loss                 0.6500
2025-04-26 13:31:28,446 simple_logger.py log_once [line:28] INFO std_val_loss                  0.0617
2025-04-26 13:31:28,446 fedbase.py run [line:323] INFO expense           2848809960.0
2025-04-26 13:31:28,446 fedbase.py run [line:324] INFO Eval Time Cost:               3.4265s
2025-04-26 13:31:28,446 asyncbase.py iterate [line:68] INFO Select clients [0, 1, 2, 3, 4, 5, 6, 7, 8, 9, 10, 11, 12, 13, 14, 15, 16, 17, 18, 19] at time 561.
2025-04-26 13:32:46,398 asyncbase.py iterate [line:73] INFO Receive new models from clients [13, 9, 3, 4, 6, 1, 10, 2, 18, 15, 5, 16, 14, 12, 17, 19, 7, 0, 11, 8] at time 562
2025-04-26 13:32:46,846 fedbase.py run [line:318] INFO --------------Round 226--------------
2025-04-26 13:32:46,847 simple_logger.py log_once [line:14] INFO Current_time:562
2025-04-26 13:32:50,461 simple_logger.py log_once [line:28] INFO test_accuracy                 0.7777
2025-04-26 13:32:50,462 simple_logger.py log_once [line:28] INFO test_loss                     0.6343
2025-04-26 13:32:50,462 simple_logger.py log_once [line:28] INFO val_accuracy                  0.7732
2025-04-26 13:32:50,462 simple_logger.py log_once [line:28] INFO mean_val_accuracy             0.7732
2025-04-26 13:32:50,462 simple_logger.py log_once [line:28] INFO std_val_accuracy              0.0290
2025-04-26 13:32:50,462 simple_logger.py log_once [line:28] INFO val_loss                      0.6455
2025-04-26 13:32:50,462 simple_logger.py log_once [line:28] INFO mean_val_loss                 0.6455
2025-04-26 13:32:50,462 simple_logger.py log_once [line:28] INFO std_val_loss                  0.0616
2025-04-26 13:32:50,462 fedbase.py run [line:323] INFO expense           2853241160.0
2025-04-26 13:32:50,462 fedbase.py run [line:324] INFO Eval Time Cost:               3.6154s
2025-04-26 13:32:50,463 asyncbase.py iterate [line:68] INFO Select clients [0, 1, 2, 3, 4, 5, 6, 7, 8, 9, 10, 11, 12, 13, 14, 15, 16, 17, 18, 19] at time 563.
2025-04-26 13:34:11,656 asyncbase.py iterate [line:73] INFO Receive new models from clients [18, 10, 4, 5, 17, 12, 11, 15, 14, 19, 9, 1, 2, 8, 3, 7, 13, 0, 6, 16] at time 564
2025-04-26 13:34:12,145 fedbase.py run [line:318] INFO --------------Round 227--------------
2025-04-26 13:34:12,146 simple_logger.py log_once [line:14] INFO Current_time:564
2025-04-26 13:34:15,029 simple_logger.py log_once [line:28] INFO test_accuracy                 0.7724
2025-04-26 13:34:15,029 simple_logger.py log_once [line:28] INFO test_loss                     0.6444
2025-04-26 13:34:15,029 simple_logger.py log_once [line:28] INFO val_accuracy                  0.7684
2025-04-26 13:34:15,029 simple_logger.py log_once [line:28] INFO mean_val_accuracy             0.7684
2025-04-26 13:34:15,029 simple_logger.py log_once [line:28] INFO std_val_accuracy              0.0282
2025-04-26 13:34:15,029 simple_logger.py log_once [line:28] INFO val_loss                      0.6551
2025-04-26 13:34:15,029 simple_logger.py log_once [line:28] INFO mean_val_loss                 0.6551
2025-04-26 13:34:15,029 simple_logger.py log_once [line:28] INFO std_val_loss                  0.0631
2025-04-26 13:34:15,030 fedbase.py run [line:323] INFO expense           2857672360.0
2025-04-26 13:34:15,030 fedbase.py run [line:324] INFO Eval Time Cost:               2.8837s
2025-04-26 13:34:15,030 asyncbase.py iterate [line:68] INFO Select clients [0, 1, 2, 3, 4, 5, 6, 7, 8, 9, 10, 11, 12, 13, 14, 15, 16, 17, 18, 19] at time 565.
2025-04-26 13:35:32,002 asyncbase.py iterate [line:73] INFO Receive new models from clients [15, 4, 12, 13, 6, 14, 19, 17, 5, 18, 0, 7, 2, 1, 3, 11, 9, 8, 16, 10] at time 566
2025-04-26 13:35:32,464 fedbase.py run [line:318] INFO --------------Round 228--------------
2025-04-26 13:35:32,464 simple_logger.py log_once [line:14] INFO Current_time:566
2025-04-26 13:35:35,296 simple_logger.py log_once [line:28] INFO test_accuracy                 0.7729
2025-04-26 13:35:35,296 simple_logger.py log_once [line:28] INFO test_loss                     0.6487
2025-04-26 13:35:35,296 simple_logger.py log_once [line:28] INFO val_accuracy                  0.7668
2025-04-26 13:35:35,296 simple_logger.py log_once [line:28] INFO mean_val_accuracy             0.7668
2025-04-26 13:35:35,296 simple_logger.py log_once [line:28] INFO std_val_accuracy              0.0275
2025-04-26 13:35:35,296 simple_logger.py log_once [line:28] INFO val_loss                      0.6602
2025-04-26 13:35:35,296 simple_logger.py log_once [line:28] INFO mean_val_loss                 0.6602
2025-04-26 13:35:35,296 simple_logger.py log_once [line:28] INFO std_val_loss                  0.0631
2025-04-26 13:35:35,296 fedbase.py run [line:323] INFO expense           2862103560.0
2025-04-26 13:35:35,296 fedbase.py run [line:324] INFO Eval Time Cost:               2.8321s
2025-04-26 13:35:35,297 asyncbase.py iterate [line:68] INFO Select clients [0, 1, 2, 3, 4, 5, 6, 7, 8, 9, 10, 11, 12, 13, 14, 15, 16, 17, 18, 19] at time 567.
2025-04-26 13:36:54,753 asyncbase.py iterate [line:73] INFO Receive new models from clients [0, 15, 18, 1, 3, 10, 19, 6, 16, 2, 14, 17, 7, 5, 4, 13, 9, 8, 11, 12] at time 568
2025-04-26 13:36:55,201 fedbase.py run [line:318] INFO --------------Round 229--------------
2025-04-26 13:36:55,202 simple_logger.py log_once [line:14] INFO Current_time:568
2025-04-26 13:36:58,087 simple_logger.py log_once [line:28] INFO test_accuracy                 0.7727
2025-04-26 13:36:58,087 simple_logger.py log_once [line:28] INFO test_loss                     0.6359
2025-04-26 13:36:58,087 simple_logger.py log_once [line:28] INFO val_accuracy                  0.7708
2025-04-26 13:36:58,087 simple_logger.py log_once [line:28] INFO mean_val_accuracy             0.7708
2025-04-26 13:36:58,087 simple_logger.py log_once [line:28] INFO std_val_accuracy              0.0292
2025-04-26 13:36:58,087 simple_logger.py log_once [line:28] INFO val_loss                      0.6516
2025-04-26 13:36:58,087 simple_logger.py log_once [line:28] INFO mean_val_loss                 0.6516
2025-04-26 13:36:58,087 simple_logger.py log_once [line:28] INFO std_val_loss                  0.0634
2025-04-26 13:36:58,088 fedbase.py run [line:323] INFO expense           2866534760.0
2025-04-26 13:36:58,088 fedbase.py run [line:324] INFO Eval Time Cost:               2.8859s
2025-04-26 13:36:58,088 asyncbase.py iterate [line:68] INFO Select clients [0, 1, 2, 3, 4, 5, 6, 7, 8, 9, 10, 11, 12, 13, 14, 15, 16, 17, 18, 19] at time 569.
2025-04-26 13:38:16,992 asyncbase.py iterate [line:73] INFO Receive new models from clients [12, 1, 2, 0, 4, 11, 17, 5, 18, 15, 3, 9, 14, 19, 8, 7, 13, 10, 6, 16] at time 570
2025-04-26 13:38:17,624 fedbase.py run [line:318] INFO --------------Round 230--------------
2025-04-26 13:38:17,625 simple_logger.py log_once [line:14] INFO Current_time:570
2025-04-26 13:38:20,616 simple_logger.py log_once [line:28] INFO test_accuracy                 0.7773
2025-04-26 13:38:20,616 simple_logger.py log_once [line:28] INFO test_loss                     0.6321
2025-04-26 13:38:20,617 simple_logger.py log_once [line:28] INFO val_accuracy                  0.7712
2025-04-26 13:38:20,617 simple_logger.py log_once [line:28] INFO mean_val_accuracy             0.7712
2025-04-26 13:38:20,617 simple_logger.py log_once [line:28] INFO std_val_accuracy              0.0271
2025-04-26 13:38:20,617 simple_logger.py log_once [line:28] INFO val_loss                      0.6443
2025-04-26 13:38:20,617 simple_logger.py log_once [line:28] INFO mean_val_loss                 0.6443
2025-04-26 13:38:20,617 simple_logger.py log_once [line:28] INFO std_val_loss                  0.0600
2025-04-26 13:38:20,617 fedbase.py run [line:323] INFO expense           2870965960.0
2025-04-26 13:38:20,617 fedbase.py run [line:324] INFO Eval Time Cost:               2.9917s
2025-04-26 13:38:20,617 asyncbase.py iterate [line:68] INFO Select clients [0, 1, 2, 3, 4, 5, 6, 7, 8, 9, 10, 11, 12, 13, 14, 15, 16, 17, 18, 19] at time 571.
2025-04-26 13:38:55,934 asyncbase.py iterate [line:73] INFO Receive new models from clients [10, 18, 9, 5, 6, 17, 2, 0, 15, 14, 1, 12, 19, 11, 4, 13, 3, 7, 8, 16] at time 572
2025-04-26 13:38:59,796 fedbase.py run [line:318] INFO --------------Round 231--------------
2025-04-26 13:38:59,797 simple_logger.py log_once [line:14] INFO Current_time:572
2025-04-26 13:39:02,620 simple_logger.py log_once [line:28] INFO test_accuracy                 0.7821
2025-04-26 13:39:02,620 simple_logger.py log_once [line:28] INFO test_loss                     0.6221
2025-04-26 13:39:02,621 simple_logger.py log_once [line:28] INFO val_accuracy                  0.7804
2025-04-26 13:39:02,621 simple_logger.py log_once [line:28] INFO mean_val_accuracy             0.7804
2025-04-26 13:39:02,621 simple_logger.py log_once [line:28] INFO std_val_accuracy              0.0287
2025-04-26 13:39:02,621 simple_logger.py log_once [line:28] INFO val_loss                      0.6342
2025-04-26 13:39:02,621 simple_logger.py log_once [line:28] INFO mean_val_loss                 0.6342
2025-04-26 13:39:02,621 simple_logger.py log_once [line:28] INFO std_val_loss                  0.0593
2025-04-26 13:39:02,621 fedbase.py run [line:323] INFO expense           2926835770.0
2025-04-26 13:39:02,621 fedbase.py run [line:324] INFO Eval Time Cost:               2.8242s
2025-04-26 13:39:02,621 asyncbase.py iterate [line:68] INFO Select clients [0, 1, 2, 3, 4, 5, 6, 7, 8, 9, 10, 11, 12, 13, 14, 15, 16, 17, 18, 19] at time 573.
2025-04-26 13:40:17,161 asyncbase.py iterate [line:73] INFO Receive new models from clients [3, 19, 7, 15, 16, 17, 13, 5, 4, 9, 2, 1, 10, 8, 6, 14] at time 576
2025-04-26 13:40:17,161 asyncbase.py iterate [line:73] INFO Receive new models from clients [18, 0, 12, 11] at time 577
2025-04-26 13:40:17,607 fedbase.py run [line:318] INFO --------------Round 232--------------
2025-04-26 13:40:17,608 simple_logger.py log_once [line:14] INFO Current_time:577
2025-04-26 13:40:20,434 simple_logger.py log_once [line:28] INFO test_accuracy                 0.7794
2025-04-26 13:40:20,434 simple_logger.py log_once [line:28] INFO test_loss                     0.6346
2025-04-26 13:40:20,434 simple_logger.py log_once [line:28] INFO val_accuracy                  0.7730
2025-04-26 13:40:20,434 simple_logger.py log_once [line:28] INFO mean_val_accuracy             0.7730
2025-04-26 13:40:20,434 simple_logger.py log_once [line:28] INFO std_val_accuracy              0.0305
2025-04-26 13:40:20,434 simple_logger.py log_once [line:28] INFO val_loss                      0.6446
2025-04-26 13:40:20,434 simple_logger.py log_once [line:28] INFO mean_val_loss                 0.6446
2025-04-26 13:40:20,435 simple_logger.py log_once [line:28] INFO std_val_loss                  0.0607
2025-04-26 13:40:20,435 fedbase.py run [line:323] INFO expense           2931266970.0
2025-04-26 13:40:20,435 fedbase.py run [line:324] INFO Eval Time Cost:               2.8265s
2025-04-26 13:40:20,435 asyncbase.py iterate [line:68] INFO Select clients [0, 1, 2, 3, 4, 5, 6, 7, 8, 9, 10, 11, 12, 13, 14, 15, 16, 17, 18, 19] at time 578.
2025-04-26 13:41:35,561 asyncbase.py iterate [line:73] INFO Receive new models from clients [8, 0, 18, 12, 16, 1, 9, 7, 19, 5, 2, 15, 10, 6, 3, 11, 14, 13, 4, 17] at time 579
2025-04-26 13:41:36,002 fedbase.py run [line:318] INFO --------------Round 233--------------
2025-04-26 13:41:36,002 simple_logger.py log_once [line:14] INFO Current_time:579
2025-04-26 13:41:38,822 simple_logger.py log_once [line:28] INFO test_accuracy                 0.7787
2025-04-26 13:41:38,823 simple_logger.py log_once [line:28] INFO test_loss                     0.6352
2025-04-26 13:41:38,823 simple_logger.py log_once [line:28] INFO val_accuracy                  0.7772
2025-04-26 13:41:38,823 simple_logger.py log_once [line:28] INFO mean_val_accuracy             0.7772
2025-04-26 13:41:38,823 simple_logger.py log_once [line:28] INFO std_val_accuracy              0.0269
2025-04-26 13:41:38,823 simple_logger.py log_once [line:28] INFO val_loss                      0.6463
2025-04-26 13:41:38,823 simple_logger.py log_once [line:28] INFO mean_val_loss                 0.6463
2025-04-26 13:41:38,823 simple_logger.py log_once [line:28] INFO std_val_loss                  0.0599
2025-04-26 13:41:38,823 fedbase.py run [line:323] INFO expense           2935698170.0
2025-04-26 13:41:38,823 fedbase.py run [line:324] INFO Eval Time Cost:               2.8207s
2025-04-26 13:41:38,823 asyncbase.py iterate [line:68] INFO Select clients [0, 1, 2, 3, 4, 5, 6, 7, 8, 9, 10, 11, 12, 13, 14, 15, 16, 17, 18, 19] at time 580.
2025-04-26 13:42:52,870 asyncbase.py iterate [line:73] INFO Receive new models from clients [13, 3, 16, 17, 8, 10, 6, 14, 4, 15, 11, 9, 0, 7, 5, 1, 19, 18, 2, 12] at time 581
2025-04-26 13:42:53,314 fedbase.py run [line:318] INFO --------------Round 234--------------
2025-04-26 13:42:53,315 simple_logger.py log_once [line:14] INFO Current_time:581
2025-04-26 13:42:56,100 simple_logger.py log_once [line:28] INFO test_accuracy                 0.7815
2025-04-26 13:42:56,100 simple_logger.py log_once [line:28] INFO test_loss                     0.6268
2025-04-26 13:42:56,100 simple_logger.py log_once [line:28] INFO val_accuracy                  0.7816
2025-04-26 13:42:56,100 simple_logger.py log_once [line:28] INFO mean_val_accuracy             0.7816
2025-04-26 13:42:56,101 simple_logger.py log_once [line:28] INFO std_val_accuracy              0.0281
2025-04-26 13:42:56,101 simple_logger.py log_once [line:28] INFO val_loss                      0.6401
2025-04-26 13:42:56,101 simple_logger.py log_once [line:28] INFO mean_val_loss                 0.6401
2025-04-26 13:42:56,101 simple_logger.py log_once [line:28] INFO std_val_loss                  0.0595
2025-04-26 13:42:56,101 fedbase.py run [line:323] INFO expense           2940129370.0
2025-04-26 13:42:56,101 fedbase.py run [line:324] INFO Eval Time Cost:               2.7859s
2025-04-26 13:42:56,101 asyncbase.py iterate [line:68] INFO Select clients [0, 1, 2, 3, 4, 5, 6, 7, 8, 9, 10, 11, 12, 13, 14, 15, 16, 17, 18, 19] at time 582.
2025-04-26 13:44:14,611 asyncbase.py iterate [line:73] INFO Receive new models from clients [0, 1, 8, 14, 12, 11, 17, 2, 4, 5, 19, 10, 9, 15, 3, 13, 7, 18, 16, 6] at time 583
2025-04-26 13:44:15,072 fedbase.py run [line:318] INFO --------------Round 235--------------
2025-04-26 13:44:15,073 simple_logger.py log_once [line:14] INFO Current_time:583
2025-04-26 13:44:17,882 simple_logger.py log_once [line:28] INFO test_accuracy                 0.7785
2025-04-26 13:44:17,882 simple_logger.py log_once [line:28] INFO test_loss                     0.6388
2025-04-26 13:44:17,882 simple_logger.py log_once [line:28] INFO val_accuracy                  0.7722
2025-04-26 13:44:17,882 simple_logger.py log_once [line:28] INFO mean_val_accuracy             0.7722
2025-04-26 13:44:17,882 simple_logger.py log_once [line:28] INFO std_val_accuracy              0.0291
2025-04-26 13:44:17,882 simple_logger.py log_once [line:28] INFO val_loss                      0.6477
2025-04-26 13:44:17,882 simple_logger.py log_once [line:28] INFO mean_val_loss                 0.6477
2025-04-26 13:44:17,882 simple_logger.py log_once [line:28] INFO std_val_loss                  0.0613
2025-04-26 13:44:17,882 fedbase.py run [line:323] INFO expense           2944560570.0
2025-04-26 13:44:17,882 fedbase.py run [line:324] INFO Eval Time Cost:               2.8095s
2025-04-26 13:44:17,883 asyncbase.py iterate [line:68] INFO Select clients [0, 1, 2, 3, 4, 5, 6, 7, 8, 9, 10, 11, 12, 13, 14, 15, 16, 17, 18, 19] at time 584.
2025-04-26 13:45:32,958 asyncbase.py iterate [line:73] INFO Receive new models from clients [17, 9, 10, 11, 19, 15, 12, 8, 14, 7, 3, 4, 6, 2, 0, 5, 1, 18, 16, 13] at time 585
2025-04-26 13:45:33,395 fedbase.py run [line:318] INFO --------------Round 236--------------
2025-04-26 13:45:33,396 simple_logger.py log_once [line:14] INFO Current_time:585
2025-04-26 13:45:36,191 simple_logger.py log_once [line:28] INFO test_accuracy                 0.7794
2025-04-26 13:45:36,191 simple_logger.py log_once [line:28] INFO test_loss                     0.6324
2025-04-26 13:45:36,191 simple_logger.py log_once [line:28] INFO val_accuracy                  0.7768
2025-04-26 13:45:36,191 simple_logger.py log_once [line:28] INFO mean_val_accuracy             0.7768
2025-04-26 13:45:36,191 simple_logger.py log_once [line:28] INFO std_val_accuracy              0.0292
2025-04-26 13:45:36,191 simple_logger.py log_once [line:28] INFO val_loss                      0.6437
2025-04-26 13:45:36,191 simple_logger.py log_once [line:28] INFO mean_val_loss                 0.6437
2025-04-26 13:45:36,191 simple_logger.py log_once [line:28] INFO std_val_loss                  0.0603
2025-04-26 13:45:36,191 fedbase.py run [line:323] INFO expense           2948991770.0
2025-04-26 13:45:36,191 fedbase.py run [line:324] INFO Eval Time Cost:               2.7955s
2025-04-26 13:45:36,192 asyncbase.py iterate [line:68] INFO Select clients [0, 1, 2, 3, 4, 5, 6, 7, 8, 9, 10, 11, 12, 13, 14, 15, 16, 17, 18, 19] at time 586.
2025-04-26 13:46:53,062 asyncbase.py iterate [line:73] INFO Receive new models from clients [12, 2, 10, 11, 5, 9, 16, 13, 0, 18, 6, 4, 1, 8, 7, 17, 3, 15, 14, 19] at time 587
2025-04-26 13:46:53,501 fedbase.py run [line:318] INFO --------------Round 237--------------
2025-04-26 13:46:53,502 simple_logger.py log_once [line:14] INFO Current_time:587
2025-04-26 13:46:56,305 simple_logger.py log_once [line:28] INFO test_accuracy                 0.7814
2025-04-26 13:46:56,305 simple_logger.py log_once [line:28] INFO test_loss                     0.6175
2025-04-26 13:46:56,305 simple_logger.py log_once [line:28] INFO val_accuracy                  0.7824
2025-04-26 13:46:56,305 simple_logger.py log_once [line:28] INFO mean_val_accuracy             0.7824
2025-04-26 13:46:56,305 simple_logger.py log_once [line:28] INFO std_val_accuracy              0.0278
2025-04-26 13:46:56,305 simple_logger.py log_once [line:28] INFO val_loss                      0.6294
2025-04-26 13:46:56,305 simple_logger.py log_once [line:28] INFO mean_val_loss                 0.6294
2025-04-26 13:46:56,305 simple_logger.py log_once [line:28] INFO std_val_loss                  0.0597
2025-04-26 13:46:56,306 fedbase.py run [line:323] INFO expense           2953422970.0
2025-04-26 13:46:56,306 fedbase.py run [line:324] INFO Eval Time Cost:               2.8037s
2025-04-26 13:46:56,306 asyncbase.py iterate [line:68] INFO Select clients [0, 1, 2, 3, 4, 5, 6, 7, 8, 9, 10, 11, 12, 13, 14, 15, 16, 17, 18, 19] at time 588.
2025-04-26 13:48:11,818 asyncbase.py iterate [line:73] INFO Receive new models from clients [17, 12, 13, 7, 3, 8, 9, 6, 16, 1, 11, 5, 14, 18, 2, 10, 4, 0, 15, 19] at time 589
2025-04-26 13:48:12,251 fedbase.py run [line:318] INFO --------------Round 238--------------
2025-04-26 13:48:12,251 simple_logger.py log_once [line:14] INFO Current_time:589
2025-04-26 13:48:15,035 simple_logger.py log_once [line:28] INFO test_accuracy                 0.7831
2025-04-26 13:48:15,036 simple_logger.py log_once [line:28] INFO test_loss                     0.6204
2025-04-26 13:48:15,036 simple_logger.py log_once [line:28] INFO val_accuracy                  0.7830
2025-04-26 13:48:15,036 simple_logger.py log_once [line:28] INFO mean_val_accuracy             0.7830
2025-04-26 13:48:15,036 simple_logger.py log_once [line:28] INFO std_val_accuracy              0.0279
2025-04-26 13:48:15,036 simple_logger.py log_once [line:28] INFO val_loss                      0.6332
2025-04-26 13:48:15,036 simple_logger.py log_once [line:28] INFO mean_val_loss                 0.6332
2025-04-26 13:48:15,036 simple_logger.py log_once [line:28] INFO std_val_loss                  0.0593
2025-04-26 13:48:15,036 fedbase.py run [line:323] INFO expense           2957854170.0
2025-04-26 13:48:15,036 fedbase.py run [line:324] INFO Eval Time Cost:               2.7849s
2025-04-26 13:48:15,036 asyncbase.py iterate [line:68] INFO Select clients [0, 1, 2, 3, 4, 5, 6, 7, 8, 9, 10, 11, 12, 13, 14, 15, 16, 17, 18, 19] at time 590.
2025-04-26 13:49:28,898 asyncbase.py iterate [line:73] INFO Receive new models from clients [0, 2, 5, 18, 14, 12, 19, 17, 3, 4, 11, 8, 15, 9, 7, 16, 6, 10, 13, 1] at time 591
2025-04-26 13:49:29,341 fedbase.py run [line:318] INFO --------------Round 239--------------
2025-04-26 13:49:29,342 simple_logger.py log_once [line:14] INFO Current_time:591
2025-04-26 13:49:32,207 simple_logger.py log_once [line:28] INFO test_accuracy                 0.7822
2025-04-26 13:49:32,207 simple_logger.py log_once [line:28] INFO test_loss                     0.6262
2025-04-26 13:49:32,208 simple_logger.py log_once [line:28] INFO val_accuracy                  0.7814
2025-04-26 13:49:32,208 simple_logger.py log_once [line:28] INFO mean_val_accuracy             0.7814
2025-04-26 13:49:32,208 simple_logger.py log_once [line:28] INFO std_val_accuracy              0.0259
2025-04-26 13:49:32,208 simple_logger.py log_once [line:28] INFO val_loss                      0.6400
2025-04-26 13:49:32,208 simple_logger.py log_once [line:28] INFO mean_val_loss                 0.6400
2025-04-26 13:49:32,208 simple_logger.py log_once [line:28] INFO std_val_loss                  0.0586
2025-04-26 13:49:32,208 fedbase.py run [line:323] INFO expense           2962285370.0
2025-04-26 13:49:32,208 fedbase.py run [line:324] INFO Eval Time Cost:               2.8659s
2025-04-26 13:49:32,208 asyncbase.py iterate [line:68] INFO Select clients [0, 1, 2, 3, 4, 5, 6, 7, 8, 9, 10, 11, 12, 13, 14, 15, 16, 17, 18, 19] at time 592.
2025-04-26 13:50:56,907 asyncbase.py iterate [line:73] INFO Receive new models from clients [17, 12, 2, 7, 6, 3, 14, 13, 8, 4, 18, 10, 0, 16, 9, 15, 1, 5, 19, 11] at time 593
2025-04-26 13:50:57,359 fedbase.py run [line:318] INFO --------------Round 240--------------
2025-04-26 13:50:57,360 simple_logger.py log_once [line:14] INFO Current_time:593
2025-04-26 13:51:00,299 simple_logger.py log_once [line:28] INFO test_accuracy                 0.7825
2025-04-26 13:51:00,299 simple_logger.py log_once [line:28] INFO test_loss                     0.6234
2025-04-26 13:51:00,299 simple_logger.py log_once [line:28] INFO val_accuracy                  0.7800
2025-04-26 13:51:00,299 simple_logger.py log_once [line:28] INFO mean_val_accuracy             0.7800
2025-04-26 13:51:00,299 simple_logger.py log_once [line:28] INFO std_val_accuracy              0.0260
2025-04-26 13:51:00,299 simple_logger.py log_once [line:28] INFO val_loss                      0.6335
2025-04-26 13:51:00,299 simple_logger.py log_once [line:28] INFO mean_val_loss                 0.6335
2025-04-26 13:51:00,299 simple_logger.py log_once [line:28] INFO std_val_loss                  0.0601
2025-04-26 13:51:00,299 fedbase.py run [line:323] INFO expense           2966716570.0
2025-04-26 13:51:00,299 fedbase.py run [line:324] INFO Eval Time Cost:               2.9398s
2025-04-26 13:51:00,300 asyncbase.py iterate [line:68] INFO Select clients [0, 1, 2, 3, 4, 5, 6, 7, 8, 9, 10, 11, 12, 13, 14, 15, 16, 17, 18, 19] at time 594.
2025-04-26 13:52:22,239 asyncbase.py iterate [line:73] INFO Receive new models from clients [12, 19, 9, 15, 13, 17, 14, 3, 11, 10, 5, 7, 4, 2, 18, 0, 16, 8, 6, 1] at time 595
2025-04-26 13:52:22,706 fedbase.py run [line:318] INFO --------------Round 241--------------
2025-04-26 13:52:22,706 simple_logger.py log_once [line:14] INFO Current_time:595
2025-04-26 13:52:25,621 simple_logger.py log_once [line:28] INFO test_accuracy                 0.7811
2025-04-26 13:52:25,621 simple_logger.py log_once [line:28] INFO test_loss                     0.6251
2025-04-26 13:52:25,621 simple_logger.py log_once [line:28] INFO val_accuracy                  0.7764
2025-04-26 13:52:25,621 simple_logger.py log_once [line:28] INFO mean_val_accuracy             0.7764
2025-04-26 13:52:25,621 simple_logger.py log_once [line:28] INFO std_val_accuracy              0.0277
2025-04-26 13:52:25,621 simple_logger.py log_once [line:28] INFO val_loss                      0.6371
2025-04-26 13:52:25,621 simple_logger.py log_once [line:28] INFO mean_val_loss                 0.6371
2025-04-26 13:52:25,621 simple_logger.py log_once [line:28] INFO std_val_loss                  0.0581
2025-04-26 13:52:25,622 fedbase.py run [line:323] INFO expense           2971147770.0
2025-04-26 13:52:25,622 fedbase.py run [line:324] INFO Eval Time Cost:               2.9151s
2025-04-26 13:52:25,622 asyncbase.py iterate [line:68] INFO Select clients [0, 1, 2, 3, 4, 5, 6, 7, 8, 9, 10, 11, 12, 13, 14, 15, 16, 17, 18, 19] at time 596.
2025-04-26 13:53:49,185 asyncbase.py iterate [line:73] INFO Receive new models from clients [8, 19, 16, 4, 2, 11, 0, 15, 5, 3, 6, 9, 14, 18, 13, 12, 1, 7, 10, 17] at time 597
2025-04-26 13:53:49,633 fedbase.py run [line:318] INFO --------------Round 242--------------
2025-04-26 13:53:49,633 simple_logger.py log_once [line:14] INFO Current_time:597
2025-04-26 13:53:52,483 simple_logger.py log_once [line:28] INFO test_accuracy                 0.7813
2025-04-26 13:53:52,483 simple_logger.py log_once [line:28] INFO test_loss                     0.6221
2025-04-26 13:53:52,484 simple_logger.py log_once [line:28] INFO val_accuracy                  0.7808
2025-04-26 13:53:52,484 simple_logger.py log_once [line:28] INFO mean_val_accuracy             0.7808
2025-04-26 13:53:52,484 simple_logger.py log_once [line:28] INFO std_val_accuracy              0.0262
2025-04-26 13:53:52,484 simple_logger.py log_once [line:28] INFO val_loss                      0.6332
2025-04-26 13:53:52,484 simple_logger.py log_once [line:28] INFO mean_val_loss                 0.6332
2025-04-26 13:53:52,484 simple_logger.py log_once [line:28] INFO std_val_loss                  0.0595
2025-04-26 13:53:52,484 fedbase.py run [line:323] INFO expense           2975578970.0
2025-04-26 13:53:52,484 fedbase.py run [line:324] INFO Eval Time Cost:               2.8505s
2025-04-26 13:53:52,484 asyncbase.py iterate [line:68] INFO Select clients [0, 1, 2, 3, 4, 5, 6, 7, 8, 9, 10, 11, 12, 13, 14, 15, 16, 17, 18, 19] at time 598.
2025-04-26 13:55:10,602 asyncbase.py iterate [line:73] INFO Receive new models from clients [3, 13, 14, 17, 9, 4, 12, 2, 19, 7, 5, 6, 18, 1, 0, 11, 16, 10, 15, 8] at time 599
2025-04-26 13:55:11,272 fedbase.py run [line:318] INFO --------------Round 243--------------
2025-04-26 13:55:11,273 simple_logger.py log_once [line:14] INFO Current_time:599
2025-04-26 13:55:14,420 simple_logger.py log_once [line:28] INFO test_accuracy                 0.7818
2025-04-26 13:55:14,420 simple_logger.py log_once [line:28] INFO test_loss                     0.6214
2025-04-26 13:55:14,420 simple_logger.py log_once [line:28] INFO val_accuracy                  0.7790
2025-04-26 13:55:14,420 simple_logger.py log_once [line:28] INFO mean_val_accuracy             0.7790
2025-04-26 13:55:14,420 simple_logger.py log_once [line:28] INFO std_val_accuracy              0.0297
2025-04-26 13:55:14,420 simple_logger.py log_once [line:28] INFO val_loss                      0.6314
2025-04-26 13:55:14,420 simple_logger.py log_once [line:28] INFO mean_val_loss                 0.6314
2025-04-26 13:55:14,420 simple_logger.py log_once [line:28] INFO std_val_loss                  0.0606
2025-04-26 13:55:14,420 fedbase.py run [line:323] INFO expense           2980010170.0
2025-04-26 13:55:14,420 fedbase.py run [line:324] INFO Eval Time Cost:               3.1472s
2025-04-26 13:55:14,420 asyncbase.py iterate [line:68] INFO Select clients [0, 1, 2, 3, 4, 5, 6, 7, 8, 9, 10, 11, 12, 13, 14, 15, 16, 17, 18, 19] at time 600.
2025-04-26 13:56:34,319 asyncbase.py iterate [line:73] INFO Receive new models from clients [3, 0, 10, 9, 7, 19, 18, 6, 11, 5, 16, 13, 12, 4, 14, 1, 2, 17, 15, 8] at time 601
2025-04-26 13:56:34,944 fedbase.py run [line:318] INFO --------------Round 244--------------
2025-04-26 13:56:34,945 simple_logger.py log_once [line:14] INFO Current_time:601
2025-04-26 13:56:38,040 simple_logger.py log_once [line:28] INFO test_accuracy                 0.7821
2025-04-26 13:56:38,040 simple_logger.py log_once [line:28] INFO test_loss                     0.6248
2025-04-26 13:56:38,040 simple_logger.py log_once [line:28] INFO val_accuracy                  0.7772
2025-04-26 13:56:38,040 simple_logger.py log_once [line:28] INFO mean_val_accuracy             0.7772
2025-04-26 13:56:38,041 simple_logger.py log_once [line:28] INFO std_val_accuracy              0.0292
2025-04-26 13:56:38,041 simple_logger.py log_once [line:28] INFO val_loss                      0.6364
2025-04-26 13:56:38,041 simple_logger.py log_once [line:28] INFO mean_val_loss                 0.6364
2025-04-26 13:56:38,041 simple_logger.py log_once [line:28] INFO std_val_loss                  0.0600
2025-04-26 13:56:38,041 fedbase.py run [line:323] INFO expense           2984441370.0
2025-04-26 13:56:38,041 fedbase.py run [line:324] INFO Eval Time Cost:               3.0958s
2025-04-26 13:56:38,041 asyncbase.py iterate [line:68] INFO Select clients [0, 1, 2, 3, 4, 5, 6, 7, 8, 9, 10, 11, 12, 13, 14, 15, 16, 17, 18, 19] at time 602.
2025-04-26 13:57:54,290 asyncbase.py iterate [line:73] INFO Receive new models from clients [3, 13, 11, 19, 7, 10, 8, 4, 0, 16, 6, 18, 5, 14, 12, 2, 17, 9, 1, 15] at time 603
2025-04-26 13:57:54,741 fedbase.py run [line:318] INFO --------------Round 245--------------
2025-04-26 13:57:54,742 simple_logger.py log_once [line:14] INFO Current_time:603
2025-04-26 13:57:57,501 simple_logger.py log_once [line:28] INFO test_accuracy                 0.7773
2025-04-26 13:57:57,502 simple_logger.py log_once [line:28] INFO test_loss                     0.6387
2025-04-26 13:57:57,502 simple_logger.py log_once [line:28] INFO val_accuracy                  0.7736
2025-04-26 13:57:57,502 simple_logger.py log_once [line:28] INFO mean_val_accuracy             0.7736
2025-04-26 13:57:57,502 simple_logger.py log_once [line:28] INFO std_val_accuracy              0.0264
2025-04-26 13:57:57,502 simple_logger.py log_once [line:28] INFO val_loss                      0.6535
2025-04-26 13:57:57,502 simple_logger.py log_once [line:28] INFO mean_val_loss                 0.6535
2025-04-26 13:57:57,502 simple_logger.py log_once [line:28] INFO std_val_loss                  0.0609
2025-04-26 13:57:57,502 fedbase.py run [line:323] INFO expense           2988872570.0
2025-04-26 13:57:57,502 fedbase.py run [line:324] INFO Eval Time Cost:               2.7602s
2025-04-26 13:57:57,502 asyncbase.py iterate [line:68] INFO Select clients [0, 1, 2, 3, 4, 5, 6, 7, 8, 9, 10, 11, 12, 13, 14, 15, 16, 17, 18, 19] at time 604.
2025-04-26 13:59:07,929 asyncbase.py iterate [line:73] INFO Receive new models from clients [8, 10, 7, 2, 18, 16, 12, 15, 0, 4, 3, 11, 17, 9, 13, 1, 5, 19, 6, 14] at time 605
2025-04-26 13:59:08,352 fedbase.py run [line:318] INFO --------------Round 246--------------
2025-04-26 13:59:08,352 simple_logger.py log_once [line:14] INFO Current_time:605
2025-04-26 13:59:11,099 simple_logger.py log_once [line:28] INFO test_accuracy                 0.7811
2025-04-26 13:59:11,099 simple_logger.py log_once [line:28] INFO test_loss                     0.6297
2025-04-26 13:59:11,099 simple_logger.py log_once [line:28] INFO val_accuracy                  0.7768
2025-04-26 13:59:11,099 simple_logger.py log_once [line:28] INFO mean_val_accuracy             0.7768
2025-04-26 13:59:11,099 simple_logger.py log_once [line:28] INFO std_val_accuracy              0.0277
2025-04-26 13:59:11,099 simple_logger.py log_once [line:28] INFO val_loss                      0.6423
2025-04-26 13:59:11,099 simple_logger.py log_once [line:28] INFO mean_val_loss                 0.6423
2025-04-26 13:59:11,099 simple_logger.py log_once [line:28] INFO std_val_loss                  0.0588
2025-04-26 13:59:11,099 fedbase.py run [line:323] INFO expense           2993303770.0
2025-04-26 13:59:11,099 fedbase.py run [line:324] INFO Eval Time Cost:               2.7470s
2025-04-26 13:59:11,099 asyncbase.py iterate [line:68] INFO Select clients [0, 1, 2, 3, 4, 5, 6, 7, 8, 9, 10, 11, 12, 13, 14, 15, 16, 17, 18, 19] at time 606.
2025-04-26 14:00:26,081 asyncbase.py iterate [line:73] INFO Receive new models from clients [8, 16, 10, 11, 15, 19, 13, 3, 17, 12, 6, 7, 18, 2, 9, 4, 0, 14, 1, 5] at time 607
2025-04-26 14:00:26,546 fedbase.py run [line:318] INFO --------------Round 247--------------
2025-04-26 14:00:26,547 simple_logger.py log_once [line:14] INFO Current_time:607
2025-04-26 14:00:29,429 simple_logger.py log_once [line:28] INFO test_accuracy                 0.7827
2025-04-26 14:00:29,429 simple_logger.py log_once [line:28] INFO test_loss                     0.6207
2025-04-26 14:00:29,430 simple_logger.py log_once [line:28] INFO val_accuracy                  0.7802
2025-04-26 14:00:29,430 simple_logger.py log_once [line:28] INFO mean_val_accuracy             0.7802
2025-04-26 14:00:29,430 simple_logger.py log_once [line:28] INFO std_val_accuracy              0.0264
2025-04-26 14:00:29,430 simple_logger.py log_once [line:28] INFO val_loss                      0.6343
2025-04-26 14:00:29,430 simple_logger.py log_once [line:28] INFO mean_val_loss                 0.6343
2025-04-26 14:00:29,430 simple_logger.py log_once [line:28] INFO std_val_loss                  0.0600
2025-04-26 14:00:29,430 fedbase.py run [line:323] INFO expense           2997734970.0
2025-04-26 14:00:29,430 fedbase.py run [line:324] INFO Eval Time Cost:               2.8829s
2025-04-26 14:00:29,430 asyncbase.py iterate [line:68] INFO Select clients [0, 1, 2, 3, 4, 5, 6, 7, 8, 9, 10, 11, 12, 13, 14, 15, 16, 17, 18, 19] at time 608.
2025-04-26 14:01:47,751 asyncbase.py iterate [line:73] INFO Receive new models from clients [7, 8, 12, 2, 1, 5, 3, 16, 9, 6, 11, 4, 10, 18, 15, 0, 14, 19, 17, 13] at time 609
2025-04-26 14:01:48,173 fedbase.py run [line:318] INFO --------------Round 248--------------
2025-04-26 14:01:48,174 simple_logger.py log_once [line:14] INFO Current_time:609
2025-04-26 14:01:50,948 simple_logger.py log_once [line:28] INFO test_accuracy                 0.7831
2025-04-26 14:01:50,948 simple_logger.py log_once [line:28] INFO test_loss                     0.6199
2025-04-26 14:01:50,948 simple_logger.py log_once [line:28] INFO val_accuracy                  0.7780
2025-04-26 14:01:50,948 simple_logger.py log_once [line:28] INFO mean_val_accuracy             0.7780
2025-04-26 14:01:50,948 simple_logger.py log_once [line:28] INFO std_val_accuracy              0.0271
2025-04-26 14:01:50,948 simple_logger.py log_once [line:28] INFO val_loss                      0.6332
2025-04-26 14:01:50,948 simple_logger.py log_once [line:28] INFO mean_val_loss                 0.6332
2025-04-26 14:01:50,948 simple_logger.py log_once [line:28] INFO std_val_loss                  0.0608
2025-04-26 14:01:50,949 fedbase.py run [line:323] INFO expense           3002166170.0
2025-04-26 14:01:50,949 fedbase.py run [line:324] INFO Eval Time Cost:               2.7748s
2025-04-26 14:01:50,949 asyncbase.py iterate [line:68] INFO Select clients [0, 1, 2, 3, 4, 5, 6, 7, 8, 9, 10, 11, 12, 13, 14, 15, 16, 17, 18, 19] at time 610.
2025-04-26 14:03:04,074 asyncbase.py iterate [line:73] INFO Receive new models from clients [11, 7, 4, 15, 9, 19, 17, 18, 8, 1, 5, 0, 13, 2, 16, 12, 3, 14, 6, 10] at time 611
2025-04-26 14:03:04,502 fedbase.py run [line:318] INFO --------------Round 249--------------
2025-04-26 14:03:04,503 simple_logger.py log_once [line:14] INFO Current_time:611
2025-04-26 14:03:07,254 simple_logger.py log_once [line:28] INFO test_accuracy                 0.7791
2025-04-26 14:03:07,255 simple_logger.py log_once [line:28] INFO test_loss                     0.6354
2025-04-26 14:03:07,255 simple_logger.py log_once [line:28] INFO val_accuracy                  0.7774
2025-04-26 14:03:07,255 simple_logger.py log_once [line:28] INFO mean_val_accuracy             0.7774
2025-04-26 14:03:07,255 simple_logger.py log_once [line:28] INFO std_val_accuracy              0.0259
2025-04-26 14:03:07,255 simple_logger.py log_once [line:28] INFO val_loss                      0.6481
2025-04-26 14:03:07,255 simple_logger.py log_once [line:28] INFO mean_val_loss                 0.6481
2025-04-26 14:03:07,255 simple_logger.py log_once [line:28] INFO std_val_loss                  0.0611
2025-04-26 14:03:07,255 fedbase.py run [line:323] INFO expense           3006597370.0
2025-04-26 14:03:07,255 fedbase.py run [line:324] INFO Eval Time Cost:               2.7523s
2025-04-26 14:03:07,255 asyncbase.py iterate [line:68] INFO Select clients [0, 1, 2, 3, 4, 5, 6, 7, 8, 9, 10, 11, 12, 13, 14, 15, 16, 17, 18, 19] at time 612.
2025-04-26 14:04:22,510 asyncbase.py iterate [line:73] INFO Receive new models from clients [5, 7, 12, 9, 14, 11, 8, 0, 13, 16, 4, 2, 6, 18, 17, 10, 15, 19, 3, 1] at time 613
2025-04-26 14:04:22,930 fedbase.py run [line:318] INFO --------------Round 250--------------
2025-04-26 14:04:22,931 simple_logger.py log_once [line:14] INFO Current_time:613
2025-04-26 14:04:25,700 simple_logger.py log_once [line:28] INFO test_accuracy                 0.7820
2025-04-26 14:04:25,700 simple_logger.py log_once [line:28] INFO test_loss                     0.6266
2025-04-26 14:04:25,700 simple_logger.py log_once [line:28] INFO val_accuracy                  0.7760
2025-04-26 14:04:25,700 simple_logger.py log_once [line:28] INFO mean_val_accuracy             0.7760
2025-04-26 14:04:25,700 simple_logger.py log_once [line:28] INFO std_val_accuracy              0.0267
2025-04-26 14:04:25,700 simple_logger.py log_once [line:28] INFO val_loss                      0.6403
2025-04-26 14:04:25,700 simple_logger.py log_once [line:28] INFO mean_val_loss                 0.6403
2025-04-26 14:04:25,700 simple_logger.py log_once [line:28] INFO std_val_loss                  0.0595
2025-04-26 14:04:25,700 fedbase.py run [line:323] INFO expense           3011028570.0
2025-04-26 14:04:25,700 fedbase.py run [line:324] INFO Eval Time Cost:               2.7691s
2025-04-26 14:04:25,700 asyncbase.py iterate [line:68] INFO Select clients [0, 1, 2, 3, 4, 5, 6, 7, 8, 9, 10, 11, 12, 13, 14, 15, 16, 17, 18, 19] at time 614.
2025-04-26 14:04:57,820 asyncbase.py iterate [line:73] INFO Receive new models from clients [17, 4, 6, 8, 5, 9, 0, 10, 1, 12, 14, 16, 13, 7, 19, 2, 3, 11, 15, 18] at time 615
2025-04-26 14:05:01,600 fedbase.py run [line:318] INFO --------------Round 251--------------
2025-04-26 14:05:01,601 simple_logger.py log_once [line:14] INFO Current_time:615
2025-04-26 14:05:04,344 simple_logger.py log_once [line:28] INFO test_accuracy                 0.7869
2025-04-26 14:05:04,344 simple_logger.py log_once [line:28] INFO test_loss                     0.6072
2025-04-26 14:05:04,344 simple_logger.py log_once [line:28] INFO val_accuracy                  0.7788
2025-04-26 14:05:04,345 simple_logger.py log_once [line:28] INFO mean_val_accuracy             0.7788
2025-04-26 14:05:04,345 simple_logger.py log_once [line:28] INFO std_val_accuracy              0.0287
2025-04-26 14:05:04,345 simple_logger.py log_once [line:28] INFO val_loss                      0.6192
2025-04-26 14:05:04,345 simple_logger.py log_once [line:28] INFO mean_val_loss                 0.6192
2025-04-26 14:05:04,345 simple_logger.py log_once [line:28] INFO std_val_loss                  0.0605
2025-04-26 14:05:04,345 fedbase.py run [line:323] INFO expense           3066898380.0
2025-04-26 14:05:04,345 fedbase.py run [line:324] INFO Eval Time Cost:               2.7443s
2025-04-26 14:05:04,345 asyncbase.py iterate [line:68] INFO Select clients [0, 1, 2, 3, 4, 5, 6, 7, 8, 9, 10, 11, 12, 13, 14, 15, 16, 17, 18, 19] at time 616.
2025-04-26 14:06:17,454 asyncbase.py iterate [line:73] INFO Receive new models from clients [2, 6, 0, 3, 15, 13, 1, 10, 14, 4, 17, 7, 9, 18, 11, 16, 12, 5] at time 619
2025-04-26 14:06:17,454 asyncbase.py iterate [line:73] INFO Receive new models from clients [8, 19] at time 620
2025-04-26 14:06:17,880 fedbase.py run [line:318] INFO --------------Round 252--------------
2025-04-26 14:06:17,880 simple_logger.py log_once [line:14] INFO Current_time:620
2025-04-26 14:06:20,638 simple_logger.py log_once [line:28] INFO test_accuracy                 0.7830
2025-04-26 14:06:20,638 simple_logger.py log_once [line:28] INFO test_loss                     0.6169
2025-04-26 14:06:20,638 simple_logger.py log_once [line:28] INFO val_accuracy                  0.7792
2025-04-26 14:06:20,639 simple_logger.py log_once [line:28] INFO mean_val_accuracy             0.7792
2025-04-26 14:06:20,639 simple_logger.py log_once [line:28] INFO std_val_accuracy              0.0265
2025-04-26 14:06:20,639 simple_logger.py log_once [line:28] INFO val_loss                      0.6284
2025-04-26 14:06:20,639 simple_logger.py log_once [line:28] INFO mean_val_loss                 0.6284
2025-04-26 14:06:20,639 simple_logger.py log_once [line:28] INFO std_val_loss                  0.0631
2025-04-26 14:06:20,639 fedbase.py run [line:323] INFO expense           3071329580.0
2025-04-26 14:06:20,639 fedbase.py run [line:324] INFO Eval Time Cost:               2.7587s
2025-04-26 14:06:20,639 asyncbase.py iterate [line:68] INFO Select clients [0, 1, 2, 3, 4, 5, 6, 7, 8, 9, 10, 11, 12, 13, 14, 15, 16, 17, 18, 19] at time 621.
2025-04-26 14:07:35,899 asyncbase.py iterate [line:73] INFO Receive new models from clients [13, 15, 14, 18, 1, 10, 7, 8, 3, 6, 17, 16, 4, 2, 12, 5, 0, 11, 9, 19] at time 622
2025-04-26 14:07:36,323 fedbase.py run [line:318] INFO --------------Round 253--------------
2025-04-26 14:07:36,324 simple_logger.py log_once [line:14] INFO Current_time:622
2025-04-26 14:07:39,089 simple_logger.py log_once [line:28] INFO test_accuracy                 0.7870
2025-04-26 14:07:39,089 simple_logger.py log_once [line:28] INFO test_loss                     0.6093
2025-04-26 14:07:39,089 simple_logger.py log_once [line:28] INFO val_accuracy                  0.7796
2025-04-26 14:07:39,089 simple_logger.py log_once [line:28] INFO mean_val_accuracy             0.7796
2025-04-26 14:07:39,089 simple_logger.py log_once [line:28] INFO std_val_accuracy              0.0264
2025-04-26 14:07:39,089 simple_logger.py log_once [line:28] INFO val_loss                      0.6217
2025-04-26 14:07:39,089 simple_logger.py log_once [line:28] INFO mean_val_loss                 0.6217
2025-04-26 14:07:39,090 simple_logger.py log_once [line:28] INFO std_val_loss                  0.0606
2025-04-26 14:07:39,090 fedbase.py run [line:323] INFO expense           3075760780.0
2025-04-26 14:07:39,090 fedbase.py run [line:324] INFO Eval Time Cost:               2.7659s
2025-04-26 14:07:39,090 asyncbase.py iterate [line:68] INFO Select clients [0, 1, 2, 3, 4, 5, 6, 7, 8, 9, 10, 11, 12, 13, 14, 15, 16, 17, 18, 19] at time 623.
2025-04-26 14:08:50,405 asyncbase.py iterate [line:73] INFO Receive new models from clients [1, 2, 4, 14, 15, 17, 12, 10, 5, 8, 13, 3, 18, 7, 19, 6, 11, 9, 0, 16] at time 624
2025-04-26 14:08:50,852 fedbase.py run [line:318] INFO --------------Round 254--------------
2025-04-26 14:08:50,852 simple_logger.py log_once [line:14] INFO Current_time:624
2025-04-26 14:08:53,600 simple_logger.py log_once [line:28] INFO test_accuracy                 0.7840
2025-04-26 14:08:53,600 simple_logger.py log_once [line:28] INFO test_loss                     0.6138
2025-04-26 14:08:53,600 simple_logger.py log_once [line:28] INFO val_accuracy                  0.7806
2025-04-26 14:08:53,600 simple_logger.py log_once [line:28] INFO mean_val_accuracy             0.7806
2025-04-26 14:08:53,600 simple_logger.py log_once [line:28] INFO std_val_accuracy              0.0292
2025-04-26 14:08:53,600 simple_logger.py log_once [line:28] INFO val_loss                      0.6247
2025-04-26 14:08:53,600 simple_logger.py log_once [line:28] INFO mean_val_loss                 0.6247
2025-04-26 14:08:53,600 simple_logger.py log_once [line:28] INFO std_val_loss                  0.0611
2025-04-26 14:08:53,601 fedbase.py run [line:323] INFO expense           3080191980.0
2025-04-26 14:08:53,601 fedbase.py run [line:324] INFO Eval Time Cost:               2.7483s
2025-04-26 14:08:53,601 asyncbase.py iterate [line:68] INFO Select clients [0, 1, 2, 3, 4, 5, 6, 7, 8, 9, 10, 11, 12, 13, 14, 15, 16, 17, 18, 19] at time 625.
2025-04-26 14:10:06,209 asyncbase.py iterate [line:73] INFO Receive new models from clients [3, 10, 6, 12, 17, 15, 0, 8, 4, 18, 1, 19, 13, 5, 7, 2, 14, 16, 11, 9] at time 626
2025-04-26 14:10:06,630 fedbase.py run [line:318] INFO --------------Round 255--------------
2025-04-26 14:10:06,631 simple_logger.py log_once [line:14] INFO Current_time:626
2025-04-26 14:10:09,373 simple_logger.py log_once [line:28] INFO test_accuracy                 0.7818
2025-04-26 14:10:09,373 simple_logger.py log_once [line:28] INFO test_loss                     0.6204
2025-04-26 14:10:09,373 simple_logger.py log_once [line:28] INFO val_accuracy                  0.7766
2025-04-26 14:10:09,373 simple_logger.py log_once [line:28] INFO mean_val_accuracy             0.7766
2025-04-26 14:10:09,373 simple_logger.py log_once [line:28] INFO std_val_accuracy              0.0281
2025-04-26 14:10:09,373 simple_logger.py log_once [line:28] INFO val_loss                      0.6345
2025-04-26 14:10:09,373 simple_logger.py log_once [line:28] INFO mean_val_loss                 0.6345
2025-04-26 14:10:09,373 simple_logger.py log_once [line:28] INFO std_val_loss                  0.0657
2025-04-26 14:10:09,373 fedbase.py run [line:323] INFO expense           3084623180.0
2025-04-26 14:10:09,373 fedbase.py run [line:324] INFO Eval Time Cost:               2.7426s
2025-04-26 14:10:09,374 asyncbase.py iterate [line:68] INFO Select clients [0, 1, 2, 3, 4, 5, 6, 7, 8, 9, 10, 11, 12, 13, 14, 15, 16, 17, 18, 19] at time 627.
2025-04-26 14:11:25,600 asyncbase.py iterate [line:73] INFO Receive new models from clients [12, 4, 6, 8, 0, 5, 1, 14, 15, 3, 17, 2, 11, 18, 10, 7, 9, 19, 13, 16] at time 628
2025-04-26 14:11:26,026 fedbase.py run [line:318] INFO --------------Round 256--------------
2025-04-26 14:11:26,027 simple_logger.py log_once [line:14] INFO Current_time:628
2025-04-26 14:11:28,753 simple_logger.py log_once [line:28] INFO test_accuracy                 0.7838
2025-04-26 14:11:28,753 simple_logger.py log_once [line:28] INFO test_loss                     0.6109
2025-04-26 14:11:28,753 simple_logger.py log_once [line:28] INFO val_accuracy                  0.7824
2025-04-26 14:11:28,754 simple_logger.py log_once [line:28] INFO mean_val_accuracy             0.7824
2025-04-26 14:11:28,754 simple_logger.py log_once [line:28] INFO std_val_accuracy              0.0290
2025-04-26 14:11:28,754 simple_logger.py log_once [line:28] INFO val_loss                      0.6221
2025-04-26 14:11:28,754 simple_logger.py log_once [line:28] INFO mean_val_loss                 0.6221
2025-04-26 14:11:28,754 simple_logger.py log_once [line:28] INFO std_val_loss                  0.0608
2025-04-26 14:11:28,754 fedbase.py run [line:323] INFO expense           3089054380.0
2025-04-26 14:11:28,754 fedbase.py run [line:324] INFO Eval Time Cost:               2.7268s
2025-04-26 14:11:28,754 asyncbase.py iterate [line:68] INFO Select clients [0, 1, 2, 3, 4, 5, 6, 7, 8, 9, 10, 11, 12, 13, 14, 15, 16, 17, 18, 19] at time 629.
2025-04-26 14:12:41,817 asyncbase.py iterate [line:73] INFO Receive new models from clients [4, 15, 1, 13, 7, 5, 0, 14, 6, 12, 10, 3, 8, 16, 2, 17, 19, 11, 18, 9] at time 630
2025-04-26 14:12:42,252 fedbase.py run [line:318] INFO --------------Round 257--------------
2025-04-26 14:12:42,253 simple_logger.py log_once [line:14] INFO Current_time:630
2025-04-26 14:12:44,982 simple_logger.py log_once [line:28] INFO test_accuracy                 0.7830
2025-04-26 14:12:44,982 simple_logger.py log_once [line:28] INFO test_loss                     0.6205
2025-04-26 14:12:44,982 simple_logger.py log_once [line:28] INFO val_accuracy                  0.7782
2025-04-26 14:12:44,982 simple_logger.py log_once [line:28] INFO mean_val_accuracy             0.7782
2025-04-26 14:12:44,982 simple_logger.py log_once [line:28] INFO std_val_accuracy              0.0257
2025-04-26 14:12:44,982 simple_logger.py log_once [line:28] INFO val_loss                      0.6325
2025-04-26 14:12:44,982 simple_logger.py log_once [line:28] INFO mean_val_loss                 0.6325
2025-04-26 14:12:44,982 simple_logger.py log_once [line:28] INFO std_val_loss                  0.0621
2025-04-26 14:12:44,982 fedbase.py run [line:323] INFO expense           3093485580.0
2025-04-26 14:12:44,982 fedbase.py run [line:324] INFO Eval Time Cost:               2.7293s
2025-04-26 14:12:44,983 asyncbase.py iterate [line:68] INFO Select clients [0, 1, 2, 3, 4, 5, 6, 7, 8, 9, 10, 11, 12, 13, 14, 15, 16, 17, 18, 19] at time 631.
2025-04-26 14:13:57,999 asyncbase.py iterate [line:73] INFO Receive new models from clients [8, 6, 16, 13, 3, 9, 4, 1, 12, 7, 10, 0, 15, 2, 17, 18, 14, 11, 19, 5] at time 632
2025-04-26 14:13:58,457 fedbase.py run [line:318] INFO --------------Round 258--------------
2025-04-26 14:13:58,458 simple_logger.py log_once [line:14] INFO Current_time:632
2025-04-26 14:14:01,299 simple_logger.py log_once [line:28] INFO test_accuracy                 0.7857
2025-04-26 14:14:01,300 simple_logger.py log_once [line:28] INFO test_loss                     0.6040
2025-04-26 14:14:01,300 simple_logger.py log_once [line:28] INFO val_accuracy                  0.7834
2025-04-26 14:14:01,300 simple_logger.py log_once [line:28] INFO mean_val_accuracy             0.7834
2025-04-26 14:14:01,300 simple_logger.py log_once [line:28] INFO std_val_accuracy              0.0267
2025-04-26 14:14:01,300 simple_logger.py log_once [line:28] INFO val_loss                      0.6175
2025-04-26 14:14:01,300 simple_logger.py log_once [line:28] INFO mean_val_loss                 0.6175
2025-04-26 14:14:01,300 simple_logger.py log_once [line:28] INFO std_val_loss                  0.0596
2025-04-26 14:14:01,300 fedbase.py run [line:323] INFO expense           3097916780.0
2025-04-26 14:14:01,300 fedbase.py run [line:324] INFO Eval Time Cost:               2.8424s
2025-04-26 14:14:01,300 asyncbase.py iterate [line:68] INFO Select clients [0, 1, 2, 3, 4, 5, 6, 7, 8, 9, 10, 11, 12, 13, 14, 15, 16, 17, 18, 19] at time 633.
2025-04-26 14:15:22,429 asyncbase.py iterate [line:73] INFO Receive new models from clients [7, 0, 8, 1, 2, 15, 19, 18, 14, 9, 17, 11, 12, 13, 16, 3, 4, 6, 10, 5] at time 634
2025-04-26 14:15:23,017 fedbase.py run [line:318] INFO --------------Round 259--------------
2025-04-26 14:15:23,018 simple_logger.py log_once [line:14] INFO Current_time:634
2025-04-26 14:15:25,967 simple_logger.py log_once [line:28] INFO test_accuracy                 0.7811
2025-04-26 14:15:25,967 simple_logger.py log_once [line:28] INFO test_loss                     0.6217
2025-04-26 14:15:25,967 simple_logger.py log_once [line:28] INFO val_accuracy                  0.7756
2025-04-26 14:15:25,967 simple_logger.py log_once [line:28] INFO mean_val_accuracy             0.7756
2025-04-26 14:15:25,967 simple_logger.py log_once [line:28] INFO std_val_accuracy              0.0272
2025-04-26 14:15:25,967 simple_logger.py log_once [line:28] INFO val_loss                      0.6352
2025-04-26 14:15:25,967 simple_logger.py log_once [line:28] INFO mean_val_loss                 0.6352
2025-04-26 14:15:25,967 simple_logger.py log_once [line:28] INFO std_val_loss                  0.0610
2025-04-26 14:15:25,967 fedbase.py run [line:323] INFO expense           3102347980.0
2025-04-26 14:15:25,968 fedbase.py run [line:324] INFO Eval Time Cost:               2.9495s
2025-04-26 14:15:25,968 asyncbase.py iterate [line:68] INFO Select clients [0, 1, 2, 3, 4, 5, 6, 7, 8, 9, 10, 11, 12, 13, 14, 15, 16, 17, 18, 19] at time 635.
2025-04-26 14:16:45,733 asyncbase.py iterate [line:73] INFO Receive new models from clients [12, 11, 10, 0, 6, 14, 13, 19, 4, 16, 15, 8, 1, 17, 18, 2, 5, 7, 3, 9] at time 636
2025-04-26 14:16:46,207 fedbase.py run [line:318] INFO --------------Round 260--------------
2025-04-26 14:16:46,207 simple_logger.py log_once [line:14] INFO Current_time:636
2025-04-26 14:16:49,163 simple_logger.py log_once [line:28] INFO test_accuracy                 0.7832
2025-04-26 14:16:49,164 simple_logger.py log_once [line:28] INFO test_loss                     0.6171
2025-04-26 14:16:49,164 simple_logger.py log_once [line:28] INFO val_accuracy                  0.7776
2025-04-26 14:16:49,164 simple_logger.py log_once [line:28] INFO mean_val_accuracy             0.7776
2025-04-26 14:16:49,164 simple_logger.py log_once [line:28] INFO std_val_accuracy              0.0238
2025-04-26 14:16:49,164 simple_logger.py log_once [line:28] INFO val_loss                      0.6315
2025-04-26 14:16:49,164 simple_logger.py log_once [line:28] INFO mean_val_loss                 0.6315
2025-04-26 14:16:49,164 simple_logger.py log_once [line:28] INFO std_val_loss                  0.0590
2025-04-26 14:16:49,164 fedbase.py run [line:323] INFO expense           3106779180.0
2025-04-26 14:16:49,164 fedbase.py run [line:324] INFO Eval Time Cost:               2.9567s
2025-04-26 14:16:49,164 asyncbase.py iterate [line:68] INFO Select clients [0, 1, 2, 3, 4, 5, 6, 7, 8, 9, 10, 11, 12, 13, 14, 15, 16, 17, 18, 19] at time 637.
2025-04-26 14:18:08,884 asyncbase.py iterate [line:73] INFO Receive new models from clients [9, 12, 16, 2, 15, 18, 4, 14, 13, 10, 7, 17, 8, 3, 0, 11, 1, 6, 5, 19] at time 638
2025-04-26 14:18:09,324 fedbase.py run [line:318] INFO --------------Round 261--------------
2025-04-26 14:18:09,325 simple_logger.py log_once [line:14] INFO Current_time:638
2025-04-26 14:18:12,222 simple_logger.py log_once [line:28] INFO test_accuracy                 0.7831
2025-04-26 14:18:12,222 simple_logger.py log_once [line:28] INFO test_loss                     0.6146
2025-04-26 14:18:12,222 simple_logger.py log_once [line:28] INFO val_accuracy                  0.7800
2025-04-26 14:18:12,222 simple_logger.py log_once [line:28] INFO mean_val_accuracy             0.7800
2025-04-26 14:18:12,222 simple_logger.py log_once [line:28] INFO std_val_accuracy              0.0245
2025-04-26 14:18:12,222 simple_logger.py log_once [line:28] INFO val_loss                      0.6258
2025-04-26 14:18:12,222 simple_logger.py log_once [line:28] INFO mean_val_loss                 0.6258
2025-04-26 14:18:12,222 simple_logger.py log_once [line:28] INFO std_val_loss                  0.0603
2025-04-26 14:18:12,222 fedbase.py run [line:323] INFO expense           3111210380.0
2025-04-26 14:18:12,222 fedbase.py run [line:324] INFO Eval Time Cost:               2.8973s
2025-04-26 14:18:12,223 asyncbase.py iterate [line:68] INFO Select clients [0, 1, 2, 3, 4, 5, 6, 7, 8, 9, 10, 11, 12, 13, 14, 15, 16, 17, 18, 19] at time 639.
2025-04-26 14:19:27,823 asyncbase.py iterate [line:73] INFO Receive new models from clients [12, 2, 10, 16, 5, 11, 9, 15, 0, 14, 4, 6, 1, 3, 8, 7, 19, 13, 17, 18] at time 640
2025-04-26 14:19:28,279 fedbase.py run [line:318] INFO --------------Round 262--------------
2025-04-26 14:19:28,280 simple_logger.py log_once [line:14] INFO Current_time:640
2025-04-26 14:19:31,136 simple_logger.py log_once [line:28] INFO test_accuracy                 0.7840
2025-04-26 14:19:31,136 simple_logger.py log_once [line:28] INFO test_loss                     0.6077
2025-04-26 14:19:31,137 simple_logger.py log_once [line:28] INFO val_accuracy                  0.7818
2025-04-26 14:19:31,137 simple_logger.py log_once [line:28] INFO mean_val_accuracy             0.7818
2025-04-26 14:19:31,137 simple_logger.py log_once [line:28] INFO std_val_accuracy              0.0266
2025-04-26 14:19:31,137 simple_logger.py log_once [line:28] INFO val_loss                      0.6226
2025-04-26 14:19:31,137 simple_logger.py log_once [line:28] INFO mean_val_loss                 0.6226
2025-04-26 14:19:31,137 simple_logger.py log_once [line:28] INFO std_val_loss                  0.0601
2025-04-26 14:19:31,137 fedbase.py run [line:323] INFO expense           3115641580.0
2025-04-26 14:19:31,137 fedbase.py run [line:324] INFO Eval Time Cost:               2.8570s
2025-04-26 14:19:31,137 asyncbase.py iterate [line:68] INFO Select clients [0, 1, 2, 3, 4, 5, 6, 7, 8, 9, 10, 11, 12, 13, 14, 15, 16, 17, 18, 19] at time 641.
2025-04-26 14:20:48,454 asyncbase.py iterate [line:73] INFO Receive new models from clients [1, 4, 6, 15, 11, 13, 18, 7, 16, 3, 12, 0, 14, 19, 10, 5, 8, 9, 17, 2] at time 642
2025-04-26 14:20:48,903 fedbase.py run [line:318] INFO --------------Round 263--------------
2025-04-26 14:20:48,904 simple_logger.py log_once [line:14] INFO Current_time:642
2025-04-26 14:20:51,798 simple_logger.py log_once [line:28] INFO test_accuracy                 0.7868
2025-04-26 14:20:51,798 simple_logger.py log_once [line:28] INFO test_loss                     0.6072
2025-04-26 14:20:51,798 simple_logger.py log_once [line:28] INFO val_accuracy                  0.7806
2025-04-26 14:20:51,798 simple_logger.py log_once [line:28] INFO mean_val_accuracy             0.7806
2025-04-26 14:20:51,798 simple_logger.py log_once [line:28] INFO std_val_accuracy              0.0268
2025-04-26 14:20:51,799 simple_logger.py log_once [line:28] INFO val_loss                      0.6209
2025-04-26 14:20:51,799 simple_logger.py log_once [line:28] INFO mean_val_loss                 0.6209
2025-04-26 14:20:51,799 simple_logger.py log_once [line:28] INFO std_val_loss                  0.0594
2025-04-26 14:20:51,799 fedbase.py run [line:323] INFO expense           3120072780.0
2025-04-26 14:20:51,799 fedbase.py run [line:324] INFO Eval Time Cost:               2.8953s
2025-04-26 14:20:51,799 asyncbase.py iterate [line:68] INFO Select clients [0, 1, 2, 3, 4, 5, 6, 7, 8, 9, 10, 11, 12, 13, 14, 15, 16, 17, 18, 19] at time 643.
2025-04-26 14:22:08,201 asyncbase.py iterate [line:73] INFO Receive new models from clients [1, 6, 17, 13, 12, 14, 0, 16, 15, 7, 11, 2, 19, 9, 10, 18, 8, 5, 3, 4] at time 644
2025-04-26 14:22:08,762 fedbase.py run [line:318] INFO --------------Round 264--------------
2025-04-26 14:22:08,762 simple_logger.py log_once [line:14] INFO Current_time:644
2025-04-26 14:22:11,633 simple_logger.py log_once [line:28] INFO test_accuracy                 0.7856
2025-04-26 14:22:11,633 simple_logger.py log_once [line:28] INFO test_loss                     0.6118
2025-04-26 14:22:11,634 simple_logger.py log_once [line:28] INFO val_accuracy                  0.7788
2025-04-26 14:22:11,634 simple_logger.py log_once [line:28] INFO mean_val_accuracy             0.7788
2025-04-26 14:22:11,634 simple_logger.py log_once [line:28] INFO std_val_accuracy              0.0290
2025-04-26 14:22:11,634 simple_logger.py log_once [line:28] INFO val_loss                      0.6244
2025-04-26 14:22:11,634 simple_logger.py log_once [line:28] INFO mean_val_loss                 0.6244
2025-04-26 14:22:11,634 simple_logger.py log_once [line:28] INFO std_val_loss                  0.0625
2025-04-26 14:22:11,634 fedbase.py run [line:323] INFO expense           3124503980.0
2025-04-26 14:22:11,634 fedbase.py run [line:324] INFO Eval Time Cost:               2.8717s
2025-04-26 14:22:11,634 asyncbase.py iterate [line:68] INFO Select clients [0, 1, 2, 3, 4, 5, 6, 7, 8, 9, 10, 11, 12, 13, 14, 15, 16, 17, 18, 19] at time 645.
2025-04-26 14:23:33,542 asyncbase.py iterate [line:73] INFO Receive new models from clients [14, 17, 7, 8, 5, 16, 15, 12, 10, 4, 6, 1, 19, 18, 13, 3, 0, 11, 2, 9] at time 646
2025-04-26 14:23:33,995 fedbase.py run [line:318] INFO --------------Round 265--------------
2025-04-26 14:23:33,996 simple_logger.py log_once [line:14] INFO Current_time:646
2025-04-26 14:23:36,870 simple_logger.py log_once [line:28] INFO test_accuracy                 0.7833
2025-04-26 14:23:36,870 simple_logger.py log_once [line:28] INFO test_loss                     0.6178
2025-04-26 14:23:36,870 simple_logger.py log_once [line:28] INFO val_accuracy                  0.7782
2025-04-26 14:23:36,870 simple_logger.py log_once [line:28] INFO mean_val_accuracy             0.7782
2025-04-26 14:23:36,870 simple_logger.py log_once [line:28] INFO std_val_accuracy              0.0255
2025-04-26 14:23:36,870 simple_logger.py log_once [line:28] INFO val_loss                      0.6287
2025-04-26 14:23:36,870 simple_logger.py log_once [line:28] INFO mean_val_loss                 0.6287
2025-04-26 14:23:36,871 simple_logger.py log_once [line:28] INFO std_val_loss                  0.0607
2025-04-26 14:23:36,871 fedbase.py run [line:323] INFO expense           3128935180.0
2025-04-26 14:23:36,871 fedbase.py run [line:324] INFO Eval Time Cost:               2.8747s
2025-04-26 14:23:36,871 asyncbase.py iterate [line:68] INFO Select clients [0, 1, 2, 3, 4, 5, 6, 7, 8, 9, 10, 11, 12, 13, 14, 15, 16, 17, 18, 19] at time 647.
2025-04-26 14:24:58,008 asyncbase.py iterate [line:73] INFO Receive new models from clients [9, 4, 8, 2, 17, 5, 11, 15, 16, 12, 7, 6, 19, 10, 18, 1, 13, 3, 0, 14] at time 648
2025-04-26 14:24:58,458 fedbase.py run [line:318] INFO --------------Round 266--------------
2025-04-26 14:24:58,459 simple_logger.py log_once [line:14] INFO Current_time:648
2025-04-26 14:25:01,318 simple_logger.py log_once [line:28] INFO test_accuracy                 0.7862
2025-04-26 14:25:01,318 simple_logger.py log_once [line:28] INFO test_loss                     0.6081
2025-04-26 14:25:01,318 simple_logger.py log_once [line:28] INFO val_accuracy                  0.7822
2025-04-26 14:25:01,318 simple_logger.py log_once [line:28] INFO mean_val_accuracy             0.7822
2025-04-26 14:25:01,318 simple_logger.py log_once [line:28] INFO std_val_accuracy              0.0256
2025-04-26 14:25:01,318 simple_logger.py log_once [line:28] INFO val_loss                      0.6226
2025-04-26 14:25:01,318 simple_logger.py log_once [line:28] INFO mean_val_loss                 0.6226
2025-04-26 14:25:01,319 simple_logger.py log_once [line:28] INFO std_val_loss                  0.0601
2025-04-26 14:25:01,319 fedbase.py run [line:323] INFO expense           3133366380.0
2025-04-26 14:25:01,319 fedbase.py run [line:324] INFO Eval Time Cost:               2.8597s
2025-04-26 14:25:01,319 asyncbase.py iterate [line:68] INFO Select clients [0, 1, 2, 3, 4, 5, 6, 7, 8, 9, 10, 11, 12, 13, 14, 15, 16, 17, 18, 19] at time 649.
2025-04-26 14:26:22,969 asyncbase.py iterate [line:73] INFO Receive new models from clients [6, 3, 13, 11, 17, 5, 10, 8, 19, 16, 0, 7, 12, 4, 2, 14, 9, 15, 18, 1] at time 650
2025-04-26 14:26:23,610 fedbase.py run [line:318] INFO --------------Round 267--------------
2025-04-26 14:26:23,611 simple_logger.py log_once [line:14] INFO Current_time:650
2025-04-26 14:26:26,571 simple_logger.py log_once [line:28] INFO test_accuracy                 0.7834
2025-04-26 14:26:26,571 simple_logger.py log_once [line:28] INFO test_loss                     0.6154
2025-04-26 14:26:26,571 simple_logger.py log_once [line:28] INFO val_accuracy                  0.7832
2025-04-26 14:26:26,571 simple_logger.py log_once [line:28] INFO mean_val_accuracy             0.7832
2025-04-26 14:26:26,571 simple_logger.py log_once [line:28] INFO std_val_accuracy              0.0258
2025-04-26 14:26:26,571 simple_logger.py log_once [line:28] INFO val_loss                      0.6262
2025-04-26 14:26:26,571 simple_logger.py log_once [line:28] INFO mean_val_loss                 0.6262
2025-04-26 14:26:26,571 simple_logger.py log_once [line:28] INFO std_val_loss                  0.0615
2025-04-26 14:26:26,571 fedbase.py run [line:323] INFO expense           3137797580.0
2025-04-26 14:26:26,571 fedbase.py run [line:324] INFO Eval Time Cost:               2.9603s
2025-04-26 14:26:26,571 asyncbase.py iterate [line:68] INFO Select clients [0, 1, 2, 3, 4, 5, 6, 7, 8, 9, 10, 11, 12, 13, 14, 15, 16, 17, 18, 19] at time 651.
2025-04-26 14:27:47,288 asyncbase.py iterate [line:73] INFO Receive new models from clients [19, 9, 2, 16, 14, 17, 18, 10, 13, 0, 4, 5, 15, 3, 8, 12, 7, 11, 1, 6] at time 652
2025-04-26 14:27:47,735 fedbase.py run [line:318] INFO --------------Round 268--------------
2025-04-26 14:27:47,736 simple_logger.py log_once [line:14] INFO Current_time:652
2025-04-26 14:27:50,602 simple_logger.py log_once [line:28] INFO test_accuracy                 0.7845
2025-04-26 14:27:50,603 simple_logger.py log_once [line:28] INFO test_loss                     0.6096
2025-04-26 14:27:50,603 simple_logger.py log_once [line:28] INFO val_accuracy                  0.7792
2025-04-26 14:27:50,603 simple_logger.py log_once [line:28] INFO mean_val_accuracy             0.7792
2025-04-26 14:27:50,603 simple_logger.py log_once [line:28] INFO std_val_accuracy              0.0267
2025-04-26 14:27:50,603 simple_logger.py log_once [line:28] INFO val_loss                      0.6221
2025-04-26 14:27:50,603 simple_logger.py log_once [line:28] INFO mean_val_loss                 0.6221
2025-04-26 14:27:50,603 simple_logger.py log_once [line:28] INFO std_val_loss                  0.0598
2025-04-26 14:27:50,603 fedbase.py run [line:323] INFO expense           3142228780.0
2025-04-26 14:27:50,603 fedbase.py run [line:324] INFO Eval Time Cost:               2.8670s
2025-04-26 14:27:50,603 asyncbase.py iterate [line:68] INFO Select clients [0, 1, 2, 3, 4, 5, 6, 7, 8, 9, 10, 11, 12, 13, 14, 15, 16, 17, 18, 19] at time 653.
2025-04-26 14:29:08,383 asyncbase.py iterate [line:73] INFO Receive new models from clients [12, 19, 13, 6, 11, 4, 17, 2, 5, 18, 16, 14, 10, 9, 3, 8, 0, 7, 1, 15] at time 654
2025-04-26 14:29:09,009 fedbase.py run [line:318] INFO --------------Round 269--------------
2025-04-26 14:29:09,010 simple_logger.py log_once [line:14] INFO Current_time:654
2025-04-26 14:29:11,960 simple_logger.py log_once [line:28] INFO test_accuracy                 0.7849
2025-04-26 14:29:11,960 simple_logger.py log_once [line:28] INFO test_loss                     0.6172
2025-04-26 14:29:11,960 simple_logger.py log_once [line:28] INFO val_accuracy                  0.7776
2025-04-26 14:29:11,960 simple_logger.py log_once [line:28] INFO mean_val_accuracy             0.7776
2025-04-26 14:29:11,960 simple_logger.py log_once [line:28] INFO std_val_accuracy              0.0254
2025-04-26 14:29:11,960 simple_logger.py log_once [line:28] INFO val_loss                      0.6286
2025-04-26 14:29:11,961 simple_logger.py log_once [line:28] INFO mean_val_loss                 0.6286
2025-04-26 14:29:11,961 simple_logger.py log_once [line:28] INFO std_val_loss                  0.0598
2025-04-26 14:29:11,961 fedbase.py run [line:323] INFO expense           3146659980.0
2025-04-26 14:29:11,961 fedbase.py run [line:324] INFO Eval Time Cost:               2.9508s
2025-04-26 14:29:11,961 asyncbase.py iterate [line:68] INFO Select clients [0, 1, 2, 3, 4, 5, 6, 7, 8, 9, 10, 11, 12, 13, 14, 15, 16, 17, 18, 19] at time 655.
2025-04-26 14:30:30,408 asyncbase.py iterate [line:73] INFO Receive new models from clients [4, 0, 16, 18, 1, 9, 7, 10, 8, 5, 14, 6, 12, 2, 13, 3, 11, 15, 17, 19] at time 656
2025-04-26 14:30:30,850 fedbase.py run [line:318] INFO --------------Round 270--------------
2025-04-26 14:30:30,851 simple_logger.py log_once [line:14] INFO Current_time:656
2025-04-26 14:30:33,714 simple_logger.py log_once [line:28] INFO test_accuracy                 0.7863
2025-04-26 14:30:33,715 simple_logger.py log_once [line:28] INFO test_loss                     0.6072
2025-04-26 14:30:33,715 simple_logger.py log_once [line:28] INFO val_accuracy                  0.7836
2025-04-26 14:30:33,715 simple_logger.py log_once [line:28] INFO mean_val_accuracy             0.7836
2025-04-26 14:30:33,715 simple_logger.py log_once [line:28] INFO std_val_accuracy              0.0277
2025-04-26 14:30:33,715 simple_logger.py log_once [line:28] INFO val_loss                      0.6201
2025-04-26 14:30:33,715 simple_logger.py log_once [line:28] INFO mean_val_loss                 0.6201
2025-04-26 14:30:33,715 simple_logger.py log_once [line:28] INFO std_val_loss                  0.0617
2025-04-26 14:30:33,715 fedbase.py run [line:323] INFO expense           3151091180.0
2025-04-26 14:30:33,715 fedbase.py run [line:324] INFO Eval Time Cost:               2.8639s
2025-04-26 14:30:33,715 asyncbase.py iterate [line:68] INFO Select clients [0, 1, 2, 3, 4, 5, 6, 7, 8, 9, 10, 11, 12, 13, 14, 15, 16, 17, 18, 19] at time 657.
2025-04-26 14:31:53,623 asyncbase.py iterate [line:73] INFO Receive new models from clients [2, 11, 14, 10, 17, 8, 3, 9, 19, 4, 13, 16, 0, 1, 6, 5, 7, 12, 15, 18] at time 658
2025-04-26 14:31:54,085 fedbase.py run [line:318] INFO --------------Round 271--------------
2025-04-26 14:31:54,086 simple_logger.py log_once [line:14] INFO Current_time:658
2025-04-26 14:31:56,968 simple_logger.py log_once [line:28] INFO test_accuracy                 0.7876
2025-04-26 14:31:56,968 simple_logger.py log_once [line:28] INFO test_loss                     0.6057
2025-04-26 14:31:56,968 simple_logger.py log_once [line:28] INFO val_accuracy                  0.7822
2025-04-26 14:31:56,968 simple_logger.py log_once [line:28] INFO mean_val_accuracy             0.7822
2025-04-26 14:31:56,968 simple_logger.py log_once [line:28] INFO std_val_accuracy              0.0273
2025-04-26 14:31:56,968 simple_logger.py log_once [line:28] INFO val_loss                      0.6189
2025-04-26 14:31:56,968 simple_logger.py log_once [line:28] INFO mean_val_loss                 0.6189
2025-04-26 14:31:56,968 simple_logger.py log_once [line:28] INFO std_val_loss                  0.0614
2025-04-26 14:31:56,968 fedbase.py run [line:323] INFO expense           3155522380.0
2025-04-26 14:31:56,968 fedbase.py run [line:324] INFO Eval Time Cost:               2.8827s
2025-04-26 14:31:56,968 asyncbase.py iterate [line:68] INFO Select clients [0, 1, 2, 3, 4, 5, 6, 7, 8, 9, 10, 11, 12, 13, 14, 15, 16, 17, 18, 19] at time 659.
2025-04-26 14:33:10,373 asyncbase.py iterate [line:73] INFO Receive new models from clients [7, 11, 0, 3, 6, 1, 16, 4, 17, 13, 10, 8, 19, 18, 2, 9, 14, 15, 12, 5] at time 660
2025-04-26 14:33:10,816 fedbase.py run [line:318] INFO --------------Round 272--------------
2025-04-26 14:33:10,817 simple_logger.py log_once [line:14] INFO Current_time:660
2025-04-26 14:33:13,638 simple_logger.py log_once [line:28] INFO test_accuracy                 0.7863
2025-04-26 14:33:13,638 simple_logger.py log_once [line:28] INFO test_loss                     0.6118
2025-04-26 14:33:13,638 simple_logger.py log_once [line:28] INFO val_accuracy                  0.7808
2025-04-26 14:33:13,638 simple_logger.py log_once [line:28] INFO mean_val_accuracy             0.7808
2025-04-26 14:33:13,638 simple_logger.py log_once [line:28] INFO std_val_accuracy              0.0307
2025-04-26 14:33:13,638 simple_logger.py log_once [line:28] INFO val_loss                      0.6237
2025-04-26 14:33:13,639 simple_logger.py log_once [line:28] INFO mean_val_loss                 0.6237
2025-04-26 14:33:13,639 simple_logger.py log_once [line:28] INFO std_val_loss                  0.0615
2025-04-26 14:33:13,639 fedbase.py run [line:323] INFO expense           3159953580.0
2025-04-26 14:33:13,639 fedbase.py run [line:324] INFO Eval Time Cost:               2.8219s
2025-04-26 14:33:13,639 asyncbase.py iterate [line:68] INFO Select clients [0, 1, 2, 3, 4, 5, 6, 7, 8, 9, 10, 11, 12, 13, 14, 15, 16, 17, 18, 19] at time 661.
2025-04-26 14:33:47,899 asyncbase.py iterate [line:73] INFO Receive new models from clients [6, 0, 11, 8, 4, 7, 17, 15, 3, 16, 13, 5, 12, 19, 2, 18, 1, 10, 14, 9] at time 662
2025-04-26 14:33:51,552 fedbase.py run [line:318] INFO --------------Round 273--------------
2025-04-26 14:33:51,553 simple_logger.py log_once [line:14] INFO Current_time:662
2025-04-26 14:33:54,428 simple_logger.py log_once [line:28] INFO test_accuracy                 0.7912
2025-04-26 14:33:54,428 simple_logger.py log_once [line:28] INFO test_loss                     0.5902
2025-04-26 14:33:54,428 simple_logger.py log_once [line:28] INFO val_accuracy                  0.7888
2025-04-26 14:33:54,428 simple_logger.py log_once [line:28] INFO mean_val_accuracy             0.7888
2025-04-26 14:33:54,428 simple_logger.py log_once [line:28] INFO std_val_accuracy              0.0270
2025-04-26 14:33:54,428 simple_logger.py log_once [line:28] INFO val_loss                      0.6030
2025-04-26 14:33:54,428 simple_logger.py log_once [line:28] INFO mean_val_loss                 0.6030
2025-04-26 14:33:54,428 simple_logger.py log_once [line:28] INFO std_val_loss                  0.0558
2025-04-26 14:33:54,428 fedbase.py run [line:323] INFO expense           3215823390.0
2025-04-26 14:33:54,428 fedbase.py run [line:324] INFO Eval Time Cost:               2.8754s
2025-04-26 14:33:54,429 asyncbase.py iterate [line:68] INFO Select clients [0, 1, 2, 3, 4, 5, 6, 7, 8, 9, 10, 11, 12, 13, 14, 15, 16, 17, 18, 19] at time 663.
2025-04-26 14:35:11,394 asyncbase.py iterate [line:73] INFO Receive new models from clients [3, 10, 13, 4, 19, 5, 17, 14, 1, 8, 15, 11, 0, 9] at time 666
2025-04-26 14:35:11,394 asyncbase.py iterate [line:73] INFO Receive new models from clients [7, 16, 18, 2, 12, 6] at time 667
2025-04-26 14:35:12,021 fedbase.py run [line:318] INFO --------------Round 274--------------
2025-04-26 14:35:12,022 simple_logger.py log_once [line:14] INFO Current_time:667
2025-04-26 14:35:15,447 simple_logger.py log_once [line:28] INFO test_accuracy                 0.7893
2025-04-26 14:35:15,447 simple_logger.py log_once [line:28] INFO test_loss                     0.6038
2025-04-26 14:35:15,447 simple_logger.py log_once [line:28] INFO val_accuracy                  0.7848
2025-04-26 14:35:15,447 simple_logger.py log_once [line:28] INFO mean_val_accuracy             0.7848
2025-04-26 14:35:15,447 simple_logger.py log_once [line:28] INFO std_val_accuracy              0.0284
2025-04-26 14:35:15,447 simple_logger.py log_once [line:28] INFO val_loss                      0.6147
2025-04-26 14:35:15,447 simple_logger.py log_once [line:28] INFO mean_val_loss                 0.6147
2025-04-26 14:35:15,448 simple_logger.py log_once [line:28] INFO std_val_loss                  0.0575
2025-04-26 14:35:15,448 fedbase.py run [line:323] INFO expense           3220254590.0
2025-04-26 14:35:15,448 fedbase.py run [line:324] INFO Eval Time Cost:               3.4256s
2025-04-26 14:35:15,448 asyncbase.py iterate [line:68] INFO Select clients [0, 1, 2, 3, 4, 5, 6, 7, 8, 9, 10, 11, 12, 13, 14, 15, 16, 17, 18, 19] at time 668.
2025-04-26 14:36:34,650 asyncbase.py iterate [line:73] INFO Receive new models from clients [12, 6, 8, 17, 11, 13, 0, 4, 19, 18, 7, 2, 3, 16, 10, 1, 5, 14, 9, 15] at time 669
2025-04-26 14:36:35,111 fedbase.py run [line:318] INFO --------------Round 275--------------
2025-04-26 14:36:35,112 simple_logger.py log_once [line:14] INFO Current_time:669
2025-04-26 14:36:37,976 simple_logger.py log_once [line:28] INFO test_accuracy                 0.7894
2025-04-26 14:36:37,976 simple_logger.py log_once [line:28] INFO test_loss                     0.5975
2025-04-26 14:36:37,976 simple_logger.py log_once [line:28] INFO val_accuracy                  0.7864
2025-04-26 14:36:37,976 simple_logger.py log_once [line:28] INFO mean_val_accuracy             0.7864
2025-04-26 14:36:37,976 simple_logger.py log_once [line:28] INFO std_val_accuracy              0.0259
2025-04-26 14:36:37,976 simple_logger.py log_once [line:28] INFO val_loss                      0.6096
2025-04-26 14:36:37,976 simple_logger.py log_once [line:28] INFO mean_val_loss                 0.6096
2025-04-26 14:36:37,976 simple_logger.py log_once [line:28] INFO std_val_loss                  0.0561
2025-04-26 14:36:37,976 fedbase.py run [line:323] INFO expense           3224685790.0
2025-04-26 14:36:37,976 fedbase.py run [line:324] INFO Eval Time Cost:               2.8647s
2025-04-26 14:36:37,976 asyncbase.py iterate [line:68] INFO Select clients [0, 1, 2, 3, 4, 5, 6, 7, 8, 9, 10, 11, 12, 13, 14, 15, 16, 17, 18, 19] at time 670.
2025-04-26 14:37:56,496 asyncbase.py iterate [line:73] INFO Receive new models from clients [12, 18, 19, 9, 4, 8, 7, 0, 5, 13, 14, 1, 17, 15, 16, 10, 6, 11, 2, 3] at time 671
2025-04-26 14:37:57,149 fedbase.py run [line:318] INFO --------------Round 276--------------
2025-04-26 14:37:57,150 simple_logger.py log_once [line:14] INFO Current_time:671
2025-04-26 14:38:00,652 simple_logger.py log_once [line:28] INFO test_accuracy                 0.7877
2025-04-26 14:38:00,652 simple_logger.py log_once [line:28] INFO test_loss                     0.6065
2025-04-26 14:38:00,652 simple_logger.py log_once [line:28] INFO val_accuracy                  0.7840
2025-04-26 14:38:00,652 simple_logger.py log_once [line:28] INFO mean_val_accuracy             0.7840
2025-04-26 14:38:00,652 simple_logger.py log_once [line:28] INFO std_val_accuracy              0.0264
2025-04-26 14:38:00,652 simple_logger.py log_once [line:28] INFO val_loss                      0.6201
2025-04-26 14:38:00,652 simple_logger.py log_once [line:28] INFO mean_val_loss                 0.6201
2025-04-26 14:38:00,652 simple_logger.py log_once [line:28] INFO std_val_loss                  0.0551
2025-04-26 14:38:00,652 fedbase.py run [line:323] INFO expense           3229116990.0
2025-04-26 14:38:00,652 fedbase.py run [line:324] INFO Eval Time Cost:               3.5030s
2025-04-26 14:38:00,653 asyncbase.py iterate [line:68] INFO Select clients [0, 1, 2, 3, 4, 5, 6, 7, 8, 9, 10, 11, 12, 13, 14, 15, 16, 17, 18, 19] at time 672.
2025-04-26 14:39:17,932 asyncbase.py iterate [line:73] INFO Receive new models from clients [18, 11, 6, 9, 8, 7, 0, 14, 19, 13, 16, 5, 4, 17, 10, 3, 2, 1, 15, 12] at time 673
2025-04-26 14:39:18,378 fedbase.py run [line:318] INFO --------------Round 277--------------
2025-04-26 14:39:18,378 simple_logger.py log_once [line:14] INFO Current_time:673
2025-04-26 14:39:21,232 simple_logger.py log_once [line:28] INFO test_accuracy                 0.7903
2025-04-26 14:39:21,232 simple_logger.py log_once [line:28] INFO test_loss                     0.5899
2025-04-26 14:39:21,232 simple_logger.py log_once [line:28] INFO val_accuracy                  0.7886
2025-04-26 14:39:21,233 simple_logger.py log_once [line:28] INFO mean_val_accuracy             0.7886
2025-04-26 14:39:21,233 simple_logger.py log_once [line:28] INFO std_val_accuracy              0.0288
2025-04-26 14:39:21,233 simple_logger.py log_once [line:28] INFO val_loss                      0.6059
2025-04-26 14:39:21,233 simple_logger.py log_once [line:28] INFO mean_val_loss                 0.6059
2025-04-26 14:39:21,233 simple_logger.py log_once [line:28] INFO std_val_loss                  0.0576
2025-04-26 14:39:21,233 fedbase.py run [line:323] INFO expense           3233548190.0
2025-04-26 14:39:21,233 fedbase.py run [line:324] INFO Eval Time Cost:               2.8547s
2025-04-26 14:39:21,233 asyncbase.py iterate [line:68] INFO Select clients [0, 1, 2, 3, 4, 5, 6, 7, 8, 9, 10, 11, 12, 13, 14, 15, 16, 17, 18, 19] at time 674.
2025-04-26 14:40:42,743 asyncbase.py iterate [line:73] INFO Receive new models from clients [9, 3, 15, 16, 4, 7, 2, 6, 5, 11, 13, 10, 18, 14, 17, 1, 12, 0, 8, 19] at time 675
2025-04-26 14:40:43,204 fedbase.py run [line:318] INFO --------------Round 278--------------
2025-04-26 14:40:43,205 simple_logger.py log_once [line:14] INFO Current_time:675
2025-04-26 14:40:46,047 simple_logger.py log_once [line:28] INFO test_accuracy                 0.7885
2025-04-26 14:40:46,047 simple_logger.py log_once [line:28] INFO test_loss                     0.5984
2025-04-26 14:40:46,047 simple_logger.py log_once [line:28] INFO val_accuracy                  0.7854
2025-04-26 14:40:46,047 simple_logger.py log_once [line:28] INFO mean_val_accuracy             0.7854
2025-04-26 14:40:46,047 simple_logger.py log_once [line:28] INFO std_val_accuracy              0.0286
2025-04-26 14:40:46,047 simple_logger.py log_once [line:28] INFO val_loss                      0.6118
2025-04-26 14:40:46,048 simple_logger.py log_once [line:28] INFO mean_val_loss                 0.6118
2025-04-26 14:40:46,048 simple_logger.py log_once [line:28] INFO std_val_loss                  0.0576
2025-04-26 14:40:46,048 fedbase.py run [line:323] INFO expense           3237979390.0
2025-04-26 14:40:46,048 fedbase.py run [line:324] INFO Eval Time Cost:               2.8427s
2025-04-26 14:40:46,048 asyncbase.py iterate [line:68] INFO Select clients [0, 1, 2, 3, 4, 5, 6, 7, 8, 9, 10, 11, 12, 13, 14, 15, 16, 17, 18, 19] at time 676.
2025-04-26 14:42:09,528 asyncbase.py iterate [line:73] INFO Receive new models from clients [16, 19, 8, 6, 17, 11, 14, 18, 9, 1, 12, 13, 7, 3, 0, 2, 4, 5, 10, 15] at time 677
2025-04-26 14:42:09,965 fedbase.py run [line:318] INFO --------------Round 279--------------
2025-04-26 14:42:09,966 simple_logger.py log_once [line:14] INFO Current_time:677
2025-04-26 14:42:12,806 simple_logger.py log_once [line:28] INFO test_accuracy                 0.7926
2025-04-26 14:42:12,806 simple_logger.py log_once [line:28] INFO test_loss                     0.5973
2025-04-26 14:42:12,806 simple_logger.py log_once [line:28] INFO val_accuracy                  0.7842
2025-04-26 14:42:12,806 simple_logger.py log_once [line:28] INFO mean_val_accuracy             0.7842
2025-04-26 14:42:12,806 simple_logger.py log_once [line:28] INFO std_val_accuracy              0.0262
2025-04-26 14:42:12,806 simple_logger.py log_once [line:28] INFO val_loss                      0.6129
2025-04-26 14:42:12,806 simple_logger.py log_once [line:28] INFO mean_val_loss                 0.6129
2025-04-26 14:42:12,806 simple_logger.py log_once [line:28] INFO std_val_loss                  0.0579
2025-04-26 14:42:12,806 fedbase.py run [line:323] INFO expense           3242410590.0
2025-04-26 14:42:12,806 fedbase.py run [line:324] INFO Eval Time Cost:               2.8403s
2025-04-26 14:42:12,806 asyncbase.py iterate [line:68] INFO Select clients [0, 1, 2, 3, 4, 5, 6, 7, 8, 9, 10, 11, 12, 13, 14, 15, 16, 17, 18, 19] at time 678.
2025-04-26 14:43:30,446 asyncbase.py iterate [line:73] INFO Receive new models from clients [10, 7, 15, 14, 18, 17, 8, 19, 9, 16, 13, 3, 4, 2, 12, 6, 5, 1, 0, 11] at time 679
2025-04-26 14:43:30,875 fedbase.py run [line:318] INFO --------------Round 280--------------
2025-04-26 14:43:30,876 simple_logger.py log_once [line:14] INFO Current_time:679
2025-04-26 14:43:33,688 simple_logger.py log_once [line:28] INFO test_accuracy                 0.7912
2025-04-26 14:43:33,688 simple_logger.py log_once [line:28] INFO test_loss                     0.5974
2025-04-26 14:43:33,688 simple_logger.py log_once [line:28] INFO val_accuracy                  0.7870
2025-04-26 14:43:33,688 simple_logger.py log_once [line:28] INFO mean_val_accuracy             0.7870
2025-04-26 14:43:33,688 simple_logger.py log_once [line:28] INFO std_val_accuracy              0.0260
2025-04-26 14:43:33,688 simple_logger.py log_once [line:28] INFO val_loss                      0.6094
2025-04-26 14:43:33,688 simple_logger.py log_once [line:28] INFO mean_val_loss                 0.6094
2025-04-26 14:43:33,688 simple_logger.py log_once [line:28] INFO std_val_loss                  0.0545
2025-04-26 14:43:33,688 fedbase.py run [line:323] INFO expense           3246841790.0
2025-04-26 14:43:33,688 fedbase.py run [line:324] INFO Eval Time Cost:               2.8127s
2025-04-26 14:43:33,689 asyncbase.py iterate [line:68] INFO Select clients [0, 1, 2, 3, 4, 5, 6, 7, 8, 9, 10, 11, 12, 13, 14, 15, 16, 17, 18, 19] at time 680.
2025-04-26 14:44:55,706 asyncbase.py iterate [line:73] INFO Receive new models from clients [18, 11, 8, 14, 4, 16, 17, 5, 1, 6, 13, 10, 15, 2, 12, 7, 3, 0, 19, 9] at time 681
2025-04-26 14:44:56,157 fedbase.py run [line:318] INFO --------------Round 281--------------
2025-04-26 14:44:56,158 simple_logger.py log_once [line:14] INFO Current_time:681
2025-04-26 14:44:59,010 simple_logger.py log_once [line:28] INFO test_accuracy                 0.7892
2025-04-26 14:44:59,011 simple_logger.py log_once [line:28] INFO test_loss                     0.5939
2025-04-26 14:44:59,011 simple_logger.py log_once [line:28] INFO val_accuracy                  0.7848
2025-04-26 14:44:59,011 simple_logger.py log_once [line:28] INFO mean_val_accuracy             0.7848
2025-04-26 14:44:59,011 simple_logger.py log_once [line:28] INFO std_val_accuracy              0.0259
2025-04-26 14:44:59,011 simple_logger.py log_once [line:28] INFO val_loss                      0.6074
2025-04-26 14:44:59,011 simple_logger.py log_once [line:28] INFO mean_val_loss                 0.6074
2025-04-26 14:44:59,011 simple_logger.py log_once [line:28] INFO std_val_loss                  0.0561
2025-04-26 14:44:59,011 fedbase.py run [line:323] INFO expense           3251272990.0
2025-04-26 14:44:59,011 fedbase.py run [line:324] INFO Eval Time Cost:               2.8529s
2025-04-26 14:44:59,011 asyncbase.py iterate [line:68] INFO Select clients [0, 1, 2, 3, 4, 5, 6, 7, 8, 9, 10, 11, 12, 13, 14, 15, 16, 17, 18, 19] at time 682.
2025-04-26 14:46:18,310 asyncbase.py iterate [line:73] INFO Receive new models from clients [16, 8, 1, 0, 13, 5, 3, 12, 2, 18, 4, 19, 15, 14, 11, 6, 7, 17, 9, 10] at time 683
2025-04-26 14:46:18,768 fedbase.py run [line:318] INFO --------------Round 282--------------
2025-04-26 14:46:18,768 simple_logger.py log_once [line:14] INFO Current_time:683
2025-04-26 14:46:21,643 simple_logger.py log_once [line:28] INFO test_accuracy                 0.7905
2025-04-26 14:46:21,643 simple_logger.py log_once [line:28] INFO test_loss                     0.5945
2025-04-26 14:46:21,643 simple_logger.py log_once [line:28] INFO val_accuracy                  0.7864
2025-04-26 14:46:21,643 simple_logger.py log_once [line:28] INFO mean_val_accuracy             0.7864
2025-04-26 14:46:21,644 simple_logger.py log_once [line:28] INFO std_val_accuracy              0.0246
2025-04-26 14:46:21,644 simple_logger.py log_once [line:28] INFO val_loss                      0.6066
2025-04-26 14:46:21,644 simple_logger.py log_once [line:28] INFO mean_val_loss                 0.6066
2025-04-26 14:46:21,644 simple_logger.py log_once [line:28] INFO std_val_loss                  0.0548
2025-04-26 14:46:21,644 fedbase.py run [line:323] INFO expense           3255704190.0
2025-04-26 14:46:21,644 fedbase.py run [line:324] INFO Eval Time Cost:               2.8756s
2025-04-26 14:46:21,644 asyncbase.py iterate [line:68] INFO Select clients [0, 1, 2, 3, 4, 5, 6, 7, 8, 9, 10, 11, 12, 13, 14, 15, 16, 17, 18, 19] at time 684.
2025-04-26 14:47:41,024 asyncbase.py iterate [line:73] INFO Receive new models from clients [11, 4, 0, 3, 8, 9, 6, 13, 10, 17, 2, 14, 1, 12, 18, 5, 19, 15, 16, 7] at time 685
2025-04-26 14:47:41,596 fedbase.py run [line:318] INFO --------------Round 283--------------
2025-04-26 14:47:41,596 simple_logger.py log_once [line:14] INFO Current_time:685
2025-04-26 14:47:44,514 simple_logger.py log_once [line:28] INFO test_accuracy                 0.7904
2025-04-26 14:47:44,514 simple_logger.py log_once [line:28] INFO test_loss                     0.5969
2025-04-26 14:47:44,514 simple_logger.py log_once [line:28] INFO val_accuracy                  0.7850
2025-04-26 14:47:44,514 simple_logger.py log_once [line:28] INFO mean_val_accuracy             0.7850
2025-04-26 14:47:44,515 simple_logger.py log_once [line:28] INFO std_val_accuracy              0.0267
2025-04-26 14:47:44,515 simple_logger.py log_once [line:28] INFO val_loss                      0.6103
2025-04-26 14:47:44,515 simple_logger.py log_once [line:28] INFO mean_val_loss                 0.6103
2025-04-26 14:47:44,515 simple_logger.py log_once [line:28] INFO std_val_loss                  0.0561
2025-04-26 14:47:44,515 fedbase.py run [line:323] INFO expense           3260135390.0
2025-04-26 14:47:44,515 fedbase.py run [line:324] INFO Eval Time Cost:               2.9183s
2025-04-26 14:47:44,515 asyncbase.py iterate [line:68] INFO Select clients [0, 1, 2, 3, 4, 5, 6, 7, 8, 9, 10, 11, 12, 13, 14, 15, 16, 17, 18, 19] at time 686.
2025-04-26 14:49:01,965 asyncbase.py iterate [line:73] INFO Receive new models from clients [2, 5, 11, 10, 14, 8, 7, 9, 16, 0, 18, 17, 3, 6, 15, 12, 4, 1, 19, 13] at time 687
2025-04-26 14:49:02,416 fedbase.py run [line:318] INFO --------------Round 284--------------
2025-04-26 14:49:02,417 simple_logger.py log_once [line:14] INFO Current_time:687
2025-04-26 14:49:05,290 simple_logger.py log_once [line:28] INFO test_accuracy                 0.7917
2025-04-26 14:49:05,290 simple_logger.py log_once [line:28] INFO test_loss                     0.5888
2025-04-26 14:49:05,290 simple_logger.py log_once [line:28] INFO val_accuracy                  0.7854
2025-04-26 14:49:05,290 simple_logger.py log_once [line:28] INFO mean_val_accuracy             0.7854
2025-04-26 14:49:05,290 simple_logger.py log_once [line:28] INFO std_val_accuracy              0.0277
2025-04-26 14:49:05,290 simple_logger.py log_once [line:28] INFO val_loss                      0.5996
2025-04-26 14:49:05,290 simple_logger.py log_once [line:28] INFO mean_val_loss                 0.5996
2025-04-26 14:49:05,290 simple_logger.py log_once [line:28] INFO std_val_loss                  0.0558
2025-04-26 14:49:05,290 fedbase.py run [line:323] INFO expense           3264566590.0
2025-04-26 14:49:05,290 fedbase.py run [line:324] INFO Eval Time Cost:               2.8733s
2025-04-26 14:49:05,290 asyncbase.py iterate [line:68] INFO Select clients [0, 1, 2, 3, 4, 5, 6, 7, 8, 9, 10, 11, 12, 13, 14, 15, 16, 17, 18, 19] at time 688.
2025-04-26 14:50:26,234 asyncbase.py iterate [line:73] INFO Receive new models from clients [0, 14, 4, 6, 7, 1, 12, 18, 15, 11, 8, 10, 16, 19, 5, 13, 2, 17, 3, 9] at time 689
2025-04-26 14:50:26,681 fedbase.py run [line:318] INFO --------------Round 285--------------
2025-04-26 14:50:26,682 simple_logger.py log_once [line:14] INFO Current_time:689
2025-04-26 14:50:29,546 simple_logger.py log_once [line:28] INFO test_accuracy                 0.7875
2025-04-26 14:50:29,546 simple_logger.py log_once [line:28] INFO test_loss                     0.6045
2025-04-26 14:50:29,546 simple_logger.py log_once [line:28] INFO val_accuracy                  0.7836
2025-04-26 14:50:29,546 simple_logger.py log_once [line:28] INFO mean_val_accuracy             0.7836
2025-04-26 14:50:29,547 simple_logger.py log_once [line:28] INFO std_val_accuracy              0.0255
2025-04-26 14:50:29,547 simple_logger.py log_once [line:28] INFO val_loss                      0.6184
2025-04-26 14:50:29,547 simple_logger.py log_once [line:28] INFO mean_val_loss                 0.6184
2025-04-26 14:50:29,547 simple_logger.py log_once [line:28] INFO std_val_loss                  0.0567
2025-04-26 14:50:29,547 fedbase.py run [line:323] INFO expense           3268997790.0
2025-04-26 14:50:29,547 fedbase.py run [line:324] INFO Eval Time Cost:               2.8653s
2025-04-26 14:50:29,547 asyncbase.py iterate [line:68] INFO Select clients [0, 1, 2, 3, 4, 5, 6, 7, 8, 9, 10, 11, 12, 13, 14, 15, 16, 17, 18, 19] at time 690.
2025-04-26 14:51:50,986 asyncbase.py iterate [line:73] INFO Receive new models from clients [9, 15, 17, 2, 5, 6, 11, 0, 7, 13, 18, 19, 14, 1, 16, 10, 4, 12, 3, 8] at time 691
2025-04-26 14:51:51,441 fedbase.py run [line:318] INFO --------------Round 286--------------
2025-04-26 14:51:51,442 simple_logger.py log_once [line:14] INFO Current_time:691
2025-04-26 14:51:54,316 simple_logger.py log_once [line:28] INFO test_accuracy                 0.7904
2025-04-26 14:51:54,316 simple_logger.py log_once [line:28] INFO test_loss                     0.5922
2025-04-26 14:51:54,316 simple_logger.py log_once [line:28] INFO val_accuracy                  0.7880
2025-04-26 14:51:54,316 simple_logger.py log_once [line:28] INFO mean_val_accuracy             0.7880
2025-04-26 14:51:54,316 simple_logger.py log_once [line:28] INFO std_val_accuracy              0.0272
2025-04-26 14:51:54,316 simple_logger.py log_once [line:28] INFO val_loss                      0.6041
2025-04-26 14:51:54,316 simple_logger.py log_once [line:28] INFO mean_val_loss                 0.6041
2025-04-26 14:51:54,316 simple_logger.py log_once [line:28] INFO std_val_loss                  0.0568
2025-04-26 14:51:54,316 fedbase.py run [line:323] INFO expense           3273428990.0
2025-04-26 14:51:54,316 fedbase.py run [line:324] INFO Eval Time Cost:               2.8749s
2025-04-26 14:51:54,317 asyncbase.py iterate [line:68] INFO Select clients [0, 1, 2, 3, 4, 5, 6, 7, 8, 9, 10, 11, 12, 13, 14, 15, 16, 17, 18, 19] at time 692.
2025-04-26 14:53:13,111 asyncbase.py iterate [line:73] INFO Receive new models from clients [10, 17, 13, 1, 4, 11, 14, 8, 7, 0, 9, 2, 6, 12, 15, 3, 16, 19, 18, 5] at time 693
2025-04-26 14:53:13,773 fedbase.py run [line:318] INFO --------------Round 287--------------
2025-04-26 14:53:13,774 simple_logger.py log_once [line:14] INFO Current_time:693
2025-04-26 14:53:17,111 simple_logger.py log_once [line:28] INFO test_accuracy                 0.7921
2025-04-26 14:53:17,112 simple_logger.py log_once [line:28] INFO test_loss                     0.5896
2025-04-26 14:53:17,112 simple_logger.py log_once [line:28] INFO val_accuracy                  0.7856
2025-04-26 14:53:17,112 simple_logger.py log_once [line:28] INFO mean_val_accuracy             0.7856
2025-04-26 14:53:17,112 simple_logger.py log_once [line:28] INFO std_val_accuracy              0.0271
2025-04-26 14:53:17,112 simple_logger.py log_once [line:28] INFO val_loss                      0.6024
2025-04-26 14:53:17,112 simple_logger.py log_once [line:28] INFO mean_val_loss                 0.6024
2025-04-26 14:53:17,112 simple_logger.py log_once [line:28] INFO std_val_loss                  0.0601
2025-04-26 14:53:17,112 fedbase.py run [line:323] INFO expense           3277860190.0
2025-04-26 14:53:17,112 fedbase.py run [line:324] INFO Eval Time Cost:               3.3383s
2025-04-26 14:53:17,113 asyncbase.py iterate [line:68] INFO Select clients [0, 1, 2, 3, 4, 5, 6, 7, 8, 9, 10, 11, 12, 13, 14, 15, 16, 17, 18, 19] at time 694.
2025-04-26 14:54:34,213 asyncbase.py iterate [line:73] INFO Receive new models from clients [4, 17, 8, 0, 9, 19, 16, 13, 1, 14, 12, 15, 6, 11, 3, 18, 5, 10, 7, 2] at time 695
2025-04-26 14:54:34,656 fedbase.py run [line:318] INFO --------------Round 288--------------
2025-04-26 14:54:34,656 simple_logger.py log_once [line:14] INFO Current_time:695
2025-04-26 14:54:37,512 simple_logger.py log_once [line:28] INFO test_accuracy                 0.7930
2025-04-26 14:54:37,513 simple_logger.py log_once [line:28] INFO test_loss                     0.5902
2025-04-26 14:54:37,513 simple_logger.py log_once [line:28] INFO val_accuracy                  0.7906
2025-04-26 14:54:37,513 simple_logger.py log_once [line:28] INFO mean_val_accuracy             0.7906
2025-04-26 14:54:37,513 simple_logger.py log_once [line:28] INFO std_val_accuracy              0.0279
2025-04-26 14:54:37,513 simple_logger.py log_once [line:28] INFO val_loss                      0.6039
2025-04-26 14:54:37,513 simple_logger.py log_once [line:28] INFO mean_val_loss                 0.6039
2025-04-26 14:54:37,513 simple_logger.py log_once [line:28] INFO std_val_loss                  0.0565
2025-04-26 14:54:37,513 fedbase.py run [line:323] INFO expense           3282291390.0
2025-04-26 14:54:37,513 fedbase.py run [line:324] INFO Eval Time Cost:               2.8568s
2025-04-26 14:54:37,513 asyncbase.py iterate [line:68] INFO Select clients [0, 1, 2, 3, 4, 5, 6, 7, 8, 9, 10, 11, 12, 13, 14, 15, 16, 17, 18, 19] at time 696.
2025-04-26 14:55:54,308 asyncbase.py iterate [line:73] INFO Receive new models from clients [11, 15, 16, 18, 2, 8, 12, 14, 13, 3, 9, 6, 17, 0, 4, 19, 10, 1, 5, 7] at time 697
2025-04-26 14:55:54,761 fedbase.py run [line:318] INFO --------------Round 289--------------
2025-04-26 14:55:54,761 simple_logger.py log_once [line:14] INFO Current_time:697
2025-04-26 14:55:57,627 simple_logger.py log_once [line:28] INFO test_accuracy                 0.7931
2025-04-26 14:55:57,627 simple_logger.py log_once [line:28] INFO test_loss                     0.5908
2025-04-26 14:55:57,627 simple_logger.py log_once [line:28] INFO val_accuracy                  0.7876
2025-04-26 14:55:57,627 simple_logger.py log_once [line:28] INFO mean_val_accuracy             0.7876
2025-04-26 14:55:57,627 simple_logger.py log_once [line:28] INFO std_val_accuracy              0.0250
2025-04-26 14:55:57,627 simple_logger.py log_once [line:28] INFO val_loss                      0.6034
2025-04-26 14:55:57,627 simple_logger.py log_once [line:28] INFO mean_val_loss                 0.6034
2025-04-26 14:55:57,627 simple_logger.py log_once [line:28] INFO std_val_loss                  0.0563
2025-04-26 14:55:57,627 fedbase.py run [line:323] INFO expense           3286722590.0
2025-04-26 14:55:57,627 fedbase.py run [line:324] INFO Eval Time Cost:               2.8661s
2025-04-26 14:55:57,627 asyncbase.py iterate [line:68] INFO Select clients [0, 1, 2, 3, 4, 5, 6, 7, 8, 9, 10, 11, 12, 13, 14, 15, 16, 17, 18, 19] at time 698.
2025-04-26 14:57:13,785 asyncbase.py iterate [line:73] INFO Receive new models from clients [8, 17, 7, 10, 5, 15, 9, 1, 14, 3, 6, 18, 0, 19, 11, 2, 4, 16, 12, 13] at time 699
2025-04-26 14:57:14,380 fedbase.py run [line:318] INFO --------------Round 290--------------
2025-04-26 14:57:14,381 simple_logger.py log_once [line:14] INFO Current_time:699
2025-04-26 14:57:17,243 simple_logger.py log_once [line:28] INFO test_accuracy                 0.7924
2025-04-26 14:57:17,243 simple_logger.py log_once [line:28] INFO test_loss                     0.5926
2025-04-26 14:57:17,243 simple_logger.py log_once [line:28] INFO val_accuracy                  0.7908
2025-04-26 14:57:17,243 simple_logger.py log_once [line:28] INFO mean_val_accuracy             0.7908
2025-04-26 14:57:17,243 simple_logger.py log_once [line:28] INFO std_val_accuracy              0.0246
2025-04-26 14:57:17,243 simple_logger.py log_once [line:28] INFO val_loss                      0.6042
2025-04-26 14:57:17,243 simple_logger.py log_once [line:28] INFO mean_val_loss                 0.6042
2025-04-26 14:57:17,243 simple_logger.py log_once [line:28] INFO std_val_loss                  0.0559
2025-04-26 14:57:17,243 fedbase.py run [line:323] INFO expense           3291153790.0
2025-04-26 14:57:17,243 fedbase.py run [line:324] INFO Eval Time Cost:               2.8624s
2025-04-26 14:57:17,244 asyncbase.py iterate [line:68] INFO Select clients [0, 1, 2, 3, 4, 5, 6, 7, 8, 9, 10, 11, 12, 13, 14, 15, 16, 17, 18, 19] at time 700.
2025-04-26 14:58:35,096 asyncbase.py iterate [line:73] INFO Receive new models from clients [12, 6, 7, 17, 1, 18, 14, 2, 10, 0, 4, 13, 9, 11, 16, 3, 5, 19, 15, 8] at time 701
2025-04-26 14:58:35,725 fedbase.py run [line:318] INFO --------------Round 291--------------
2025-04-26 14:58:35,726 simple_logger.py log_once [line:14] INFO Current_time:701
2025-04-26 14:58:38,789 simple_logger.py log_once [line:28] INFO test_accuracy                 0.7908
2025-04-26 14:58:38,789 simple_logger.py log_once [line:28] INFO test_loss                     0.5930
2025-04-26 14:58:38,789 simple_logger.py log_once [line:28] INFO val_accuracy                  0.7884
2025-04-26 14:58:38,789 simple_logger.py log_once [line:28] INFO mean_val_accuracy             0.7884
2025-04-26 14:58:38,789 simple_logger.py log_once [line:28] INFO std_val_accuracy              0.0274
2025-04-26 14:58:38,790 simple_logger.py log_once [line:28] INFO val_loss                      0.6059
2025-04-26 14:58:38,790 simple_logger.py log_once [line:28] INFO mean_val_loss                 0.6059
2025-04-26 14:58:38,790 simple_logger.py log_once [line:28] INFO std_val_loss                  0.0571
2025-04-26 14:58:38,790 fedbase.py run [line:323] INFO expense           3295584990.0
2025-04-26 14:58:38,790 fedbase.py run [line:324] INFO Eval Time Cost:               3.0635s
2025-04-26 14:58:38,790 asyncbase.py iterate [line:68] INFO Select clients [0, 1, 2, 3, 4, 5, 6, 7, 8, 9, 10, 11, 12, 13, 14, 15, 16, 17, 18, 19] at time 702.
2025-04-26 14:59:58,971 asyncbase.py iterate [line:73] INFO Receive new models from clients [5, 13, 2, 8, 11, 0, 9, 6, 19, 15, 3, 7, 17, 18, 12, 16, 10, 14, 1, 4] at time 703
2025-04-26 14:59:59,442 fedbase.py run [line:318] INFO --------------Round 292--------------
2025-04-26 14:59:59,442 simple_logger.py log_once [line:14] INFO Current_time:703
2025-04-26 15:00:02,363 simple_logger.py log_once [line:28] INFO test_accuracy                 0.7911
2025-04-26 15:00:02,363 simple_logger.py log_once [line:28] INFO test_loss                     0.5896
2025-04-26 15:00:02,363 simple_logger.py log_once [line:28] INFO val_accuracy                  0.7886
2025-04-26 15:00:02,363 simple_logger.py log_once [line:28] INFO mean_val_accuracy             0.7886
2025-04-26 15:00:02,363 simple_logger.py log_once [line:28] INFO std_val_accuracy              0.0273
2025-04-26 15:00:02,364 simple_logger.py log_once [line:28] INFO val_loss                      0.6032
2025-04-26 15:00:02,364 simple_logger.py log_once [line:28] INFO mean_val_loss                 0.6032
2025-04-26 15:00:02,364 simple_logger.py log_once [line:28] INFO std_val_loss                  0.0583
2025-04-26 15:00:02,364 fedbase.py run [line:323] INFO expense           3300016190.0
2025-04-26 15:00:02,364 fedbase.py run [line:324] INFO Eval Time Cost:               2.9216s
2025-04-26 15:00:02,364 asyncbase.py iterate [line:68] INFO Select clients [0, 1, 2, 3, 4, 5, 6, 7, 8, 9, 10, 11, 12, 13, 14, 15, 16, 17, 18, 19] at time 704.
2025-04-26 15:01:21,762 asyncbase.py iterate [line:73] INFO Receive new models from clients [7, 4, 6, 10, 12, 15, 16, 14, 18, 5, 1, 2, 19, 13, 9, 8, 17, 0, 3, 11] at time 705
2025-04-26 15:01:22,407 fedbase.py run [line:318] INFO --------------Round 293--------------
2025-04-26 15:01:22,408 simple_logger.py log_once [line:14] INFO Current_time:705
2025-04-26 15:01:25,639 simple_logger.py log_once [line:28] INFO test_accuracy                 0.7925
2025-04-26 15:01:25,640 simple_logger.py log_once [line:28] INFO test_loss                     0.5864
2025-04-26 15:01:25,640 simple_logger.py log_once [line:28] INFO val_accuracy                  0.7916
2025-04-26 15:01:25,640 simple_logger.py log_once [line:28] INFO mean_val_accuracy             0.7916
2025-04-26 15:01:25,640 simple_logger.py log_once [line:28] INFO std_val_accuracy              0.0230
2025-04-26 15:01:25,640 simple_logger.py log_once [line:28] INFO val_loss                      0.5992
2025-04-26 15:01:25,640 simple_logger.py log_once [line:28] INFO mean_val_loss                 0.5992
2025-04-26 15:01:25,640 simple_logger.py log_once [line:28] INFO std_val_loss                  0.0553
2025-04-26 15:01:25,640 fedbase.py run [line:323] INFO expense           3304447390.0
2025-04-26 15:01:25,640 fedbase.py run [line:324] INFO Eval Time Cost:               3.2320s
2025-04-26 15:01:25,640 asyncbase.py iterate [line:68] INFO Select clients [0, 1, 2, 3, 4, 5, 6, 7, 8, 9, 10, 11, 12, 13, 14, 15, 16, 17, 18, 19] at time 706.
2025-04-26 15:02:45,628 asyncbase.py iterate [line:73] INFO Receive new models from clients [10, 8, 18, 2, 11, 14, 0, 15, 12, 7, 17, 9, 3, 16, 5, 19, 1, 13, 4, 6] at time 707
2025-04-26 15:02:46,079 fedbase.py run [line:318] INFO --------------Round 294--------------
2025-04-26 15:02:46,079 simple_logger.py log_once [line:14] INFO Current_time:707
2025-04-26 15:02:49,052 simple_logger.py log_once [line:28] INFO test_accuracy                 0.7920
2025-04-26 15:02:49,052 simple_logger.py log_once [line:28] INFO test_loss                     0.5855
2025-04-26 15:02:49,052 simple_logger.py log_once [line:28] INFO val_accuracy                  0.7884
2025-04-26 15:02:49,052 simple_logger.py log_once [line:28] INFO mean_val_accuracy             0.7884
2025-04-26 15:02:49,052 simple_logger.py log_once [line:28] INFO std_val_accuracy              0.0270
2025-04-26 15:02:49,052 simple_logger.py log_once [line:28] INFO val_loss                      0.6019
2025-04-26 15:02:49,053 simple_logger.py log_once [line:28] INFO mean_val_loss                 0.6019
2025-04-26 15:02:49,053 simple_logger.py log_once [line:28] INFO std_val_loss                  0.0556
2025-04-26 15:02:49,053 fedbase.py run [line:323] INFO expense           3308878590.0
2025-04-26 15:02:49,053 fedbase.py run [line:324] INFO Eval Time Cost:               2.9734s
2025-04-26 15:02:49,053 asyncbase.py iterate [line:68] INFO Select clients [0, 1, 2, 3, 4, 5, 6, 7, 8, 9, 10, 11, 12, 13, 14, 15, 16, 17, 18, 19] at time 708.
2025-04-26 15:04:08,916 asyncbase.py iterate [line:73] INFO Receive new models from clients [8, 7, 4, 15, 2, 11, 13, 10, 1, 5, 9, 12, 16, 0, 14, 17, 19, 3, 6, 18] at time 709
2025-04-26 15:04:09,495 fedbase.py run [line:318] INFO --------------Round 295--------------
2025-04-26 15:04:09,496 simple_logger.py log_once [line:14] INFO Current_time:709
2025-04-26 15:04:13,337 simple_logger.py log_once [line:28] INFO test_accuracy                 0.7933
2025-04-26 15:04:13,337 simple_logger.py log_once [line:28] INFO test_loss                     0.5868
2025-04-26 15:04:13,337 simple_logger.py log_once [line:28] INFO val_accuracy                  0.7886
2025-04-26 15:04:13,337 simple_logger.py log_once [line:28] INFO mean_val_accuracy             0.7886
2025-04-26 15:04:13,337 simple_logger.py log_once [line:28] INFO std_val_accuracy              0.0260
2025-04-26 15:04:13,338 simple_logger.py log_once [line:28] INFO val_loss                      0.5997
2025-04-26 15:04:13,338 simple_logger.py log_once [line:28] INFO mean_val_loss                 0.5997
2025-04-26 15:04:13,338 simple_logger.py log_once [line:28] INFO std_val_loss                  0.0570
2025-04-26 15:04:13,338 fedbase.py run [line:323] INFO expense           3313309790.0
2025-04-26 15:04:13,338 fedbase.py run [line:324] INFO Eval Time Cost:               3.8422s
2025-04-26 15:04:13,338 asyncbase.py iterate [line:68] INFO Select clients [0, 1, 2, 3, 4, 5, 6, 7, 8, 9, 10, 11, 12, 13, 14, 15, 16, 17, 18, 19] at time 710.
2025-04-26 15:05:34,839 asyncbase.py iterate [line:73] INFO Receive new models from clients [5, 2, 8, 7, 0, 13, 9, 18, 17, 14, 16, 11, 6, 10, 1, 3, 12, 19, 15, 4] at time 711
2025-04-26 15:05:35,283 fedbase.py run [line:318] INFO --------------Round 296--------------
2025-04-26 15:05:35,284 simple_logger.py log_once [line:14] INFO Current_time:711
2025-04-26 15:05:38,155 simple_logger.py log_once [line:28] INFO test_accuracy                 0.7928
2025-04-26 15:05:38,155 simple_logger.py log_once [line:28] INFO test_loss                     0.5885
2025-04-26 15:05:38,155 simple_logger.py log_once [line:28] INFO val_accuracy                  0.7902
2025-04-26 15:05:38,155 simple_logger.py log_once [line:28] INFO mean_val_accuracy             0.7902
2025-04-26 15:05:38,155 simple_logger.py log_once [line:28] INFO std_val_accuracy              0.0289
2025-04-26 15:05:38,155 simple_logger.py log_once [line:28] INFO val_loss                      0.6047
2025-04-26 15:05:38,155 simple_logger.py log_once [line:28] INFO mean_val_loss                 0.6047
2025-04-26 15:05:38,155 simple_logger.py log_once [line:28] INFO std_val_loss                  0.0591
2025-04-26 15:05:38,155 fedbase.py run [line:323] INFO expense           3317740990.0
2025-04-26 15:05:38,155 fedbase.py run [line:324] INFO Eval Time Cost:               2.8714s
2025-04-26 15:05:38,155 asyncbase.py iterate [line:68] INFO Select clients [0, 1, 2, 3, 4, 5, 6, 7, 8, 9, 10, 11, 12, 13, 14, 15, 16, 17, 18, 19] at time 712.
2025-04-26 15:06:13,571 asyncbase.py iterate [line:73] INFO Receive new models from clients [5, 1, 8, 15, 9, 13, 17, 2, 16, 3, 10, 11, 12, 19, 4, 0, 14, 18, 7, 6] at time 713
2025-04-26 15:06:17,230 fedbase.py run [line:318] INFO --------------Round 297--------------
2025-04-26 15:06:17,231 simple_logger.py log_once [line:14] INFO Current_time:713
2025-04-26 15:06:20,394 simple_logger.py log_once [line:28] INFO test_accuracy                 0.7960
2025-04-26 15:06:20,395 simple_logger.py log_once [line:28] INFO test_loss                     0.5851
2025-04-26 15:06:20,395 simple_logger.py log_once [line:28] INFO val_accuracy                  0.7920
2025-04-26 15:06:20,395 simple_logger.py log_once [line:28] INFO mean_val_accuracy             0.7920
2025-04-26 15:06:20,395 simple_logger.py log_once [line:28] INFO std_val_accuracy              0.0259
2025-04-26 15:06:20,395 simple_logger.py log_once [line:28] INFO val_loss                      0.5968
2025-04-26 15:06:20,395 simple_logger.py log_once [line:28] INFO mean_val_loss                 0.5968
2025-04-26 15:06:20,395 simple_logger.py log_once [line:28] INFO std_val_loss                  0.0542
2025-04-26 15:06:20,395 fedbase.py run [line:323] INFO expense           3373610800.0
2025-04-26 15:06:20,395 fedbase.py run [line:324] INFO Eval Time Cost:               3.1644s
2025-04-26 15:06:20,395 asyncbase.py iterate [line:68] INFO Select clients [0, 1, 2, 3, 4, 5, 6, 7, 8, 9, 10, 11, 12, 13, 14, 15, 16, 17, 18, 19] at time 714.
2025-04-26 15:07:39,825 asyncbase.py iterate [line:73] INFO Receive new models from clients [19, 10, 11, 1, 4, 5, 14, 8, 7, 9, 2, 17, 13, 12, 18, 6, 3] at time 717
2025-04-26 15:07:39,826 asyncbase.py iterate [line:73] INFO Receive new models from clients [15, 16, 0] at time 718
2025-04-26 15:07:40,276 fedbase.py run [line:318] INFO --------------Round 298--------------
2025-04-26 15:07:40,277 simple_logger.py log_once [line:14] INFO Current_time:718
2025-04-26 15:07:43,151 simple_logger.py log_once [line:28] INFO test_accuracy                 0.7936
2025-04-26 15:07:43,152 simple_logger.py log_once [line:28] INFO test_loss                     0.5932
2025-04-26 15:07:43,152 simple_logger.py log_once [line:28] INFO val_accuracy                  0.7904
2025-04-26 15:07:43,152 simple_logger.py log_once [line:28] INFO mean_val_accuracy             0.7904
2025-04-26 15:07:43,152 simple_logger.py log_once [line:28] INFO std_val_accuracy              0.0260
2025-04-26 15:07:43,152 simple_logger.py log_once [line:28] INFO val_loss                      0.6014
2025-04-26 15:07:43,152 simple_logger.py log_once [line:28] INFO mean_val_loss                 0.6014
2025-04-26 15:07:43,152 simple_logger.py log_once [line:28] INFO std_val_loss                  0.0533
2025-04-26 15:07:43,152 fedbase.py run [line:323] INFO expense           3378042000.0
2025-04-26 15:07:43,152 fedbase.py run [line:324] INFO Eval Time Cost:               2.8752s
2025-04-26 15:07:43,152 asyncbase.py iterate [line:68] INFO Select clients [0, 1, 2, 3, 4, 5, 6, 7, 8, 9, 10, 11, 12, 13, 14, 15, 16, 17, 18, 19] at time 719.
2025-04-26 15:09:07,439 asyncbase.py iterate [line:73] INFO Receive new models from clients [13, 3, 10, 2, 0, 7, 19, 8, 17, 5, 14, 1, 18, 16, 11, 9, 15, 4, 6, 12] at time 720
2025-04-26 15:09:07,890 fedbase.py run [line:318] INFO --------------Round 299--------------
2025-04-26 15:09:07,891 simple_logger.py log_once [line:14] INFO Current_time:720
2025-04-26 15:09:10,754 simple_logger.py log_once [line:28] INFO test_accuracy                 0.7920
2025-04-26 15:09:10,754 simple_logger.py log_once [line:28] INFO test_loss                     0.5961
2025-04-26 15:09:10,754 simple_logger.py log_once [line:28] INFO val_accuracy                  0.7880
2025-04-26 15:09:10,754 simple_logger.py log_once [line:28] INFO mean_val_accuracy             0.7880
2025-04-26 15:09:10,754 simple_logger.py log_once [line:28] INFO std_val_accuracy              0.0240
2025-04-26 15:09:10,755 simple_logger.py log_once [line:28] INFO val_loss                      0.6031
2025-04-26 15:09:10,755 simple_logger.py log_once [line:28] INFO mean_val_loss                 0.6031
2025-04-26 15:09:10,755 simple_logger.py log_once [line:28] INFO std_val_loss                  0.0543
2025-04-26 15:09:10,755 fedbase.py run [line:323] INFO expense           3382473200.0
2025-04-26 15:09:10,755 fedbase.py run [line:324] INFO Eval Time Cost:               2.8640s
2025-04-26 15:09:10,755 asyncbase.py iterate [line:68] INFO Select clients [0, 1, 2, 3, 4, 5, 6, 7, 8, 9, 10, 11, 12, 13, 14, 15, 16, 17, 18, 19] at time 721.
2025-04-26 15:10:30,560 asyncbase.py iterate [line:73] INFO Receive new models from clients [5, 15, 7, 19, 6, 8, 13, 18, 12, 1, 14, 11, 17, 9, 3, 10, 4, 16, 0, 2] at time 722
2025-04-26 15:10:31,005 fedbase.py run [line:318] INFO --------------Round 300--------------
2025-04-26 15:10:31,005 simple_logger.py log_once [line:14] INFO Current_time:722
2025-04-26 15:10:33,913 simple_logger.py log_once [line:28] INFO test_accuracy                 0.7937
2025-04-26 15:10:33,913 simple_logger.py log_once [line:28] INFO test_loss                     0.5922
2025-04-26 15:10:33,913 simple_logger.py log_once [line:28] INFO val_accuracy                  0.7888
2025-04-26 15:10:33,913 simple_logger.py log_once [line:28] INFO mean_val_accuracy             0.7888
2025-04-26 15:10:33,913 simple_logger.py log_once [line:28] INFO std_val_accuracy              0.0276
2025-04-26 15:10:33,913 simple_logger.py log_once [line:28] INFO val_loss                      0.6014
2025-04-26 15:10:33,914 simple_logger.py log_once [line:28] INFO mean_val_loss                 0.6014
2025-04-26 15:10:33,914 simple_logger.py log_once [line:28] INFO std_val_loss                  0.0544
2025-04-26 15:10:33,914 fedbase.py run [line:323] INFO expense           3386904400.0
2025-04-26 15:10:33,914 fedbase.py run [line:324] INFO Eval Time Cost:               2.9084s
2025-04-26 15:10:33,914 fedbase.py run [line:332] INFO =================End==================
2025-04-26 15:10:33,914 fedbase.py run [line:333] INFO Total Time Cost:              22884.9752s
