2025-04-28 02:36:49,411 fflow.py init [line:792] INFO PROCESS ID:	6637
2025-04-28 02:36:49,411 fflow.py init [line:793] INFO Initializing devices: cuda:0 will be used for this running.
2025-04-28 02:36:49,411 fflow.py init [line:796] INFO BENCHMARK:	flgo.benchmark.cifar10_classification
2025-04-28 02:36:49,411 fflow.py init [line:797] INFO TASK:			./cifar10_result_20
2025-04-28 02:36:49,411 fflow.py init [line:798] INFO MODEL:		flgo.benchmark.cifar10_classification.model.resnet18
2025-04-28 02:36:49,411 fflow.py init [line:799] INFO ALGORITHM:	tucker
2025-04-28 02:36:49,411 fflow.py init [line:800] INFO LRate:		0.0001
2025-04-28 02:36:49,411 fflow.py init [line:801] INFO COMPRESS:		tucker
2025-04-28 02:36:49,411 fflow.py init [line:807] INFO GAMMA:		1.1
2025-04-28 02:36:50,934 fflow.py init [line:853] INFO SCENE:		horizontal FL with 1 <class 'tucker.Server'>, 20 <class 'tucker.Client'>
2025-04-28 02:36:51,196 fflow.py init [line:870] INFO SIMULATOR:	<class 'flgo.simulator.default_simulator.Simulator'>
2025-04-28 02:36:51,197 fflow.py init [line:883] INFO Ready to start.
2025-04-28 02:36:51,197 fedbase.py run [line:306] INFO --------------Initial Evaluation--------------
2025-04-28 02:36:51,197 simple_logger.py log_once [line:14] INFO Current_time:0
2025-04-28 02:36:54,157 simple_logger.py log_once [line:28] INFO test_accuracy                 0.1000
2025-04-28 02:36:54,157 simple_logger.py log_once [line:28] INFO test_loss                     2.3036
2025-04-28 02:36:54,157 simple_logger.py log_once [line:28] INFO val_accuracy                  0.1030
2025-04-28 02:36:54,157 simple_logger.py log_once [line:28] INFO mean_val_accuracy             0.1030
2025-04-28 02:36:54,157 simple_logger.py log_once [line:28] INFO std_val_accuracy              0.0128
2025-04-28 02:36:54,157 simple_logger.py log_once [line:28] INFO val_loss                      2.3030
2025-04-28 02:36:54,157 simple_logger.py log_once [line:28] INFO mean_val_loss                 2.3030
2025-04-28 02:36:54,157 simple_logger.py log_once [line:28] INFO std_val_loss                  0.0011
2025-04-28 02:36:54,158 fedbase.py run [line:309] INFO expense     0
2025-04-28 02:36:54,158 fedbase.py run [line:310] INFO Eval Time Cost:               2.9603s
2025-04-28 02:36:54,158 asyncbase.py iterate [line:68] INFO Select clients [0, 1, 2, 3, 4, 5, 6, 7, 8, 9, 10, 11, 12, 13, 14, 15, 16, 17, 18, 19] at time 1.
2025-04-28 02:37:24,056 asyncbase.py iterate [line:73] INFO Receive new models from clients [14, 2, 8, 18, 7, 10, 19, 5, 17, 6, 15, 3, 12, 0, 16, 1, 4, 13, 11, 9] at time 4
2025-04-28 02:37:28,134 fedbase.py run [line:318] INFO --------------Round 1--------------
2025-04-28 02:37:28,135 simple_logger.py log_once [line:14] INFO Current_time:4
2025-04-28 02:37:30,944 simple_logger.py log_once [line:28] INFO test_accuracy                 0.1862
2025-04-28 02:37:30,944 simple_logger.py log_once [line:28] INFO test_loss                     2.2823
2025-04-28 02:37:30,944 simple_logger.py log_once [line:28] INFO val_accuracy                  0.1818
2025-04-28 02:37:30,944 simple_logger.py log_once [line:28] INFO mean_val_accuracy             0.1818
2025-04-28 02:37:30,944 simple_logger.py log_once [line:28] INFO std_val_accuracy              0.0235
2025-04-28 02:37:30,944 simple_logger.py log_once [line:28] INFO val_loss                      2.2864
2025-04-28 02:37:30,944 simple_logger.py log_once [line:28] INFO mean_val_loss                 2.2864
2025-04-28 02:37:30,944 simple_logger.py log_once [line:28] INFO std_val_loss                  0.0577
2025-04-28 02:37:30,944 fedbase.py run [line:323] INFO expense           55869810.0
2025-04-28 02:37:30,945 fedbase.py run [line:324] INFO Eval Time Cost:               2.8099s
2025-04-28 02:37:30,945 asyncbase.py iterate [line:68] INFO Select clients [0, 1, 2, 3, 4, 5, 6, 7, 8, 9, 10, 11, 12, 13, 14, 15, 16, 17, 18, 19] at time 5.
2025-04-28 02:39:05,162 asyncbase.py iterate [line:73] INFO Receive new models from clients [10, 9, 14, 6, 11, 15, 5, 12, 13, 8, 3, 0, 2, 18, 4, 16] at time 8
2025-04-28 02:39:05,163 asyncbase.py iterate [line:73] INFO Receive new models from clients [19, 7, 17, 1] at time 9
2025-04-28 02:39:05,643 fedbase.py run [line:318] INFO --------------Round 2--------------
2025-04-28 02:39:05,644 simple_logger.py log_once [line:14] INFO Current_time:9
2025-04-28 02:39:08,691 simple_logger.py log_once [line:28] INFO test_accuracy                 0.2939
2025-04-28 02:39:08,691 simple_logger.py log_once [line:28] INFO test_loss                     1.9380
2025-04-28 02:39:08,691 simple_logger.py log_once [line:28] INFO val_accuracy                  0.2886
2025-04-28 02:39:08,691 simple_logger.py log_once [line:28] INFO mean_val_accuracy             0.2886
2025-04-28 02:39:08,692 simple_logger.py log_once [line:28] INFO std_val_accuracy              0.0251
2025-04-28 02:39:08,692 simple_logger.py log_once [line:28] INFO val_loss                      1.9531
2025-04-28 02:39:08,692 simple_logger.py log_once [line:28] INFO mean_val_loss                 1.9531
2025-04-28 02:39:08,692 simple_logger.py log_once [line:28] INFO std_val_loss                  0.0503
2025-04-28 02:39:08,692 fedbase.py run [line:323] INFO expense           60301010.0
2025-04-28 02:39:08,692 fedbase.py run [line:324] INFO Eval Time Cost:               3.0478s
2025-04-28 02:39:08,692 asyncbase.py iterate [line:68] INFO Select clients [0, 1, 2, 3, 4, 5, 6, 7, 8, 9, 10, 11, 12, 13, 14, 15, 16, 17, 18, 19] at time 10.
2025-04-28 02:39:38,990 asyncbase.py iterate [line:73] INFO Receive new models from clients [19, 8, 10, 4, 7, 6, 0, 9, 17, 15, 12, 2, 3, 13, 11, 14, 1, 18, 5, 16] at time 11
2025-04-28 02:39:45,150 fedbase.py run [line:318] INFO --------------Round 3--------------
2025-04-28 02:39:45,151 simple_logger.py log_once [line:14] INFO Current_time:11
2025-04-28 02:39:48,080 simple_logger.py log_once [line:28] INFO test_accuracy                 0.4001
2025-04-28 02:39:48,080 simple_logger.py log_once [line:28] INFO test_loss                     1.5977
2025-04-28 02:39:48,080 simple_logger.py log_once [line:28] INFO val_accuracy                  0.3916
2025-04-28 02:39:48,080 simple_logger.py log_once [line:28] INFO mean_val_accuracy             0.3916
2025-04-28 02:39:48,080 simple_logger.py log_once [line:28] INFO std_val_accuracy              0.0236
2025-04-28 02:39:48,080 simple_logger.py log_once [line:28] INFO val_loss                      1.6087
2025-04-28 02:39:48,080 simple_logger.py log_once [line:28] INFO mean_val_loss                 1.6087
2025-04-28 02:39:48,080 simple_logger.py log_once [line:28] INFO std_val_loss                  0.0500
2025-04-28 02:39:48,080 fedbase.py run [line:323] INFO expense           116170820.0
2025-04-28 02:39:48,080 fedbase.py run [line:324] INFO Eval Time Cost:               2.9293s
2025-04-28 02:39:48,080 asyncbase.py iterate [line:68] INFO Select clients [0, 1, 2, 3, 4, 5, 6, 7, 8, 9, 10, 11, 12, 13, 14, 15, 16, 17, 18, 19] at time 12.
2025-04-28 02:41:19,694 asyncbase.py iterate [line:73] INFO Receive new models from clients [19, 11, 5, 4, 2, 1, 0, 13, 10, 9, 7, 12, 17, 6, 3, 16, 18, 14] at time 15
2025-04-28 02:41:19,695 asyncbase.py iterate [line:73] INFO Receive new models from clients [15, 8] at time 16
2025-04-28 02:41:20,159 fedbase.py run [line:318] INFO --------------Round 4--------------
2025-04-28 02:41:20,160 simple_logger.py log_once [line:14] INFO Current_time:16
2025-04-28 02:41:23,163 simple_logger.py log_once [line:28] INFO test_accuracy                 0.3811
2025-04-28 02:41:23,163 simple_logger.py log_once [line:28] INFO test_loss                     1.6514
2025-04-28 02:41:23,163 simple_logger.py log_once [line:28] INFO val_accuracy                  0.3780
2025-04-28 02:41:23,164 simple_logger.py log_once [line:28] INFO mean_val_accuracy             0.3780
2025-04-28 02:41:23,164 simple_logger.py log_once [line:28] INFO std_val_accuracy              0.0253
2025-04-28 02:41:23,164 simple_logger.py log_once [line:28] INFO val_loss                      1.6598
2025-04-28 02:41:23,164 simple_logger.py log_once [line:28] INFO mean_val_loss                 1.6598
2025-04-28 02:41:23,164 simple_logger.py log_once [line:28] INFO std_val_loss                  0.0500
2025-04-28 02:41:23,164 fedbase.py run [line:323] INFO expense           120602020.0
2025-04-28 02:41:23,164 fedbase.py run [line:324] INFO Eval Time Cost:               3.0041s
2025-04-28 02:41:23,164 asyncbase.py iterate [line:68] INFO Select clients [0, 1, 2, 3, 4, 5, 6, 7, 8, 9, 10, 11, 12, 13, 14, 15, 16, 17, 18, 19] at time 17.
2025-04-28 02:41:56,635 asyncbase.py iterate [line:73] INFO Receive new models from clients [16, 15, 5, 9, 14, 12, 13, 3, 1, 0, 17, 18, 8, 10, 2, 6, 4, 11, 7, 19] at time 18
2025-04-28 02:42:01,691 fedbase.py run [line:318] INFO --------------Round 5--------------
2025-04-28 02:42:01,691 simple_logger.py log_once [line:14] INFO Current_time:18
2025-04-28 02:42:04,729 simple_logger.py log_once [line:28] INFO test_accuracy                 0.4621
2025-04-28 02:42:04,729 simple_logger.py log_once [line:28] INFO test_loss                     1.4621
2025-04-28 02:42:04,729 simple_logger.py log_once [line:28] INFO val_accuracy                  0.4622
2025-04-28 02:42:04,729 simple_logger.py log_once [line:28] INFO mean_val_accuracy             0.4622
2025-04-28 02:42:04,729 simple_logger.py log_once [line:28] INFO std_val_accuracy              0.0236
2025-04-28 02:42:04,729 simple_logger.py log_once [line:28] INFO val_loss                      1.4710
2025-04-28 02:42:04,729 simple_logger.py log_once [line:28] INFO mean_val_loss                 1.4710
2025-04-28 02:42:04,729 simple_logger.py log_once [line:28] INFO std_val_loss                  0.0510
2025-04-28 02:42:04,729 fedbase.py run [line:323] INFO expense           176471830.0
2025-04-28 02:42:04,729 fedbase.py run [line:324] INFO Eval Time Cost:               3.0377s
2025-04-28 02:42:04,729 asyncbase.py iterate [line:68] INFO Select clients [0, 1, 2, 3, 4, 5, 6, 7, 8, 9, 10, 11, 12, 13, 14, 15, 16, 17, 18, 19] at time 19.
2025-04-28 02:43:37,413 asyncbase.py iterate [line:73] INFO Receive new models from clients [6, 5, 9, 13, 2, 8, 1, 16, 12, 18, 11, 7, 4, 17, 10, 0, 15, 14] at time 22
2025-04-28 02:43:37,414 asyncbase.py iterate [line:73] INFO Receive new models from clients [3, 19] at time 23
2025-04-28 02:43:37,933 fedbase.py run [line:318] INFO --------------Round 6--------------
2025-04-28 02:43:37,934 simple_logger.py log_once [line:14] INFO Current_time:23
2025-04-28 02:43:41,086 simple_logger.py log_once [line:28] INFO test_accuracy                 0.4133
2025-04-28 02:43:41,086 simple_logger.py log_once [line:28] INFO test_loss                     1.5632
2025-04-28 02:43:41,086 simple_logger.py log_once [line:28] INFO val_accuracy                  0.4116
2025-04-28 02:43:41,086 simple_logger.py log_once [line:28] INFO mean_val_accuracy             0.4116
2025-04-28 02:43:41,086 simple_logger.py log_once [line:28] INFO std_val_accuracy              0.0227
2025-04-28 02:43:41,086 simple_logger.py log_once [line:28] INFO val_loss                      1.5708
2025-04-28 02:43:41,086 simple_logger.py log_once [line:28] INFO mean_val_loss                 1.5708
2025-04-28 02:43:41,086 simple_logger.py log_once [line:28] INFO std_val_loss                  0.0543
2025-04-28 02:43:41,086 fedbase.py run [line:323] INFO expense           180903030.0
2025-04-28 02:43:41,086 fedbase.py run [line:324] INFO Eval Time Cost:               3.1523s
2025-04-28 02:43:41,086 asyncbase.py iterate [line:68] INFO Select clients [0, 1, 2, 3, 4, 5, 6, 7, 8, 9, 10, 11, 12, 13, 14, 15, 16, 17, 18, 19] at time 24.
2025-04-28 02:44:17,695 asyncbase.py iterate [line:73] INFO Receive new models from clients [11, 6, 9, 4, 7, 18, 2, 5, 10, 8, 1, 0, 15, 13, 14, 3, 16, 12, 19, 17] at time 25
2025-04-28 02:44:25,058 fedbase.py run [line:318] INFO --------------Round 7--------------
2025-04-28 02:44:25,058 simple_logger.py log_once [line:14] INFO Current_time:25
2025-04-28 02:44:28,179 simple_logger.py log_once [line:28] INFO test_accuracy                 0.4773
2025-04-28 02:44:28,180 simple_logger.py log_once [line:28] INFO test_loss                     1.4185
2025-04-28 02:44:28,180 simple_logger.py log_once [line:28] INFO val_accuracy                  0.4810
2025-04-28 02:44:28,180 simple_logger.py log_once [line:28] INFO mean_val_accuracy             0.4810
2025-04-28 02:44:28,180 simple_logger.py log_once [line:28] INFO std_val_accuracy              0.0183
2025-04-28 02:44:28,180 simple_logger.py log_once [line:28] INFO val_loss                      1.4273
2025-04-28 02:44:28,180 simple_logger.py log_once [line:28] INFO mean_val_loss                 1.4273
2025-04-28 02:44:28,180 simple_logger.py log_once [line:28] INFO std_val_loss                  0.0536
2025-04-28 02:44:28,180 fedbase.py run [line:323] INFO expense           236772840.0
2025-04-28 02:44:28,180 fedbase.py run [line:324] INFO Eval Time Cost:               3.1216s
2025-04-28 02:44:28,180 asyncbase.py iterate [line:68] INFO Select clients [0, 1, 2, 3, 4, 5, 6, 7, 8, 9, 10, 11, 12, 13, 14, 15, 16, 17, 18, 19] at time 26.
2025-04-28 02:46:35,053 asyncbase.py iterate [line:73] INFO Receive new models from clients [3, 11, 18, 16, 14, 17, 8, 19, 0, 7, 12, 5, 6, 1, 4, 15, 9] at time 29
2025-04-28 02:46:35,053 asyncbase.py iterate [line:73] INFO Receive new models from clients [2, 10, 13] at time 30
2025-04-28 02:46:35,537 fedbase.py run [line:318] INFO --------------Round 8--------------
2025-04-28 02:46:35,538 simple_logger.py log_once [line:14] INFO Current_time:30
2025-04-28 02:46:38,712 simple_logger.py log_once [line:28] INFO test_accuracy                 0.4576
2025-04-28 02:46:38,712 simple_logger.py log_once [line:28] INFO test_loss                     1.4656
2025-04-28 02:46:38,712 simple_logger.py log_once [line:28] INFO val_accuracy                  0.4664
2025-04-28 02:46:38,712 simple_logger.py log_once [line:28] INFO mean_val_accuracy             0.4664
2025-04-28 02:46:38,712 simple_logger.py log_once [line:28] INFO std_val_accuracy              0.0238
2025-04-28 02:46:38,712 simple_logger.py log_once [line:28] INFO val_loss                      1.4724
2025-04-28 02:46:38,712 simple_logger.py log_once [line:28] INFO mean_val_loss                 1.4724
2025-04-28 02:46:38,712 simple_logger.py log_once [line:28] INFO std_val_loss                  0.0483
2025-04-28 02:46:38,712 fedbase.py run [line:323] INFO expense           241204040.0
2025-04-28 02:46:38,712 fedbase.py run [line:324] INFO Eval Time Cost:               3.1749s
2025-04-28 02:46:38,713 asyncbase.py iterate [line:68] INFO Select clients [0, 1, 2, 3, 4, 5, 6, 7, 8, 9, 10, 11, 12, 13, 14, 15, 16, 17, 18, 19] at time 31.
2025-04-28 02:47:15,296 asyncbase.py iterate [line:73] INFO Receive new models from clients [14, 13, 3, 7, 4, 5, 9, 17, 6, 18, 19, 16, 12, 15, 10, 2, 8, 11, 0, 1] at time 32
2025-04-28 02:47:21,714 fedbase.py run [line:318] INFO --------------Round 9--------------
2025-04-28 02:47:21,715 simple_logger.py log_once [line:14] INFO Current_time:32
2025-04-28 02:47:24,802 simple_logger.py log_once [line:28] INFO test_accuracy                 0.5123
2025-04-28 02:47:24,802 simple_logger.py log_once [line:28] INFO test_loss                     1.3473
2025-04-28 02:47:24,802 simple_logger.py log_once [line:28] INFO val_accuracy                  0.5068
2025-04-28 02:47:24,802 simple_logger.py log_once [line:28] INFO mean_val_accuracy             0.5068
2025-04-28 02:47:24,802 simple_logger.py log_once [line:28] INFO std_val_accuracy              0.0185
2025-04-28 02:47:24,802 simple_logger.py log_once [line:28] INFO val_loss                      1.3588
2025-04-28 02:47:24,802 simple_logger.py log_once [line:28] INFO mean_val_loss                 1.3588
2025-04-28 02:47:24,802 simple_logger.py log_once [line:28] INFO std_val_loss                  0.0549
2025-04-28 02:47:24,802 fedbase.py run [line:323] INFO expense           297073850.0
2025-04-28 02:47:24,803 fedbase.py run [line:324] INFO Eval Time Cost:               3.0875s
2025-04-28 02:47:24,803 asyncbase.py iterate [line:68] INFO Select clients [0, 1, 2, 3, 4, 5, 6, 7, 8, 9, 10, 11, 12, 13, 14, 15, 16, 17, 18, 19] at time 33.
2025-04-28 02:49:24,878 asyncbase.py iterate [line:73] INFO Receive new models from clients [13, 2, 5, 0, 19, 6, 17, 14, 9, 15, 11, 4, 10, 3, 7, 1, 8, 16, 12, 18] at time 36
2025-04-28 02:49:25,388 fedbase.py run [line:318] INFO --------------Round 10--------------
2025-04-28 02:49:25,388 simple_logger.py log_once [line:14] INFO Current_time:36
2025-04-28 02:49:28,604 simple_logger.py log_once [line:28] INFO test_accuracy                 0.5026
2025-04-28 02:49:28,605 simple_logger.py log_once [line:28] INFO test_loss                     1.3514
2025-04-28 02:49:28,605 simple_logger.py log_once [line:28] INFO val_accuracy                  0.5016
2025-04-28 02:49:28,605 simple_logger.py log_once [line:28] INFO mean_val_accuracy             0.5016
2025-04-28 02:49:28,605 simple_logger.py log_once [line:28] INFO std_val_accuracy              0.0143
2025-04-28 02:49:28,605 simple_logger.py log_once [line:28] INFO val_loss                      1.3632
2025-04-28 02:49:28,605 simple_logger.py log_once [line:28] INFO mean_val_loss                 1.3632
2025-04-28 02:49:28,605 simple_logger.py log_once [line:28] INFO std_val_loss                  0.0535
2025-04-28 02:49:28,605 fedbase.py run [line:323] INFO expense           301505050.0
2025-04-28 02:49:28,605 fedbase.py run [line:324] INFO Eval Time Cost:               3.2167s
2025-04-28 02:49:28,605 asyncbase.py iterate [line:68] INFO Select clients [0, 1, 2, 3, 4, 5, 6, 7, 8, 9, 10, 11, 12, 13, 14, 15, 16, 17, 18, 19] at time 37.
2025-04-28 02:50:05,065 asyncbase.py iterate [line:73] INFO Receive new models from clients [9, 15, 8, 3, 11, 19, 2, 10, 17, 6, 5, 13, 12, 4, 16, 1, 7, 14, 0, 18] at time 38
2025-04-28 02:50:11,297 fedbase.py run [line:318] INFO --------------Round 11--------------
2025-04-28 02:50:11,298 simple_logger.py log_once [line:14] INFO Current_time:38
2025-04-28 02:50:14,442 simple_logger.py log_once [line:28] INFO test_accuracy                 0.5371
2025-04-28 02:50:14,443 simple_logger.py log_once [line:28] INFO test_loss                     1.2706
2025-04-28 02:50:14,443 simple_logger.py log_once [line:28] INFO val_accuracy                  0.5362
2025-04-28 02:50:14,443 simple_logger.py log_once [line:28] INFO mean_val_accuracy             0.5362
2025-04-28 02:50:14,443 simple_logger.py log_once [line:28] INFO std_val_accuracy              0.0194
2025-04-28 02:50:14,443 simple_logger.py log_once [line:28] INFO val_loss                      1.2851
2025-04-28 02:50:14,443 simple_logger.py log_once [line:28] INFO mean_val_loss                 1.2851
2025-04-28 02:50:14,443 simple_logger.py log_once [line:28] INFO std_val_loss                  0.0599
2025-04-28 02:50:14,443 fedbase.py run [line:323] INFO expense           357374860.0
2025-04-28 02:50:14,443 fedbase.py run [line:324] INFO Eval Time Cost:               3.1452s
2025-04-28 02:50:14,443 asyncbase.py iterate [line:68] INFO Select clients [0, 1, 2, 3, 4, 5, 6, 7, 8, 9, 10, 11, 12, 13, 14, 15, 16, 17, 18, 19] at time 39.
2025-04-28 02:52:15,141 asyncbase.py iterate [line:73] INFO Receive new models from clients [12, 16, 1, 5, 3, 17, 6, 4, 14, 2, 11, 7, 8, 19, 15, 10, 13, 18] at time 42
2025-04-28 02:52:15,141 asyncbase.py iterate [line:73] INFO Receive new models from clients [9, 0] at time 43
2025-04-28 02:52:15,633 fedbase.py run [line:318] INFO --------------Round 12--------------
2025-04-28 02:52:15,634 simple_logger.py log_once [line:14] INFO Current_time:43
2025-04-28 02:52:18,835 simple_logger.py log_once [line:28] INFO test_accuracy                 0.5259
2025-04-28 02:52:18,835 simple_logger.py log_once [line:28] INFO test_loss                     1.3097
2025-04-28 02:52:18,835 simple_logger.py log_once [line:28] INFO val_accuracy                  0.5214
2025-04-28 02:52:18,835 simple_logger.py log_once [line:28] INFO mean_val_accuracy             0.5214
2025-04-28 02:52:18,836 simple_logger.py log_once [line:28] INFO std_val_accuracy              0.0205
2025-04-28 02:52:18,836 simple_logger.py log_once [line:28] INFO val_loss                      1.3227
2025-04-28 02:52:18,836 simple_logger.py log_once [line:28] INFO mean_val_loss                 1.3227
2025-04-28 02:52:18,836 simple_logger.py log_once [line:28] INFO std_val_loss                  0.0538
2025-04-28 02:52:18,836 fedbase.py run [line:323] INFO expense           361806060.0
2025-04-28 02:52:18,836 fedbase.py run [line:324] INFO Eval Time Cost:               3.2020s
2025-04-28 02:52:18,836 asyncbase.py iterate [line:68] INFO Select clients [0, 1, 2, 3, 4, 5, 6, 7, 8, 9, 10, 11, 12, 13, 14, 15, 16, 17, 18, 19] at time 44.
2025-04-28 02:52:54,582 asyncbase.py iterate [line:73] INFO Receive new models from clients [14, 7, 17, 6, 10, 12, 2, 3, 0, 9, 18, 19, 13, 1, 16, 5, 4, 11, 15, 8] at time 45
2025-04-28 02:53:00,704 fedbase.py run [line:318] INFO --------------Round 13--------------
2025-04-28 02:53:00,704 simple_logger.py log_once [line:14] INFO Current_time:45
2025-04-28 02:53:03,749 simple_logger.py log_once [line:28] INFO test_accuracy                 0.5522
2025-04-28 02:53:03,749 simple_logger.py log_once [line:28] INFO test_loss                     1.2440
2025-04-28 02:53:03,749 simple_logger.py log_once [line:28] INFO val_accuracy                  0.5406
2025-04-28 02:53:03,749 simple_logger.py log_once [line:28] INFO mean_val_accuracy             0.5406
2025-04-28 02:53:03,749 simple_logger.py log_once [line:28] INFO std_val_accuracy              0.0210
2025-04-28 02:53:03,749 simple_logger.py log_once [line:28] INFO val_loss                      1.2579
2025-04-28 02:53:03,749 simple_logger.py log_once [line:28] INFO mean_val_loss                 1.2579
2025-04-28 02:53:03,749 simple_logger.py log_once [line:28] INFO std_val_loss                  0.0627
2025-04-28 02:53:03,749 fedbase.py run [line:323] INFO expense           417675870.0
2025-04-28 02:53:03,749 fedbase.py run [line:324] INFO Eval Time Cost:               3.0450s
2025-04-28 02:53:03,750 asyncbase.py iterate [line:68] INFO Select clients [0, 1, 2, 3, 4, 5, 6, 7, 8, 9, 10, 11, 12, 13, 14, 15, 16, 17, 18, 19] at time 46.
2025-04-28 02:55:04,052 asyncbase.py iterate [line:73] INFO Receive new models from clients [10, 6, 19, 5, 8, 17, 15, 18, 1, 0, 16, 13, 2, 7, 4, 14, 12] at time 49
2025-04-28 02:55:04,052 asyncbase.py iterate [line:73] INFO Receive new models from clients [9, 3, 11] at time 50
2025-04-28 02:55:04,574 fedbase.py run [line:318] INFO --------------Round 14--------------
2025-04-28 02:55:04,574 simple_logger.py log_once [line:14] INFO Current_time:50
2025-04-28 02:55:07,690 simple_logger.py log_once [line:28] INFO test_accuracy                 0.5462
2025-04-28 02:55:07,690 simple_logger.py log_once [line:28] INFO test_loss                     1.2624
2025-04-28 02:55:07,690 simple_logger.py log_once [line:28] INFO val_accuracy                  0.5400
2025-04-28 02:55:07,690 simple_logger.py log_once [line:28] INFO mean_val_accuracy             0.5400
2025-04-28 02:55:07,690 simple_logger.py log_once [line:28] INFO std_val_accuracy              0.0204
2025-04-28 02:55:07,690 simple_logger.py log_once [line:28] INFO val_loss                      1.2744
2025-04-28 02:55:07,690 simple_logger.py log_once [line:28] INFO mean_val_loss                 1.2744
2025-04-28 02:55:07,690 simple_logger.py log_once [line:28] INFO std_val_loss                  0.0608
2025-04-28 02:55:07,690 fedbase.py run [line:323] INFO expense           422107070.0
2025-04-28 02:55:07,690 fedbase.py run [line:324] INFO Eval Time Cost:               3.1158s
2025-04-28 02:55:07,690 asyncbase.py iterate [line:68] INFO Select clients [0, 1, 2, 3, 4, 5, 6, 7, 8, 9, 10, 11, 12, 13, 14, 15, 16, 17, 18, 19] at time 51.
2025-04-28 02:55:42,988 asyncbase.py iterate [line:73] INFO Receive new models from clients [1, 17, 10, 0, 5, 9, 8, 6, 3, 15, 19, 4, 18, 2, 7, 12, 16, 11, 13, 14] at time 52
2025-04-28 02:55:49,544 fedbase.py run [line:318] INFO --------------Round 15--------------
2025-04-28 02:55:49,545 simple_logger.py log_once [line:14] INFO Current_time:52
2025-04-28 02:55:52,683 simple_logger.py log_once [line:28] INFO test_accuracy                 0.5696
2025-04-28 02:55:52,683 simple_logger.py log_once [line:28] INFO test_loss                     1.1845
2025-04-28 02:55:52,683 simple_logger.py log_once [line:28] INFO val_accuracy                  0.5654
2025-04-28 02:55:52,683 simple_logger.py log_once [line:28] INFO mean_val_accuracy             0.5654
2025-04-28 02:55:52,684 simple_logger.py log_once [line:28] INFO std_val_accuracy              0.0217
2025-04-28 02:55:52,684 simple_logger.py log_once [line:28] INFO val_loss                      1.2025
2025-04-28 02:55:52,684 simple_logger.py log_once [line:28] INFO mean_val_loss                 1.2025
2025-04-28 02:55:52,684 simple_logger.py log_once [line:28] INFO std_val_loss                  0.0659
2025-04-28 02:55:52,684 fedbase.py run [line:323] INFO expense           477976880.0
2025-04-28 02:55:52,684 fedbase.py run [line:324] INFO Eval Time Cost:               3.1392s
2025-04-28 02:55:52,684 asyncbase.py iterate [line:68] INFO Select clients [0, 1, 2, 3, 4, 5, 6, 7, 8, 9, 10, 11, 12, 13, 14, 15, 16, 17, 18, 19] at time 53.
2025-04-28 02:57:53,474 asyncbase.py iterate [line:73] INFO Receive new models from clients [5, 18, 7, 15, 16, 10, 3, 14, 4, 11, 8, 0, 1, 19, 17, 2, 9] at time 56
2025-04-28 02:57:53,475 asyncbase.py iterate [line:73] INFO Receive new models from clients [13, 6, 12] at time 57
2025-04-28 02:57:53,998 fedbase.py run [line:318] INFO --------------Round 16--------------
2025-04-28 02:57:53,999 simple_logger.py log_once [line:14] INFO Current_time:57
2025-04-28 02:57:57,218 simple_logger.py log_once [line:28] INFO test_accuracy                 0.5748
2025-04-28 02:57:57,218 simple_logger.py log_once [line:28] INFO test_loss                     1.1887
2025-04-28 02:57:57,218 simple_logger.py log_once [line:28] INFO val_accuracy                  0.5624
2025-04-28 02:57:57,218 simple_logger.py log_once [line:28] INFO mean_val_accuracy             0.5624
2025-04-28 02:57:57,218 simple_logger.py log_once [line:28] INFO std_val_accuracy              0.0227
2025-04-28 02:57:57,218 simple_logger.py log_once [line:28] INFO val_loss                      1.2084
2025-04-28 02:57:57,218 simple_logger.py log_once [line:28] INFO mean_val_loss                 1.2084
2025-04-28 02:57:57,218 simple_logger.py log_once [line:28] INFO std_val_loss                  0.0598
2025-04-28 02:57:57,218 fedbase.py run [line:323] INFO expense           482408080.0
2025-04-28 02:57:57,218 fedbase.py run [line:324] INFO Eval Time Cost:               3.2195s
2025-04-28 02:57:57,219 asyncbase.py iterate [line:68] INFO Select clients [0, 1, 2, 3, 4, 5, 6, 7, 8, 9, 10, 11, 12, 13, 14, 15, 16, 17, 18, 19] at time 58.
2025-04-28 02:58:31,881 asyncbase.py iterate [line:73] INFO Receive new models from clients [2, 18, 8, 7, 5, 12, 1, 15, 13, 16, 3, 10, 4, 11, 19, 9, 6, 17, 14, 0] at time 59
2025-04-28 02:58:37,957 fedbase.py run [line:318] INFO --------------Round 17--------------
2025-04-28 02:58:37,957 simple_logger.py log_once [line:14] INFO Current_time:59
2025-04-28 02:58:41,104 simple_logger.py log_once [line:28] INFO test_accuracy                 0.5873
2025-04-28 02:58:41,105 simple_logger.py log_once [line:28] INFO test_loss                     1.1468
2025-04-28 02:58:41,105 simple_logger.py log_once [line:28] INFO val_accuracy                  0.5822
2025-04-28 02:58:41,105 simple_logger.py log_once [line:28] INFO mean_val_accuracy             0.5822
2025-04-28 02:58:41,105 simple_logger.py log_once [line:28] INFO std_val_accuracy              0.0250
2025-04-28 02:58:41,105 simple_logger.py log_once [line:28] INFO val_loss                      1.1577
2025-04-28 02:58:41,105 simple_logger.py log_once [line:28] INFO mean_val_loss                 1.1577
2025-04-28 02:58:41,105 simple_logger.py log_once [line:28] INFO std_val_loss                  0.0662
2025-04-28 02:58:41,105 fedbase.py run [line:323] INFO expense           538277890.0
2025-04-28 02:58:41,105 fedbase.py run [line:324] INFO Eval Time Cost:               3.1475s
2025-04-28 02:58:41,105 asyncbase.py iterate [line:68] INFO Select clients [0, 1, 2, 3, 4, 5, 6, 7, 8, 9, 10, 11, 12, 13, 14, 15, 16, 17, 18, 19] at time 60.
2025-04-28 03:00:42,650 asyncbase.py iterate [line:73] INFO Receive new models from clients [18, 0, 6, 5, 11, 16, 10, 4, 8, 1, 3, 15, 7, 2] at time 63
2025-04-28 03:00:42,651 asyncbase.py iterate [line:73] INFO Receive new models from clients [13, 17, 14, 9, 19, 12] at time 64
2025-04-28 03:00:43,171 fedbase.py run [line:318] INFO --------------Round 18--------------
2025-04-28 03:00:43,172 simple_logger.py log_once [line:14] INFO Current_time:64
2025-04-28 03:00:46,232 simple_logger.py log_once [line:28] INFO test_accuracy                 0.5833
2025-04-28 03:00:46,232 simple_logger.py log_once [line:28] INFO test_loss                     1.1498
2025-04-28 03:00:46,232 simple_logger.py log_once [line:28] INFO val_accuracy                  0.5820
2025-04-28 03:00:46,232 simple_logger.py log_once [line:28] INFO mean_val_accuracy             0.5820
2025-04-28 03:00:46,232 simple_logger.py log_once [line:28] INFO std_val_accuracy              0.0202
2025-04-28 03:00:46,232 simple_logger.py log_once [line:28] INFO val_loss                      1.1603
2025-04-28 03:00:46,232 simple_logger.py log_once [line:28] INFO mean_val_loss                 1.1603
2025-04-28 03:00:46,232 simple_logger.py log_once [line:28] INFO std_val_loss                  0.0649
2025-04-28 03:00:46,232 fedbase.py run [line:323] INFO expense           542709090.0
2025-04-28 03:00:46,232 fedbase.py run [line:324] INFO Eval Time Cost:               3.0608s
2025-04-28 03:00:46,233 asyncbase.py iterate [line:68] INFO Select clients [0, 1, 2, 3, 4, 5, 6, 7, 8, 9, 10, 11, 12, 13, 14, 15, 16, 17, 18, 19] at time 65.
2025-04-28 03:01:22,737 asyncbase.py iterate [line:73] INFO Receive new models from clients [0, 13, 11, 7, 4, 12, 19, 2, 9, 15, 5, 3, 18, 10, 6, 16, 8, 1, 17, 14] at time 66
2025-04-28 03:01:29,502 fedbase.py run [line:318] INFO --------------Round 19--------------
2025-04-28 03:01:29,503 simple_logger.py log_once [line:14] INFO Current_time:66
2025-04-28 03:01:32,672 simple_logger.py log_once [line:28] INFO test_accuracy                 0.6017
2025-04-28 03:01:32,672 simple_logger.py log_once [line:28] INFO test_loss                     1.1098
2025-04-28 03:01:32,672 simple_logger.py log_once [line:28] INFO val_accuracy                  0.5914
2025-04-28 03:01:32,672 simple_logger.py log_once [line:28] INFO mean_val_accuracy             0.5914
2025-04-28 03:01:32,672 simple_logger.py log_once [line:28] INFO std_val_accuracy              0.0277
2025-04-28 03:01:32,672 simple_logger.py log_once [line:28] INFO val_loss                      1.1272
2025-04-28 03:01:32,672 simple_logger.py log_once [line:28] INFO mean_val_loss                 1.1272
2025-04-28 03:01:32,672 simple_logger.py log_once [line:28] INFO std_val_loss                  0.0667
2025-04-28 03:01:32,672 fedbase.py run [line:323] INFO expense           598578900.0
2025-04-28 03:01:32,673 fedbase.py run [line:324] INFO Eval Time Cost:               3.1694s
2025-04-28 03:01:32,673 asyncbase.py iterate [line:68] INFO Select clients [0, 1, 2, 3, 4, 5, 6, 7, 8, 9, 10, 11, 12, 13, 14, 15, 16, 17, 18, 19] at time 67.
2025-04-28 03:03:28,610 asyncbase.py iterate [line:73] INFO Receive new models from clients [8, 7, 12, 4, 14, 0, 3, 17, 2, 11, 16, 10, 15, 6, 19, 5, 13, 1] at time 70
2025-04-28 03:03:28,611 asyncbase.py iterate [line:73] INFO Receive new models from clients [18, 9] at time 71
2025-04-28 03:03:29,157 fedbase.py run [line:318] INFO --------------Round 20--------------
2025-04-28 03:03:29,158 simple_logger.py log_once [line:14] INFO Current_time:71
2025-04-28 03:03:32,251 simple_logger.py log_once [line:28] INFO test_accuracy                 0.6047
2025-04-28 03:03:32,251 simple_logger.py log_once [line:28] INFO test_loss                     1.1100
2025-04-28 03:03:32,251 simple_logger.py log_once [line:28] INFO val_accuracy                  0.5966
2025-04-28 03:03:32,251 simple_logger.py log_once [line:28] INFO mean_val_accuracy             0.5966
2025-04-28 03:03:32,251 simple_logger.py log_once [line:28] INFO std_val_accuracy              0.0265
2025-04-28 03:03:32,251 simple_logger.py log_once [line:28] INFO val_loss                      1.1298
2025-04-28 03:03:32,251 simple_logger.py log_once [line:28] INFO mean_val_loss                 1.1298
2025-04-28 03:03:32,251 simple_logger.py log_once [line:28] INFO std_val_loss                  0.0636
2025-04-28 03:03:32,251 fedbase.py run [line:323] INFO expense           603010100.0
2025-04-28 03:03:32,251 fedbase.py run [line:324] INFO Eval Time Cost:               3.0936s
2025-04-28 03:03:32,251 asyncbase.py iterate [line:68] INFO Select clients [0, 1, 2, 3, 4, 5, 6, 7, 8, 9, 10, 11, 12, 13, 14, 15, 16, 17, 18, 19] at time 72.
2025-04-28 03:05:33,110 asyncbase.py iterate [line:73] INFO Receive new models from clients [0, 5, 6, 1, 18, 2, 3, 17, 19, 4, 8, 13, 11, 12, 15, 9, 14, 16, 7, 10] at time 73
2025-04-28 03:05:33,682 fedbase.py run [line:318] INFO --------------Round 21--------------
2025-04-28 03:05:33,683 simple_logger.py log_once [line:14] INFO Current_time:73
2025-04-28 03:05:36,918 simple_logger.py log_once [line:28] INFO test_accuracy                 0.6044
2025-04-28 03:05:36,918 simple_logger.py log_once [line:28] INFO test_loss                     1.1101
2025-04-28 03:05:36,918 simple_logger.py log_once [line:28] INFO val_accuracy                  0.5970
2025-04-28 03:05:36,918 simple_logger.py log_once [line:28] INFO mean_val_accuracy             0.5970
2025-04-28 03:05:36,918 simple_logger.py log_once [line:28] INFO std_val_accuracy              0.0243
2025-04-28 03:05:36,918 simple_logger.py log_once [line:28] INFO val_loss                      1.1304
2025-04-28 03:05:36,918 simple_logger.py log_once [line:28] INFO mean_val_loss                 1.1304
2025-04-28 03:05:36,918 simple_logger.py log_once [line:28] INFO std_val_loss                  0.0645
2025-04-28 03:05:36,918 fedbase.py run [line:323] INFO expense           607441300.0
2025-04-28 03:05:36,918 fedbase.py run [line:324] INFO Eval Time Cost:               3.2358s
2025-04-28 03:05:36,919 asyncbase.py iterate [line:68] INFO Select clients [0, 1, 2, 3, 4, 5, 6, 7, 8, 9, 10, 11, 12, 13, 14, 15, 16, 17, 18, 19] at time 74.
2025-04-28 03:06:09,588 asyncbase.py iterate [line:73] INFO Receive new models from clients [0, 2, 13, 17, 12, 11, 8, 18, 14, 1, 16, 9, 6, 15, 7, 5, 19, 10, 3, 4] at time 75
2025-04-28 03:06:16,710 fedbase.py run [line:318] INFO --------------Round 22--------------
2025-04-28 03:06:16,711 simple_logger.py log_once [line:14] INFO Current_time:75
2025-04-28 03:06:19,731 simple_logger.py log_once [line:28] INFO test_accuracy                 0.6128
2025-04-28 03:06:19,731 simple_logger.py log_once [line:28] INFO test_loss                     1.0704
2025-04-28 03:06:19,731 simple_logger.py log_once [line:28] INFO val_accuracy                  0.6108
2025-04-28 03:06:19,731 simple_logger.py log_once [line:28] INFO mean_val_accuracy             0.6108
2025-04-28 03:06:19,731 simple_logger.py log_once [line:28] INFO std_val_accuracy              0.0267
2025-04-28 03:06:19,731 simple_logger.py log_once [line:28] INFO val_loss                      1.0886
2025-04-28 03:06:19,731 simple_logger.py log_once [line:28] INFO mean_val_loss                 1.0886
2025-04-28 03:06:19,731 simple_logger.py log_once [line:28] INFO std_val_loss                  0.0688
2025-04-28 03:06:19,731 fedbase.py run [line:323] INFO expense           663311110.0
2025-04-28 03:06:19,731 fedbase.py run [line:324] INFO Eval Time Cost:               3.0206s
2025-04-28 03:06:19,732 asyncbase.py iterate [line:68] INFO Select clients [0, 1, 2, 3, 4, 5, 6, 7, 8, 9, 10, 11, 12, 13, 14, 15, 16, 17, 18, 19] at time 76.
2025-04-28 03:08:17,200 asyncbase.py iterate [line:73] INFO Receive new models from clients [15, 12, 19, 2, 9, 11, 6, 1, 17, 18, 8, 0, 13, 5, 7] at time 79
2025-04-28 03:08:17,200 asyncbase.py iterate [line:73] INFO Receive new models from clients [4, 3, 14, 16, 10] at time 80
2025-04-28 03:08:17,722 fedbase.py run [line:318] INFO --------------Round 23--------------
2025-04-28 03:08:17,723 simple_logger.py log_once [line:14] INFO Current_time:80
2025-04-28 03:08:20,866 simple_logger.py log_once [line:28] INFO test_accuracy                 0.6047
2025-04-28 03:08:20,866 simple_logger.py log_once [line:28] INFO test_loss                     1.1043
2025-04-28 03:08:20,866 simple_logger.py log_once [line:28] INFO val_accuracy                  0.5948
2025-04-28 03:08:20,866 simple_logger.py log_once [line:28] INFO mean_val_accuracy             0.5948
2025-04-28 03:08:20,866 simple_logger.py log_once [line:28] INFO std_val_accuracy              0.0291
2025-04-28 03:08:20,866 simple_logger.py log_once [line:28] INFO val_loss                      1.1211
2025-04-28 03:08:20,866 simple_logger.py log_once [line:28] INFO mean_val_loss                 1.1211
2025-04-28 03:08:20,866 simple_logger.py log_once [line:28] INFO std_val_loss                  0.0693
2025-04-28 03:08:20,866 fedbase.py run [line:323] INFO expense           667742310.0
2025-04-28 03:08:20,866 fedbase.py run [line:324] INFO Eval Time Cost:               3.1438s
2025-04-28 03:08:20,867 asyncbase.py iterate [line:68] INFO Select clients [0, 1, 2, 3, 4, 5, 6, 7, 8, 9, 10, 11, 12, 13, 14, 15, 16, 17, 18, 19] at time 81.
2025-04-28 03:10:22,654 asyncbase.py iterate [line:73] INFO Receive new models from clients [6, 3, 14, 18, 12, 8, 4, 16, 15, 5, 9, 19, 17, 0, 1, 13, 7, 11, 2, 10] at time 82
2025-04-28 03:10:23,195 fedbase.py run [line:318] INFO --------------Round 24--------------
2025-04-28 03:10:23,196 simple_logger.py log_once [line:14] INFO Current_time:82
2025-04-28 03:10:26,403 simple_logger.py log_once [line:28] INFO test_accuracy                 0.6146
2025-04-28 03:10:26,404 simple_logger.py log_once [line:28] INFO test_loss                     1.0796
2025-04-28 03:10:26,404 simple_logger.py log_once [line:28] INFO val_accuracy                  0.6118
2025-04-28 03:10:26,404 simple_logger.py log_once [line:28] INFO mean_val_accuracy             0.6118
2025-04-28 03:10:26,404 simple_logger.py log_once [line:28] INFO std_val_accuracy              0.0259
2025-04-28 03:10:26,404 simple_logger.py log_once [line:28] INFO val_loss                      1.0986
2025-04-28 03:10:26,404 simple_logger.py log_once [line:28] INFO mean_val_loss                 1.0986
2025-04-28 03:10:26,404 simple_logger.py log_once [line:28] INFO std_val_loss                  0.0692
2025-04-28 03:10:26,404 fedbase.py run [line:323] INFO expense           672173510.0
2025-04-28 03:10:26,404 fedbase.py run [line:324] INFO Eval Time Cost:               3.2082s
2025-04-28 03:10:26,404 asyncbase.py iterate [line:68] INFO Select clients [0, 1, 2, 3, 4, 5, 6, 7, 8, 9, 10, 11, 12, 13, 14, 15, 16, 17, 18, 19] at time 83.
2025-04-28 03:11:01,618 asyncbase.py iterate [line:73] INFO Receive new models from clients [6, 3, 12, 17, 10, 5, 8, 16, 13, 15, 14, 4, 19, 7, 0, 9, 1, 2, 18, 11] at time 84
2025-04-28 03:11:07,955 fedbase.py run [line:318] INFO --------------Round 25--------------
2025-04-28 03:11:07,956 simple_logger.py log_once [line:14] INFO Current_time:84
2025-04-28 03:11:11,038 simple_logger.py log_once [line:28] INFO test_accuracy                 0.6285
2025-04-28 03:11:11,039 simple_logger.py log_once [line:28] INFO test_loss                     1.0271
2025-04-28 03:11:11,039 simple_logger.py log_once [line:28] INFO val_accuracy                  0.6278
2025-04-28 03:11:11,039 simple_logger.py log_once [line:28] INFO mean_val_accuracy             0.6278
2025-04-28 03:11:11,039 simple_logger.py log_once [line:28] INFO std_val_accuracy              0.0296
2025-04-28 03:11:11,039 simple_logger.py log_once [line:28] INFO val_loss                      1.0483
2025-04-28 03:11:11,039 simple_logger.py log_once [line:28] INFO mean_val_loss                 1.0483
2025-04-28 03:11:11,039 simple_logger.py log_once [line:28] INFO std_val_loss                  0.0665
2025-04-28 03:11:11,039 fedbase.py run [line:323] INFO expense           728043320.0
2025-04-28 03:11:11,039 fedbase.py run [line:324] INFO Eval Time Cost:               3.0835s
2025-04-28 03:11:11,039 asyncbase.py iterate [line:68] INFO Select clients [0, 1, 2, 3, 4, 5, 6, 7, 8, 9, 10, 11, 12, 13, 14, 15, 16, 17, 18, 19] at time 85.
2025-04-28 03:13:06,765 asyncbase.py iterate [line:73] INFO Receive new models from clients [17, 6, 9, 10, 0, 14, 19, 12, 18, 2, 11, 15, 3, 1, 5, 4] at time 88
2025-04-28 03:13:06,765 asyncbase.py iterate [line:73] INFO Receive new models from clients [13, 16, 7, 8] at time 89
2025-04-28 03:13:07,289 fedbase.py run [line:318] INFO --------------Round 26--------------
2025-04-28 03:13:07,289 simple_logger.py log_once [line:14] INFO Current_time:89
2025-04-28 03:13:10,416 simple_logger.py log_once [line:28] INFO test_accuracy                 0.6298
2025-04-28 03:13:10,417 simple_logger.py log_once [line:28] INFO test_loss                     1.0404
2025-04-28 03:13:10,417 simple_logger.py log_once [line:28] INFO val_accuracy                  0.6232
2025-04-28 03:13:10,417 simple_logger.py log_once [line:28] INFO mean_val_accuracy             0.6232
2025-04-28 03:13:10,417 simple_logger.py log_once [line:28] INFO std_val_accuracy              0.0312
2025-04-28 03:13:10,417 simple_logger.py log_once [line:28] INFO val_loss                      1.0600
2025-04-28 03:13:10,417 simple_logger.py log_once [line:28] INFO mean_val_loss                 1.0600
2025-04-28 03:13:10,417 simple_logger.py log_once [line:28] INFO std_val_loss                  0.0669
2025-04-28 03:13:10,417 fedbase.py run [line:323] INFO expense           732474520.0
2025-04-28 03:13:10,417 fedbase.py run [line:324] INFO Eval Time Cost:               3.1280s
2025-04-28 03:13:10,417 asyncbase.py iterate [line:68] INFO Select clients [0, 1, 2, 3, 4, 5, 6, 7, 8, 9, 10, 11, 12, 13, 14, 15, 16, 17, 18, 19] at time 90.
2025-04-28 03:15:13,796 asyncbase.py iterate [line:73] INFO Receive new models from clients [17, 6, 16, 14, 1, 10, 18, 19, 15, 0, 3, 2, 8, 11, 5, 4, 7, 12, 13, 9] at time 91
2025-04-28 03:15:14,451 fedbase.py run [line:318] INFO --------------Round 27--------------
2025-04-28 03:15:14,452 simple_logger.py log_once [line:14] INFO Current_time:91
2025-04-28 03:15:17,608 simple_logger.py log_once [line:28] INFO test_accuracy                 0.6258
2025-04-28 03:15:17,608 simple_logger.py log_once [line:28] INFO test_loss                     1.0344
2025-04-28 03:15:17,608 simple_logger.py log_once [line:28] INFO val_accuracy                  0.6244
2025-04-28 03:15:17,608 simple_logger.py log_once [line:28] INFO mean_val_accuracy             0.6244
2025-04-28 03:15:17,608 simple_logger.py log_once [line:28] INFO std_val_accuracy              0.0326
2025-04-28 03:15:17,608 simple_logger.py log_once [line:28] INFO val_loss                      1.0553
2025-04-28 03:15:17,608 simple_logger.py log_once [line:28] INFO mean_val_loss                 1.0553
2025-04-28 03:15:17,608 simple_logger.py log_once [line:28] INFO std_val_loss                  0.0668
2025-04-28 03:15:17,608 fedbase.py run [line:323] INFO expense           736905720.0
2025-04-28 03:15:17,608 fedbase.py run [line:324] INFO Eval Time Cost:               3.1565s
2025-04-28 03:15:17,608 asyncbase.py iterate [line:68] INFO Select clients [0, 1, 2, 3, 4, 5, 6, 7, 8, 9, 10, 11, 12, 13, 14, 15, 16, 17, 18, 19] at time 92.
2025-04-28 03:15:53,174 asyncbase.py iterate [line:73] INFO Receive new models from clients [3, 12, 17, 5, 7, 11, 13, 16, 6, 1, 15, 10, 0, 14, 8, 18, 4, 19, 2, 9] at time 93
2025-04-28 03:15:59,590 fedbase.py run [line:318] INFO --------------Round 28--------------
2025-04-28 03:15:59,591 simple_logger.py log_once [line:14] INFO Current_time:93
2025-04-28 03:16:02,683 simple_logger.py log_once [line:28] INFO test_accuracy                 0.6430
2025-04-28 03:16:02,683 simple_logger.py log_once [line:28] INFO test_loss                     0.9974
2025-04-28 03:16:02,683 simple_logger.py log_once [line:28] INFO val_accuracy                  0.6332
2025-04-28 03:16:02,683 simple_logger.py log_once [line:28] INFO mean_val_accuracy             0.6332
2025-04-28 03:16:02,683 simple_logger.py log_once [line:28] INFO std_val_accuracy              0.0324
2025-04-28 03:16:02,683 simple_logger.py log_once [line:28] INFO val_loss                      1.0161
2025-04-28 03:16:02,683 simple_logger.py log_once [line:28] INFO mean_val_loss                 1.0161
2025-04-28 03:16:02,683 simple_logger.py log_once [line:28] INFO std_val_loss                  0.0673
2025-04-28 03:16:02,683 fedbase.py run [line:323] INFO expense           792775530.0
2025-04-28 03:16:02,683 fedbase.py run [line:324] INFO Eval Time Cost:               3.0922s
2025-04-28 03:16:02,684 asyncbase.py iterate [line:68] INFO Select clients [0, 1, 2, 3, 4, 5, 6, 7, 8, 9, 10, 11, 12, 13, 14, 15, 16, 17, 18, 19] at time 94.
2025-04-28 03:17:59,433 asyncbase.py iterate [line:73] INFO Receive new models from clients [9, 12, 3, 17, 5, 10, 4, 11, 19, 18, 1, 7, 15, 13, 6, 16] at time 97
2025-04-28 03:17:59,433 asyncbase.py iterate [line:73] INFO Receive new models from clients [0, 2, 14, 8] at time 98
2025-04-28 03:17:59,989 fedbase.py run [line:318] INFO --------------Round 29--------------
2025-04-28 03:17:59,990 simple_logger.py log_once [line:14] INFO Current_time:98
2025-04-28 03:18:03,117 simple_logger.py log_once [line:28] INFO test_accuracy                 0.6390
2025-04-28 03:18:03,117 simple_logger.py log_once [line:28] INFO test_loss                     1.0096
2025-04-28 03:18:03,117 simple_logger.py log_once [line:28] INFO val_accuracy                  0.6314
2025-04-28 03:18:03,117 simple_logger.py log_once [line:28] INFO mean_val_accuracy             0.6314
2025-04-28 03:18:03,117 simple_logger.py log_once [line:28] INFO std_val_accuracy              0.0308
2025-04-28 03:18:03,117 simple_logger.py log_once [line:28] INFO val_loss                      1.0313
2025-04-28 03:18:03,117 simple_logger.py log_once [line:28] INFO mean_val_loss                 1.0313
2025-04-28 03:18:03,117 simple_logger.py log_once [line:28] INFO std_val_loss                  0.0688
2025-04-28 03:18:03,117 fedbase.py run [line:323] INFO expense           797206730.0
2025-04-28 03:18:03,118 fedbase.py run [line:324] INFO Eval Time Cost:               3.1274s
2025-04-28 03:18:03,118 asyncbase.py iterate [line:68] INFO Select clients [0, 1, 2, 3, 4, 5, 6, 7, 8, 9, 10, 11, 12, 13, 14, 15, 16, 17, 18, 19] at time 99.
2025-04-28 03:20:11,057 asyncbase.py iterate [line:73] INFO Receive new models from clients [10, 6, 8, 9, 12, 14, 1, 4, 11, 5, 2, 16, 7, 13, 18, 19, 0, 17, 15, 3] at time 100
2025-04-28 03:20:11,649 fedbase.py run [line:318] INFO --------------Round 30--------------
2025-04-28 03:20:11,650 simple_logger.py log_once [line:14] INFO Current_time:100
2025-04-28 03:20:14,890 simple_logger.py log_once [line:28] INFO test_accuracy                 0.6343
2025-04-28 03:20:14,890 simple_logger.py log_once [line:28] INFO test_loss                     1.0152
2025-04-28 03:20:14,890 simple_logger.py log_once [line:28] INFO val_accuracy                  0.6282
2025-04-28 03:20:14,890 simple_logger.py log_once [line:28] INFO mean_val_accuracy             0.6282
2025-04-28 03:20:14,890 simple_logger.py log_once [line:28] INFO std_val_accuracy              0.0293
2025-04-28 03:20:14,890 simple_logger.py log_once [line:28] INFO val_loss                      1.0310
2025-04-28 03:20:14,890 simple_logger.py log_once [line:28] INFO mean_val_loss                 1.0310
2025-04-28 03:20:14,890 simple_logger.py log_once [line:28] INFO std_val_loss                  0.0664
2025-04-28 03:20:14,890 fedbase.py run [line:323] INFO expense           801637930.0
2025-04-28 03:20:14,891 fedbase.py run [line:324] INFO Eval Time Cost:               3.2405s
2025-04-28 03:20:14,891 asyncbase.py iterate [line:68] INFO Select clients [0, 1, 2, 3, 4, 5, 6, 7, 8, 9, 10, 11, 12, 13, 14, 15, 16, 17, 18, 19] at time 101.
2025-04-28 03:20:49,578 asyncbase.py iterate [line:73] INFO Receive new models from clients [6, 7, 13, 4, 8, 5, 14, 2, 0, 19, 16, 12, 15, 18, 10, 11, 3, 1, 9, 17] at time 102
2025-04-28 03:20:56,122 fedbase.py run [line:318] INFO --------------Round 31--------------
2025-04-28 03:20:56,123 simple_logger.py log_once [line:14] INFO Current_time:102
2025-04-28 03:20:59,230 simple_logger.py log_once [line:28] INFO test_accuracy                 0.6396
2025-04-28 03:20:59,230 simple_logger.py log_once [line:28] INFO test_loss                     1.0084
2025-04-28 03:20:59,230 simple_logger.py log_once [line:28] INFO val_accuracy                  0.6352
2025-04-28 03:20:59,230 simple_logger.py log_once [line:28] INFO mean_val_accuracy             0.6352
2025-04-28 03:20:59,230 simple_logger.py log_once [line:28] INFO std_val_accuracy              0.0245
2025-04-28 03:20:59,230 simple_logger.py log_once [line:28] INFO val_loss                      1.0191
2025-04-28 03:20:59,231 simple_logger.py log_once [line:28] INFO mean_val_loss                 1.0191
2025-04-28 03:20:59,231 simple_logger.py log_once [line:28] INFO std_val_loss                  0.0701
2025-04-28 03:20:59,231 fedbase.py run [line:323] INFO expense           857507740.0
2025-04-28 03:20:59,231 fedbase.py run [line:324] INFO Eval Time Cost:               3.1078s
2025-04-28 03:20:59,231 asyncbase.py iterate [line:68] INFO Select clients [0, 1, 2, 3, 4, 5, 6, 7, 8, 9, 10, 11, 12, 13, 14, 15, 16, 17, 18, 19] at time 103.
2025-04-28 03:22:56,471 asyncbase.py iterate [line:73] INFO Receive new models from clients [10, 8, 19, 14, 5, 1, 0, 13, 16, 9, 7, 15, 17, 6, 18, 4] at time 106
2025-04-28 03:22:56,471 asyncbase.py iterate [line:73] INFO Receive new models from clients [2, 12, 3, 11] at time 107
2025-04-28 03:22:57,008 fedbase.py run [line:318] INFO --------------Round 32--------------
2025-04-28 03:22:57,009 simple_logger.py log_once [line:14] INFO Current_time:107
2025-04-28 03:23:00,179 simple_logger.py log_once [line:28] INFO test_accuracy                 0.6366
2025-04-28 03:23:00,179 simple_logger.py log_once [line:28] INFO test_loss                     1.0079
2025-04-28 03:23:00,179 simple_logger.py log_once [line:28] INFO val_accuracy                  0.6356
2025-04-28 03:23:00,180 simple_logger.py log_once [line:28] INFO mean_val_accuracy             0.6356
2025-04-28 03:23:00,180 simple_logger.py log_once [line:28] INFO std_val_accuracy              0.0247
2025-04-28 03:23:00,180 simple_logger.py log_once [line:28] INFO val_loss                      1.0183
2025-04-28 03:23:00,180 simple_logger.py log_once [line:28] INFO mean_val_loss                 1.0183
2025-04-28 03:23:00,180 simple_logger.py log_once [line:28] INFO std_val_loss                  0.0683
2025-04-28 03:23:00,180 fedbase.py run [line:323] INFO expense           861938940.0
2025-04-28 03:23:00,180 fedbase.py run [line:324] INFO Eval Time Cost:               3.1710s
2025-04-28 03:23:00,180 asyncbase.py iterate [line:68] INFO Select clients [0, 1, 2, 3, 4, 5, 6, 7, 8, 9, 10, 11, 12, 13, 14, 15, 16, 17, 18, 19] at time 108.
2025-04-28 03:25:02,167 asyncbase.py iterate [line:73] INFO Receive new models from clients [1, 14, 7, 3, 5, 16, 10, 17, 12, 19, 9, 0, 18, 13, 11, 6, 2, 8, 15, 4] at time 109
2025-04-28 03:25:02,719 fedbase.py run [line:318] INFO --------------Round 33--------------
2025-04-28 03:25:02,720 simple_logger.py log_once [line:14] INFO Current_time:109
2025-04-28 03:25:05,995 simple_logger.py log_once [line:28] INFO test_accuracy                 0.6210
2025-04-28 03:25:05,995 simple_logger.py log_once [line:28] INFO test_loss                     1.0566
2025-04-28 03:25:05,995 simple_logger.py log_once [line:28] INFO val_accuracy                  0.6206
2025-04-28 03:25:05,995 simple_logger.py log_once [line:28] INFO mean_val_accuracy             0.6206
2025-04-28 03:25:05,995 simple_logger.py log_once [line:28] INFO std_val_accuracy              0.0196
2025-04-28 03:25:05,995 simple_logger.py log_once [line:28] INFO val_loss                      1.0639
2025-04-28 03:25:05,995 simple_logger.py log_once [line:28] INFO mean_val_loss                 1.0639
2025-04-28 03:25:05,995 simple_logger.py log_once [line:28] INFO std_val_loss                  0.0681
2025-04-28 03:25:05,996 fedbase.py run [line:323] INFO expense           866370140.0
2025-04-28 03:25:05,996 fedbase.py run [line:324] INFO Eval Time Cost:               3.2759s
2025-04-28 03:25:05,996 asyncbase.py iterate [line:68] INFO Select clients [0, 1, 2, 3, 4, 5, 6, 7, 8, 9, 10, 11, 12, 13, 14, 15, 16, 17, 18, 19] at time 110.
2025-04-28 03:25:39,317 asyncbase.py iterate [line:73] INFO Receive new models from clients [4, 19, 1, 6, 3, 16, 5, 7, 13, 10, 8, 18, 17, 11, 15, 9, 0, 14, 2, 12] at time 111
2025-04-28 03:25:45,908 fedbase.py run [line:318] INFO --------------Round 34--------------
2025-04-28 03:25:45,908 simple_logger.py log_once [line:14] INFO Current_time:111
2025-04-28 03:25:49,043 simple_logger.py log_once [line:28] INFO test_accuracy                 0.6632
2025-04-28 03:25:49,043 simple_logger.py log_once [line:28] INFO test_loss                     0.9432
2025-04-28 03:25:49,043 simple_logger.py log_once [line:28] INFO val_accuracy                  0.6530
2025-04-28 03:25:49,043 simple_logger.py log_once [line:28] INFO mean_val_accuracy             0.6530
2025-04-28 03:25:49,043 simple_logger.py log_once [line:28] INFO std_val_accuracy              0.0316
2025-04-28 03:25:49,043 simple_logger.py log_once [line:28] INFO val_loss                      0.9668
2025-04-28 03:25:49,043 simple_logger.py log_once [line:28] INFO mean_val_loss                 0.9668
2025-04-28 03:25:49,043 simple_logger.py log_once [line:28] INFO std_val_loss                  0.0697
2025-04-28 03:25:49,043 fedbase.py run [line:323] INFO expense           922239950.0
2025-04-28 03:25:49,044 fedbase.py run [line:324] INFO Eval Time Cost:               3.1351s
2025-04-28 03:25:49,044 asyncbase.py iterate [line:68] INFO Select clients [0, 1, 2, 3, 4, 5, 6, 7, 8, 9, 10, 11, 12, 13, 14, 15, 16, 17, 18, 19] at time 112.
2025-04-28 03:27:46,708 asyncbase.py iterate [line:73] INFO Receive new models from clients [11, 7, 0, 2, 17, 1, 8, 16, 6, 14, 10, 3, 9, 15, 5, 18, 12, 4, 19] at time 115
2025-04-28 03:27:46,708 asyncbase.py iterate [line:73] INFO Receive new models from clients [13] at time 116
2025-04-28 03:27:47,223 fedbase.py run [line:318] INFO --------------Round 35--------------
2025-04-28 03:27:47,223 simple_logger.py log_once [line:14] INFO Current_time:116
2025-04-28 03:27:50,357 simple_logger.py log_once [line:28] INFO test_accuracy                 0.6589
2025-04-28 03:27:50,357 simple_logger.py log_once [line:28] INFO test_loss                     0.9559
2025-04-28 03:27:50,357 simple_logger.py log_once [line:28] INFO val_accuracy                  0.6474
2025-04-28 03:27:50,357 simple_logger.py log_once [line:28] INFO mean_val_accuracy             0.6474
2025-04-28 03:27:50,357 simple_logger.py log_once [line:28] INFO std_val_accuracy              0.0309
2025-04-28 03:27:50,357 simple_logger.py log_once [line:28] INFO val_loss                      0.9762
2025-04-28 03:27:50,357 simple_logger.py log_once [line:28] INFO mean_val_loss                 0.9762
2025-04-28 03:27:50,357 simple_logger.py log_once [line:28] INFO std_val_loss                  0.0687
2025-04-28 03:27:50,357 fedbase.py run [line:323] INFO expense           926671150.0
2025-04-28 03:27:50,357 fedbase.py run [line:324] INFO Eval Time Cost:               3.1338s
2025-04-28 03:27:50,357 asyncbase.py iterate [line:68] INFO Select clients [0, 1, 2, 3, 4, 5, 6, 7, 8, 9, 10, 11, 12, 13, 14, 15, 16, 17, 18, 19] at time 117.
2025-04-28 03:29:54,838 asyncbase.py iterate [line:73] INFO Receive new models from clients [14, 18, 19, 16, 17, 5, 0, 13, 12, 10, 7, 8, 2, 1, 15, 4, 9, 3, 6, 11] at time 118
2025-04-28 03:29:55,318 fedbase.py run [line:318] INFO --------------Round 36--------------
2025-04-28 03:29:55,319 simple_logger.py log_once [line:14] INFO Current_time:118
2025-04-28 03:29:58,402 simple_logger.py log_once [line:28] INFO test_accuracy                 0.6536
2025-04-28 03:29:58,402 simple_logger.py log_once [line:28] INFO test_loss                     0.9678
2025-04-28 03:29:58,403 simple_logger.py log_once [line:28] INFO val_accuracy                  0.6494
2025-04-28 03:29:58,403 simple_logger.py log_once [line:28] INFO mean_val_accuracy             0.6494
2025-04-28 03:29:58,403 simple_logger.py log_once [line:28] INFO std_val_accuracy              0.0251
2025-04-28 03:29:58,403 simple_logger.py log_once [line:28] INFO val_loss                      0.9835
2025-04-28 03:29:58,403 simple_logger.py log_once [line:28] INFO mean_val_loss                 0.9835
2025-04-28 03:29:58,403 simple_logger.py log_once [line:28] INFO std_val_loss                  0.0665
2025-04-28 03:29:58,403 fedbase.py run [line:323] INFO expense           931102350.0
2025-04-28 03:29:58,403 fedbase.py run [line:324] INFO Eval Time Cost:               3.0845s
2025-04-28 03:29:58,403 asyncbase.py iterate [line:68] INFO Select clients [0, 1, 2, 3, 4, 5, 6, 7, 8, 9, 10, 11, 12, 13, 14, 15, 16, 17, 18, 19] at time 119.
2025-04-28 03:31:59,114 asyncbase.py iterate [line:73] INFO Receive new models from clients [0, 1, 16, 6, 17, 14, 8, 3, 9, 19, 2, 11, 5, 12, 13, 4, 18, 10, 15, 7] at time 120
2025-04-28 03:31:59,603 fedbase.py run [line:318] INFO --------------Round 37--------------
2025-04-28 03:31:59,603 simple_logger.py log_once [line:14] INFO Current_time:120
2025-04-28 03:32:02,799 simple_logger.py log_once [line:28] INFO test_accuracy                 0.6558
2025-04-28 03:32:02,799 simple_logger.py log_once [line:28] INFO test_loss                     0.9595
2025-04-28 03:32:02,799 simple_logger.py log_once [line:28] INFO val_accuracy                  0.6462
2025-04-28 03:32:02,799 simple_logger.py log_once [line:28] INFO mean_val_accuracy             0.6462
2025-04-28 03:32:02,799 simple_logger.py log_once [line:28] INFO std_val_accuracy              0.0252
2025-04-28 03:32:02,800 simple_logger.py log_once [line:28] INFO val_loss                      0.9806
2025-04-28 03:32:02,800 simple_logger.py log_once [line:28] INFO mean_val_loss                 0.9806
2025-04-28 03:32:02,800 simple_logger.py log_once [line:28] INFO std_val_loss                  0.0688
2025-04-28 03:32:02,800 fedbase.py run [line:323] INFO expense           935533550.0
2025-04-28 03:32:02,800 fedbase.py run [line:324] INFO Eval Time Cost:               3.1965s
2025-04-28 03:32:02,800 asyncbase.py iterate [line:68] INFO Select clients [0, 1, 2, 3, 4, 5, 6, 7, 8, 9, 10, 11, 12, 13, 14, 15, 16, 17, 18, 19] at time 121.
2025-04-28 03:32:38,272 asyncbase.py iterate [line:73] INFO Receive new models from clients [12, 19, 7, 5, 4, 16, 8, 15, 9, 0, 17, 13, 18, 14, 11, 1, 10, 6, 3, 2] at time 122
2025-04-28 03:32:43,758 fedbase.py run [line:318] INFO --------------Round 38--------------
2025-04-28 03:32:43,758 simple_logger.py log_once [line:14] INFO Current_time:122
2025-04-28 03:32:46,898 simple_logger.py log_once [line:28] INFO test_accuracy                 0.6717
2025-04-28 03:32:46,899 simple_logger.py log_once [line:28] INFO test_loss                     0.9214
2025-04-28 03:32:46,899 simple_logger.py log_once [line:28] INFO val_accuracy                  0.6632
2025-04-28 03:32:46,899 simple_logger.py log_once [line:28] INFO mean_val_accuracy             0.6632
2025-04-28 03:32:46,899 simple_logger.py log_once [line:28] INFO std_val_accuracy              0.0239
2025-04-28 03:32:46,899 simple_logger.py log_once [line:28] INFO val_loss                      0.9430
2025-04-28 03:32:46,899 simple_logger.py log_once [line:28] INFO mean_val_loss                 0.9430
2025-04-28 03:32:46,899 simple_logger.py log_once [line:28] INFO std_val_loss                  0.0636
2025-04-28 03:32:46,899 fedbase.py run [line:323] INFO expense           991403360.0
2025-04-28 03:32:46,899 fedbase.py run [line:324] INFO Eval Time Cost:               3.1406s
2025-04-28 03:32:46,899 asyncbase.py iterate [line:68] INFO Select clients [0, 1, 2, 3, 4, 5, 6, 7, 8, 9, 10, 11, 12, 13, 14, 15, 16, 17, 18, 19] at time 123.
2025-04-28 03:34:49,890 asyncbase.py iterate [line:73] INFO Receive new models from clients [9, 5, 17, 7, 11, 10, 19, 2, 4, 13, 12, 18, 0, 3, 16, 14] at time 126
2025-04-28 03:34:49,890 asyncbase.py iterate [line:73] INFO Receive new models from clients [8, 15, 6, 1] at time 127
2025-04-28 03:34:50,429 fedbase.py run [line:318] INFO --------------Round 39--------------
2025-04-28 03:34:50,429 simple_logger.py log_once [line:14] INFO Current_time:127
2025-04-28 03:34:53,576 simple_logger.py log_once [line:28] INFO test_accuracy                 0.6514
2025-04-28 03:34:53,576 simple_logger.py log_once [line:28] INFO test_loss                     0.9747
2025-04-28 03:34:53,576 simple_logger.py log_once [line:28] INFO val_accuracy                  0.6442
2025-04-28 03:34:53,576 simple_logger.py log_once [line:28] INFO mean_val_accuracy             0.6442
2025-04-28 03:34:53,576 simple_logger.py log_once [line:28] INFO std_val_accuracy              0.0234
2025-04-28 03:34:53,577 simple_logger.py log_once [line:28] INFO val_loss                      0.9926
2025-04-28 03:34:53,577 simple_logger.py log_once [line:28] INFO mean_val_loss                 0.9926
2025-04-28 03:34:53,577 simple_logger.py log_once [line:28] INFO std_val_loss                  0.0654
2025-04-28 03:34:53,577 fedbase.py run [line:323] INFO expense           995834560.0
2025-04-28 03:34:53,577 fedbase.py run [line:324] INFO Eval Time Cost:               3.1474s
2025-04-28 03:34:53,577 asyncbase.py iterate [line:68] INFO Select clients [0, 1, 2, 3, 4, 5, 6, 7, 8, 9, 10, 11, 12, 13, 14, 15, 16, 17, 18, 19] at time 128.
2025-04-28 03:36:58,424 asyncbase.py iterate [line:73] INFO Receive new models from clients [9, 13, 6, 12, 18, 7, 1, 0, 17, 3, 15, 19, 2, 4, 8, 5, 14, 16, 11, 10] at time 129
2025-04-28 03:36:58,976 fedbase.py run [line:318] INFO --------------Round 40--------------
2025-04-28 03:36:58,977 simple_logger.py log_once [line:14] INFO Current_time:129
2025-04-28 03:37:02,128 simple_logger.py log_once [line:28] INFO test_accuracy                 0.6567
2025-04-28 03:37:02,128 simple_logger.py log_once [line:28] INFO test_loss                     0.9603
2025-04-28 03:37:02,128 simple_logger.py log_once [line:28] INFO val_accuracy                  0.6494
2025-04-28 03:37:02,128 simple_logger.py log_once [line:28] INFO mean_val_accuracy             0.6494
2025-04-28 03:37:02,128 simple_logger.py log_once [line:28] INFO std_val_accuracy              0.0210
2025-04-28 03:37:02,128 simple_logger.py log_once [line:28] INFO val_loss                      0.9786
2025-04-28 03:37:02,128 simple_logger.py log_once [line:28] INFO mean_val_loss                 0.9786
2025-04-28 03:37:02,128 simple_logger.py log_once [line:28] INFO std_val_loss                  0.0602
2025-04-28 03:37:02,128 fedbase.py run [line:323] INFO expense           1000265760.0
2025-04-28 03:37:02,128 fedbase.py run [line:324] INFO Eval Time Cost:               3.1518s
2025-04-28 03:37:02,129 asyncbase.py iterate [line:68] INFO Select clients [0, 1, 2, 3, 4, 5, 6, 7, 8, 9, 10, 11, 12, 13, 14, 15, 16, 17, 18, 19] at time 130.
2025-04-28 03:39:06,554 asyncbase.py iterate [line:73] INFO Receive new models from clients [15, 0, 9, 18, 10, 5, 4, 3, 16, 8, 11, 7, 12, 2, 14, 13, 19, 1, 17, 6] at time 131
2025-04-28 03:39:07,024 fedbase.py run [line:318] INFO --------------Round 41--------------
2025-04-28 03:39:07,025 simple_logger.py log_once [line:14] INFO Current_time:131
2025-04-28 03:39:10,119 simple_logger.py log_once [line:28] INFO test_accuracy                 0.6614
2025-04-28 03:39:10,119 simple_logger.py log_once [line:28] INFO test_loss                     0.9445
2025-04-28 03:39:10,119 simple_logger.py log_once [line:28] INFO val_accuracy                  0.6526
2025-04-28 03:39:10,119 simple_logger.py log_once [line:28] INFO mean_val_accuracy             0.6526
2025-04-28 03:39:10,119 simple_logger.py log_once [line:28] INFO std_val_accuracy              0.0211
2025-04-28 03:39:10,119 simple_logger.py log_once [line:28] INFO val_loss                      0.9641
2025-04-28 03:39:10,119 simple_logger.py log_once [line:28] INFO mean_val_loss                 0.9641
2025-04-28 03:39:10,119 simple_logger.py log_once [line:28] INFO std_val_loss                  0.0638
2025-04-28 03:39:10,119 fedbase.py run [line:323] INFO expense           1004696960.0
2025-04-28 03:39:10,119 fedbase.py run [line:324] INFO Eval Time Cost:               3.0944s
2025-04-28 03:39:10,120 asyncbase.py iterate [line:68] INFO Select clients [0, 1, 2, 3, 4, 5, 6, 7, 8, 9, 10, 11, 12, 13, 14, 15, 16, 17, 18, 19] at time 132.
2025-04-28 03:39:43,920 asyncbase.py iterate [line:73] INFO Receive new models from clients [7, 3, 16, 9, 8, 19, 11, 14, 0, 13, 5, 10, 2, 18, 1, 4, 15, 6, 17, 12] at time 133
2025-04-28 03:39:49,818 fedbase.py run [line:318] INFO --------------Round 42--------------
2025-04-28 03:39:49,819 simple_logger.py log_once [line:14] INFO Current_time:133
2025-04-28 03:39:52,911 simple_logger.py log_once [line:28] INFO test_accuracy                 0.6778
2025-04-28 03:39:52,911 simple_logger.py log_once [line:28] INFO test_loss                     0.9021
2025-04-28 03:39:52,911 simple_logger.py log_once [line:28] INFO val_accuracy                  0.6738
2025-04-28 03:39:52,911 simple_logger.py log_once [line:28] INFO mean_val_accuracy             0.6738
2025-04-28 03:39:52,911 simple_logger.py log_once [line:28] INFO std_val_accuracy              0.0250
2025-04-28 03:39:52,911 simple_logger.py log_once [line:28] INFO val_loss                      0.9202
2025-04-28 03:39:52,911 simple_logger.py log_once [line:28] INFO mean_val_loss                 0.9202
2025-04-28 03:39:52,911 simple_logger.py log_once [line:28] INFO std_val_loss                  0.0645
2025-04-28 03:39:52,911 fedbase.py run [line:323] INFO expense           1060566770.0
2025-04-28 03:39:52,911 fedbase.py run [line:324] INFO Eval Time Cost:               3.0924s
2025-04-28 03:39:52,911 asyncbase.py iterate [line:68] INFO Select clients [0, 1, 2, 3, 4, 5, 6, 7, 8, 9, 10, 11, 12, 13, 14, 15, 16, 17, 18, 19] at time 134.
2025-04-28 03:41:52,963 asyncbase.py iterate [line:73] INFO Receive new models from clients [12, 7, 2, 19, 4, 10, 11, 6, 9, 13, 0, 5, 1, 14, 3, 8, 15] at time 137
2025-04-28 03:41:52,964 asyncbase.py iterate [line:73] INFO Receive new models from clients [17, 16, 18] at time 138
2025-04-28 03:41:53,514 fedbase.py run [line:318] INFO --------------Round 43--------------
2025-04-28 03:41:53,515 simple_logger.py log_once [line:14] INFO Current_time:138
2025-04-28 03:41:56,602 simple_logger.py log_once [line:28] INFO test_accuracy                 0.6712
2025-04-28 03:41:56,602 simple_logger.py log_once [line:28] INFO test_loss                     0.9273
2025-04-28 03:41:56,602 simple_logger.py log_once [line:28] INFO val_accuracy                  0.6630
2025-04-28 03:41:56,602 simple_logger.py log_once [line:28] INFO mean_val_accuracy             0.6630
2025-04-28 03:41:56,602 simple_logger.py log_once [line:28] INFO std_val_accuracy              0.0192
2025-04-28 03:41:56,602 simple_logger.py log_once [line:28] INFO val_loss                      0.9458
2025-04-28 03:41:56,602 simple_logger.py log_once [line:28] INFO mean_val_loss                 0.9458
2025-04-28 03:41:56,602 simple_logger.py log_once [line:28] INFO std_val_loss                  0.0640
2025-04-28 03:41:56,602 fedbase.py run [line:323] INFO expense           1064997970.0
2025-04-28 03:41:56,602 fedbase.py run [line:324] INFO Eval Time Cost:               3.0877s
2025-04-28 03:41:56,602 asyncbase.py iterate [line:68] INFO Select clients [0, 1, 2, 3, 4, 5, 6, 7, 8, 9, 10, 11, 12, 13, 14, 15, 16, 17, 18, 19] at time 139.
2025-04-28 03:43:57,735 asyncbase.py iterate [line:73] INFO Receive new models from clients [4, 8, 12, 0, 16, 6, 3, 15, 17, 13, 1, 2, 9, 11, 5, 18, 10, 19, 7, 14] at time 140
2025-04-28 03:43:58,295 fedbase.py run [line:318] INFO --------------Round 44--------------
2025-04-28 03:43:58,296 simple_logger.py log_once [line:14] INFO Current_time:140
2025-04-28 03:44:01,462 simple_logger.py log_once [line:28] INFO test_accuracy                 0.6716
2025-04-28 03:44:01,462 simple_logger.py log_once [line:28] INFO test_loss                     0.9189
2025-04-28 03:44:01,463 simple_logger.py log_once [line:28] INFO val_accuracy                  0.6672
2025-04-28 03:44:01,463 simple_logger.py log_once [line:28] INFO mean_val_accuracy             0.6672
2025-04-28 03:44:01,463 simple_logger.py log_once [line:28] INFO std_val_accuracy              0.0190
2025-04-28 03:44:01,463 simple_logger.py log_once [line:28] INFO val_loss                      0.9374
2025-04-28 03:44:01,463 simple_logger.py log_once [line:28] INFO mean_val_loss                 0.9374
2025-04-28 03:44:01,463 simple_logger.py log_once [line:28] INFO std_val_loss                  0.0603
2025-04-28 03:44:01,463 fedbase.py run [line:323] INFO expense           1069429170.0
2025-04-28 03:44:01,463 fedbase.py run [line:324] INFO Eval Time Cost:               3.1673s
2025-04-28 03:44:01,463 asyncbase.py iterate [line:68] INFO Select clients [0, 1, 2, 3, 4, 5, 6, 7, 8, 9, 10, 11, 12, 13, 14, 15, 16, 17, 18, 19] at time 141.
2025-04-28 03:46:04,200 asyncbase.py iterate [line:73] INFO Receive new models from clients [13, 18, 19, 11, 10, 8, 17, 9, 0, 3, 12, 15, 14, 7, 1, 2, 5, 16, 6, 4] at time 142
2025-04-28 03:46:04,723 fedbase.py run [line:318] INFO --------------Round 45--------------
2025-04-28 03:46:04,724 simple_logger.py log_once [line:14] INFO Current_time:142
2025-04-28 03:46:07,872 simple_logger.py log_once [line:28] INFO test_accuracy                 0.6793
2025-04-28 03:46:07,872 simple_logger.py log_once [line:28] INFO test_loss                     0.9018
2025-04-28 03:46:07,872 simple_logger.py log_once [line:28] INFO val_accuracy                  0.6676
2025-04-28 03:46:07,872 simple_logger.py log_once [line:28] INFO mean_val_accuracy             0.6676
2025-04-28 03:46:07,872 simple_logger.py log_once [line:28] INFO std_val_accuracy              0.0239
2025-04-28 03:46:07,872 simple_logger.py log_once [line:28] INFO val_loss                      0.9222
2025-04-28 03:46:07,872 simple_logger.py log_once [line:28] INFO mean_val_loss                 0.9222
2025-04-28 03:46:07,872 simple_logger.py log_once [line:28] INFO std_val_loss                  0.0624
2025-04-28 03:46:07,872 fedbase.py run [line:323] INFO expense           1073860370.0
2025-04-28 03:46:07,872 fedbase.py run [line:324] INFO Eval Time Cost:               3.1485s
2025-04-28 03:46:07,872 asyncbase.py iterate [line:68] INFO Select clients [0, 1, 2, 3, 4, 5, 6, 7, 8, 9, 10, 11, 12, 13, 14, 15, 16, 17, 18, 19] at time 143.
2025-04-28 03:46:41,192 asyncbase.py iterate [line:73] INFO Receive new models from clients [4, 13, 6, 10, 8, 0, 2, 12, 18, 3, 19, 11, 1, 5, 7, 16, 9, 17, 15, 14] at time 144
2025-04-28 03:46:47,654 fedbase.py run [line:318] INFO --------------Round 46--------------
2025-04-28 03:46:47,654 simple_logger.py log_once [line:14] INFO Current_time:144
2025-04-28 03:46:50,784 simple_logger.py log_once [line:28] INFO test_accuracy                 0.6857
2025-04-28 03:46:50,784 simple_logger.py log_once [line:28] INFO test_loss                     0.8749
2025-04-28 03:46:50,784 simple_logger.py log_once [line:28] INFO val_accuracy                  0.6794
2025-04-28 03:46:50,784 simple_logger.py log_once [line:28] INFO mean_val_accuracy             0.6794
2025-04-28 03:46:50,784 simple_logger.py log_once [line:28] INFO std_val_accuracy              0.0282
2025-04-28 03:46:50,784 simple_logger.py log_once [line:28] INFO val_loss                      0.9002
2025-04-28 03:46:50,784 simple_logger.py log_once [line:28] INFO mean_val_loss                 0.9002
2025-04-28 03:46:50,784 simple_logger.py log_once [line:28] INFO std_val_loss                  0.0664
2025-04-28 03:46:50,784 fedbase.py run [line:323] INFO expense           1129730180.0
2025-04-28 03:46:50,784 fedbase.py run [line:324] INFO Eval Time Cost:               3.1300s
2025-04-28 03:46:50,785 asyncbase.py iterate [line:68] INFO Select clients [0, 1, 2, 3, 4, 5, 6, 7, 8, 9, 10, 11, 12, 13, 14, 15, 16, 17, 18, 19] at time 145.
2025-04-28 03:48:51,635 asyncbase.py iterate [line:73] INFO Receive new models from clients [0, 4, 8, 10, 14, 5, 9, 15, 17, 18, 16, 2, 6, 19, 7, 12] at time 148
2025-04-28 03:48:51,635 asyncbase.py iterate [line:73] INFO Receive new models from clients [11, 13, 3, 1] at time 149
2025-04-28 03:48:52,133 fedbase.py run [line:318] INFO --------------Round 47--------------
2025-04-28 03:48:52,134 simple_logger.py log_once [line:14] INFO Current_time:149
2025-04-28 03:48:55,308 simple_logger.py log_once [line:28] INFO test_accuracy                 0.6789
2025-04-28 03:48:55,308 simple_logger.py log_once [line:28] INFO test_loss                     0.8863
2025-04-28 03:48:55,308 simple_logger.py log_once [line:28] INFO val_accuracy                  0.6776
2025-04-28 03:48:55,308 simple_logger.py log_once [line:28] INFO mean_val_accuracy             0.6776
2025-04-28 03:48:55,308 simple_logger.py log_once [line:28] INFO std_val_accuracy              0.0285
2025-04-28 03:48:55,308 simple_logger.py log_once [line:28] INFO val_loss                      0.9128
2025-04-28 03:48:55,308 simple_logger.py log_once [line:28] INFO mean_val_loss                 0.9128
2025-04-28 03:48:55,308 simple_logger.py log_once [line:28] INFO std_val_loss                  0.0689
2025-04-28 03:48:55,308 fedbase.py run [line:323] INFO expense           1134161380.0
2025-04-28 03:48:55,308 fedbase.py run [line:324] INFO Eval Time Cost:               3.1749s
2025-04-28 03:48:55,309 asyncbase.py iterate [line:68] INFO Select clients [0, 1, 2, 3, 4, 5, 6, 7, 8, 9, 10, 11, 12, 13, 14, 15, 16, 17, 18, 19] at time 150.
2025-04-28 03:50:59,577 asyncbase.py iterate [line:73] INFO Receive new models from clients [4, 8, 2, 12, 19, 13, 16, 10, 1, 3, 18, 6, 7, 0, 15, 14, 11, 9, 5, 17] at time 151
2025-04-28 03:51:00,049 fedbase.py run [line:318] INFO --------------Round 48--------------
2025-04-28 03:51:00,050 simple_logger.py log_once [line:14] INFO Current_time:151
2025-04-28 03:51:03,177 simple_logger.py log_once [line:28] INFO test_accuracy                 0.6813
2025-04-28 03:51:03,177 simple_logger.py log_once [line:28] INFO test_loss                     0.8879
2025-04-28 03:51:03,177 simple_logger.py log_once [line:28] INFO val_accuracy                  0.6720
2025-04-28 03:51:03,177 simple_logger.py log_once [line:28] INFO mean_val_accuracy             0.6720
2025-04-28 03:51:03,177 simple_logger.py log_once [line:28] INFO std_val_accuracy              0.0220
2025-04-28 03:51:03,177 simple_logger.py log_once [line:28] INFO val_loss                      0.9097
2025-04-28 03:51:03,177 simple_logger.py log_once [line:28] INFO mean_val_loss                 0.9097
2025-04-28 03:51:03,177 simple_logger.py log_once [line:28] INFO std_val_loss                  0.0648
2025-04-28 03:51:03,177 fedbase.py run [line:323] INFO expense           1138592580.0
2025-04-28 03:51:03,177 fedbase.py run [line:324] INFO Eval Time Cost:               3.1278s
2025-04-28 03:51:03,178 asyncbase.py iterate [line:68] INFO Select clients [0, 1, 2, 3, 4, 5, 6, 7, 8, 9, 10, 11, 12, 13, 14, 15, 16, 17, 18, 19] at time 152.
2025-04-28 03:53:05,498 asyncbase.py iterate [line:73] INFO Receive new models from clients [12, 8, 7, 18, 4, 1, 9, 15, 17, 14, 3, 19, 16, 11, 13, 0, 2, 6, 5, 10] at time 153
2025-04-28 03:53:06,190 fedbase.py run [line:318] INFO --------------Round 49--------------
2025-04-28 03:53:06,191 simple_logger.py log_once [line:14] INFO Current_time:153
2025-04-28 03:53:09,368 simple_logger.py log_once [line:28] INFO test_accuracy                 0.6749
2025-04-28 03:53:09,368 simple_logger.py log_once [line:28] INFO test_loss                     0.9093
2025-04-28 03:53:09,368 simple_logger.py log_once [line:28] INFO val_accuracy                  0.6746
2025-04-28 03:53:09,368 simple_logger.py log_once [line:28] INFO mean_val_accuracy             0.6746
2025-04-28 03:53:09,368 simple_logger.py log_once [line:28] INFO std_val_accuracy              0.0354
2025-04-28 03:53:09,368 simple_logger.py log_once [line:28] INFO val_loss                      0.9370
2025-04-28 03:53:09,368 simple_logger.py log_once [line:28] INFO mean_val_loss                 0.9370
2025-04-28 03:53:09,368 simple_logger.py log_once [line:28] INFO std_val_loss                  0.0709
2025-04-28 03:53:09,368 fedbase.py run [line:323] INFO expense           1143023780.0
2025-04-28 03:53:09,368 fedbase.py run [line:324] INFO Eval Time Cost:               3.1774s
2025-04-28 03:53:09,368 asyncbase.py iterate [line:68] INFO Select clients [0, 1, 2, 3, 4, 5, 6, 7, 8, 9, 10, 11, 12, 13, 14, 15, 16, 17, 18, 19] at time 154.
2025-04-28 03:53:45,693 asyncbase.py iterate [line:73] INFO Receive new models from clients [15, 4, 1, 6, 2, 0, 18, 7, 14, 9, 8, 17, 12, 11, 10, 16, 13, 19, 3, 5] at time 155
2025-04-28 03:53:52,097 fedbase.py run [line:318] INFO --------------Round 50--------------
2025-04-28 03:53:52,098 simple_logger.py log_once [line:14] INFO Current_time:155
2025-04-28 03:53:55,183 simple_logger.py log_once [line:28] INFO test_accuracy                 0.6915
2025-04-28 03:53:55,183 simple_logger.py log_once [line:28] INFO test_loss                     0.8609
2025-04-28 03:53:55,184 simple_logger.py log_once [line:28] INFO val_accuracy                  0.6824
2025-04-28 03:53:55,184 simple_logger.py log_once [line:28] INFO mean_val_accuracy             0.6824
2025-04-28 03:53:55,184 simple_logger.py log_once [line:28] INFO std_val_accuracy              0.0298
2025-04-28 03:53:55,184 simple_logger.py log_once [line:28] INFO val_loss                      0.8834
2025-04-28 03:53:55,184 simple_logger.py log_once [line:28] INFO mean_val_loss                 0.8834
2025-04-28 03:53:55,184 simple_logger.py log_once [line:28] INFO std_val_loss                  0.0687
2025-04-28 03:53:55,184 fedbase.py run [line:323] INFO expense           1198893590.0
2025-04-28 03:53:55,184 fedbase.py run [line:324] INFO Eval Time Cost:               3.0861s
2025-04-28 03:53:55,184 asyncbase.py iterate [line:68] INFO Select clients [0, 1, 2, 3, 4, 5, 6, 7, 8, 9, 10, 11, 12, 13, 14, 15, 16, 17, 18, 19] at time 156.
2025-04-28 03:55:53,167 asyncbase.py iterate [line:73] INFO Receive new models from clients [13, 3, 7, 9, 12, 18, 5, 16, 19, 14, 10, 15, 17, 11, 2, 4] at time 159
2025-04-28 03:55:53,168 asyncbase.py iterate [line:73] INFO Receive new models from clients [0, 8, 6, 1] at time 160
2025-04-28 03:55:53,725 fedbase.py run [line:318] INFO --------------Round 51--------------
2025-04-28 03:55:53,725 simple_logger.py log_once [line:14] INFO Current_time:160
2025-04-28 03:55:56,869 simple_logger.py log_once [line:28] INFO test_accuracy                 0.6906
2025-04-28 03:55:56,869 simple_logger.py log_once [line:28] INFO test_loss                     0.8688
2025-04-28 03:55:56,869 simple_logger.py log_once [line:28] INFO val_accuracy                  0.6870
2025-04-28 03:55:56,869 simple_logger.py log_once [line:28] INFO mean_val_accuracy             0.6870
2025-04-28 03:55:56,869 simple_logger.py log_once [line:28] INFO std_val_accuracy              0.0215
2025-04-28 03:55:56,869 simple_logger.py log_once [line:28] INFO val_loss                      0.8913
2025-04-28 03:55:56,869 simple_logger.py log_once [line:28] INFO mean_val_loss                 0.8913
2025-04-28 03:55:56,869 simple_logger.py log_once [line:28] INFO std_val_loss                  0.0642
2025-04-28 03:55:56,869 fedbase.py run [line:323] INFO expense           1203324790.0
2025-04-28 03:55:56,869 fedbase.py run [line:324] INFO Eval Time Cost:               3.1443s
2025-04-28 03:55:56,869 asyncbase.py iterate [line:68] INFO Select clients [0, 1, 2, 3, 4, 5, 6, 7, 8, 9, 10, 11, 12, 13, 14, 15, 16, 17, 18, 19] at time 161.
2025-04-28 03:57:58,760 asyncbase.py iterate [line:73] INFO Receive new models from clients [0, 19, 17, 13, 4, 1, 8, 15, 16, 11, 6, 10, 12, 9, 5, 7, 2, 14, 18, 3] at time 162
2025-04-28 03:57:59,323 fedbase.py run [line:318] INFO --------------Round 52--------------
2025-04-28 03:57:59,324 simple_logger.py log_once [line:14] INFO Current_time:162
2025-04-28 03:58:02,457 simple_logger.py log_once [line:28] INFO test_accuracy                 0.6876
2025-04-28 03:58:02,457 simple_logger.py log_once [line:28] INFO test_loss                     0.8734
2025-04-28 03:58:02,457 simple_logger.py log_once [line:28] INFO val_accuracy                  0.6842
2025-04-28 03:58:02,458 simple_logger.py log_once [line:28] INFO mean_val_accuracy             0.6842
2025-04-28 03:58:02,458 simple_logger.py log_once [line:28] INFO std_val_accuracy              0.0217
2025-04-28 03:58:02,458 simple_logger.py log_once [line:28] INFO val_loss                      0.8935
2025-04-28 03:58:02,458 simple_logger.py log_once [line:28] INFO mean_val_loss                 0.8935
2025-04-28 03:58:02,458 simple_logger.py log_once [line:28] INFO std_val_loss                  0.0684
2025-04-28 03:58:02,458 fedbase.py run [line:323] INFO expense           1207755990.0
2025-04-28 03:58:02,458 fedbase.py run [line:324] INFO Eval Time Cost:               3.1340s
2025-04-28 03:58:02,458 asyncbase.py iterate [line:68] INFO Select clients [0, 1, 2, 3, 4, 5, 6, 7, 8, 9, 10, 11, 12, 13, 14, 15, 16, 17, 18, 19] at time 163.
2025-04-28 04:00:07,473 asyncbase.py iterate [line:73] INFO Receive new models from clients [7, 17, 12, 2, 0, 15, 18, 11, 9, 5, 8, 1, 16, 13, 14, 6, 10, 19, 3, 4] at time 164
2025-04-28 04:00:08,090 fedbase.py run [line:318] INFO --------------Round 53--------------
2025-04-28 04:00:08,091 simple_logger.py log_once [line:14] INFO Current_time:164
2025-04-28 04:00:11,223 simple_logger.py log_once [line:28] INFO test_accuracy                 0.6939
2025-04-28 04:00:11,223 simple_logger.py log_once [line:28] INFO test_loss                     0.8625
2025-04-28 04:00:11,223 simple_logger.py log_once [line:28] INFO val_accuracy                  0.6858
2025-04-28 04:00:11,223 simple_logger.py log_once [line:28] INFO mean_val_accuracy             0.6858
2025-04-28 04:00:11,223 simple_logger.py log_once [line:28] INFO std_val_accuracy              0.0222
2025-04-28 04:00:11,223 simple_logger.py log_once [line:28] INFO val_loss                      0.8844
2025-04-28 04:00:11,223 simple_logger.py log_once [line:28] INFO mean_val_loss                 0.8844
2025-04-28 04:00:11,223 simple_logger.py log_once [line:28] INFO std_val_loss                  0.0653
2025-04-28 04:00:11,223 fedbase.py run [line:323] INFO expense           1212187190.0
2025-04-28 04:00:11,223 fedbase.py run [line:324] INFO Eval Time Cost:               3.1325s
2025-04-28 04:00:11,224 asyncbase.py iterate [line:68] INFO Select clients [0, 1, 2, 3, 4, 5, 6, 7, 8, 9, 10, 11, 12, 13, 14, 15, 16, 17, 18, 19] at time 165.
2025-04-28 04:02:11,292 asyncbase.py iterate [line:73] INFO Receive new models from clients [2, 16, 6, 7, 5, 8, 17, 4, 19, 13, 18, 0, 14, 1, 11, 10, 12, 15, 3, 9] at time 166
2025-04-28 04:02:11,797 fedbase.py run [line:318] INFO --------------Round 54--------------
2025-04-28 04:02:11,797 simple_logger.py log_once [line:14] INFO Current_time:166
2025-04-28 04:02:14,880 simple_logger.py log_once [line:28] INFO test_accuracy                 0.6871
2025-04-28 04:02:14,880 simple_logger.py log_once [line:28] INFO test_loss                     0.8842
2025-04-28 04:02:14,880 simple_logger.py log_once [line:28] INFO val_accuracy                  0.6798
2025-04-28 04:02:14,881 simple_logger.py log_once [line:28] INFO mean_val_accuracy             0.6798
2025-04-28 04:02:14,881 simple_logger.py log_once [line:28] INFO std_val_accuracy              0.0213
2025-04-28 04:02:14,881 simple_logger.py log_once [line:28] INFO val_loss                      0.9015
2025-04-28 04:02:14,881 simple_logger.py log_once [line:28] INFO mean_val_loss                 0.9015
2025-04-28 04:02:14,881 simple_logger.py log_once [line:28] INFO std_val_loss                  0.0669
2025-04-28 04:02:14,881 fedbase.py run [line:323] INFO expense           1216618390.0
2025-04-28 04:02:14,881 fedbase.py run [line:324] INFO Eval Time Cost:               3.0836s
2025-04-28 04:02:14,881 asyncbase.py iterate [line:68] INFO Select clients [0, 1, 2, 3, 4, 5, 6, 7, 8, 9, 10, 11, 12, 13, 14, 15, 16, 17, 18, 19] at time 167.
2025-04-28 04:02:50,876 asyncbase.py iterate [line:73] INFO Receive new models from clients [14, 15, 6, 13, 2, 19, 4, 5, 18, 16, 7, 11, 3, 12, 10, 1, 0, 8, 17, 9] at time 168
2025-04-28 04:02:57,746 fedbase.py run [line:318] INFO --------------Round 55--------------
2025-04-28 04:02:57,747 simple_logger.py log_once [line:14] INFO Current_time:168
2025-04-28 04:03:00,885 simple_logger.py log_once [line:28] INFO test_accuracy                 0.6992
2025-04-28 04:03:00,885 simple_logger.py log_once [line:28] INFO test_loss                     0.8422
2025-04-28 04:03:00,885 simple_logger.py log_once [line:28] INFO val_accuracy                  0.6900
2025-04-28 04:03:00,885 simple_logger.py log_once [line:28] INFO mean_val_accuracy             0.6900
2025-04-28 04:03:00,886 simple_logger.py log_once [line:28] INFO std_val_accuracy              0.0256
2025-04-28 04:03:00,886 simple_logger.py log_once [line:28] INFO val_loss                      0.8665
2025-04-28 04:03:00,886 simple_logger.py log_once [line:28] INFO mean_val_loss                 0.8665
2025-04-28 04:03:00,886 simple_logger.py log_once [line:28] INFO std_val_loss                  0.0681
2025-04-28 04:03:00,886 fedbase.py run [line:323] INFO expense           1272488200.0
2025-04-28 04:03:00,886 fedbase.py run [line:324] INFO Eval Time Cost:               3.1389s
2025-04-28 04:03:00,886 asyncbase.py iterate [line:68] INFO Select clients [0, 1, 2, 3, 4, 5, 6, 7, 8, 9, 10, 11, 12, 13, 14, 15, 16, 17, 18, 19] at time 169.
2025-04-28 04:05:04,650 asyncbase.py iterate [line:73] INFO Receive new models from clients [19, 13, 12, 8, 11, 5, 2, 3, 15, 1, 16, 18, 17, 4, 0, 14, 7] at time 172
2025-04-28 04:05:04,651 asyncbase.py iterate [line:73] INFO Receive new models from clients [9, 6, 10] at time 173
2025-04-28 04:05:05,142 fedbase.py run [line:318] INFO --------------Round 56--------------
2025-04-28 04:05:05,143 simple_logger.py log_once [line:14] INFO Current_time:173
2025-04-28 04:05:08,232 simple_logger.py log_once [line:28] INFO test_accuracy                 0.6979
2025-04-28 04:05:08,232 simple_logger.py log_once [line:28] INFO test_loss                     0.8469
2025-04-28 04:05:08,232 simple_logger.py log_once [line:28] INFO val_accuracy                  0.6922
2025-04-28 04:05:08,232 simple_logger.py log_once [line:28] INFO mean_val_accuracy             0.6922
2025-04-28 04:05:08,232 simple_logger.py log_once [line:28] INFO std_val_accuracy              0.0235
2025-04-28 04:05:08,232 simple_logger.py log_once [line:28] INFO val_loss                      0.8709
2025-04-28 04:05:08,232 simple_logger.py log_once [line:28] INFO mean_val_loss                 0.8709
2025-04-28 04:05:08,232 simple_logger.py log_once [line:28] INFO std_val_loss                  0.0653
2025-04-28 04:05:08,232 fedbase.py run [line:323] INFO expense           1276919400.0
2025-04-28 04:05:08,232 fedbase.py run [line:324] INFO Eval Time Cost:               3.0895s
2025-04-28 04:05:08,233 asyncbase.py iterate [line:68] INFO Select clients [0, 1, 2, 3, 4, 5, 6, 7, 8, 9, 10, 11, 12, 13, 14, 15, 16, 17, 18, 19] at time 174.
2025-04-28 04:07:11,557 asyncbase.py iterate [line:73] INFO Receive new models from clients [18, 2, 17, 16, 12, 10, 15, 11, 4, 1, 8, 14, 0, 7, 9, 13, 5, 19, 3, 6] at time 175
2025-04-28 04:07:12,165 fedbase.py run [line:318] INFO --------------Round 57--------------
2025-04-28 04:07:12,165 simple_logger.py log_once [line:14] INFO Current_time:175
2025-04-28 04:07:15,288 simple_logger.py log_once [line:28] INFO test_accuracy                 0.6975
2025-04-28 04:07:15,288 simple_logger.py log_once [line:28] INFO test_loss                     0.8467
2025-04-28 04:07:15,288 simple_logger.py log_once [line:28] INFO val_accuracy                  0.6840
2025-04-28 04:07:15,288 simple_logger.py log_once [line:28] INFO mean_val_accuracy             0.6840
2025-04-28 04:07:15,288 simple_logger.py log_once [line:28] INFO std_val_accuracy              0.0260
2025-04-28 04:07:15,289 simple_logger.py log_once [line:28] INFO val_loss                      0.8726
2025-04-28 04:07:15,289 simple_logger.py log_once [line:28] INFO mean_val_loss                 0.8726
2025-04-28 04:07:15,289 simple_logger.py log_once [line:28] INFO std_val_loss                  0.0684
2025-04-28 04:07:15,289 fedbase.py run [line:323] INFO expense           1281350600.0
2025-04-28 04:07:15,289 fedbase.py run [line:324] INFO Eval Time Cost:               3.1233s
2025-04-28 04:07:15,289 asyncbase.py iterate [line:68] INFO Select clients [0, 1, 2, 3, 4, 5, 6, 7, 8, 9, 10, 11, 12, 13, 14, 15, 16, 17, 18, 19] at time 176.
2025-04-28 04:09:19,461 asyncbase.py iterate [line:73] INFO Receive new models from clients [8, 5, 17, 15, 10, 3, 7, 6, 14, 16, 11, 1, 19, 12, 13, 4, 18, 0, 9, 2] at time 177
2025-04-28 04:09:20,001 fedbase.py run [line:318] INFO --------------Round 58--------------
2025-04-28 04:09:20,002 simple_logger.py log_once [line:14] INFO Current_time:177
2025-04-28 04:09:23,173 simple_logger.py log_once [line:28] INFO test_accuracy                 0.6926
2025-04-28 04:09:23,173 simple_logger.py log_once [line:28] INFO test_loss                     0.8574
2025-04-28 04:09:23,173 simple_logger.py log_once [line:28] INFO val_accuracy                  0.6826
2025-04-28 04:09:23,173 simple_logger.py log_once [line:28] INFO mean_val_accuracy             0.6826
2025-04-28 04:09:23,174 simple_logger.py log_once [line:28] INFO std_val_accuracy              0.0258
2025-04-28 04:09:23,174 simple_logger.py log_once [line:28] INFO val_loss                      0.8847
2025-04-28 04:09:23,174 simple_logger.py log_once [line:28] INFO mean_val_loss                 0.8847
2025-04-28 04:09:23,174 simple_logger.py log_once [line:28] INFO std_val_loss                  0.0696
2025-04-28 04:09:23,174 fedbase.py run [line:323] INFO expense           1285781800.0
2025-04-28 04:09:23,174 fedbase.py run [line:324] INFO Eval Time Cost:               3.1722s
2025-04-28 04:09:23,174 asyncbase.py iterate [line:68] INFO Select clients [0, 1, 2, 3, 4, 5, 6, 7, 8, 9, 10, 11, 12, 13, 14, 15, 16, 17, 18, 19] at time 178.
2025-04-28 04:11:24,038 asyncbase.py iterate [line:73] INFO Receive new models from clients [0, 19, 8, 13, 6, 4, 2, 9, 7, 17, 15, 14, 5, 11, 1, 12, 10, 3, 18, 16] at time 179
2025-04-28 04:11:24,658 fedbase.py run [line:318] INFO --------------Round 59--------------
2025-04-28 04:11:24,658 simple_logger.py log_once [line:14] INFO Current_time:179
2025-04-28 04:11:27,755 simple_logger.py log_once [line:28] INFO test_accuracy                 0.6911
2025-04-28 04:11:27,755 simple_logger.py log_once [line:28] INFO test_loss                     0.8632
2025-04-28 04:11:27,755 simple_logger.py log_once [line:28] INFO val_accuracy                  0.6840
2025-04-28 04:11:27,755 simple_logger.py log_once [line:28] INFO mean_val_accuracy             0.6840
2025-04-28 04:11:27,755 simple_logger.py log_once [line:28] INFO std_val_accuracy              0.0237
2025-04-28 04:11:27,755 simple_logger.py log_once [line:28] INFO val_loss                      0.8849
2025-04-28 04:11:27,755 simple_logger.py log_once [line:28] INFO mean_val_loss                 0.8849
2025-04-28 04:11:27,755 simple_logger.py log_once [line:28] INFO std_val_loss                  0.0689
2025-04-28 04:11:27,755 fedbase.py run [line:323] INFO expense           1290213000.0
2025-04-28 04:11:27,755 fedbase.py run [line:324] INFO Eval Time Cost:               3.0969s
2025-04-28 04:11:27,755 asyncbase.py iterate [line:68] INFO Select clients [0, 1, 2, 3, 4, 5, 6, 7, 8, 9, 10, 11, 12, 13, 14, 15, 16, 17, 18, 19] at time 180.
2025-04-28 04:12:04,373 asyncbase.py iterate [line:73] INFO Receive new models from clients [1, 5, 8, 6, 19, 7, 3, 18, 12, 15, 16, 2, 13, 14, 17, 10, 11, 4, 0, 9] at time 181
2025-04-28 04:12:12,075 fedbase.py run [line:318] INFO --------------Round 60--------------
2025-04-28 04:12:12,075 simple_logger.py log_once [line:14] INFO Current_time:181
2025-04-28 04:12:15,196 simple_logger.py log_once [line:28] INFO test_accuracy                 0.7078
2025-04-28 04:12:15,197 simple_logger.py log_once [line:28] INFO test_loss                     0.8178
2025-04-28 04:12:15,197 simple_logger.py log_once [line:28] INFO val_accuracy                  0.7008
2025-04-28 04:12:15,197 simple_logger.py log_once [line:28] INFO mean_val_accuracy             0.7008
2025-04-28 04:12:15,197 simple_logger.py log_once [line:28] INFO std_val_accuracy              0.0253
2025-04-28 04:12:15,197 simple_logger.py log_once [line:28] INFO val_loss                      0.8417
2025-04-28 04:12:15,197 simple_logger.py log_once [line:28] INFO mean_val_loss                 0.8417
2025-04-28 04:12:15,197 simple_logger.py log_once [line:28] INFO std_val_loss                  0.0630
2025-04-28 04:12:15,197 fedbase.py run [line:323] INFO expense           1346082810.0
2025-04-28 04:12:15,197 fedbase.py run [line:324] INFO Eval Time Cost:               3.1219s
2025-04-28 04:12:15,197 asyncbase.py iterate [line:68] INFO Select clients [0, 1, 2, 3, 4, 5, 6, 7, 8, 9, 10, 11, 12, 13, 14, 15, 16, 17, 18, 19] at time 182.
2025-04-28 04:14:13,771 asyncbase.py iterate [line:73] INFO Receive new models from clients [14, 12, 8, 1, 7, 4, 5, 16, 9, 19, 10, 2, 0, 18, 17] at time 185
2025-04-28 04:14:13,771 asyncbase.py iterate [line:73] INFO Receive new models from clients [13, 3, 11, 6, 15] at time 186
2025-04-28 04:14:14,355 fedbase.py run [line:318] INFO --------------Round 61--------------
2025-04-28 04:14:14,356 simple_logger.py log_once [line:14] INFO Current_time:186
2025-04-28 04:14:17,489 simple_logger.py log_once [line:28] INFO test_accuracy                 0.7058
2025-04-28 04:14:17,489 simple_logger.py log_once [line:28] INFO test_loss                     0.8309
2025-04-28 04:14:17,489 simple_logger.py log_once [line:28] INFO val_accuracy                  0.6990
2025-04-28 04:14:17,490 simple_logger.py log_once [line:28] INFO mean_val_accuracy             0.6990
2025-04-28 04:14:17,490 simple_logger.py log_once [line:28] INFO std_val_accuracy              0.0243
2025-04-28 04:14:17,490 simple_logger.py log_once [line:28] INFO val_loss                      0.8526
2025-04-28 04:14:17,490 simple_logger.py log_once [line:28] INFO mean_val_loss                 0.8526
2025-04-28 04:14:17,490 simple_logger.py log_once [line:28] INFO std_val_loss                  0.0614
2025-04-28 04:14:17,490 fedbase.py run [line:323] INFO expense           1350514010.0
2025-04-28 04:14:17,491 fedbase.py run [line:324] INFO Eval Time Cost:               3.1349s
2025-04-28 04:14:17,491 asyncbase.py iterate [line:68] INFO Select clients [0, 1, 2, 3, 4, 5, 6, 7, 8, 9, 10, 11, 12, 13, 14, 15, 16, 17, 18, 19] at time 187.
2025-04-28 04:16:19,388 asyncbase.py iterate [line:73] INFO Receive new models from clients [0, 10, 19, 6, 11, 12, 14, 1, 3, 8, 13, 9, 17, 7, 4, 5, 16, 18, 15, 2] at time 188
2025-04-28 04:16:19,951 fedbase.py run [line:318] INFO --------------Round 62--------------
2025-04-28 04:16:19,951 simple_logger.py log_once [line:14] INFO Current_time:188
2025-04-28 04:16:23,113 simple_logger.py log_once [line:28] INFO test_accuracy                 0.7074
2025-04-28 04:16:23,113 simple_logger.py log_once [line:28] INFO test_loss                     0.8248
2025-04-28 04:16:23,113 simple_logger.py log_once [line:28] INFO val_accuracy                  0.7030
2025-04-28 04:16:23,113 simple_logger.py log_once [line:28] INFO mean_val_accuracy             0.7030
2025-04-28 04:16:23,113 simple_logger.py log_once [line:28] INFO std_val_accuracy              0.0260
2025-04-28 04:16:23,113 simple_logger.py log_once [line:28] INFO val_loss                      0.8468
2025-04-28 04:16:23,113 simple_logger.py log_once [line:28] INFO mean_val_loss                 0.8468
2025-04-28 04:16:23,113 simple_logger.py log_once [line:28] INFO std_val_loss                  0.0633
2025-04-28 04:16:23,114 fedbase.py run [line:323] INFO expense           1354945210.0
2025-04-28 04:16:23,114 fedbase.py run [line:324] INFO Eval Time Cost:               3.1623s
2025-04-28 04:16:23,114 asyncbase.py iterate [line:68] INFO Select clients [0, 1, 2, 3, 4, 5, 6, 7, 8, 9, 10, 11, 12, 13, 14, 15, 16, 17, 18, 19] at time 189.
2025-04-28 04:18:26,122 asyncbase.py iterate [line:73] INFO Receive new models from clients [19, 9, 1, 0, 12, 7, 17, 13, 3, 4, 2, 15, 16, 8, 10, 5, 11, 14, 6, 18] at time 190
2025-04-28 04:18:26,645 fedbase.py run [line:318] INFO --------------Round 63--------------
2025-04-28 04:18:26,646 simple_logger.py log_once [line:14] INFO Current_time:190
2025-04-28 04:18:29,830 simple_logger.py log_once [line:28] INFO test_accuracy                 0.7078
2025-04-28 04:18:29,830 simple_logger.py log_once [line:28] INFO test_loss                     0.8279
2025-04-28 04:18:29,830 simple_logger.py log_once [line:28] INFO val_accuracy                  0.7012
2025-04-28 04:18:29,830 simple_logger.py log_once [line:28] INFO mean_val_accuracy             0.7012
2025-04-28 04:18:29,830 simple_logger.py log_once [line:28] INFO std_val_accuracy              0.0272
2025-04-28 04:18:29,831 simple_logger.py log_once [line:28] INFO val_loss                      0.8511
2025-04-28 04:18:29,831 simple_logger.py log_once [line:28] INFO mean_val_loss                 0.8511
2025-04-28 04:18:29,831 simple_logger.py log_once [line:28] INFO std_val_loss                  0.0631
2025-04-28 04:18:29,831 fedbase.py run [line:323] INFO expense           1359376410.0
2025-04-28 04:18:29,831 fedbase.py run [line:324] INFO Eval Time Cost:               3.1847s
2025-04-28 04:18:29,831 asyncbase.py iterate [line:68] INFO Select clients [0, 1, 2, 3, 4, 5, 6, 7, 8, 9, 10, 11, 12, 13, 14, 15, 16, 17, 18, 19] at time 191.
2025-04-28 04:20:30,041 asyncbase.py iterate [line:73] INFO Receive new models from clients [5, 15, 4, 7, 3, 13, 19, 10, 14, 11, 6, 8, 18, 2, 16, 12, 1, 0, 9, 17] at time 192
2025-04-28 04:20:30,561 fedbase.py run [line:318] INFO --------------Round 64--------------
2025-04-28 04:20:30,561 simple_logger.py log_once [line:14] INFO Current_time:192
2025-04-28 04:20:33,690 simple_logger.py log_once [line:28] INFO test_accuracy                 0.7051
2025-04-28 04:20:33,690 simple_logger.py log_once [line:28] INFO test_loss                     0.8284
2025-04-28 04:20:33,690 simple_logger.py log_once [line:28] INFO val_accuracy                  0.7040
2025-04-28 04:20:33,690 simple_logger.py log_once [line:28] INFO mean_val_accuracy             0.7040
2025-04-28 04:20:33,690 simple_logger.py log_once [line:28] INFO std_val_accuracy              0.0233
2025-04-28 04:20:33,690 simple_logger.py log_once [line:28] INFO val_loss                      0.8487
2025-04-28 04:20:33,690 simple_logger.py log_once [line:28] INFO mean_val_loss                 0.8487
2025-04-28 04:20:33,691 simple_logger.py log_once [line:28] INFO std_val_loss                  0.0616
2025-04-28 04:20:33,691 fedbase.py run [line:323] INFO expense           1363807610.0
2025-04-28 04:20:33,691 fedbase.py run [line:324] INFO Eval Time Cost:               3.1294s
2025-04-28 04:20:33,691 asyncbase.py iterate [line:68] INFO Select clients [0, 1, 2, 3, 4, 5, 6, 7, 8, 9, 10, 11, 12, 13, 14, 15, 16, 17, 18, 19] at time 193.
2025-04-28 04:22:37,045 asyncbase.py iterate [line:73] INFO Receive new models from clients [0, 10, 7, 17, 13, 8, 12, 3, 16, 9, 15, 5, 19, 4, 1, 6, 2, 11, 14, 18] at time 194
2025-04-28 04:22:37,547 fedbase.py run [line:318] INFO --------------Round 65--------------
2025-04-28 04:22:37,548 simple_logger.py log_once [line:14] INFO Current_time:194
2025-04-28 04:22:40,713 simple_logger.py log_once [line:28] INFO test_accuracy                 0.7075
2025-04-28 04:22:40,713 simple_logger.py log_once [line:28] INFO test_loss                     0.8274
2025-04-28 04:22:40,713 simple_logger.py log_once [line:28] INFO val_accuracy                  0.6998
2025-04-28 04:22:40,713 simple_logger.py log_once [line:28] INFO mean_val_accuracy             0.6998
2025-04-28 04:22:40,713 simple_logger.py log_once [line:28] INFO std_val_accuracy              0.0314
2025-04-28 04:22:40,713 simple_logger.py log_once [line:28] INFO val_loss                      0.8522
2025-04-28 04:22:40,713 simple_logger.py log_once [line:28] INFO mean_val_loss                 0.8522
2025-04-28 04:22:40,713 simple_logger.py log_once [line:28] INFO std_val_loss                  0.0652
2025-04-28 04:22:40,713 fedbase.py run [line:323] INFO expense           1368238810.0
2025-04-28 04:22:40,713 fedbase.py run [line:324] INFO Eval Time Cost:               3.1657s
2025-04-28 04:22:40,714 asyncbase.py iterate [line:68] INFO Select clients [0, 1, 2, 3, 4, 5, 6, 7, 8, 9, 10, 11, 12, 13, 14, 15, 16, 17, 18, 19] at time 195.
2025-04-28 04:23:11,178 asyncbase.py iterate [line:73] INFO Receive new models from clients [17, 0, 8, 18, 3, 10, 7, 13, 1, 14, 15, 5, 6, 11, 4, 16, 9, 12, 2, 19] at time 196
2025-04-28 04:23:18,086 fedbase.py run [line:318] INFO --------------Round 66--------------
2025-04-28 04:23:18,086 simple_logger.py log_once [line:14] INFO Current_time:196
2025-04-28 04:23:21,620 simple_logger.py log_once [line:28] INFO test_accuracy                 0.7112
2025-04-28 04:23:21,621 simple_logger.py log_once [line:28] INFO test_loss                     0.8027
2025-04-28 04:23:21,621 simple_logger.py log_once [line:28] INFO val_accuracy                  0.7082
2025-04-28 04:23:21,621 simple_logger.py log_once [line:28] INFO mean_val_accuracy             0.7082
2025-04-28 04:23:21,621 simple_logger.py log_once [line:28] INFO std_val_accuracy              0.0232
2025-04-28 04:23:21,621 simple_logger.py log_once [line:28] INFO val_loss                      0.8250
2025-04-28 04:23:21,621 simple_logger.py log_once [line:28] INFO mean_val_loss                 0.8250
2025-04-28 04:23:21,621 simple_logger.py log_once [line:28] INFO std_val_loss                  0.0656
2025-04-28 04:23:21,621 fedbase.py run [line:323] INFO expense           1424108620.0
2025-04-28 04:23:21,621 fedbase.py run [line:324] INFO Eval Time Cost:               3.5348s
2025-04-28 04:23:21,621 asyncbase.py iterate [line:68] INFO Select clients [0, 1, 2, 3, 4, 5, 6, 7, 8, 9, 10, 11, 12, 13, 14, 15, 16, 17, 18, 19] at time 197.
2025-04-28 04:25:20,149 asyncbase.py iterate [line:73] INFO Receive new models from clients [12, 19, 0, 4, 16, 9, 5, 14, 11, 6, 8, 18, 7, 3, 1, 17] at time 200
2025-04-28 04:25:20,149 asyncbase.py iterate [line:73] INFO Receive new models from clients [10, 15, 2, 13] at time 201
2025-04-28 04:25:20,680 fedbase.py run [line:318] INFO --------------Round 67--------------
2025-04-28 04:25:20,681 simple_logger.py log_once [line:14] INFO Current_time:201
2025-04-28 04:25:23,831 simple_logger.py log_once [line:28] INFO test_accuracy                 0.7112
2025-04-28 04:25:23,831 simple_logger.py log_once [line:28] INFO test_loss                     0.8043
2025-04-28 04:25:23,831 simple_logger.py log_once [line:28] INFO val_accuracy                  0.7098
2025-04-28 04:25:23,831 simple_logger.py log_once [line:28] INFO mean_val_accuracy             0.7098
2025-04-28 04:25:23,831 simple_logger.py log_once [line:28] INFO std_val_accuracy              0.0264
2025-04-28 04:25:23,831 simple_logger.py log_once [line:28] INFO val_loss                      0.8279
2025-04-28 04:25:23,831 simple_logger.py log_once [line:28] INFO mean_val_loss                 0.8279
2025-04-28 04:25:23,831 simple_logger.py log_once [line:28] INFO std_val_loss                  0.0628
2025-04-28 04:25:23,831 fedbase.py run [line:323] INFO expense           1428539820.0
2025-04-28 04:25:23,831 fedbase.py run [line:324] INFO Eval Time Cost:               3.1509s
2025-04-28 04:25:23,832 asyncbase.py iterate [line:68] INFO Select clients [0, 1, 2, 3, 4, 5, 6, 7, 8, 9, 10, 11, 12, 13, 14, 15, 16, 17, 18, 19] at time 202.
2025-04-28 04:27:26,810 asyncbase.py iterate [line:73] INFO Receive new models from clients [4, 12, 6, 19, 18, 16, 14, 1, 13, 11, 5, 9, 15, 17, 7, 2, 8, 0, 10, 3] at time 203
2025-04-28 04:27:27,408 fedbase.py run [line:318] INFO --------------Round 68--------------
2025-04-28 04:27:27,408 simple_logger.py log_once [line:14] INFO Current_time:203
2025-04-28 04:27:30,525 simple_logger.py log_once [line:28] INFO test_accuracy                 0.7126
2025-04-28 04:27:30,525 simple_logger.py log_once [line:28] INFO test_loss                     0.8045
2025-04-28 04:27:30,525 simple_logger.py log_once [line:28] INFO val_accuracy                  0.7124
2025-04-28 04:27:30,525 simple_logger.py log_once [line:28] INFO mean_val_accuracy             0.7124
2025-04-28 04:27:30,525 simple_logger.py log_once [line:28] INFO std_val_accuracy              0.0236
2025-04-28 04:27:30,525 simple_logger.py log_once [line:28] INFO val_loss                      0.8264
2025-04-28 04:27:30,525 simple_logger.py log_once [line:28] INFO mean_val_loss                 0.8264
2025-04-28 04:27:30,526 simple_logger.py log_once [line:28] INFO std_val_loss                  0.0642
2025-04-28 04:27:30,526 fedbase.py run [line:323] INFO expense           1432971020.0
2025-04-28 04:27:30,526 fedbase.py run [line:324] INFO Eval Time Cost:               3.1172s
2025-04-28 04:27:30,526 asyncbase.py iterate [line:68] INFO Select clients [0, 1, 2, 3, 4, 5, 6, 7, 8, 9, 10, 11, 12, 13, 14, 15, 16, 17, 18, 19] at time 204.
2025-04-28 04:29:32,756 asyncbase.py iterate [line:73] INFO Receive new models from clients [2, 14, 10, 4, 12, 15, 11, 5, 8, 17, 9, 7, 19, 1, 16, 6, 0, 18, 3, 13] at time 205
2025-04-28 04:29:33,281 fedbase.py run [line:318] INFO --------------Round 69--------------
2025-04-28 04:29:33,282 simple_logger.py log_once [line:14] INFO Current_time:205
2025-04-28 04:29:36,397 simple_logger.py log_once [line:28] INFO test_accuracy                 0.7103
2025-04-28 04:29:36,398 simple_logger.py log_once [line:28] INFO test_loss                     0.8036
2025-04-28 04:29:36,398 simple_logger.py log_once [line:28] INFO val_accuracy                  0.7090
2025-04-28 04:29:36,398 simple_logger.py log_once [line:28] INFO mean_val_accuracy             0.7090
2025-04-28 04:29:36,398 simple_logger.py log_once [line:28] INFO std_val_accuracy              0.0250
2025-04-28 04:29:36,398 simple_logger.py log_once [line:28] INFO val_loss                      0.8258
2025-04-28 04:29:36,398 simple_logger.py log_once [line:28] INFO mean_val_loss                 0.8258
2025-04-28 04:29:36,398 simple_logger.py log_once [line:28] INFO std_val_loss                  0.0646
2025-04-28 04:29:36,398 fedbase.py run [line:323] INFO expense           1437402220.0
2025-04-28 04:29:36,398 fedbase.py run [line:324] INFO Eval Time Cost:               3.1163s
2025-04-28 04:29:36,398 asyncbase.py iterate [line:68] INFO Select clients [0, 1, 2, 3, 4, 5, 6, 7, 8, 9, 10, 11, 12, 13, 14, 15, 16, 17, 18, 19] at time 206.
2025-04-28 04:31:38,109 asyncbase.py iterate [line:73] INFO Receive new models from clients [8, 13, 6, 9, 7, 5, 12, 1, 17, 16, 3, 18, 10, 15, 2, 11, 0, 19, 14, 4] at time 207
2025-04-28 04:31:38,630 fedbase.py run [line:318] INFO --------------Round 70--------------
2025-04-28 04:31:38,630 simple_logger.py log_once [line:14] INFO Current_time:207
2025-04-28 04:31:41,758 simple_logger.py log_once [line:28] INFO test_accuracy                 0.7078
2025-04-28 04:31:41,758 simple_logger.py log_once [line:28] INFO test_loss                     0.8101
2025-04-28 04:31:41,758 simple_logger.py log_once [line:28] INFO val_accuracy                  0.7038
2025-04-28 04:31:41,758 simple_logger.py log_once [line:28] INFO mean_val_accuracy             0.7038
2025-04-28 04:31:41,758 simple_logger.py log_once [line:28] INFO std_val_accuracy              0.0235
2025-04-28 04:31:41,759 simple_logger.py log_once [line:28] INFO val_loss                      0.8352
2025-04-28 04:31:41,759 simple_logger.py log_once [line:28] INFO mean_val_loss                 0.8352
2025-04-28 04:31:41,759 simple_logger.py log_once [line:28] INFO std_val_loss                  0.0665
2025-04-28 04:31:41,759 fedbase.py run [line:323] INFO expense           1441833420.0
2025-04-28 04:31:41,759 fedbase.py run [line:324] INFO Eval Time Cost:               3.1285s
2025-04-28 04:31:41,759 asyncbase.py iterate [line:68] INFO Select clients [0, 1, 2, 3, 4, 5, 6, 7, 8, 9, 10, 11, 12, 13, 14, 15, 16, 17, 18, 19] at time 208.
2025-04-28 04:33:44,052 asyncbase.py iterate [line:73] INFO Receive new models from clients [12, 3, 5, 7, 8, 13, 10, 4, 9, 0, 14, 1, 2, 11, 6, 15, 16, 17, 19, 18] at time 209
2025-04-28 04:33:44,625 fedbase.py run [line:318] INFO --------------Round 71--------------
2025-04-28 04:33:44,626 simple_logger.py log_once [line:14] INFO Current_time:209
2025-04-28 04:33:47,830 simple_logger.py log_once [line:28] INFO test_accuracy                 0.7039
2025-04-28 04:33:47,830 simple_logger.py log_once [line:28] INFO test_loss                     0.8300
2025-04-28 04:33:47,830 simple_logger.py log_once [line:28] INFO val_accuracy                  0.7000
2025-04-28 04:33:47,830 simple_logger.py log_once [line:28] INFO mean_val_accuracy             0.7000
2025-04-28 04:33:47,830 simple_logger.py log_once [line:28] INFO std_val_accuracy              0.0235
2025-04-28 04:33:47,830 simple_logger.py log_once [line:28] INFO val_loss                      0.8550
2025-04-28 04:33:47,830 simple_logger.py log_once [line:28] INFO mean_val_loss                 0.8550
2025-04-28 04:33:47,830 simple_logger.py log_once [line:28] INFO std_val_loss                  0.0639
2025-04-28 04:33:47,831 fedbase.py run [line:323] INFO expense           1446264620.0
2025-04-28 04:33:47,831 fedbase.py run [line:324] INFO Eval Time Cost:               3.2050s
2025-04-28 04:33:47,831 asyncbase.py iterate [line:68] INFO Select clients [0, 1, 2, 3, 4, 5, 6, 7, 8, 9, 10, 11, 12, 13, 14, 15, 16, 17, 18, 19] at time 210.
2025-04-28 04:34:21,946 asyncbase.py iterate [line:73] INFO Receive new models from clients [13, 9, 5, 0, 19, 10, 18, 2, 12, 17, 8, 4, 15, 7, 1, 6, 16, 11, 14, 3] at time 211
2025-04-28 04:34:29,372 fedbase.py run [line:318] INFO --------------Round 72--------------
2025-04-28 04:34:29,372 simple_logger.py log_once [line:14] INFO Current_time:211
2025-04-28 04:34:32,476 simple_logger.py log_once [line:28] INFO test_accuracy                 0.7206
2025-04-28 04:34:32,476 simple_logger.py log_once [line:28] INFO test_loss                     0.7838
2025-04-28 04:34:32,476 simple_logger.py log_once [line:28] INFO val_accuracy                  0.7144
2025-04-28 04:34:32,476 simple_logger.py log_once [line:28] INFO mean_val_accuracy             0.7144
2025-04-28 04:34:32,476 simple_logger.py log_once [line:28] INFO std_val_accuracy              0.0231
2025-04-28 04:34:32,476 simple_logger.py log_once [line:28] INFO val_loss                      0.8083
2025-04-28 04:34:32,476 simple_logger.py log_once [line:28] INFO mean_val_loss                 0.8083
2025-04-28 04:34:32,477 simple_logger.py log_once [line:28] INFO std_val_loss                  0.0654
2025-04-28 04:34:32,477 fedbase.py run [line:323] INFO expense           1502134430.0
2025-04-28 04:34:32,477 fedbase.py run [line:324] INFO Eval Time Cost:               3.1044s
2025-04-28 04:34:32,477 asyncbase.py iterate [line:68] INFO Select clients [0, 1, 2, 3, 4, 5, 6, 7, 8, 9, 10, 11, 12, 13, 14, 15, 16, 17, 18, 19] at time 212.
2025-04-28 04:36:34,737 asyncbase.py iterate [line:73] INFO Receive new models from clients [8, 9, 7, 12, 19, 2, 10, 16, 5, 13, 15, 11, 17, 1, 14, 3, 18] at time 215
2025-04-28 04:36:34,737 asyncbase.py iterate [line:73] INFO Receive new models from clients [0, 4, 6] at time 216
2025-04-28 04:36:35,226 fedbase.py run [line:318] INFO --------------Round 73--------------
2025-04-28 04:36:35,227 simple_logger.py log_once [line:14] INFO Current_time:216
2025-04-28 04:36:38,333 simple_logger.py log_once [line:28] INFO test_accuracy                 0.7165
2025-04-28 04:36:38,333 simple_logger.py log_once [line:28] INFO test_loss                     0.7998
2025-04-28 04:36:38,333 simple_logger.py log_once [line:28] INFO val_accuracy                  0.7114
2025-04-28 04:36:38,333 simple_logger.py log_once [line:28] INFO mean_val_accuracy             0.7114
2025-04-28 04:36:38,333 simple_logger.py log_once [line:28] INFO std_val_accuracy              0.0241
2025-04-28 04:36:38,333 simple_logger.py log_once [line:28] INFO val_loss                      0.8242
2025-04-28 04:36:38,333 simple_logger.py log_once [line:28] INFO mean_val_loss                 0.8242
2025-04-28 04:36:38,333 simple_logger.py log_once [line:28] INFO std_val_loss                  0.0673
2025-04-28 04:36:38,333 fedbase.py run [line:323] INFO expense           1506565630.0
2025-04-28 04:36:38,333 fedbase.py run [line:324] INFO Eval Time Cost:               3.1067s
2025-04-28 04:36:38,333 asyncbase.py iterate [line:68] INFO Select clients [0, 1, 2, 3, 4, 5, 6, 7, 8, 9, 10, 11, 12, 13, 14, 15, 16, 17, 18, 19] at time 217.
2025-04-28 04:38:39,337 asyncbase.py iterate [line:73] INFO Receive new models from clients [9, 4, 2, 16, 18, 3, 11, 8, 19, 15, 0, 14, 13, 6, 10, 12, 5, 17, 7, 1] at time 218
2025-04-28 04:38:39,973 fedbase.py run [line:318] INFO --------------Round 74--------------
2025-04-28 04:38:39,974 simple_logger.py log_once [line:14] INFO Current_time:218
2025-04-28 04:38:43,247 simple_logger.py log_once [line:28] INFO test_accuracy                 0.7153
2025-04-28 04:38:43,248 simple_logger.py log_once [line:28] INFO test_loss                     0.7984
2025-04-28 04:38:43,248 simple_logger.py log_once [line:28] INFO val_accuracy                  0.7092
2025-04-28 04:38:43,248 simple_logger.py log_once [line:28] INFO mean_val_accuracy             0.7092
2025-04-28 04:38:43,248 simple_logger.py log_once [line:28] INFO std_val_accuracy              0.0258
2025-04-28 04:38:43,248 simple_logger.py log_once [line:28] INFO val_loss                      0.8249
2025-04-28 04:38:43,248 simple_logger.py log_once [line:28] INFO mean_val_loss                 0.8249
2025-04-28 04:38:43,248 simple_logger.py log_once [line:28] INFO std_val_loss                  0.0676
2025-04-28 04:38:43,248 fedbase.py run [line:323] INFO expense           1510996830.0
2025-04-28 04:38:43,248 fedbase.py run [line:324] INFO Eval Time Cost:               3.2742s
2025-04-28 04:38:43,248 asyncbase.py iterate [line:68] INFO Select clients [0, 1, 2, 3, 4, 5, 6, 7, 8, 9, 10, 11, 12, 13, 14, 15, 16, 17, 18, 19] at time 219.
2025-04-28 04:40:43,402 asyncbase.py iterate [line:73] INFO Receive new models from clients [7, 0, 11, 9, 3, 14, 4, 13, 5, 19, 16, 17, 18, 15, 1, 2, 6, 10, 12, 8] at time 220
2025-04-28 04:40:43,971 fedbase.py run [line:318] INFO --------------Round 75--------------
2025-04-28 04:40:43,971 simple_logger.py log_once [line:14] INFO Current_time:220
2025-04-28 04:40:47,125 simple_logger.py log_once [line:28] INFO test_accuracy                 0.7153
2025-04-28 04:40:47,125 simple_logger.py log_once [line:28] INFO test_loss                     0.7947
2025-04-28 04:40:47,125 simple_logger.py log_once [line:28] INFO val_accuracy                  0.7140
2025-04-28 04:40:47,125 simple_logger.py log_once [line:28] INFO mean_val_accuracy             0.7140
2025-04-28 04:40:47,125 simple_logger.py log_once [line:28] INFO std_val_accuracy              0.0257
2025-04-28 04:40:47,125 simple_logger.py log_once [line:28] INFO val_loss                      0.8195
2025-04-28 04:40:47,125 simple_logger.py log_once [line:28] INFO mean_val_loss                 0.8195
2025-04-28 04:40:47,125 simple_logger.py log_once [line:28] INFO std_val_loss                  0.0657
2025-04-28 04:40:47,125 fedbase.py run [line:323] INFO expense           1515428030.0
2025-04-28 04:40:47,125 fedbase.py run [line:324] INFO Eval Time Cost:               3.1541s
2025-04-28 04:40:47,125 asyncbase.py iterate [line:68] INFO Select clients [0, 1, 2, 3, 4, 5, 6, 7, 8, 9, 10, 11, 12, 13, 14, 15, 16, 17, 18, 19] at time 221.
2025-04-28 04:42:49,369 asyncbase.py iterate [line:73] INFO Receive new models from clients [0, 6, 13, 14, 19, 15, 8, 5, 18, 7, 2, 3, 11, 1, 17, 10, 9, 4, 16, 12] at time 222
2025-04-28 04:42:49,887 fedbase.py run [line:318] INFO --------------Round 76--------------
2025-04-28 04:42:49,887 simple_logger.py log_once [line:14] INFO Current_time:222
2025-04-28 04:42:53,099 simple_logger.py log_once [line:28] INFO test_accuracy                 0.7182
2025-04-28 04:42:53,099 simple_logger.py log_once [line:28] INFO test_loss                     0.7907
2025-04-28 04:42:53,099 simple_logger.py log_once [line:28] INFO val_accuracy                  0.7130
2025-04-28 04:42:53,099 simple_logger.py log_once [line:28] INFO mean_val_accuracy             0.7130
2025-04-28 04:42:53,100 simple_logger.py log_once [line:28] INFO std_val_accuracy              0.0246
2025-04-28 04:42:53,100 simple_logger.py log_once [line:28] INFO val_loss                      0.8158
2025-04-28 04:42:53,100 simple_logger.py log_once [line:28] INFO mean_val_loss                 0.8158
2025-04-28 04:42:53,100 simple_logger.py log_once [line:28] INFO std_val_loss                  0.0658
2025-04-28 04:42:53,100 fedbase.py run [line:323] INFO expense           1519859230.0
2025-04-28 04:42:53,100 fedbase.py run [line:324] INFO Eval Time Cost:               3.2125s
2025-04-28 04:42:53,100 asyncbase.py iterate [line:68] INFO Select clients [0, 1, 2, 3, 4, 5, 6, 7, 8, 9, 10, 11, 12, 13, 14, 15, 16, 17, 18, 19] at time 223.
2025-04-28 04:44:55,809 asyncbase.py iterate [line:73] INFO Receive new models from clients [14, 8, 6, 5, 19, 11, 9, 13, 12, 16, 4, 18, 3, 7, 17, 1, 15, 0, 2, 10] at time 224
2025-04-28 04:44:56,392 fedbase.py run [line:318] INFO --------------Round 77--------------
2025-04-28 04:44:56,393 simple_logger.py log_once [line:14] INFO Current_time:224
2025-04-28 04:44:59,613 simple_logger.py log_once [line:28] INFO test_accuracy                 0.7175
2025-04-28 04:44:59,613 simple_logger.py log_once [line:28] INFO test_loss                     0.7975
2025-04-28 04:44:59,613 simple_logger.py log_once [line:28] INFO val_accuracy                  0.7110
2025-04-28 04:44:59,613 simple_logger.py log_once [line:28] INFO mean_val_accuracy             0.7110
2025-04-28 04:44:59,613 simple_logger.py log_once [line:28] INFO std_val_accuracy              0.0279
2025-04-28 04:44:59,613 simple_logger.py log_once [line:28] INFO val_loss                      0.8205
2025-04-28 04:44:59,614 simple_logger.py log_once [line:28] INFO mean_val_loss                 0.8205
2025-04-28 04:44:59,614 simple_logger.py log_once [line:28] INFO std_val_loss                  0.0695
2025-04-28 04:44:59,614 fedbase.py run [line:323] INFO expense           1524290430.0
2025-04-28 04:44:59,614 fedbase.py run [line:324] INFO Eval Time Cost:               3.2207s
2025-04-28 04:44:59,614 asyncbase.py iterate [line:68] INFO Select clients [0, 1, 2, 3, 4, 5, 6, 7, 8, 9, 10, 11, 12, 13, 14, 15, 16, 17, 18, 19] at time 225.
2025-04-28 04:47:02,862 asyncbase.py iterate [line:73] INFO Receive new models from clients [16, 5, 11, 8, 18, 6, 3, 10, 0, 19, 2, 17, 4, 14, 7, 12, 13, 15, 9, 1] at time 226
2025-04-28 04:47:03,375 fedbase.py run [line:318] INFO --------------Round 78--------------
2025-04-28 04:47:03,376 simple_logger.py log_once [line:14] INFO Current_time:226
2025-04-28 04:47:06,596 simple_logger.py log_once [line:28] INFO test_accuracy                 0.7114
2025-04-28 04:47:06,597 simple_logger.py log_once [line:28] INFO test_loss                     0.8078
2025-04-28 04:47:06,597 simple_logger.py log_once [line:28] INFO val_accuracy                  0.7034
2025-04-28 04:47:06,597 simple_logger.py log_once [line:28] INFO mean_val_accuracy             0.7034
2025-04-28 04:47:06,597 simple_logger.py log_once [line:28] INFO std_val_accuracy              0.0252
2025-04-28 04:47:06,597 simple_logger.py log_once [line:28] INFO val_loss                      0.8336
2025-04-28 04:47:06,597 simple_logger.py log_once [line:28] INFO mean_val_loss                 0.8336
2025-04-28 04:47:06,597 simple_logger.py log_once [line:28] INFO std_val_loss                  0.0677
2025-04-28 04:47:06,597 fedbase.py run [line:323] INFO expense           1528721630.0
2025-04-28 04:47:06,597 fedbase.py run [line:324] INFO Eval Time Cost:               3.2210s
2025-04-28 04:47:06,597 asyncbase.py iterate [line:68] INFO Select clients [0, 1, 2, 3, 4, 5, 6, 7, 8, 9, 10, 11, 12, 13, 14, 15, 16, 17, 18, 19] at time 227.
2025-04-28 04:47:42,557 asyncbase.py iterate [line:73] INFO Receive new models from clients [17, 9, 16, 12, 11, 3, 5, 13, 14, 0, 7, 4, 18, 2, 19, 8, 15, 6, 10, 1] at time 228
2025-04-28 04:47:48,929 fedbase.py run [line:318] INFO --------------Round 79--------------
2025-04-28 04:47:48,929 simple_logger.py log_once [line:14] INFO Current_time:228
2025-04-28 04:47:52,104 simple_logger.py log_once [line:28] INFO test_accuracy                 0.7237
2025-04-28 04:47:52,104 simple_logger.py log_once [line:28] INFO test_loss                     0.7711
2025-04-28 04:47:52,104 simple_logger.py log_once [line:28] INFO val_accuracy                  0.7222
2025-04-28 04:47:52,104 simple_logger.py log_once [line:28] INFO mean_val_accuracy             0.7222
2025-04-28 04:47:52,104 simple_logger.py log_once [line:28] INFO std_val_accuracy              0.0245
2025-04-28 04:47:52,104 simple_logger.py log_once [line:28] INFO val_loss                      0.7929
2025-04-28 04:47:52,104 simple_logger.py log_once [line:28] INFO mean_val_loss                 0.7929
2025-04-28 04:47:52,104 simple_logger.py log_once [line:28] INFO std_val_loss                  0.0677
2025-04-28 04:47:52,104 fedbase.py run [line:323] INFO expense           1584591440.0
2025-04-28 04:47:52,104 fedbase.py run [line:324] INFO Eval Time Cost:               3.1749s
2025-04-28 04:47:52,104 asyncbase.py iterate [line:68] INFO Select clients [0, 1, 2, 3, 4, 5, 6, 7, 8, 9, 10, 11, 12, 13, 14, 15, 16, 17, 18, 19] at time 229.
2025-04-28 04:49:56,572 asyncbase.py iterate [line:73] INFO Receive new models from clients [0, 10, 8, 6, 4, 2, 19, 13, 1, 16, 17, 12, 7, 3, 15, 5] at time 232
2025-04-28 04:49:56,572 asyncbase.py iterate [line:73] INFO Receive new models from clients [14, 11, 9, 18] at time 233
2025-04-28 04:49:57,081 fedbase.py run [line:318] INFO --------------Round 80--------------
2025-04-28 04:49:57,082 simple_logger.py log_once [line:14] INFO Current_time:233
2025-04-28 04:50:00,176 simple_logger.py log_once [line:28] INFO test_accuracy                 0.7227
2025-04-28 04:50:00,176 simple_logger.py log_once [line:28] INFO test_loss                     0.7851
2025-04-28 04:50:00,176 simple_logger.py log_once [line:28] INFO val_accuracy                  0.7172
2025-04-28 04:50:00,176 simple_logger.py log_once [line:28] INFO mean_val_accuracy             0.7172
2025-04-28 04:50:00,176 simple_logger.py log_once [line:28] INFO std_val_accuracy              0.0258
2025-04-28 04:50:00,176 simple_logger.py log_once [line:28] INFO val_loss                      0.8060
2025-04-28 04:50:00,176 simple_logger.py log_once [line:28] INFO mean_val_loss                 0.8060
2025-04-28 04:50:00,176 simple_logger.py log_once [line:28] INFO std_val_loss                  0.0687
2025-04-28 04:50:00,176 fedbase.py run [line:323] INFO expense           1589022640.0
2025-04-28 04:50:00,176 fedbase.py run [line:324] INFO Eval Time Cost:               3.0942s
2025-04-28 04:50:00,176 asyncbase.py iterate [line:68] INFO Select clients [0, 1, 2, 3, 4, 5, 6, 7, 8, 9, 10, 11, 12, 13, 14, 15, 16, 17, 18, 19] at time 234.
2025-04-28 04:52:08,080 asyncbase.py iterate [line:73] INFO Receive new models from clients [10, 1, 16, 12, 2, 14, 18, 5, 19, 4, 15, 17, 7, 11, 13, 6, 9, 3, 8, 0] at time 235
2025-04-28 04:52:08,657 fedbase.py run [line:318] INFO --------------Round 81--------------
2025-04-28 04:52:08,658 simple_logger.py log_once [line:14] INFO Current_time:235
2025-04-28 04:52:11,793 simple_logger.py log_once [line:28] INFO test_accuracy                 0.7211
2025-04-28 04:52:11,793 simple_logger.py log_once [line:28] INFO test_loss                     0.7783
2025-04-28 04:52:11,793 simple_logger.py log_once [line:28] INFO val_accuracy                  0.7186
2025-04-28 04:52:11,793 simple_logger.py log_once [line:28] INFO mean_val_accuracy             0.7186
2025-04-28 04:52:11,793 simple_logger.py log_once [line:28] INFO std_val_accuracy              0.0236
2025-04-28 04:52:11,793 simple_logger.py log_once [line:28] INFO val_loss                      0.8011
2025-04-28 04:52:11,793 simple_logger.py log_once [line:28] INFO mean_val_loss                 0.8011
2025-04-28 04:52:11,793 simple_logger.py log_once [line:28] INFO std_val_loss                  0.0714
2025-04-28 04:52:11,793 fedbase.py run [line:323] INFO expense           1593453840.0
2025-04-28 04:52:11,793 fedbase.py run [line:324] INFO Eval Time Cost:               3.1356s
2025-04-28 04:52:11,793 asyncbase.py iterate [line:68] INFO Select clients [0, 1, 2, 3, 4, 5, 6, 7, 8, 9, 10, 11, 12, 13, 14, 15, 16, 17, 18, 19] at time 236.
2025-04-28 04:54:13,270 asyncbase.py iterate [line:73] INFO Receive new models from clients [0, 17, 2, 10, 9, 8, 6, 4, 15, 3, 18, 19, 1, 7, 16, 13, 12, 14, 11, 5] at time 237
2025-04-28 04:54:13,773 fedbase.py run [line:318] INFO --------------Round 82--------------
2025-04-28 04:54:13,773 simple_logger.py log_once [line:14] INFO Current_time:237
2025-04-28 04:54:16,990 simple_logger.py log_once [line:28] INFO test_accuracy                 0.7231
2025-04-28 04:54:16,990 simple_logger.py log_once [line:28] INFO test_loss                     0.7793
2025-04-28 04:54:16,990 simple_logger.py log_once [line:28] INFO val_accuracy                  0.7178
2025-04-28 04:54:16,990 simple_logger.py log_once [line:28] INFO mean_val_accuracy             0.7178
2025-04-28 04:54:16,990 simple_logger.py log_once [line:28] INFO std_val_accuracy              0.0255
2025-04-28 04:54:16,990 simple_logger.py log_once [line:28] INFO val_loss                      0.8006
2025-04-28 04:54:16,990 simple_logger.py log_once [line:28] INFO mean_val_loss                 0.8006
2025-04-28 04:54:16,990 simple_logger.py log_once [line:28] INFO std_val_loss                  0.0704
2025-04-28 04:54:16,990 fedbase.py run [line:323] INFO expense           1597885040.0
2025-04-28 04:54:16,990 fedbase.py run [line:324] INFO Eval Time Cost:               3.2170s
2025-04-28 04:54:16,991 asyncbase.py iterate [line:68] INFO Select clients [0, 1, 2, 3, 4, 5, 6, 7, 8, 9, 10, 11, 12, 13, 14, 15, 16, 17, 18, 19] at time 238.
2025-04-28 04:56:17,418 asyncbase.py iterate [line:73] INFO Receive new models from clients [16, 10, 15, 5, 11, 7, 19, 2, 6, 14, 8, 3, 13, 9, 12, 1, 0, 18, 4, 17] at time 239
2025-04-28 04:56:17,883 fedbase.py run [line:318] INFO --------------Round 83--------------
2025-04-28 04:56:17,884 simple_logger.py log_once [line:14] INFO Current_time:239
2025-04-28 04:56:21,052 simple_logger.py log_once [line:28] INFO test_accuracy                 0.7244
2025-04-28 04:56:21,052 simple_logger.py log_once [line:28] INFO test_loss                     0.7694
2025-04-28 04:56:21,052 simple_logger.py log_once [line:28] INFO val_accuracy                  0.7230
2025-04-28 04:56:21,052 simple_logger.py log_once [line:28] INFO mean_val_accuracy             0.7230
2025-04-28 04:56:21,052 simple_logger.py log_once [line:28] INFO std_val_accuracy              0.0244
2025-04-28 04:56:21,052 simple_logger.py log_once [line:28] INFO val_loss                      0.7933
2025-04-28 04:56:21,052 simple_logger.py log_once [line:28] INFO mean_val_loss                 0.7933
2025-04-28 04:56:21,052 simple_logger.py log_once [line:28] INFO std_val_loss                  0.0663
2025-04-28 04:56:21,052 fedbase.py run [line:323] INFO expense           1602316240.0
2025-04-28 04:56:21,052 fedbase.py run [line:324] INFO Eval Time Cost:               3.1688s
2025-04-28 04:56:21,053 asyncbase.py iterate [line:68] INFO Select clients [0, 1, 2, 3, 4, 5, 6, 7, 8, 9, 10, 11, 12, 13, 14, 15, 16, 17, 18, 19] at time 240.
2025-04-28 04:58:19,805 asyncbase.py iterate [line:73] INFO Receive new models from clients [19, 15, 18, 1, 16, 12, 13, 10, 6, 8, 2, 0, 5, 4, 17, 11, 3, 7, 9, 14] at time 241
2025-04-28 04:58:20,343 fedbase.py run [line:318] INFO --------------Round 84--------------
2025-04-28 04:58:20,343 simple_logger.py log_once [line:14] INFO Current_time:241
2025-04-28 04:58:23,515 simple_logger.py log_once [line:28] INFO test_accuracy                 0.7222
2025-04-28 04:58:23,515 simple_logger.py log_once [line:28] INFO test_loss                     0.7770
2025-04-28 04:58:23,515 simple_logger.py log_once [line:28] INFO val_accuracy                  0.7192
2025-04-28 04:58:23,515 simple_logger.py log_once [line:28] INFO mean_val_accuracy             0.7192
2025-04-28 04:58:23,515 simple_logger.py log_once [line:28] INFO std_val_accuracy              0.0263
2025-04-28 04:58:23,515 simple_logger.py log_once [line:28] INFO val_loss                      0.7972
2025-04-28 04:58:23,515 simple_logger.py log_once [line:28] INFO mean_val_loss                 0.7972
2025-04-28 04:58:23,515 simple_logger.py log_once [line:28] INFO std_val_loss                  0.0701
2025-04-28 04:58:23,515 fedbase.py run [line:323] INFO expense           1606747440.0
2025-04-28 04:58:23,516 fedbase.py run [line:324] INFO Eval Time Cost:               3.1723s
2025-04-28 04:58:23,516 asyncbase.py iterate [line:68] INFO Select clients [0, 1, 2, 3, 4, 5, 6, 7, 8, 9, 10, 11, 12, 13, 14, 15, 16, 17, 18, 19] at time 242.
2025-04-28 05:00:24,690 asyncbase.py iterate [line:73] INFO Receive new models from clients [4, 2, 0, 9, 6, 17, 1, 8, 16, 3, 19, 13, 10, 7, 14, 11, 12, 15, 18, 5] at time 243
2025-04-28 05:00:25,219 fedbase.py run [line:318] INFO --------------Round 85--------------
2025-04-28 05:00:25,220 simple_logger.py log_once [line:14] INFO Current_time:243
2025-04-28 05:00:28,369 simple_logger.py log_once [line:28] INFO test_accuracy                 0.7268
2025-04-28 05:00:28,369 simple_logger.py log_once [line:28] INFO test_loss                     0.7720
2025-04-28 05:00:28,369 simple_logger.py log_once [line:28] INFO val_accuracy                  0.7198
2025-04-28 05:00:28,369 simple_logger.py log_once [line:28] INFO mean_val_accuracy             0.7198
2025-04-28 05:00:28,369 simple_logger.py log_once [line:28] INFO std_val_accuracy              0.0249
2025-04-28 05:00:28,369 simple_logger.py log_once [line:28] INFO val_loss                      0.7951
2025-04-28 05:00:28,369 simple_logger.py log_once [line:28] INFO mean_val_loss                 0.7951
2025-04-28 05:00:28,369 simple_logger.py log_once [line:28] INFO std_val_loss                  0.0671
2025-04-28 05:00:28,369 fedbase.py run [line:323] INFO expense           1611178640.0
2025-04-28 05:00:28,369 fedbase.py run [line:324] INFO Eval Time Cost:               3.1496s
2025-04-28 05:00:28,370 asyncbase.py iterate [line:68] INFO Select clients [0, 1, 2, 3, 4, 5, 6, 7, 8, 9, 10, 11, 12, 13, 14, 15, 16, 17, 18, 19] at time 244.
2025-04-28 05:01:01,166 asyncbase.py iterate [line:73] INFO Receive new models from clients [19, 10, 14, 3, 4, 11, 12, 15, 18, 8, 2, 0, 9, 1, 17, 6, 5, 7, 16, 13] at time 245
2025-04-28 05:01:06,940 fedbase.py run [line:318] INFO --------------Round 86--------------
2025-04-28 05:01:06,940 simple_logger.py log_once [line:14] INFO Current_time:245
2025-04-28 05:01:10,108 simple_logger.py log_once [line:28] INFO test_accuracy                 0.7323
2025-04-28 05:01:10,108 simple_logger.py log_once [line:28] INFO test_loss                     0.7514
2025-04-28 05:01:10,108 simple_logger.py log_once [line:28] INFO val_accuracy                  0.7294
2025-04-28 05:01:10,108 simple_logger.py log_once [line:28] INFO mean_val_accuracy             0.7294
2025-04-28 05:01:10,108 simple_logger.py log_once [line:28] INFO std_val_accuracy              0.0233
2025-04-28 05:01:10,108 simple_logger.py log_once [line:28] INFO val_loss                      0.7742
2025-04-28 05:01:10,108 simple_logger.py log_once [line:28] INFO mean_val_loss                 0.7742
2025-04-28 05:01:10,108 simple_logger.py log_once [line:28] INFO std_val_loss                  0.0639
2025-04-28 05:01:10,108 fedbase.py run [line:323] INFO expense           1667048450.0
2025-04-28 05:01:10,108 fedbase.py run [line:324] INFO Eval Time Cost:               3.1680s
2025-04-28 05:01:10,109 asyncbase.py iterate [line:68] INFO Select clients [0, 1, 2, 3, 4, 5, 6, 7, 8, 9, 10, 11, 12, 13, 14, 15, 16, 17, 18, 19] at time 246.
2025-04-28 05:03:14,126 asyncbase.py iterate [line:73] INFO Receive new models from clients [13, 11, 18, 12, 9, 6, 16, 19, 2, 4, 17, 10, 14, 5, 15, 0, 3, 7, 8, 1] at time 249
2025-04-28 05:03:14,683 fedbase.py run [line:318] INFO --------------Round 87--------------
2025-04-28 05:03:14,684 simple_logger.py log_once [line:14] INFO Current_time:249
2025-04-28 05:03:17,903 simple_logger.py log_once [line:28] INFO test_accuracy                 0.7219
2025-04-28 05:03:17,904 simple_logger.py log_once [line:28] INFO test_loss                     0.7718
2025-04-28 05:03:17,904 simple_logger.py log_once [line:28] INFO val_accuracy                  0.7226
2025-04-28 05:03:17,904 simple_logger.py log_once [line:28] INFO mean_val_accuracy             0.7226
2025-04-28 05:03:17,904 simple_logger.py log_once [line:28] INFO std_val_accuracy              0.0192
2025-04-28 05:03:17,904 simple_logger.py log_once [line:28] INFO val_loss                      0.7887
2025-04-28 05:03:17,904 simple_logger.py log_once [line:28] INFO mean_val_loss                 0.7887
2025-04-28 05:03:17,904 simple_logger.py log_once [line:28] INFO std_val_loss                  0.0631
2025-04-28 05:03:17,904 fedbase.py run [line:323] INFO expense           1671479650.0
2025-04-28 05:03:17,904 fedbase.py run [line:324] INFO Eval Time Cost:               3.2204s
2025-04-28 05:03:17,904 asyncbase.py iterate [line:68] INFO Select clients [0, 1, 2, 3, 4, 5, 6, 7, 8, 9, 10, 11, 12, 13, 14, 15, 16, 17, 18, 19] at time 250.
2025-04-28 05:05:19,105 asyncbase.py iterate [line:73] INFO Receive new models from clients [13, 4, 8, 19, 12, 14, 1, 5, 10, 15, 7, 18, 3, 2, 11, 16, 0, 6, 17, 9] at time 251
2025-04-28 05:05:19,645 fedbase.py run [line:318] INFO --------------Round 88--------------
2025-04-28 05:05:19,646 simple_logger.py log_once [line:14] INFO Current_time:251
2025-04-28 05:05:22,782 simple_logger.py log_once [line:28] INFO test_accuracy                 0.7246
2025-04-28 05:05:22,782 simple_logger.py log_once [line:28] INFO test_loss                     0.7706
2025-04-28 05:05:22,782 simple_logger.py log_once [line:28] INFO val_accuracy                  0.7224
2025-04-28 05:05:22,782 simple_logger.py log_once [line:28] INFO mean_val_accuracy             0.7224
2025-04-28 05:05:22,782 simple_logger.py log_once [line:28] INFO std_val_accuracy              0.0238
2025-04-28 05:05:22,783 simple_logger.py log_once [line:28] INFO val_loss                      0.7886
2025-04-28 05:05:22,783 simple_logger.py log_once [line:28] INFO mean_val_loss                 0.7886
2025-04-28 05:05:22,783 simple_logger.py log_once [line:28] INFO std_val_loss                  0.0661
2025-04-28 05:05:22,783 fedbase.py run [line:323] INFO expense           1675910850.0
2025-04-28 05:05:22,783 fedbase.py run [line:324] INFO Eval Time Cost:               3.1372s
2025-04-28 05:05:22,783 asyncbase.py iterate [line:68] INFO Select clients [0, 1, 2, 3, 4, 5, 6, 7, 8, 9, 10, 11, 12, 13, 14, 15, 16, 17, 18, 19] at time 252.
2025-04-28 05:07:22,455 asyncbase.py iterate [line:73] INFO Receive new models from clients [18, 4, 14, 3, 17, 13, 12, 10, 2, 6, 15, 1, 8, 5, 11, 0, 19, 7, 16, 9] at time 253
2025-04-28 05:07:22,969 fedbase.py run [line:318] INFO --------------Round 89--------------
2025-04-28 05:07:22,970 simple_logger.py log_once [line:14] INFO Current_time:253
2025-04-28 05:07:26,107 simple_logger.py log_once [line:28] INFO test_accuracy                 0.7160
2025-04-28 05:07:26,107 simple_logger.py log_once [line:28] INFO test_loss                     0.7871
2025-04-28 05:07:26,107 simple_logger.py log_once [line:28] INFO val_accuracy                  0.7172
2025-04-28 05:07:26,107 simple_logger.py log_once [line:28] INFO mean_val_accuracy             0.7172
2025-04-28 05:07:26,107 simple_logger.py log_once [line:28] INFO std_val_accuracy              0.0239
2025-04-28 05:07:26,107 simple_logger.py log_once [line:28] INFO val_loss                      0.8016
2025-04-28 05:07:26,107 simple_logger.py log_once [line:28] INFO mean_val_loss                 0.8016
2025-04-28 05:07:26,107 simple_logger.py log_once [line:28] INFO std_val_loss                  0.0641
2025-04-28 05:07:26,108 fedbase.py run [line:323] INFO expense           1680342050.0
2025-04-28 05:07:26,108 fedbase.py run [line:324] INFO Eval Time Cost:               3.1378s
2025-04-28 05:07:26,108 asyncbase.py iterate [line:68] INFO Select clients [0, 1, 2, 3, 4, 5, 6, 7, 8, 9, 10, 11, 12, 13, 14, 15, 16, 17, 18, 19] at time 254.
2025-04-28 05:09:28,134 asyncbase.py iterate [line:73] INFO Receive new models from clients [14, 16, 11, 12, 15, 10, 6, 18, 2, 17, 3, 8, 13, 4, 7, 0, 19, 9, 1, 5] at time 255
2025-04-28 05:09:28,643 fedbase.py run [line:318] INFO --------------Round 90--------------
2025-04-28 05:09:28,643 simple_logger.py log_once [line:14] INFO Current_time:255
2025-04-28 05:09:31,758 simple_logger.py log_once [line:28] INFO test_accuracy                 0.7248
2025-04-28 05:09:31,758 simple_logger.py log_once [line:28] INFO test_loss                     0.7658
2025-04-28 05:09:31,758 simple_logger.py log_once [line:28] INFO val_accuracy                  0.7250
2025-04-28 05:09:31,758 simple_logger.py log_once [line:28] INFO mean_val_accuracy             0.7250
2025-04-28 05:09:31,758 simple_logger.py log_once [line:28] INFO std_val_accuracy              0.0223
2025-04-28 05:09:31,758 simple_logger.py log_once [line:28] INFO val_loss                      0.7862
2025-04-28 05:09:31,758 simple_logger.py log_once [line:28] INFO mean_val_loss                 0.7862
2025-04-28 05:09:31,758 simple_logger.py log_once [line:28] INFO std_val_loss                  0.0645
2025-04-28 05:09:31,758 fedbase.py run [line:323] INFO expense           1684773250.0
2025-04-28 05:09:31,759 fedbase.py run [line:324] INFO Eval Time Cost:               3.1151s
2025-04-28 05:09:31,759 asyncbase.py iterate [line:68] INFO Select clients [0, 1, 2, 3, 4, 5, 6, 7, 8, 9, 10, 11, 12, 13, 14, 15, 16, 17, 18, 19] at time 256.
2025-04-28 05:11:33,354 asyncbase.py iterate [line:73] INFO Receive new models from clients [16, 18, 11, 9, 6, 19, 10, 2, 17, 12, 4, 15, 1, 5, 0, 7, 14, 8, 3, 13] at time 257
2025-04-28 05:11:33,931 fedbase.py run [line:318] INFO --------------Round 91--------------
2025-04-28 05:11:33,932 simple_logger.py log_once [line:14] INFO Current_time:257
2025-04-28 05:11:37,040 simple_logger.py log_once [line:28] INFO test_accuracy                 0.7182
2025-04-28 05:11:37,040 simple_logger.py log_once [line:28] INFO test_loss                     0.7838
2025-04-28 05:11:37,040 simple_logger.py log_once [line:28] INFO val_accuracy                  0.7170
2025-04-28 05:11:37,040 simple_logger.py log_once [line:28] INFO mean_val_accuracy             0.7170
2025-04-28 05:11:37,040 simple_logger.py log_once [line:28] INFO std_val_accuracy              0.0234
2025-04-28 05:11:37,041 simple_logger.py log_once [line:28] INFO val_loss                      0.7997
2025-04-28 05:11:37,041 simple_logger.py log_once [line:28] INFO mean_val_loss                 0.7997
2025-04-28 05:11:37,041 simple_logger.py log_once [line:28] INFO std_val_loss                  0.0662
2025-04-28 05:11:37,041 fedbase.py run [line:323] INFO expense           1689204450.0
2025-04-28 05:11:37,041 fedbase.py run [line:324] INFO Eval Time Cost:               3.1090s
2025-04-28 05:11:37,041 asyncbase.py iterate [line:68] INFO Select clients [0, 1, 2, 3, 4, 5, 6, 7, 8, 9, 10, 11, 12, 13, 14, 15, 16, 17, 18, 19] at time 258.
2025-04-28 05:13:41,713 asyncbase.py iterate [line:73] INFO Receive new models from clients [18, 14, 10, 13, 17, 1, 16, 12, 4, 3, 2, 11, 5, 0, 15, 19, 7, 8, 6, 9] at time 259
2025-04-28 05:13:42,258 fedbase.py run [line:318] INFO --------------Round 92--------------
2025-04-28 05:13:42,259 simple_logger.py log_once [line:14] INFO Current_time:259
2025-04-28 05:13:45,373 simple_logger.py log_once [line:28] INFO test_accuracy                 0.7204
2025-04-28 05:13:45,373 simple_logger.py log_once [line:28] INFO test_loss                     0.7810
2025-04-28 05:13:45,373 simple_logger.py log_once [line:28] INFO val_accuracy                  0.7188
2025-04-28 05:13:45,373 simple_logger.py log_once [line:28] INFO mean_val_accuracy             0.7188
2025-04-28 05:13:45,373 simple_logger.py log_once [line:28] INFO std_val_accuracy              0.0220
2025-04-28 05:13:45,373 simple_logger.py log_once [line:28] INFO val_loss                      0.7981
2025-04-28 05:13:45,373 simple_logger.py log_once [line:28] INFO mean_val_loss                 0.7981
2025-04-28 05:13:45,373 simple_logger.py log_once [line:28] INFO std_val_loss                  0.0635
2025-04-28 05:13:45,373 fedbase.py run [line:323] INFO expense           1693635650.0
2025-04-28 05:13:45,373 fedbase.py run [line:324] INFO Eval Time Cost:               3.1141s
2025-04-28 05:13:45,373 asyncbase.py iterate [line:68] INFO Select clients [0, 1, 2, 3, 4, 5, 6, 7, 8, 9, 10, 11, 12, 13, 14, 15, 16, 17, 18, 19] at time 260.
2025-04-28 05:15:47,033 asyncbase.py iterate [line:73] INFO Receive new models from clients [4, 5, 11, 17, 7, 16, 10, 18, 0, 1, 3, 6, 12, 2, 9, 14, 15, 8, 19, 13] at time 261
2025-04-28 05:15:47,617 fedbase.py run [line:318] INFO --------------Round 93--------------
2025-04-28 05:15:47,618 simple_logger.py log_once [line:14] INFO Current_time:261
2025-04-28 05:15:50,668 simple_logger.py log_once [line:28] INFO test_accuracy                 0.7266
2025-04-28 05:15:50,668 simple_logger.py log_once [line:28] INFO test_loss                     0.7629
2025-04-28 05:15:50,668 simple_logger.py log_once [line:28] INFO val_accuracy                  0.7264
2025-04-28 05:15:50,668 simple_logger.py log_once [line:28] INFO mean_val_accuracy             0.7264
2025-04-28 05:15:50,668 simple_logger.py log_once [line:28] INFO std_val_accuracy              0.0225
2025-04-28 05:15:50,668 simple_logger.py log_once [line:28] INFO val_loss                      0.7843
2025-04-28 05:15:50,668 simple_logger.py log_once [line:28] INFO mean_val_loss                 0.7843
2025-04-28 05:15:50,668 simple_logger.py log_once [line:28] INFO std_val_loss                  0.0647
2025-04-28 05:15:50,668 fedbase.py run [line:323] INFO expense           1698066850.0
2025-04-28 05:15:50,668 fedbase.py run [line:324] INFO Eval Time Cost:               3.0504s
2025-04-28 05:15:50,668 asyncbase.py iterate [line:68] INFO Select clients [0, 1, 2, 3, 4, 5, 6, 7, 8, 9, 10, 11, 12, 13, 14, 15, 16, 17, 18, 19] at time 262.
2025-04-28 05:16:23,922 asyncbase.py iterate [line:73] INFO Receive new models from clients [17, 18, 16, 19, 6, 10, 2, 12, 1, 11, 8, 14, 3, 4, 0, 9, 7, 15, 5, 13] at time 263
2025-04-28 05:16:29,881 fedbase.py run [line:318] INFO --------------Round 94--------------
2025-04-28 05:16:29,882 simple_logger.py log_once [line:14] INFO Current_time:263
2025-04-28 05:16:32,946 simple_logger.py log_once [line:28] INFO test_accuracy                 0.7384
2025-04-28 05:16:32,946 simple_logger.py log_once [line:28] INFO test_loss                     0.7333
2025-04-28 05:16:32,946 simple_logger.py log_once [line:28] INFO val_accuracy                  0.7338
2025-04-28 05:16:32,946 simple_logger.py log_once [line:28] INFO mean_val_accuracy             0.7338
2025-04-28 05:16:32,946 simple_logger.py log_once [line:28] INFO std_val_accuracy              0.0266
2025-04-28 05:16:32,946 simple_logger.py log_once [line:28] INFO val_loss                      0.7609
2025-04-28 05:16:32,946 simple_logger.py log_once [line:28] INFO mean_val_loss                 0.7609
2025-04-28 05:16:32,946 simple_logger.py log_once [line:28] INFO std_val_loss                  0.0682
2025-04-28 05:16:32,946 fedbase.py run [line:323] INFO expense           1753936660.0
2025-04-28 05:16:32,946 fedbase.py run [line:324] INFO Eval Time Cost:               3.0644s
2025-04-28 05:16:32,946 asyncbase.py iterate [line:68] INFO Select clients [0, 1, 2, 3, 4, 5, 6, 7, 8, 9, 10, 11, 12, 13, 14, 15, 16, 17, 18, 19] at time 264.
2025-04-28 05:18:38,847 asyncbase.py iterate [line:73] INFO Receive new models from clients [11, 4, 15, 3, 7, 17, 6, 10, 2, 16, 0, 9, 14, 19, 13, 18, 12, 5] at time 267
2025-04-28 05:18:38,848 asyncbase.py iterate [line:73] INFO Receive new models from clients [8, 1] at time 268
2025-04-28 05:18:39,389 fedbase.py run [line:318] INFO --------------Round 95--------------
2025-04-28 05:18:39,389 simple_logger.py log_once [line:14] INFO Current_time:268
2025-04-28 05:18:42,513 simple_logger.py log_once [line:28] INFO test_accuracy                 0.7353
2025-04-28 05:18:42,513 simple_logger.py log_once [line:28] INFO test_loss                     0.7472
2025-04-28 05:18:42,513 simple_logger.py log_once [line:28] INFO val_accuracy                  0.7302
2025-04-28 05:18:42,513 simple_logger.py log_once [line:28] INFO mean_val_accuracy             0.7302
2025-04-28 05:18:42,514 simple_logger.py log_once [line:28] INFO std_val_accuracy              0.0240
2025-04-28 05:18:42,514 simple_logger.py log_once [line:28] INFO val_loss                      0.7769
2025-04-28 05:18:42,514 simple_logger.py log_once [line:28] INFO mean_val_loss                 0.7769
2025-04-28 05:18:42,514 simple_logger.py log_once [line:28] INFO std_val_loss                  0.0660
2025-04-28 05:18:42,514 fedbase.py run [line:323] INFO expense           1758367860.0
2025-04-28 05:18:42,514 fedbase.py run [line:324] INFO Eval Time Cost:               3.1245s
2025-04-28 05:18:42,514 asyncbase.py iterate [line:68] INFO Select clients [0, 1, 2, 3, 4, 5, 6, 7, 8, 9, 10, 11, 12, 13, 14, 15, 16, 17, 18, 19] at time 269.
2025-04-28 05:20:45,804 asyncbase.py iterate [line:73] INFO Receive new models from clients [0, 13, 2, 3, 6, 19, 9, 8, 17, 14, 12, 15, 18, 10, 11, 1, 5, 16, 4, 7] at time 270
2025-04-28 05:20:46,337 fedbase.py run [line:318] INFO --------------Round 96--------------
2025-04-28 05:20:46,337 simple_logger.py log_once [line:14] INFO Current_time:270
2025-04-28 05:20:49,449 simple_logger.py log_once [line:28] INFO test_accuracy                 0.7325
2025-04-28 05:20:49,450 simple_logger.py log_once [line:28] INFO test_loss                     0.7490
2025-04-28 05:20:49,450 simple_logger.py log_once [line:28] INFO val_accuracy                  0.7272
2025-04-28 05:20:49,450 simple_logger.py log_once [line:28] INFO mean_val_accuracy             0.7272
2025-04-28 05:20:49,450 simple_logger.py log_once [line:28] INFO std_val_accuracy              0.0261
2025-04-28 05:20:49,450 simple_logger.py log_once [line:28] INFO val_loss                      0.7782
2025-04-28 05:20:49,450 simple_logger.py log_once [line:28] INFO mean_val_loss                 0.7782
2025-04-28 05:20:49,450 simple_logger.py log_once [line:28] INFO std_val_loss                  0.0673
2025-04-28 05:20:49,450 fedbase.py run [line:323] INFO expense           1762799060.0
2025-04-28 05:20:49,450 fedbase.py run [line:324] INFO Eval Time Cost:               3.1128s
2025-04-28 05:20:49,450 asyncbase.py iterate [line:68] INFO Select clients [0, 1, 2, 3, 4, 5, 6, 7, 8, 9, 10, 11, 12, 13, 14, 15, 16, 17, 18, 19] at time 271.
2025-04-28 05:22:52,706 asyncbase.py iterate [line:73] INFO Receive new models from clients [7, 13, 17, 6, 14, 10, 9, 19, 18, 4, 5, 1, 16, 11, 2, 0, 3, 15, 12, 8] at time 272
2025-04-28 05:22:53,293 fedbase.py run [line:318] INFO --------------Round 97--------------
2025-04-28 05:22:53,294 simple_logger.py log_once [line:14] INFO Current_time:272
2025-04-28 05:22:56,335 simple_logger.py log_once [line:28] INFO test_accuracy                 0.7345
2025-04-28 05:22:56,335 simple_logger.py log_once [line:28] INFO test_loss                     0.7437
2025-04-28 05:22:56,335 simple_logger.py log_once [line:28] INFO val_accuracy                  0.7288
2025-04-28 05:22:56,335 simple_logger.py log_once [line:28] INFO mean_val_accuracy             0.7288
2025-04-28 05:22:56,335 simple_logger.py log_once [line:28] INFO std_val_accuracy              0.0273
2025-04-28 05:22:56,335 simple_logger.py log_once [line:28] INFO val_loss                      0.7752
2025-04-28 05:22:56,335 simple_logger.py log_once [line:28] INFO mean_val_loss                 0.7752
2025-04-28 05:22:56,335 simple_logger.py log_once [line:28] INFO std_val_loss                  0.0648
2025-04-28 05:22:56,335 fedbase.py run [line:323] INFO expense           1767230260.0
2025-04-28 05:22:56,335 fedbase.py run [line:324] INFO Eval Time Cost:               3.0417s
2025-04-28 05:22:56,336 asyncbase.py iterate [line:68] INFO Select clients [0, 1, 2, 3, 4, 5, 6, 7, 8, 9, 10, 11, 12, 13, 14, 15, 16, 17, 18, 19] at time 273.
2025-04-28 05:24:59,780 asyncbase.py iterate [line:73] INFO Receive new models from clients [3, 9, 2, 19, 18, 7, 16, 10, 0, 6, 4, 14, 15, 13, 8, 5, 1, 12, 11, 17] at time 274
2025-04-28 05:25:00,306 fedbase.py run [line:318] INFO --------------Round 98--------------
2025-04-28 05:25:00,306 simple_logger.py log_once [line:14] INFO Current_time:274
2025-04-28 05:25:03,409 simple_logger.py log_once [line:28] INFO test_accuracy                 0.7339
2025-04-28 05:25:03,409 simple_logger.py log_once [line:28] INFO test_loss                     0.7469
2025-04-28 05:25:03,410 simple_logger.py log_once [line:28] INFO val_accuracy                  0.7286
2025-04-28 05:25:03,410 simple_logger.py log_once [line:28] INFO mean_val_accuracy             0.7286
2025-04-28 05:25:03,410 simple_logger.py log_once [line:28] INFO std_val_accuracy              0.0226
2025-04-28 05:25:03,410 simple_logger.py log_once [line:28] INFO val_loss                      0.7737
2025-04-28 05:25:03,410 simple_logger.py log_once [line:28] INFO mean_val_loss                 0.7737
2025-04-28 05:25:03,410 simple_logger.py log_once [line:28] INFO std_val_loss                  0.0669
2025-04-28 05:25:03,410 fedbase.py run [line:323] INFO expense           1771661460.0
2025-04-28 05:25:03,410 fedbase.py run [line:324] INFO Eval Time Cost:               3.1036s
2025-04-28 05:25:03,410 asyncbase.py iterate [line:68] INFO Select clients [0, 1, 2, 3, 4, 5, 6, 7, 8, 9, 10, 11, 12, 13, 14, 15, 16, 17, 18, 19] at time 275.
2025-04-28 05:27:08,402 asyncbase.py iterate [line:73] INFO Receive new models from clients [7, 14, 17, 18, 1, 0, 9, 2, 13, 12, 6, 10, 3, 15, 19, 4, 5, 11, 8, 16] at time 276
2025-04-28 05:27:08,957 fedbase.py run [line:318] INFO --------------Round 99--------------
2025-04-28 05:27:08,958 simple_logger.py log_once [line:14] INFO Current_time:276
2025-04-28 05:27:12,065 simple_logger.py log_once [line:28] INFO test_accuracy                 0.7331
2025-04-28 05:27:12,065 simple_logger.py log_once [line:28] INFO test_loss                     0.7399
2025-04-28 05:27:12,065 simple_logger.py log_once [line:28] INFO val_accuracy                  0.7286
2025-04-28 05:27:12,065 simple_logger.py log_once [line:28] INFO mean_val_accuracy             0.7286
2025-04-28 05:27:12,065 simple_logger.py log_once [line:28] INFO std_val_accuracy              0.0275
2025-04-28 05:27:12,065 simple_logger.py log_once [line:28] INFO val_loss                      0.7693
2025-04-28 05:27:12,065 simple_logger.py log_once [line:28] INFO mean_val_loss                 0.7693
2025-04-28 05:27:12,065 simple_logger.py log_once [line:28] INFO std_val_loss                  0.0683
2025-04-28 05:27:12,065 fedbase.py run [line:323] INFO expense           1776092660.0
2025-04-28 05:27:12,065 fedbase.py run [line:324] INFO Eval Time Cost:               3.1074s
2025-04-28 05:27:12,066 asyncbase.py iterate [line:68] INFO Select clients [0, 1, 2, 3, 4, 5, 6, 7, 8, 9, 10, 11, 12, 13, 14, 15, 16, 17, 18, 19] at time 277.
2025-04-28 05:29:16,841 asyncbase.py iterate [line:73] INFO Receive new models from clients [6, 12, 2, 18, 11, 1, 7, 8, 16, 19, 17, 10, 14, 4, 0, 3, 9, 5, 15, 13] at time 278
2025-04-28 05:29:17,402 fedbase.py run [line:318] INFO --------------Round 100--------------
2025-04-28 05:29:17,402 simple_logger.py log_once [line:14] INFO Current_time:278
2025-04-28 05:29:20,603 simple_logger.py log_once [line:28] INFO test_accuracy                 0.7334
2025-04-28 05:29:20,603 simple_logger.py log_once [line:28] INFO test_loss                     0.7466
2025-04-28 05:29:20,603 simple_logger.py log_once [line:28] INFO val_accuracy                  0.7312
2025-04-28 05:29:20,603 simple_logger.py log_once [line:28] INFO mean_val_accuracy             0.7312
2025-04-28 05:29:20,603 simple_logger.py log_once [line:28] INFO std_val_accuracy              0.0278
2025-04-28 05:29:20,603 simple_logger.py log_once [line:28] INFO val_loss                      0.7748
2025-04-28 05:29:20,603 simple_logger.py log_once [line:28] INFO mean_val_loss                 0.7748
2025-04-28 05:29:20,603 simple_logger.py log_once [line:28] INFO std_val_loss                  0.0667
2025-04-28 05:29:20,603 fedbase.py run [line:323] INFO expense           1780523860.0
2025-04-28 05:29:20,603 fedbase.py run [line:324] INFO Eval Time Cost:               3.2011s
2025-04-28 05:29:20,604 asyncbase.py iterate [line:68] INFO Select clients [0, 1, 2, 3, 4, 5, 6, 7, 8, 9, 10, 11, 12, 13, 14, 15, 16, 17, 18, 19] at time 279.
2025-04-28 05:31:21,773 asyncbase.py iterate [line:73] INFO Receive new models from clients [19, 5, 7, 9, 2, 16, 17, 11, 6, 13, 0, 15, 3, 14, 12, 8, 1, 18, 10, 4] at time 280
2025-04-28 05:31:22,351 fedbase.py run [line:318] INFO --------------Round 101--------------
2025-04-28 05:31:22,351 simple_logger.py log_once [line:14] INFO Current_time:280
2025-04-28 05:31:25,441 simple_logger.py log_once [line:28] INFO test_accuracy                 0.7384
2025-04-28 05:31:25,441 simple_logger.py log_once [line:28] INFO test_loss                     0.7336
2025-04-28 05:31:25,441 simple_logger.py log_once [line:28] INFO val_accuracy                  0.7374
2025-04-28 05:31:25,441 simple_logger.py log_once [line:28] INFO mean_val_accuracy             0.7374
2025-04-28 05:31:25,441 simple_logger.py log_once [line:28] INFO std_val_accuracy              0.0252
2025-04-28 05:31:25,441 simple_logger.py log_once [line:28] INFO val_loss                      0.7592
2025-04-28 05:31:25,441 simple_logger.py log_once [line:28] INFO mean_val_loss                 0.7592
2025-04-28 05:31:25,441 simple_logger.py log_once [line:28] INFO std_val_loss                  0.0643
2025-04-28 05:31:25,441 fedbase.py run [line:323] INFO expense           1784955060.0
2025-04-28 05:31:25,441 fedbase.py run [line:324] INFO Eval Time Cost:               3.0902s
2025-04-28 05:31:25,442 asyncbase.py iterate [line:68] INFO Select clients [0, 1, 2, 3, 4, 5, 6, 7, 8, 9, 10, 11, 12, 13, 14, 15, 16, 17, 18, 19] at time 281.
2025-04-28 05:31:59,805 asyncbase.py iterate [line:73] INFO Receive new models from clients [4, 9, 17, 6, 10, 2, 1, 7, 3, 11, 12, 18, 13, 8, 5, 0, 16, 19, 15, 14] at time 282
2025-04-28 05:32:05,361 fedbase.py run [line:318] INFO --------------Round 102--------------
2025-04-28 05:32:05,361 simple_logger.py log_once [line:14] INFO Current_time:282
2025-04-28 05:32:08,502 simple_logger.py log_once [line:28] INFO test_accuracy                 0.7433
2025-04-28 05:32:08,502 simple_logger.py log_once [line:28] INFO test_loss                     0.7226
2025-04-28 05:32:08,502 simple_logger.py log_once [line:28] INFO val_accuracy                  0.7398
2025-04-28 05:32:08,502 simple_logger.py log_once [line:28] INFO mean_val_accuracy             0.7398
2025-04-28 05:32:08,502 simple_logger.py log_once [line:28] INFO std_val_accuracy              0.0257
2025-04-28 05:32:08,502 simple_logger.py log_once [line:28] INFO val_loss                      0.7454
2025-04-28 05:32:08,502 simple_logger.py log_once [line:28] INFO mean_val_loss                 0.7454
2025-04-28 05:32:08,502 simple_logger.py log_once [line:28] INFO std_val_loss                  0.0672
2025-04-28 05:32:08,502 fedbase.py run [line:323] INFO expense           1840824870.0
2025-04-28 05:32:08,502 fedbase.py run [line:324] INFO Eval Time Cost:               3.1411s
2025-04-28 05:32:08,503 asyncbase.py iterate [line:68] INFO Select clients [0, 1, 2, 3, 4, 5, 6, 7, 8, 9, 10, 11, 12, 13, 14, 15, 16, 17, 18, 19] at time 283.
2025-04-28 05:34:11,412 asyncbase.py iterate [line:73] INFO Receive new models from clients [17, 10, 13, 6, 4, 9, 14, 15, 12, 5, 0, 8, 1, 2, 19, 11, 16, 18] at time 286
2025-04-28 05:34:11,412 asyncbase.py iterate [line:73] INFO Receive new models from clients [7, 3] at time 287
2025-04-28 05:34:11,924 fedbase.py run [line:318] INFO --------------Round 103--------------
2025-04-28 05:34:11,925 simple_logger.py log_once [line:14] INFO Current_time:287
2025-04-28 05:34:15,063 simple_logger.py log_once [line:28] INFO test_accuracy                 0.7386
2025-04-28 05:34:15,064 simple_logger.py log_once [line:28] INFO test_loss                     0.7337
2025-04-28 05:34:15,064 simple_logger.py log_once [line:28] INFO val_accuracy                  0.7320
2025-04-28 05:34:15,064 simple_logger.py log_once [line:28] INFO mean_val_accuracy             0.7320
2025-04-28 05:34:15,064 simple_logger.py log_once [line:28] INFO std_val_accuracy              0.0264
2025-04-28 05:34:15,064 simple_logger.py log_once [line:28] INFO val_loss                      0.7578
2025-04-28 05:34:15,064 simple_logger.py log_once [line:28] INFO mean_val_loss                 0.7578
2025-04-28 05:34:15,064 simple_logger.py log_once [line:28] INFO std_val_loss                  0.0673
2025-04-28 05:34:15,064 fedbase.py run [line:323] INFO expense           1845256070.0
2025-04-28 05:34:15,064 fedbase.py run [line:324] INFO Eval Time Cost:               3.1391s
2025-04-28 05:34:15,064 asyncbase.py iterate [line:68] INFO Select clients [0, 1, 2, 3, 4, 5, 6, 7, 8, 9, 10, 11, 12, 13, 14, 15, 16, 17, 18, 19] at time 288.
2025-04-28 05:36:14,864 asyncbase.py iterate [line:73] INFO Receive new models from clients [1, 12, 7, 6, 5, 18, 10, 17, 8, 13, 4, 14, 3, 15, 11, 19, 0, 16, 2, 9] at time 289
2025-04-28 05:36:15,411 fedbase.py run [line:318] INFO --------------Round 104--------------
2025-04-28 05:36:15,411 simple_logger.py log_once [line:14] INFO Current_time:289
2025-04-28 05:36:18,528 simple_logger.py log_once [line:28] INFO test_accuracy                 0.7360
2025-04-28 05:36:18,528 simple_logger.py log_once [line:28] INFO test_loss                     0.7361
2025-04-28 05:36:18,528 simple_logger.py log_once [line:28] INFO val_accuracy                  0.7320
2025-04-28 05:36:18,528 simple_logger.py log_once [line:28] INFO mean_val_accuracy             0.7320
2025-04-28 05:36:18,529 simple_logger.py log_once [line:28] INFO std_val_accuracy              0.0286
2025-04-28 05:36:18,529 simple_logger.py log_once [line:28] INFO val_loss                      0.7639
2025-04-28 05:36:18,529 simple_logger.py log_once [line:28] INFO mean_val_loss                 0.7639
2025-04-28 05:36:18,529 simple_logger.py log_once [line:28] INFO std_val_loss                  0.0700
2025-04-28 05:36:18,529 fedbase.py run [line:323] INFO expense           1849687270.0
2025-04-28 05:36:18,529 fedbase.py run [line:324] INFO Eval Time Cost:               3.1175s
2025-04-28 05:36:18,529 asyncbase.py iterate [line:68] INFO Select clients [0, 1, 2, 3, 4, 5, 6, 7, 8, 9, 10, 11, 12, 13, 14, 15, 16, 17, 18, 19] at time 290.
2025-04-28 05:38:18,430 asyncbase.py iterate [line:73] INFO Receive new models from clients [1, 13, 18, 12, 11, 2, 6, 4, 5, 16, 14, 8, 17, 9, 0, 7, 3, 15, 10, 19] at time 291
2025-04-28 05:38:18,950 fedbase.py run [line:318] INFO --------------Round 105--------------
2025-04-28 05:38:18,951 simple_logger.py log_once [line:14] INFO Current_time:291
2025-04-28 05:38:22,092 simple_logger.py log_once [line:28] INFO test_accuracy                 0.7321
2025-04-28 05:38:22,092 simple_logger.py log_once [line:28] INFO test_loss                     0.7445
2025-04-28 05:38:22,092 simple_logger.py log_once [line:28] INFO val_accuracy                  0.7260
2025-04-28 05:38:22,092 simple_logger.py log_once [line:28] INFO mean_val_accuracy             0.7260
2025-04-28 05:38:22,092 simple_logger.py log_once [line:28] INFO std_val_accuracy              0.0283
2025-04-28 05:38:22,092 simple_logger.py log_once [line:28] INFO val_loss                      0.7747
2025-04-28 05:38:22,092 simple_logger.py log_once [line:28] INFO mean_val_loss                 0.7747
2025-04-28 05:38:22,092 simple_logger.py log_once [line:28] INFO std_val_loss                  0.0695
2025-04-28 05:38:22,092 fedbase.py run [line:323] INFO expense           1854118470.0
2025-04-28 05:38:22,092 fedbase.py run [line:324] INFO Eval Time Cost:               3.1420s
2025-04-28 05:38:22,093 asyncbase.py iterate [line:68] INFO Select clients [0, 1, 2, 3, 4, 5, 6, 7, 8, 9, 10, 11, 12, 13, 14, 15, 16, 17, 18, 19] at time 292.
2025-04-28 05:40:25,402 asyncbase.py iterate [line:73] INFO Receive new models from clients [7, 5, 17, 12, 2, 19, 0, 1, 4, 9, 15, 18, 8, 11, 3, 16, 14, 13, 6, 10] at time 293
2025-04-28 05:40:25,935 fedbase.py run [line:318] INFO --------------Round 106--------------
2025-04-28 05:40:25,936 simple_logger.py log_once [line:14] INFO Current_time:293
2025-04-28 05:40:29,065 simple_logger.py log_once [line:28] INFO test_accuracy                 0.7376
2025-04-28 05:40:29,065 simple_logger.py log_once [line:28] INFO test_loss                     0.7319
2025-04-28 05:40:29,065 simple_logger.py log_once [line:28] INFO val_accuracy                  0.7282
2025-04-28 05:40:29,065 simple_logger.py log_once [line:28] INFO mean_val_accuracy             0.7282
2025-04-28 05:40:29,065 simple_logger.py log_once [line:28] INFO std_val_accuracy              0.0268
2025-04-28 05:40:29,065 simple_logger.py log_once [line:28] INFO val_loss                      0.7589
2025-04-28 05:40:29,065 simple_logger.py log_once [line:28] INFO mean_val_loss                 0.7589
2025-04-28 05:40:29,065 simple_logger.py log_once [line:28] INFO std_val_loss                  0.0674
2025-04-28 05:40:29,065 fedbase.py run [line:323] INFO expense           1858549670.0
2025-04-28 05:40:29,065 fedbase.py run [line:324] INFO Eval Time Cost:               3.1298s
2025-04-28 05:40:29,066 asyncbase.py iterate [line:68] INFO Select clients [0, 1, 2, 3, 4, 5, 6, 7, 8, 9, 10, 11, 12, 13, 14, 15, 16, 17, 18, 19] at time 294.
2025-04-28 05:42:27,361 asyncbase.py iterate [line:73] INFO Receive new models from clients [0, 3, 15, 1, 18, 16, 2, 10, 17, 11, 4, 7, 9, 14, 5, 13, 6, 12, 8, 19] at time 295
2025-04-28 05:42:27,885 fedbase.py run [line:318] INFO --------------Round 107--------------
2025-04-28 05:42:27,886 simple_logger.py log_once [line:14] INFO Current_time:295
2025-04-28 05:42:31,010 simple_logger.py log_once [line:28] INFO test_accuracy                 0.7364
2025-04-28 05:42:31,010 simple_logger.py log_once [line:28] INFO test_loss                     0.7466
2025-04-28 05:42:31,010 simple_logger.py log_once [line:28] INFO val_accuracy                  0.7272
2025-04-28 05:42:31,010 simple_logger.py log_once [line:28] INFO mean_val_accuracy             0.7272
2025-04-28 05:42:31,010 simple_logger.py log_once [line:28] INFO std_val_accuracy              0.0280
2025-04-28 05:42:31,010 simple_logger.py log_once [line:28] INFO val_loss                      0.7749
2025-04-28 05:42:31,010 simple_logger.py log_once [line:28] INFO mean_val_loss                 0.7749
2025-04-28 05:42:31,011 simple_logger.py log_once [line:28] INFO std_val_loss                  0.0694
2025-04-28 05:42:31,011 fedbase.py run [line:323] INFO expense           1862980870.0
2025-04-28 05:42:31,011 fedbase.py run [line:324] INFO Eval Time Cost:               3.1250s
2025-04-28 05:42:31,011 asyncbase.py iterate [line:68] INFO Select clients [0, 1, 2, 3, 4, 5, 6, 7, 8, 9, 10, 11, 12, 13, 14, 15, 16, 17, 18, 19] at time 296.
2025-04-28 05:44:31,742 asyncbase.py iterate [line:73] INFO Receive new models from clients [19, 1, 0, 16, 2, 11, 8, 18, 4, 17, 9, 15, 10, 13, 6, 7, 14, 3, 5, 12] at time 297
2025-04-28 05:44:32,331 fedbase.py run [line:318] INFO --------------Round 108--------------
2025-04-28 05:44:32,332 simple_logger.py log_once [line:14] INFO Current_time:297
2025-04-28 05:44:35,522 simple_logger.py log_once [line:28] INFO test_accuracy                 0.7340
2025-04-28 05:44:35,522 simple_logger.py log_once [line:28] INFO test_loss                     0.7400
2025-04-28 05:44:35,522 simple_logger.py log_once [line:28] INFO val_accuracy                  0.7364
2025-04-28 05:44:35,522 simple_logger.py log_once [line:28] INFO mean_val_accuracy             0.7364
2025-04-28 05:44:35,522 simple_logger.py log_once [line:28] INFO std_val_accuracy              0.0275
2025-04-28 05:44:35,522 simple_logger.py log_once [line:28] INFO val_loss                      0.7629
2025-04-28 05:44:35,522 simple_logger.py log_once [line:28] INFO mean_val_loss                 0.7629
2025-04-28 05:44:35,522 simple_logger.py log_once [line:28] INFO std_val_loss                  0.0698
2025-04-28 05:44:35,522 fedbase.py run [line:323] INFO expense           1867412070.0
2025-04-28 05:44:35,523 fedbase.py run [line:324] INFO Eval Time Cost:               3.1908s
2025-04-28 05:44:35,523 asyncbase.py iterate [line:68] INFO Select clients [0, 1, 2, 3, 4, 5, 6, 7, 8, 9, 10, 11, 12, 13, 14, 15, 16, 17, 18, 19] at time 298.
2025-04-28 05:46:43,288 asyncbase.py iterate [line:73] INFO Receive new models from clients [0, 6, 1, 11, 13, 14, 2, 8, 17, 15, 7, 16, 19, 3, 12, 4, 9, 5, 10, 18] at time 299
2025-04-28 05:46:43,789 fedbase.py run [line:318] INFO --------------Round 109--------------
2025-04-28 05:46:43,790 simple_logger.py log_once [line:14] INFO Current_time:299
2025-04-28 05:46:46,911 simple_logger.py log_once [line:28] INFO test_accuracy                 0.7356
2025-04-28 05:46:46,912 simple_logger.py log_once [line:28] INFO test_loss                     0.7478
2025-04-28 05:46:46,912 simple_logger.py log_once [line:28] INFO val_accuracy                  0.7260
2025-04-28 05:46:46,912 simple_logger.py log_once [line:28] INFO mean_val_accuracy             0.7260
2025-04-28 05:46:46,912 simple_logger.py log_once [line:28] INFO std_val_accuracy              0.0278
2025-04-28 05:46:46,912 simple_logger.py log_once [line:28] INFO val_loss                      0.7736
2025-04-28 05:46:46,912 simple_logger.py log_once [line:28] INFO mean_val_loss                 0.7736
2025-04-28 05:46:46,912 simple_logger.py log_once [line:28] INFO std_val_loss                  0.0692
2025-04-28 05:46:46,912 fedbase.py run [line:323] INFO expense           1871843270.0
2025-04-28 05:46:46,912 fedbase.py run [line:324] INFO Eval Time Cost:               3.1224s
2025-04-28 05:46:46,912 asyncbase.py iterate [line:68] INFO Select clients [0, 1, 2, 3, 4, 5, 6, 7, 8, 9, 10, 11, 12, 13, 14, 15, 16, 17, 18, 19] at time 300.
2025-04-28 05:48:48,110 asyncbase.py iterate [line:73] INFO Receive new models from clients [2, 9, 11, 15, 14, 1, 3, 7, 16, 12, 10, 13, 18, 8, 17, 5, 6, 19, 0, 4] at time 301
2025-04-28 05:48:48,693 fedbase.py run [line:318] INFO --------------Round 110--------------
2025-04-28 05:48:48,694 simple_logger.py log_once [line:14] INFO Current_time:301
2025-04-28 05:48:51,876 simple_logger.py log_once [line:28] INFO test_accuracy                 0.7373
2025-04-28 05:48:51,876 simple_logger.py log_once [line:28] INFO test_loss                     0.7409
2025-04-28 05:48:51,876 simple_logger.py log_once [line:28] INFO val_accuracy                  0.7264
2025-04-28 05:48:51,876 simple_logger.py log_once [line:28] INFO mean_val_accuracy             0.7264
2025-04-28 05:48:51,876 simple_logger.py log_once [line:28] INFO std_val_accuracy              0.0273
2025-04-28 05:48:51,876 simple_logger.py log_once [line:28] INFO val_loss                      0.7701
2025-04-28 05:48:51,876 simple_logger.py log_once [line:28] INFO mean_val_loss                 0.7701
2025-04-28 05:48:51,876 simple_logger.py log_once [line:28] INFO std_val_loss                  0.0690
2025-04-28 05:48:51,876 fedbase.py run [line:323] INFO expense           1876274470.0
2025-04-28 05:48:51,876 fedbase.py run [line:324] INFO Eval Time Cost:               3.1820s
2025-04-28 05:48:51,876 asyncbase.py iterate [line:68] INFO Select clients [0, 1, 2, 3, 4, 5, 6, 7, 8, 9, 10, 11, 12, 13, 14, 15, 16, 17, 18, 19] at time 302.
2025-04-28 05:49:25,795 asyncbase.py iterate [line:73] INFO Receive new models from clients [2, 15, 12, 6, 5, 19, 3, 7, 9, 11, 0, 18, 13, 4, 14, 17, 16, 1, 10, 8] at time 303
2025-04-28 05:49:32,121 fedbase.py run [line:318] INFO --------------Round 111--------------
2025-04-28 05:49:32,121 simple_logger.py log_once [line:14] INFO Current_time:303
2025-04-28 05:49:35,236 simple_logger.py log_once [line:28] INFO test_accuracy                 0.7485
2025-04-28 05:49:35,236 simple_logger.py log_once [line:28] INFO test_loss                     0.7094
2025-04-28 05:49:35,236 simple_logger.py log_once [line:28] INFO val_accuracy                  0.7478
2025-04-28 05:49:35,236 simple_logger.py log_once [line:28] INFO mean_val_accuracy             0.7478
2025-04-28 05:49:35,236 simple_logger.py log_once [line:28] INFO std_val_accuracy              0.0275
2025-04-28 05:49:35,236 simple_logger.py log_once [line:28] INFO val_loss                      0.7327
2025-04-28 05:49:35,236 simple_logger.py log_once [line:28] INFO mean_val_loss                 0.7327
2025-04-28 05:49:35,236 simple_logger.py log_once [line:28] INFO std_val_loss                  0.0677
2025-04-28 05:49:35,236 fedbase.py run [line:323] INFO expense           1932144280.0
2025-04-28 05:49:35,236 fedbase.py run [line:324] INFO Eval Time Cost:               3.1150s
2025-04-28 05:49:35,237 asyncbase.py iterate [line:68] INFO Select clients [0, 1, 2, 3, 4, 5, 6, 7, 8, 9, 10, 11, 12, 13, 14, 15, 16, 17, 18, 19] at time 304.
2025-04-28 05:51:36,510 asyncbase.py iterate [line:73] INFO Receive new models from clients [7, 4, 14, 8, 16, 19, 1, 2, 13, 17, 3, 5, 6, 15, 0, 11, 9, 18] at time 307
2025-04-28 05:51:36,511 asyncbase.py iterate [line:73] INFO Receive new models from clients [12, 10] at time 308
2025-04-28 05:51:37,027 fedbase.py run [line:318] INFO --------------Round 112--------------
2025-04-28 05:51:37,028 simple_logger.py log_once [line:14] INFO Current_time:308
2025-04-28 05:51:40,155 simple_logger.py log_once [line:28] INFO test_accuracy                 0.7401
2025-04-28 05:51:40,155 simple_logger.py log_once [line:28] INFO test_loss                     0.7211
2025-04-28 05:51:40,155 simple_logger.py log_once [line:28] INFO val_accuracy                  0.7422
2025-04-28 05:51:40,155 simple_logger.py log_once [line:28] INFO mean_val_accuracy             0.7422
2025-04-28 05:51:40,155 simple_logger.py log_once [line:28] INFO std_val_accuracy              0.0309
2025-04-28 05:51:40,155 simple_logger.py log_once [line:28] INFO val_loss                      0.7423
2025-04-28 05:51:40,155 simple_logger.py log_once [line:28] INFO mean_val_loss                 0.7423
2025-04-28 05:51:40,155 simple_logger.py log_once [line:28] INFO std_val_loss                  0.0679
2025-04-28 05:51:40,155 fedbase.py run [line:323] INFO expense           1936575480.0
2025-04-28 05:51:40,155 fedbase.py run [line:324] INFO Eval Time Cost:               3.1271s
2025-04-28 05:51:40,155 asyncbase.py iterate [line:68] INFO Select clients [0, 1, 2, 3, 4, 5, 6, 7, 8, 9, 10, 11, 12, 13, 14, 15, 16, 17, 18, 19] at time 309.
2025-04-28 05:53:40,745 asyncbase.py iterate [line:73] INFO Receive new models from clients [17, 13, 14, 6, 10, 1, 11, 18, 2, 19, 7, 12, 0, 16, 15, 3, 9, 8, 4, 5] at time 310
2025-04-28 05:53:41,362 fedbase.py run [line:318] INFO --------------Round 113--------------
2025-04-28 05:53:41,363 simple_logger.py log_once [line:14] INFO Current_time:310
2025-04-28 05:53:44,488 simple_logger.py log_once [line:28] INFO test_accuracy                 0.7390
2025-04-28 05:53:44,488 simple_logger.py log_once [line:28] INFO test_loss                     0.7336
2025-04-28 05:53:44,488 simple_logger.py log_once [line:28] INFO val_accuracy                  0.7352
2025-04-28 05:53:44,488 simple_logger.py log_once [line:28] INFO mean_val_accuracy             0.7352
2025-04-28 05:53:44,488 simple_logger.py log_once [line:28] INFO std_val_accuracy              0.0292
2025-04-28 05:53:44,489 simple_logger.py log_once [line:28] INFO val_loss                      0.7553
2025-04-28 05:53:44,489 simple_logger.py log_once [line:28] INFO mean_val_loss                 0.7553
2025-04-28 05:53:44,489 simple_logger.py log_once [line:28] INFO std_val_loss                  0.0673
2025-04-28 05:53:44,489 fedbase.py run [line:323] INFO expense           1941006680.0
2025-04-28 05:53:44,489 fedbase.py run [line:324] INFO Eval Time Cost:               3.1261s
2025-04-28 05:53:44,489 asyncbase.py iterate [line:68] INFO Select clients [0, 1, 2, 3, 4, 5, 6, 7, 8, 9, 10, 11, 12, 13, 14, 15, 16, 17, 18, 19] at time 311.
2025-04-28 05:55:45,190 asyncbase.py iterate [line:73] INFO Receive new models from clients [15, 3, 14, 2, 12, 6, 4, 10, 8, 5, 16, 0, 17, 18, 19, 9, 1, 7, 11, 13] at time 312
2025-04-28 05:55:45,661 fedbase.py run [line:318] INFO --------------Round 114--------------
2025-04-28 05:55:45,661 simple_logger.py log_once [line:14] INFO Current_time:312
2025-04-28 05:55:48,849 simple_logger.py log_once [line:28] INFO test_accuracy                 0.7368
2025-04-28 05:55:48,849 simple_logger.py log_once [line:28] INFO test_loss                     0.7455
2025-04-28 05:55:48,850 simple_logger.py log_once [line:28] INFO val_accuracy                  0.7372
2025-04-28 05:55:48,850 simple_logger.py log_once [line:28] INFO mean_val_accuracy             0.7372
2025-04-28 05:55:48,850 simple_logger.py log_once [line:28] INFO std_val_accuracy              0.0285
2025-04-28 05:55:48,850 simple_logger.py log_once [line:28] INFO val_loss                      0.7695
2025-04-28 05:55:48,850 simple_logger.py log_once [line:28] INFO mean_val_loss                 0.7695
2025-04-28 05:55:48,850 simple_logger.py log_once [line:28] INFO std_val_loss                  0.0740
2025-04-28 05:55:48,850 fedbase.py run [line:323] INFO expense           1945437880.0
2025-04-28 05:55:48,850 fedbase.py run [line:324] INFO Eval Time Cost:               3.1886s
2025-04-28 05:55:48,850 asyncbase.py iterate [line:68] INFO Select clients [0, 1, 2, 3, 4, 5, 6, 7, 8, 9, 10, 11, 12, 13, 14, 15, 16, 17, 18, 19] at time 313.
2025-04-28 05:57:52,037 asyncbase.py iterate [line:73] INFO Receive new models from clients [0, 7, 17, 16, 4, 9, 13, 12, 18, 19, 11, 5, 8, 6, 2, 14, 3, 15, 10, 1] at time 314
2025-04-28 05:57:52,580 fedbase.py run [line:318] INFO --------------Round 115--------------
2025-04-28 05:57:52,581 simple_logger.py log_once [line:14] INFO Current_time:314
2025-04-28 05:57:55,720 simple_logger.py log_once [line:28] INFO test_accuracy                 0.7375
2025-04-28 05:57:55,721 simple_logger.py log_once [line:28] INFO test_loss                     0.7362
2025-04-28 05:57:55,721 simple_logger.py log_once [line:28] INFO val_accuracy                  0.7350
2025-04-28 05:57:55,721 simple_logger.py log_once [line:28] INFO mean_val_accuracy             0.7350
2025-04-28 05:57:55,721 simple_logger.py log_once [line:28] INFO std_val_accuracy              0.0304
2025-04-28 05:57:55,721 simple_logger.py log_once [line:28] INFO val_loss                      0.7561
2025-04-28 05:57:55,721 simple_logger.py log_once [line:28] INFO mean_val_loss                 0.7561
2025-04-28 05:57:55,721 simple_logger.py log_once [line:28] INFO std_val_loss                  0.0704
2025-04-28 05:57:55,721 fedbase.py run [line:323] INFO expense           1949869080.0
2025-04-28 05:57:55,721 fedbase.py run [line:324] INFO Eval Time Cost:               3.1403s
2025-04-28 05:57:55,721 asyncbase.py iterate [line:68] INFO Select clients [0, 1, 2, 3, 4, 5, 6, 7, 8, 9, 10, 11, 12, 13, 14, 15, 16, 17, 18, 19] at time 315.
2025-04-28 05:59:56,645 asyncbase.py iterate [line:73] INFO Receive new models from clients [13, 8, 9, 6, 2, 16, 4, 1, 19, 17, 7, 10, 3, 11, 18, 0, 14, 15, 5, 12] at time 316
2025-04-28 05:59:57,221 fedbase.py run [line:318] INFO --------------Round 116--------------
2025-04-28 05:59:57,222 simple_logger.py log_once [line:14] INFO Current_time:316
2025-04-28 06:00:00,437 simple_logger.py log_once [line:28] INFO test_accuracy                 0.7413
2025-04-28 06:00:00,437 simple_logger.py log_once [line:28] INFO test_loss                     0.7261
2025-04-28 06:00:00,437 simple_logger.py log_once [line:28] INFO val_accuracy                  0.7400
2025-04-28 06:00:00,437 simple_logger.py log_once [line:28] INFO mean_val_accuracy             0.7400
2025-04-28 06:00:00,437 simple_logger.py log_once [line:28] INFO std_val_accuracy              0.0279
2025-04-28 06:00:00,437 simple_logger.py log_once [line:28] INFO val_loss                      0.7484
2025-04-28 06:00:00,437 simple_logger.py log_once [line:28] INFO mean_val_loss                 0.7484
2025-04-28 06:00:00,437 simple_logger.py log_once [line:28] INFO std_val_loss                  0.0697
2025-04-28 06:00:00,437 fedbase.py run [line:323] INFO expense           1954300280.0
2025-04-28 06:00:00,438 fedbase.py run [line:324] INFO Eval Time Cost:               3.2156s
2025-04-28 06:00:00,438 asyncbase.py iterate [line:68] INFO Select clients [0, 1, 2, 3, 4, 5, 6, 7, 8, 9, 10, 11, 12, 13, 14, 15, 16, 17, 18, 19] at time 317.
2025-04-28 06:02:02,950 asyncbase.py iterate [line:73] INFO Receive new models from clients [13, 9, 18, 17, 10, 7, 8, 0, 1, 14, 12, 2, 4, 11, 16, 19, 6, 5, 15, 3] at time 318
2025-04-28 06:02:03,526 fedbase.py run [line:318] INFO --------------Round 117--------------
2025-04-28 06:02:03,526 simple_logger.py log_once [line:14] INFO Current_time:318
2025-04-28 06:02:06,694 simple_logger.py log_once [line:28] INFO test_accuracy                 0.7406
2025-04-28 06:02:06,694 simple_logger.py log_once [line:28] INFO test_loss                     0.7248
2025-04-28 06:02:06,694 simple_logger.py log_once [line:28] INFO val_accuracy                  0.7372
2025-04-28 06:02:06,694 simple_logger.py log_once [line:28] INFO mean_val_accuracy             0.7372
2025-04-28 06:02:06,695 simple_logger.py log_once [line:28] INFO std_val_accuracy              0.0316
2025-04-28 06:02:06,695 simple_logger.py log_once [line:28] INFO val_loss                      0.7475
2025-04-28 06:02:06,695 simple_logger.py log_once [line:28] INFO mean_val_loss                 0.7475
2025-04-28 06:02:06,695 simple_logger.py log_once [line:28] INFO std_val_loss                  0.0713
2025-04-28 06:02:06,695 fedbase.py run [line:323] INFO expense           1958731480.0
2025-04-28 06:02:06,695 fedbase.py run [line:324] INFO Eval Time Cost:               3.1686s
2025-04-28 06:02:06,695 asyncbase.py iterate [line:68] INFO Select clients [0, 1, 2, 3, 4, 5, 6, 7, 8, 9, 10, 11, 12, 13, 14, 15, 16, 17, 18, 19] at time 319.
2025-04-28 06:04:15,524 asyncbase.py iterate [line:73] INFO Receive new models from clients [19, 2, 14, 17, 16, 18, 7, 13, 15, 10, 9, 8, 12, 4, 5, 11, 0, 1, 6, 3] at time 320
2025-04-28 06:04:16,035 fedbase.py run [line:318] INFO --------------Round 118--------------
2025-04-28 06:04:16,035 simple_logger.py log_once [line:14] INFO Current_time:320
2025-04-28 06:04:19,239 simple_logger.py log_once [line:28] INFO test_accuracy                 0.7395
2025-04-28 06:04:19,239 simple_logger.py log_once [line:28] INFO test_loss                     0.7337
2025-04-28 06:04:19,239 simple_logger.py log_once [line:28] INFO val_accuracy                  0.7382
2025-04-28 06:04:19,239 simple_logger.py log_once [line:28] INFO mean_val_accuracy             0.7382
2025-04-28 06:04:19,239 simple_logger.py log_once [line:28] INFO std_val_accuracy              0.0283
2025-04-28 06:04:19,239 simple_logger.py log_once [line:28] INFO val_loss                      0.7551
2025-04-28 06:04:19,240 simple_logger.py log_once [line:28] INFO mean_val_loss                 0.7551
2025-04-28 06:04:19,240 simple_logger.py log_once [line:28] INFO std_val_loss                  0.0712
2025-04-28 06:04:19,240 fedbase.py run [line:323] INFO expense           1963162680.0
2025-04-28 06:04:19,240 fedbase.py run [line:324] INFO Eval Time Cost:               3.2044s
2025-04-28 06:04:19,240 asyncbase.py iterate [line:68] INFO Select clients [0, 1, 2, 3, 4, 5, 6, 7, 8, 9, 10, 11, 12, 13, 14, 15, 16, 17, 18, 19] at time 321.
2025-04-28 06:06:21,943 asyncbase.py iterate [line:73] INFO Receive new models from clients [15, 2, 13, 6, 17, 7, 8, 4, 18, 5, 11, 1, 16, 10, 14, 12, 3, 19, 9, 0] at time 322
2025-04-28 06:06:22,461 fedbase.py run [line:318] INFO --------------Round 119--------------
2025-04-28 06:06:22,461 simple_logger.py log_once [line:14] INFO Current_time:322
2025-04-28 06:06:25,571 simple_logger.py log_once [line:28] INFO test_accuracy                 0.7401
2025-04-28 06:06:25,571 simple_logger.py log_once [line:28] INFO test_loss                     0.7332
2025-04-28 06:06:25,571 simple_logger.py log_once [line:28] INFO val_accuracy                  0.7360
2025-04-28 06:06:25,571 simple_logger.py log_once [line:28] INFO mean_val_accuracy             0.7360
2025-04-28 06:06:25,571 simple_logger.py log_once [line:28] INFO std_val_accuracy              0.0289
2025-04-28 06:06:25,571 simple_logger.py log_once [line:28] INFO val_loss                      0.7545
2025-04-28 06:06:25,571 simple_logger.py log_once [line:28] INFO mean_val_loss                 0.7545
2025-04-28 06:06:25,571 simple_logger.py log_once [line:28] INFO std_val_loss                  0.0714
2025-04-28 06:06:25,571 fedbase.py run [line:323] INFO expense           1967593880.0
2025-04-28 06:06:25,571 fedbase.py run [line:324] INFO Eval Time Cost:               3.1102s
2025-04-28 06:06:25,572 asyncbase.py iterate [line:68] INFO Select clients [0, 1, 2, 3, 4, 5, 6, 7, 8, 9, 10, 11, 12, 13, 14, 15, 16, 17, 18, 19] at time 323.
2025-04-28 06:08:27,086 asyncbase.py iterate [line:73] INFO Receive new models from clients [5, 13, 1, 3, 19, 14, 15, 17, 11, 4, 7, 16, 10, 2, 18, 8, 9, 6, 12, 0] at time 324
2025-04-28 06:08:27,630 fedbase.py run [line:318] INFO --------------Round 120--------------
2025-04-28 06:08:27,630 simple_logger.py log_once [line:14] INFO Current_time:324
2025-04-28 06:08:30,899 simple_logger.py log_once [line:28] INFO test_accuracy                 0.7413
2025-04-28 06:08:30,899 simple_logger.py log_once [line:28] INFO test_loss                     0.7220
2025-04-28 06:08:30,899 simple_logger.py log_once [line:28] INFO val_accuracy                  0.7416
2025-04-28 06:08:30,899 simple_logger.py log_once [line:28] INFO mean_val_accuracy             0.7416
2025-04-28 06:08:30,899 simple_logger.py log_once [line:28] INFO std_val_accuracy              0.0292
2025-04-28 06:08:30,899 simple_logger.py log_once [line:28] INFO val_loss                      0.7444
2025-04-28 06:08:30,899 simple_logger.py log_once [line:28] INFO mean_val_loss                 0.7444
2025-04-28 06:08:30,899 simple_logger.py log_once [line:28] INFO std_val_loss                  0.0681
2025-04-28 06:08:30,899 fedbase.py run [line:323] INFO expense           1972025080.0
2025-04-28 06:08:30,899 fedbase.py run [line:324] INFO Eval Time Cost:               3.2691s
2025-04-28 06:08:30,900 asyncbase.py iterate [line:68] INFO Select clients [0, 1, 2, 3, 4, 5, 6, 7, 8, 9, 10, 11, 12, 13, 14, 15, 16, 17, 18, 19] at time 325.
2025-04-28 06:09:03,328 asyncbase.py iterate [line:73] INFO Receive new models from clients [17, 16, 4, 7, 19, 1, 0, 13, 3, 12, 2, 14, 8, 18, 9, 11, 6, 10, 15, 5] at time 326
2025-04-28 06:09:09,049 fedbase.py run [line:318] INFO --------------Round 121--------------
2025-04-28 06:09:09,049 simple_logger.py log_once [line:14] INFO Current_time:326
2025-04-28 06:09:12,170 simple_logger.py log_once [line:28] INFO test_accuracy                 0.7513
2025-04-28 06:09:12,170 simple_logger.py log_once [line:28] INFO test_loss                     0.6922
2025-04-28 06:09:12,170 simple_logger.py log_once [line:28] INFO val_accuracy                  0.7538
2025-04-28 06:09:12,170 simple_logger.py log_once [line:28] INFO mean_val_accuracy             0.7538
2025-04-28 06:09:12,170 simple_logger.py log_once [line:28] INFO std_val_accuracy              0.0296
2025-04-28 06:09:12,171 simple_logger.py log_once [line:28] INFO val_loss                      0.7159
2025-04-28 06:09:12,171 simple_logger.py log_once [line:28] INFO mean_val_loss                 0.7159
2025-04-28 06:09:12,171 simple_logger.py log_once [line:28] INFO std_val_loss                  0.0655
2025-04-28 06:09:12,171 fedbase.py run [line:323] INFO expense           2027894890.0
2025-04-28 06:09:12,171 fedbase.py run [line:324] INFO Eval Time Cost:               3.1215s
2025-04-28 06:09:12,171 asyncbase.py iterate [line:68] INFO Select clients [0, 1, 2, 3, 4, 5, 6, 7, 8, 9, 10, 11, 12, 13, 14, 15, 16, 17, 18, 19] at time 327.
2025-04-28 06:11:11,446 asyncbase.py iterate [line:73] INFO Receive new models from clients [18, 0, 15, 3, 12, 8, 4, 16, 19, 1, 2, 14, 10, 5, 17, 9, 6, 11] at time 330
2025-04-28 06:11:11,447 asyncbase.py iterate [line:73] INFO Receive new models from clients [7, 13] at time 331
2025-04-28 06:11:11,973 fedbase.py run [line:318] INFO --------------Round 122--------------
2025-04-28 06:11:11,974 simple_logger.py log_once [line:14] INFO Current_time:331
2025-04-28 06:11:15,109 simple_logger.py log_once [line:28] INFO test_accuracy                 0.7356
2025-04-28 06:11:15,109 simple_logger.py log_once [line:28] INFO test_loss                     0.7428
2025-04-28 06:11:15,109 simple_logger.py log_once [line:28] INFO val_accuracy                  0.7402
2025-04-28 06:11:15,109 simple_logger.py log_once [line:28] INFO mean_val_accuracy             0.7402
2025-04-28 06:11:15,109 simple_logger.py log_once [line:28] INFO std_val_accuracy              0.0295
2025-04-28 06:11:15,109 simple_logger.py log_once [line:28] INFO val_loss                      0.7703
2025-04-28 06:11:15,109 simple_logger.py log_once [line:28] INFO mean_val_loss                 0.7703
2025-04-28 06:11:15,109 simple_logger.py log_once [line:28] INFO std_val_loss                  0.0697
2025-04-28 06:11:15,109 fedbase.py run [line:323] INFO expense           2032326090.0
2025-04-28 06:11:15,110 fedbase.py run [line:324] INFO Eval Time Cost:               3.1359s
2025-04-28 06:11:15,110 asyncbase.py iterate [line:68] INFO Select clients [0, 1, 2, 3, 4, 5, 6, 7, 8, 9, 10, 11, 12, 13, 14, 15, 16, 17, 18, 19] at time 332.
2025-04-28 06:13:18,963 asyncbase.py iterate [line:73] INFO Receive new models from clients [5, 4, 3, 16, 12, 0, 8, 7, 14, 17, 15, 1, 10, 18, 2, 9, 11, 19, 13, 6] at time 333
2025-04-28 06:13:19,508 fedbase.py run [line:318] INFO --------------Round 123--------------
2025-04-28 06:13:19,509 simple_logger.py log_once [line:14] INFO Current_time:333
2025-04-28 06:13:22,653 simple_logger.py log_once [line:28] INFO test_accuracy                 0.7437
2025-04-28 06:13:22,653 simple_logger.py log_once [line:28] INFO test_loss                     0.7157
2025-04-28 06:13:22,653 simple_logger.py log_once [line:28] INFO val_accuracy                  0.7414
2025-04-28 06:13:22,653 simple_logger.py log_once [line:28] INFO mean_val_accuracy             0.7414
2025-04-28 06:13:22,653 simple_logger.py log_once [line:28] INFO std_val_accuracy              0.0303
2025-04-28 06:13:22,653 simple_logger.py log_once [line:28] INFO val_loss                      0.7435
2025-04-28 06:13:22,654 simple_logger.py log_once [line:28] INFO mean_val_loss                 0.7435
2025-04-28 06:13:22,654 simple_logger.py log_once [line:28] INFO std_val_loss                  0.0644
2025-04-28 06:13:22,654 fedbase.py run [line:323] INFO expense           2036757290.0
2025-04-28 06:13:22,654 fedbase.py run [line:324] INFO Eval Time Cost:               3.1449s
2025-04-28 06:13:22,654 asyncbase.py iterate [line:68] INFO Select clients [0, 1, 2, 3, 4, 5, 6, 7, 8, 9, 10, 11, 12, 13, 14, 15, 16, 17, 18, 19] at time 334.
2025-04-28 06:15:23,029 asyncbase.py iterate [line:73] INFO Receive new models from clients [12, 8, 6, 14, 1, 15, 19, 7, 16, 9, 3, 5, 11, 10, 2, 17, 13, 18, 4, 0] at time 335
2025-04-28 06:15:23,605 fedbase.py run [line:318] INFO --------------Round 124--------------
2025-04-28 06:15:23,605 simple_logger.py log_once [line:14] INFO Current_time:335
2025-04-28 06:15:26,713 simple_logger.py log_once [line:28] INFO test_accuracy                 0.7477
2025-04-28 06:15:26,713 simple_logger.py log_once [line:28] INFO test_loss                     0.7022
2025-04-28 06:15:26,713 simple_logger.py log_once [line:28] INFO val_accuracy                  0.7506
2025-04-28 06:15:26,713 simple_logger.py log_once [line:28] INFO mean_val_accuracy             0.7506
2025-04-28 06:15:26,714 simple_logger.py log_once [line:28] INFO std_val_accuracy              0.0315
2025-04-28 06:15:26,714 simple_logger.py log_once [line:28] INFO val_loss                      0.7277
2025-04-28 06:15:26,714 simple_logger.py log_once [line:28] INFO mean_val_loss                 0.7277
2025-04-28 06:15:26,714 simple_logger.py log_once [line:28] INFO std_val_loss                  0.0640
2025-04-28 06:15:26,714 fedbase.py run [line:323] INFO expense           2041188490.0
2025-04-28 06:15:26,714 fedbase.py run [line:324] INFO Eval Time Cost:               3.1083s
2025-04-28 06:15:26,714 asyncbase.py iterate [line:68] INFO Select clients [0, 1, 2, 3, 4, 5, 6, 7, 8, 9, 10, 11, 12, 13, 14, 15, 16, 17, 18, 19] at time 336.
2025-04-28 06:17:28,349 asyncbase.py iterate [line:73] INFO Receive new models from clients [17, 15, 14, 9, 6, 11, 13, 4, 7, 3, 19, 16, 8, 1, 18, 2, 0, 5, 12, 10] at time 337
2025-04-28 06:17:28,918 fedbase.py run [line:318] INFO --------------Round 125--------------
2025-04-28 06:17:28,919 simple_logger.py log_once [line:14] INFO Current_time:337
2025-04-28 06:17:32,049 simple_logger.py log_once [line:28] INFO test_accuracy                 0.7453
2025-04-28 06:17:32,049 simple_logger.py log_once [line:28] INFO test_loss                     0.7081
2025-04-28 06:17:32,049 simple_logger.py log_once [line:28] INFO val_accuracy                  0.7470
2025-04-28 06:17:32,049 simple_logger.py log_once [line:28] INFO mean_val_accuracy             0.7470
2025-04-28 06:17:32,049 simple_logger.py log_once [line:28] INFO std_val_accuracy              0.0256
2025-04-28 06:17:32,049 simple_logger.py log_once [line:28] INFO val_loss                      0.7299
2025-04-28 06:17:32,049 simple_logger.py log_once [line:28] INFO mean_val_loss                 0.7299
2025-04-28 06:17:32,049 simple_logger.py log_once [line:28] INFO std_val_loss                  0.0644
2025-04-28 06:17:32,049 fedbase.py run [line:323] INFO expense           2045619690.0
2025-04-28 06:17:32,049 fedbase.py run [line:324] INFO Eval Time Cost:               3.1302s
2025-04-28 06:17:32,049 asyncbase.py iterate [line:68] INFO Select clients [0, 1, 2, 3, 4, 5, 6, 7, 8, 9, 10, 11, 12, 13, 14, 15, 16, 17, 18, 19] at time 338.
2025-04-28 06:19:30,287 asyncbase.py iterate [line:73] INFO Receive new models from clients [0, 7, 5, 4, 16, 9, 14, 17, 19, 13, 8, 11, 1, 18, 12, 15, 6, 3, 10, 2] at time 339
2025-04-28 06:19:30,743 fedbase.py run [line:318] INFO --------------Round 126--------------
2025-04-28 06:19:30,743 simple_logger.py log_once [line:14] INFO Current_time:339
2025-04-28 06:19:33,862 simple_logger.py log_once [line:28] INFO test_accuracy                 0.7390
2025-04-28 06:19:33,862 simple_logger.py log_once [line:28] INFO test_loss                     0.7248
2025-04-28 06:19:33,862 simple_logger.py log_once [line:28] INFO val_accuracy                  0.7414
2025-04-28 06:19:33,862 simple_logger.py log_once [line:28] INFO mean_val_accuracy             0.7414
2025-04-28 06:19:33,862 simple_logger.py log_once [line:28] INFO std_val_accuracy              0.0285
2025-04-28 06:19:33,862 simple_logger.py log_once [line:28] INFO val_loss                      0.7449
2025-04-28 06:19:33,863 simple_logger.py log_once [line:28] INFO mean_val_loss                 0.7449
2025-04-28 06:19:33,863 simple_logger.py log_once [line:28] INFO std_val_loss                  0.0670
2025-04-28 06:19:33,863 fedbase.py run [line:323] INFO expense           2050050890.0
2025-04-28 06:19:33,863 fedbase.py run [line:324] INFO Eval Time Cost:               3.1195s
2025-04-28 06:19:33,863 asyncbase.py iterate [line:68] INFO Select clients [0, 1, 2, 3, 4, 5, 6, 7, 8, 9, 10, 11, 12, 13, 14, 15, 16, 17, 18, 19] at time 340.
2025-04-28 06:21:37,206 asyncbase.py iterate [line:73] INFO Receive new models from clients [5, 2, 10, 16, 1, 14, 11, 15, 19, 17, 12, 18, 4, 13, 3, 7, 0, 6, 9, 8] at time 341
2025-04-28 06:21:37,790 fedbase.py run [line:318] INFO --------------Round 127--------------
2025-04-28 06:21:37,791 simple_logger.py log_once [line:14] INFO Current_time:341
2025-04-28 06:21:40,903 simple_logger.py log_once [line:28] INFO test_accuracy                 0.7425
2025-04-28 06:21:40,903 simple_logger.py log_once [line:28] INFO test_loss                     0.7140
2025-04-28 06:21:40,904 simple_logger.py log_once [line:28] INFO val_accuracy                  0.7438
2025-04-28 06:21:40,904 simple_logger.py log_once [line:28] INFO mean_val_accuracy             0.7438
2025-04-28 06:21:40,904 simple_logger.py log_once [line:28] INFO std_val_accuracy              0.0288
2025-04-28 06:21:40,904 simple_logger.py log_once [line:28] INFO val_loss                      0.7392
2025-04-28 06:21:40,904 simple_logger.py log_once [line:28] INFO mean_val_loss                 0.7392
2025-04-28 06:21:40,904 simple_logger.py log_once [line:28] INFO std_val_loss                  0.0646
2025-04-28 06:21:40,904 fedbase.py run [line:323] INFO expense           2054482090.0
2025-04-28 06:21:40,904 fedbase.py run [line:324] INFO Eval Time Cost:               3.1132s
2025-04-28 06:21:40,904 asyncbase.py iterate [line:68] INFO Select clients [0, 1, 2, 3, 4, 5, 6, 7, 8, 9, 10, 11, 12, 13, 14, 15, 16, 17, 18, 19] at time 342.
2025-04-28 06:23:42,503 asyncbase.py iterate [line:73] INFO Receive new models from clients [14, 12, 3, 13, 18, 9, 16, 0, 6, 19, 5, 1, 4, 10, 17, 2, 15, 11, 7, 8] at time 343
2025-04-28 06:23:43,009 fedbase.py run [line:318] INFO --------------Round 128--------------
2025-04-28 06:23:43,010 simple_logger.py log_once [line:14] INFO Current_time:343
2025-04-28 06:23:46,220 simple_logger.py log_once [line:28] INFO test_accuracy                 0.7474
2025-04-28 06:23:46,220 simple_logger.py log_once [line:28] INFO test_loss                     0.7092
2025-04-28 06:23:46,220 simple_logger.py log_once [line:28] INFO val_accuracy                  0.7490
2025-04-28 06:23:46,221 simple_logger.py log_once [line:28] INFO mean_val_accuracy             0.7490
2025-04-28 06:23:46,221 simple_logger.py log_once [line:28] INFO std_val_accuracy              0.0293
2025-04-28 06:23:46,221 simple_logger.py log_once [line:28] INFO val_loss                      0.7359
2025-04-28 06:23:46,221 simple_logger.py log_once [line:28] INFO mean_val_loss                 0.7359
2025-04-28 06:23:46,221 simple_logger.py log_once [line:28] INFO std_val_loss                  0.0659
2025-04-28 06:23:46,221 fedbase.py run [line:323] INFO expense           2058913290.0
2025-04-28 06:23:46,221 fedbase.py run [line:324] INFO Eval Time Cost:               3.2113s
2025-04-28 06:23:46,221 asyncbase.py iterate [line:68] INFO Select clients [0, 1, 2, 3, 4, 5, 6, 7, 8, 9, 10, 11, 12, 13, 14, 15, 16, 17, 18, 19] at time 344.
2025-04-28 06:25:48,734 asyncbase.py iterate [line:73] INFO Receive new models from clients [12, 11, 15, 16, 4, 13, 17, 18, 14, 19, 9, 3, 7, 6, 8, 0, 1, 10, 2, 5] at time 345
2025-04-28 06:25:49,360 fedbase.py run [line:318] INFO --------------Round 129--------------
2025-04-28 06:25:49,361 simple_logger.py log_once [line:14] INFO Current_time:345
2025-04-28 06:25:52,462 simple_logger.py log_once [line:28] INFO test_accuracy                 0.7428
2025-04-28 06:25:52,462 simple_logger.py log_once [line:28] INFO test_loss                     0.7185
2025-04-28 06:25:52,462 simple_logger.py log_once [line:28] INFO val_accuracy                  0.7478
2025-04-28 06:25:52,462 simple_logger.py log_once [line:28] INFO mean_val_accuracy             0.7478
2025-04-28 06:25:52,462 simple_logger.py log_once [line:28] INFO std_val_accuracy              0.0302
2025-04-28 06:25:52,462 simple_logger.py log_once [line:28] INFO val_loss                      0.7391
2025-04-28 06:25:52,462 simple_logger.py log_once [line:28] INFO mean_val_loss                 0.7391
2025-04-28 06:25:52,462 simple_logger.py log_once [line:28] INFO std_val_loss                  0.0653
2025-04-28 06:25:52,462 fedbase.py run [line:323] INFO expense           2063344490.0
2025-04-28 06:25:52,462 fedbase.py run [line:324] INFO Eval Time Cost:               3.1010s
2025-04-28 06:25:52,462 asyncbase.py iterate [line:68] INFO Select clients [0, 1, 2, 3, 4, 5, 6, 7, 8, 9, 10, 11, 12, 13, 14, 15, 16, 17, 18, 19] at time 346.
2025-04-28 06:27:57,285 asyncbase.py iterate [line:73] INFO Receive new models from clients [17, 7, 9, 8, 1, 2, 4, 10, 15, 6, 12, 14, 11, 0, 18, 13, 19, 16, 5, 3] at time 347
2025-04-28 06:27:57,778 fedbase.py run [line:318] INFO --------------Round 130--------------
2025-04-28 06:27:57,779 simple_logger.py log_once [line:14] INFO Current_time:347
2025-04-28 06:28:00,853 simple_logger.py log_once [line:28] INFO test_accuracy                 0.7455
2025-04-28 06:28:00,853 simple_logger.py log_once [line:28] INFO test_loss                     0.7067
2025-04-28 06:28:00,853 simple_logger.py log_once [line:28] INFO val_accuracy                  0.7496
2025-04-28 06:28:00,853 simple_logger.py log_once [line:28] INFO mean_val_accuracy             0.7496
2025-04-28 06:28:00,853 simple_logger.py log_once [line:28] INFO std_val_accuracy              0.0295
2025-04-28 06:28:00,853 simple_logger.py log_once [line:28] INFO val_loss                      0.7286
2025-04-28 06:28:00,853 simple_logger.py log_once [line:28] INFO mean_val_loss                 0.7286
2025-04-28 06:28:00,853 simple_logger.py log_once [line:28] INFO std_val_loss                  0.0661
2025-04-28 06:28:00,853 fedbase.py run [line:323] INFO expense           2067775690.0
2025-04-28 06:28:00,853 fedbase.py run [line:324] INFO Eval Time Cost:               3.0741s
2025-04-28 06:28:00,853 asyncbase.py iterate [line:68] INFO Select clients [0, 1, 2, 3, 4, 5, 6, 7, 8, 9, 10, 11, 12, 13, 14, 15, 16, 17, 18, 19] at time 348.
2025-04-28 06:30:01,616 asyncbase.py iterate [line:73] INFO Receive new models from clients [16, 4, 18, 17, 5, 19, 7, 1, 0, 3, 11, 6, 15, 9, 10, 8, 2, 14, 12, 13] at time 349
2025-04-28 06:30:02,126 fedbase.py run [line:318] INFO --------------Round 131--------------
2025-04-28 06:30:02,126 simple_logger.py log_once [line:14] INFO Current_time:349
2025-04-28 06:30:05,199 simple_logger.py log_once [line:28] INFO test_accuracy                 0.7435
2025-04-28 06:30:05,199 simple_logger.py log_once [line:28] INFO test_loss                     0.7159
2025-04-28 06:30:05,199 simple_logger.py log_once [line:28] INFO val_accuracy                  0.7480
2025-04-28 06:30:05,199 simple_logger.py log_once [line:28] INFO mean_val_accuracy             0.7480
2025-04-28 06:30:05,199 simple_logger.py log_once [line:28] INFO std_val_accuracy              0.0304
2025-04-28 06:30:05,199 simple_logger.py log_once [line:28] INFO val_loss                      0.7390
2025-04-28 06:30:05,199 simple_logger.py log_once [line:28] INFO mean_val_loss                 0.7390
2025-04-28 06:30:05,200 simple_logger.py log_once [line:28] INFO std_val_loss                  0.0658
2025-04-28 06:30:05,200 fedbase.py run [line:323] INFO expense           2072206890.0
2025-04-28 06:30:05,200 fedbase.py run [line:324] INFO Eval Time Cost:               3.0732s
2025-04-28 06:30:05,200 asyncbase.py iterate [line:68] INFO Select clients [0, 1, 2, 3, 4, 5, 6, 7, 8, 9, 10, 11, 12, 13, 14, 15, 16, 17, 18, 19] at time 350.
2025-04-28 06:30:41,762 asyncbase.py iterate [line:73] INFO Receive new models from clients [16, 0, 3, 5, 14, 2, 9, 10, 19, 18, 13, 1, 7, 17, 8, 15, 6, 11, 4, 12] at time 351
2025-04-28 06:30:48,390 fedbase.py run [line:318] INFO --------------Round 132--------------
2025-04-28 06:30:48,391 simple_logger.py log_once [line:14] INFO Current_time:351
2025-04-28 06:30:51,499 simple_logger.py log_once [line:28] INFO test_accuracy                 0.7565
2025-04-28 06:30:51,499 simple_logger.py log_once [line:28] INFO test_loss                     0.6881
2025-04-28 06:30:51,499 simple_logger.py log_once [line:28] INFO val_accuracy                  0.7490
2025-04-28 06:30:51,500 simple_logger.py log_once [line:28] INFO mean_val_accuracy             0.7490
2025-04-28 06:30:51,500 simple_logger.py log_once [line:28] INFO std_val_accuracy              0.0299
2025-04-28 06:30:51,500 simple_logger.py log_once [line:28] INFO val_loss                      0.7073
2025-04-28 06:30:51,500 simple_logger.py log_once [line:28] INFO mean_val_loss                 0.7073
2025-04-28 06:30:51,500 simple_logger.py log_once [line:28] INFO std_val_loss                  0.0701
2025-04-28 06:30:51,500 fedbase.py run [line:323] INFO expense           2128076700.0
2025-04-28 06:30:51,500 fedbase.py run [line:324] INFO Eval Time Cost:               3.1089s
2025-04-28 06:30:51,500 asyncbase.py iterate [line:68] INFO Select clients [0, 1, 2, 3, 4, 5, 6, 7, 8, 9, 10, 11, 12, 13, 14, 15, 16, 17, 18, 19] at time 352.
2025-04-28 06:32:50,246 asyncbase.py iterate [line:73] INFO Receive new models from clients [10, 4, 8, 1, 18, 3, 6, 7, 12, 9, 19, 5, 16, 14, 13, 0, 2] at time 355
2025-04-28 06:32:50,246 asyncbase.py iterate [line:73] INFO Receive new models from clients [11, 15, 17] at time 356
2025-04-28 06:32:50,761 fedbase.py run [line:318] INFO --------------Round 133--------------
2025-04-28 06:32:50,762 simple_logger.py log_once [line:14] INFO Current_time:356
2025-04-28 06:32:53,830 simple_logger.py log_once [line:28] INFO test_accuracy                 0.7513
2025-04-28 06:32:53,830 simple_logger.py log_once [line:28] INFO test_loss                     0.7075
2025-04-28 06:32:53,830 simple_logger.py log_once [line:28] INFO val_accuracy                  0.7454
2025-04-28 06:32:53,830 simple_logger.py log_once [line:28] INFO mean_val_accuracy             0.7454
2025-04-28 06:32:53,830 simple_logger.py log_once [line:28] INFO std_val_accuracy              0.0302
2025-04-28 06:32:53,830 simple_logger.py log_once [line:28] INFO val_loss                      0.7256
2025-04-28 06:32:53,830 simple_logger.py log_once [line:28] INFO mean_val_loss                 0.7256
2025-04-28 06:32:53,830 simple_logger.py log_once [line:28] INFO std_val_loss                  0.0693
2025-04-28 06:32:53,830 fedbase.py run [line:323] INFO expense           2132507900.0
2025-04-28 06:32:53,830 fedbase.py run [line:324] INFO Eval Time Cost:               3.0685s
2025-04-28 06:32:53,830 asyncbase.py iterate [line:68] INFO Select clients [0, 1, 2, 3, 4, 5, 6, 7, 8, 9, 10, 11, 12, 13, 14, 15, 16, 17, 18, 19] at time 357.
2025-04-28 06:34:58,422 asyncbase.py iterate [line:73] INFO Receive new models from clients [8, 9, 17, 14, 2, 15, 10, 7, 16, 11, 0, 5, 18, 13, 19, 6, 4, 1, 3, 12] at time 358
2025-04-28 06:34:59,019 fedbase.py run [line:318] INFO --------------Round 134--------------
2025-04-28 06:34:59,020 simple_logger.py log_once [line:14] INFO Current_time:358
2025-04-28 06:35:02,169 simple_logger.py log_once [line:28] INFO test_accuracy                 0.7484
2025-04-28 06:35:02,170 simple_logger.py log_once [line:28] INFO test_loss                     0.7028
2025-04-28 06:35:02,170 simple_logger.py log_once [line:28] INFO val_accuracy                  0.7422
2025-04-28 06:35:02,170 simple_logger.py log_once [line:28] INFO mean_val_accuracy             0.7422
2025-04-28 06:35:02,170 simple_logger.py log_once [line:28] INFO std_val_accuracy              0.0257
2025-04-28 06:35:02,170 simple_logger.py log_once [line:28] INFO val_loss                      0.7240
2025-04-28 06:35:02,170 simple_logger.py log_once [line:28] INFO mean_val_loss                 0.7240
2025-04-28 06:35:02,170 simple_logger.py log_once [line:28] INFO std_val_loss                  0.0711
2025-04-28 06:35:02,170 fedbase.py run [line:323] INFO expense           2136939100.0
2025-04-28 06:35:02,170 fedbase.py run [line:324] INFO Eval Time Cost:               3.1504s
2025-04-28 06:35:02,170 asyncbase.py iterate [line:68] INFO Select clients [0, 1, 2, 3, 4, 5, 6, 7, 8, 9, 10, 11, 12, 13, 14, 15, 16, 17, 18, 19] at time 359.
2025-04-28 06:37:02,078 asyncbase.py iterate [line:73] INFO Receive new models from clients [6, 10, 14, 18, 12, 19, 4, 8, 9, 1, 17, 0, 7, 3, 15, 5, 2, 16, 11, 13] at time 360
2025-04-28 06:37:02,587 fedbase.py run [line:318] INFO --------------Round 135--------------
2025-04-28 06:37:02,588 simple_logger.py log_once [line:14] INFO Current_time:360
2025-04-28 06:37:05,695 simple_logger.py log_once [line:28] INFO test_accuracy                 0.7473
2025-04-28 06:37:05,695 simple_logger.py log_once [line:28] INFO test_loss                     0.7138
2025-04-28 06:37:05,695 simple_logger.py log_once [line:28] INFO val_accuracy                  0.7446
2025-04-28 06:37:05,695 simple_logger.py log_once [line:28] INFO mean_val_accuracy             0.7446
2025-04-28 06:37:05,696 simple_logger.py log_once [line:28] INFO std_val_accuracy              0.0284
2025-04-28 06:37:05,696 simple_logger.py log_once [line:28] INFO val_loss                      0.7302
2025-04-28 06:37:05,696 simple_logger.py log_once [line:28] INFO mean_val_loss                 0.7302
2025-04-28 06:37:05,696 simple_logger.py log_once [line:28] INFO std_val_loss                  0.0724
2025-04-28 06:37:05,696 fedbase.py run [line:323] INFO expense           2141370300.0
2025-04-28 06:37:05,696 fedbase.py run [line:324] INFO Eval Time Cost:               3.1083s
2025-04-28 06:37:05,696 asyncbase.py iterate [line:68] INFO Select clients [0, 1, 2, 3, 4, 5, 6, 7, 8, 9, 10, 11, 12, 13, 14, 15, 16, 17, 18, 19] at time 361.
2025-04-28 06:39:08,927 asyncbase.py iterate [line:73] INFO Receive new models from clients [10, 17, 12, 15, 7, 1, 2, 3, 8, 19, 5, 16, 4, 18, 13, 11, 9, 0, 14, 6] at time 362
2025-04-28 06:39:09,465 fedbase.py run [line:318] INFO --------------Round 136--------------
2025-04-28 06:39:09,465 simple_logger.py log_once [line:14] INFO Current_time:362
2025-04-28 06:39:12,637 simple_logger.py log_once [line:28] INFO test_accuracy                 0.7494
2025-04-28 06:39:12,637 simple_logger.py log_once [line:28] INFO test_loss                     0.7140
2025-04-28 06:39:12,637 simple_logger.py log_once [line:28] INFO val_accuracy                  0.7438
2025-04-28 06:39:12,637 simple_logger.py log_once [line:28] INFO mean_val_accuracy             0.7438
2025-04-28 06:39:12,637 simple_logger.py log_once [line:28] INFO std_val_accuracy              0.0282
2025-04-28 06:39:12,637 simple_logger.py log_once [line:28] INFO val_loss                      0.7289
2025-04-28 06:39:12,637 simple_logger.py log_once [line:28] INFO mean_val_loss                 0.7289
2025-04-28 06:39:12,637 simple_logger.py log_once [line:28] INFO std_val_loss                  0.0740
2025-04-28 06:39:12,637 fedbase.py run [line:323] INFO expense           2145801500.0
2025-04-28 06:39:12,637 fedbase.py run [line:324] INFO Eval Time Cost:               3.1720s
2025-04-28 06:39:12,637 asyncbase.py iterate [line:68] INFO Select clients [0, 1, 2, 3, 4, 5, 6, 7, 8, 9, 10, 11, 12, 13, 14, 15, 16, 17, 18, 19] at time 363.
2025-04-28 06:41:11,603 asyncbase.py iterate [line:73] INFO Receive new models from clients [19, 2, 15, 7, 10, 0, 16, 8, 1, 4, 6, 5, 12, 17, 9, 11, 3, 13, 18, 14] at time 364
2025-04-28 06:41:12,185 fedbase.py run [line:318] INFO --------------Round 137--------------
2025-04-28 06:41:12,185 simple_logger.py log_once [line:14] INFO Current_time:364
2025-04-28 06:41:15,392 simple_logger.py log_once [line:28] INFO test_accuracy                 0.7526
2025-04-28 06:41:15,393 simple_logger.py log_once [line:28] INFO test_loss                     0.6933
2025-04-28 06:41:15,393 simple_logger.py log_once [line:28] INFO val_accuracy                  0.7478
2025-04-28 06:41:15,393 simple_logger.py log_once [line:28] INFO mean_val_accuracy             0.7478
2025-04-28 06:41:15,393 simple_logger.py log_once [line:28] INFO std_val_accuracy              0.0289
2025-04-28 06:41:15,393 simple_logger.py log_once [line:28] INFO val_loss                      0.7133
2025-04-28 06:41:15,393 simple_logger.py log_once [line:28] INFO mean_val_loss                 0.7133
2025-04-28 06:41:15,393 simple_logger.py log_once [line:28] INFO std_val_loss                  0.0707
2025-04-28 06:41:15,393 fedbase.py run [line:323] INFO expense           2150232700.0
2025-04-28 06:41:15,393 fedbase.py run [line:324] INFO Eval Time Cost:               3.2079s
2025-04-28 06:41:15,393 asyncbase.py iterate [line:68] INFO Select clients [0, 1, 2, 3, 4, 5, 6, 7, 8, 9, 10, 11, 12, 13, 14, 15, 16, 17, 18, 19] at time 365.
2025-04-28 06:43:19,347 asyncbase.py iterate [line:73] INFO Receive new models from clients [6, 16, 9, 4, 1, 0, 12, 5, 10, 13, 18, 2, 19, 8, 11, 14, 3, 15, 7, 17] at time 366
2025-04-28 06:43:19,892 fedbase.py run [line:318] INFO --------------Round 138--------------
2025-04-28 06:43:19,893 simple_logger.py log_once [line:14] INFO Current_time:366
2025-04-28 06:43:23,020 simple_logger.py log_once [line:28] INFO test_accuracy                 0.7535
2025-04-28 06:43:23,020 simple_logger.py log_once [line:28] INFO test_loss                     0.6976
2025-04-28 06:43:23,020 simple_logger.py log_once [line:28] INFO val_accuracy                  0.7502
2025-04-28 06:43:23,020 simple_logger.py log_once [line:28] INFO mean_val_accuracy             0.7502
2025-04-28 06:43:23,020 simple_logger.py log_once [line:28] INFO std_val_accuracy              0.0305
2025-04-28 06:43:23,020 simple_logger.py log_once [line:28] INFO val_loss                      0.7166
2025-04-28 06:43:23,020 simple_logger.py log_once [line:28] INFO mean_val_loss                 0.7166
2025-04-28 06:43:23,021 simple_logger.py log_once [line:28] INFO std_val_loss                  0.0744
2025-04-28 06:43:23,021 fedbase.py run [line:323] INFO expense           2154663900.0
2025-04-28 06:43:23,021 fedbase.py run [line:324] INFO Eval Time Cost:               3.1278s
2025-04-28 06:43:23,021 asyncbase.py iterate [line:68] INFO Select clients [0, 1, 2, 3, 4, 5, 6, 7, 8, 9, 10, 11, 12, 13, 14, 15, 16, 17, 18, 19] at time 367.
2025-04-28 06:45:25,746 asyncbase.py iterate [line:73] INFO Receive new models from clients [17, 15, 16, 1, 13, 8, 3, 19, 18, 6, 12, 14, 0, 11, 9, 7, 2, 5, 10, 4] at time 368
2025-04-28 06:45:26,252 fedbase.py run [line:318] INFO --------------Round 139--------------
2025-04-28 06:45:26,252 simple_logger.py log_once [line:14] INFO Current_time:368
2025-04-28 06:45:29,363 simple_logger.py log_once [line:28] INFO test_accuracy                 0.7498
2025-04-28 06:45:29,363 simple_logger.py log_once [line:28] INFO test_loss                     0.7012
2025-04-28 06:45:29,363 simple_logger.py log_once [line:28] INFO val_accuracy                  0.7466
2025-04-28 06:45:29,363 simple_logger.py log_once [line:28] INFO mean_val_accuracy             0.7466
2025-04-28 06:45:29,363 simple_logger.py log_once [line:28] INFO std_val_accuracy              0.0290
2025-04-28 06:45:29,363 simple_logger.py log_once [line:28] INFO val_loss                      0.7191
2025-04-28 06:45:29,363 simple_logger.py log_once [line:28] INFO mean_val_loss                 0.7191
2025-04-28 06:45:29,363 simple_logger.py log_once [line:28] INFO std_val_loss                  0.0737
2025-04-28 06:45:29,363 fedbase.py run [line:323] INFO expense           2159095100.0
2025-04-28 06:45:29,363 fedbase.py run [line:324] INFO Eval Time Cost:               3.1107s
2025-04-28 06:45:29,363 asyncbase.py iterate [line:68] INFO Select clients [0, 1, 2, 3, 4, 5, 6, 7, 8, 9, 10, 11, 12, 13, 14, 15, 16, 17, 18, 19] at time 369.
2025-04-28 06:47:30,753 asyncbase.py iterate [line:73] INFO Receive new models from clients [11, 7, 0, 13, 15, 9, 17, 12, 5, 10, 3, 14, 4, 1, 8, 16, 19, 2, 6, 18] at time 370
2025-04-28 06:47:31,504 fedbase.py run [line:318] INFO --------------Round 140--------------
2025-04-28 06:47:31,505 simple_logger.py log_once [line:14] INFO Current_time:370
2025-04-28 06:47:34,697 simple_logger.py log_once [line:28] INFO test_accuracy                 0.7497
2025-04-28 06:47:34,697 simple_logger.py log_once [line:28] INFO test_loss                     0.7144
2025-04-28 06:47:34,697 simple_logger.py log_once [line:28] INFO val_accuracy                  0.7452
2025-04-28 06:47:34,697 simple_logger.py log_once [line:28] INFO mean_val_accuracy             0.7452
2025-04-28 06:47:34,697 simple_logger.py log_once [line:28] INFO std_val_accuracy              0.0276
2025-04-28 06:47:34,697 simple_logger.py log_once [line:28] INFO val_loss                      0.7298
2025-04-28 06:47:34,697 simple_logger.py log_once [line:28] INFO mean_val_loss                 0.7298
2025-04-28 06:47:34,697 simple_logger.py log_once [line:28] INFO std_val_loss                  0.0721
2025-04-28 06:47:34,698 fedbase.py run [line:323] INFO expense           2163526300.0
2025-04-28 06:47:34,698 fedbase.py run [line:324] INFO Eval Time Cost:               3.1928s
2025-04-28 06:47:34,698 asyncbase.py iterate [line:68] INFO Select clients [0, 1, 2, 3, 4, 5, 6, 7, 8, 9, 10, 11, 12, 13, 14, 15, 16, 17, 18, 19] at time 371.
2025-04-28 06:49:35,450 asyncbase.py iterate [line:73] INFO Receive new models from clients [7, 15, 11, 17, 19, 5, 8, 0, 9, 10, 6, 12, 3, 2, 13, 4, 14, 16, 18, 1] at time 372
2025-04-28 06:49:36,008 fedbase.py run [line:318] INFO --------------Round 141--------------
2025-04-28 06:49:36,009 simple_logger.py log_once [line:14] INFO Current_time:372
2025-04-28 06:49:39,170 simple_logger.py log_once [line:28] INFO test_accuracy                 0.7482
2025-04-28 06:49:39,170 simple_logger.py log_once [line:28] INFO test_loss                     0.7029
2025-04-28 06:49:39,170 simple_logger.py log_once [line:28] INFO val_accuracy                  0.7464
2025-04-28 06:49:39,170 simple_logger.py log_once [line:28] INFO mean_val_accuracy             0.7464
2025-04-28 06:49:39,170 simple_logger.py log_once [line:28] INFO std_val_accuracy              0.0275
2025-04-28 06:49:39,170 simple_logger.py log_once [line:28] INFO val_loss                      0.7198
2025-04-28 06:49:39,170 simple_logger.py log_once [line:28] INFO mean_val_loss                 0.7198
2025-04-28 06:49:39,170 simple_logger.py log_once [line:28] INFO std_val_loss                  0.0711
2025-04-28 06:49:39,170 fedbase.py run [line:323] INFO expense           2167957500.0
2025-04-28 06:49:39,170 fedbase.py run [line:324] INFO Eval Time Cost:               3.1612s
2025-04-28 06:49:39,170 asyncbase.py iterate [line:68] INFO Select clients [0, 1, 2, 3, 4, 5, 6, 7, 8, 9, 10, 11, 12, 13, 14, 15, 16, 17, 18, 19] at time 373.
2025-04-28 06:51:41,379 asyncbase.py iterate [line:73] INFO Receive new models from clients [8, 19, 3, 13, 16, 18, 4, 17, 0, 12, 9, 5, 1, 15, 7, 11, 10, 14, 6, 2] at time 374
2025-04-28 06:51:41,926 fedbase.py run [line:318] INFO --------------Round 142--------------
2025-04-28 06:51:41,927 simple_logger.py log_once [line:14] INFO Current_time:374
2025-04-28 06:51:45,078 simple_logger.py log_once [line:28] INFO test_accuracy                 0.7510
2025-04-28 06:51:45,078 simple_logger.py log_once [line:28] INFO test_loss                     0.7040
2025-04-28 06:51:45,078 simple_logger.py log_once [line:28] INFO val_accuracy                  0.7424
2025-04-28 06:51:45,078 simple_logger.py log_once [line:28] INFO mean_val_accuracy             0.7424
2025-04-28 06:51:45,078 simple_logger.py log_once [line:28] INFO std_val_accuracy              0.0281
2025-04-28 06:51:45,078 simple_logger.py log_once [line:28] INFO val_loss                      0.7256
2025-04-28 06:51:45,078 simple_logger.py log_once [line:28] INFO mean_val_loss                 0.7256
2025-04-28 06:51:45,078 simple_logger.py log_once [line:28] INFO std_val_loss                  0.0701
2025-04-28 06:51:45,078 fedbase.py run [line:323] INFO expense           2172388700.0
2025-04-28 06:51:45,078 fedbase.py run [line:324] INFO Eval Time Cost:               3.1518s
2025-04-28 06:51:45,078 asyncbase.py iterate [line:68] INFO Select clients [0, 1, 2, 3, 4, 5, 6, 7, 8, 9, 10, 11, 12, 13, 14, 15, 16, 17, 18, 19] at time 375.
2025-04-28 06:53:48,970 asyncbase.py iterate [line:73] INFO Receive new models from clients [1, 19, 5, 2, 12, 7, 16, 8, 17, 10, 14, 13, 18, 4, 15, 9, 0, 3, 6, 11] at time 376
2025-04-28 06:53:49,492 fedbase.py run [line:318] INFO --------------Round 143--------------
2025-04-28 06:53:49,493 simple_logger.py log_once [line:14] INFO Current_time:376
2025-04-28 06:53:52,723 simple_logger.py log_once [line:28] INFO test_accuracy                 0.7475
2025-04-28 06:53:52,723 simple_logger.py log_once [line:28] INFO test_loss                     0.7135
2025-04-28 06:53:52,723 simple_logger.py log_once [line:28] INFO val_accuracy                  0.7346
2025-04-28 06:53:52,723 simple_logger.py log_once [line:28] INFO mean_val_accuracy             0.7346
2025-04-28 06:53:52,723 simple_logger.py log_once [line:28] INFO std_val_accuracy              0.0259
2025-04-28 06:53:52,724 simple_logger.py log_once [line:28] INFO val_loss                      0.7356
2025-04-28 06:53:52,724 simple_logger.py log_once [line:28] INFO mean_val_loss                 0.7356
2025-04-28 06:53:52,724 simple_logger.py log_once [line:28] INFO std_val_loss                  0.0723
2025-04-28 06:53:52,724 fedbase.py run [line:323] INFO expense           2176819900.0
2025-04-28 06:53:52,724 fedbase.py run [line:324] INFO Eval Time Cost:               3.2308s
2025-04-28 06:53:52,724 asyncbase.py iterate [line:68] INFO Select clients [0, 1, 2, 3, 4, 5, 6, 7, 8, 9, 10, 11, 12, 13, 14, 15, 16, 17, 18, 19] at time 377.
2025-04-28 06:54:29,046 asyncbase.py iterate [line:73] INFO Receive new models from clients [14, 7, 9, 6, 4, 1, 18, 3, 11, 5, 17, 8, 16, 2, 12, 15, 13, 10, 0, 19] at time 378
2025-04-28 06:54:35,565 fedbase.py run [line:318] INFO --------------Round 144--------------
2025-04-28 06:54:35,565 simple_logger.py log_once [line:14] INFO Current_time:378
2025-04-28 06:54:38,660 simple_logger.py log_once [line:28] INFO test_accuracy                 0.7602
2025-04-28 06:54:38,660 simple_logger.py log_once [line:28] INFO test_loss                     0.6697
2025-04-28 06:54:38,660 simple_logger.py log_once [line:28] INFO val_accuracy                  0.7608
2025-04-28 06:54:38,660 simple_logger.py log_once [line:28] INFO mean_val_accuracy             0.7608
2025-04-28 06:54:38,660 simple_logger.py log_once [line:28] INFO std_val_accuracy              0.0259
2025-04-28 06:54:38,660 simple_logger.py log_once [line:28] INFO val_loss                      0.6945
2025-04-28 06:54:38,660 simple_logger.py log_once [line:28] INFO mean_val_loss                 0.6945
2025-04-28 06:54:38,660 simple_logger.py log_once [line:28] INFO std_val_loss                  0.0710
2025-04-28 06:54:38,660 fedbase.py run [line:323] INFO expense           2232689710.0
2025-04-28 06:54:38,660 fedbase.py run [line:324] INFO Eval Time Cost:               3.0951s
2025-04-28 06:54:38,661 asyncbase.py iterate [line:68] INFO Select clients [0, 1, 2, 3, 4, 5, 6, 7, 8, 9, 10, 11, 12, 13, 14, 15, 16, 17, 18, 19] at time 379.
2025-04-28 06:56:37,935 asyncbase.py iterate [line:73] INFO Receive new models from clients [9, 2, 1, 10, 8, 12, 16, 17, 13, 19, 14, 11, 4, 6, 15, 5, 18, 7] at time 382
2025-04-28 06:56:37,935 asyncbase.py iterate [line:73] INFO Receive new models from clients [0, 3] at time 383
2025-04-28 06:56:38,498 fedbase.py run [line:318] INFO --------------Round 145--------------
2025-04-28 06:56:38,498 simple_logger.py log_once [line:14] INFO Current_time:383
2025-04-28 06:56:41,670 simple_logger.py log_once [line:28] INFO test_accuracy                 0.7575
2025-04-28 06:56:41,670 simple_logger.py log_once [line:28] INFO test_loss                     0.6809
2025-04-28 06:56:41,670 simple_logger.py log_once [line:28] INFO val_accuracy                  0.7558
2025-04-28 06:56:41,670 simple_logger.py log_once [line:28] INFO mean_val_accuracy             0.7558
2025-04-28 06:56:41,671 simple_logger.py log_once [line:28] INFO std_val_accuracy              0.0295
2025-04-28 06:56:41,671 simple_logger.py log_once [line:28] INFO val_loss                      0.7051
2025-04-28 06:56:41,671 simple_logger.py log_once [line:28] INFO mean_val_loss                 0.7051
2025-04-28 06:56:41,671 simple_logger.py log_once [line:28] INFO std_val_loss                  0.0699
2025-04-28 06:56:41,671 fedbase.py run [line:323] INFO expense           2237120910.0
2025-04-28 06:56:41,671 fedbase.py run [line:324] INFO Eval Time Cost:               3.1726s
2025-04-28 06:56:41,671 asyncbase.py iterate [line:68] INFO Select clients [0, 1, 2, 3, 4, 5, 6, 7, 8, 9, 10, 11, 12, 13, 14, 15, 16, 17, 18, 19] at time 384.
2025-04-28 06:58:42,624 asyncbase.py iterate [line:73] INFO Receive new models from clients [10, 15, 16, 1, 7, 8, 12, 19, 17, 6, 9, 3, 13, 4, 18, 14, 0, 11, 5, 2] at time 385
2025-04-28 06:58:43,148 fedbase.py run [line:318] INFO --------------Round 146--------------
2025-04-28 06:58:43,149 simple_logger.py log_once [line:14] INFO Current_time:385
2025-04-28 06:58:46,275 simple_logger.py log_once [line:28] INFO test_accuracy                 0.7602
2025-04-28 06:58:46,275 simple_logger.py log_once [line:28] INFO test_loss                     0.6784
2025-04-28 06:58:46,275 simple_logger.py log_once [line:28] INFO val_accuracy                  0.7574
2025-04-28 06:58:46,276 simple_logger.py log_once [line:28] INFO mean_val_accuracy             0.7574
2025-04-28 06:58:46,276 simple_logger.py log_once [line:28] INFO std_val_accuracy              0.0281
2025-04-28 06:58:46,276 simple_logger.py log_once [line:28] INFO val_loss                      0.7055
2025-04-28 06:58:46,276 simple_logger.py log_once [line:28] INFO mean_val_loss                 0.7055
2025-04-28 06:58:46,276 simple_logger.py log_once [line:28] INFO std_val_loss                  0.0707
2025-04-28 06:58:46,276 fedbase.py run [line:323] INFO expense           2241552110.0
2025-04-28 06:58:46,276 fedbase.py run [line:324] INFO Eval Time Cost:               3.1273s
2025-04-28 06:58:46,276 asyncbase.py iterate [line:68] INFO Select clients [0, 1, 2, 3, 4, 5, 6, 7, 8, 9, 10, 11, 12, 13, 14, 15, 16, 17, 18, 19] at time 386.
2025-04-28 07:00:48,585 asyncbase.py iterate [line:73] INFO Receive new models from clients [0, 8, 4, 14, 13, 5, 1, 19, 3, 7, 15, 11, 12, 10, 16, 18, 2, 17, 9, 6] at time 387
2025-04-28 07:00:49,122 fedbase.py run [line:318] INFO --------------Round 147--------------
2025-04-28 07:00:49,123 simple_logger.py log_once [line:14] INFO Current_time:387
2025-04-28 07:00:52,281 simple_logger.py log_once [line:28] INFO test_accuracy                 0.7588
2025-04-28 07:00:52,281 simple_logger.py log_once [line:28] INFO test_loss                     0.6792
2025-04-28 07:00:52,281 simple_logger.py log_once [line:28] INFO val_accuracy                  0.7566
2025-04-28 07:00:52,281 simple_logger.py log_once [line:28] INFO mean_val_accuracy             0.7566
2025-04-28 07:00:52,282 simple_logger.py log_once [line:28] INFO std_val_accuracy              0.0297
2025-04-28 07:00:52,282 simple_logger.py log_once [line:28] INFO val_loss                      0.7027
2025-04-28 07:00:52,282 simple_logger.py log_once [line:28] INFO mean_val_loss                 0.7027
2025-04-28 07:00:52,282 simple_logger.py log_once [line:28] INFO std_val_loss                  0.0705
2025-04-28 07:00:52,282 fedbase.py run [line:323] INFO expense           2245983310.0
2025-04-28 07:00:52,282 fedbase.py run [line:324] INFO Eval Time Cost:               3.1590s
2025-04-28 07:00:52,282 asyncbase.py iterate [line:68] INFO Select clients [0, 1, 2, 3, 4, 5, 6, 7, 8, 9, 10, 11, 12, 13, 14, 15, 16, 17, 18, 19] at time 388.
2025-04-28 07:02:54,657 asyncbase.py iterate [line:73] INFO Receive new models from clients [10, 0, 4, 15, 13, 7, 2, 18, 6, 11, 19, 5, 3, 17, 9, 14, 12, 1, 16, 8] at time 389
2025-04-28 07:02:55,212 fedbase.py run [line:318] INFO --------------Round 148--------------
2025-04-28 07:02:55,213 simple_logger.py log_once [line:14] INFO Current_time:389
2025-04-28 07:02:58,369 simple_logger.py log_once [line:28] INFO test_accuracy                 0.7598
2025-04-28 07:02:58,369 simple_logger.py log_once [line:28] INFO test_loss                     0.6769
2025-04-28 07:02:58,369 simple_logger.py log_once [line:28] INFO val_accuracy                  0.7592
2025-04-28 07:02:58,369 simple_logger.py log_once [line:28] INFO mean_val_accuracy             0.7592
2025-04-28 07:02:58,369 simple_logger.py log_once [line:28] INFO std_val_accuracy              0.0301
2025-04-28 07:02:58,369 simple_logger.py log_once [line:28] INFO val_loss                      0.7005
2025-04-28 07:02:58,369 simple_logger.py log_once [line:28] INFO mean_val_loss                 0.7005
2025-04-28 07:02:58,369 simple_logger.py log_once [line:28] INFO std_val_loss                  0.0726
2025-04-28 07:02:58,369 fedbase.py run [line:323] INFO expense           2250414510.0
2025-04-28 07:02:58,369 fedbase.py run [line:324] INFO Eval Time Cost:               3.1568s
2025-04-28 07:02:58,370 asyncbase.py iterate [line:68] INFO Select clients [0, 1, 2, 3, 4, 5, 6, 7, 8, 9, 10, 11, 12, 13, 14, 15, 16, 17, 18, 19] at time 390.
2025-04-28 07:05:03,786 asyncbase.py iterate [line:73] INFO Receive new models from clients [19, 15, 4, 13, 10, 1, 8, 12, 2, 16, 18, 7, 6, 9, 5, 14, 0, 3, 17, 11] at time 391
2025-04-28 07:05:04,302 fedbase.py run [line:318] INFO --------------Round 149--------------
2025-04-28 07:05:04,303 simple_logger.py log_once [line:14] INFO Current_time:391
2025-04-28 07:05:07,421 simple_logger.py log_once [line:28] INFO test_accuracy                 0.7568
2025-04-28 07:05:07,421 simple_logger.py log_once [line:28] INFO test_loss                     0.6912
2025-04-28 07:05:07,421 simple_logger.py log_once [line:28] INFO val_accuracy                  0.7542
2025-04-28 07:05:07,421 simple_logger.py log_once [line:28] INFO mean_val_accuracy             0.7542
2025-04-28 07:05:07,421 simple_logger.py log_once [line:28] INFO std_val_accuracy              0.0330
2025-04-28 07:05:07,421 simple_logger.py log_once [line:28] INFO val_loss                      0.7145
2025-04-28 07:05:07,421 simple_logger.py log_once [line:28] INFO mean_val_loss                 0.7145
2025-04-28 07:05:07,421 simple_logger.py log_once [line:28] INFO std_val_loss                  0.0716
2025-04-28 07:05:07,422 fedbase.py run [line:323] INFO expense           2254845710.0
2025-04-28 07:05:07,422 fedbase.py run [line:324] INFO Eval Time Cost:               3.1187s
2025-04-28 07:05:07,422 asyncbase.py iterate [line:68] INFO Select clients [0, 1, 2, 3, 4, 5, 6, 7, 8, 9, 10, 11, 12, 13, 14, 15, 16, 17, 18, 19] at time 392.
2025-04-28 07:07:10,938 asyncbase.py iterate [line:73] INFO Receive new models from clients [8, 13, 5, 11, 17, 6, 14, 7, 12, 3, 1, 0, 15, 16, 19, 4, 10, 2, 9, 18] at time 393
2025-04-28 07:07:11,470 fedbase.py run [line:318] INFO --------------Round 150--------------
2025-04-28 07:07:11,471 simple_logger.py log_once [line:14] INFO Current_time:393
2025-04-28 07:07:14,606 simple_logger.py log_once [line:28] INFO test_accuracy                 0.7528
2025-04-28 07:07:14,606 simple_logger.py log_once [line:28] INFO test_loss                     0.6937
2025-04-28 07:07:14,606 simple_logger.py log_once [line:28] INFO val_accuracy                  0.7536
2025-04-28 07:07:14,606 simple_logger.py log_once [line:28] INFO mean_val_accuracy             0.7536
2025-04-28 07:07:14,606 simple_logger.py log_once [line:28] INFO std_val_accuracy              0.0331
2025-04-28 07:07:14,606 simple_logger.py log_once [line:28] INFO val_loss                      0.7172
2025-04-28 07:07:14,606 simple_logger.py log_once [line:28] INFO mean_val_loss                 0.7172
2025-04-28 07:07:14,606 simple_logger.py log_once [line:28] INFO std_val_loss                  0.0699
2025-04-28 07:07:14,606 fedbase.py run [line:323] INFO expense           2259276910.0
2025-04-28 07:07:14,606 fedbase.py run [line:324] INFO Eval Time Cost:               3.1355s
2025-04-28 07:07:14,606 asyncbase.py iterate [line:68] INFO Select clients [0, 1, 2, 3, 4, 5, 6, 7, 8, 9, 10, 11, 12, 13, 14, 15, 16, 17, 18, 19] at time 394.
2025-04-28 07:09:19,575 asyncbase.py iterate [line:73] INFO Receive new models from clients [16, 2, 18, 12, 14, 10, 13, 0, 1, 15, 4, 9, 8, 6, 19, 5, 7, 17, 3, 11] at time 395
2025-04-28 07:09:20,130 fedbase.py run [line:318] INFO --------------Round 151--------------
2025-04-28 07:09:20,131 simple_logger.py log_once [line:14] INFO Current_time:395
2025-04-28 07:09:23,331 simple_logger.py log_once [line:28] INFO test_accuracy                 0.7566
2025-04-28 07:09:23,331 simple_logger.py log_once [line:28] INFO test_loss                     0.6934
2025-04-28 07:09:23,331 simple_logger.py log_once [line:28] INFO val_accuracy                  0.7502
2025-04-28 07:09:23,331 simple_logger.py log_once [line:28] INFO mean_val_accuracy             0.7502
2025-04-28 07:09:23,331 simple_logger.py log_once [line:28] INFO std_val_accuracy              0.0304
2025-04-28 07:09:23,331 simple_logger.py log_once [line:28] INFO val_loss                      0.7193
2025-04-28 07:09:23,331 simple_logger.py log_once [line:28] INFO mean_val_loss                 0.7193
2025-04-28 07:09:23,331 simple_logger.py log_once [line:28] INFO std_val_loss                  0.0714
2025-04-28 07:09:23,331 fedbase.py run [line:323] INFO expense           2263708110.0
2025-04-28 07:09:23,331 fedbase.py run [line:324] INFO Eval Time Cost:               3.2007s
2025-04-28 07:09:23,332 asyncbase.py iterate [line:68] INFO Select clients [0, 1, 2, 3, 4, 5, 6, 7, 8, 9, 10, 11, 12, 13, 14, 15, 16, 17, 18, 19] at time 396.
2025-04-28 07:11:24,457 asyncbase.py iterate [line:73] INFO Receive new models from clients [12, 0, 5, 6, 14, 13, 8, 15, 1, 7, 18, 16, 2, 9, 10, 19, 11, 4, 17, 3] at time 397
2025-04-28 07:11:24,985 fedbase.py run [line:318] INFO --------------Round 152--------------
2025-04-28 07:11:24,985 simple_logger.py log_once [line:14] INFO Current_time:397
2025-04-28 07:11:28,192 simple_logger.py log_once [line:28] INFO test_accuracy                 0.7531
2025-04-28 07:11:28,192 simple_logger.py log_once [line:28] INFO test_loss                     0.6961
2025-04-28 07:11:28,192 simple_logger.py log_once [line:28] INFO val_accuracy                  0.7510
2025-04-28 07:11:28,192 simple_logger.py log_once [line:28] INFO mean_val_accuracy             0.7510
2025-04-28 07:11:28,192 simple_logger.py log_once [line:28] INFO std_val_accuracy              0.0317
2025-04-28 07:11:28,192 simple_logger.py log_once [line:28] INFO val_loss                      0.7204
2025-04-28 07:11:28,192 simple_logger.py log_once [line:28] INFO mean_val_loss                 0.7204
2025-04-28 07:11:28,192 simple_logger.py log_once [line:28] INFO std_val_loss                  0.0727
2025-04-28 07:11:28,192 fedbase.py run [line:323] INFO expense           2268139310.0
2025-04-28 07:11:28,192 fedbase.py run [line:324] INFO Eval Time Cost:               3.2069s
2025-04-28 07:11:28,192 asyncbase.py iterate [line:68] INFO Select clients [0, 1, 2, 3, 4, 5, 6, 7, 8, 9, 10, 11, 12, 13, 14, 15, 16, 17, 18, 19] at time 398.
2025-04-28 07:13:29,725 asyncbase.py iterate [line:73] INFO Receive new models from clients [13, 6, 3, 18, 4, 1, 5, 7, 0, 11, 14, 9, 12, 15, 10, 17, 8, 2, 16, 19] at time 399
2025-04-28 07:13:30,232 fedbase.py run [line:318] INFO --------------Round 153--------------
2025-04-28 07:13:30,232 simple_logger.py log_once [line:14] INFO Current_time:399
2025-04-28 07:13:33,449 simple_logger.py log_once [line:28] INFO test_accuracy                 0.7595
2025-04-28 07:13:33,449 simple_logger.py log_once [line:28] INFO test_loss                     0.6810
2025-04-28 07:13:33,449 simple_logger.py log_once [line:28] INFO val_accuracy                  0.7538
2025-04-28 07:13:33,449 simple_logger.py log_once [line:28] INFO mean_val_accuracy             0.7538
2025-04-28 07:13:33,449 simple_logger.py log_once [line:28] INFO std_val_accuracy              0.0288
2025-04-28 07:13:33,449 simple_logger.py log_once [line:28] INFO val_loss                      0.7039
2025-04-28 07:13:33,449 simple_logger.py log_once [line:28] INFO mean_val_loss                 0.7039
2025-04-28 07:13:33,449 simple_logger.py log_once [line:28] INFO std_val_loss                  0.0703
2025-04-28 07:13:33,449 fedbase.py run [line:323] INFO expense           2272570510.0
2025-04-28 07:13:33,449 fedbase.py run [line:324] INFO Eval Time Cost:               3.2172s
2025-04-28 07:13:33,450 asyncbase.py iterate [line:68] INFO Select clients [0, 1, 2, 3, 4, 5, 6, 7, 8, 9, 10, 11, 12, 13, 14, 15, 16, 17, 18, 19] at time 400.
2025-04-28 07:15:35,039 asyncbase.py iterate [line:73] INFO Receive new models from clients [3, 2, 10, 7, 19, 4, 5, 1, 14, 16, 9, 6, 12, 8, 15, 13, 0, 11, 17, 18] at time 401
2025-04-28 07:15:35,561 fedbase.py run [line:318] INFO --------------Round 154--------------
2025-04-28 07:15:35,562 simple_logger.py log_once [line:14] INFO Current_time:401
2025-04-28 07:15:38,662 simple_logger.py log_once [line:28] INFO test_accuracy                 0.7581
2025-04-28 07:15:38,662 simple_logger.py log_once [line:28] INFO test_loss                     0.6768
2025-04-28 07:15:38,662 simple_logger.py log_once [line:28] INFO val_accuracy                  0.7566
2025-04-28 07:15:38,662 simple_logger.py log_once [line:28] INFO mean_val_accuracy             0.7566
2025-04-28 07:15:38,662 simple_logger.py log_once [line:28] INFO std_val_accuracy              0.0287
2025-04-28 07:15:38,662 simple_logger.py log_once [line:28] INFO val_loss                      0.7024
2025-04-28 07:15:38,662 simple_logger.py log_once [line:28] INFO mean_val_loss                 0.7024
2025-04-28 07:15:38,662 simple_logger.py log_once [line:28] INFO std_val_loss                  0.0713
2025-04-28 07:15:38,662 fedbase.py run [line:323] INFO expense           2277001710.0
2025-04-28 07:15:38,662 fedbase.py run [line:324] INFO Eval Time Cost:               3.1008s
2025-04-28 07:15:38,662 asyncbase.py iterate [line:68] INFO Select clients [0, 1, 2, 3, 4, 5, 6, 7, 8, 9, 10, 11, 12, 13, 14, 15, 16, 17, 18, 19] at time 402.
2025-04-28 07:17:40,408 asyncbase.py iterate [line:73] INFO Receive new models from clients [10, 6, 11, 18, 13, 15, 16, 19, 0, 1, 8, 12, 9, 5, 14, 17, 3, 7, 2, 4] at time 403
2025-04-28 07:17:41,134 fedbase.py run [line:318] INFO --------------Round 155--------------
2025-04-28 07:17:41,135 simple_logger.py log_once [line:14] INFO Current_time:403
2025-04-28 07:17:44,296 simple_logger.py log_once [line:28] INFO test_accuracy                 0.7594
2025-04-28 07:17:44,296 simple_logger.py log_once [line:28] INFO test_loss                     0.6753
2025-04-28 07:17:44,296 simple_logger.py log_once [line:28] INFO val_accuracy                  0.7548
2025-04-28 07:17:44,296 simple_logger.py log_once [line:28] INFO mean_val_accuracy             0.7548
2025-04-28 07:17:44,296 simple_logger.py log_once [line:28] INFO std_val_accuracy              0.0291
2025-04-28 07:17:44,296 simple_logger.py log_once [line:28] INFO val_loss                      0.7009
2025-04-28 07:17:44,296 simple_logger.py log_once [line:28] INFO mean_val_loss                 0.7009
2025-04-28 07:17:44,296 simple_logger.py log_once [line:28] INFO std_val_loss                  0.0701
2025-04-28 07:17:44,296 fedbase.py run [line:323] INFO expense           2281432910.0
2025-04-28 07:17:44,296 fedbase.py run [line:324] INFO Eval Time Cost:               3.1615s
2025-04-28 07:17:44,296 asyncbase.py iterate [line:68] INFO Select clients [0, 1, 2, 3, 4, 5, 6, 7, 8, 9, 10, 11, 12, 13, 14, 15, 16, 17, 18, 19] at time 404.
2025-04-28 07:19:45,087 asyncbase.py iterate [line:73] INFO Receive new models from clients [16, 19, 0, 13, 6, 7, 14, 12, 2, 1, 5, 8, 10, 15, 9, 3, 4, 11, 18, 17] at time 405
2025-04-28 07:19:45,982 fedbase.py run [line:318] INFO --------------Round 156--------------
2025-04-28 07:19:45,983 simple_logger.py log_once [line:14] INFO Current_time:405
2025-04-28 07:19:49,667 simple_logger.py log_once [line:28] INFO test_accuracy                 0.7567
2025-04-28 07:19:49,667 simple_logger.py log_once [line:28] INFO test_loss                     0.6768
2025-04-28 07:19:49,667 simple_logger.py log_once [line:28] INFO val_accuracy                  0.7588
2025-04-28 07:19:49,667 simple_logger.py log_once [line:28] INFO mean_val_accuracy             0.7588
2025-04-28 07:19:49,667 simple_logger.py log_once [line:28] INFO std_val_accuracy              0.0266
2025-04-28 07:19:49,667 simple_logger.py log_once [line:28] INFO val_loss                      0.7004
2025-04-28 07:19:49,667 simple_logger.py log_once [line:28] INFO mean_val_loss                 0.7004
2025-04-28 07:19:49,667 simple_logger.py log_once [line:28] INFO std_val_loss                  0.0728
2025-04-28 07:19:49,667 fedbase.py run [line:323] INFO expense           2285864110.0
2025-04-28 07:19:49,667 fedbase.py run [line:324] INFO Eval Time Cost:               3.6843s
2025-04-28 07:19:49,667 asyncbase.py iterate [line:68] INFO Select clients [0, 1, 2, 3, 4, 5, 6, 7, 8, 9, 10, 11, 12, 13, 14, 15, 16, 17, 18, 19] at time 406.
2025-04-28 07:20:23,503 asyncbase.py iterate [line:73] INFO Receive new models from clients [0, 14, 19, 1, 13, 15, 10, 18, 11, 2, 8, 16, 17, 12, 5, 3, 7, 4, 6, 9] at time 407
2025-04-28 07:20:30,500 fedbase.py run [line:318] INFO --------------Round 157--------------
2025-04-28 07:20:30,501 simple_logger.py log_once [line:14] INFO Current_time:407
2025-04-28 07:20:33,623 simple_logger.py log_once [line:28] INFO test_accuracy                 0.7664
2025-04-28 07:20:33,623 simple_logger.py log_once [line:28] INFO test_loss                     0.6567
2025-04-28 07:20:33,623 simple_logger.py log_once [line:28] INFO val_accuracy                  0.7632
2025-04-28 07:20:33,623 simple_logger.py log_once [line:28] INFO mean_val_accuracy             0.7632
2025-04-28 07:20:33,623 simple_logger.py log_once [line:28] INFO std_val_accuracy              0.0302
2025-04-28 07:20:33,624 simple_logger.py log_once [line:28] INFO val_loss                      0.6834
2025-04-28 07:20:33,624 simple_logger.py log_once [line:28] INFO mean_val_loss                 0.6834
2025-04-28 07:20:33,624 simple_logger.py log_once [line:28] INFO std_val_loss                  0.0674
2025-04-28 07:20:33,624 fedbase.py run [line:323] INFO expense           2341733920.0
2025-04-28 07:20:33,624 fedbase.py run [line:324] INFO Eval Time Cost:               3.1229s
2025-04-28 07:20:33,624 asyncbase.py iterate [line:68] INFO Select clients [0, 1, 2, 3, 4, 5, 6, 7, 8, 9, 10, 11, 12, 13, 14, 15, 16, 17, 18, 19] at time 408.
2025-04-28 07:22:33,898 asyncbase.py iterate [line:73] INFO Receive new models from clients [11, 10, 12, 7, 18, 5, 13, 4, 19, 16, 2, 1, 3, 9, 6, 0] at time 411
2025-04-28 07:22:33,898 asyncbase.py iterate [line:73] INFO Receive new models from clients [15, 8, 17, 14] at time 412
2025-04-28 07:22:34,497 fedbase.py run [line:318] INFO --------------Round 158--------------
2025-04-28 07:22:34,498 simple_logger.py log_once [line:14] INFO Current_time:412
2025-04-28 07:22:37,560 simple_logger.py log_once [line:28] INFO test_accuracy                 0.7642
2025-04-28 07:22:37,561 simple_logger.py log_once [line:28] INFO test_loss                     0.6580
2025-04-28 07:22:37,561 simple_logger.py log_once [line:28] INFO val_accuracy                  0.7658
2025-04-28 07:22:37,561 simple_logger.py log_once [line:28] INFO mean_val_accuracy             0.7658
2025-04-28 07:22:37,561 simple_logger.py log_once [line:28] INFO std_val_accuracy              0.0289
2025-04-28 07:22:37,561 simple_logger.py log_once [line:28] INFO val_loss                      0.6870
2025-04-28 07:22:37,561 simple_logger.py log_once [line:28] INFO mean_val_loss                 0.6870
2025-04-28 07:22:37,561 simple_logger.py log_once [line:28] INFO std_val_loss                  0.0661
2025-04-28 07:22:37,561 fedbase.py run [line:323] INFO expense           2346165120.0
2025-04-28 07:22:37,561 fedbase.py run [line:324] INFO Eval Time Cost:               3.0629s
2025-04-28 07:22:37,561 asyncbase.py iterate [line:68] INFO Select clients [0, 1, 2, 3, 4, 5, 6, 7, 8, 9, 10, 11, 12, 13, 14, 15, 16, 17, 18, 19] at time 413.
2025-04-28 07:24:40,554 asyncbase.py iterate [line:73] INFO Receive new models from clients [18, 10, 13, 5, 2, 8, 6, 3, 12, 9, 16, 14, 15, 17, 4, 11, 19, 1, 0, 7] at time 414
2025-04-28 07:24:41,050 fedbase.py run [line:318] INFO --------------Round 159--------------
2025-04-28 07:24:41,051 simple_logger.py log_once [line:14] INFO Current_time:414
2025-04-28 07:24:44,236 simple_logger.py log_once [line:28] INFO test_accuracy                 0.7664
2025-04-28 07:24:44,236 simple_logger.py log_once [line:28] INFO test_loss                     0.6597
2025-04-28 07:24:44,236 simple_logger.py log_once [line:28] INFO val_accuracy                  0.7612
2025-04-28 07:24:44,236 simple_logger.py log_once [line:28] INFO mean_val_accuracy             0.7612
2025-04-28 07:24:44,236 simple_logger.py log_once [line:28] INFO std_val_accuracy              0.0331
2025-04-28 07:24:44,236 simple_logger.py log_once [line:28] INFO val_loss                      0.6858
2025-04-28 07:24:44,236 simple_logger.py log_once [line:28] INFO mean_val_loss                 0.6858
2025-04-28 07:24:44,236 simple_logger.py log_once [line:28] INFO std_val_loss                  0.0671
2025-04-28 07:24:44,236 fedbase.py run [line:323] INFO expense           2350596320.0
2025-04-28 07:24:44,236 fedbase.py run [line:324] INFO Eval Time Cost:               3.1857s
2025-04-28 07:24:44,237 asyncbase.py iterate [line:68] INFO Select clients [0, 1, 2, 3, 4, 5, 6, 7, 8, 9, 10, 11, 12, 13, 14, 15, 16, 17, 18, 19] at time 415.
2025-04-28 07:26:48,367 asyncbase.py iterate [line:73] INFO Receive new models from clients [17, 4, 9, 11, 16, 14, 3, 2, 5, 10, 12, 15, 6, 19, 7, 0, 18, 13, 8, 1] at time 416
2025-04-28 07:26:48,920 fedbase.py run [line:318] INFO --------------Round 160--------------
2025-04-28 07:26:48,920 simple_logger.py log_once [line:14] INFO Current_time:416
2025-04-28 07:26:52,021 simple_logger.py log_once [line:28] INFO test_accuracy                 0.7626
2025-04-28 07:26:52,021 simple_logger.py log_once [line:28] INFO test_loss                     0.6713
2025-04-28 07:26:52,021 simple_logger.py log_once [line:28] INFO val_accuracy                  0.7554
2025-04-28 07:26:52,021 simple_logger.py log_once [line:28] INFO mean_val_accuracy             0.7554
2025-04-28 07:26:52,021 simple_logger.py log_once [line:28] INFO std_val_accuracy              0.0308
2025-04-28 07:26:52,021 simple_logger.py log_once [line:28] INFO val_loss                      0.6975
2025-04-28 07:26:52,021 simple_logger.py log_once [line:28] INFO mean_val_loss                 0.6975
2025-04-28 07:26:52,021 simple_logger.py log_once [line:28] INFO std_val_loss                  0.0702
2025-04-28 07:26:52,021 fedbase.py run [line:323] INFO expense           2355027520.0
2025-04-28 07:26:52,021 fedbase.py run [line:324] INFO Eval Time Cost:               3.1009s
2025-04-28 07:26:52,021 asyncbase.py iterate [line:68] INFO Select clients [0, 1, 2, 3, 4, 5, 6, 7, 8, 9, 10, 11, 12, 13, 14, 15, 16, 17, 18, 19] at time 417.
2025-04-28 07:28:55,013 asyncbase.py iterate [line:73] INFO Receive new models from clients [0, 5, 17, 19, 11, 8, 12, 15, 3, 7, 2, 4, 13, 10, 16, 9, 1, 6, 14, 18] at time 418
2025-04-28 07:28:55,510 fedbase.py run [line:318] INFO --------------Round 161--------------
2025-04-28 07:28:55,511 simple_logger.py log_once [line:14] INFO Current_time:418
2025-04-28 07:28:58,649 simple_logger.py log_once [line:28] INFO test_accuracy                 0.7663
2025-04-28 07:28:58,650 simple_logger.py log_once [line:28] INFO test_loss                     0.6631
2025-04-28 07:28:58,650 simple_logger.py log_once [line:28] INFO val_accuracy                  0.7608
2025-04-28 07:28:58,650 simple_logger.py log_once [line:28] INFO mean_val_accuracy             0.7608
2025-04-28 07:28:58,650 simple_logger.py log_once [line:28] INFO std_val_accuracy              0.0308
2025-04-28 07:28:58,650 simple_logger.py log_once [line:28] INFO val_loss                      0.6920
2025-04-28 07:28:58,650 simple_logger.py log_once [line:28] INFO mean_val_loss                 0.6920
2025-04-28 07:28:58,650 simple_logger.py log_once [line:28] INFO std_val_loss                  0.0666
2025-04-28 07:28:58,650 fedbase.py run [line:323] INFO expense           2359458720.0
2025-04-28 07:28:58,650 fedbase.py run [line:324] INFO Eval Time Cost:               3.1391s
2025-04-28 07:28:58,650 asyncbase.py iterate [line:68] INFO Select clients [0, 1, 2, 3, 4, 5, 6, 7, 8, 9, 10, 11, 12, 13, 14, 15, 16, 17, 18, 19] at time 419.
2025-04-28 07:31:00,412 asyncbase.py iterate [line:73] INFO Receive new models from clients [3, 7, 13, 9, 8, 15, 10, 6, 11, 18, 4, 5, 12, 19, 1, 14, 16, 0, 17, 2] at time 420
2025-04-28 07:31:00,932 fedbase.py run [line:318] INFO --------------Round 162--------------
2025-04-28 07:31:00,933 simple_logger.py log_once [line:14] INFO Current_time:420
2025-04-28 07:31:04,071 simple_logger.py log_once [line:28] INFO test_accuracy                 0.7641
2025-04-28 07:31:04,071 simple_logger.py log_once [line:28] INFO test_loss                     0.6628
2025-04-28 07:31:04,072 simple_logger.py log_once [line:28] INFO val_accuracy                  0.7584
2025-04-28 07:31:04,072 simple_logger.py log_once [line:28] INFO mean_val_accuracy             0.7584
2025-04-28 07:31:04,072 simple_logger.py log_once [line:28] INFO std_val_accuracy              0.0320
2025-04-28 07:31:04,072 simple_logger.py log_once [line:28] INFO val_loss                      0.6913
2025-04-28 07:31:04,072 simple_logger.py log_once [line:28] INFO mean_val_loss                 0.6913
2025-04-28 07:31:04,072 simple_logger.py log_once [line:28] INFO std_val_loss                  0.0681
2025-04-28 07:31:04,072 fedbase.py run [line:323] INFO expense           2363889920.0
2025-04-28 07:31:04,072 fedbase.py run [line:324] INFO Eval Time Cost:               3.1393s
2025-04-28 07:31:04,072 asyncbase.py iterate [line:68] INFO Select clients [0, 1, 2, 3, 4, 5, 6, 7, 8, 9, 10, 11, 12, 13, 14, 15, 16, 17, 18, 19] at time 421.
2025-04-28 07:33:04,347 asyncbase.py iterate [line:73] INFO Receive new models from clients [14, 15, 6, 12, 9, 0, 3, 7, 5, 4, 13, 10, 11, 18, 8, 19, 16, 17, 1, 2] at time 422
2025-04-28 07:33:04,905 fedbase.py run [line:318] INFO --------------Round 163--------------
2025-04-28 07:33:04,906 simple_logger.py log_once [line:14] INFO Current_time:422
2025-04-28 07:33:08,034 simple_logger.py log_once [line:28] INFO test_accuracy                 0.7622
2025-04-28 07:33:08,034 simple_logger.py log_once [line:28] INFO test_loss                     0.6681
2025-04-28 07:33:08,034 simple_logger.py log_once [line:28] INFO val_accuracy                  0.7576
2025-04-28 07:33:08,034 simple_logger.py log_once [line:28] INFO mean_val_accuracy             0.7576
2025-04-28 07:33:08,034 simple_logger.py log_once [line:28] INFO std_val_accuracy              0.0304
2025-04-28 07:33:08,034 simple_logger.py log_once [line:28] INFO val_loss                      0.6953
2025-04-28 07:33:08,034 simple_logger.py log_once [line:28] INFO mean_val_loss                 0.6953
2025-04-28 07:33:08,034 simple_logger.py log_once [line:28] INFO std_val_loss                  0.0681
2025-04-28 07:33:08,034 fedbase.py run [line:323] INFO expense           2368321120.0
2025-04-28 07:33:08,035 fedbase.py run [line:324] INFO Eval Time Cost:               3.1287s
2025-04-28 07:33:08,035 asyncbase.py iterate [line:68] INFO Select clients [0, 1, 2, 3, 4, 5, 6, 7, 8, 9, 10, 11, 12, 13, 14, 15, 16, 17, 18, 19] at time 423.
2025-04-28 07:35:11,858 asyncbase.py iterate [line:73] INFO Receive new models from clients [6, 18, 1, 15, 0, 9, 13, 10, 12, 7, 17, 16, 3, 8, 11, 19, 2, 4, 14, 5] at time 424
2025-04-28 07:35:12,416 fedbase.py run [line:318] INFO --------------Round 164--------------
2025-04-28 07:35:12,417 simple_logger.py log_once [line:14] INFO Current_time:424
2025-04-28 07:35:15,566 simple_logger.py log_once [line:28] INFO test_accuracy                 0.7657
2025-04-28 07:35:15,566 simple_logger.py log_once [line:28] INFO test_loss                     0.6648
2025-04-28 07:35:15,566 simple_logger.py log_once [line:28] INFO val_accuracy                  0.7584
2025-04-28 07:35:15,566 simple_logger.py log_once [line:28] INFO mean_val_accuracy             0.7584
2025-04-28 07:35:15,566 simple_logger.py log_once [line:28] INFO std_val_accuracy              0.0273
2025-04-28 07:35:15,566 simple_logger.py log_once [line:28] INFO val_loss                      0.6929
2025-04-28 07:35:15,566 simple_logger.py log_once [line:28] INFO mean_val_loss                 0.6929
2025-04-28 07:35:15,566 simple_logger.py log_once [line:28] INFO std_val_loss                  0.0658
2025-04-28 07:35:15,566 fedbase.py run [line:323] INFO expense           2372752320.0
2025-04-28 07:35:15,566 fedbase.py run [line:324] INFO Eval Time Cost:               3.1496s
2025-04-28 07:35:15,566 asyncbase.py iterate [line:68] INFO Select clients [0, 1, 2, 3, 4, 5, 6, 7, 8, 9, 10, 11, 12, 13, 14, 15, 16, 17, 18, 19] at time 425.
2025-04-28 07:37:15,545 asyncbase.py iterate [line:73] INFO Receive new models from clients [18, 9, 15, 7, 16, 12, 6, 2, 14, 3, 11, 4, 5, 17, 8, 10, 0, 1, 19, 13] at time 426
2025-04-28 07:37:16,091 fedbase.py run [line:318] INFO --------------Round 165--------------
2025-04-28 07:37:16,091 simple_logger.py log_once [line:14] INFO Current_time:426
2025-04-28 07:37:19,213 simple_logger.py log_once [line:28] INFO test_accuracy                 0.7612
2025-04-28 07:37:19,214 simple_logger.py log_once [line:28] INFO test_loss                     0.6677
2025-04-28 07:37:19,214 simple_logger.py log_once [line:28] INFO val_accuracy                  0.7576
2025-04-28 07:37:19,214 simple_logger.py log_once [line:28] INFO mean_val_accuracy             0.7576
2025-04-28 07:37:19,214 simple_logger.py log_once [line:28] INFO std_val_accuracy              0.0333
2025-04-28 07:37:19,214 simple_logger.py log_once [line:28] INFO val_loss                      0.6941
2025-04-28 07:37:19,214 simple_logger.py log_once [line:28] INFO mean_val_loss                 0.6941
2025-04-28 07:37:19,214 simple_logger.py log_once [line:28] INFO std_val_loss                  0.0696
2025-04-28 07:37:19,214 fedbase.py run [line:323] INFO expense           2377183520.0
2025-04-28 07:37:19,214 fedbase.py run [line:324] INFO Eval Time Cost:               3.1226s
2025-04-28 07:37:19,214 asyncbase.py iterate [line:68] INFO Select clients [0, 1, 2, 3, 4, 5, 6, 7, 8, 9, 10, 11, 12, 13, 14, 15, 16, 17, 18, 19] at time 427.
2025-04-28 07:39:20,649 asyncbase.py iterate [line:73] INFO Receive new models from clients [4, 5, 9, 18, 12, 10, 15, 14, 13, 17, 0, 6, 3, 11, 19, 7, 2, 8, 1, 16] at time 428
2025-04-28 07:39:21,205 fedbase.py run [line:318] INFO --------------Round 166--------------
2025-04-28 07:39:21,206 simple_logger.py log_once [line:14] INFO Current_time:428
2025-04-28 07:39:24,345 simple_logger.py log_once [line:28] INFO test_accuracy                 0.7631
2025-04-28 07:39:24,345 simple_logger.py log_once [line:28] INFO test_loss                     0.6634
2025-04-28 07:39:24,345 simple_logger.py log_once [line:28] INFO val_accuracy                  0.7636
2025-04-28 07:39:24,345 simple_logger.py log_once [line:28] INFO mean_val_accuracy             0.7636
2025-04-28 07:39:24,345 simple_logger.py log_once [line:28] INFO std_val_accuracy              0.0278
2025-04-28 07:39:24,345 simple_logger.py log_once [line:28] INFO val_loss                      0.6911
2025-04-28 07:39:24,345 simple_logger.py log_once [line:28] INFO mean_val_loss                 0.6911
2025-04-28 07:39:24,345 simple_logger.py log_once [line:28] INFO std_val_loss                  0.0668
2025-04-28 07:39:24,346 fedbase.py run [line:323] INFO expense           2381614720.0
2025-04-28 07:39:24,346 fedbase.py run [line:324] INFO Eval Time Cost:               3.1399s
2025-04-28 07:39:24,346 asyncbase.py iterate [line:68] INFO Select clients [0, 1, 2, 3, 4, 5, 6, 7, 8, 9, 10, 11, 12, 13, 14, 15, 16, 17, 18, 19] at time 429.
2025-04-28 07:41:25,903 asyncbase.py iterate [line:73] INFO Receive new models from clients [14, 10, 0, 12, 9, 7, 6, 8, 2, 11, 4, 17, 5, 15, 18, 19, 1, 3, 13, 16] at time 430
2025-04-28 07:41:26,511 fedbase.py run [line:318] INFO --------------Round 167--------------
2025-04-28 07:41:26,511 simple_logger.py log_once [line:14] INFO Current_time:430
2025-04-28 07:41:29,650 simple_logger.py log_once [line:28] INFO test_accuracy                 0.7630
2025-04-28 07:41:29,650 simple_logger.py log_once [line:28] INFO test_loss                     0.6705
2025-04-28 07:41:29,650 simple_logger.py log_once [line:28] INFO val_accuracy                  0.7596
2025-04-28 07:41:29,650 simple_logger.py log_once [line:28] INFO mean_val_accuracy             0.7596
2025-04-28 07:41:29,650 simple_logger.py log_once [line:28] INFO std_val_accuracy              0.0279
2025-04-28 07:41:29,650 simple_logger.py log_once [line:28] INFO val_loss                      0.7007
2025-04-28 07:41:29,650 simple_logger.py log_once [line:28] INFO mean_val_loss                 0.7007
2025-04-28 07:41:29,650 simple_logger.py log_once [line:28] INFO std_val_loss                  0.0678
2025-04-28 07:41:29,651 fedbase.py run [line:323] INFO expense           2386045920.0
2025-04-28 07:41:29,651 fedbase.py run [line:324] INFO Eval Time Cost:               3.1392s
2025-04-28 07:41:29,651 asyncbase.py iterate [line:68] INFO Select clients [0, 1, 2, 3, 4, 5, 6, 7, 8, 9, 10, 11, 12, 13, 14, 15, 16, 17, 18, 19] at time 431.
2025-04-28 07:43:30,373 asyncbase.py iterate [line:73] INFO Receive new models from clients [1, 2, 12, 7, 14, 9, 4, 0, 13, 6, 11, 8, 10, 17, 3, 16, 19, 5, 15, 18] at time 432
2025-04-28 07:43:30,962 fedbase.py run [line:318] INFO --------------Round 168--------------
2025-04-28 07:43:30,963 simple_logger.py log_once [line:14] INFO Current_time:432
2025-04-28 07:43:34,175 simple_logger.py log_once [line:28] INFO test_accuracy                 0.7619
2025-04-28 07:43:34,175 simple_logger.py log_once [line:28] INFO test_loss                     0.6682
2025-04-28 07:43:34,175 simple_logger.py log_once [line:28] INFO val_accuracy                  0.7574
2025-04-28 07:43:34,175 simple_logger.py log_once [line:28] INFO mean_val_accuracy             0.7574
2025-04-28 07:43:34,175 simple_logger.py log_once [line:28] INFO std_val_accuracy              0.0268
2025-04-28 07:43:34,175 simple_logger.py log_once [line:28] INFO val_loss                      0.6974
2025-04-28 07:43:34,175 simple_logger.py log_once [line:28] INFO mean_val_loss                 0.6974
2025-04-28 07:43:34,175 simple_logger.py log_once [line:28] INFO std_val_loss                  0.0657
2025-04-28 07:43:34,175 fedbase.py run [line:323] INFO expense           2390477120.0
2025-04-28 07:43:34,175 fedbase.py run [line:324] INFO Eval Time Cost:               3.2126s
2025-04-28 07:43:34,175 asyncbase.py iterate [line:68] INFO Select clients [0, 1, 2, 3, 4, 5, 6, 7, 8, 9, 10, 11, 12, 13, 14, 15, 16, 17, 18, 19] at time 433.
2025-04-28 07:45:36,699 asyncbase.py iterate [line:73] INFO Receive new models from clients [13, 2, 12, 3, 15, 8, 4, 5, 18, 1, 6, 14, 7, 17, 9, 10, 19, 11, 16, 0] at time 434
2025-04-28 07:45:37,214 fedbase.py run [line:318] INFO --------------Round 169--------------
2025-04-28 07:45:37,214 simple_logger.py log_once [line:14] INFO Current_time:434
2025-04-28 07:45:40,368 simple_logger.py log_once [line:28] INFO test_accuracy                 0.7632
2025-04-28 07:45:40,368 simple_logger.py log_once [line:28] INFO test_loss                     0.6731
2025-04-28 07:45:40,368 simple_logger.py log_once [line:28] INFO val_accuracy                  0.7596
2025-04-28 07:45:40,368 simple_logger.py log_once [line:28] INFO mean_val_accuracy             0.7596
2025-04-28 07:45:40,369 simple_logger.py log_once [line:28] INFO std_val_accuracy              0.0295
2025-04-28 07:45:40,369 simple_logger.py log_once [line:28] INFO val_loss                      0.7007
2025-04-28 07:45:40,369 simple_logger.py log_once [line:28] INFO mean_val_loss                 0.7007
2025-04-28 07:45:40,369 simple_logger.py log_once [line:28] INFO std_val_loss                  0.0701
2025-04-28 07:45:40,369 fedbase.py run [line:323] INFO expense           2394908320.0
2025-04-28 07:45:40,369 fedbase.py run [line:324] INFO Eval Time Cost:               3.1545s
2025-04-28 07:45:40,369 asyncbase.py iterate [line:68] INFO Select clients [0, 1, 2, 3, 4, 5, 6, 7, 8, 9, 10, 11, 12, 13, 14, 15, 16, 17, 18, 19] at time 435.
2025-04-28 07:47:40,224 asyncbase.py iterate [line:73] INFO Receive new models from clients [10, 17, 15, 4, 3, 5, 13, 0, 11, 1, 8, 9, 16, 7, 2, 6, 19, 12, 18, 14] at time 436
2025-04-28 07:47:40,701 fedbase.py run [line:318] INFO --------------Round 170--------------
2025-04-28 07:47:40,702 simple_logger.py log_once [line:14] INFO Current_time:436
2025-04-28 07:47:43,756 simple_logger.py log_once [line:28] INFO test_accuracy                 0.7632
2025-04-28 07:47:43,756 simple_logger.py log_once [line:28] INFO test_loss                     0.6709
2025-04-28 07:47:43,756 simple_logger.py log_once [line:28] INFO val_accuracy                  0.7616
2025-04-28 07:47:43,756 simple_logger.py log_once [line:28] INFO mean_val_accuracy             0.7616
2025-04-28 07:47:43,756 simple_logger.py log_once [line:28] INFO std_val_accuracy              0.0245
2025-04-28 07:47:43,756 simple_logger.py log_once [line:28] INFO val_loss                      0.7011
2025-04-28 07:47:43,756 simple_logger.py log_once [line:28] INFO mean_val_loss                 0.7011
2025-04-28 07:47:43,756 simple_logger.py log_once [line:28] INFO std_val_loss                  0.0654
2025-04-28 07:47:43,756 fedbase.py run [line:323] INFO expense           2399339520.0
2025-04-28 07:47:43,756 fedbase.py run [line:324] INFO Eval Time Cost:               3.0546s
2025-04-28 07:47:43,756 asyncbase.py iterate [line:68] INFO Select clients [0, 1, 2, 3, 4, 5, 6, 7, 8, 9, 10, 11, 12, 13, 14, 15, 16, 17, 18, 19] at time 437.
2025-04-28 07:48:13,988 asyncbase.py iterate [line:73] INFO Receive new models from clients [17, 7, 13, 9, 11, 3, 0, 12, 2, 15, 5, 18, 8, 16, 1, 4, 19, 14, 10, 6] at time 438
2025-04-28 07:48:19,973 fedbase.py run [line:318] INFO --------------Round 171--------------
2025-04-28 07:48:19,974 simple_logger.py log_once [line:14] INFO Current_time:438
2025-04-28 07:48:23,106 simple_logger.py log_once [line:28] INFO test_accuracy                 0.7692
2025-04-28 07:48:23,106 simple_logger.py log_once [line:28] INFO test_loss                     0.6494
2025-04-28 07:48:23,106 simple_logger.py log_once [line:28] INFO val_accuracy                  0.7664
2025-04-28 07:48:23,106 simple_logger.py log_once [line:28] INFO mean_val_accuracy             0.7664
2025-04-28 07:48:23,106 simple_logger.py log_once [line:28] INFO std_val_accuracy              0.0294
2025-04-28 07:48:23,106 simple_logger.py log_once [line:28] INFO val_loss                      0.6753
2025-04-28 07:48:23,106 simple_logger.py log_once [line:28] INFO mean_val_loss                 0.6753
2025-04-28 07:48:23,106 simple_logger.py log_once [line:28] INFO std_val_loss                  0.0663
2025-04-28 07:48:23,106 fedbase.py run [line:323] INFO expense           2455209330.0
2025-04-28 07:48:23,106 fedbase.py run [line:324] INFO Eval Time Cost:               3.1321s
2025-04-28 07:48:23,106 asyncbase.py iterate [line:68] INFO Select clients [0, 1, 2, 3, 4, 5, 6, 7, 8, 9, 10, 11, 12, 13, 14, 15, 16, 17, 18, 19] at time 439.
2025-04-28 07:50:22,023 asyncbase.py iterate [line:73] INFO Receive new models from clients [0, 18, 15, 11, 10, 12, 19, 2, 16, 4, 6, 13, 3, 17, 7, 14] at time 442
2025-04-28 07:50:22,023 asyncbase.py iterate [line:73] INFO Receive new models from clients [1, 5, 8, 9] at time 443
2025-04-28 07:50:22,557 fedbase.py run [line:318] INFO --------------Round 172--------------
2025-04-28 07:50:22,557 simple_logger.py log_once [line:14] INFO Current_time:443
2025-04-28 07:50:25,726 simple_logger.py log_once [line:28] INFO test_accuracy                 0.7667
2025-04-28 07:50:25,726 simple_logger.py log_once [line:28] INFO test_loss                     0.6601
2025-04-28 07:50:25,726 simple_logger.py log_once [line:28] INFO val_accuracy                  0.7626
2025-04-28 07:50:25,727 simple_logger.py log_once [line:28] INFO mean_val_accuracy             0.7626
2025-04-28 07:50:25,727 simple_logger.py log_once [line:28] INFO std_val_accuracy              0.0290
2025-04-28 07:50:25,727 simple_logger.py log_once [line:28] INFO val_loss                      0.6839
2025-04-28 07:50:25,727 simple_logger.py log_once [line:28] INFO mean_val_loss                 0.6839
2025-04-28 07:50:25,727 simple_logger.py log_once [line:28] INFO std_val_loss                  0.0680
2025-04-28 07:50:25,727 fedbase.py run [line:323] INFO expense           2459640530.0
2025-04-28 07:50:25,727 fedbase.py run [line:324] INFO Eval Time Cost:               3.1694s
2025-04-28 07:50:25,727 asyncbase.py iterate [line:68] INFO Select clients [0, 1, 2, 3, 4, 5, 6, 7, 8, 9, 10, 11, 12, 13, 14, 15, 16, 17, 18, 19] at time 444.
2025-04-28 07:52:27,946 asyncbase.py iterate [line:73] INFO Receive new models from clients [10, 4, 2, 9, 13, 7, 0, 16, 5, 19, 15, 3, 12, 14, 1, 6, 18, 8, 17, 11] at time 445
2025-04-28 07:52:28,448 fedbase.py run [line:318] INFO --------------Round 173--------------
2025-04-28 07:52:28,449 simple_logger.py log_once [line:14] INFO Current_time:445
2025-04-28 07:52:31,645 simple_logger.py log_once [line:28] INFO test_accuracy                 0.7667
2025-04-28 07:52:31,645 simple_logger.py log_once [line:28] INFO test_loss                     0.6549
2025-04-28 07:52:31,645 simple_logger.py log_once [line:28] INFO val_accuracy                  0.7640
2025-04-28 07:52:31,645 simple_logger.py log_once [line:28] INFO mean_val_accuracy             0.7640
2025-04-28 07:52:31,645 simple_logger.py log_once [line:28] INFO std_val_accuracy              0.0307
2025-04-28 07:52:31,645 simple_logger.py log_once [line:28] INFO val_loss                      0.6802
2025-04-28 07:52:31,645 simple_logger.py log_once [line:28] INFO mean_val_loss                 0.6802
2025-04-28 07:52:31,645 simple_logger.py log_once [line:28] INFO std_val_loss                  0.0679
2025-04-28 07:52:31,645 fedbase.py run [line:323] INFO expense           2464071730.0
2025-04-28 07:52:31,645 fedbase.py run [line:324] INFO Eval Time Cost:               3.1967s
2025-04-28 07:52:31,646 asyncbase.py iterate [line:68] INFO Select clients [0, 1, 2, 3, 4, 5, 6, 7, 8, 9, 10, 11, 12, 13, 14, 15, 16, 17, 18, 19] at time 446.
2025-04-28 07:54:36,129 asyncbase.py iterate [line:73] INFO Receive new models from clients [7, 18, 16, 10, 2, 19, 3, 11, 1, 12, 14, 13, 4, 0, 6, 15, 5, 8, 17, 9] at time 447
2025-04-28 07:54:36,639 fedbase.py run [line:318] INFO --------------Round 174--------------
2025-04-28 07:54:36,639 simple_logger.py log_once [line:14] INFO Current_time:447
2025-04-28 07:54:39,799 simple_logger.py log_once [line:28] INFO test_accuracy                 0.7658
2025-04-28 07:54:39,799 simple_logger.py log_once [line:28] INFO test_loss                     0.6711
2025-04-28 07:54:39,799 simple_logger.py log_once [line:28] INFO val_accuracy                  0.7598
2025-04-28 07:54:39,799 simple_logger.py log_once [line:28] INFO mean_val_accuracy             0.7598
2025-04-28 07:54:39,799 simple_logger.py log_once [line:28] INFO std_val_accuracy              0.0307
2025-04-28 07:54:39,799 simple_logger.py log_once [line:28] INFO val_loss                      0.6973
2025-04-28 07:54:39,799 simple_logger.py log_once [line:28] INFO mean_val_loss                 0.6973
2025-04-28 07:54:39,799 simple_logger.py log_once [line:28] INFO std_val_loss                  0.0693
2025-04-28 07:54:39,799 fedbase.py run [line:323] INFO expense           2468502930.0
2025-04-28 07:54:39,799 fedbase.py run [line:324] INFO Eval Time Cost:               3.1602s
2025-04-28 07:54:39,800 asyncbase.py iterate [line:68] INFO Select clients [0, 1, 2, 3, 4, 5, 6, 7, 8, 9, 10, 11, 12, 13, 14, 15, 16, 17, 18, 19] at time 448.
2025-04-28 07:56:37,730 asyncbase.py iterate [line:73] INFO Receive new models from clients [15, 2, 9, 13, 14, 7, 1, 11, 0, 12, 16, 8, 5, 19, 3, 10, 4, 18, 6, 17] at time 449
2025-04-28 07:56:38,255 fedbase.py run [line:318] INFO --------------Round 175--------------
2025-04-28 07:56:38,256 simple_logger.py log_once [line:14] INFO Current_time:449
2025-04-28 07:56:41,400 simple_logger.py log_once [line:28] INFO test_accuracy                 0.7667
2025-04-28 07:56:41,400 simple_logger.py log_once [line:28] INFO test_loss                     0.6615
2025-04-28 07:56:41,400 simple_logger.py log_once [line:28] INFO val_accuracy                  0.7648
2025-04-28 07:56:41,400 simple_logger.py log_once [line:28] INFO mean_val_accuracy             0.7648
2025-04-28 07:56:41,400 simple_logger.py log_once [line:28] INFO std_val_accuracy              0.0290
2025-04-28 07:56:41,400 simple_logger.py log_once [line:28] INFO val_loss                      0.6871
2025-04-28 07:56:41,401 simple_logger.py log_once [line:28] INFO mean_val_loss                 0.6871
2025-04-28 07:56:41,401 simple_logger.py log_once [line:28] INFO std_val_loss                  0.0673
2025-04-28 07:56:41,401 fedbase.py run [line:323] INFO expense           2472934130.0
2025-04-28 07:56:41,401 fedbase.py run [line:324] INFO Eval Time Cost:               3.1449s
2025-04-28 07:56:41,401 asyncbase.py iterate [line:68] INFO Select clients [0, 1, 2, 3, 4, 5, 6, 7, 8, 9, 10, 11, 12, 13, 14, 15, 16, 17, 18, 19] at time 450.
2025-04-28 07:58:41,337 asyncbase.py iterate [line:73] INFO Receive new models from clients [8, 3, 2, 13, 19, 14, 18, 5, 9, 15, 0, 17, 11, 16, 4, 7, 1, 12, 6, 10] at time 451
2025-04-28 07:58:41,888 fedbase.py run [line:318] INFO --------------Round 176--------------
2025-04-28 07:58:41,889 simple_logger.py log_once [line:14] INFO Current_time:451
2025-04-28 07:58:45,070 simple_logger.py log_once [line:28] INFO test_accuracy                 0.7630
2025-04-28 07:58:45,071 simple_logger.py log_once [line:28] INFO test_loss                     0.6635
2025-04-28 07:58:45,071 simple_logger.py log_once [line:28] INFO val_accuracy                  0.7600
2025-04-28 07:58:45,071 simple_logger.py log_once [line:28] INFO mean_val_accuracy             0.7600
2025-04-28 07:58:45,071 simple_logger.py log_once [line:28] INFO std_val_accuracy              0.0276
2025-04-28 07:58:45,071 simple_logger.py log_once [line:28] INFO val_loss                      0.6875
2025-04-28 07:58:45,071 simple_logger.py log_once [line:28] INFO mean_val_loss                 0.6875
2025-04-28 07:58:45,071 simple_logger.py log_once [line:28] INFO std_val_loss                  0.0679
2025-04-28 07:58:45,071 fedbase.py run [line:323] INFO expense           2477365330.0
2025-04-28 07:58:45,071 fedbase.py run [line:324] INFO Eval Time Cost:               3.1822s
2025-04-28 07:58:45,071 asyncbase.py iterate [line:68] INFO Select clients [0, 1, 2, 3, 4, 5, 6, 7, 8, 9, 10, 11, 12, 13, 14, 15, 16, 17, 18, 19] at time 452.
2025-04-28 08:00:43,894 asyncbase.py iterate [line:73] INFO Receive new models from clients [2, 10, 14, 9, 3, 17, 5, 4, 11, 16, 19, 18, 0, 8, 7, 15, 6, 1, 12, 13] at time 453
2025-04-28 08:00:44,437 fedbase.py run [line:318] INFO --------------Round 177--------------
2025-04-28 08:00:44,437 simple_logger.py log_once [line:14] INFO Current_time:453
2025-04-28 08:00:47,605 simple_logger.py log_once [line:28] INFO test_accuracy                 0.7622
2025-04-28 08:00:47,605 simple_logger.py log_once [line:28] INFO test_loss                     0.6733
2025-04-28 08:00:47,605 simple_logger.py log_once [line:28] INFO val_accuracy                  0.7572
2025-04-28 08:00:47,605 simple_logger.py log_once [line:28] INFO mean_val_accuracy             0.7572
2025-04-28 08:00:47,605 simple_logger.py log_once [line:28] INFO std_val_accuracy              0.0279
2025-04-28 08:00:47,605 simple_logger.py log_once [line:28] INFO val_loss                      0.6991
2025-04-28 08:00:47,605 simple_logger.py log_once [line:28] INFO mean_val_loss                 0.6991
2025-04-28 08:00:47,605 simple_logger.py log_once [line:28] INFO std_val_loss                  0.0677
2025-04-28 08:00:47,605 fedbase.py run [line:323] INFO expense           2481796530.0
2025-04-28 08:00:47,605 fedbase.py run [line:324] INFO Eval Time Cost:               3.1678s
2025-04-28 08:00:47,605 asyncbase.py iterate [line:68] INFO Select clients [0, 1, 2, 3, 4, 5, 6, 7, 8, 9, 10, 11, 12, 13, 14, 15, 16, 17, 18, 19] at time 454.
2025-04-28 08:02:47,656 asyncbase.py iterate [line:73] INFO Receive new models from clients [6, 5, 17, 3, 10, 13, 11, 14, 1, 16, 8, 2, 12, 19, 15, 9, 4, 7, 18, 0] at time 455
2025-04-28 08:02:48,210 fedbase.py run [line:318] INFO --------------Round 178--------------
2025-04-28 08:02:48,210 simple_logger.py log_once [line:14] INFO Current_time:455
2025-04-28 08:02:51,417 simple_logger.py log_once [line:28] INFO test_accuracy                 0.7623
2025-04-28 08:02:51,417 simple_logger.py log_once [line:28] INFO test_loss                     0.6742
2025-04-28 08:02:51,417 simple_logger.py log_once [line:28] INFO val_accuracy                  0.7598
2025-04-28 08:02:51,417 simple_logger.py log_once [line:28] INFO mean_val_accuracy             0.7598
2025-04-28 08:02:51,417 simple_logger.py log_once [line:28] INFO std_val_accuracy              0.0292
2025-04-28 08:02:51,418 simple_logger.py log_once [line:28] INFO val_loss                      0.7013
2025-04-28 08:02:51,418 simple_logger.py log_once [line:28] INFO mean_val_loss                 0.7013
2025-04-28 08:02:51,418 simple_logger.py log_once [line:28] INFO std_val_loss                  0.0692
2025-04-28 08:02:51,418 fedbase.py run [line:323] INFO expense           2486227730.0
2025-04-28 08:02:51,418 fedbase.py run [line:324] INFO Eval Time Cost:               3.2076s
2025-04-28 08:02:51,418 asyncbase.py iterate [line:68] INFO Select clients [0, 1, 2, 3, 4, 5, 6, 7, 8, 9, 10, 11, 12, 13, 14, 15, 16, 17, 18, 19] at time 456.
2025-04-28 08:04:51,618 asyncbase.py iterate [line:73] INFO Receive new models from clients [11, 8, 16, 17, 3, 0, 14, 2, 1, 6, 12, 19, 13, 4, 10, 18, 9, 7, 15, 5] at time 457
2025-04-28 08:04:52,164 fedbase.py run [line:318] INFO --------------Round 179--------------
2025-04-28 08:04:52,165 simple_logger.py log_once [line:14] INFO Current_time:457
2025-04-28 08:04:55,590 simple_logger.py log_once [line:28] INFO test_accuracy                 0.7615
2025-04-28 08:04:55,590 simple_logger.py log_once [line:28] INFO test_loss                     0.6716
2025-04-28 08:04:55,590 simple_logger.py log_once [line:28] INFO val_accuracy                  0.7566
2025-04-28 08:04:55,590 simple_logger.py log_once [line:28] INFO mean_val_accuracy             0.7566
2025-04-28 08:04:55,590 simple_logger.py log_once [line:28] INFO std_val_accuracy              0.0287
2025-04-28 08:04:55,590 simple_logger.py log_once [line:28] INFO val_loss                      0.6978
2025-04-28 08:04:55,590 simple_logger.py log_once [line:28] INFO mean_val_loss                 0.6978
2025-04-28 08:04:55,590 simple_logger.py log_once [line:28] INFO std_val_loss                  0.0708
2025-04-28 08:04:55,590 fedbase.py run [line:323] INFO expense           2490658930.0
2025-04-28 08:04:55,590 fedbase.py run [line:324] INFO Eval Time Cost:               3.4254s
2025-04-28 08:04:55,591 asyncbase.py iterate [line:68] INFO Select clients [0, 1, 2, 3, 4, 5, 6, 7, 8, 9, 10, 11, 12, 13, 14, 15, 16, 17, 18, 19] at time 458.
2025-04-28 08:06:56,832 asyncbase.py iterate [line:73] INFO Receive new models from clients [19, 17, 0, 9, 16, 12, 10, 7, 18, 6, 5, 2, 1, 8, 11, 3, 4, 15, 14, 13] at time 459
2025-04-28 08:06:57,420 fedbase.py run [line:318] INFO --------------Round 180--------------
2025-04-28 08:06:57,421 simple_logger.py log_once [line:14] INFO Current_time:459
2025-04-28 08:07:00,592 simple_logger.py log_once [line:28] INFO test_accuracy                 0.7674
2025-04-28 08:07:00,592 simple_logger.py log_once [line:28] INFO test_loss                     0.6548
2025-04-28 08:07:00,592 simple_logger.py log_once [line:28] INFO val_accuracy                  0.7628
2025-04-28 08:07:00,592 simple_logger.py log_once [line:28] INFO mean_val_accuracy             0.7628
2025-04-28 08:07:00,592 simple_logger.py log_once [line:28] INFO std_val_accuracy              0.0284
2025-04-28 08:07:00,593 simple_logger.py log_once [line:28] INFO val_loss                      0.6798
2025-04-28 08:07:00,593 simple_logger.py log_once [line:28] INFO mean_val_loss                 0.6798
2025-04-28 08:07:00,593 simple_logger.py log_once [line:28] INFO std_val_loss                  0.0669
2025-04-28 08:07:00,593 fedbase.py run [line:323] INFO expense           2495090130.0
2025-04-28 08:07:00,593 fedbase.py run [line:324] INFO Eval Time Cost:               3.1722s
2025-04-28 08:07:00,593 asyncbase.py iterate [line:68] INFO Select clients [0, 1, 2, 3, 4, 5, 6, 7, 8, 9, 10, 11, 12, 13, 14, 15, 16, 17, 18, 19] at time 460.
2025-04-28 08:09:04,193 asyncbase.py iterate [line:73] INFO Receive new models from clients [3, 5, 15, 9, 8, 12, 6, 7, 2, 16, 0, 1, 17, 4, 18, 13, 14, 19, 11, 10] at time 461
2025-04-28 08:09:04,658 fedbase.py run [line:318] INFO --------------Round 181--------------
2025-04-28 08:09:04,659 simple_logger.py log_once [line:14] INFO Current_time:461
2025-04-28 08:09:07,780 simple_logger.py log_once [line:28] INFO test_accuracy                 0.7675
2025-04-28 08:09:07,780 simple_logger.py log_once [line:28] INFO test_loss                     0.6603
2025-04-28 08:09:07,780 simple_logger.py log_once [line:28] INFO val_accuracy                  0.7636
2025-04-28 08:09:07,780 simple_logger.py log_once [line:28] INFO mean_val_accuracy             0.7636
2025-04-28 08:09:07,780 simple_logger.py log_once [line:28] INFO std_val_accuracy              0.0305
2025-04-28 08:09:07,780 simple_logger.py log_once [line:28] INFO val_loss                      0.6864
2025-04-28 08:09:07,780 simple_logger.py log_once [line:28] INFO mean_val_loss                 0.6864
2025-04-28 08:09:07,780 simple_logger.py log_once [line:28] INFO std_val_loss                  0.0668
2025-04-28 08:09:07,780 fedbase.py run [line:323] INFO expense           2499521330.0
2025-04-28 08:09:07,780 fedbase.py run [line:324] INFO Eval Time Cost:               3.1217s
2025-04-28 08:09:07,781 asyncbase.py iterate [line:68] INFO Select clients [0, 1, 2, 3, 4, 5, 6, 7, 8, 9, 10, 11, 12, 13, 14, 15, 16, 17, 18, 19] at time 462.
2025-04-28 08:11:09,438 asyncbase.py iterate [line:73] INFO Receive new models from clients [19, 14, 15, 5, 11, 3, 9, 2, 12, 0, 6, 13, 10, 7, 8, 1, 18, 16, 17, 4] at time 463
2025-04-28 08:11:09,996 fedbase.py run [line:318] INFO --------------Round 182--------------
2025-04-28 08:11:09,997 simple_logger.py log_once [line:14] INFO Current_time:463
2025-04-28 08:11:13,098 simple_logger.py log_once [line:28] INFO test_accuracy                 0.7683
2025-04-28 08:11:13,098 simple_logger.py log_once [line:28] INFO test_loss                     0.6532
2025-04-28 08:11:13,098 simple_logger.py log_once [line:28] INFO val_accuracy                  0.7656
2025-04-28 08:11:13,098 simple_logger.py log_once [line:28] INFO mean_val_accuracy             0.7656
2025-04-28 08:11:13,098 simple_logger.py log_once [line:28] INFO std_val_accuracy              0.0302
2025-04-28 08:11:13,098 simple_logger.py log_once [line:28] INFO val_loss                      0.6786
2025-04-28 08:11:13,098 simple_logger.py log_once [line:28] INFO mean_val_loss                 0.6786
2025-04-28 08:11:13,098 simple_logger.py log_once [line:28] INFO std_val_loss                  0.0683
2025-04-28 08:11:13,098 fedbase.py run [line:323] INFO expense           2503952530.0
2025-04-28 08:11:13,098 fedbase.py run [line:324] INFO Eval Time Cost:               3.1014s
2025-04-28 08:11:13,098 asyncbase.py iterate [line:68] INFO Select clients [0, 1, 2, 3, 4, 5, 6, 7, 8, 9, 10, 11, 12, 13, 14, 15, 16, 17, 18, 19] at time 464.
2025-04-28 08:13:11,388 asyncbase.py iterate [line:73] INFO Receive new models from clients [6, 19, 14, 11, 5, 9, 18, 0, 1, 16, 10, 13, 2, 4, 3, 15, 17, 7, 12, 8] at time 465
2025-04-28 08:13:11,908 fedbase.py run [line:318] INFO --------------Round 183--------------
2025-04-28 08:13:11,908 simple_logger.py log_once [line:14] INFO Current_time:465
2025-04-28 08:13:15,117 simple_logger.py log_once [line:28] INFO test_accuracy                 0.7634
2025-04-28 08:13:15,117 simple_logger.py log_once [line:28] INFO test_loss                     0.6727
2025-04-28 08:13:15,117 simple_logger.py log_once [line:28] INFO val_accuracy                  0.7570
2025-04-28 08:13:15,117 simple_logger.py log_once [line:28] INFO mean_val_accuracy             0.7570
2025-04-28 08:13:15,117 simple_logger.py log_once [line:28] INFO std_val_accuracy              0.0301
2025-04-28 08:13:15,117 simple_logger.py log_once [line:28] INFO val_loss                      0.6974
2025-04-28 08:13:15,117 simple_logger.py log_once [line:28] INFO mean_val_loss                 0.6974
2025-04-28 08:13:15,117 simple_logger.py log_once [line:28] INFO std_val_loss                  0.0708
2025-04-28 08:13:15,117 fedbase.py run [line:323] INFO expense           2508383730.0
2025-04-28 08:13:15,117 fedbase.py run [line:324] INFO Eval Time Cost:               3.2090s
2025-04-28 08:13:15,117 asyncbase.py iterate [line:68] INFO Select clients [0, 1, 2, 3, 4, 5, 6, 7, 8, 9, 10, 11, 12, 13, 14, 15, 16, 17, 18, 19] at time 466.
2025-04-28 08:15:15,801 asyncbase.py iterate [line:73] INFO Receive new models from clients [19, 5, 15, 9, 13, 2, 11, 16, 6, 17, 7, 8, 3, 18, 0, 14, 12, 4, 1, 10] at time 467
2025-04-28 08:15:16,340 fedbase.py run [line:318] INFO --------------Round 184--------------
2025-04-28 08:15:16,341 simple_logger.py log_once [line:14] INFO Current_time:467
2025-04-28 08:15:19,513 simple_logger.py log_once [line:28] INFO test_accuracy                 0.7647
2025-04-28 08:15:19,513 simple_logger.py log_once [line:28] INFO test_loss                     0.6695
2025-04-28 08:15:19,513 simple_logger.py log_once [line:28] INFO val_accuracy                  0.7604
2025-04-28 08:15:19,513 simple_logger.py log_once [line:28] INFO mean_val_accuracy             0.7604
2025-04-28 08:15:19,513 simple_logger.py log_once [line:28] INFO std_val_accuracy              0.0291
2025-04-28 08:15:19,513 simple_logger.py log_once [line:28] INFO val_loss                      0.6971
2025-04-28 08:15:19,513 simple_logger.py log_once [line:28] INFO mean_val_loss                 0.6971
2025-04-28 08:15:19,513 simple_logger.py log_once [line:28] INFO std_val_loss                  0.0693
2025-04-28 08:15:19,513 fedbase.py run [line:323] INFO expense           2512814930.0
2025-04-28 08:15:19,513 fedbase.py run [line:324] INFO Eval Time Cost:               3.1728s
2025-04-28 08:15:19,514 asyncbase.py iterate [line:68] INFO Select clients [0, 1, 2, 3, 4, 5, 6, 7, 8, 9, 10, 11, 12, 13, 14, 15, 16, 17, 18, 19] at time 468.
2025-04-28 08:17:21,487 asyncbase.py iterate [line:73] INFO Receive new models from clients [0, 11, 12, 3, 7, 13, 14, 18, 16, 5, 1, 6, 15, 17, 2, 10, 4, 19, 9, 8] at time 469
2025-04-28 08:17:22,040 fedbase.py run [line:318] INFO --------------Round 185--------------
2025-04-28 08:17:22,040 simple_logger.py log_once [line:14] INFO Current_time:469
2025-04-28 08:17:25,100 simple_logger.py log_once [line:28] INFO test_accuracy                 0.7691
2025-04-28 08:17:25,100 simple_logger.py log_once [line:28] INFO test_loss                     0.6525
2025-04-28 08:17:25,100 simple_logger.py log_once [line:28] INFO val_accuracy                  0.7660
2025-04-28 08:17:25,100 simple_logger.py log_once [line:28] INFO mean_val_accuracy             0.7660
2025-04-28 08:17:25,101 simple_logger.py log_once [line:28] INFO std_val_accuracy              0.0294
2025-04-28 08:17:25,101 simple_logger.py log_once [line:28] INFO val_loss                      0.6780
2025-04-28 08:17:25,101 simple_logger.py log_once [line:28] INFO mean_val_loss                 0.6780
2025-04-28 08:17:25,101 simple_logger.py log_once [line:28] INFO std_val_loss                  0.0688
2025-04-28 08:17:25,101 fedbase.py run [line:323] INFO expense           2517246130.0
2025-04-28 08:17:25,101 fedbase.py run [line:324] INFO Eval Time Cost:               3.0605s
2025-04-28 08:17:25,101 asyncbase.py iterate [line:68] INFO Select clients [0, 1, 2, 3, 4, 5, 6, 7, 8, 9, 10, 11, 12, 13, 14, 15, 16, 17, 18, 19] at time 470.
2025-04-28 08:17:58,673 asyncbase.py iterate [line:73] INFO Receive new models from clients [8, 10, 7, 18, 9, 14, 13, 2, 12, 15, 16, 17, 0, 11, 5, 1, 19, 6, 3, 4] at time 471
2025-04-28 08:18:05,421 fedbase.py run [line:318] INFO --------------Round 186--------------
2025-04-28 08:18:05,421 simple_logger.py log_once [line:14] INFO Current_time:471
2025-04-28 08:18:08,615 simple_logger.py log_once [line:28] INFO test_accuracy                 0.7718
2025-04-28 08:18:08,616 simple_logger.py log_once [line:28] INFO test_loss                     0.6409
2025-04-28 08:18:08,616 simple_logger.py log_once [line:28] INFO val_accuracy                  0.7686
2025-04-28 08:18:08,616 simple_logger.py log_once [line:28] INFO mean_val_accuracy             0.7686
2025-04-28 08:18:08,616 simple_logger.py log_once [line:28] INFO std_val_accuracy              0.0327
2025-04-28 08:18:08,616 simple_logger.py log_once [line:28] INFO val_loss                      0.6687
2025-04-28 08:18:08,616 simple_logger.py log_once [line:28] INFO mean_val_loss                 0.6687
2025-04-28 08:18:08,616 simple_logger.py log_once [line:28] INFO std_val_loss                  0.0703
2025-04-28 08:18:08,616 fedbase.py run [line:323] INFO expense           2573115940.0
2025-04-28 08:18:08,616 fedbase.py run [line:324] INFO Eval Time Cost:               3.1945s
2025-04-28 08:18:08,616 asyncbase.py iterate [line:68] INFO Select clients [0, 1, 2, 3, 4, 5, 6, 7, 8, 9, 10, 11, 12, 13, 14, 15, 16, 17, 18, 19] at time 472.
2025-04-28 08:20:11,051 asyncbase.py iterate [line:73] INFO Receive new models from clients [12, 19, 14, 4, 0, 2, 16, 3, 5, 17, 10, 6, 8, 1, 13] at time 475
2025-04-28 08:20:11,052 asyncbase.py iterate [line:73] INFO Receive new models from clients [11, 7, 18, 9, 15] at time 476
2025-04-28 08:20:11,565 fedbase.py run [line:318] INFO --------------Round 187--------------
2025-04-28 08:20:11,566 simple_logger.py log_once [line:14] INFO Current_time:476
2025-04-28 08:20:14,774 simple_logger.py log_once [line:28] INFO test_accuracy                 0.7732
2025-04-28 08:20:14,774 simple_logger.py log_once [line:28] INFO test_loss                     0.6508
2025-04-28 08:20:14,774 simple_logger.py log_once [line:28] INFO val_accuracy                  0.7666
2025-04-28 08:20:14,774 simple_logger.py log_once [line:28] INFO mean_val_accuracy             0.7666
2025-04-28 08:20:14,774 simple_logger.py log_once [line:28] INFO std_val_accuracy              0.0318
2025-04-28 08:20:14,774 simple_logger.py log_once [line:28] INFO val_loss                      0.6817
2025-04-28 08:20:14,774 simple_logger.py log_once [line:28] INFO mean_val_loss                 0.6817
2025-04-28 08:20:14,775 simple_logger.py log_once [line:28] INFO std_val_loss                  0.0676
2025-04-28 08:20:14,775 fedbase.py run [line:323] INFO expense           2577547140.0
2025-04-28 08:20:14,775 fedbase.py run [line:324] INFO Eval Time Cost:               3.2087s
2025-04-28 08:20:14,775 asyncbase.py iterate [line:68] INFO Select clients [0, 1, 2, 3, 4, 5, 6, 7, 8, 9, 10, 11, 12, 13, 14, 15, 16, 17, 18, 19] at time 477.
2025-04-28 08:22:16,739 asyncbase.py iterate [line:73] INFO Receive new models from clients [2, 9, 10, 5, 15, 19, 6, 4, 11, 1, 0, 14, 17, 3, 7, 12, 16, 13, 18, 8] at time 478
2025-04-28 08:22:17,294 fedbase.py run [line:318] INFO --------------Round 188--------------
2025-04-28 08:22:17,295 simple_logger.py log_once [line:14] INFO Current_time:478
2025-04-28 08:22:20,538 simple_logger.py log_once [line:28] INFO test_accuracy                 0.7693
2025-04-28 08:22:20,538 simple_logger.py log_once [line:28] INFO test_loss                     0.6525
2025-04-28 08:22:20,538 simple_logger.py log_once [line:28] INFO val_accuracy                  0.7692
2025-04-28 08:22:20,538 simple_logger.py log_once [line:28] INFO mean_val_accuracy             0.7692
2025-04-28 08:22:20,538 simple_logger.py log_once [line:28] INFO std_val_accuracy              0.0301
2025-04-28 08:22:20,538 simple_logger.py log_once [line:28] INFO val_loss                      0.6816
2025-04-28 08:22:20,538 simple_logger.py log_once [line:28] INFO mean_val_loss                 0.6816
2025-04-28 08:22:20,538 simple_logger.py log_once [line:28] INFO std_val_loss                  0.0677
2025-04-28 08:22:20,538 fedbase.py run [line:323] INFO expense           2581978340.0
2025-04-28 08:22:20,538 fedbase.py run [line:324] INFO Eval Time Cost:               3.2436s
2025-04-28 08:22:20,539 asyncbase.py iterate [line:68] INFO Select clients [0, 1, 2, 3, 4, 5, 6, 7, 8, 9, 10, 11, 12, 13, 14, 15, 16, 17, 18, 19] at time 479.
2025-04-28 08:24:19,317 asyncbase.py iterate [line:73] INFO Receive new models from clients [12, 1, 13, 18, 11, 4, 6, 0, 9, 7, 19, 17, 3, 14, 16, 10, 2, 15, 5, 8] at time 480
2025-04-28 08:24:19,825 fedbase.py run [line:318] INFO --------------Round 189--------------
2025-04-28 08:24:19,826 simple_logger.py log_once [line:14] INFO Current_time:480
2025-04-28 08:24:22,997 simple_logger.py log_once [line:28] INFO test_accuracy                 0.7696
2025-04-28 08:24:22,997 simple_logger.py log_once [line:28] INFO test_loss                     0.6569
2025-04-28 08:24:22,998 simple_logger.py log_once [line:28] INFO val_accuracy                  0.7658
2025-04-28 08:24:22,998 simple_logger.py log_once [line:28] INFO mean_val_accuracy             0.7658
2025-04-28 08:24:22,998 simple_logger.py log_once [line:28] INFO std_val_accuracy              0.0312
2025-04-28 08:24:22,998 simple_logger.py log_once [line:28] INFO val_loss                      0.6877
2025-04-28 08:24:22,998 simple_logger.py log_once [line:28] INFO mean_val_loss                 0.6877
2025-04-28 08:24:22,998 simple_logger.py log_once [line:28] INFO std_val_loss                  0.0693
2025-04-28 08:24:22,998 fedbase.py run [line:323] INFO expense           2586409540.0
2025-04-28 08:24:22,998 fedbase.py run [line:324] INFO Eval Time Cost:               3.1720s
2025-04-28 08:24:22,998 asyncbase.py iterate [line:68] INFO Select clients [0, 1, 2, 3, 4, 5, 6, 7, 8, 9, 10, 11, 12, 13, 14, 15, 16, 17, 18, 19] at time 481.
2025-04-28 08:26:28,984 asyncbase.py iterate [line:73] INFO Receive new models from clients [9, 13, 2, 0, 4, 14, 10, 16, 17, 8, 18, 6, 7, 15, 11, 1, 3, 5, 12, 19] at time 482
2025-04-28 08:26:29,495 fedbase.py run [line:318] INFO --------------Round 190--------------
2025-04-28 08:26:29,495 simple_logger.py log_once [line:14] INFO Current_time:482
2025-04-28 08:26:32,590 simple_logger.py log_once [line:28] INFO test_accuracy                 0.7697
2025-04-28 08:26:32,590 simple_logger.py log_once [line:28] INFO test_loss                     0.6584
2025-04-28 08:26:32,590 simple_logger.py log_once [line:28] INFO val_accuracy                  0.7656
2025-04-28 08:26:32,590 simple_logger.py log_once [line:28] INFO mean_val_accuracy             0.7656
2025-04-28 08:26:32,591 simple_logger.py log_once [line:28] INFO std_val_accuracy              0.0246
2025-04-28 08:26:32,591 simple_logger.py log_once [line:28] INFO val_loss                      0.6919
2025-04-28 08:26:32,591 simple_logger.py log_once [line:28] INFO mean_val_loss                 0.6919
2025-04-28 08:26:32,591 simple_logger.py log_once [line:28] INFO std_val_loss                  0.0682
2025-04-28 08:26:32,591 fedbase.py run [line:323] INFO expense           2590840740.0
2025-04-28 08:26:32,591 fedbase.py run [line:324] INFO Eval Time Cost:               3.0954s
2025-04-28 08:26:32,591 asyncbase.py iterate [line:68] INFO Select clients [0, 1, 2, 3, 4, 5, 6, 7, 8, 9, 10, 11, 12, 13, 14, 15, 16, 17, 18, 19] at time 483.
2025-04-28 08:28:33,992 asyncbase.py iterate [line:73] INFO Receive new models from clients [16, 2, 15, 8, 18, 3, 6, 9, 5, 0, 13, 11, 17, 1, 7, 4, 14, 10, 12, 19] at time 484
2025-04-28 08:28:34,620 fedbase.py run [line:318] INFO --------------Round 191--------------
2025-04-28 08:28:34,621 simple_logger.py log_once [line:14] INFO Current_time:484
2025-04-28 08:28:38,080 simple_logger.py log_once [line:28] INFO test_accuracy                 0.7662
2025-04-28 08:28:38,080 simple_logger.py log_once [line:28] INFO test_loss                     0.6702
2025-04-28 08:28:38,080 simple_logger.py log_once [line:28] INFO val_accuracy                  0.7610
2025-04-28 08:28:38,080 simple_logger.py log_once [line:28] INFO mean_val_accuracy             0.7610
2025-04-28 08:28:38,080 simple_logger.py log_once [line:28] INFO std_val_accuracy              0.0284
2025-04-28 08:28:38,080 simple_logger.py log_once [line:28] INFO val_loss                      0.7018
2025-04-28 08:28:38,080 simple_logger.py log_once [line:28] INFO mean_val_loss                 0.7018
2025-04-28 08:28:38,080 simple_logger.py log_once [line:28] INFO std_val_loss                  0.0698
2025-04-28 08:28:38,080 fedbase.py run [line:323] INFO expense           2595271940.0
2025-04-28 08:28:38,080 fedbase.py run [line:324] INFO Eval Time Cost:               3.4593s
2025-04-28 08:28:38,081 asyncbase.py iterate [line:68] INFO Select clients [0, 1, 2, 3, 4, 5, 6, 7, 8, 9, 10, 11, 12, 13, 14, 15, 16, 17, 18, 19] at time 485.
2025-04-28 08:30:39,605 asyncbase.py iterate [line:73] INFO Receive new models from clients [19, 1, 5, 10, 8, 7, 0, 13, 3, 9, 6, 4, 15, 2, 14, 18, 12, 11, 16, 17] at time 486
2025-04-28 08:30:40,202 fedbase.py run [line:318] INFO --------------Round 192--------------
2025-04-28 08:30:40,203 simple_logger.py log_once [line:14] INFO Current_time:486
2025-04-28 08:30:43,338 simple_logger.py log_once [line:28] INFO test_accuracy                 0.7706
2025-04-28 08:30:43,338 simple_logger.py log_once [line:28] INFO test_loss                     0.6571
2025-04-28 08:30:43,338 simple_logger.py log_once [line:28] INFO val_accuracy                  0.7666
2025-04-28 08:30:43,338 simple_logger.py log_once [line:28] INFO mean_val_accuracy             0.7666
2025-04-28 08:30:43,338 simple_logger.py log_once [line:28] INFO std_val_accuracy              0.0305
2025-04-28 08:30:43,338 simple_logger.py log_once [line:28] INFO val_loss                      0.6879
2025-04-28 08:30:43,338 simple_logger.py log_once [line:28] INFO mean_val_loss                 0.6879
2025-04-28 08:30:43,338 simple_logger.py log_once [line:28] INFO std_val_loss                  0.0702
2025-04-28 08:30:43,339 fedbase.py run [line:323] INFO expense           2599703140.0
2025-04-28 08:30:43,339 fedbase.py run [line:324] INFO Eval Time Cost:               3.1355s
2025-04-28 08:30:43,339 asyncbase.py iterate [line:68] INFO Select clients [0, 1, 2, 3, 4, 5, 6, 7, 8, 9, 10, 11, 12, 13, 14, 15, 16, 17, 18, 19] at time 487.
2025-04-28 08:32:40,368 asyncbase.py iterate [line:73] INFO Receive new models from clients [12, 4, 16, 9, 0, 2, 13, 19, 6, 11, 14, 1, 8, 17, 15, 5, 3, 7, 18, 10] at time 488
2025-04-28 08:32:40,875 fedbase.py run [line:318] INFO --------------Round 193--------------
2025-04-28 08:32:40,876 simple_logger.py log_once [line:14] INFO Current_time:488
2025-04-28 08:32:43,977 simple_logger.py log_once [line:28] INFO test_accuracy                 0.7711
2025-04-28 08:32:43,978 simple_logger.py log_once [line:28] INFO test_loss                     0.6545
2025-04-28 08:32:43,978 simple_logger.py log_once [line:28] INFO val_accuracy                  0.7660
2025-04-28 08:32:43,978 simple_logger.py log_once [line:28] INFO mean_val_accuracy             0.7660
2025-04-28 08:32:43,978 simple_logger.py log_once [line:28] INFO std_val_accuracy              0.0267
2025-04-28 08:32:43,978 simple_logger.py log_once [line:28] INFO val_loss                      0.6872
2025-04-28 08:32:43,978 simple_logger.py log_once [line:28] INFO mean_val_loss                 0.6872
2025-04-28 08:32:43,978 simple_logger.py log_once [line:28] INFO std_val_loss                  0.0659
2025-04-28 08:32:43,978 fedbase.py run [line:323] INFO expense           2604134340.0
2025-04-28 08:32:43,978 fedbase.py run [line:324] INFO Eval Time Cost:               3.1022s
2025-04-28 08:32:43,978 asyncbase.py iterate [line:68] INFO Select clients [0, 1, 2, 3, 4, 5, 6, 7, 8, 9, 10, 11, 12, 13, 14, 15, 16, 17, 18, 19] at time 489.
2025-04-28 08:34:45,570 asyncbase.py iterate [line:73] INFO Receive new models from clients [0, 4, 5, 14, 19, 9, 15, 3, 2, 17, 6, 11, 16, 7, 1, 12, 13, 10, 8, 18] at time 490
2025-04-28 08:34:46,029 fedbase.py run [line:318] INFO --------------Round 194--------------
2025-04-28 08:34:46,029 simple_logger.py log_once [line:14] INFO Current_time:490
2025-04-28 08:34:49,229 simple_logger.py log_once [line:28] INFO test_accuracy                 0.7708
2025-04-28 08:34:49,229 simple_logger.py log_once [line:28] INFO test_loss                     0.6551
2025-04-28 08:34:49,229 simple_logger.py log_once [line:28] INFO val_accuracy                  0.7656
2025-04-28 08:34:49,229 simple_logger.py log_once [line:28] INFO mean_val_accuracy             0.7656
2025-04-28 08:34:49,229 simple_logger.py log_once [line:28] INFO std_val_accuracy              0.0303
2025-04-28 08:34:49,230 simple_logger.py log_once [line:28] INFO val_loss                      0.6863
2025-04-28 08:34:49,230 simple_logger.py log_once [line:28] INFO mean_val_loss                 0.6863
2025-04-28 08:34:49,230 simple_logger.py log_once [line:28] INFO std_val_loss                  0.0699
2025-04-28 08:34:49,230 fedbase.py run [line:323] INFO expense           2608565540.0
2025-04-28 08:34:49,230 fedbase.py run [line:324] INFO Eval Time Cost:               3.2004s
2025-04-28 08:34:49,230 asyncbase.py iterate [line:68] INFO Select clients [0, 1, 2, 3, 4, 5, 6, 7, 8, 9, 10, 11, 12, 13, 14, 15, 16, 17, 18, 19] at time 491.
2025-04-28 08:36:42,890 asyncbase.py iterate [line:73] INFO Receive new models from clients [0, 3, 4, 19, 13, 1, 17, 6, 5, 15, 8, 2, 7, 10, 16, 14, 18, 9, 11, 12] at time 492
2025-04-28 08:36:43,392 fedbase.py run [line:318] INFO --------------Round 195--------------
2025-04-28 08:36:43,393 simple_logger.py log_once [line:14] INFO Current_time:492
2025-04-28 08:36:46,488 simple_logger.py log_once [line:28] INFO test_accuracy                 0.7675
2025-04-28 08:36:46,488 simple_logger.py log_once [line:28] INFO test_loss                     0.6613
2025-04-28 08:36:46,488 simple_logger.py log_once [line:28] INFO val_accuracy                  0.7656
2025-04-28 08:36:46,488 simple_logger.py log_once [line:28] INFO mean_val_accuracy             0.7656
2025-04-28 08:36:46,488 simple_logger.py log_once [line:28] INFO std_val_accuracy              0.0320
2025-04-28 08:36:46,489 simple_logger.py log_once [line:28] INFO val_loss                      0.6918
2025-04-28 08:36:46,489 simple_logger.py log_once [line:28] INFO mean_val_loss                 0.6918
2025-04-28 08:36:46,489 simple_logger.py log_once [line:28] INFO std_val_loss                  0.0732
2025-04-28 08:36:46,489 fedbase.py run [line:323] INFO expense           2612996740.0
2025-04-28 08:36:46,489 fedbase.py run [line:324] INFO Eval Time Cost:               3.0957s
2025-04-28 08:36:46,489 asyncbase.py iterate [line:68] INFO Select clients [0, 1, 2, 3, 4, 5, 6, 7, 8, 9, 10, 11, 12, 13, 14, 15, 16, 17, 18, 19] at time 493.
2025-04-28 08:38:39,056 asyncbase.py iterate [line:73] INFO Receive new models from clients [16, 18, 6, 13, 19, 5, 12, 17, 10, 11, 15, 8, 0, 9, 4, 7, 2, 1, 3, 14] at time 494
2025-04-28 08:38:39,613 fedbase.py run [line:318] INFO --------------Round 196--------------
2025-04-28 08:38:39,614 simple_logger.py log_once [line:14] INFO Current_time:494
2025-04-28 08:38:42,791 simple_logger.py log_once [line:28] INFO test_accuracy                 0.7718
2025-04-28 08:38:42,791 simple_logger.py log_once [line:28] INFO test_loss                     0.6526
2025-04-28 08:38:42,791 simple_logger.py log_once [line:28] INFO val_accuracy                  0.7678
2025-04-28 08:38:42,791 simple_logger.py log_once [line:28] INFO mean_val_accuracy             0.7678
2025-04-28 08:38:42,791 simple_logger.py log_once [line:28] INFO std_val_accuracy              0.0306
2025-04-28 08:38:42,791 simple_logger.py log_once [line:28] INFO val_loss                      0.6862
2025-04-28 08:38:42,791 simple_logger.py log_once [line:28] INFO mean_val_loss                 0.6862
2025-04-28 08:38:42,791 simple_logger.py log_once [line:28] INFO std_val_loss                  0.0689
2025-04-28 08:38:42,791 fedbase.py run [line:323] INFO expense           2617427940.0
2025-04-28 08:38:42,791 fedbase.py run [line:324] INFO Eval Time Cost:               3.1777s
2025-04-28 08:38:42,791 asyncbase.py iterate [line:68] INFO Select clients [0, 1, 2, 3, 4, 5, 6, 7, 8, 9, 10, 11, 12, 13, 14, 15, 16, 17, 18, 19] at time 495.
2025-04-28 08:40:34,600 asyncbase.py iterate [line:73] INFO Receive new models from clients [6, 17, 15, 5, 3, 8, 1, 10, 4, 11, 13, 14, 0, 2, 9, 16, 18, 19, 12, 7] at time 496
2025-04-28 08:40:35,062 fedbase.py run [line:318] INFO --------------Round 197--------------
2025-04-28 08:40:35,063 simple_logger.py log_once [line:14] INFO Current_time:496
2025-04-28 08:40:38,209 simple_logger.py log_once [line:28] INFO test_accuracy                 0.7737
2025-04-28 08:40:38,209 simple_logger.py log_once [line:28] INFO test_loss                     0.6463
2025-04-28 08:40:38,209 simple_logger.py log_once [line:28] INFO val_accuracy                  0.7706
2025-04-28 08:40:38,209 simple_logger.py log_once [line:28] INFO mean_val_accuracy             0.7706
2025-04-28 08:40:38,209 simple_logger.py log_once [line:28] INFO std_val_accuracy              0.0283
2025-04-28 08:40:38,210 simple_logger.py log_once [line:28] INFO val_loss                      0.6753
2025-04-28 08:40:38,210 simple_logger.py log_once [line:28] INFO mean_val_loss                 0.6753
2025-04-28 08:40:38,210 simple_logger.py log_once [line:28] INFO std_val_loss                  0.0676
2025-04-28 08:40:38,210 fedbase.py run [line:323] INFO expense           2621859140.0
2025-04-28 08:40:38,210 fedbase.py run [line:324] INFO Eval Time Cost:               3.1472s
2025-04-28 08:40:38,210 asyncbase.py iterate [line:68] INFO Select clients [0, 1, 2, 3, 4, 5, 6, 7, 8, 9, 10, 11, 12, 13, 14, 15, 16, 17, 18, 19] at time 497.
2025-04-28 08:42:27,886 asyncbase.py iterate [line:73] INFO Receive new models from clients [1, 14, 0, 10, 12, 9, 5, 3, 16, 13, 15, 4, 2, 7, 6, 17, 19, 18, 8, 11] at time 498
2025-04-28 08:42:28,346 fedbase.py run [line:318] INFO --------------Round 198--------------
2025-04-28 08:42:28,347 simple_logger.py log_once [line:14] INFO Current_time:498
2025-04-28 08:42:31,476 simple_logger.py log_once [line:28] INFO test_accuracy                 0.7660
2025-04-28 08:42:31,476 simple_logger.py log_once [line:28] INFO test_loss                     0.6623
2025-04-28 08:42:31,476 simple_logger.py log_once [line:28] INFO val_accuracy                  0.7656
2025-04-28 08:42:31,476 simple_logger.py log_once [line:28] INFO mean_val_accuracy             0.7656
2025-04-28 08:42:31,476 simple_logger.py log_once [line:28] INFO std_val_accuracy              0.0268
2025-04-28 08:42:31,476 simple_logger.py log_once [line:28] INFO val_loss                      0.6899
2025-04-28 08:42:31,476 simple_logger.py log_once [line:28] INFO mean_val_loss                 0.6899
2025-04-28 08:42:31,476 simple_logger.py log_once [line:28] INFO std_val_loss                  0.0713
2025-04-28 08:42:31,476 fedbase.py run [line:323] INFO expense           2626290340.0
2025-04-28 08:42:31,476 fedbase.py run [line:324] INFO Eval Time Cost:               3.1293s
2025-04-28 08:42:31,476 asyncbase.py iterate [line:68] INFO Select clients [0, 1, 2, 3, 4, 5, 6, 7, 8, 9, 10, 11, 12, 13, 14, 15, 16, 17, 18, 19] at time 499.
2025-04-28 08:44:22,610 asyncbase.py iterate [line:73] INFO Receive new models from clients [14, 13, 10, 7, 19, 17, 0, 4, 1, 11, 5, 2, 12, 16, 15, 8, 9, 3, 6, 18] at time 500
2025-04-28 08:44:23,058 fedbase.py run [line:318] INFO --------------Round 199--------------
2025-04-28 08:44:23,059 simple_logger.py log_once [line:14] INFO Current_time:500
2025-04-28 08:44:26,102 simple_logger.py log_once [line:28] INFO test_accuracy                 0.7714
2025-04-28 08:44:26,103 simple_logger.py log_once [line:28] INFO test_loss                     0.6604
2025-04-28 08:44:26,103 simple_logger.py log_once [line:28] INFO val_accuracy                  0.7650
2025-04-28 08:44:26,103 simple_logger.py log_once [line:28] INFO mean_val_accuracy             0.7650
2025-04-28 08:44:26,103 simple_logger.py log_once [line:28] INFO std_val_accuracy              0.0273
2025-04-28 08:44:26,103 simple_logger.py log_once [line:28] INFO val_loss                      0.6955
2025-04-28 08:44:26,103 simple_logger.py log_once [line:28] INFO mean_val_loss                 0.6955
2025-04-28 08:44:26,103 simple_logger.py log_once [line:28] INFO std_val_loss                  0.0699
2025-04-28 08:44:26,103 fedbase.py run [line:323] INFO expense           2630721540.0
2025-04-28 08:44:26,103 fedbase.py run [line:324] INFO Eval Time Cost:               3.0439s
2025-04-28 08:44:26,103 asyncbase.py iterate [line:68] INFO Select clients [0, 1, 2, 3, 4, 5, 6, 7, 8, 9, 10, 11, 12, 13, 14, 15, 16, 17, 18, 19] at time 501.
2025-04-28 08:46:16,456 asyncbase.py iterate [line:73] INFO Receive new models from clients [15, 3, 5, 8, 2, 1, 11, 10, 4, 13, 17, 9, 19, 6, 14, 16, 18, 7, 0, 12] at time 502
2025-04-28 08:46:16,924 fedbase.py run [line:318] INFO --------------Round 200--------------
2025-04-28 08:46:16,924 simple_logger.py log_once [line:14] INFO Current_time:502
2025-04-28 08:46:20,108 simple_logger.py log_once [line:28] INFO test_accuracy                 0.7711
2025-04-28 08:46:20,108 simple_logger.py log_once [line:28] INFO test_loss                     0.6513
2025-04-28 08:46:20,108 simple_logger.py log_once [line:28] INFO val_accuracy                  0.7662
2025-04-28 08:46:20,109 simple_logger.py log_once [line:28] INFO mean_val_accuracy             0.7662
2025-04-28 08:46:20,109 simple_logger.py log_once [line:28] INFO std_val_accuracy              0.0270
2025-04-28 08:46:20,109 simple_logger.py log_once [line:28] INFO val_loss                      0.6838
2025-04-28 08:46:20,109 simple_logger.py log_once [line:28] INFO mean_val_loss                 0.6838
2025-04-28 08:46:20,109 simple_logger.py log_once [line:28] INFO std_val_loss                  0.0690
2025-04-28 08:46:20,109 fedbase.py run [line:323] INFO expense           2635152740.0
2025-04-28 08:46:20,109 fedbase.py run [line:324] INFO Eval Time Cost:               3.1845s
2025-04-28 08:46:20,109 asyncbase.py iterate [line:68] INFO Select clients [0, 1, 2, 3, 4, 5, 6, 7, 8, 9, 10, 11, 12, 13, 14, 15, 16, 17, 18, 19] at time 503.
2025-04-28 08:48:09,569 asyncbase.py iterate [line:73] INFO Receive new models from clients [17, 7, 14, 4, 3, 5, 18, 11, 8, 19, 13, 1, 9, 10, 16, 2, 15, 12, 0, 6] at time 504
2025-04-28 08:48:10,067 fedbase.py run [line:318] INFO --------------Round 201--------------
2025-04-28 08:48:10,068 simple_logger.py log_once [line:14] INFO Current_time:504
2025-04-28 08:48:13,169 simple_logger.py log_once [line:28] INFO test_accuracy                 0.7680
2025-04-28 08:48:13,169 simple_logger.py log_once [line:28] INFO test_loss                     0.6601
2025-04-28 08:48:13,169 simple_logger.py log_once [line:28] INFO val_accuracy                  0.7622
2025-04-28 08:48:13,169 simple_logger.py log_once [line:28] INFO mean_val_accuracy             0.7622
2025-04-28 08:48:13,169 simple_logger.py log_once [line:28] INFO std_val_accuracy              0.0248
2025-04-28 08:48:13,169 simple_logger.py log_once [line:28] INFO val_loss                      0.6918
2025-04-28 08:48:13,169 simple_logger.py log_once [line:28] INFO mean_val_loss                 0.6918
2025-04-28 08:48:13,169 simple_logger.py log_once [line:28] INFO std_val_loss                  0.0695
2025-04-28 08:48:13,169 fedbase.py run [line:323] INFO expense           2639583940.0
2025-04-28 08:48:13,169 fedbase.py run [line:324] INFO Eval Time Cost:               3.1019s
2025-04-28 08:48:13,170 asyncbase.py iterate [line:68] INFO Select clients [0, 1, 2, 3, 4, 5, 6, 7, 8, 9, 10, 11, 12, 13, 14, 15, 16, 17, 18, 19] at time 505.
2025-04-28 08:50:05,491 asyncbase.py iterate [line:73] INFO Receive new models from clients [3, 13, 2, 10, 4, 16, 6, 5, 9, 18, 19, 0, 8, 17, 12, 11, 15, 7, 1, 14] at time 506
2025-04-28 08:50:05,961 fedbase.py run [line:318] INFO --------------Round 202--------------
2025-04-28 08:50:05,962 simple_logger.py log_once [line:14] INFO Current_time:506
2025-04-28 08:50:09,111 simple_logger.py log_once [line:28] INFO test_accuracy                 0.7709
2025-04-28 08:50:09,111 simple_logger.py log_once [line:28] INFO test_loss                     0.6502
2025-04-28 08:50:09,112 simple_logger.py log_once [line:28] INFO val_accuracy                  0.7696
2025-04-28 08:50:09,112 simple_logger.py log_once [line:28] INFO mean_val_accuracy             0.7696
2025-04-28 08:50:09,112 simple_logger.py log_once [line:28] INFO std_val_accuracy              0.0311
2025-04-28 08:50:09,112 simple_logger.py log_once [line:28] INFO val_loss                      0.6815
2025-04-28 08:50:09,112 simple_logger.py log_once [line:28] INFO mean_val_loss                 0.6815
2025-04-28 08:50:09,112 simple_logger.py log_once [line:28] INFO std_val_loss                  0.0703
2025-04-28 08:50:09,112 fedbase.py run [line:323] INFO expense           2644015140.0
2025-04-28 08:50:09,112 fedbase.py run [line:324] INFO Eval Time Cost:               3.1499s
2025-04-28 08:50:09,112 asyncbase.py iterate [line:68] INFO Select clients [0, 1, 2, 3, 4, 5, 6, 7, 8, 9, 10, 11, 12, 13, 14, 15, 16, 17, 18, 19] at time 507.
2025-04-28 08:50:42,515 asyncbase.py iterate [line:73] INFO Receive new models from clients [11, 4, 2, 9, 8, 6, 15, 10, 1, 0, 12, 17, 18, 7, 19, 5, 3, 13, 16, 14] at time 508
2025-04-28 08:50:47,718 fedbase.py run [line:318] INFO --------------Round 203--------------
2025-04-28 08:50:47,719 simple_logger.py log_once [line:14] INFO Current_time:508
2025-04-28 08:50:50,832 simple_logger.py log_once [line:28] INFO test_accuracy                 0.7727
2025-04-28 08:50:50,832 simple_logger.py log_once [line:28] INFO test_loss                     0.6321
2025-04-28 08:50:50,832 simple_logger.py log_once [line:28] INFO val_accuracy                  0.7726
2025-04-28 08:50:50,832 simple_logger.py log_once [line:28] INFO mean_val_accuracy             0.7726
2025-04-28 08:50:50,832 simple_logger.py log_once [line:28] INFO std_val_accuracy              0.0286
2025-04-28 08:50:50,833 simple_logger.py log_once [line:28] INFO val_loss                      0.6577
2025-04-28 08:50:50,833 simple_logger.py log_once [line:28] INFO mean_val_loss                 0.6577
2025-04-28 08:50:50,833 simple_logger.py log_once [line:28] INFO std_val_loss                  0.0669
2025-04-28 08:50:50,833 fedbase.py run [line:323] INFO expense           2699884950.0
2025-04-28 08:50:50,833 fedbase.py run [line:324] INFO Eval Time Cost:               3.1141s
2025-04-28 08:50:50,833 asyncbase.py iterate [line:68] INFO Select clients [0, 1, 2, 3, 4, 5, 6, 7, 8, 9, 10, 11, 12, 13, 14, 15, 16, 17, 18, 19] at time 509.
2025-04-28 08:52:40,139 asyncbase.py iterate [line:73] INFO Receive new models from clients [9, 2, 12, 18, 5, 1, 8, 6, 3, 7, 19, 0, 17, 11, 14, 13, 4, 10] at time 512
2025-04-28 08:52:40,139 asyncbase.py iterate [line:73] INFO Receive new models from clients [16, 15] at time 513
2025-04-28 08:52:40,592 fedbase.py run [line:318] INFO --------------Round 204--------------
2025-04-28 08:52:40,593 simple_logger.py log_once [line:14] INFO Current_time:513
2025-04-28 08:52:43,657 simple_logger.py log_once [line:28] INFO test_accuracy                 0.7625
2025-04-28 08:52:43,657 simple_logger.py log_once [line:28] INFO test_loss                     0.6571
2025-04-28 08:52:43,657 simple_logger.py log_once [line:28] INFO val_accuracy                  0.7662
2025-04-28 08:52:43,657 simple_logger.py log_once [line:28] INFO mean_val_accuracy             0.7662
2025-04-28 08:52:43,657 simple_logger.py log_once [line:28] INFO std_val_accuracy              0.0283
2025-04-28 08:52:43,657 simple_logger.py log_once [line:28] INFO val_loss                      0.6782
2025-04-28 08:52:43,657 simple_logger.py log_once [line:28] INFO mean_val_loss                 0.6782
2025-04-28 08:52:43,657 simple_logger.py log_once [line:28] INFO std_val_loss                  0.0712
2025-04-28 08:52:43,657 fedbase.py run [line:323] INFO expense           2704316150.0
2025-04-28 08:52:43,657 fedbase.py run [line:324] INFO Eval Time Cost:               3.0648s
2025-04-28 08:52:43,658 asyncbase.py iterate [line:68] INFO Select clients [0, 1, 2, 3, 4, 5, 6, 7, 8, 9, 10, 11, 12, 13, 14, 15, 16, 17, 18, 19] at time 514.
2025-04-28 08:54:35,235 asyncbase.py iterate [line:73] INFO Receive new models from clients [19, 0, 4, 17, 12, 1, 11, 2, 3, 18, 15, 13, 5, 16, 7, 8, 6, 9, 14, 10] at time 515
2025-04-28 08:54:35,668 fedbase.py run [line:318] INFO --------------Round 205--------------
2025-04-28 08:54:35,669 simple_logger.py log_once [line:14] INFO Current_time:515
2025-04-28 08:54:38,721 simple_logger.py log_once [line:28] INFO test_accuracy                 0.7684
2025-04-28 08:54:38,721 simple_logger.py log_once [line:28] INFO test_loss                     0.6546
2025-04-28 08:54:38,721 simple_logger.py log_once [line:28] INFO val_accuracy                  0.7660
2025-04-28 08:54:38,721 simple_logger.py log_once [line:28] INFO mean_val_accuracy             0.7660
2025-04-28 08:54:38,721 simple_logger.py log_once [line:28] INFO std_val_accuracy              0.0289
2025-04-28 08:54:38,721 simple_logger.py log_once [line:28] INFO val_loss                      0.6773
2025-04-28 08:54:38,721 simple_logger.py log_once [line:28] INFO mean_val_loss                 0.6773
2025-04-28 08:54:38,721 simple_logger.py log_once [line:28] INFO std_val_loss                  0.0679
2025-04-28 08:54:38,722 fedbase.py run [line:323] INFO expense           2708747350.0
2025-04-28 08:54:38,722 fedbase.py run [line:324] INFO Eval Time Cost:               3.0529s
2025-04-28 08:54:38,722 asyncbase.py iterate [line:68] INFO Select clients [0, 1, 2, 3, 4, 5, 6, 7, 8, 9, 10, 11, 12, 13, 14, 15, 16, 17, 18, 19] at time 516.
2025-04-28 08:56:32,527 asyncbase.py iterate [line:73] INFO Receive new models from clients [8, 16, 15, 7, 5, 14, 10, 2, 1, 19, 12, 18, 4, 0, 6, 13, 3, 11, 17, 9] at time 517
2025-04-28 08:56:32,973 fedbase.py run [line:318] INFO --------------Round 206--------------
2025-04-28 08:56:32,974 simple_logger.py log_once [line:14] INFO Current_time:517
2025-04-28 08:56:36,019 simple_logger.py log_once [line:28] INFO test_accuracy                 0.7683
2025-04-28 08:56:36,020 simple_logger.py log_once [line:28] INFO test_loss                     0.6461
2025-04-28 08:56:36,020 simple_logger.py log_once [line:28] INFO val_accuracy                  0.7680
2025-04-28 08:56:36,020 simple_logger.py log_once [line:28] INFO mean_val_accuracy             0.7680
2025-04-28 08:56:36,020 simple_logger.py log_once [line:28] INFO std_val_accuracy              0.0278
2025-04-28 08:56:36,020 simple_logger.py log_once [line:28] INFO val_loss                      0.6710
2025-04-28 08:56:36,020 simple_logger.py log_once [line:28] INFO mean_val_loss                 0.6710
2025-04-28 08:56:36,020 simple_logger.py log_once [line:28] INFO std_val_loss                  0.0665
2025-04-28 08:56:36,020 fedbase.py run [line:323] INFO expense           2713178550.0
2025-04-28 08:56:36,020 fedbase.py run [line:324] INFO Eval Time Cost:               3.0460s
2025-04-28 08:56:36,020 asyncbase.py iterate [line:68] INFO Select clients [0, 1, 2, 3, 4, 5, 6, 7, 8, 9, 10, 11, 12, 13, 14, 15, 16, 17, 18, 19] at time 518.
2025-04-28 08:58:27,860 asyncbase.py iterate [line:73] INFO Receive new models from clients [18, 7, 17, 6, 2, 5, 13, 0, 15, 3, 8, 10, 19, 1, 11, 4, 12, 16, 14, 9] at time 519
2025-04-28 08:58:28,349 fedbase.py run [line:318] INFO --------------Round 207--------------
2025-04-28 08:58:28,350 simple_logger.py log_once [line:14] INFO Current_time:519
2025-04-28 08:58:31,468 simple_logger.py log_once [line:28] INFO test_accuracy                 0.7706
2025-04-28 08:58:31,468 simple_logger.py log_once [line:28] INFO test_loss                     0.6476
2025-04-28 08:58:31,468 simple_logger.py log_once [line:28] INFO val_accuracy                  0.7672
2025-04-28 08:58:31,468 simple_logger.py log_once [line:28] INFO mean_val_accuracy             0.7672
2025-04-28 08:58:31,468 simple_logger.py log_once [line:28] INFO std_val_accuracy              0.0295
2025-04-28 08:58:31,468 simple_logger.py log_once [line:28] INFO val_loss                      0.6694
2025-04-28 08:58:31,468 simple_logger.py log_once [line:28] INFO mean_val_loss                 0.6694
2025-04-28 08:58:31,469 simple_logger.py log_once [line:28] INFO std_val_loss                  0.0670
2025-04-28 08:58:31,469 fedbase.py run [line:323] INFO expense           2717609750.0
2025-04-28 08:58:31,469 fedbase.py run [line:324] INFO Eval Time Cost:               3.1190s
2025-04-28 08:58:31,469 asyncbase.py iterate [line:68] INFO Select clients [0, 1, 2, 3, 4, 5, 6, 7, 8, 9, 10, 11, 12, 13, 14, 15, 16, 17, 18, 19] at time 520.
2025-04-28 09:00:23,687 asyncbase.py iterate [line:73] INFO Receive new models from clients [1, 13, 8, 18, 5, 19, 4, 16, 12, 0, 15, 6, 3, 2, 17, 14, 9, 10, 11, 7] at time 521
2025-04-28 09:00:24,157 fedbase.py run [line:318] INFO --------------Round 208--------------
2025-04-28 09:00:24,158 simple_logger.py log_once [line:14] INFO Current_time:521
2025-04-28 09:00:27,273 simple_logger.py log_once [line:28] INFO test_accuracy                 0.7684
2025-04-28 09:00:27,273 simple_logger.py log_once [line:28] INFO test_loss                     0.6464
2025-04-28 09:00:27,273 simple_logger.py log_once [line:28] INFO val_accuracy                  0.7676
2025-04-28 09:00:27,273 simple_logger.py log_once [line:28] INFO mean_val_accuracy             0.7676
2025-04-28 09:00:27,273 simple_logger.py log_once [line:28] INFO std_val_accuracy              0.0282
2025-04-28 09:00:27,273 simple_logger.py log_once [line:28] INFO val_loss                      0.6695
2025-04-28 09:00:27,273 simple_logger.py log_once [line:28] INFO mean_val_loss                 0.6695
2025-04-28 09:00:27,273 simple_logger.py log_once [line:28] INFO std_val_loss                  0.0676
2025-04-28 09:00:27,273 fedbase.py run [line:323] INFO expense           2722040950.0
2025-04-28 09:00:27,273 fedbase.py run [line:324] INFO Eval Time Cost:               3.1158s
2025-04-28 09:00:27,274 asyncbase.py iterate [line:68] INFO Select clients [0, 1, 2, 3, 4, 5, 6, 7, 8, 9, 10, 11, 12, 13, 14, 15, 16, 17, 18, 19] at time 522.
2025-04-28 09:02:21,273 asyncbase.py iterate [line:73] INFO Receive new models from clients [1, 2, 19, 4, 5, 17, 7, 15, 3, 10, 16, 14, 8, 18, 9, 0, 11, 6, 13, 12] at time 523
2025-04-28 09:02:21,735 fedbase.py run [line:318] INFO --------------Round 209--------------
2025-04-28 09:02:21,736 simple_logger.py log_once [line:14] INFO Current_time:523
2025-04-28 09:02:24,851 simple_logger.py log_once [line:28] INFO test_accuracy                 0.7701
2025-04-28 09:02:24,851 simple_logger.py log_once [line:28] INFO test_loss                     0.6425
2025-04-28 09:02:24,852 simple_logger.py log_once [line:28] INFO val_accuracy                  0.7664
2025-04-28 09:02:24,852 simple_logger.py log_once [line:28] INFO mean_val_accuracy             0.7664
2025-04-28 09:02:24,852 simple_logger.py log_once [line:28] INFO std_val_accuracy              0.0294
2025-04-28 09:02:24,852 simple_logger.py log_once [line:28] INFO val_loss                      0.6654
2025-04-28 09:02:24,852 simple_logger.py log_once [line:28] INFO mean_val_loss                 0.6654
2025-04-28 09:02:24,852 simple_logger.py log_once [line:28] INFO std_val_loss                  0.0675
2025-04-28 09:02:24,852 fedbase.py run [line:323] INFO expense           2726472150.0
2025-04-28 09:02:24,852 fedbase.py run [line:324] INFO Eval Time Cost:               3.1161s
2025-04-28 09:02:24,852 asyncbase.py iterate [line:68] INFO Select clients [0, 1, 2, 3, 4, 5, 6, 7, 8, 9, 10, 11, 12, 13, 14, 15, 16, 17, 18, 19] at time 524.
2025-04-28 09:04:14,989 asyncbase.py iterate [line:73] INFO Receive new models from clients [5, 11, 10, 3, 13, 18, 6, 2, 15, 7, 19, 8, 14, 9, 17, 1, 16, 0, 12, 4] at time 525
2025-04-28 09:04:15,427 fedbase.py run [line:318] INFO --------------Round 210--------------
2025-04-28 09:04:15,428 simple_logger.py log_once [line:14] INFO Current_time:525
2025-04-28 09:04:18,453 simple_logger.py log_once [line:28] INFO test_accuracy                 0.7665
2025-04-28 09:04:18,453 simple_logger.py log_once [line:28] INFO test_loss                     0.6599
2025-04-28 09:04:18,453 simple_logger.py log_once [line:28] INFO val_accuracy                  0.7618
2025-04-28 09:04:18,453 simple_logger.py log_once [line:28] INFO mean_val_accuracy             0.7618
2025-04-28 09:04:18,453 simple_logger.py log_once [line:28] INFO std_val_accuracy              0.0260
2025-04-28 09:04:18,453 simple_logger.py log_once [line:28] INFO val_loss                      0.6832
2025-04-28 09:04:18,453 simple_logger.py log_once [line:28] INFO mean_val_loss                 0.6832
2025-04-28 09:04:18,453 simple_logger.py log_once [line:28] INFO std_val_loss                  0.0705
2025-04-28 09:04:18,453 fedbase.py run [line:323] INFO expense           2730903350.0
2025-04-28 09:04:18,453 fedbase.py run [line:324] INFO Eval Time Cost:               3.0251s
2025-04-28 09:04:18,453 asyncbase.py iterate [line:68] INFO Select clients [0, 1, 2, 3, 4, 5, 6, 7, 8, 9, 10, 11, 12, 13, 14, 15, 16, 17, 18, 19] at time 526.
2025-04-28 09:06:10,415 asyncbase.py iterate [line:73] INFO Receive new models from clients [12, 15, 5, 16, 4, 2, 10, 13, 7, 1, 8, 18, 9, 14, 19, 17, 3, 0, 6, 11] at time 527
2025-04-28 09:06:10,837 fedbase.py run [line:318] INFO --------------Round 211--------------
2025-04-28 09:06:10,837 simple_logger.py log_once [line:14] INFO Current_time:527
2025-04-28 09:06:13,929 simple_logger.py log_once [line:28] INFO test_accuracy                 0.7697
2025-04-28 09:06:13,929 simple_logger.py log_once [line:28] INFO test_loss                     0.6523
2025-04-28 09:06:13,929 simple_logger.py log_once [line:28] INFO val_accuracy                  0.7656
2025-04-28 09:06:13,929 simple_logger.py log_once [line:28] INFO mean_val_accuracy             0.7656
2025-04-28 09:06:13,929 simple_logger.py log_once [line:28] INFO std_val_accuracy              0.0274
2025-04-28 09:06:13,929 simple_logger.py log_once [line:28] INFO val_loss                      0.6747
2025-04-28 09:06:13,929 simple_logger.py log_once [line:28] INFO mean_val_loss                 0.6747
2025-04-28 09:06:13,929 simple_logger.py log_once [line:28] INFO std_val_loss                  0.0687
2025-04-28 09:06:13,929 fedbase.py run [line:323] INFO expense           2735334550.0
2025-04-28 09:06:13,929 fedbase.py run [line:324] INFO Eval Time Cost:               3.0923s
2025-04-28 09:06:13,930 asyncbase.py iterate [line:68] INFO Select clients [0, 1, 2, 3, 4, 5, 6, 7, 8, 9, 10, 11, 12, 13, 14, 15, 16, 17, 18, 19] at time 528.
2025-04-28 09:08:07,758 asyncbase.py iterate [line:73] INFO Receive new models from clients [1, 3, 4, 9, 0, 14, 7, 5, 13, 15, 16, 17, 2, 19, 6, 12, 18, 11, 8, 10] at time 529
2025-04-28 09:08:08,224 fedbase.py run [line:318] INFO --------------Round 212--------------
2025-04-28 09:08:08,225 simple_logger.py log_once [line:14] INFO Current_time:529
2025-04-28 09:08:11,301 simple_logger.py log_once [line:28] INFO test_accuracy                 0.7671
2025-04-28 09:08:11,301 simple_logger.py log_once [line:28] INFO test_loss                     0.6492
2025-04-28 09:08:11,301 simple_logger.py log_once [line:28] INFO val_accuracy                  0.7702
2025-04-28 09:08:11,301 simple_logger.py log_once [line:28] INFO mean_val_accuracy             0.7702
2025-04-28 09:08:11,301 simple_logger.py log_once [line:28] INFO std_val_accuracy              0.0312
2025-04-28 09:08:11,301 simple_logger.py log_once [line:28] INFO val_loss                      0.6713
2025-04-28 09:08:11,301 simple_logger.py log_once [line:28] INFO mean_val_loss                 0.6713
2025-04-28 09:08:11,301 simple_logger.py log_once [line:28] INFO std_val_loss                  0.0677
2025-04-28 09:08:11,301 fedbase.py run [line:323] INFO expense           2739765750.0
2025-04-28 09:08:11,301 fedbase.py run [line:324] INFO Eval Time Cost:               3.0765s
2025-04-28 09:08:11,301 asyncbase.py iterate [line:68] INFO Select clients [0, 1, 2, 3, 4, 5, 6, 7, 8, 9, 10, 11, 12, 13, 14, 15, 16, 17, 18, 19] at time 530.
2025-04-28 09:10:03,147 asyncbase.py iterate [line:73] INFO Receive new models from clients [11, 1, 15, 3, 9, 4, 19, 17, 6, 14, 7, 18, 12, 16, 8, 2, 10, 5, 0, 13] at time 531
2025-04-28 09:10:03,619 fedbase.py run [line:318] INFO --------------Round 213--------------
2025-04-28 09:10:03,620 simple_logger.py log_once [line:14] INFO Current_time:531
2025-04-28 09:10:06,763 simple_logger.py log_once [line:28] INFO test_accuracy                 0.7669
2025-04-28 09:10:06,763 simple_logger.py log_once [line:28] INFO test_loss                     0.6521
2025-04-28 09:10:06,763 simple_logger.py log_once [line:28] INFO val_accuracy                  0.7648
2025-04-28 09:10:06,763 simple_logger.py log_once [line:28] INFO mean_val_accuracy             0.7648
2025-04-28 09:10:06,763 simple_logger.py log_once [line:28] INFO std_val_accuracy              0.0290
2025-04-28 09:10:06,763 simple_logger.py log_once [line:28] INFO val_loss                      0.6745
2025-04-28 09:10:06,763 simple_logger.py log_once [line:28] INFO mean_val_loss                 0.6745
2025-04-28 09:10:06,763 simple_logger.py log_once [line:28] INFO std_val_loss                  0.0704
2025-04-28 09:10:06,764 fedbase.py run [line:323] INFO expense           2744196950.0
2025-04-28 09:10:06,764 fedbase.py run [line:324] INFO Eval Time Cost:               3.1440s
2025-04-28 09:10:06,764 asyncbase.py iterate [line:68] INFO Select clients [0, 1, 2, 3, 4, 5, 6, 7, 8, 9, 10, 11, 12, 13, 14, 15, 16, 17, 18, 19] at time 532.
2025-04-28 09:11:59,511 asyncbase.py iterate [line:73] INFO Receive new models from clients [0, 6, 12, 3, 14, 4, 16, 8, 19, 17, 2, 5, 13, 18, 11, 7, 9, 15, 10, 1] at time 533
2025-04-28 09:11:59,981 fedbase.py run [line:318] INFO --------------Round 214--------------
2025-04-28 09:11:59,982 simple_logger.py log_once [line:14] INFO Current_time:533
2025-04-28 09:12:03,013 simple_logger.py log_once [line:28] INFO test_accuracy                 0.7643
2025-04-28 09:12:03,013 simple_logger.py log_once [line:28] INFO test_loss                     0.6649
2025-04-28 09:12:03,013 simple_logger.py log_once [line:28] INFO val_accuracy                  0.7596
2025-04-28 09:12:03,013 simple_logger.py log_once [line:28] INFO mean_val_accuracy             0.7596
2025-04-28 09:12:03,013 simple_logger.py log_once [line:28] INFO std_val_accuracy              0.0272
2025-04-28 09:12:03,013 simple_logger.py log_once [line:28] INFO val_loss                      0.6866
2025-04-28 09:12:03,013 simple_logger.py log_once [line:28] INFO mean_val_loss                 0.6866
2025-04-28 09:12:03,013 simple_logger.py log_once [line:28] INFO std_val_loss                  0.0687
2025-04-28 09:12:03,013 fedbase.py run [line:323] INFO expense           2748628150.0
2025-04-28 09:12:03,013 fedbase.py run [line:324] INFO Eval Time Cost:               3.0312s
2025-04-28 09:12:03,013 asyncbase.py iterate [line:68] INFO Select clients [0, 1, 2, 3, 4, 5, 6, 7, 8, 9, 10, 11, 12, 13, 14, 15, 16, 17, 18, 19] at time 534.
2025-04-28 09:13:56,150 asyncbase.py iterate [line:73] INFO Receive new models from clients [18, 1, 17, 15, 11, 9, 8, 5, 13, 6, 16, 0, 3, 10, 7, 2, 4, 19, 12, 14] at time 535
2025-04-28 09:13:56,659 fedbase.py run [line:318] INFO --------------Round 215--------------
2025-04-28 09:13:56,660 simple_logger.py log_once [line:14] INFO Current_time:535
2025-04-28 09:13:59,707 simple_logger.py log_once [line:28] INFO test_accuracy                 0.7647
2025-04-28 09:13:59,707 simple_logger.py log_once [line:28] INFO test_loss                     0.6577
2025-04-28 09:13:59,707 simple_logger.py log_once [line:28] INFO val_accuracy                  0.7650
2025-04-28 09:13:59,707 simple_logger.py log_once [line:28] INFO mean_val_accuracy             0.7650
2025-04-28 09:13:59,707 simple_logger.py log_once [line:28] INFO std_val_accuracy              0.0291
2025-04-28 09:13:59,707 simple_logger.py log_once [line:28] INFO val_loss                      0.6782
2025-04-28 09:13:59,707 simple_logger.py log_once [line:28] INFO mean_val_loss                 0.6782
2025-04-28 09:13:59,707 simple_logger.py log_once [line:28] INFO std_val_loss                  0.0681
2025-04-28 09:13:59,707 fedbase.py run [line:323] INFO expense           2753059350.0
2025-04-28 09:13:59,707 fedbase.py run [line:324] INFO Eval Time Cost:               3.0474s
2025-04-28 09:13:59,707 asyncbase.py iterate [line:68] INFO Select clients [0, 1, 2, 3, 4, 5, 6, 7, 8, 9, 10, 11, 12, 13, 14, 15, 16, 17, 18, 19] at time 536.
2025-04-28 09:15:52,335 asyncbase.py iterate [line:73] INFO Receive new models from clients [15, 3, 12, 17, 7, 6, 18, 16, 19, 13, 2, 11, 5, 8, 1, 14, 9, 10, 4, 0] at time 537
2025-04-28 09:15:52,805 fedbase.py run [line:318] INFO --------------Round 216--------------
2025-04-28 09:15:52,805 simple_logger.py log_once [line:14] INFO Current_time:537
2025-04-28 09:15:55,874 simple_logger.py log_once [line:28] INFO test_accuracy                 0.7638
2025-04-28 09:15:55,874 simple_logger.py log_once [line:28] INFO test_loss                     0.6645
2025-04-28 09:15:55,874 simple_logger.py log_once [line:28] INFO val_accuracy                  0.7622
2025-04-28 09:15:55,874 simple_logger.py log_once [line:28] INFO mean_val_accuracy             0.7622
2025-04-28 09:15:55,874 simple_logger.py log_once [line:28] INFO std_val_accuracy              0.0268
2025-04-28 09:15:55,874 simple_logger.py log_once [line:28] INFO val_loss                      0.6867
2025-04-28 09:15:55,874 simple_logger.py log_once [line:28] INFO mean_val_loss                 0.6867
2025-04-28 09:15:55,874 simple_logger.py log_once [line:28] INFO std_val_loss                  0.0700
2025-04-28 09:15:55,874 fedbase.py run [line:323] INFO expense           2757490550.0
2025-04-28 09:15:55,874 fedbase.py run [line:324] INFO Eval Time Cost:               3.0691s
2025-04-28 09:15:55,874 asyncbase.py iterate [line:68] INFO Select clients [0, 1, 2, 3, 4, 5, 6, 7, 8, 9, 10, 11, 12, 13, 14, 15, 16, 17, 18, 19] at time 538.
2025-04-28 09:17:51,686 asyncbase.py iterate [line:73] INFO Receive new models from clients [5, 2, 3, 15, 0, 14, 13, 19, 9, 17, 1, 4, 8, 6, 16, 10, 11, 18, 7, 12] at time 539
2025-04-28 09:17:52,174 fedbase.py run [line:318] INFO --------------Round 217--------------
2025-04-28 09:17:52,175 simple_logger.py log_once [line:14] INFO Current_time:539
2025-04-28 09:17:55,384 simple_logger.py log_once [line:28] INFO test_accuracy                 0.7701
2025-04-28 09:17:55,384 simple_logger.py log_once [line:28] INFO test_loss                     0.6428
2025-04-28 09:17:55,385 simple_logger.py log_once [line:28] INFO val_accuracy                  0.7690
2025-04-28 09:17:55,385 simple_logger.py log_once [line:28] INFO mean_val_accuracy             0.7690
2025-04-28 09:17:55,385 simple_logger.py log_once [line:28] INFO std_val_accuracy              0.0306
2025-04-28 09:17:55,385 simple_logger.py log_once [line:28] INFO val_loss                      0.6641
2025-04-28 09:17:55,385 simple_logger.py log_once [line:28] INFO mean_val_loss                 0.6641
2025-04-28 09:17:55,385 simple_logger.py log_once [line:28] INFO std_val_loss                  0.0687
2025-04-28 09:17:55,385 fedbase.py run [line:323] INFO expense           2761921750.0
2025-04-28 09:17:55,385 fedbase.py run [line:324] INFO Eval Time Cost:               3.2101s
2025-04-28 09:17:55,385 asyncbase.py iterate [line:68] INFO Select clients [0, 1, 2, 3, 4, 5, 6, 7, 8, 9, 10, 11, 12, 13, 14, 15, 16, 17, 18, 19] at time 540.
2025-04-28 09:19:50,991 asyncbase.py iterate [line:73] INFO Receive new models from clients [2, 14, 12, 0, 16, 10, 15, 8, 18, 13, 3, 9, 19, 6, 17, 7, 11, 4, 1, 5] at time 541
2025-04-28 09:19:51,465 fedbase.py run [line:318] INFO --------------Round 218--------------
2025-04-28 09:19:51,466 simple_logger.py log_once [line:14] INFO Current_time:541
2025-04-28 09:19:54,632 simple_logger.py log_once [line:28] INFO test_accuracy                 0.7641
2025-04-28 09:19:54,633 simple_logger.py log_once [line:28] INFO test_loss                     0.6594
2025-04-28 09:19:54,633 simple_logger.py log_once [line:28] INFO val_accuracy                  0.7638
2025-04-28 09:19:54,633 simple_logger.py log_once [line:28] INFO mean_val_accuracy             0.7638
2025-04-28 09:19:54,633 simple_logger.py log_once [line:28] INFO std_val_accuracy              0.0277
2025-04-28 09:19:54,633 simple_logger.py log_once [line:28] INFO val_loss                      0.6817
2025-04-28 09:19:54,633 simple_logger.py log_once [line:28] INFO mean_val_loss                 0.6817
2025-04-28 09:19:54,633 simple_logger.py log_once [line:28] INFO std_val_loss                  0.0686
2025-04-28 09:19:54,633 fedbase.py run [line:323] INFO expense           2766352950.0
2025-04-28 09:19:54,633 fedbase.py run [line:324] INFO Eval Time Cost:               3.1671s
2025-04-28 09:19:54,633 asyncbase.py iterate [line:68] INFO Select clients [0, 1, 2, 3, 4, 5, 6, 7, 8, 9, 10, 11, 12, 13, 14, 15, 16, 17, 18, 19] at time 542.
2025-04-28 09:21:48,228 asyncbase.py iterate [line:73] INFO Receive new models from clients [12, 13, 17, 5, 6, 4, 2, 18, 1, 7, 19, 11, 9, 3, 8, 10, 14, 0, 16, 15] at time 543
2025-04-28 09:21:48,674 fedbase.py run [line:318] INFO --------------Round 219--------------
2025-04-28 09:21:48,675 simple_logger.py log_once [line:14] INFO Current_time:543
2025-04-28 09:21:51,809 simple_logger.py log_once [line:28] INFO test_accuracy                 0.7621
2025-04-28 09:21:51,809 simple_logger.py log_once [line:28] INFO test_loss                     0.6633
2025-04-28 09:21:51,809 simple_logger.py log_once [line:28] INFO val_accuracy                  0.7610
2025-04-28 09:21:51,809 simple_logger.py log_once [line:28] INFO mean_val_accuracy             0.7610
2025-04-28 09:21:51,809 simple_logger.py log_once [line:28] INFO std_val_accuracy              0.0307
2025-04-28 09:21:51,809 simple_logger.py log_once [line:28] INFO val_loss                      0.6813
2025-04-28 09:21:51,809 simple_logger.py log_once [line:28] INFO mean_val_loss                 0.6813
2025-04-28 09:21:51,809 simple_logger.py log_once [line:28] INFO std_val_loss                  0.0704
2025-04-28 09:21:51,809 fedbase.py run [line:323] INFO expense           2770784150.0
2025-04-28 09:21:51,809 fedbase.py run [line:324] INFO Eval Time Cost:               3.1348s
2025-04-28 09:21:51,810 asyncbase.py iterate [line:68] INFO Select clients [0, 1, 2, 3, 4, 5, 6, 7, 8, 9, 10, 11, 12, 13, 14, 15, 16, 17, 18, 19] at time 544.
2025-04-28 09:23:46,242 asyncbase.py iterate [line:73] INFO Receive new models from clients [19, 17, 14, 13, 18, 11, 12, 3, 4, 10, 8, 9, 2, 0, 1, 7, 16, 5, 15, 6] at time 545
2025-04-28 09:23:46,714 fedbase.py run [line:318] INFO --------------Round 220--------------
2025-04-28 09:23:46,715 simple_logger.py log_once [line:14] INFO Current_time:545
2025-04-28 09:23:49,828 simple_logger.py log_once [line:28] INFO test_accuracy                 0.7679
2025-04-28 09:23:49,828 simple_logger.py log_once [line:28] INFO test_loss                     0.6568
2025-04-28 09:23:49,828 simple_logger.py log_once [line:28] INFO val_accuracy                  0.7632
2025-04-28 09:23:49,828 simple_logger.py log_once [line:28] INFO mean_val_accuracy             0.7632
2025-04-28 09:23:49,829 simple_logger.py log_once [line:28] INFO std_val_accuracy              0.0280
2025-04-28 09:23:49,829 simple_logger.py log_once [line:28] INFO val_loss                      0.6790
2025-04-28 09:23:49,829 simple_logger.py log_once [line:28] INFO mean_val_loss                 0.6790
2025-04-28 09:23:49,829 simple_logger.py log_once [line:28] INFO std_val_loss                  0.0699
2025-04-28 09:23:49,829 fedbase.py run [line:323] INFO expense           2775215350.0
2025-04-28 09:23:49,829 fedbase.py run [line:324] INFO Eval Time Cost:               3.1140s
2025-04-28 09:23:49,829 asyncbase.py iterate [line:68] INFO Select clients [0, 1, 2, 3, 4, 5, 6, 7, 8, 9, 10, 11, 12, 13, 14, 15, 16, 17, 18, 19] at time 546.
2025-04-28 09:24:25,082 asyncbase.py iterate [line:73] INFO Receive new models from clients [15, 10, 3, 18, 4, 0, 5, 7, 14, 2, 12, 17, 13, 19, 16, 1, 8, 6, 11, 9] at time 547
2025-04-28 09:24:30,671 fedbase.py run [line:318] INFO --------------Round 221--------------
2025-04-28 09:24:30,672 simple_logger.py log_once [line:14] INFO Current_time:547
2025-04-28 09:24:33,791 simple_logger.py log_once [line:28] INFO test_accuracy                 0.7775
2025-04-28 09:24:33,791 simple_logger.py log_once [line:28] INFO test_loss                     0.6248
2025-04-28 09:24:33,791 simple_logger.py log_once [line:28] INFO val_accuracy                  0.7762
2025-04-28 09:24:33,791 simple_logger.py log_once [line:28] INFO mean_val_accuracy             0.7762
2025-04-28 09:24:33,791 simple_logger.py log_once [line:28] INFO std_val_accuracy              0.0310
2025-04-28 09:24:33,791 simple_logger.py log_once [line:28] INFO val_loss                      0.6478
2025-04-28 09:24:33,791 simple_logger.py log_once [line:28] INFO mean_val_loss                 0.6478
2025-04-28 09:24:33,791 simple_logger.py log_once [line:28] INFO std_val_loss                  0.0673
2025-04-28 09:24:33,791 fedbase.py run [line:323] INFO expense           2831085160.0
2025-04-28 09:24:33,791 fedbase.py run [line:324] INFO Eval Time Cost:               3.1199s
2025-04-28 09:24:33,792 asyncbase.py iterate [line:68] INFO Select clients [0, 1, 2, 3, 4, 5, 6, 7, 8, 9, 10, 11, 12, 13, 14, 15, 16, 17, 18, 19] at time 548.
2025-04-28 09:26:27,266 asyncbase.py iterate [line:73] INFO Receive new models from clients [2, 19, 9, 8, 11, 15, 17, 6, 3, 10, 7, 13, 4, 5] at time 551
2025-04-28 09:26:27,267 asyncbase.py iterate [line:73] INFO Receive new models from clients [0, 12, 14, 1, 16, 18] at time 552
2025-04-28 09:26:27,774 fedbase.py run [line:318] INFO --------------Round 222--------------
2025-04-28 09:26:27,774 simple_logger.py log_once [line:14] INFO Current_time:552
2025-04-28 09:26:31,135 simple_logger.py log_once [line:28] INFO test_accuracy                 0.7783
2025-04-28 09:26:31,135 simple_logger.py log_once [line:28] INFO test_loss                     0.6266
2025-04-28 09:26:31,135 simple_logger.py log_once [line:28] INFO val_accuracy                  0.7754
2025-04-28 09:26:31,135 simple_logger.py log_once [line:28] INFO mean_val_accuracy             0.7754
2025-04-28 09:26:31,135 simple_logger.py log_once [line:28] INFO std_val_accuracy              0.0293
2025-04-28 09:26:31,135 simple_logger.py log_once [line:28] INFO val_loss                      0.6518
2025-04-28 09:26:31,135 simple_logger.py log_once [line:28] INFO mean_val_loss                 0.6518
2025-04-28 09:26:31,135 simple_logger.py log_once [line:28] INFO std_val_loss                  0.0656
2025-04-28 09:26:31,135 fedbase.py run [line:323] INFO expense           2835516360.0
2025-04-28 09:26:31,136 fedbase.py run [line:324] INFO Eval Time Cost:               3.3611s
2025-04-28 09:26:31,136 asyncbase.py iterate [line:68] INFO Select clients [0, 1, 2, 3, 4, 5, 6, 7, 8, 9, 10, 11, 12, 13, 14, 15, 16, 17, 18, 19] at time 553.
2025-04-28 09:28:24,915 asyncbase.py iterate [line:73] INFO Receive new models from clients [12, 14, 6, 19, 10, 13, 4, 17, 3, 1, 11, 5, 0, 2, 9, 7, 18, 16, 8, 15] at time 554
2025-04-28 09:28:25,380 fedbase.py run [line:318] INFO --------------Round 223--------------
2025-04-28 09:28:25,381 simple_logger.py log_once [line:14] INFO Current_time:554
2025-04-28 09:28:28,414 simple_logger.py log_once [line:28] INFO test_accuracy                 0.7707
2025-04-28 09:28:28,414 simple_logger.py log_once [line:28] INFO test_loss                     0.6396
2025-04-28 09:28:28,414 simple_logger.py log_once [line:28] INFO val_accuracy                  0.7724
2025-04-28 09:28:28,414 simple_logger.py log_once [line:28] INFO mean_val_accuracy             0.7724
2025-04-28 09:28:28,414 simple_logger.py log_once [line:28] INFO std_val_accuracy              0.0288
2025-04-28 09:28:28,414 simple_logger.py log_once [line:28] INFO val_loss                      0.6590
2025-04-28 09:28:28,414 simple_logger.py log_once [line:28] INFO mean_val_loss                 0.6590
2025-04-28 09:28:28,414 simple_logger.py log_once [line:28] INFO std_val_loss                  0.0677
2025-04-28 09:28:28,414 fedbase.py run [line:323] INFO expense           2839947560.0
2025-04-28 09:28:28,414 fedbase.py run [line:324] INFO Eval Time Cost:               3.0338s
2025-04-28 09:28:28,415 asyncbase.py iterate [line:68] INFO Select clients [0, 1, 2, 3, 4, 5, 6, 7, 8, 9, 10, 11, 12, 13, 14, 15, 16, 17, 18, 19] at time 555.
2025-04-28 09:30:20,870 asyncbase.py iterate [line:73] INFO Receive new models from clients [16, 2, 11, 5, 7, 10, 14, 8, 0, 9, 1, 17, 6, 12, 18, 3, 13, 15, 4, 19] at time 556
2025-04-28 09:30:21,450 fedbase.py run [line:318] INFO --------------Round 224--------------
2025-04-28 09:30:21,451 simple_logger.py log_once [line:14] INFO Current_time:556
2025-04-28 09:30:24,464 simple_logger.py log_once [line:28] INFO test_accuracy                 0.7791
2025-04-28 09:30:24,464 simple_logger.py log_once [line:28] INFO test_loss                     0.6261
2025-04-28 09:30:24,464 simple_logger.py log_once [line:28] INFO val_accuracy                  0.7750
2025-04-28 09:30:24,464 simple_logger.py log_once [line:28] INFO mean_val_accuracy             0.7750
2025-04-28 09:30:24,464 simple_logger.py log_once [line:28] INFO std_val_accuracy              0.0295
2025-04-28 09:30:24,464 simple_logger.py log_once [line:28] INFO val_loss                      0.6500
2025-04-28 09:30:24,464 simple_logger.py log_once [line:28] INFO mean_val_loss                 0.6500
2025-04-28 09:30:24,465 simple_logger.py log_once [line:28] INFO std_val_loss                  0.0642
2025-04-28 09:30:24,465 fedbase.py run [line:323] INFO expense           2844378760.0
2025-04-28 09:30:24,465 fedbase.py run [line:324] INFO Eval Time Cost:               3.0138s
2025-04-28 09:30:24,465 asyncbase.py iterate [line:68] INFO Select clients [0, 1, 2, 3, 4, 5, 6, 7, 8, 9, 10, 11, 12, 13, 14, 15, 16, 17, 18, 19] at time 557.
2025-04-28 09:32:18,699 asyncbase.py iterate [line:73] INFO Receive new models from clients [19, 17, 0, 1, 10, 8, 15, 2, 18, 11, 3, 13, 9, 5, 6, 12, 4, 16, 14, 7] at time 558
2025-04-28 09:32:19,213 fedbase.py run [line:318] INFO --------------Round 225--------------
2025-04-28 09:32:19,213 simple_logger.py log_once [line:14] INFO Current_time:558
2025-04-28 09:32:22,329 simple_logger.py log_once [line:28] INFO test_accuracy                 0.7724
2025-04-28 09:32:22,329 simple_logger.py log_once [line:28] INFO test_loss                     0.6348
2025-04-28 09:32:22,329 simple_logger.py log_once [line:28] INFO val_accuracy                  0.7720
2025-04-28 09:32:22,330 simple_logger.py log_once [line:28] INFO mean_val_accuracy             0.7720
2025-04-28 09:32:22,330 simple_logger.py log_once [line:28] INFO std_val_accuracy              0.0322
2025-04-28 09:32:22,330 simple_logger.py log_once [line:28] INFO val_loss                      0.6568
2025-04-28 09:32:22,330 simple_logger.py log_once [line:28] INFO mean_val_loss                 0.6568
2025-04-28 09:32:22,330 simple_logger.py log_once [line:28] INFO std_val_loss                  0.0684
2025-04-28 09:32:22,330 fedbase.py run [line:323] INFO expense           2848809960.0
2025-04-28 09:32:22,330 fedbase.py run [line:324] INFO Eval Time Cost:               3.1164s
2025-04-28 09:32:22,330 asyncbase.py iterate [line:68] INFO Select clients [0, 1, 2, 3, 4, 5, 6, 7, 8, 9, 10, 11, 12, 13, 14, 15, 16, 17, 18, 19] at time 559.
2025-04-28 09:34:13,748 asyncbase.py iterate [line:73] INFO Receive new models from clients [13, 18, 19, 17, 3, 10, 4, 9, 16, 6, 15, 5, 8, 14, 1, 7, 2, 0, 12, 11] at time 560
2025-04-28 09:34:14,237 fedbase.py run [line:318] INFO --------------Round 226--------------
2025-04-28 09:34:14,238 simple_logger.py log_once [line:14] INFO Current_time:560
2025-04-28 09:34:17,356 simple_logger.py log_once [line:28] INFO test_accuracy                 0.7726
2025-04-28 09:34:17,356 simple_logger.py log_once [line:28] INFO test_loss                     0.6356
2025-04-28 09:34:17,356 simple_logger.py log_once [line:28] INFO val_accuracy                  0.7734
2025-04-28 09:34:17,356 simple_logger.py log_once [line:28] INFO mean_val_accuracy             0.7734
2025-04-28 09:34:17,356 simple_logger.py log_once [line:28] INFO std_val_accuracy              0.0295
2025-04-28 09:34:17,356 simple_logger.py log_once [line:28] INFO val_loss                      0.6549
2025-04-28 09:34:17,356 simple_logger.py log_once [line:28] INFO mean_val_loss                 0.6549
2025-04-28 09:34:17,356 simple_logger.py log_once [line:28] INFO std_val_loss                  0.0670
2025-04-28 09:34:17,356 fedbase.py run [line:323] INFO expense           2853241160.0
2025-04-28 09:34:17,356 fedbase.py run [line:324] INFO Eval Time Cost:               3.1188s
2025-04-28 09:34:17,357 asyncbase.py iterate [line:68] INFO Select clients [0, 1, 2, 3, 4, 5, 6, 7, 8, 9, 10, 11, 12, 13, 14, 15, 16, 17, 18, 19] at time 561.
2025-04-28 09:36:07,783 asyncbase.py iterate [line:73] INFO Receive new models from clients [15, 10, 5, 1, 16, 7, 19, 13, 6, 11, 9, 12, 17, 2, 0, 18, 8, 3, 4, 14] at time 562
2025-04-28 09:36:08,239 fedbase.py run [line:318] INFO --------------Round 227--------------
2025-04-28 09:36:08,240 simple_logger.py log_once [line:14] INFO Current_time:562
2025-04-28 09:36:11,339 simple_logger.py log_once [line:28] INFO test_accuracy                 0.7745
2025-04-28 09:36:11,339 simple_logger.py log_once [line:28] INFO test_loss                     0.6318
2025-04-28 09:36:11,339 simple_logger.py log_once [line:28] INFO val_accuracy                  0.7730
2025-04-28 09:36:11,339 simple_logger.py log_once [line:28] INFO mean_val_accuracy             0.7730
2025-04-28 09:36:11,339 simple_logger.py log_once [line:28] INFO std_val_accuracy              0.0310
2025-04-28 09:36:11,339 simple_logger.py log_once [line:28] INFO val_loss                      0.6561
2025-04-28 09:36:11,339 simple_logger.py log_once [line:28] INFO mean_val_loss                 0.6561
2025-04-28 09:36:11,339 simple_logger.py log_once [line:28] INFO std_val_loss                  0.0645
2025-04-28 09:36:11,339 fedbase.py run [line:323] INFO expense           2857672360.0
2025-04-28 09:36:11,339 fedbase.py run [line:324] INFO Eval Time Cost:               3.0995s
2025-04-28 09:36:11,339 asyncbase.py iterate [line:68] INFO Select clients [0, 1, 2, 3, 4, 5, 6, 7, 8, 9, 10, 11, 12, 13, 14, 15, 16, 17, 18, 19] at time 563.
2025-04-28 09:38:02,847 asyncbase.py iterate [line:73] INFO Receive new models from clients [11, 4, 19, 13, 7, 1, 15, 9, 10, 17, 0, 5, 18, 6, 16, 14, 12, 3, 2, 8] at time 564
2025-04-28 09:38:03,324 fedbase.py run [line:318] INFO --------------Round 228--------------
2025-04-28 09:38:03,325 simple_logger.py log_once [line:14] INFO Current_time:564
2025-04-28 09:38:06,427 simple_logger.py log_once [line:28] INFO test_accuracy                 0.7786
2025-04-28 09:38:06,428 simple_logger.py log_once [line:28] INFO test_loss                     0.6259
2025-04-28 09:38:06,428 simple_logger.py log_once [line:28] INFO val_accuracy                  0.7774
2025-04-28 09:38:06,428 simple_logger.py log_once [line:28] INFO mean_val_accuracy             0.7774
2025-04-28 09:38:06,428 simple_logger.py log_once [line:28] INFO std_val_accuracy              0.0331
2025-04-28 09:38:06,428 simple_logger.py log_once [line:28] INFO val_loss                      0.6485
2025-04-28 09:38:06,428 simple_logger.py log_once [line:28] INFO mean_val_loss                 0.6485
2025-04-28 09:38:06,428 simple_logger.py log_once [line:28] INFO std_val_loss                  0.0676
2025-04-28 09:38:06,428 fedbase.py run [line:323] INFO expense           2862103560.0
2025-04-28 09:38:06,428 fedbase.py run [line:324] INFO Eval Time Cost:               3.1034s
2025-04-28 09:38:06,428 asyncbase.py iterate [line:68] INFO Select clients [0, 1, 2, 3, 4, 5, 6, 7, 8, 9, 10, 11, 12, 13, 14, 15, 16, 17, 18, 19] at time 565.
2025-04-28 09:39:57,002 asyncbase.py iterate [line:73] INFO Receive new models from clients [1, 8, 14, 19, 4, 3, 10, 12, 2, 16, 9, 15, 5, 7, 18, 0, 17, 13, 6, 11] at time 566
2025-04-28 09:39:57,485 fedbase.py run [line:318] INFO --------------Round 229--------------
2025-04-28 09:39:57,486 simple_logger.py log_once [line:14] INFO Current_time:566
2025-04-28 09:40:00,580 simple_logger.py log_once [line:28] INFO test_accuracy                 0.7757
2025-04-28 09:40:00,580 simple_logger.py log_once [line:28] INFO test_loss                     0.6283
2025-04-28 09:40:00,580 simple_logger.py log_once [line:28] INFO val_accuracy                  0.7736
2025-04-28 09:40:00,580 simple_logger.py log_once [line:28] INFO mean_val_accuracy             0.7736
2025-04-28 09:40:00,580 simple_logger.py log_once [line:28] INFO std_val_accuracy              0.0345
2025-04-28 09:40:00,580 simple_logger.py log_once [line:28] INFO val_loss                      0.6505
2025-04-28 09:40:00,580 simple_logger.py log_once [line:28] INFO mean_val_loss                 0.6505
2025-04-28 09:40:00,580 simple_logger.py log_once [line:28] INFO std_val_loss                  0.0685
2025-04-28 09:40:00,580 fedbase.py run [line:323] INFO expense           2866534760.0
2025-04-28 09:40:00,580 fedbase.py run [line:324] INFO Eval Time Cost:               3.0941s
2025-04-28 09:40:00,580 asyncbase.py iterate [line:68] INFO Select clients [0, 1, 2, 3, 4, 5, 6, 7, 8, 9, 10, 11, 12, 13, 14, 15, 16, 17, 18, 19] at time 567.
2025-04-28 09:41:53,195 asyncbase.py iterate [line:73] INFO Receive new models from clients [6, 4, 15, 0, 18, 5, 16, 3, 2, 11, 19, 12, 7, 13, 14, 10, 8, 9, 17, 1] at time 568
2025-04-28 09:41:53,675 fedbase.py run [line:318] INFO --------------Round 230--------------
2025-04-28 09:41:53,676 simple_logger.py log_once [line:14] INFO Current_time:568
2025-04-28 09:41:56,756 simple_logger.py log_once [line:28] INFO test_accuracy                 0.7771
2025-04-28 09:41:56,756 simple_logger.py log_once [line:28] INFO test_loss                     0.6283
2025-04-28 09:41:56,756 simple_logger.py log_once [line:28] INFO val_accuracy                  0.7744
2025-04-28 09:41:56,756 simple_logger.py log_once [line:28] INFO mean_val_accuracy             0.7744
2025-04-28 09:41:56,757 simple_logger.py log_once [line:28] INFO std_val_accuracy              0.0274
2025-04-28 09:41:56,757 simple_logger.py log_once [line:28] INFO val_loss                      0.6512
2025-04-28 09:41:56,757 simple_logger.py log_once [line:28] INFO mean_val_loss                 0.6512
2025-04-28 09:41:56,757 simple_logger.py log_once [line:28] INFO std_val_loss                  0.0648
2025-04-28 09:41:56,757 fedbase.py run [line:323] INFO expense           2870965960.0
2025-04-28 09:41:56,757 fedbase.py run [line:324] INFO Eval Time Cost:               3.0808s
2025-04-28 09:41:56,757 asyncbase.py iterate [line:68] INFO Select clients [0, 1, 2, 3, 4, 5, 6, 7, 8, 9, 10, 11, 12, 13, 14, 15, 16, 17, 18, 19] at time 569.
2025-04-28 09:43:47,652 asyncbase.py iterate [line:73] INFO Receive new models from clients [9, 2, 8, 0, 6, 19, 5, 13, 15, 4, 7, 16, 12, 10, 14, 1, 18, 3, 11, 17] at time 570
2025-04-28 09:43:48,131 fedbase.py run [line:318] INFO --------------Round 231--------------
2025-04-28 09:43:48,132 simple_logger.py log_once [line:14] INFO Current_time:570
2025-04-28 09:43:51,209 simple_logger.py log_once [line:28] INFO test_accuracy                 0.7741
2025-04-28 09:43:51,209 simple_logger.py log_once [line:28] INFO test_loss                     0.6331
2025-04-28 09:43:51,209 simple_logger.py log_once [line:28] INFO val_accuracy                  0.7754
2025-04-28 09:43:51,209 simple_logger.py log_once [line:28] INFO mean_val_accuracy             0.7754
2025-04-28 09:43:51,209 simple_logger.py log_once [line:28] INFO std_val_accuracy              0.0309
2025-04-28 09:43:51,209 simple_logger.py log_once [line:28] INFO val_loss                      0.6545
2025-04-28 09:43:51,209 simple_logger.py log_once [line:28] INFO mean_val_loss                 0.6545
2025-04-28 09:43:51,209 simple_logger.py log_once [line:28] INFO std_val_loss                  0.0674
2025-04-28 09:43:51,210 fedbase.py run [line:323] INFO expense           2875397160.0
2025-04-28 09:43:51,210 fedbase.py run [line:324] INFO Eval Time Cost:               3.0778s
2025-04-28 09:43:51,210 asyncbase.py iterate [line:68] INFO Select clients [0, 1, 2, 3, 4, 5, 6, 7, 8, 9, 10, 11, 12, 13, 14, 15, 16, 17, 18, 19] at time 571.
2025-04-28 09:45:43,298 asyncbase.py iterate [line:73] INFO Receive new models from clients [7, 0, 5, 16, 11, 9, 2, 6, 15, 3, 17, 10, 14, 1, 19, 13, 12, 8, 4, 18] at time 572
2025-04-28 09:45:43,775 fedbase.py run [line:318] INFO --------------Round 232--------------
2025-04-28 09:45:43,776 simple_logger.py log_once [line:14] INFO Current_time:572
2025-04-28 09:45:46,859 simple_logger.py log_once [line:28] INFO test_accuracy                 0.7807
2025-04-28 09:45:46,860 simple_logger.py log_once [line:28] INFO test_loss                     0.6230
2025-04-28 09:45:46,860 simple_logger.py log_once [line:28] INFO val_accuracy                  0.7740
2025-04-28 09:45:46,860 simple_logger.py log_once [line:28] INFO mean_val_accuracy             0.7740
2025-04-28 09:45:46,860 simple_logger.py log_once [line:28] INFO std_val_accuracy              0.0294
2025-04-28 09:45:46,860 simple_logger.py log_once [line:28] INFO val_loss                      0.6453
2025-04-28 09:45:46,860 simple_logger.py log_once [line:28] INFO mean_val_loss                 0.6453
2025-04-28 09:45:46,860 simple_logger.py log_once [line:28] INFO std_val_loss                  0.0674
2025-04-28 09:45:46,860 fedbase.py run [line:323] INFO expense           2879828360.0
2025-04-28 09:45:46,860 fedbase.py run [line:324] INFO Eval Time Cost:               3.0840s
2025-04-28 09:45:46,860 asyncbase.py iterate [line:68] INFO Select clients [0, 1, 2, 3, 4, 5, 6, 7, 8, 9, 10, 11, 12, 13, 14, 15, 16, 17, 18, 19] at time 573.
2025-04-28 09:47:37,204 asyncbase.py iterate [line:73] INFO Receive new models from clients [9, 11, 4, 14, 17, 12, 8, 10, 15, 19, 3, 16, 5, 18, 1, 2, 0, 6, 7, 13] at time 574
2025-04-28 09:47:37,679 fedbase.py run [line:318] INFO --------------Round 233--------------
2025-04-28 09:47:37,680 simple_logger.py log_once [line:14] INFO Current_time:574
2025-04-28 09:47:40,744 simple_logger.py log_once [line:28] INFO test_accuracy                 0.7709
2025-04-28 09:47:40,744 simple_logger.py log_once [line:28] INFO test_loss                     0.6480
2025-04-28 09:47:40,744 simple_logger.py log_once [line:28] INFO val_accuracy                  0.7694
2025-04-28 09:47:40,744 simple_logger.py log_once [line:28] INFO mean_val_accuracy             0.7694
2025-04-28 09:47:40,744 simple_logger.py log_once [line:28] INFO std_val_accuracy              0.0290
2025-04-28 09:47:40,744 simple_logger.py log_once [line:28] INFO val_loss                      0.6666
2025-04-28 09:47:40,744 simple_logger.py log_once [line:28] INFO mean_val_loss                 0.6666
2025-04-28 09:47:40,744 simple_logger.py log_once [line:28] INFO std_val_loss                  0.0696
2025-04-28 09:47:40,744 fedbase.py run [line:323] INFO expense           2884259560.0
2025-04-28 09:47:40,744 fedbase.py run [line:324] INFO Eval Time Cost:               3.0647s
2025-04-28 09:47:40,744 asyncbase.py iterate [line:68] INFO Select clients [0, 1, 2, 3, 4, 5, 6, 7, 8, 9, 10, 11, 12, 13, 14, 15, 16, 17, 18, 19] at time 575.
2025-04-28 09:49:30,836 asyncbase.py iterate [line:73] INFO Receive new models from clients [16, 7, 15, 12, 6, 14, 1, 2, 0, 18, 9, 4, 10, 17, 19, 13, 8, 3, 5, 11] at time 576
2025-04-28 09:49:31,319 fedbase.py run [line:318] INFO --------------Round 234--------------
2025-04-28 09:49:31,319 simple_logger.py log_once [line:14] INFO Current_time:576
2025-04-28 09:49:34,426 simple_logger.py log_once [line:28] INFO test_accuracy                 0.7746
2025-04-28 09:49:34,426 simple_logger.py log_once [line:28] INFO test_loss                     0.6291
2025-04-28 09:49:34,426 simple_logger.py log_once [line:28] INFO val_accuracy                  0.7742
2025-04-28 09:49:34,426 simple_logger.py log_once [line:28] INFO mean_val_accuracy             0.7742
2025-04-28 09:49:34,426 simple_logger.py log_once [line:28] INFO std_val_accuracy              0.0309
2025-04-28 09:49:34,426 simple_logger.py log_once [line:28] INFO val_loss                      0.6540
2025-04-28 09:49:34,426 simple_logger.py log_once [line:28] INFO mean_val_loss                 0.6540
2025-04-28 09:49:34,427 simple_logger.py log_once [line:28] INFO std_val_loss                  0.0663
2025-04-28 09:49:34,427 fedbase.py run [line:323] INFO expense           2888690760.0
2025-04-28 09:49:34,427 fedbase.py run [line:324] INFO Eval Time Cost:               3.1073s
2025-04-28 09:49:34,427 asyncbase.py iterate [line:68] INFO Select clients [0, 1, 2, 3, 4, 5, 6, 7, 8, 9, 10, 11, 12, 13, 14, 15, 16, 17, 18, 19] at time 577.
2025-04-28 09:51:25,435 asyncbase.py iterate [line:73] INFO Receive new models from clients [19, 8, 2, 7, 5, 11, 4, 10, 13, 1, 9, 17, 0, 3, 18, 12, 15, 14, 16, 6] at time 578
2025-04-28 09:51:25,873 fedbase.py run [line:318] INFO --------------Round 235--------------
2025-04-28 09:51:25,873 simple_logger.py log_once [line:14] INFO Current_time:578
2025-04-28 09:51:29,000 simple_logger.py log_once [line:28] INFO test_accuracy                 0.7785
2025-04-28 09:51:29,000 simple_logger.py log_once [line:28] INFO test_loss                     0.6253
2025-04-28 09:51:29,000 simple_logger.py log_once [line:28] INFO val_accuracy                  0.7762
2025-04-28 09:51:29,000 simple_logger.py log_once [line:28] INFO mean_val_accuracy             0.7762
2025-04-28 09:51:29,000 simple_logger.py log_once [line:28] INFO std_val_accuracy              0.0321
2025-04-28 09:51:29,000 simple_logger.py log_once [line:28] INFO val_loss                      0.6454
2025-04-28 09:51:29,000 simple_logger.py log_once [line:28] INFO mean_val_loss                 0.6454
2025-04-28 09:51:29,000 simple_logger.py log_once [line:28] INFO std_val_loss                  0.0671
2025-04-28 09:51:29,000 fedbase.py run [line:323] INFO expense           2893121960.0
2025-04-28 09:51:29,001 fedbase.py run [line:324] INFO Eval Time Cost:               3.1271s
2025-04-28 09:51:29,001 asyncbase.py iterate [line:68] INFO Select clients [0, 1, 2, 3, 4, 5, 6, 7, 8, 9, 10, 11, 12, 13, 14, 15, 16, 17, 18, 19] at time 579.
2025-04-28 09:53:19,427 asyncbase.py iterate [line:73] INFO Receive new models from clients [13, 5, 11, 0, 18, 4, 8, 17, 2, 16, 15, 12, 10, 3, 1, 19, 14, 7, 6, 9] at time 580
2025-04-28 09:53:19,902 fedbase.py run [line:318] INFO --------------Round 236--------------
2025-04-28 09:53:19,902 simple_logger.py log_once [line:14] INFO Current_time:580
2025-04-28 09:53:23,088 simple_logger.py log_once [line:28] INFO test_accuracy                 0.7760
2025-04-28 09:53:23,088 simple_logger.py log_once [line:28] INFO test_loss                     0.6259
2025-04-28 09:53:23,088 simple_logger.py log_once [line:28] INFO val_accuracy                  0.7748
2025-04-28 09:53:23,088 simple_logger.py log_once [line:28] INFO mean_val_accuracy             0.7748
2025-04-28 09:53:23,088 simple_logger.py log_once [line:28] INFO std_val_accuracy              0.0339
2025-04-28 09:53:23,088 simple_logger.py log_once [line:28] INFO val_loss                      0.6491
2025-04-28 09:53:23,088 simple_logger.py log_once [line:28] INFO mean_val_loss                 0.6491
2025-04-28 09:53:23,088 simple_logger.py log_once [line:28] INFO std_val_loss                  0.0683
2025-04-28 09:53:23,088 fedbase.py run [line:323] INFO expense           2897553160.0
2025-04-28 09:53:23,089 fedbase.py run [line:324] INFO Eval Time Cost:               3.1863s
2025-04-28 09:53:23,089 asyncbase.py iterate [line:68] INFO Select clients [0, 1, 2, 3, 4, 5, 6, 7, 8, 9, 10, 11, 12, 13, 14, 15, 16, 17, 18, 19] at time 581.
2025-04-28 09:55:17,076 asyncbase.py iterate [line:73] INFO Receive new models from clients [18, 19, 10, 12, 8, 13, 9, 4, 6, 3, 17, 11, 5, 2, 1, 7, 16, 15, 0, 14] at time 582
2025-04-28 09:55:17,572 fedbase.py run [line:318] INFO --------------Round 237--------------
2025-04-28 09:55:17,573 simple_logger.py log_once [line:14] INFO Current_time:582
2025-04-28 09:55:20,677 simple_logger.py log_once [line:28] INFO test_accuracy                 0.7735
2025-04-28 09:55:20,677 simple_logger.py log_once [line:28] INFO test_loss                     0.6352
2025-04-28 09:55:20,678 simple_logger.py log_once [line:28] INFO val_accuracy                  0.7722
2025-04-28 09:55:20,678 simple_logger.py log_once [line:28] INFO mean_val_accuracy             0.7722
2025-04-28 09:55:20,678 simple_logger.py log_once [line:28] INFO std_val_accuracy              0.0351
2025-04-28 09:55:20,678 simple_logger.py log_once [line:28] INFO val_loss                      0.6558
2025-04-28 09:55:20,678 simple_logger.py log_once [line:28] INFO mean_val_loss                 0.6558
2025-04-28 09:55:20,678 simple_logger.py log_once [line:28] INFO std_val_loss                  0.0705
2025-04-28 09:55:20,678 fedbase.py run [line:323] INFO expense           2901984360.0
2025-04-28 09:55:20,678 fedbase.py run [line:324] INFO Eval Time Cost:               3.1050s
2025-04-28 09:55:20,678 asyncbase.py iterate [line:68] INFO Select clients [0, 1, 2, 3, 4, 5, 6, 7, 8, 9, 10, 11, 12, 13, 14, 15, 16, 17, 18, 19] at time 583.
2025-04-28 09:57:13,256 asyncbase.py iterate [line:73] INFO Receive new models from clients [16, 9, 2, 8, 0, 12, 10, 3, 14, 4, 7, 15, 5, 6, 1, 19, 17, 13, 11, 18] at time 584
2025-04-28 09:57:13,783 fedbase.py run [line:318] INFO --------------Round 238--------------
2025-04-28 09:57:13,784 simple_logger.py log_once [line:14] INFO Current_time:584
2025-04-28 09:57:16,911 simple_logger.py log_once [line:28] INFO test_accuracy                 0.7807
2025-04-28 09:57:16,911 simple_logger.py log_once [line:28] INFO test_loss                     0.6220
2025-04-28 09:57:16,911 simple_logger.py log_once [line:28] INFO val_accuracy                  0.7766
2025-04-28 09:57:16,911 simple_logger.py log_once [line:28] INFO mean_val_accuracy             0.7766
2025-04-28 09:57:16,911 simple_logger.py log_once [line:28] INFO std_val_accuracy              0.0329
2025-04-28 09:57:16,911 simple_logger.py log_once [line:28] INFO val_loss                      0.6464
2025-04-28 09:57:16,911 simple_logger.py log_once [line:28] INFO mean_val_loss                 0.6464
2025-04-28 09:57:16,911 simple_logger.py log_once [line:28] INFO std_val_loss                  0.0694
2025-04-28 09:57:16,911 fedbase.py run [line:323] INFO expense           2906415560.0
2025-04-28 09:57:16,911 fedbase.py run [line:324] INFO Eval Time Cost:               3.1280s
2025-04-28 09:57:16,912 asyncbase.py iterate [line:68] INFO Select clients [0, 1, 2, 3, 4, 5, 6, 7, 8, 9, 10, 11, 12, 13, 14, 15, 16, 17, 18, 19] at time 585.
2025-04-28 09:59:09,572 asyncbase.py iterate [line:73] INFO Receive new models from clients [11, 17, 9, 19, 4, 0, 16, 5, 12, 10, 2, 7, 8, 3, 14, 18, 15, 13, 1, 6] at time 586
2025-04-28 09:59:10,048 fedbase.py run [line:318] INFO --------------Round 239--------------
2025-04-28 09:59:10,049 simple_logger.py log_once [line:14] INFO Current_time:586
2025-04-28 09:59:13,177 simple_logger.py log_once [line:28] INFO test_accuracy                 0.7720
2025-04-28 09:59:13,177 simple_logger.py log_once [line:28] INFO test_loss                     0.6380
2025-04-28 09:59:13,178 simple_logger.py log_once [line:28] INFO val_accuracy                  0.7696
2025-04-28 09:59:13,178 simple_logger.py log_once [line:28] INFO mean_val_accuracy             0.7696
2025-04-28 09:59:13,178 simple_logger.py log_once [line:28] INFO std_val_accuracy              0.0329
2025-04-28 09:59:13,178 simple_logger.py log_once [line:28] INFO val_loss                      0.6590
2025-04-28 09:59:13,178 simple_logger.py log_once [line:28] INFO mean_val_loss                 0.6590
2025-04-28 09:59:13,178 simple_logger.py log_once [line:28] INFO std_val_loss                  0.0693
2025-04-28 09:59:13,178 fedbase.py run [line:323] INFO expense           2910846760.0
2025-04-28 09:59:13,178 fedbase.py run [line:324] INFO Eval Time Cost:               3.1290s
2025-04-28 09:59:13,178 asyncbase.py iterate [line:68] INFO Select clients [0, 1, 2, 3, 4, 5, 6, 7, 8, 9, 10, 11, 12, 13, 14, 15, 16, 17, 18, 19] at time 587.
2025-04-28 10:01:03,325 asyncbase.py iterate [line:73] INFO Receive new models from clients [18, 10, 6, 3, 1, 11, 0, 9, 2, 7, 12, 4, 14, 5, 8, 13, 19, 15, 16, 17] at time 588
2025-04-28 10:01:03,827 fedbase.py run [line:318] INFO --------------Round 240--------------
2025-04-28 10:01:03,828 simple_logger.py log_once [line:14] INFO Current_time:588
2025-04-28 10:01:07,055 simple_logger.py log_once [line:28] INFO test_accuracy                 0.7760
2025-04-28 10:01:07,055 simple_logger.py log_once [line:28] INFO test_loss                     0.6330
2025-04-28 10:01:07,055 simple_logger.py log_once [line:28] INFO val_accuracy                  0.7740
2025-04-28 10:01:07,055 simple_logger.py log_once [line:28] INFO mean_val_accuracy             0.7740
2025-04-28 10:01:07,055 simple_logger.py log_once [line:28] INFO std_val_accuracy              0.0322
2025-04-28 10:01:07,055 simple_logger.py log_once [line:28] INFO val_loss                      0.6529
2025-04-28 10:01:07,055 simple_logger.py log_once [line:28] INFO mean_val_loss                 0.6529
2025-04-28 10:01:07,055 simple_logger.py log_once [line:28] INFO std_val_loss                  0.0697
2025-04-28 10:01:07,055 fedbase.py run [line:323] INFO expense           2915277960.0
2025-04-28 10:01:07,055 fedbase.py run [line:324] INFO Eval Time Cost:               3.2275s
2025-04-28 10:01:07,055 asyncbase.py iterate [line:68] INFO Select clients [0, 1, 2, 3, 4, 5, 6, 7, 8, 9, 10, 11, 12, 13, 14, 15, 16, 17, 18, 19] at time 589.
2025-04-28 10:01:40,759 asyncbase.py iterate [line:73] INFO Receive new models from clients [12, 15, 4, 13, 5, 1, 9, 8, 0, 19, 2, 11, 18, 3, 7, 10, 6, 16, 14, 17] at time 590
2025-04-28 10:01:46,934 fedbase.py run [line:318] INFO --------------Round 241--------------
2025-04-28 10:01:46,935 simple_logger.py log_once [line:14] INFO Current_time:590
2025-04-28 10:01:50,033 simple_logger.py log_once [line:28] INFO test_accuracy                 0.7835
2025-04-28 10:01:50,033 simple_logger.py log_once [line:28] INFO test_loss                     0.6131
2025-04-28 10:01:50,033 simple_logger.py log_once [line:28] INFO val_accuracy                  0.7764
2025-04-28 10:01:50,033 simple_logger.py log_once [line:28] INFO mean_val_accuracy             0.7764
2025-04-28 10:01:50,033 simple_logger.py log_once [line:28] INFO std_val_accuracy              0.0286
2025-04-28 10:01:50,033 simple_logger.py log_once [line:28] INFO val_loss                      0.6406
2025-04-28 10:01:50,033 simple_logger.py log_once [line:28] INFO mean_val_loss                 0.6406
2025-04-28 10:01:50,034 simple_logger.py log_once [line:28] INFO std_val_loss                  0.0695
2025-04-28 10:01:50,034 fedbase.py run [line:323] INFO expense           2971147770.0
2025-04-28 10:01:50,034 fedbase.py run [line:324] INFO Eval Time Cost:               3.0986s
2025-04-28 10:01:50,034 asyncbase.py iterate [line:68] INFO Select clients [0, 1, 2, 3, 4, 5, 6, 7, 8, 9, 10, 11, 12, 13, 14, 15, 16, 17, 18, 19] at time 591.
2025-04-28 10:03:42,688 asyncbase.py iterate [line:73] INFO Receive new models from clients [10, 8, 16, 14, 17, 9, 7, 5, 13, 4, 0, 3, 19, 18, 12, 2, 15] at time 594
2025-04-28 10:03:42,689 asyncbase.py iterate [line:73] INFO Receive new models from clients [6, 1, 11] at time 595
2025-04-28 10:03:43,179 fedbase.py run [line:318] INFO --------------Round 242--------------
2025-04-28 10:03:43,180 simple_logger.py log_once [line:14] INFO Current_time:595
2025-04-28 10:03:46,294 simple_logger.py log_once [line:28] INFO test_accuracy                 0.7812
2025-04-28 10:03:46,295 simple_logger.py log_once [line:28] INFO test_loss                     0.6224
2025-04-28 10:03:46,295 simple_logger.py log_once [line:28] INFO val_accuracy                  0.7736
2025-04-28 10:03:46,295 simple_logger.py log_once [line:28] INFO mean_val_accuracy             0.7736
2025-04-28 10:03:46,295 simple_logger.py log_once [line:28] INFO std_val_accuracy              0.0299
2025-04-28 10:03:46,295 simple_logger.py log_once [line:28] INFO val_loss                      0.6507
2025-04-28 10:03:46,295 simple_logger.py log_once [line:28] INFO mean_val_loss                 0.6507
2025-04-28 10:03:46,295 simple_logger.py log_once [line:28] INFO std_val_loss                  0.0711
2025-04-28 10:03:46,295 fedbase.py run [line:323] INFO expense           2975578970.0
2025-04-28 10:03:46,295 fedbase.py run [line:324] INFO Eval Time Cost:               3.1151s
2025-04-28 10:03:46,295 asyncbase.py iterate [line:68] INFO Select clients [0, 1, 2, 3, 4, 5, 6, 7, 8, 9, 10, 11, 12, 13, 14, 15, 16, 17, 18, 19] at time 596.
2025-04-28 10:05:37,936 asyncbase.py iterate [line:73] INFO Receive new models from clients [2, 11, 6, 3, 13, 5, 0, 12, 14, 18, 16, 8, 9, 19, 7, 10, 17, 4, 1, 15] at time 597
2025-04-28 10:05:38,427 fedbase.py run [line:318] INFO --------------Round 243--------------
2025-04-28 10:05:38,427 simple_logger.py log_once [line:14] INFO Current_time:597
2025-04-28 10:05:41,500 simple_logger.py log_once [line:28] INFO test_accuracy                 0.7845
2025-04-28 10:05:41,500 simple_logger.py log_once [line:28] INFO test_loss                     0.6181
2025-04-28 10:05:41,500 simple_logger.py log_once [line:28] INFO val_accuracy                  0.7762
2025-04-28 10:05:41,500 simple_logger.py log_once [line:28] INFO mean_val_accuracy             0.7762
2025-04-28 10:05:41,500 simple_logger.py log_once [line:28] INFO std_val_accuracy              0.0283
2025-04-28 10:05:41,500 simple_logger.py log_once [line:28] INFO val_loss                      0.6467
2025-04-28 10:05:41,500 simple_logger.py log_once [line:28] INFO mean_val_loss                 0.6467
2025-04-28 10:05:41,500 simple_logger.py log_once [line:28] INFO std_val_loss                  0.0706
2025-04-28 10:05:41,501 fedbase.py run [line:323] INFO expense           2980010170.0
2025-04-28 10:05:41,501 fedbase.py run [line:324] INFO Eval Time Cost:               3.0731s
2025-04-28 10:05:41,501 asyncbase.py iterate [line:68] INFO Select clients [0, 1, 2, 3, 4, 5, 6, 7, 8, 9, 10, 11, 12, 13, 14, 15, 16, 17, 18, 19] at time 598.
2025-04-28 10:07:33,955 asyncbase.py iterate [line:73] INFO Receive new models from clients [13, 18, 4, 16, 0, 7, 8, 10, 11, 19, 1, 14, 9, 2, 17, 15, 3, 6, 5, 12] at time 599
2025-04-28 10:07:34,402 fedbase.py run [line:318] INFO --------------Round 244--------------
2025-04-28 10:07:34,403 simple_logger.py log_once [line:14] INFO Current_time:599
2025-04-28 10:07:37,462 simple_logger.py log_once [line:28] INFO test_accuracy                 0.7798
2025-04-28 10:07:37,462 simple_logger.py log_once [line:28] INFO test_loss                     0.6230
2025-04-28 10:07:37,462 simple_logger.py log_once [line:28] INFO val_accuracy                  0.7726
2025-04-28 10:07:37,462 simple_logger.py log_once [line:28] INFO mean_val_accuracy             0.7726
2025-04-28 10:07:37,462 simple_logger.py log_once [line:28] INFO std_val_accuracy              0.0307
2025-04-28 10:07:37,463 simple_logger.py log_once [line:28] INFO val_loss                      0.6507
2025-04-28 10:07:37,463 simple_logger.py log_once [line:28] INFO mean_val_loss                 0.6507
2025-04-28 10:07:37,463 simple_logger.py log_once [line:28] INFO std_val_loss                  0.0708
2025-04-28 10:07:37,463 fedbase.py run [line:323] INFO expense           2984441370.0
2025-04-28 10:07:37,463 fedbase.py run [line:324] INFO Eval Time Cost:               3.0602s
2025-04-28 10:07:37,463 asyncbase.py iterate [line:68] INFO Select clients [0, 1, 2, 3, 4, 5, 6, 7, 8, 9, 10, 11, 12, 13, 14, 15, 16, 17, 18, 19] at time 600.
2025-04-28 10:09:28,495 asyncbase.py iterate [line:73] INFO Receive new models from clients [17, 19, 11, 6, 15, 10, 2, 14, 12, 9, 13, 1, 3, 8, 0, 16, 7, 18, 5, 4] at time 601
2025-04-28 10:09:28,986 fedbase.py run [line:318] INFO --------------Round 245--------------
2025-04-28 10:09:28,987 simple_logger.py log_once [line:14] INFO Current_time:601
2025-04-28 10:09:32,083 simple_logger.py log_once [line:28] INFO test_accuracy                 0.7781
2025-04-28 10:09:32,083 simple_logger.py log_once [line:28] INFO test_loss                     0.6288
2025-04-28 10:09:32,083 simple_logger.py log_once [line:28] INFO val_accuracy                  0.7696
2025-04-28 10:09:32,083 simple_logger.py log_once [line:28] INFO mean_val_accuracy             0.7696
2025-04-28 10:09:32,083 simple_logger.py log_once [line:28] INFO std_val_accuracy              0.0257
2025-04-28 10:09:32,083 simple_logger.py log_once [line:28] INFO val_loss                      0.6601
2025-04-28 10:09:32,083 simple_logger.py log_once [line:28] INFO mean_val_loss                 0.6601
2025-04-28 10:09:32,083 simple_logger.py log_once [line:28] INFO std_val_loss                  0.0698
2025-04-28 10:09:32,083 fedbase.py run [line:323] INFO expense           2988872570.0
2025-04-28 10:09:32,083 fedbase.py run [line:324] INFO Eval Time Cost:               3.0968s
2025-04-28 10:09:32,084 asyncbase.py iterate [line:68] INFO Select clients [0, 1, 2, 3, 4, 5, 6, 7, 8, 9, 10, 11, 12, 13, 14, 15, 16, 17, 18, 19] at time 602.
2025-04-28 10:11:24,350 asyncbase.py iterate [line:73] INFO Receive new models from clients [10, 18, 16, 12, 2, 14, 13, 4, 8, 1, 19, 11, 0, 9, 5, 17, 6, 3, 7, 15] at time 603
2025-04-28 10:11:24,849 fedbase.py run [line:318] INFO --------------Round 246--------------
2025-04-28 10:11:24,849 simple_logger.py log_once [line:14] INFO Current_time:603
2025-04-28 10:11:28,000 simple_logger.py log_once [line:28] INFO test_accuracy                 0.7769
2025-04-28 10:11:28,000 simple_logger.py log_once [line:28] INFO test_loss                     0.6411
2025-04-28 10:11:28,000 simple_logger.py log_once [line:28] INFO val_accuracy                  0.7714
2025-04-28 10:11:28,000 simple_logger.py log_once [line:28] INFO mean_val_accuracy             0.7714
2025-04-28 10:11:28,000 simple_logger.py log_once [line:28] INFO std_val_accuracy              0.0316
2025-04-28 10:11:28,000 simple_logger.py log_once [line:28] INFO val_loss                      0.6716
2025-04-28 10:11:28,000 simple_logger.py log_once [line:28] INFO mean_val_loss                 0.6716
2025-04-28 10:11:28,000 simple_logger.py log_once [line:28] INFO std_val_loss                  0.0744
2025-04-28 10:11:28,000 fedbase.py run [line:323] INFO expense           2993303770.0
2025-04-28 10:11:28,000 fedbase.py run [line:324] INFO Eval Time Cost:               3.1511s
2025-04-28 10:11:28,000 asyncbase.py iterate [line:68] INFO Select clients [0, 1, 2, 3, 4, 5, 6, 7, 8, 9, 10, 11, 12, 13, 14, 15, 16, 17, 18, 19] at time 604.
2025-04-28 10:13:18,419 asyncbase.py iterate [line:73] INFO Receive new models from clients [12, 19, 15, 1, 18, 3, 2, 8, 13, 5, 17, 7, 9, 16, 14, 4, 0, 6, 10, 11] at time 605
2025-04-28 10:13:18,932 fedbase.py run [line:318] INFO --------------Round 247--------------
2025-04-28 10:13:18,932 simple_logger.py log_once [line:14] INFO Current_time:605
2025-04-28 10:13:22,026 simple_logger.py log_once [line:28] INFO test_accuracy                 0.7834
2025-04-28 10:13:22,026 simple_logger.py log_once [line:28] INFO test_loss                     0.6168
2025-04-28 10:13:22,026 simple_logger.py log_once [line:28] INFO val_accuracy                  0.7752
2025-04-28 10:13:22,026 simple_logger.py log_once [line:28] INFO mean_val_accuracy             0.7752
2025-04-28 10:13:22,026 simple_logger.py log_once [line:28] INFO std_val_accuracy              0.0303
2025-04-28 10:13:22,027 simple_logger.py log_once [line:28] INFO val_loss                      0.6456
2025-04-28 10:13:22,027 simple_logger.py log_once [line:28] INFO mean_val_loss                 0.6456
2025-04-28 10:13:22,027 simple_logger.py log_once [line:28] INFO std_val_loss                  0.0692
2025-04-28 10:13:22,027 fedbase.py run [line:323] INFO expense           2997734970.0
2025-04-28 10:13:22,027 fedbase.py run [line:324] INFO Eval Time Cost:               3.0946s
2025-04-28 10:13:22,027 asyncbase.py iterate [line:68] INFO Select clients [0, 1, 2, 3, 4, 5, 6, 7, 8, 9, 10, 11, 12, 13, 14, 15, 16, 17, 18, 19] at time 606.
2025-04-28 10:15:16,076 asyncbase.py iterate [line:73] INFO Receive new models from clients [10, 11, 1, 0, 2, 13, 9, 5, 4, 6, 17, 3, 16, 8, 12, 14, 19, 18, 15, 7] at time 607
2025-04-28 10:15:16,553 fedbase.py run [line:318] INFO --------------Round 248--------------
2025-04-28 10:15:16,554 simple_logger.py log_once [line:14] INFO Current_time:607
2025-04-28 10:15:19,666 simple_logger.py log_once [line:28] INFO test_accuracy                 0.7794
2025-04-28 10:15:19,667 simple_logger.py log_once [line:28] INFO test_loss                     0.6237
2025-04-28 10:15:19,667 simple_logger.py log_once [line:28] INFO val_accuracy                  0.7742
2025-04-28 10:15:19,667 simple_logger.py log_once [line:28] INFO mean_val_accuracy             0.7742
2025-04-28 10:15:19,667 simple_logger.py log_once [line:28] INFO std_val_accuracy              0.0310
2025-04-28 10:15:19,667 simple_logger.py log_once [line:28] INFO val_loss                      0.6478
2025-04-28 10:15:19,667 simple_logger.py log_once [line:28] INFO mean_val_loss                 0.6478
2025-04-28 10:15:19,667 simple_logger.py log_once [line:28] INFO std_val_loss                  0.0731
2025-04-28 10:15:19,667 fedbase.py run [line:323] INFO expense           3002166170.0
2025-04-28 10:15:19,667 fedbase.py run [line:324] INFO Eval Time Cost:               3.1131s
2025-04-28 10:15:19,667 asyncbase.py iterate [line:68] INFO Select clients [0, 1, 2, 3, 4, 5, 6, 7, 8, 9, 10, 11, 12, 13, 14, 15, 16, 17, 18, 19] at time 608.
2025-04-28 10:17:40,915 asyncbase.py iterate [line:73] INFO Receive new models from clients [5, 10, 11, 12, 18, 0, 15, 17, 14, 9, 4, 8, 19, 1, 13, 2, 16, 6, 3, 7] at time 609
2025-04-28 10:17:41,519 fedbase.py run [line:318] INFO --------------Round 249--------------
2025-04-28 10:17:41,520 simple_logger.py log_once [line:14] INFO Current_time:609
2025-04-28 10:17:44,844 simple_logger.py log_once [line:28] INFO test_accuracy                 0.7801
2025-04-28 10:17:44,844 simple_logger.py log_once [line:28] INFO test_loss                     0.6256
2025-04-28 10:17:44,844 simple_logger.py log_once [line:28] INFO val_accuracy                  0.7738
2025-04-28 10:17:44,844 simple_logger.py log_once [line:28] INFO mean_val_accuracy             0.7738
2025-04-28 10:17:44,844 simple_logger.py log_once [line:28] INFO std_val_accuracy              0.0310
2025-04-28 10:17:44,844 simple_logger.py log_once [line:28] INFO val_loss                      0.6499
2025-04-28 10:17:44,844 simple_logger.py log_once [line:28] INFO mean_val_loss                 0.6499
2025-04-28 10:17:44,845 simple_logger.py log_once [line:28] INFO std_val_loss                  0.0717
2025-04-28 10:17:44,845 fedbase.py run [line:323] INFO expense           3006597370.0
2025-04-28 10:17:44,845 fedbase.py run [line:324] INFO Eval Time Cost:               3.3249s
2025-04-28 10:17:44,845 asyncbase.py iterate [line:68] INFO Select clients [0, 1, 2, 3, 4, 5, 6, 7, 8, 9, 10, 11, 12, 13, 14, 15, 16, 17, 18, 19] at time 610.
2025-04-28 10:20:09,161 asyncbase.py iterate [line:73] INFO Receive new models from clients [8, 1, 12, 11, 15, 4, 5, 0, 17, 16, 14, 18, 13, 6, 2, 3, 7, 10, 19, 9] at time 611
2025-04-28 10:20:09,826 fedbase.py run [line:318] INFO --------------Round 250--------------
2025-04-28 10:20:09,826 simple_logger.py log_once [line:14] INFO Current_time:611
2025-04-28 10:20:12,992 simple_logger.py log_once [line:28] INFO test_accuracy                 0.7816
2025-04-28 10:20:12,992 simple_logger.py log_once [line:28] INFO test_loss                     0.6197
2025-04-28 10:20:12,992 simple_logger.py log_once [line:28] INFO val_accuracy                  0.7750
2025-04-28 10:20:12,992 simple_logger.py log_once [line:28] INFO mean_val_accuracy             0.7750
2025-04-28 10:20:12,992 simple_logger.py log_once [line:28] INFO std_val_accuracy              0.0333
2025-04-28 10:20:12,992 simple_logger.py log_once [line:28] INFO val_loss                      0.6468
2025-04-28 10:20:12,993 simple_logger.py log_once [line:28] INFO mean_val_loss                 0.6468
2025-04-28 10:20:12,993 simple_logger.py log_once [line:28] INFO std_val_loss                  0.0710
2025-04-28 10:20:12,993 fedbase.py run [line:323] INFO expense           3011028570.0
2025-04-28 10:20:12,993 fedbase.py run [line:324] INFO Eval Time Cost:               3.1662s
2025-04-28 10:20:12,993 asyncbase.py iterate [line:68] INFO Select clients [0, 1, 2, 3, 4, 5, 6, 7, 8, 9, 10, 11, 12, 13, 14, 15, 16, 17, 18, 19] at time 612.
2025-04-28 10:22:35,818 asyncbase.py iterate [line:73] INFO Receive new models from clients [8, 19, 12, 1, 15, 11, 2, 13, 5, 3, 6, 18, 7, 10, 0, 4, 9, 16, 14, 17] at time 613
2025-04-28 10:22:36,398 fedbase.py run [line:318] INFO --------------Round 251--------------
2025-04-28 10:22:36,398 simple_logger.py log_once [line:14] INFO Current_time:613
2025-04-28 10:22:39,572 simple_logger.py log_once [line:28] INFO test_accuracy                 0.7814
2025-04-28 10:22:39,572 simple_logger.py log_once [line:28] INFO test_loss                     0.6322
2025-04-28 10:22:39,572 simple_logger.py log_once [line:28] INFO val_accuracy                  0.7718
2025-04-28 10:22:39,572 simple_logger.py log_once [line:28] INFO mean_val_accuracy             0.7718
2025-04-28 10:22:39,572 simple_logger.py log_once [line:28] INFO std_val_accuracy              0.0259
2025-04-28 10:22:39,572 simple_logger.py log_once [line:28] INFO val_loss                      0.6639
2025-04-28 10:22:39,573 simple_logger.py log_once [line:28] INFO mean_val_loss                 0.6639
2025-04-28 10:22:39,573 simple_logger.py log_once [line:28] INFO std_val_loss                  0.0701
2025-04-28 10:22:39,573 fedbase.py run [line:323] INFO expense           3015459770.0
2025-04-28 10:22:39,573 fedbase.py run [line:324] INFO Eval Time Cost:               3.1743s
2025-04-28 10:22:39,573 asyncbase.py iterate [line:68] INFO Select clients [0, 1, 2, 3, 4, 5, 6, 7, 8, 9, 10, 11, 12, 13, 14, 15, 16, 17, 18, 19] at time 614.
2025-04-28 10:25:02,343 asyncbase.py iterate [line:73] INFO Receive new models from clients [19, 2, 15, 9, 0, 4, 14, 6, 1, 7, 13, 16, 12, 3, 10, 17, 18, 11, 8, 5] at time 615
2025-04-28 10:25:03,074 fedbase.py run [line:318] INFO --------------Round 252--------------
2025-04-28 10:25:03,074 simple_logger.py log_once [line:14] INFO Current_time:615
2025-04-28 10:25:06,488 simple_logger.py log_once [line:28] INFO test_accuracy                 0.7814
2025-04-28 10:25:06,488 simple_logger.py log_once [line:28] INFO test_loss                     0.6235
2025-04-28 10:25:06,488 simple_logger.py log_once [line:28] INFO val_accuracy                  0.7778
2025-04-28 10:25:06,488 simple_logger.py log_once [line:28] INFO mean_val_accuracy             0.7778
2025-04-28 10:25:06,488 simple_logger.py log_once [line:28] INFO std_val_accuracy              0.0317
2025-04-28 10:25:06,488 simple_logger.py log_once [line:28] INFO val_loss                      0.6484
2025-04-28 10:25:06,488 simple_logger.py log_once [line:28] INFO mean_val_loss                 0.6484
2025-04-28 10:25:06,488 simple_logger.py log_once [line:28] INFO std_val_loss                  0.0738
2025-04-28 10:25:06,488 fedbase.py run [line:323] INFO expense           3019890970.0
2025-04-28 10:25:06,488 fedbase.py run [line:324] INFO Eval Time Cost:               3.4141s
2025-04-28 10:25:06,489 asyncbase.py iterate [line:68] INFO Select clients [0, 1, 2, 3, 4, 5, 6, 7, 8, 9, 10, 11, 12, 13, 14, 15, 16, 17, 18, 19] at time 616.
2025-04-28 10:27:31,349 asyncbase.py iterate [line:73] INFO Receive new models from clients [5, 16, 6, 15, 9, 2, 8, 12, 17, 19, 10, 13, 0, 7, 11, 1, 18, 4, 3, 14] at time 617
2025-04-28 10:27:31,805 fedbase.py run [line:318] INFO --------------Round 253--------------
2025-04-28 10:27:31,806 simple_logger.py log_once [line:14] INFO Current_time:617
2025-04-28 10:27:35,334 simple_logger.py log_once [line:28] INFO test_accuracy                 0.7817
2025-04-28 10:27:35,334 simple_logger.py log_once [line:28] INFO test_loss                     0.6254
2025-04-28 10:27:35,334 simple_logger.py log_once [line:28] INFO val_accuracy                  0.7770
2025-04-28 10:27:35,335 simple_logger.py log_once [line:28] INFO mean_val_accuracy             0.7770
2025-04-28 10:27:35,335 simple_logger.py log_once [line:28] INFO std_val_accuracy              0.0308
2025-04-28 10:27:35,335 simple_logger.py log_once [line:28] INFO val_loss                      0.6551
2025-04-28 10:27:35,335 simple_logger.py log_once [line:28] INFO mean_val_loss                 0.6551
2025-04-28 10:27:35,335 simple_logger.py log_once [line:28] INFO std_val_loss                  0.0721
2025-04-28 10:27:35,335 fedbase.py run [line:323] INFO expense           3024322170.0
2025-04-28 10:27:35,335 fedbase.py run [line:324] INFO Eval Time Cost:               3.5289s
2025-04-28 10:27:35,335 asyncbase.py iterate [line:68] INFO Select clients [0, 1, 2, 3, 4, 5, 6, 7, 8, 9, 10, 11, 12, 13, 14, 15, 16, 17, 18, 19] at time 618.
2025-04-28 10:30:03,145 asyncbase.py iterate [line:73] INFO Receive new models from clients [11, 0, 16, 6, 4, 7, 9, 5, 18, 1, 2, 19, 15, 8, 12, 17, 13, 14, 3, 10] at time 619
2025-04-28 10:30:03,680 fedbase.py run [line:318] INFO --------------Round 254--------------
2025-04-28 10:30:03,681 simple_logger.py log_once [line:14] INFO Current_time:619
2025-04-28 10:30:06,887 simple_logger.py log_once [line:28] INFO test_accuracy                 0.7796
2025-04-28 10:30:06,887 simple_logger.py log_once [line:28] INFO test_loss                     0.6311
2025-04-28 10:30:06,887 simple_logger.py log_once [line:28] INFO val_accuracy                  0.7718
2025-04-28 10:30:06,887 simple_logger.py log_once [line:28] INFO mean_val_accuracy             0.7718
2025-04-28 10:30:06,887 simple_logger.py log_once [line:28] INFO std_val_accuracy              0.0312
2025-04-28 10:30:06,888 simple_logger.py log_once [line:28] INFO val_loss                      0.6593
2025-04-28 10:30:06,888 simple_logger.py log_once [line:28] INFO mean_val_loss                 0.6593
2025-04-28 10:30:06,888 simple_logger.py log_once [line:28] INFO std_val_loss                  0.0726
2025-04-28 10:30:06,888 fedbase.py run [line:323] INFO expense           3028753370.0
2025-04-28 10:30:06,888 fedbase.py run [line:324] INFO Eval Time Cost:               3.2070s
2025-04-28 10:30:06,888 asyncbase.py iterate [line:68] INFO Select clients [0, 1, 2, 3, 4, 5, 6, 7, 8, 9, 10, 11, 12, 13, 14, 15, 16, 17, 18, 19] at time 620.
2025-04-28 10:32:32,420 asyncbase.py iterate [line:73] INFO Receive new models from clients [8, 16, 14, 17, 19, 1, 7, 3, 12, 6, 2, 10, 18, 11, 13, 4, 0, 15, 5, 9] at time 621
2025-04-28 10:32:32,946 fedbase.py run [line:318] INFO --------------Round 255--------------
2025-04-28 10:32:32,947 simple_logger.py log_once [line:14] INFO Current_time:621
2025-04-28 10:32:36,107 simple_logger.py log_once [line:28] INFO test_accuracy                 0.7799
2025-04-28 10:32:36,107 simple_logger.py log_once [line:28] INFO test_loss                     0.6226
2025-04-28 10:32:36,107 simple_logger.py log_once [line:28] INFO val_accuracy                  0.7750
2025-04-28 10:32:36,107 simple_logger.py log_once [line:28] INFO mean_val_accuracy             0.7750
2025-04-28 10:32:36,107 simple_logger.py log_once [line:28] INFO std_val_accuracy              0.0274
2025-04-28 10:32:36,107 simple_logger.py log_once [line:28] INFO val_loss                      0.6486
2025-04-28 10:32:36,107 simple_logger.py log_once [line:28] INFO mean_val_loss                 0.6486
2025-04-28 10:32:36,107 simple_logger.py log_once [line:28] INFO std_val_loss                  0.0715
2025-04-28 10:32:36,107 fedbase.py run [line:323] INFO expense           3033184570.0
2025-04-28 10:32:36,107 fedbase.py run [line:324] INFO Eval Time Cost:               3.1608s
2025-04-28 10:32:36,108 asyncbase.py iterate [line:68] INFO Select clients [0, 1, 2, 3, 4, 5, 6, 7, 8, 9, 10, 11, 12, 13, 14, 15, 16, 17, 18, 19] at time 622.
2025-04-28 10:34:58,953 asyncbase.py iterate [line:73] INFO Receive new models from clients [11, 3, 8, 17, 13, 9, 18, 6, 12, 7, 2, 5, 4, 0, 10, 1, 19, 15, 14, 16] at time 623
2025-04-28 10:34:59,641 fedbase.py run [line:318] INFO --------------Round 256--------------
2025-04-28 10:34:59,642 simple_logger.py log_once [line:14] INFO Current_time:623
2025-04-28 10:35:03,096 simple_logger.py log_once [line:28] INFO test_accuracy                 0.7787
2025-04-28 10:35:03,096 simple_logger.py log_once [line:28] INFO test_loss                     0.6278
2025-04-28 10:35:03,096 simple_logger.py log_once [line:28] INFO val_accuracy                  0.7752
2025-04-28 10:35:03,097 simple_logger.py log_once [line:28] INFO mean_val_accuracy             0.7752
2025-04-28 10:35:03,097 simple_logger.py log_once [line:28] INFO std_val_accuracy              0.0310
2025-04-28 10:35:03,097 simple_logger.py log_once [line:28] INFO val_loss                      0.6530
2025-04-28 10:35:03,097 simple_logger.py log_once [line:28] INFO mean_val_loss                 0.6530
2025-04-28 10:35:03,097 simple_logger.py log_once [line:28] INFO std_val_loss                  0.0750
2025-04-28 10:35:03,097 fedbase.py run [line:323] INFO expense           3037615770.0
2025-04-28 10:35:03,097 fedbase.py run [line:324] INFO Eval Time Cost:               3.4551s
2025-04-28 10:35:03,097 asyncbase.py iterate [line:68] INFO Select clients [0, 1, 2, 3, 4, 5, 6, 7, 8, 9, 10, 11, 12, 13, 14, 15, 16, 17, 18, 19] at time 624.
2025-04-28 10:37:24,868 asyncbase.py iterate [line:73] INFO Receive new models from clients [12, 10, 18, 4, 15, 2, 19, 6, 13, 7, 16, 17, 0, 1, 11, 14, 8, 3, 5, 9] at time 625
2025-04-28 10:37:25,374 fedbase.py run [line:318] INFO --------------Round 257--------------
2025-04-28 10:37:25,375 simple_logger.py log_once [line:14] INFO Current_time:625
2025-04-28 10:37:28,718 simple_logger.py log_once [line:28] INFO test_accuracy                 0.7808
2025-04-28 10:37:28,718 simple_logger.py log_once [line:28] INFO test_loss                     0.6254
2025-04-28 10:37:28,718 simple_logger.py log_once [line:28] INFO val_accuracy                  0.7724
2025-04-28 10:37:28,718 simple_logger.py log_once [line:28] INFO mean_val_accuracy             0.7724
2025-04-28 10:37:28,718 simple_logger.py log_once [line:28] INFO std_val_accuracy              0.0309
2025-04-28 10:37:28,718 simple_logger.py log_once [line:28] INFO val_loss                      0.6510
2025-04-28 10:37:28,718 simple_logger.py log_once [line:28] INFO mean_val_loss                 0.6510
2025-04-28 10:37:28,718 simple_logger.py log_once [line:28] INFO std_val_loss                  0.0713
2025-04-28 10:37:28,718 fedbase.py run [line:323] INFO expense           3042046970.0
2025-04-28 10:37:28,718 fedbase.py run [line:324] INFO Eval Time Cost:               3.3438s
2025-04-28 10:37:28,719 asyncbase.py iterate [line:68] INFO Select clients [0, 1, 2, 3, 4, 5, 6, 7, 8, 9, 10, 11, 12, 13, 14, 15, 16, 17, 18, 19] at time 626.
2025-04-28 10:39:54,748 asyncbase.py iterate [line:73] INFO Receive new models from clients [2, 6, 14, 11, 10, 7, 17, 12, 4, 3, 15, 9, 16, 19, 1, 8, 5, 13, 18, 0] at time 627
2025-04-28 10:39:55,301 fedbase.py run [line:318] INFO --------------Round 258--------------
2025-04-28 10:39:55,302 simple_logger.py log_once [line:14] INFO Current_time:627
2025-04-28 10:39:58,449 simple_logger.py log_once [line:28] INFO test_accuracy                 0.7783
2025-04-28 10:39:58,450 simple_logger.py log_once [line:28] INFO test_loss                     0.6329
2025-04-28 10:39:58,450 simple_logger.py log_once [line:28] INFO val_accuracy                  0.7702
2025-04-28 10:39:58,450 simple_logger.py log_once [line:28] INFO mean_val_accuracy             0.7702
2025-04-28 10:39:58,450 simple_logger.py log_once [line:28] INFO std_val_accuracy              0.0240
2025-04-28 10:39:58,450 simple_logger.py log_once [line:28] INFO val_loss                      0.6631
2025-04-28 10:39:58,450 simple_logger.py log_once [line:28] INFO mean_val_loss                 0.6631
2025-04-28 10:39:58,450 simple_logger.py log_once [line:28] INFO std_val_loss                  0.0716
2025-04-28 10:39:58,450 fedbase.py run [line:323] INFO expense           3046478170.0
2025-04-28 10:39:58,450 fedbase.py run [line:324] INFO Eval Time Cost:               3.1483s
2025-04-28 10:39:58,450 asyncbase.py iterate [line:68] INFO Select clients [0, 1, 2, 3, 4, 5, 6, 7, 8, 9, 10, 11, 12, 13, 14, 15, 16, 17, 18, 19] at time 628.
2025-04-28 10:42:23,030 asyncbase.py iterate [line:73] INFO Receive new models from clients [3, 2, 16, 10, 11, 13, 0, 6, 8, 1, 9, 4, 18, 15, 17, 5, 14, 19, 7, 12] at time 629
2025-04-28 10:42:23,548 fedbase.py run [line:318] INFO --------------Round 259--------------
2025-04-28 10:42:23,548 simple_logger.py log_once [line:14] INFO Current_time:629
2025-04-28 10:42:26,798 simple_logger.py log_once [line:28] INFO test_accuracy                 0.7780
2025-04-28 10:42:26,798 simple_logger.py log_once [line:28] INFO test_loss                     0.6315
2025-04-28 10:42:26,798 simple_logger.py log_once [line:28] INFO val_accuracy                  0.7752
2025-04-28 10:42:26,798 simple_logger.py log_once [line:28] INFO mean_val_accuracy             0.7752
2025-04-28 10:42:26,798 simple_logger.py log_once [line:28] INFO std_val_accuracy              0.0330
2025-04-28 10:42:26,798 simple_logger.py log_once [line:28] INFO val_loss                      0.6552
2025-04-28 10:42:26,798 simple_logger.py log_once [line:28] INFO mean_val_loss                 0.6552
2025-04-28 10:42:26,798 simple_logger.py log_once [line:28] INFO std_val_loss                  0.0749
2025-04-28 10:42:26,798 fedbase.py run [line:323] INFO expense           3050909370.0
2025-04-28 10:42:26,798 fedbase.py run [line:324] INFO Eval Time Cost:               3.2499s
2025-04-28 10:42:26,798 asyncbase.py iterate [line:68] INFO Select clients [0, 1, 2, 3, 4, 5, 6, 7, 8, 9, 10, 11, 12, 13, 14, 15, 16, 17, 18, 19] at time 630.
2025-04-28 10:44:53,167 asyncbase.py iterate [line:73] INFO Receive new models from clients [13, 19, 8, 18, 6, 17, 15, 3, 16, 14, 11, 7, 5, 1, 9, 2, 4, 10, 0, 12] at time 631
2025-04-28 10:44:53,707 fedbase.py run [line:318] INFO --------------Round 260--------------
2025-04-28 10:44:53,708 simple_logger.py log_once [line:14] INFO Current_time:631
2025-04-28 10:44:57,116 simple_logger.py log_once [line:28] INFO test_accuracy                 0.7786
2025-04-28 10:44:57,116 simple_logger.py log_once [line:28] INFO test_loss                     0.6330
2025-04-28 10:44:57,116 simple_logger.py log_once [line:28] INFO val_accuracy                  0.7700
2025-04-28 10:44:57,116 simple_logger.py log_once [line:28] INFO mean_val_accuracy             0.7700
2025-04-28 10:44:57,116 simple_logger.py log_once [line:28] INFO std_val_accuracy              0.0270
2025-04-28 10:44:57,116 simple_logger.py log_once [line:28] INFO val_loss                      0.6624
2025-04-28 10:44:57,116 simple_logger.py log_once [line:28] INFO mean_val_loss                 0.6624
2025-04-28 10:44:57,116 simple_logger.py log_once [line:28] INFO std_val_loss                  0.0707
2025-04-28 10:44:57,116 fedbase.py run [line:323] INFO expense           3055340570.0
2025-04-28 10:44:57,116 fedbase.py run [line:324] INFO Eval Time Cost:               3.4088s
2025-04-28 10:44:57,117 asyncbase.py iterate [line:68] INFO Select clients [0, 1, 2, 3, 4, 5, 6, 7, 8, 9, 10, 11, 12, 13, 14, 15, 16, 17, 18, 19] at time 632.
2025-04-28 10:47:20,187 asyncbase.py iterate [line:73] INFO Receive new models from clients [2, 18, 14, 1, 15, 0, 8, 11, 5, 4, 16, 12, 7, 13, 17, 19, 6, 9, 10, 3] at time 633
2025-04-28 10:47:20,644 fedbase.py run [line:318] INFO --------------Round 261--------------
2025-04-28 10:47:20,644 simple_logger.py log_once [line:14] INFO Current_time:633
2025-04-28 10:47:23,952 simple_logger.py log_once [line:28] INFO test_accuracy                 0.7815
2025-04-28 10:47:23,953 simple_logger.py log_once [line:28] INFO test_loss                     0.6240
2025-04-28 10:47:23,953 simple_logger.py log_once [line:28] INFO val_accuracy                  0.7728
2025-04-28 10:47:23,953 simple_logger.py log_once [line:28] INFO mean_val_accuracy             0.7728
2025-04-28 10:47:23,953 simple_logger.py log_once [line:28] INFO std_val_accuracy              0.0290
2025-04-28 10:47:23,953 simple_logger.py log_once [line:28] INFO val_loss                      0.6502
2025-04-28 10:47:23,953 simple_logger.py log_once [line:28] INFO mean_val_loss                 0.6502
2025-04-28 10:47:23,953 simple_logger.py log_once [line:28] INFO std_val_loss                  0.0700
2025-04-28 10:47:23,953 fedbase.py run [line:323] INFO expense           3059771770.0
2025-04-28 10:47:23,953 fedbase.py run [line:324] INFO Eval Time Cost:               3.3086s
2025-04-28 10:47:23,953 asyncbase.py iterate [line:68] INFO Select clients [0, 1, 2, 3, 4, 5, 6, 7, 8, 9, 10, 11, 12, 13, 14, 15, 16, 17, 18, 19] at time 634.
2025-04-28 10:49:46,192 asyncbase.py iterate [line:73] INFO Receive new models from clients [9, 15, 5, 7, 19, 4, 6, 10, 1, 12, 3, 8, 13, 0, 18, 17, 2, 11, 16, 14] at time 635
2025-04-28 10:49:46,869 fedbase.py run [line:318] INFO --------------Round 262--------------
2025-04-28 10:49:46,870 simple_logger.py log_once [line:14] INFO Current_time:635
2025-04-28 10:49:50,133 simple_logger.py log_once [line:28] INFO test_accuracy                 0.7809
2025-04-28 10:49:50,133 simple_logger.py log_once [line:28] INFO test_loss                     0.6212
2025-04-28 10:49:50,133 simple_logger.py log_once [line:28] INFO val_accuracy                  0.7706
2025-04-28 10:49:50,133 simple_logger.py log_once [line:28] INFO mean_val_accuracy             0.7706
2025-04-28 10:49:50,133 simple_logger.py log_once [line:28] INFO std_val_accuracy              0.0282
2025-04-28 10:49:50,133 simple_logger.py log_once [line:28] INFO val_loss                      0.6497
2025-04-28 10:49:50,133 simple_logger.py log_once [line:28] INFO mean_val_loss                 0.6497
2025-04-28 10:49:50,133 simple_logger.py log_once [line:28] INFO std_val_loss                  0.0721
2025-04-28 10:49:50,133 fedbase.py run [line:323] INFO expense           3064202970.0
2025-04-28 10:49:50,133 fedbase.py run [line:324] INFO Eval Time Cost:               3.2636s
2025-04-28 10:49:50,134 asyncbase.py iterate [line:68] INFO Select clients [0, 1, 2, 3, 4, 5, 6, 7, 8, 9, 10, 11, 12, 13, 14, 15, 16, 17, 18, 19] at time 636.
2025-04-28 10:50:24,893 asyncbase.py iterate [line:73] INFO Receive new models from clients [8, 5, 2, 16, 4, 9, 18, 1, 0, 15, 14, 12, 17, 11, 6, 3, 13, 7, 19, 10] at time 637
2025-04-28 10:50:33,696 fedbase.py run [line:318] INFO --------------Round 263--------------
2025-04-28 10:50:33,697 simple_logger.py log_once [line:14] INFO Current_time:637
2025-04-28 10:50:36,943 simple_logger.py log_once [line:28] INFO test_accuracy                 0.7871
2025-04-28 10:50:36,943 simple_logger.py log_once [line:28] INFO test_loss                     0.6045
2025-04-28 10:50:36,943 simple_logger.py log_once [line:28] INFO val_accuracy                  0.7838
2025-04-28 10:50:36,943 simple_logger.py log_once [line:28] INFO mean_val_accuracy             0.7838
2025-04-28 10:50:36,943 simple_logger.py log_once [line:28] INFO std_val_accuracy              0.0303
2025-04-28 10:50:36,943 simple_logger.py log_once [line:28] INFO val_loss                      0.6259
2025-04-28 10:50:36,943 simple_logger.py log_once [line:28] INFO mean_val_loss                 0.6259
2025-04-28 10:50:36,943 simple_logger.py log_once [line:28] INFO std_val_loss                  0.0707
2025-04-28 10:50:36,943 fedbase.py run [line:323] INFO expense           3120072780.0
2025-04-28 10:50:36,943 fedbase.py run [line:324] INFO Eval Time Cost:               3.2464s
2025-04-28 10:50:36,943 asyncbase.py iterate [line:68] INFO Select clients [0, 1, 2, 3, 4, 5, 6, 7, 8, 9, 10, 11, 12, 13, 14, 15, 16, 17, 18, 19] at time 638.
2025-04-28 10:52:56,496 asyncbase.py iterate [line:73] INFO Receive new models from clients [0, 17, 19, 13, 10, 5, 2, 11, 15, 3, 18, 1, 4, 9, 6] at time 641
2025-04-28 10:52:56,496 asyncbase.py iterate [line:73] INFO Receive new models from clients [16, 7, 14, 12, 8] at time 642
2025-04-28 10:52:57,098 fedbase.py run [line:318] INFO --------------Round 264--------------
2025-04-28 10:52:57,099 simple_logger.py log_once [line:14] INFO Current_time:642
2025-04-28 10:53:00,298 simple_logger.py log_once [line:28] INFO test_accuracy                 0.7801
2025-04-28 10:53:00,298 simple_logger.py log_once [line:28] INFO test_loss                     0.6152
2025-04-28 10:53:00,299 simple_logger.py log_once [line:28] INFO val_accuracy                  0.7816
2025-04-28 10:53:00,299 simple_logger.py log_once [line:28] INFO mean_val_accuracy             0.7816
2025-04-28 10:53:00,299 simple_logger.py log_once [line:28] INFO std_val_accuracy              0.0304
2025-04-28 10:53:00,299 simple_logger.py log_once [line:28] INFO val_loss                      0.6323
2025-04-28 10:53:00,299 simple_logger.py log_once [line:28] INFO mean_val_loss                 0.6323
2025-04-28 10:53:00,299 simple_logger.py log_once [line:28] INFO std_val_loss                  0.0712
2025-04-28 10:53:00,299 fedbase.py run [line:323] INFO expense           3124503980.0
2025-04-28 10:53:00,299 fedbase.py run [line:324] INFO Eval Time Cost:               3.2002s
2025-04-28 10:53:00,299 asyncbase.py iterate [line:68] INFO Select clients [0, 1, 2, 3, 4, 5, 6, 7, 8, 9, 10, 11, 12, 13, 14, 15, 16, 17, 18, 19] at time 643.
2025-04-28 10:55:25,066 asyncbase.py iterate [line:73] INFO Receive new models from clients [7, 4, 1, 12, 17, 18, 16, 9, 19, 13, 15, 5, 8, 0, 10, 11, 2, 6, 3, 14] at time 644
2025-04-28 10:55:25,618 fedbase.py run [line:318] INFO --------------Round 265--------------
2025-04-28 10:55:25,619 simple_logger.py log_once [line:14] INFO Current_time:644
2025-04-28 10:55:28,816 simple_logger.py log_once [line:28] INFO test_accuracy                 0.7822
2025-04-28 10:55:28,816 simple_logger.py log_once [line:28] INFO test_loss                     0.6151
2025-04-28 10:55:28,816 simple_logger.py log_once [line:28] INFO val_accuracy                  0.7812
2025-04-28 10:55:28,817 simple_logger.py log_once [line:28] INFO mean_val_accuracy             0.7812
2025-04-28 10:55:28,817 simple_logger.py log_once [line:28] INFO std_val_accuracy              0.0262
2025-04-28 10:55:28,817 simple_logger.py log_once [line:28] INFO val_loss                      0.6370
2025-04-28 10:55:28,817 simple_logger.py log_once [line:28] INFO mean_val_loss                 0.6370
2025-04-28 10:55:28,817 simple_logger.py log_once [line:28] INFO std_val_loss                  0.0674
2025-04-28 10:55:28,817 fedbase.py run [line:323] INFO expense           3128935180.0
2025-04-28 10:55:28,817 fedbase.py run [line:324] INFO Eval Time Cost:               3.1981s
2025-04-28 10:55:28,817 asyncbase.py iterate [line:68] INFO Select clients [0, 1, 2, 3, 4, 5, 6, 7, 8, 9, 10, 11, 12, 13, 14, 15, 16, 17, 18, 19] at time 645.
2025-04-28 10:57:56,957 asyncbase.py iterate [line:73] INFO Receive new models from clients [0, 15, 5, 6, 8, 17, 7, 14, 19, 1, 12, 11, 18, 4, 13, 16, 3, 9, 2, 10] at time 646
2025-04-28 10:57:57,523 fedbase.py run [line:318] INFO --------------Round 266--------------
2025-04-28 10:57:57,523 simple_logger.py log_once [line:14] INFO Current_time:646
2025-04-28 10:58:00,679 simple_logger.py log_once [line:28] INFO test_accuracy                 0.7776
2025-04-28 10:58:00,679 simple_logger.py log_once [line:28] INFO test_loss                     0.6319
2025-04-28 10:58:00,679 simple_logger.py log_once [line:28] INFO val_accuracy                  0.7756
2025-04-28 10:58:00,679 simple_logger.py log_once [line:28] INFO mean_val_accuracy             0.7756
2025-04-28 10:58:00,679 simple_logger.py log_once [line:28] INFO std_val_accuracy              0.0297
2025-04-28 10:58:00,679 simple_logger.py log_once [line:28] INFO val_loss                      0.6512
2025-04-28 10:58:00,679 simple_logger.py log_once [line:28] INFO mean_val_loss                 0.6512
2025-04-28 10:58:00,679 simple_logger.py log_once [line:28] INFO std_val_loss                  0.0721
2025-04-28 10:58:00,679 fedbase.py run [line:323] INFO expense           3133366380.0
2025-04-28 10:58:00,679 fedbase.py run [line:324] INFO Eval Time Cost:               3.1561s
2025-04-28 10:58:00,680 asyncbase.py iterate [line:68] INFO Select clients [0, 1, 2, 3, 4, 5, 6, 7, 8, 9, 10, 11, 12, 13, 14, 15, 16, 17, 18, 19] at time 647.
2025-04-28 11:00:25,419 asyncbase.py iterate [line:73] INFO Receive new models from clients [18, 13, 15, 7, 1, 4, 6, 9, 16, 12, 0, 3, 19, 11, 5, 17, 14, 10, 2, 8] at time 648
2025-04-28 11:00:25,990 fedbase.py run [line:318] INFO --------------Round 267--------------
2025-04-28 11:00:25,990 simple_logger.py log_once [line:14] INFO Current_time:648
2025-04-28 11:00:29,244 simple_logger.py log_once [line:28] INFO test_accuracy                 0.7783
2025-04-28 11:00:29,244 simple_logger.py log_once [line:28] INFO test_loss                     0.6257
2025-04-28 11:00:29,244 simple_logger.py log_once [line:28] INFO val_accuracy                  0.7816
2025-04-28 11:00:29,244 simple_logger.py log_once [line:28] INFO mean_val_accuracy             0.7816
2025-04-28 11:00:29,244 simple_logger.py log_once [line:28] INFO std_val_accuracy              0.0291
2025-04-28 11:00:29,244 simple_logger.py log_once [line:28] INFO val_loss                      0.6481
2025-04-28 11:00:29,244 simple_logger.py log_once [line:28] INFO mean_val_loss                 0.6481
2025-04-28 11:00:29,244 simple_logger.py log_once [line:28] INFO std_val_loss                  0.0719
2025-04-28 11:00:29,244 fedbase.py run [line:323] INFO expense           3137797580.0
2025-04-28 11:00:29,244 fedbase.py run [line:324] INFO Eval Time Cost:               3.2541s
2025-04-28 11:00:29,244 asyncbase.py iterate [line:68] INFO Select clients [0, 1, 2, 3, 4, 5, 6, 7, 8, 9, 10, 11, 12, 13, 14, 15, 16, 17, 18, 19] at time 649.
2025-04-28 11:02:53,139 asyncbase.py iterate [line:73] INFO Receive new models from clients [12, 14, 16, 3, 18, 4, 2, 15, 1, 10, 13, 19, 0, 6, 17, 8, 5, 7, 9, 11] at time 650
2025-04-28 11:02:53,954 fedbase.py run [line:318] INFO --------------Round 268--------------
2025-04-28 11:02:53,954 simple_logger.py log_once [line:14] INFO Current_time:650
2025-04-28 11:02:57,348 simple_logger.py log_once [line:28] INFO test_accuracy                 0.7827
2025-04-28 11:02:57,348 simple_logger.py log_once [line:28] INFO test_loss                     0.6139
2025-04-28 11:02:57,348 simple_logger.py log_once [line:28] INFO val_accuracy                  0.7822
2025-04-28 11:02:57,348 simple_logger.py log_once [line:28] INFO mean_val_accuracy             0.7822
2025-04-28 11:02:57,348 simple_logger.py log_once [line:28] INFO std_val_accuracy              0.0303
2025-04-28 11:02:57,349 simple_logger.py log_once [line:28] INFO val_loss                      0.6348
2025-04-28 11:02:57,349 simple_logger.py log_once [line:28] INFO mean_val_loss                 0.6348
2025-04-28 11:02:57,349 simple_logger.py log_once [line:28] INFO std_val_loss                  0.0693
2025-04-28 11:02:57,349 fedbase.py run [line:323] INFO expense           3142228780.0
2025-04-28 11:02:57,349 fedbase.py run [line:324] INFO Eval Time Cost:               3.3943s
2025-04-28 11:02:57,349 asyncbase.py iterate [line:68] INFO Select clients [0, 1, 2, 3, 4, 5, 6, 7, 8, 9, 10, 11, 12, 13, 14, 15, 16, 17, 18, 19] at time 651.
2025-04-28 11:05:21,598 asyncbase.py iterate [line:73] INFO Receive new models from clients [16, 5, 0, 11, 15, 12, 1, 6, 8, 7, 3, 4, 19, 13, 17, 9, 10, 14, 2, 18] at time 652
2025-04-28 11:05:22,124 fedbase.py run [line:318] INFO --------------Round 269--------------
2025-04-28 11:05:22,125 simple_logger.py log_once [line:14] INFO Current_time:652
2025-04-28 11:05:25,513 simple_logger.py log_once [line:28] INFO test_accuracy                 0.7738
2025-04-28 11:05:25,513 simple_logger.py log_once [line:28] INFO test_loss                     0.6436
2025-04-28 11:05:25,513 simple_logger.py log_once [line:28] INFO val_accuracy                  0.7728
2025-04-28 11:05:25,513 simple_logger.py log_once [line:28] INFO mean_val_accuracy             0.7728
2025-04-28 11:05:25,513 simple_logger.py log_once [line:28] INFO std_val_accuracy              0.0307
2025-04-28 11:05:25,513 simple_logger.py log_once [line:28] INFO val_loss                      0.6653
2025-04-28 11:05:25,513 simple_logger.py log_once [line:28] INFO mean_val_loss                 0.6653
2025-04-28 11:05:25,514 simple_logger.py log_once [line:28] INFO std_val_loss                  0.0712
2025-04-28 11:05:25,514 fedbase.py run [line:323] INFO expense           3146659980.0
2025-04-28 11:05:25,514 fedbase.py run [line:324] INFO Eval Time Cost:               3.3887s
2025-04-28 11:05:25,514 asyncbase.py iterate [line:68] INFO Select clients [0, 1, 2, 3, 4, 5, 6, 7, 8, 9, 10, 11, 12, 13, 14, 15, 16, 17, 18, 19] at time 653.
2025-04-28 11:07:48,639 asyncbase.py iterate [line:73] INFO Receive new models from clients [14, 0, 4, 15, 17, 11, 5, 7, 6, 10, 16, 12, 9, 1, 2, 19, 3, 18, 13, 8] at time 654
2025-04-28 11:07:49,266 fedbase.py run [line:318] INFO --------------Round 270--------------
2025-04-28 11:07:49,267 simple_logger.py log_once [line:14] INFO Current_time:654
2025-04-28 11:07:52,425 simple_logger.py log_once [line:28] INFO test_accuracy                 0.7826
2025-04-28 11:07:52,425 simple_logger.py log_once [line:28] INFO test_loss                     0.6122
2025-04-28 11:07:52,425 simple_logger.py log_once [line:28] INFO val_accuracy                  0.7824
2025-04-28 11:07:52,425 simple_logger.py log_once [line:28] INFO mean_val_accuracy             0.7824
2025-04-28 11:07:52,425 simple_logger.py log_once [line:28] INFO std_val_accuracy              0.0324
2025-04-28 11:07:52,425 simple_logger.py log_once [line:28] INFO val_loss                      0.6318
2025-04-28 11:07:52,425 simple_logger.py log_once [line:28] INFO mean_val_loss                 0.6318
2025-04-28 11:07:52,425 simple_logger.py log_once [line:28] INFO std_val_loss                  0.0683
2025-04-28 11:07:52,425 fedbase.py run [line:323] INFO expense           3151091180.0
2025-04-28 11:07:52,425 fedbase.py run [line:324] INFO Eval Time Cost:               3.1586s
2025-04-28 11:07:52,426 asyncbase.py iterate [line:68] INFO Select clients [0, 1, 2, 3, 4, 5, 6, 7, 8, 9, 10, 11, 12, 13, 14, 15, 16, 17, 18, 19] at time 655.
2025-04-28 11:10:19,034 asyncbase.py iterate [line:73] INFO Receive new models from clients [7, 8, 19, 16, 0, 15, 6, 12, 18, 1, 5, 11, 14, 17, 9, 10, 4, 13, 3, 2] at time 656
2025-04-28 11:10:19,562 fedbase.py run [line:318] INFO --------------Round 271--------------
2025-04-28 11:10:19,563 simple_logger.py log_once [line:14] INFO Current_time:656
2025-04-28 11:10:22,756 simple_logger.py log_once [line:28] INFO test_accuracy                 0.7840
2025-04-28 11:10:22,757 simple_logger.py log_once [line:28] INFO test_loss                     0.6128
2025-04-28 11:10:22,757 simple_logger.py log_once [line:28] INFO val_accuracy                  0.7830
2025-04-28 11:10:22,757 simple_logger.py log_once [line:28] INFO mean_val_accuracy             0.7830
2025-04-28 11:10:22,757 simple_logger.py log_once [line:28] INFO std_val_accuracy              0.0273
2025-04-28 11:10:22,757 simple_logger.py log_once [line:28] INFO val_loss                      0.6342
2025-04-28 11:10:22,757 simple_logger.py log_once [line:28] INFO mean_val_loss                 0.6342
2025-04-28 11:10:22,757 simple_logger.py log_once [line:28] INFO std_val_loss                  0.0690
2025-04-28 11:10:22,757 fedbase.py run [line:323] INFO expense           3155522380.0
2025-04-28 11:10:22,757 fedbase.py run [line:324] INFO Eval Time Cost:               3.1939s
2025-04-28 11:10:22,757 asyncbase.py iterate [line:68] INFO Select clients [0, 1, 2, 3, 4, 5, 6, 7, 8, 9, 10, 11, 12, 13, 14, 15, 16, 17, 18, 19] at time 657.
2025-04-28 11:12:45,745 asyncbase.py iterate [line:73] INFO Receive new models from clients [17, 10, 3, 8, 5, 7, 13, 16, 11, 9, 1, 4, 15, 19, 6, 0, 14, 2, 12, 18] at time 658
2025-04-28 11:12:46,275 fedbase.py run [line:318] INFO --------------Round 272--------------
2025-04-28 11:12:46,276 simple_logger.py log_once [line:14] INFO Current_time:658
2025-04-28 11:12:49,651 simple_logger.py log_once [line:28] INFO test_accuracy                 0.7778
2025-04-28 11:12:49,651 simple_logger.py log_once [line:28] INFO test_loss                     0.6223
2025-04-28 11:12:49,651 simple_logger.py log_once [line:28] INFO val_accuracy                  0.7774
2025-04-28 11:12:49,651 simple_logger.py log_once [line:28] INFO mean_val_accuracy             0.7774
2025-04-28 11:12:49,651 simple_logger.py log_once [line:28] INFO std_val_accuracy              0.0275
2025-04-28 11:12:49,651 simple_logger.py log_once [line:28] INFO val_loss                      0.6425
2025-04-28 11:12:49,651 simple_logger.py log_once [line:28] INFO mean_val_loss                 0.6425
2025-04-28 11:12:49,651 simple_logger.py log_once [line:28] INFO std_val_loss                  0.0716
2025-04-28 11:12:49,651 fedbase.py run [line:323] INFO expense           3159953580.0
2025-04-28 11:12:49,652 fedbase.py run [line:324] INFO Eval Time Cost:               3.3759s
2025-04-28 11:12:49,652 asyncbase.py iterate [line:68] INFO Select clients [0, 1, 2, 3, 4, 5, 6, 7, 8, 9, 10, 11, 12, 13, 14, 15, 16, 17, 18, 19] at time 659.
2025-04-28 11:15:08,596 asyncbase.py iterate [line:73] INFO Receive new models from clients [3, 15, 13, 18, 19, 0, 8, 10, 7, 1, 14, 6, 5, 17, 16, 4, 12, 9, 11, 2] at time 660
2025-04-28 11:15:09,216 fedbase.py run [line:318] INFO --------------Round 273--------------
2025-04-28 11:15:09,217 simple_logger.py log_once [line:14] INFO Current_time:660
2025-04-28 11:15:12,592 simple_logger.py log_once [line:28] INFO test_accuracy                 0.7781
2025-04-28 11:15:12,592 simple_logger.py log_once [line:28] INFO test_loss                     0.6274
2025-04-28 11:15:12,592 simple_logger.py log_once [line:28] INFO val_accuracy                  0.7766
2025-04-28 11:15:12,592 simple_logger.py log_once [line:28] INFO mean_val_accuracy             0.7766
2025-04-28 11:15:12,592 simple_logger.py log_once [line:28] INFO std_val_accuracy              0.0270
2025-04-28 11:15:12,592 simple_logger.py log_once [line:28] INFO val_loss                      0.6458
2025-04-28 11:15:12,592 simple_logger.py log_once [line:28] INFO mean_val_loss                 0.6458
2025-04-28 11:15:12,592 simple_logger.py log_once [line:28] INFO std_val_loss                  0.0707
2025-04-28 11:15:12,592 fedbase.py run [line:323] INFO expense           3164384780.0
2025-04-28 11:15:12,592 fedbase.py run [line:324] INFO Eval Time Cost:               3.3757s
2025-04-28 11:15:12,592 asyncbase.py iterate [line:68] INFO Select clients [0, 1, 2, 3, 4, 5, 6, 7, 8, 9, 10, 11, 12, 13, 14, 15, 16, 17, 18, 19] at time 661.
2025-04-28 11:17:38,431 asyncbase.py iterate [line:73] INFO Receive new models from clients [1, 16, 11, 9, 18, 15, 12, 19, 14, 7, 3, 8, 0, 6, 17, 5, 13, 4, 2, 10] at time 662
2025-04-28 11:17:39,099 fedbase.py run [line:318] INFO --------------Round 274--------------
2025-04-28 11:17:39,099 simple_logger.py log_once [line:14] INFO Current_time:662
2025-04-28 11:17:42,419 simple_logger.py log_once [line:28] INFO test_accuracy                 0.7787
2025-04-28 11:17:42,419 simple_logger.py log_once [line:28] INFO test_loss                     0.6216
2025-04-28 11:17:42,419 simple_logger.py log_once [line:28] INFO val_accuracy                  0.7784
2025-04-28 11:17:42,419 simple_logger.py log_once [line:28] INFO mean_val_accuracy             0.7784
2025-04-28 11:17:42,419 simple_logger.py log_once [line:28] INFO std_val_accuracy              0.0301
2025-04-28 11:17:42,419 simple_logger.py log_once [line:28] INFO val_loss                      0.6410
2025-04-28 11:17:42,419 simple_logger.py log_once [line:28] INFO mean_val_loss                 0.6410
2025-04-28 11:17:42,419 simple_logger.py log_once [line:28] INFO std_val_loss                  0.0703
2025-04-28 11:17:42,419 fedbase.py run [line:323] INFO expense           3168815980.0
2025-04-28 11:17:42,419 fedbase.py run [line:324] INFO Eval Time Cost:               3.3200s
2025-04-28 11:17:42,420 asyncbase.py iterate [line:68] INFO Select clients [0, 1, 2, 3, 4, 5, 6, 7, 8, 9, 10, 11, 12, 13, 14, 15, 16, 17, 18, 19] at time 663.
2025-04-28 11:20:07,229 asyncbase.py iterate [line:73] INFO Receive new models from clients [1, 0, 19, 8, 6, 2, 11, 9, 7, 17, 13, 15, 16, 18, 12, 10, 4, 3, 14, 5] at time 664
2025-04-28 11:20:07,787 fedbase.py run [line:318] INFO --------------Round 275--------------
2025-04-28 11:20:07,788 simple_logger.py log_once [line:14] INFO Current_time:664
2025-04-28 11:20:11,175 simple_logger.py log_once [line:28] INFO test_accuracy                 0.7821
2025-04-28 11:20:11,175 simple_logger.py log_once [line:28] INFO test_loss                     0.6146
2025-04-28 11:20:11,175 simple_logger.py log_once [line:28] INFO val_accuracy                  0.7826
2025-04-28 11:20:11,175 simple_logger.py log_once [line:28] INFO mean_val_accuracy             0.7826
2025-04-28 11:20:11,175 simple_logger.py log_once [line:28] INFO std_val_accuracy              0.0293
2025-04-28 11:20:11,175 simple_logger.py log_once [line:28] INFO val_loss                      0.6335
2025-04-28 11:20:11,175 simple_logger.py log_once [line:28] INFO mean_val_loss                 0.6335
2025-04-28 11:20:11,176 simple_logger.py log_once [line:28] INFO std_val_loss                  0.0688
2025-04-28 11:20:11,176 fedbase.py run [line:323] INFO expense           3173247180.0
2025-04-28 11:20:11,176 fedbase.py run [line:324] INFO Eval Time Cost:               3.3881s
2025-04-28 11:20:11,176 asyncbase.py iterate [line:68] INFO Select clients [0, 1, 2, 3, 4, 5, 6, 7, 8, 9, 10, 11, 12, 13, 14, 15, 16, 17, 18, 19] at time 665.
2025-04-28 11:22:34,394 asyncbase.py iterate [line:73] INFO Receive new models from clients [12, 9, 5, 14, 1, 10, 4, 13, 8, 15, 17, 11, 0, 2, 3, 16, 18, 19, 6, 7] at time 666
2025-04-28 11:22:34,969 fedbase.py run [line:318] INFO --------------Round 276--------------
2025-04-28 11:22:34,970 simple_logger.py log_once [line:14] INFO Current_time:666
2025-04-28 11:22:38,279 simple_logger.py log_once [line:28] INFO test_accuracy                 0.7849
2025-04-28 11:22:38,279 simple_logger.py log_once [line:28] INFO test_loss                     0.6068
2025-04-28 11:22:38,279 simple_logger.py log_once [line:28] INFO val_accuracy                  0.7828
2025-04-28 11:22:38,279 simple_logger.py log_once [line:28] INFO mean_val_accuracy             0.7828
2025-04-28 11:22:38,279 simple_logger.py log_once [line:28] INFO std_val_accuracy              0.0305
2025-04-28 11:22:38,279 simple_logger.py log_once [line:28] INFO val_loss                      0.6275
2025-04-28 11:22:38,279 simple_logger.py log_once [line:28] INFO mean_val_loss                 0.6275
2025-04-28 11:22:38,279 simple_logger.py log_once [line:28] INFO std_val_loss                  0.0697
2025-04-28 11:22:38,279 fedbase.py run [line:323] INFO expense           3177678380.0
2025-04-28 11:22:38,279 fedbase.py run [line:324] INFO Eval Time Cost:               3.3093s
2025-04-28 11:22:38,279 asyncbase.py iterate [line:68] INFO Select clients [0, 1, 2, 3, 4, 5, 6, 7, 8, 9, 10, 11, 12, 13, 14, 15, 16, 17, 18, 19] at time 667.
2025-04-28 11:25:00,075 asyncbase.py iterate [line:73] INFO Receive new models from clients [16, 11, 5, 2, 15, 0, 19, 18, 1, 17, 8, 9, 13, 10, 7, 4, 12, 3, 14, 6] at time 668
2025-04-28 11:25:00,673 fedbase.py run [line:318] INFO --------------Round 277--------------
2025-04-28 11:25:00,673 simple_logger.py log_once [line:14] INFO Current_time:668
2025-04-28 11:25:03,932 simple_logger.py log_once [line:28] INFO test_accuracy                 0.7858
2025-04-28 11:25:03,932 simple_logger.py log_once [line:28] INFO test_loss                     0.6077
2025-04-28 11:25:03,932 simple_logger.py log_once [line:28] INFO val_accuracy                  0.7844
2025-04-28 11:25:03,932 simple_logger.py log_once [line:28] INFO mean_val_accuracy             0.7844
2025-04-28 11:25:03,932 simple_logger.py log_once [line:28] INFO std_val_accuracy              0.0274
2025-04-28 11:25:03,932 simple_logger.py log_once [line:28] INFO val_loss                      0.6314
2025-04-28 11:25:03,932 simple_logger.py log_once [line:28] INFO mean_val_loss                 0.6314
2025-04-28 11:25:03,932 simple_logger.py log_once [line:28] INFO std_val_loss                  0.0686
2025-04-28 11:25:03,932 fedbase.py run [line:323] INFO expense           3182109580.0
2025-04-28 11:25:03,932 fedbase.py run [line:324] INFO Eval Time Cost:               3.2588s
2025-04-28 11:25:03,932 asyncbase.py iterate [line:68] INFO Select clients [0, 1, 2, 3, 4, 5, 6, 7, 8, 9, 10, 11, 12, 13, 14, 15, 16, 17, 18, 19] at time 669.
2025-04-28 11:27:28,892 asyncbase.py iterate [line:73] INFO Receive new models from clients [19, 17, 16, 3, 4, 5, 12, 14, 1, 15, 11, 13, 8, 6, 18, 9, 0, 7, 2, 10] at time 670
2025-04-28 11:27:29,458 fedbase.py run [line:318] INFO --------------Round 278--------------
2025-04-28 11:27:29,458 simple_logger.py log_once [line:14] INFO Current_time:670
2025-04-28 11:27:32,729 simple_logger.py log_once [line:28] INFO test_accuracy                 0.7810
2025-04-28 11:27:32,729 simple_logger.py log_once [line:28] INFO test_loss                     0.6184
2025-04-28 11:27:32,729 simple_logger.py log_once [line:28] INFO val_accuracy                  0.7774
2025-04-28 11:27:32,729 simple_logger.py log_once [line:28] INFO mean_val_accuracy             0.7774
2025-04-28 11:27:32,729 simple_logger.py log_once [line:28] INFO std_val_accuracy              0.0312
2025-04-28 11:27:32,729 simple_logger.py log_once [line:28] INFO val_loss                      0.6383
2025-04-28 11:27:32,729 simple_logger.py log_once [line:28] INFO mean_val_loss                 0.6383
2025-04-28 11:27:32,729 simple_logger.py log_once [line:28] INFO std_val_loss                  0.0704
2025-04-28 11:27:32,729 fedbase.py run [line:323] INFO expense           3186540780.0
2025-04-28 11:27:32,729 fedbase.py run [line:324] INFO Eval Time Cost:               3.2710s
2025-04-28 11:27:32,730 asyncbase.py iterate [line:68] INFO Select clients [0, 1, 2, 3, 4, 5, 6, 7, 8, 9, 10, 11, 12, 13, 14, 15, 16, 17, 18, 19] at time 671.
2025-04-28 11:29:56,705 asyncbase.py iterate [line:73] INFO Receive new models from clients [13, 11, 7, 6, 1, 15, 17, 4, 19, 12, 3, 0, 18, 2, 8, 5, 10, 9, 16, 14] at time 672
2025-04-28 11:29:57,295 fedbase.py run [line:318] INFO --------------Round 279--------------
2025-04-28 11:29:57,296 simple_logger.py log_once [line:14] INFO Current_time:672
2025-04-28 11:30:00,754 simple_logger.py log_once [line:28] INFO test_accuracy                 0.7843
2025-04-28 11:30:00,754 simple_logger.py log_once [line:28] INFO test_loss                     0.6099
2025-04-28 11:30:00,754 simple_logger.py log_once [line:28] INFO val_accuracy                  0.7820
2025-04-28 11:30:00,754 simple_logger.py log_once [line:28] INFO mean_val_accuracy             0.7820
2025-04-28 11:30:00,754 simple_logger.py log_once [line:28] INFO std_val_accuracy              0.0293
2025-04-28 11:30:00,754 simple_logger.py log_once [line:28] INFO val_loss                      0.6305
2025-04-28 11:30:00,754 simple_logger.py log_once [line:28] INFO mean_val_loss                 0.6305
2025-04-28 11:30:00,754 simple_logger.py log_once [line:28] INFO std_val_loss                  0.0679
2025-04-28 11:30:00,754 fedbase.py run [line:323] INFO expense           3190971980.0
2025-04-28 11:30:00,754 fedbase.py run [line:324] INFO Eval Time Cost:               3.4587s
2025-04-28 11:30:00,755 asyncbase.py iterate [line:68] INFO Select clients [0, 1, 2, 3, 4, 5, 6, 7, 8, 9, 10, 11, 12, 13, 14, 15, 16, 17, 18, 19] at time 673.
2025-04-28 11:32:25,445 asyncbase.py iterate [line:73] INFO Receive new models from clients [8, 2, 12, 16, 7, 3, 11, 19, 9, 14, 4, 0, 15, 17, 5, 10, 1, 18, 6, 13] at time 674
2025-04-28 11:32:26,058 fedbase.py run [line:318] INFO --------------Round 280--------------
2025-04-28 11:32:26,059 simple_logger.py log_once [line:14] INFO Current_time:674
2025-04-28 11:32:29,346 simple_logger.py log_once [line:28] INFO test_accuracy                 0.7763
2025-04-28 11:32:29,346 simple_logger.py log_once [line:28] INFO test_loss                     0.6336
2025-04-28 11:32:29,346 simple_logger.py log_once [line:28] INFO val_accuracy                  0.7778
2025-04-28 11:32:29,346 simple_logger.py log_once [line:28] INFO mean_val_accuracy             0.7778
2025-04-28 11:32:29,346 simple_logger.py log_once [line:28] INFO std_val_accuracy              0.0281
2025-04-28 11:32:29,346 simple_logger.py log_once [line:28] INFO val_loss                      0.6535
2025-04-28 11:32:29,347 simple_logger.py log_once [line:28] INFO mean_val_loss                 0.6535
2025-04-28 11:32:29,347 simple_logger.py log_once [line:28] INFO std_val_loss                  0.0709
2025-04-28 11:32:29,347 fedbase.py run [line:323] INFO expense           3195403180.0
2025-04-28 11:32:29,347 fedbase.py run [line:324] INFO Eval Time Cost:               3.2876s
2025-04-28 11:32:29,347 asyncbase.py iterate [line:68] INFO Select clients [0, 1, 2, 3, 4, 5, 6, 7, 8, 9, 10, 11, 12, 13, 14, 15, 16, 17, 18, 19] at time 675.
2025-04-28 11:34:54,412 asyncbase.py iterate [line:73] INFO Receive new models from clients [19, 8, 14, 18, 13, 15, 0, 11, 17, 5, 3, 12, 16, 9, 10, 2, 1, 6, 7, 4] at time 676
2025-04-28 11:34:54,912 fedbase.py run [line:318] INFO --------------Round 281--------------
2025-04-28 11:34:54,913 simple_logger.py log_once [line:14] INFO Current_time:676
2025-04-28 11:34:58,342 simple_logger.py log_once [line:28] INFO test_accuracy                 0.7832
2025-04-28 11:34:58,342 simple_logger.py log_once [line:28] INFO test_loss                     0.6135
2025-04-28 11:34:58,342 simple_logger.py log_once [line:28] INFO val_accuracy                  0.7802
2025-04-28 11:34:58,342 simple_logger.py log_once [line:28] INFO mean_val_accuracy             0.7802
2025-04-28 11:34:58,342 simple_logger.py log_once [line:28] INFO std_val_accuracy              0.0295
2025-04-28 11:34:58,342 simple_logger.py log_once [line:28] INFO val_loss                      0.6356
2025-04-28 11:34:58,342 simple_logger.py log_once [line:28] INFO mean_val_loss                 0.6356
2025-04-28 11:34:58,342 simple_logger.py log_once [line:28] INFO std_val_loss                  0.0692
2025-04-28 11:34:58,343 fedbase.py run [line:323] INFO expense           3199834380.0
2025-04-28 11:34:58,343 fedbase.py run [line:324] INFO Eval Time Cost:               3.4300s
2025-04-28 11:34:58,343 asyncbase.py iterate [line:68] INFO Select clients [0, 1, 2, 3, 4, 5, 6, 7, 8, 9, 10, 11, 12, 13, 14, 15, 16, 17, 18, 19] at time 677.
2025-04-28 11:37:18,761 asyncbase.py iterate [line:73] INFO Receive new models from clients [12, 15, 7, 10, 18, 8, 0, 13, 14, 3, 5, 19, 17, 4, 11, 1, 16, 9, 6, 2] at time 678
2025-04-28 11:37:19,346 fedbase.py run [line:318] INFO --------------Round 282--------------
2025-04-28 11:37:19,347 simple_logger.py log_once [line:14] INFO Current_time:678
2025-04-28 11:37:22,533 simple_logger.py log_once [line:28] INFO test_accuracy                 0.7819
2025-04-28 11:37:22,533 simple_logger.py log_once [line:28] INFO test_loss                     0.6159
2025-04-28 11:37:22,533 simple_logger.py log_once [line:28] INFO val_accuracy                  0.7828
2025-04-28 11:37:22,533 simple_logger.py log_once [line:28] INFO mean_val_accuracy             0.7828
2025-04-28 11:37:22,533 simple_logger.py log_once [line:28] INFO std_val_accuracy              0.0272
2025-04-28 11:37:22,533 simple_logger.py log_once [line:28] INFO val_loss                      0.6383
2025-04-28 11:37:22,533 simple_logger.py log_once [line:28] INFO mean_val_loss                 0.6383
2025-04-28 11:37:22,533 simple_logger.py log_once [line:28] INFO std_val_loss                  0.0694
2025-04-28 11:37:22,533 fedbase.py run [line:323] INFO expense           3204265580.0
2025-04-28 11:37:22,533 fedbase.py run [line:324] INFO Eval Time Cost:               3.1862s
2025-04-28 11:37:22,533 asyncbase.py iterate [line:68] INFO Select clients [0, 1, 2, 3, 4, 5, 6, 7, 8, 9, 10, 11, 12, 13, 14, 15, 16, 17, 18, 19] at time 679.
2025-04-28 11:39:43,424 asyncbase.py iterate [line:73] INFO Receive new models from clients [2, 10, 9, 19, 0, 18, 15, 8, 1, 17, 4, 5, 16, 13, 11, 3, 6, 12, 14, 7] at time 680
2025-04-28 11:39:44,113 fedbase.py run [line:318] INFO --------------Round 283--------------
2025-04-28 11:39:44,113 simple_logger.py log_once [line:14] INFO Current_time:680
2025-04-28 11:39:47,402 simple_logger.py log_once [line:28] INFO test_accuracy                 0.7831
2025-04-28 11:39:47,403 simple_logger.py log_once [line:28] INFO test_loss                     0.6115
2025-04-28 11:39:47,403 simple_logger.py log_once [line:28] INFO val_accuracy                  0.7816
2025-04-28 11:39:47,403 simple_logger.py log_once [line:28] INFO mean_val_accuracy             0.7816
2025-04-28 11:39:47,403 simple_logger.py log_once [line:28] INFO std_val_accuracy              0.0337
2025-04-28 11:39:47,403 simple_logger.py log_once [line:28] INFO val_loss                      0.6318
2025-04-28 11:39:47,403 simple_logger.py log_once [line:28] INFO mean_val_loss                 0.6318
2025-04-28 11:39:47,403 simple_logger.py log_once [line:28] INFO std_val_loss                  0.0713
2025-04-28 11:39:47,403 fedbase.py run [line:323] INFO expense           3208696780.0
2025-04-28 11:39:47,403 fedbase.py run [line:324] INFO Eval Time Cost:               3.2896s
2025-04-28 11:39:47,403 asyncbase.py iterate [line:68] INFO Select clients [0, 1, 2, 3, 4, 5, 6, 7, 8, 9, 10, 11, 12, 13, 14, 15, 16, 17, 18, 19] at time 681.
2025-04-28 11:42:13,870 asyncbase.py iterate [line:73] INFO Receive new models from clients [17, 14, 10, 18, 11, 7, 16, 12, 4, 1, 13, 15, 6, 19, 5, 8, 3, 9, 2, 0] at time 682
2025-04-28 11:42:14,483 fedbase.py run [line:318] INFO --------------Round 284--------------
2025-04-28 11:42:14,484 simple_logger.py log_once [line:14] INFO Current_time:682
2025-04-28 11:42:17,857 simple_logger.py log_once [line:28] INFO test_accuracy                 0.7804
2025-04-28 11:42:17,857 simple_logger.py log_once [line:28] INFO test_loss                     0.6235
2025-04-28 11:42:17,857 simple_logger.py log_once [line:28] INFO val_accuracy                  0.7776
2025-04-28 11:42:17,857 simple_logger.py log_once [line:28] INFO mean_val_accuracy             0.7776
2025-04-28 11:42:17,857 simple_logger.py log_once [line:28] INFO std_val_accuracy              0.0311
2025-04-28 11:42:17,857 simple_logger.py log_once [line:28] INFO val_loss                      0.6462
2025-04-28 11:42:17,858 simple_logger.py log_once [line:28] INFO mean_val_loss                 0.6462
2025-04-28 11:42:17,858 simple_logger.py log_once [line:28] INFO std_val_loss                  0.0677
2025-04-28 11:42:17,858 fedbase.py run [line:323] INFO expense           3213127980.0
2025-04-28 11:42:17,858 fedbase.py run [line:324] INFO Eval Time Cost:               3.3741s
2025-04-28 11:42:17,858 asyncbase.py iterate [line:68] INFO Select clients [0, 1, 2, 3, 4, 5, 6, 7, 8, 9, 10, 11, 12, 13, 14, 15, 16, 17, 18, 19] at time 683.
2025-04-28 11:44:38,173 asyncbase.py iterate [line:73] INFO Receive new models from clients [11, 5, 13, 18, 4, 10, 8, 14, 9, 2, 7, 19, 6, 1, 15, 3, 0, 17, 16, 12] at time 684
2025-04-28 11:44:38,716 fedbase.py run [line:318] INFO --------------Round 285--------------
2025-04-28 11:44:38,716 simple_logger.py log_once [line:14] INFO Current_time:684
2025-04-28 11:44:41,897 simple_logger.py log_once [line:28] INFO test_accuracy                 0.7819
2025-04-28 11:44:41,897 simple_logger.py log_once [line:28] INFO test_loss                     0.6179
2025-04-28 11:44:41,897 simple_logger.py log_once [line:28] INFO val_accuracy                  0.7796
2025-04-28 11:44:41,898 simple_logger.py log_once [line:28] INFO mean_val_accuracy             0.7796
2025-04-28 11:44:41,898 simple_logger.py log_once [line:28] INFO std_val_accuracy              0.0314
2025-04-28 11:44:41,898 simple_logger.py log_once [line:28] INFO val_loss                      0.6393
2025-04-28 11:44:41,898 simple_logger.py log_once [line:28] INFO mean_val_loss                 0.6393
2025-04-28 11:44:41,898 simple_logger.py log_once [line:28] INFO std_val_loss                  0.0696
2025-04-28 11:44:41,898 fedbase.py run [line:323] INFO expense           3217559180.0
2025-04-28 11:44:41,898 fedbase.py run [line:324] INFO Eval Time Cost:               3.1815s
2025-04-28 11:44:41,898 asyncbase.py iterate [line:68] INFO Select clients [0, 1, 2, 3, 4, 5, 6, 7, 8, 9, 10, 11, 12, 13, 14, 15, 16, 17, 18, 19] at time 685.
2025-04-28 11:47:09,117 asyncbase.py iterate [line:73] INFO Receive new models from clients [16, 17, 7, 10, 3, 6, 2, 15, 13, 5, 8, 1, 18, 19, 11, 4, 9, 0, 14, 12] at time 686
2025-04-28 11:47:09,694 fedbase.py run [line:318] INFO --------------Round 286--------------
2025-04-28 11:47:09,695 simple_logger.py log_once [line:14] INFO Current_time:686
2025-04-28 11:47:12,983 simple_logger.py log_once [line:28] INFO test_accuracy                 0.7786
2025-04-28 11:47:12,983 simple_logger.py log_once [line:28] INFO test_loss                     0.6193
2025-04-28 11:47:12,983 simple_logger.py log_once [line:28] INFO val_accuracy                  0.7800
2025-04-28 11:47:12,983 simple_logger.py log_once [line:28] INFO mean_val_accuracy             0.7800
2025-04-28 11:47:12,984 simple_logger.py log_once [line:28] INFO std_val_accuracy              0.0317
2025-04-28 11:47:12,984 simple_logger.py log_once [line:28] INFO val_loss                      0.6397
2025-04-28 11:47:12,984 simple_logger.py log_once [line:28] INFO mean_val_loss                 0.6397
2025-04-28 11:47:12,984 simple_logger.py log_once [line:28] INFO std_val_loss                  0.0720
2025-04-28 11:47:12,984 fedbase.py run [line:323] INFO expense           3221990380.0
2025-04-28 11:47:12,984 fedbase.py run [line:324] INFO Eval Time Cost:               3.2892s
2025-04-28 11:47:12,984 asyncbase.py iterate [line:68] INFO Select clients [0, 1, 2, 3, 4, 5, 6, 7, 8, 9, 10, 11, 12, 13, 14, 15, 16, 17, 18, 19] at time 687.
2025-04-28 11:47:49,787 asyncbase.py iterate [line:73] INFO Receive new models from clients [16, 12, 6, 2, 5, 7, 17, 10, 1, 11, 4, 15, 18, 19, 3, 9, 13, 14, 0, 8] at time 688
2025-04-28 11:47:58,029 fedbase.py run [line:318] INFO --------------Round 287--------------
2025-04-28 11:47:58,030 simple_logger.py log_once [line:14] INFO Current_time:688
2025-04-28 11:48:01,185 simple_logger.py log_once [line:28] INFO test_accuracy                 0.7909
2025-04-28 11:48:01,186 simple_logger.py log_once [line:28] INFO test_loss                     0.5954
2025-04-28 11:48:01,186 simple_logger.py log_once [line:28] INFO val_accuracy                  0.7886
2025-04-28 11:48:01,186 simple_logger.py log_once [line:28] INFO mean_val_accuracy             0.7886
2025-04-28 11:48:01,186 simple_logger.py log_once [line:28] INFO std_val_accuracy              0.0271
2025-04-28 11:48:01,186 simple_logger.py log_once [line:28] INFO val_loss                      0.6134
2025-04-28 11:48:01,186 simple_logger.py log_once [line:28] INFO mean_val_loss                 0.6134
2025-04-28 11:48:01,186 simple_logger.py log_once [line:28] INFO std_val_loss                  0.0694
2025-04-28 11:48:01,186 fedbase.py run [line:323] INFO expense           3277860190.0
2025-04-28 11:48:01,186 fedbase.py run [line:324] INFO Eval Time Cost:               3.1563s
2025-04-28 11:48:01,187 asyncbase.py iterate [line:68] INFO Select clients [0, 1, 2, 3, 4, 5, 6, 7, 8, 9, 10, 11, 12, 13, 14, 15, 16, 17, 18, 19] at time 689.
2025-04-28 11:50:24,506 asyncbase.py iterate [line:73] INFO Receive new models from clients [17, 6, 1, 2, 0, 5, 16, 11, 14, 18, 12, 19, 9, 13, 7, 10] at time 692
2025-04-28 11:50:24,506 asyncbase.py iterate [line:73] INFO Receive new models from clients [15, 4, 8, 3] at time 693
2025-04-28 11:50:25,075 fedbase.py run [line:318] INFO --------------Round 288--------------
2025-04-28 11:50:25,075 simple_logger.py log_once [line:14] INFO Current_time:693
2025-04-28 11:50:28,350 simple_logger.py log_once [line:28] INFO test_accuracy                 0.7896
2025-04-28 11:50:28,350 simple_logger.py log_once [line:28] INFO test_loss                     0.6002
2025-04-28 11:50:28,350 simple_logger.py log_once [line:28] INFO val_accuracy                  0.7850
2025-04-28 11:50:28,350 simple_logger.py log_once [line:28] INFO mean_val_accuracy             0.7850
2025-04-28 11:50:28,350 simple_logger.py log_once [line:28] INFO std_val_accuracy              0.0252
2025-04-28 11:50:28,350 simple_logger.py log_once [line:28] INFO val_loss                      0.6196
2025-04-28 11:50:28,350 simple_logger.py log_once [line:28] INFO mean_val_loss                 0.6196
2025-04-28 11:50:28,350 simple_logger.py log_once [line:28] INFO std_val_loss                  0.0699
2025-04-28 11:50:28,350 fedbase.py run [line:323] INFO expense           3282291390.0
2025-04-28 11:50:28,350 fedbase.py run [line:324] INFO Eval Time Cost:               3.2748s
2025-04-28 11:50:28,350 asyncbase.py iterate [line:68] INFO Select clients [0, 1, 2, 3, 4, 5, 6, 7, 8, 9, 10, 11, 12, 13, 14, 15, 16, 17, 18, 19] at time 694.
2025-04-28 11:52:57,414 asyncbase.py iterate [line:73] INFO Receive new models from clients [0, 1, 7, 18, 14, 10, 8, 13, 16, 4, 11, 19, 12, 9, 6, 15, 17, 2, 5, 3] at time 695
2025-04-28 11:52:57,966 fedbase.py run [line:318] INFO --------------Round 289--------------
2025-04-28 11:52:57,967 simple_logger.py log_once [line:14] INFO Current_time:695
2025-04-28 11:53:01,167 simple_logger.py log_once [line:28] INFO test_accuracy                 0.7893
2025-04-28 11:53:01,167 simple_logger.py log_once [line:28] INFO test_loss                     0.5990
2025-04-28 11:53:01,167 simple_logger.py log_once [line:28] INFO val_accuracy                  0.7886
2025-04-28 11:53:01,167 simple_logger.py log_once [line:28] INFO mean_val_accuracy             0.7886
2025-04-28 11:53:01,167 simple_logger.py log_once [line:28] INFO std_val_accuracy              0.0292
2025-04-28 11:53:01,167 simple_logger.py log_once [line:28] INFO val_loss                      0.6166
2025-04-28 11:53:01,167 simple_logger.py log_once [line:28] INFO mean_val_loss                 0.6166
2025-04-28 11:53:01,167 simple_logger.py log_once [line:28] INFO std_val_loss                  0.0699
2025-04-28 11:53:01,167 fedbase.py run [line:323] INFO expense           3286722590.0
2025-04-28 11:53:01,167 fedbase.py run [line:324] INFO Eval Time Cost:               3.2004s
2025-04-28 11:53:01,167 asyncbase.py iterate [line:68] INFO Select clients [0, 1, 2, 3, 4, 5, 6, 7, 8, 9, 10, 11, 12, 13, 14, 15, 16, 17, 18, 19] at time 696.
2025-04-28 11:55:30,552 asyncbase.py iterate [line:73] INFO Receive new models from clients [7, 0, 14, 9, 17, 1, 19, 4, 6, 13, 18, 2, 10, 5, 12, 16, 11, 3, 15, 8] at time 697
2025-04-28 11:55:31,173 fedbase.py run [line:318] INFO --------------Round 290--------------
2025-04-28 11:55:31,174 simple_logger.py log_once [line:14] INFO Current_time:697
2025-04-28 11:55:34,680 simple_logger.py log_once [line:28] INFO test_accuracy                 0.7858
2025-04-28 11:55:34,681 simple_logger.py log_once [line:28] INFO test_loss                     0.6098
2025-04-28 11:55:34,681 simple_logger.py log_once [line:28] INFO val_accuracy                  0.7822
2025-04-28 11:55:34,681 simple_logger.py log_once [line:28] INFO mean_val_accuracy             0.7822
2025-04-28 11:55:34,681 simple_logger.py log_once [line:28] INFO std_val_accuracy              0.0264
2025-04-28 11:55:34,681 simple_logger.py log_once [line:28] INFO val_loss                      0.6321
2025-04-28 11:55:34,681 simple_logger.py log_once [line:28] INFO mean_val_loss                 0.6321
2025-04-28 11:55:34,681 simple_logger.py log_once [line:28] INFO std_val_loss                  0.0714
2025-04-28 11:55:34,681 fedbase.py run [line:323] INFO expense           3291153790.0
2025-04-28 11:55:34,681 fedbase.py run [line:324] INFO Eval Time Cost:               3.5075s
2025-04-28 11:55:34,681 asyncbase.py iterate [line:68] INFO Select clients [0, 1, 2, 3, 4, 5, 6, 7, 8, 9, 10, 11, 12, 13, 14, 15, 16, 17, 18, 19] at time 698.
2025-04-28 11:58:08,230 asyncbase.py iterate [line:73] INFO Receive new models from clients [6, 0, 8, 16, 9, 18, 15, 14, 10, 7, 1, 11, 19, 13, 4, 3, 2, 12, 5, 17] at time 699
2025-04-28 11:58:08,831 fedbase.py run [line:318] INFO --------------Round 291--------------
2025-04-28 11:58:08,831 simple_logger.py log_once [line:14] INFO Current_time:699
2025-04-28 11:58:12,102 simple_logger.py log_once [line:28] INFO test_accuracy                 0.7912
2025-04-28 11:58:12,102 simple_logger.py log_once [line:28] INFO test_loss                     0.5981
2025-04-28 11:58:12,102 simple_logger.py log_once [line:28] INFO val_accuracy                  0.7894
2025-04-28 11:58:12,102 simple_logger.py log_once [line:28] INFO mean_val_accuracy             0.7894
2025-04-28 11:58:12,103 simple_logger.py log_once [line:28] INFO std_val_accuracy              0.0270
2025-04-28 11:58:12,103 simple_logger.py log_once [line:28] INFO val_loss                      0.6159
2025-04-28 11:58:12,103 simple_logger.py log_once [line:28] INFO mean_val_loss                 0.6159
2025-04-28 11:58:12,103 simple_logger.py log_once [line:28] INFO std_val_loss                  0.0694
2025-04-28 11:58:12,103 fedbase.py run [line:323] INFO expense           3295584990.0
2025-04-28 11:58:12,103 fedbase.py run [line:324] INFO Eval Time Cost:               3.2716s
2025-04-28 11:58:12,103 asyncbase.py iterate [line:68] INFO Select clients [0, 1, 2, 3, 4, 5, 6, 7, 8, 9, 10, 11, 12, 13, 14, 15, 16, 17, 18, 19] at time 700.
2025-04-28 12:00:42,645 asyncbase.py iterate [line:73] INFO Receive new models from clients [6, 9, 18, 3, 16, 14, 8, 2, 13, 1, 10, 19, 17, 11, 12, 0, 5, 7, 15, 4] at time 701
2025-04-28 12:00:43,277 fedbase.py run [line:318] INFO --------------Round 292--------------
2025-04-28 12:00:43,278 simple_logger.py log_once [line:14] INFO Current_time:701
2025-04-28 12:00:46,470 simple_logger.py log_once [line:28] INFO test_accuracy                 0.7880
2025-04-28 12:00:46,470 simple_logger.py log_once [line:28] INFO test_loss                     0.6008
2025-04-28 12:00:46,470 simple_logger.py log_once [line:28] INFO val_accuracy                  0.7870
2025-04-28 12:00:46,470 simple_logger.py log_once [line:28] INFO mean_val_accuracy             0.7870
2025-04-28 12:00:46,470 simple_logger.py log_once [line:28] INFO std_val_accuracy              0.0237
2025-04-28 12:00:46,470 simple_logger.py log_once [line:28] INFO val_loss                      0.6217
2025-04-28 12:00:46,470 simple_logger.py log_once [line:28] INFO mean_val_loss                 0.6217
2025-04-28 12:00:46,470 simple_logger.py log_once [line:28] INFO std_val_loss                  0.0685
2025-04-28 12:00:46,470 fedbase.py run [line:323] INFO expense           3300016190.0
2025-04-28 12:00:46,470 fedbase.py run [line:324] INFO Eval Time Cost:               3.1923s
2025-04-28 12:00:46,470 asyncbase.py iterate [line:68] INFO Select clients [0, 1, 2, 3, 4, 5, 6, 7, 8, 9, 10, 11, 12, 13, 14, 15, 16, 17, 18, 19] at time 702.
2025-04-28 12:03:17,878 asyncbase.py iterate [line:73] INFO Receive new models from clients [0, 14, 12, 13, 4, 1, 9, 5, 8, 19, 18, 17, 10, 16, 6, 15, 11, 7, 2, 3] at time 703
2025-04-28 12:03:18,532 fedbase.py run [line:318] INFO --------------Round 293--------------
2025-04-28 12:03:18,532 simple_logger.py log_once [line:14] INFO Current_time:703
2025-04-28 12:03:21,808 simple_logger.py log_once [line:28] INFO test_accuracy                 0.7895
2025-04-28 12:03:21,808 simple_logger.py log_once [line:28] INFO test_loss                     0.5985
2025-04-28 12:03:21,808 simple_logger.py log_once [line:28] INFO val_accuracy                  0.7882
2025-04-28 12:03:21,808 simple_logger.py log_once [line:28] INFO mean_val_accuracy             0.7882
2025-04-28 12:03:21,808 simple_logger.py log_once [line:28] INFO std_val_accuracy              0.0273
2025-04-28 12:03:21,808 simple_logger.py log_once [line:28] INFO val_loss                      0.6157
2025-04-28 12:03:21,808 simple_logger.py log_once [line:28] INFO mean_val_loss                 0.6157
2025-04-28 12:03:21,808 simple_logger.py log_once [line:28] INFO std_val_loss                  0.0705
2025-04-28 12:03:21,809 fedbase.py run [line:323] INFO expense           3304447390.0
2025-04-28 12:03:21,809 fedbase.py run [line:324] INFO Eval Time Cost:               3.2764s
2025-04-28 12:03:21,809 asyncbase.py iterate [line:68] INFO Select clients [0, 1, 2, 3, 4, 5, 6, 7, 8, 9, 10, 11, 12, 13, 14, 15, 16, 17, 18, 19] at time 704.
2025-04-28 12:05:54,784 asyncbase.py iterate [line:73] INFO Receive new models from clients [17, 6, 7, 9, 1, 5, 12, 16, 18, 14, 0, 8, 3, 2, 10, 15, 4, 13, 19, 11] at time 705
2025-04-28 12:05:55,390 fedbase.py run [line:318] INFO --------------Round 294--------------
2025-04-28 12:05:55,391 simple_logger.py log_once [line:14] INFO Current_time:705
2025-04-28 12:05:58,738 simple_logger.py log_once [line:28] INFO test_accuracy                 0.7917
2025-04-28 12:05:58,738 simple_logger.py log_once [line:28] INFO test_loss                     0.5971
2025-04-28 12:05:58,738 simple_logger.py log_once [line:28] INFO val_accuracy                  0.7882
2025-04-28 12:05:58,738 simple_logger.py log_once [line:28] INFO mean_val_accuracy             0.7882
2025-04-28 12:05:58,738 simple_logger.py log_once [line:28] INFO std_val_accuracy              0.0296
2025-04-28 12:05:58,738 simple_logger.py log_once [line:28] INFO val_loss                      0.6140
2025-04-28 12:05:58,738 simple_logger.py log_once [line:28] INFO mean_val_loss                 0.6140
2025-04-28 12:05:58,738 simple_logger.py log_once [line:28] INFO std_val_loss                  0.0699
2025-04-28 12:05:58,738 fedbase.py run [line:323] INFO expense           3308878590.0
2025-04-28 12:05:58,738 fedbase.py run [line:324] INFO Eval Time Cost:               3.3479s
2025-04-28 12:05:58,739 asyncbase.py iterate [line:68] INFO Select clients [0, 1, 2, 3, 4, 5, 6, 7, 8, 9, 10, 11, 12, 13, 14, 15, 16, 17, 18, 19] at time 706.
2025-04-28 12:08:34,536 asyncbase.py iterate [line:73] INFO Receive new models from clients [10, 15, 5, 3, 6, 19, 7, 9, 4, 18, 11, 8, 2, 12, 17, 0, 16, 13, 1, 14] at time 707
2025-04-28 12:08:35,132 fedbase.py run [line:318] INFO --------------Round 295--------------
2025-04-28 12:08:35,133 simple_logger.py log_once [line:14] INFO Current_time:707
2025-04-28 12:08:38,382 simple_logger.py log_once [line:28] INFO test_accuracy                 0.7902
2025-04-28 12:08:38,383 simple_logger.py log_once [line:28] INFO test_loss                     0.5994
2025-04-28 12:08:38,383 simple_logger.py log_once [line:28] INFO val_accuracy                  0.7864
2025-04-28 12:08:38,383 simple_logger.py log_once [line:28] INFO mean_val_accuracy             0.7864
2025-04-28 12:08:38,383 simple_logger.py log_once [line:28] INFO std_val_accuracy              0.0253
2025-04-28 12:08:38,383 simple_logger.py log_once [line:28] INFO val_loss                      0.6205
2025-04-28 12:08:38,383 simple_logger.py log_once [line:28] INFO mean_val_loss                 0.6205
2025-04-28 12:08:38,383 simple_logger.py log_once [line:28] INFO std_val_loss                  0.0699
2025-04-28 12:08:38,383 fedbase.py run [line:323] INFO expense           3313309790.0
2025-04-28 12:08:38,383 fedbase.py run [line:324] INFO Eval Time Cost:               3.2504s
2025-04-28 12:08:38,383 asyncbase.py iterate [line:68] INFO Select clients [0, 1, 2, 3, 4, 5, 6, 7, 8, 9, 10, 11, 12, 13, 14, 15, 16, 17, 18, 19] at time 708.
2025-04-28 12:11:09,358 asyncbase.py iterate [line:73] INFO Receive new models from clients [8, 12, 5, 18, 16, 4, 14, 17, 15, 0, 7, 13, 3, 1, 6, 2, 9, 19, 10, 11] at time 709
2025-04-28 12:11:10,001 fedbase.py run [line:318] INFO --------------Round 296--------------
2025-04-28 12:11:10,002 simple_logger.py log_once [line:14] INFO Current_time:709
2025-04-28 12:11:13,377 simple_logger.py log_once [line:28] INFO test_accuracy                 0.7891
2025-04-28 12:11:13,377 simple_logger.py log_once [line:28] INFO test_loss                     0.5962
2025-04-28 12:11:13,377 simple_logger.py log_once [line:28] INFO val_accuracy                  0.7878
2025-04-28 12:11:13,377 simple_logger.py log_once [line:28] INFO mean_val_accuracy             0.7878
2025-04-28 12:11:13,377 simple_logger.py log_once [line:28] INFO std_val_accuracy              0.0269
2025-04-28 12:11:13,377 simple_logger.py log_once [line:28] INFO val_loss                      0.6144
2025-04-28 12:11:13,378 simple_logger.py log_once [line:28] INFO mean_val_loss                 0.6144
2025-04-28 12:11:13,378 simple_logger.py log_once [line:28] INFO std_val_loss                  0.0698
2025-04-28 12:11:13,378 fedbase.py run [line:323] INFO expense           3317740990.0
2025-04-28 12:11:13,378 fedbase.py run [line:324] INFO Eval Time Cost:               3.3756s
2025-04-28 12:11:13,378 asyncbase.py iterate [line:68] INFO Select clients [0, 1, 2, 3, 4, 5, 6, 7, 8, 9, 10, 11, 12, 13, 14, 15, 16, 17, 18, 19] at time 710.
2025-04-28 12:13:36,325 asyncbase.py iterate [line:73] INFO Receive new models from clients [2, 19, 0, 7, 11, 18, 4, 12, 15, 10, 6, 3, 5, 16, 1, 17, 8, 9, 13, 14] at time 711
2025-04-28 12:13:36,964 fedbase.py run [line:318] INFO --------------Round 297--------------
2025-04-28 12:13:36,964 simple_logger.py log_once [line:14] INFO Current_time:711
2025-04-28 12:13:40,335 simple_logger.py log_once [line:28] INFO test_accuracy                 0.7897
2025-04-28 12:13:40,335 simple_logger.py log_once [line:28] INFO test_loss                     0.6011
2025-04-28 12:13:40,335 simple_logger.py log_once [line:28] INFO val_accuracy                  0.7854
2025-04-28 12:13:40,335 simple_logger.py log_once [line:28] INFO mean_val_accuracy             0.7854
2025-04-28 12:13:40,335 simple_logger.py log_once [line:28] INFO std_val_accuracy              0.0273
2025-04-28 12:13:40,335 simple_logger.py log_once [line:28] INFO val_loss                      0.6223
2025-04-28 12:13:40,335 simple_logger.py log_once [line:28] INFO mean_val_loss                 0.6223
2025-04-28 12:13:40,335 simple_logger.py log_once [line:28] INFO std_val_loss                  0.0681
2025-04-28 12:13:40,336 fedbase.py run [line:323] INFO expense           3322172190.0
2025-04-28 12:13:40,336 fedbase.py run [line:324] INFO Eval Time Cost:               3.3714s
2025-04-28 12:13:40,336 asyncbase.py iterate [line:68] INFO Select clients [0, 1, 2, 3, 4, 5, 6, 7, 8, 9, 10, 11, 12, 13, 14, 15, 16, 17, 18, 19] at time 712.
2025-04-28 12:16:13,492 asyncbase.py iterate [line:73] INFO Receive new models from clients [0, 14, 9, 15, 8, 1, 17, 18, 10, 6, 3, 12, 19, 2, 7, 16, 11, 5, 13, 4] at time 713
2025-04-28 12:16:14,127 fedbase.py run [line:318] INFO --------------Round 298--------------
2025-04-28 12:16:14,128 simple_logger.py log_once [line:14] INFO Current_time:713
2025-04-28 12:16:17,319 simple_logger.py log_once [line:28] INFO test_accuracy                 0.7886
2025-04-28 12:16:17,320 simple_logger.py log_once [line:28] INFO test_loss                     0.6017
2025-04-28 12:16:17,320 simple_logger.py log_once [line:28] INFO val_accuracy                  0.7870
2025-04-28 12:16:17,320 simple_logger.py log_once [line:28] INFO mean_val_accuracy             0.7870
2025-04-28 12:16:17,320 simple_logger.py log_once [line:28] INFO std_val_accuracy              0.0248
2025-04-28 12:16:17,320 simple_logger.py log_once [line:28] INFO val_loss                      0.6202
2025-04-28 12:16:17,320 simple_logger.py log_once [line:28] INFO mean_val_loss                 0.6202
2025-04-28 12:16:17,320 simple_logger.py log_once [line:28] INFO std_val_loss                  0.0691
2025-04-28 12:16:17,320 fedbase.py run [line:323] INFO expense           3326603390.0
2025-04-28 12:16:17,320 fedbase.py run [line:324] INFO Eval Time Cost:               3.1920s
2025-04-28 12:16:17,320 asyncbase.py iterate [line:68] INFO Select clients [0, 1, 2, 3, 4, 5, 6, 7, 8, 9, 10, 11, 12, 13, 14, 15, 16, 17, 18, 19] at time 714.
2025-04-28 12:18:47,406 asyncbase.py iterate [line:73] INFO Receive new models from clients [14, 1, 12, 13, 16, 7, 15, 18, 17, 6, 2, 11, 10, 4, 3, 5, 19, 0, 9, 8] at time 715
2025-04-28 12:18:47,967 fedbase.py run [line:318] INFO --------------Round 299--------------
2025-04-28 12:18:47,968 simple_logger.py log_once [line:14] INFO Current_time:715
2025-04-28 12:18:51,172 simple_logger.py log_once [line:28] INFO test_accuracy                 0.7863
2025-04-28 12:18:51,172 simple_logger.py log_once [line:28] INFO test_loss                     0.6024
2025-04-28 12:18:51,172 simple_logger.py log_once [line:28] INFO val_accuracy                  0.7886
2025-04-28 12:18:51,173 simple_logger.py log_once [line:28] INFO mean_val_accuracy             0.7886
2025-04-28 12:18:51,173 simple_logger.py log_once [line:28] INFO std_val_accuracy              0.0282
2025-04-28 12:18:51,173 simple_logger.py log_once [line:28] INFO val_loss                      0.6216
2025-04-28 12:18:51,173 simple_logger.py log_once [line:28] INFO mean_val_loss                 0.6216
2025-04-28 12:18:51,173 simple_logger.py log_once [line:28] INFO std_val_loss                  0.0710
2025-04-28 12:18:51,173 fedbase.py run [line:323] INFO expense           3331034590.0
2025-04-28 12:18:51,173 fedbase.py run [line:324] INFO Eval Time Cost:               3.2048s
2025-04-28 12:18:51,173 asyncbase.py iterate [line:68] INFO Select clients [0, 1, 2, 3, 4, 5, 6, 7, 8, 9, 10, 11, 12, 13, 14, 15, 16, 17, 18, 19] at time 716.
2025-04-28 12:21:20,788 asyncbase.py iterate [line:73] INFO Receive new models from clients [1, 7, 8, 16, 2, 0, 14, 9, 12, 6, 13, 19, 3, 18, 5, 15, 17, 10, 4, 11] at time 717
2025-04-28 12:21:21,576 fedbase.py run [line:318] INFO --------------Round 300--------------
2025-04-28 12:21:21,576 simple_logger.py log_once [line:14] INFO Current_time:717
2025-04-28 12:21:25,062 simple_logger.py log_once [line:28] INFO test_accuracy                 0.7904
2025-04-28 12:21:25,062 simple_logger.py log_once [line:28] INFO test_loss                     0.5960
2025-04-28 12:21:25,062 simple_logger.py log_once [line:28] INFO val_accuracy                  0.7880
2025-04-28 12:21:25,062 simple_logger.py log_once [line:28] INFO mean_val_accuracy             0.7880
2025-04-28 12:21:25,062 simple_logger.py log_once [line:28] INFO std_val_accuracy              0.0296
2025-04-28 12:21:25,062 simple_logger.py log_once [line:28] INFO val_loss                      0.6138
2025-04-28 12:21:25,062 simple_logger.py log_once [line:28] INFO mean_val_loss                 0.6138
2025-04-28 12:21:25,062 simple_logger.py log_once [line:28] INFO std_val_loss                  0.0698
2025-04-28 12:21:25,062 fedbase.py run [line:323] INFO expense           3335465790.0
2025-04-28 12:21:25,062 fedbase.py run [line:324] INFO Eval Time Cost:               3.4858s
2025-04-28 12:21:25,062 fedbase.py run [line:332] INFO =================End==================
2025-04-28 12:21:25,062 fedbase.py run [line:333] INFO Total Time Cost:              35073.8651s
