2025-04-28 02:43:30,106 fflow.py init [line:792] INFO PROCESS ID:	6827
2025-04-28 02:43:30,106 fflow.py init [line:793] INFO Initializing devices: cuda:0 will be used for this running.
2025-04-28 02:43:30,106 fflow.py init [line:796] INFO BENCHMARK:	flgo.benchmark.cifar10_classification
2025-04-28 02:43:30,106 fflow.py init [line:797] INFO TASK:			./cifar10_result_20
2025-04-28 02:43:30,106 fflow.py init [line:798] INFO MODEL:		flgo.benchmark.cifar10_classification.model.resnet18
2025-04-28 02:43:30,106 fflow.py init [line:799] INFO ALGORITHM:	tucker
2025-04-28 02:43:30,107 fflow.py init [line:800] INFO LRate:		0.005
2025-04-28 02:43:30,107 fflow.py init [line:801] INFO COMPRESS:		tucker
2025-04-28 02:43:30,107 fflow.py init [line:807] INFO GAMMA:		1.1
2025-04-28 02:43:31,612 fflow.py init [line:853] INFO SCENE:		horizontal FL with 1 <class 'tucker.Server'>, 20 <class 'tucker.Client'>
2025-04-28 02:43:31,931 fflow.py init [line:870] INFO SIMULATOR:	<class 'flgo.simulator.default_simulator.Simulator'>
2025-04-28 02:43:31,932 fflow.py init [line:883] INFO Ready to start.
2025-04-28 02:43:31,932 fedbase.py run [line:306] INFO --------------Initial Evaluation--------------
2025-04-28 02:43:31,932 simple_logger.py log_once [line:14] INFO Current_time:0
2025-04-28 02:43:35,201 simple_logger.py log_once [line:28] INFO test_accuracy                 0.1000
2025-04-28 02:43:35,201 simple_logger.py log_once [line:28] INFO test_loss                     2.3036
2025-04-28 02:43:35,201 simple_logger.py log_once [line:28] INFO val_accuracy                  0.1030
2025-04-28 02:43:35,201 simple_logger.py log_once [line:28] INFO mean_val_accuracy             0.1030
2025-04-28 02:43:35,201 simple_logger.py log_once [line:28] INFO std_val_accuracy              0.0128
2025-04-28 02:43:35,201 simple_logger.py log_once [line:28] INFO val_loss                      2.3030
2025-04-28 02:43:35,201 simple_logger.py log_once [line:28] INFO mean_val_loss                 2.3030
2025-04-28 02:43:35,201 simple_logger.py log_once [line:28] INFO std_val_loss                  0.0011
2025-04-28 02:43:35,201 fedbase.py run [line:309] INFO expense     0
2025-04-28 02:43:35,201 fedbase.py run [line:310] INFO Eval Time Cost:               3.2691s
2025-04-28 02:43:35,202 asyncbase.py iterate [line:68] INFO Select clients [0, 1, 2, 3, 4, 5, 6, 7, 8, 9, 10, 11, 12, 13, 14, 15, 16, 17, 18, 19] at time 1.
2025-04-28 02:44:07,655 asyncbase.py iterate [line:73] INFO Receive new models from clients [14, 2, 8, 18, 7, 10, 19, 5, 17, 6, 15, 3, 12, 0, 16, 1, 4, 13, 11, 9] at time 4
2025-04-28 02:44:13,617 fedbase.py run [line:318] INFO --------------Round 1--------------
2025-04-28 02:44:13,617 simple_logger.py log_once [line:14] INFO Current_time:4
2025-04-28 02:44:16,750 simple_logger.py log_once [line:28] INFO test_accuracy                 0.1000
2025-04-28 02:44:16,750 simple_logger.py log_once [line:28] INFO test_loss                     2.3417
2025-04-28 02:44:16,750 simple_logger.py log_once [line:28] INFO val_accuracy                  0.1030
2025-04-28 02:44:16,750 simple_logger.py log_once [line:28] INFO mean_val_accuracy             0.1030
2025-04-28 02:44:16,750 simple_logger.py log_once [line:28] INFO std_val_accuracy              0.0128
2025-04-28 02:44:16,750 simple_logger.py log_once [line:28] INFO val_loss                      2.3363
2025-04-28 02:44:16,750 simple_logger.py log_once [line:28] INFO mean_val_loss                 2.3363
2025-04-28 02:44:16,751 simple_logger.py log_once [line:28] INFO std_val_loss                  0.0121
2025-04-28 02:44:16,751 fedbase.py run [line:323] INFO expense           55869810.0
2025-04-28 02:44:16,751 fedbase.py run [line:324] INFO Eval Time Cost:               3.1334s
2025-04-28 02:44:16,751 asyncbase.py iterate [line:68] INFO Select clients [0, 1, 2, 3, 4, 5, 6, 7, 8, 9, 10, 11, 12, 13, 14, 15, 16, 17, 18, 19] at time 5.
2025-04-28 02:46:25,280 asyncbase.py iterate [line:73] INFO Receive new models from clients [10, 9, 14, 6, 11, 15, 5, 12, 13, 8, 3, 0, 2, 18, 4, 16] at time 8
2025-04-28 02:46:25,280 asyncbase.py iterate [line:73] INFO Receive new models from clients [19, 7, 17, 1] at time 9
2025-04-28 02:46:25,863 fedbase.py run [line:318] INFO --------------Round 2--------------
2025-04-28 02:46:25,863 simple_logger.py log_once [line:14] INFO Current_time:9
2025-04-28 02:46:29,018 simple_logger.py log_once [line:28] INFO test_accuracy                 0.1000
2025-04-28 02:46:29,018 simple_logger.py log_once [line:28] INFO test_loss                     2.3123
2025-04-28 02:46:29,018 simple_logger.py log_once [line:28] INFO val_accuracy                  0.0982
2025-04-28 02:46:29,018 simple_logger.py log_once [line:28] INFO mean_val_accuracy             0.0982
2025-04-28 02:46:29,019 simple_logger.py log_once [line:28] INFO std_val_accuracy              0.0210
2025-04-28 02:46:29,019 simple_logger.py log_once [line:28] INFO val_loss                      2.3150
2025-04-28 02:46:29,019 simple_logger.py log_once [line:28] INFO mean_val_loss                 2.3150
2025-04-28 02:46:29,019 simple_logger.py log_once [line:28] INFO std_val_loss                  0.0079
2025-04-28 02:46:29,019 fedbase.py run [line:323] INFO expense           60301010.0
2025-04-28 02:46:29,019 fedbase.py run [line:324] INFO Eval Time Cost:               3.1554s
2025-04-28 02:46:29,019 asyncbase.py iterate [line:68] INFO Select clients [0, 1, 2, 3, 4, 5, 6, 7, 8, 9, 10, 11, 12, 13, 14, 15, 16, 17, 18, 19] at time 10.
2025-04-28 02:47:04,331 asyncbase.py iterate [line:73] INFO Receive new models from clients [19, 8, 10, 4, 7, 6, 0, 9, 17, 15, 12, 2, 3, 13, 11, 14, 1, 18, 5, 16] at time 11
2025-04-28 02:47:11,664 fedbase.py run [line:318] INFO --------------Round 3--------------
2025-04-28 02:47:11,664 simple_logger.py log_once [line:14] INFO Current_time:11
2025-04-28 02:47:14,742 simple_logger.py log_once [line:28] INFO test_accuracy                 0.1000
2025-04-28 02:47:14,743 simple_logger.py log_once [line:28] INFO test_loss                     2.3099
2025-04-28 02:47:14,743 simple_logger.py log_once [line:28] INFO val_accuracy                  0.1072
2025-04-28 02:47:14,743 simple_logger.py log_once [line:28] INFO mean_val_accuracy             0.1072
2025-04-28 02:47:14,743 simple_logger.py log_once [line:28] INFO std_val_accuracy              0.0162
2025-04-28 02:47:14,743 simple_logger.py log_once [line:28] INFO val_loss                      2.3106
2025-04-28 02:47:14,743 simple_logger.py log_once [line:28] INFO mean_val_loss                 2.3106
2025-04-28 02:47:14,743 simple_logger.py log_once [line:28] INFO std_val_loss                  0.0097
2025-04-28 02:47:14,743 fedbase.py run [line:323] INFO expense           116170820.0
2025-04-28 02:47:14,743 fedbase.py run [line:324] INFO Eval Time Cost:               3.0785s
2025-04-28 02:47:14,743 asyncbase.py iterate [line:68] INFO Select clients [0, 1, 2, 3, 4, 5, 6, 7, 8, 9, 10, 11, 12, 13, 14, 15, 16, 17, 18, 19] at time 12.
2025-04-28 02:49:20,820 asyncbase.py iterate [line:73] INFO Receive new models from clients [19, 11, 5, 4, 2, 1, 0, 13, 10, 9, 7, 12, 17, 6, 3, 16, 18, 14] at time 15
2025-04-28 02:49:20,821 asyncbase.py iterate [line:73] INFO Receive new models from clients [15, 8] at time 16
2025-04-28 02:49:21,302 fedbase.py run [line:318] INFO --------------Round 4--------------
2025-04-28 02:49:21,303 simple_logger.py log_once [line:14] INFO Current_time:16
2025-04-28 02:49:24,421 simple_logger.py log_once [line:28] INFO test_accuracy                 0.1098
2025-04-28 02:49:24,421 simple_logger.py log_once [line:28] INFO test_loss                     2.3035
2025-04-28 02:49:24,421 simple_logger.py log_once [line:28] INFO val_accuracy                  0.1066
2025-04-28 02:49:24,421 simple_logger.py log_once [line:28] INFO mean_val_accuracy             0.1066
2025-04-28 02:49:24,421 simple_logger.py log_once [line:28] INFO std_val_accuracy              0.0228
2025-04-28 02:49:24,421 simple_logger.py log_once [line:28] INFO val_loss                      2.3049
2025-04-28 02:49:24,421 simple_logger.py log_once [line:28] INFO mean_val_loss                 2.3049
2025-04-28 02:49:24,421 simple_logger.py log_once [line:28] INFO std_val_loss                  0.0095
2025-04-28 02:49:24,421 fedbase.py run [line:323] INFO expense           120602020.0
2025-04-28 02:49:24,421 fedbase.py run [line:324] INFO Eval Time Cost:               3.1187s
2025-04-28 02:49:24,421 asyncbase.py iterate [line:68] INFO Select clients [0, 1, 2, 3, 4, 5, 6, 7, 8, 9, 10, 11, 12, 13, 14, 15, 16, 17, 18, 19] at time 17.
2025-04-28 02:49:57,822 asyncbase.py iterate [line:73] INFO Receive new models from clients [16, 15, 5, 9, 14, 12, 13, 3, 1, 0, 17, 18, 8, 10, 2, 6, 4, 11, 7, 19] at time 18
2025-04-28 02:50:04,805 fedbase.py run [line:318] INFO --------------Round 5--------------
2025-04-28 02:50:04,806 simple_logger.py log_once [line:14] INFO Current_time:18
2025-04-28 02:50:07,845 simple_logger.py log_once [line:28] INFO test_accuracy                 0.2323
2025-04-28 02:50:07,845 simple_logger.py log_once [line:28] INFO test_loss                     2.0650
2025-04-28 02:50:07,846 simple_logger.py log_once [line:28] INFO val_accuracy                  0.2250
2025-04-28 02:50:07,846 simple_logger.py log_once [line:28] INFO mean_val_accuracy             0.2250
2025-04-28 02:50:07,846 simple_logger.py log_once [line:28] INFO std_val_accuracy              0.0224
2025-04-28 02:50:07,846 simple_logger.py log_once [line:28] INFO val_loss                      2.0683
2025-04-28 02:50:07,846 simple_logger.py log_once [line:28] INFO mean_val_loss                 2.0683
2025-04-28 02:50:07,846 simple_logger.py log_once [line:28] INFO std_val_loss                  0.0251
2025-04-28 02:50:07,846 fedbase.py run [line:323] INFO expense           176471830.0
2025-04-28 02:50:07,846 fedbase.py run [line:324] INFO Eval Time Cost:               3.0400s
2025-04-28 02:50:07,846 asyncbase.py iterate [line:68] INFO Select clients [0, 1, 2, 3, 4, 5, 6, 7, 8, 9, 10, 11, 12, 13, 14, 15, 16, 17, 18, 19] at time 19.
2025-04-28 02:52:20,436 asyncbase.py iterate [line:73] INFO Receive new models from clients [6, 5, 9, 13, 2, 8, 1, 16, 12, 18, 11, 7, 4, 17, 10, 0, 15, 14] at time 22
2025-04-28 02:52:20,436 asyncbase.py iterate [line:73] INFO Receive new models from clients [3, 19] at time 23
2025-04-28 02:52:20,967 fedbase.py run [line:318] INFO --------------Round 6--------------
2025-04-28 02:52:20,968 simple_logger.py log_once [line:14] INFO Current_time:23
2025-04-28 02:52:24,089 simple_logger.py log_once [line:28] INFO test_accuracy                 0.1503
2025-04-28 02:52:24,090 simple_logger.py log_once [line:28] INFO test_loss                     2.2327
2025-04-28 02:52:24,090 simple_logger.py log_once [line:28] INFO val_accuracy                  0.1426
2025-04-28 02:52:24,090 simple_logger.py log_once [line:28] INFO mean_val_accuracy             0.1426
2025-04-28 02:52:24,090 simple_logger.py log_once [line:28] INFO std_val_accuracy              0.0227
2025-04-28 02:52:24,090 simple_logger.py log_once [line:28] INFO val_loss                      2.2368
2025-04-28 02:52:24,090 simple_logger.py log_once [line:28] INFO mean_val_loss                 2.2368
2025-04-28 02:52:24,090 simple_logger.py log_once [line:28] INFO std_val_loss                  0.0184
2025-04-28 02:52:24,090 fedbase.py run [line:323] INFO expense           180903030.0
2025-04-28 02:52:24,090 fedbase.py run [line:324] INFO Eval Time Cost:               3.1219s
2025-04-28 02:52:24,090 asyncbase.py iterate [line:68] INFO Select clients [0, 1, 2, 3, 4, 5, 6, 7, 8, 9, 10, 11, 12, 13, 14, 15, 16, 17, 18, 19] at time 24.
2025-04-28 02:52:59,444 asyncbase.py iterate [line:73] INFO Receive new models from clients [11, 6, 9, 4, 7, 18, 2, 5, 10, 8, 1, 0, 15, 13, 14, 3, 16, 12, 19, 17] at time 25
2025-04-28 02:53:06,661 fedbase.py run [line:318] INFO --------------Round 7--------------
2025-04-28 02:53:06,662 simple_logger.py log_once [line:14] INFO Current_time:25
2025-04-28 02:53:09,820 simple_logger.py log_once [line:28] INFO test_accuracy                 0.2320
2025-04-28 02:53:09,821 simple_logger.py log_once [line:28] INFO test_loss                     1.9573
2025-04-28 02:53:09,821 simple_logger.py log_once [line:28] INFO val_accuracy                  0.2304
2025-04-28 02:53:09,821 simple_logger.py log_once [line:28] INFO mean_val_accuracy             0.2304
2025-04-28 02:53:09,821 simple_logger.py log_once [line:28] INFO std_val_accuracy              0.0218
2025-04-28 02:53:09,821 simple_logger.py log_once [line:28] INFO val_loss                      1.9526
2025-04-28 02:53:09,821 simple_logger.py log_once [line:28] INFO mean_val_loss                 1.9526
2025-04-28 02:53:09,821 simple_logger.py log_once [line:28] INFO std_val_loss                  0.0305
2025-04-28 02:53:09,821 fedbase.py run [line:323] INFO expense           236772840.0
2025-04-28 02:53:09,821 fedbase.py run [line:324] INFO Eval Time Cost:               3.1594s
2025-04-28 02:53:09,821 asyncbase.py iterate [line:68] INFO Select clients [0, 1, 2, 3, 4, 5, 6, 7, 8, 9, 10, 11, 12, 13, 14, 15, 16, 17, 18, 19] at time 26.
2025-04-28 02:55:15,114 asyncbase.py iterate [line:73] INFO Receive new models from clients [3, 11, 18, 16, 14, 17, 8, 19, 0, 7, 12, 5, 6, 1, 4, 15, 9] at time 29
2025-04-28 02:55:15,115 asyncbase.py iterate [line:73] INFO Receive new models from clients [2, 10, 13] at time 30
2025-04-28 02:55:15,606 fedbase.py run [line:318] INFO --------------Round 8--------------
2025-04-28 02:55:15,607 simple_logger.py log_once [line:14] INFO Current_time:30
2025-04-28 02:55:18,686 simple_logger.py log_once [line:28] INFO test_accuracy                 0.2348
2025-04-28 02:55:18,686 simple_logger.py log_once [line:28] INFO test_loss                     2.0397
2025-04-28 02:55:18,686 simple_logger.py log_once [line:28] INFO val_accuracy                  0.2324
2025-04-28 02:55:18,686 simple_logger.py log_once [line:28] INFO mean_val_accuracy             0.2324
2025-04-28 02:55:18,686 simple_logger.py log_once [line:28] INFO std_val_accuracy              0.0277
2025-04-28 02:55:18,686 simple_logger.py log_once [line:28] INFO val_loss                      2.0385
2025-04-28 02:55:18,686 simple_logger.py log_once [line:28] INFO mean_val_loss                 2.0385
2025-04-28 02:55:18,686 simple_logger.py log_once [line:28] INFO std_val_loss                  0.0200
2025-04-28 02:55:18,686 fedbase.py run [line:323] INFO expense           241204040.0
2025-04-28 02:55:18,686 fedbase.py run [line:324] INFO Eval Time Cost:               3.0792s
2025-04-28 02:55:18,687 asyncbase.py iterate [line:68] INFO Select clients [0, 1, 2, 3, 4, 5, 6, 7, 8, 9, 10, 11, 12, 13, 14, 15, 16, 17, 18, 19] at time 31.
2025-04-28 02:55:55,405 asyncbase.py iterate [line:73] INFO Receive new models from clients [14, 13, 3, 7, 4, 5, 9, 17, 6, 18, 19, 16, 12, 15, 10, 2, 8, 11, 0, 1] at time 32
2025-04-28 02:56:02,162 fedbase.py run [line:318] INFO --------------Round 9--------------
2025-04-28 02:56:02,163 simple_logger.py log_once [line:14] INFO Current_time:32
2025-04-28 02:56:05,283 simple_logger.py log_once [line:28] INFO test_accuracy                 0.3011
2025-04-28 02:56:05,283 simple_logger.py log_once [line:28] INFO test_loss                     1.8427
2025-04-28 02:56:05,283 simple_logger.py log_once [line:28] INFO val_accuracy                  0.2888
2025-04-28 02:56:05,283 simple_logger.py log_once [line:28] INFO mean_val_accuracy             0.2888
2025-04-28 02:56:05,283 simple_logger.py log_once [line:28] INFO std_val_accuracy              0.0201
2025-04-28 02:56:05,283 simple_logger.py log_once [line:28] INFO val_loss                      1.8456
2025-04-28 02:56:05,283 simple_logger.py log_once [line:28] INFO mean_val_loss                 1.8456
2025-04-28 02:56:05,283 simple_logger.py log_once [line:28] INFO std_val_loss                  0.0301
2025-04-28 02:56:05,283 fedbase.py run [line:323] INFO expense           297073850.0
2025-04-28 02:56:05,283 fedbase.py run [line:324] INFO Eval Time Cost:               3.1207s
2025-04-28 02:56:05,284 asyncbase.py iterate [line:68] INFO Select clients [0, 1, 2, 3, 4, 5, 6, 7, 8, 9, 10, 11, 12, 13, 14, 15, 16, 17, 18, 19] at time 33.
2025-04-28 02:58:10,756 asyncbase.py iterate [line:73] INFO Receive new models from clients [13, 2, 5, 0, 19, 6, 17, 14, 9, 15, 11, 4, 10, 3, 7, 1, 8, 16, 12, 18] at time 36
2025-04-28 02:58:11,287 fedbase.py run [line:318] INFO --------------Round 10--------------
2025-04-28 02:58:11,287 simple_logger.py log_once [line:14] INFO Current_time:36
2025-04-28 02:58:14,446 simple_logger.py log_once [line:28] INFO test_accuracy                 0.2904
2025-04-28 02:58:14,446 simple_logger.py log_once [line:28] INFO test_loss                     1.8891
2025-04-28 02:58:14,446 simple_logger.py log_once [line:28] INFO val_accuracy                  0.2844
2025-04-28 02:58:14,446 simple_logger.py log_once [line:28] INFO mean_val_accuracy             0.2844
2025-04-28 02:58:14,446 simple_logger.py log_once [line:28] INFO std_val_accuracy              0.0255
2025-04-28 02:58:14,446 simple_logger.py log_once [line:28] INFO val_loss                      1.8891
2025-04-28 02:58:14,447 simple_logger.py log_once [line:28] INFO mean_val_loss                 1.8891
2025-04-28 02:58:14,447 simple_logger.py log_once [line:28] INFO std_val_loss                  0.0239
2025-04-28 02:58:14,447 fedbase.py run [line:323] INFO expense           301505050.0
2025-04-28 02:58:14,447 fedbase.py run [line:324] INFO Eval Time Cost:               3.1594s
2025-04-28 02:58:14,447 asyncbase.py iterate [line:68] INFO Select clients [0, 1, 2, 3, 4, 5, 6, 7, 8, 9, 10, 11, 12, 13, 14, 15, 16, 17, 18, 19] at time 37.
2025-04-28 02:58:51,150 asyncbase.py iterate [line:73] INFO Receive new models from clients [9, 15, 8, 3, 11, 19, 2, 10, 17, 6, 5, 13, 12, 4, 16, 1, 7, 14, 0, 18] at time 38
2025-04-28 02:58:57,678 fedbase.py run [line:318] INFO --------------Round 11--------------
2025-04-28 02:58:57,678 simple_logger.py log_once [line:14] INFO Current_time:38
2025-04-28 02:59:00,769 simple_logger.py log_once [line:28] INFO test_accuracy                 0.3440
2025-04-28 02:59:00,769 simple_logger.py log_once [line:28] INFO test_loss                     1.7255
2025-04-28 02:59:00,769 simple_logger.py log_once [line:28] INFO val_accuracy                  0.3308
2025-04-28 02:59:00,769 simple_logger.py log_once [line:28] INFO mean_val_accuracy             0.3308
2025-04-28 02:59:00,769 simple_logger.py log_once [line:28] INFO std_val_accuracy              0.0217
2025-04-28 02:59:00,769 simple_logger.py log_once [line:28] INFO val_loss                      1.7359
2025-04-28 02:59:00,769 simple_logger.py log_once [line:28] INFO mean_val_loss                 1.7359
2025-04-28 02:59:00,769 simple_logger.py log_once [line:28] INFO std_val_loss                  0.0498
2025-04-28 02:59:00,769 fedbase.py run [line:323] INFO expense           357374860.0
2025-04-28 02:59:00,769 fedbase.py run [line:324] INFO Eval Time Cost:               3.0909s
2025-04-28 02:59:00,769 asyncbase.py iterate [line:68] INFO Select clients [0, 1, 2, 3, 4, 5, 6, 7, 8, 9, 10, 11, 12, 13, 14, 15, 16, 17, 18, 19] at time 39.
2025-04-28 03:01:07,955 asyncbase.py iterate [line:73] INFO Receive new models from clients [12, 16, 1, 5, 3, 17, 6, 4, 14, 2, 11, 7, 8, 19, 15, 10, 13, 18] at time 42
2025-04-28 03:01:07,956 asyncbase.py iterate [line:73] INFO Receive new models from clients [9, 0] at time 43
2025-04-28 03:01:08,456 fedbase.py run [line:318] INFO --------------Round 12--------------
2025-04-28 03:01:08,456 simple_logger.py log_once [line:14] INFO Current_time:43
2025-04-28 03:01:11,601 simple_logger.py log_once [line:28] INFO test_accuracy                 0.3158
2025-04-28 03:01:11,601 simple_logger.py log_once [line:28] INFO test_loss                     1.7912
2025-04-28 03:01:11,601 simple_logger.py log_once [line:28] INFO val_accuracy                  0.3104
2025-04-28 03:01:11,601 simple_logger.py log_once [line:28] INFO mean_val_accuracy             0.3104
2025-04-28 03:01:11,601 simple_logger.py log_once [line:28] INFO std_val_accuracy              0.0285
2025-04-28 03:01:11,601 simple_logger.py log_once [line:28] INFO val_loss                      1.7972
2025-04-28 03:01:11,601 simple_logger.py log_once [line:28] INFO mean_val_loss                 1.7972
2025-04-28 03:01:11,601 simple_logger.py log_once [line:28] INFO std_val_loss                  0.0328
2025-04-28 03:01:11,601 fedbase.py run [line:323] INFO expense           361806060.0
2025-04-28 03:01:11,601 fedbase.py run [line:324] INFO Eval Time Cost:               3.1449s
2025-04-28 03:01:11,601 asyncbase.py iterate [line:68] INFO Select clients [0, 1, 2, 3, 4, 5, 6, 7, 8, 9, 10, 11, 12, 13, 14, 15, 16, 17, 18, 19] at time 44.
2025-04-28 03:01:45,473 asyncbase.py iterate [line:73] INFO Receive new models from clients [14, 7, 17, 6, 10, 12, 2, 3, 0, 9, 18, 19, 13, 1, 16, 5, 4, 11, 15, 8] at time 45
2025-04-28 03:01:52,416 fedbase.py run [line:318] INFO --------------Round 13--------------
2025-04-28 03:01:52,417 simple_logger.py log_once [line:14] INFO Current_time:45
2025-04-28 03:01:55,583 simple_logger.py log_once [line:28] INFO test_accuracy                 0.3702
2025-04-28 03:01:55,583 simple_logger.py log_once [line:28] INFO test_loss                     1.6745
2025-04-28 03:01:55,583 simple_logger.py log_once [line:28] INFO val_accuracy                  0.3524
2025-04-28 03:01:55,583 simple_logger.py log_once [line:28] INFO mean_val_accuracy             0.3524
2025-04-28 03:01:55,583 simple_logger.py log_once [line:28] INFO std_val_accuracy              0.0299
2025-04-28 03:01:55,583 simple_logger.py log_once [line:28] INFO val_loss                      1.6877
2025-04-28 03:01:55,583 simple_logger.py log_once [line:28] INFO mean_val_loss                 1.6877
2025-04-28 03:01:55,583 simple_logger.py log_once [line:28] INFO std_val_loss                  0.0524
2025-04-28 03:01:55,583 fedbase.py run [line:323] INFO expense           417675870.0
2025-04-28 03:01:55,583 fedbase.py run [line:324] INFO Eval Time Cost:               3.1662s
2025-04-28 03:01:55,583 asyncbase.py iterate [line:68] INFO Select clients [0, 1, 2, 3, 4, 5, 6, 7, 8, 9, 10, 11, 12, 13, 14, 15, 16, 17, 18, 19] at time 46.
2025-04-28 03:04:04,087 asyncbase.py iterate [line:73] INFO Receive new models from clients [10, 6, 19, 5, 8, 17, 15, 18, 1, 0, 16, 13, 2, 7, 4, 14, 12] at time 49
2025-04-28 03:04:04,087 asyncbase.py iterate [line:73] INFO Receive new models from clients [9, 3, 11] at time 50
2025-04-28 03:04:04,601 fedbase.py run [line:318] INFO --------------Round 14--------------
2025-04-28 03:04:04,602 simple_logger.py log_once [line:14] INFO Current_time:50
2025-04-28 03:04:07,682 simple_logger.py log_once [line:28] INFO test_accuracy                 0.3547
2025-04-28 03:04:07,683 simple_logger.py log_once [line:28] INFO test_loss                     1.7237
2025-04-28 03:04:07,683 simple_logger.py log_once [line:28] INFO val_accuracy                  0.3424
2025-04-28 03:04:07,683 simple_logger.py log_once [line:28] INFO mean_val_accuracy             0.3424
2025-04-28 03:04:07,683 simple_logger.py log_once [line:28] INFO std_val_accuracy              0.0333
2025-04-28 03:04:07,683 simple_logger.py log_once [line:28] INFO val_loss                      1.7347
2025-04-28 03:04:07,683 simple_logger.py log_once [line:28] INFO mean_val_loss                 1.7347
2025-04-28 03:04:07,683 simple_logger.py log_once [line:28] INFO std_val_loss                  0.0394
2025-04-28 03:04:07,683 fedbase.py run [line:323] INFO expense           422107070.0
2025-04-28 03:04:07,683 fedbase.py run [line:324] INFO Eval Time Cost:               3.0812s
2025-04-28 03:04:07,683 asyncbase.py iterate [line:68] INFO Select clients [0, 1, 2, 3, 4, 5, 6, 7, 8, 9, 10, 11, 12, 13, 14, 15, 16, 17, 18, 19] at time 51.
2025-04-28 03:04:43,756 asyncbase.py iterate [line:73] INFO Receive new models from clients [1, 17, 10, 0, 5, 9, 8, 6, 3, 15, 19, 4, 18, 2, 7, 12, 16, 11, 13, 14] at time 52
2025-04-28 03:04:50,159 fedbase.py run [line:318] INFO --------------Round 15--------------
2025-04-28 03:04:50,159 simple_logger.py log_once [line:14] INFO Current_time:52
2025-04-28 03:04:53,247 simple_logger.py log_once [line:28] INFO test_accuracy                 0.3990
2025-04-28 03:04:53,247 simple_logger.py log_once [line:28] INFO test_loss                     1.6028
2025-04-28 03:04:53,247 simple_logger.py log_once [line:28] INFO val_accuracy                  0.3842
2025-04-28 03:04:53,247 simple_logger.py log_once [line:28] INFO mean_val_accuracy             0.3842
2025-04-28 03:04:53,247 simple_logger.py log_once [line:28] INFO std_val_accuracy              0.0291
2025-04-28 03:04:53,247 simple_logger.py log_once [line:28] INFO val_loss                      1.6219
2025-04-28 03:04:53,247 simple_logger.py log_once [line:28] INFO mean_val_loss                 1.6219
2025-04-28 03:04:53,247 simple_logger.py log_once [line:28] INFO std_val_loss                  0.0557
2025-04-28 03:04:53,247 fedbase.py run [line:323] INFO expense           477976880.0
2025-04-28 03:04:53,247 fedbase.py run [line:324] INFO Eval Time Cost:               3.0879s
2025-04-28 03:04:53,247 asyncbase.py iterate [line:68] INFO Select clients [0, 1, 2, 3, 4, 5, 6, 7, 8, 9, 10, 11, 12, 13, 14, 15, 16, 17, 18, 19] at time 53.
2025-04-28 03:06:57,096 asyncbase.py iterate [line:73] INFO Receive new models from clients [5, 18, 7, 15, 16, 10, 3, 14, 4, 11, 8, 0, 1, 19, 17, 2, 9] at time 56
2025-04-28 03:06:57,096 asyncbase.py iterate [line:73] INFO Receive new models from clients [13, 6, 12] at time 57
2025-04-28 03:06:57,590 fedbase.py run [line:318] INFO --------------Round 16--------------
2025-04-28 03:06:57,590 simple_logger.py log_once [line:14] INFO Current_time:57
2025-04-28 03:07:00,703 simple_logger.py log_once [line:28] INFO test_accuracy                 0.3734
2025-04-28 03:07:00,703 simple_logger.py log_once [line:28] INFO test_loss                     1.6597
2025-04-28 03:07:00,703 simple_logger.py log_once [line:28] INFO val_accuracy                  0.3622
2025-04-28 03:07:00,703 simple_logger.py log_once [line:28] INFO mean_val_accuracy             0.3622
2025-04-28 03:07:00,703 simple_logger.py log_once [line:28] INFO std_val_accuracy              0.0309
2025-04-28 03:07:00,703 simple_logger.py log_once [line:28] INFO val_loss                      1.6763
2025-04-28 03:07:00,703 simple_logger.py log_once [line:28] INFO mean_val_loss                 1.6763
2025-04-28 03:07:00,703 simple_logger.py log_once [line:28] INFO std_val_loss                  0.0488
2025-04-28 03:07:00,703 fedbase.py run [line:323] INFO expense           482408080.0
2025-04-28 03:07:00,703 fedbase.py run [line:324] INFO Eval Time Cost:               3.1132s
2025-04-28 03:07:00,704 asyncbase.py iterate [line:68] INFO Select clients [0, 1, 2, 3, 4, 5, 6, 7, 8, 9, 10, 11, 12, 13, 14, 15, 16, 17, 18, 19] at time 58.
2025-04-28 03:07:31,752 asyncbase.py iterate [line:73] INFO Receive new models from clients [2, 18, 8, 7, 5, 12, 1, 15, 13, 16, 3, 10, 4, 11, 19, 9, 6, 17, 14, 0] at time 59
2025-04-28 03:07:38,328 fedbase.py run [line:318] INFO --------------Round 17--------------
2025-04-28 03:07:38,329 simple_logger.py log_once [line:14] INFO Current_time:59
2025-04-28 03:07:41,371 simple_logger.py log_once [line:28] INFO test_accuracy                 0.4154
2025-04-28 03:07:41,372 simple_logger.py log_once [line:28] INFO test_loss                     1.5599
2025-04-28 03:07:41,372 simple_logger.py log_once [line:28] INFO val_accuracy                  0.4020
2025-04-28 03:07:41,372 simple_logger.py log_once [line:28] INFO mean_val_accuracy             0.4020
2025-04-28 03:07:41,372 simple_logger.py log_once [line:28] INFO std_val_accuracy              0.0272
2025-04-28 03:07:41,372 simple_logger.py log_once [line:28] INFO val_loss                      1.5785
2025-04-28 03:07:41,372 simple_logger.py log_once [line:28] INFO mean_val_loss                 1.5785
2025-04-28 03:07:41,372 simple_logger.py log_once [line:28] INFO std_val_loss                  0.0535
2025-04-28 03:07:41,372 fedbase.py run [line:323] INFO expense           538277890.0
2025-04-28 03:07:41,372 fedbase.py run [line:324] INFO Eval Time Cost:               3.0433s
2025-04-28 03:07:41,372 asyncbase.py iterate [line:68] INFO Select clients [0, 1, 2, 3, 4, 5, 6, 7, 8, 9, 10, 11, 12, 13, 14, 15, 16, 17, 18, 19] at time 60.
2025-04-28 03:09:49,856 asyncbase.py iterate [line:73] INFO Receive new models from clients [18, 0, 6, 5, 11, 16, 10, 4, 8, 1, 3, 15, 7, 2] at time 63
2025-04-28 03:09:49,856 asyncbase.py iterate [line:73] INFO Receive new models from clients [13, 17, 14, 9, 19, 12] at time 64
2025-04-28 03:09:50,396 fedbase.py run [line:318] INFO --------------Round 18--------------
2025-04-28 03:09:50,397 simple_logger.py log_once [line:14] INFO Current_time:64
2025-04-28 03:09:53,538 simple_logger.py log_once [line:28] INFO test_accuracy                 0.3904
2025-04-28 03:09:53,539 simple_logger.py log_once [line:28] INFO test_loss                     1.6179
2025-04-28 03:09:53,539 simple_logger.py log_once [line:28] INFO val_accuracy                  0.3770
2025-04-28 03:09:53,539 simple_logger.py log_once [line:28] INFO mean_val_accuracy             0.3770
2025-04-28 03:09:53,539 simple_logger.py log_once [line:28] INFO std_val_accuracy              0.0300
2025-04-28 03:09:53,539 simple_logger.py log_once [line:28] INFO val_loss                      1.6337
2025-04-28 03:09:53,539 simple_logger.py log_once [line:28] INFO mean_val_loss                 1.6337
2025-04-28 03:09:53,539 simple_logger.py log_once [line:28] INFO std_val_loss                  0.0518
2025-04-28 03:09:53,539 fedbase.py run [line:323] INFO expense           542709090.0
2025-04-28 03:09:53,539 fedbase.py run [line:324] INFO Eval Time Cost:               3.1424s
2025-04-28 03:09:53,539 asyncbase.py iterate [line:68] INFO Select clients [0, 1, 2, 3, 4, 5, 6, 7, 8, 9, 10, 11, 12, 13, 14, 15, 16, 17, 18, 19] at time 65.
2025-04-28 03:11:55,629 asyncbase.py iterate [line:73] INFO Receive new models from clients [0, 13, 11, 7, 4, 12, 19, 2, 9, 15, 5, 3, 18, 10, 6, 16, 8, 1, 17, 14] at time 66
2025-04-28 03:11:56,139 fedbase.py run [line:318] INFO --------------Round 19--------------
2025-04-28 03:11:56,140 simple_logger.py log_once [line:14] INFO Current_time:66
2025-04-28 03:11:59,279 simple_logger.py log_once [line:28] INFO test_accuracy                 0.3789
2025-04-28 03:11:59,279 simple_logger.py log_once [line:28] INFO test_loss                     1.6389
2025-04-28 03:11:59,279 simple_logger.py log_once [line:28] INFO val_accuracy                  0.3668
2025-04-28 03:11:59,279 simple_logger.py log_once [line:28] INFO mean_val_accuracy             0.3668
2025-04-28 03:11:59,279 simple_logger.py log_once [line:28] INFO std_val_accuracy              0.0305
2025-04-28 03:11:59,279 simple_logger.py log_once [line:28] INFO val_loss                      1.6534
2025-04-28 03:11:59,279 simple_logger.py log_once [line:28] INFO mean_val_loss                 1.6534
2025-04-28 03:11:59,280 simple_logger.py log_once [line:28] INFO std_val_loss                  0.0517
2025-04-28 03:11:59,280 fedbase.py run [line:323] INFO expense           547140290.0
2025-04-28 03:11:59,280 fedbase.py run [line:324] INFO Eval Time Cost:               3.1397s
2025-04-28 03:11:59,280 asyncbase.py iterate [line:68] INFO Select clients [0, 1, 2, 3, 4, 5, 6, 7, 8, 9, 10, 11, 12, 13, 14, 15, 16, 17, 18, 19] at time 67.
2025-04-28 03:12:32,228 asyncbase.py iterate [line:73] INFO Receive new models from clients [8, 7, 12, 4, 14, 0, 3, 17, 2, 11, 16, 10, 15, 6, 19, 5, 13, 1, 18, 9] at time 68
2025-04-28 03:12:39,652 fedbase.py run [line:318] INFO --------------Round 20--------------
2025-04-28 03:12:39,653 simple_logger.py log_once [line:14] INFO Current_time:68
2025-04-28 03:12:42,777 simple_logger.py log_once [line:28] INFO test_accuracy                 0.4318
2025-04-28 03:12:42,778 simple_logger.py log_once [line:28] INFO test_loss                     1.5205
2025-04-28 03:12:42,778 simple_logger.py log_once [line:28] INFO val_accuracy                  0.4202
2025-04-28 03:12:42,778 simple_logger.py log_once [line:28] INFO mean_val_accuracy             0.4202
2025-04-28 03:12:42,778 simple_logger.py log_once [line:28] INFO std_val_accuracy              0.0319
2025-04-28 03:12:42,778 simple_logger.py log_once [line:28] INFO val_loss                      1.5412
2025-04-28 03:12:42,778 simple_logger.py log_once [line:28] INFO mean_val_loss                 1.5412
2025-04-28 03:12:42,778 simple_logger.py log_once [line:28] INFO std_val_loss                  0.0605
2025-04-28 03:12:42,778 fedbase.py run [line:323] INFO expense           603010100.0
2025-04-28 03:12:42,778 fedbase.py run [line:324] INFO Eval Time Cost:               3.1254s
2025-04-28 03:12:42,778 asyncbase.py iterate [line:68] INFO Select clients [0, 1, 2, 3, 4, 5, 6, 7, 8, 9, 10, 11, 12, 13, 14, 15, 16, 17, 18, 19] at time 69.
2025-04-28 03:14:54,140 asyncbase.py iterate [line:73] INFO Receive new models from clients [0, 5, 6, 1, 18, 2, 3, 17, 19, 4, 8, 13, 11, 12, 15, 9] at time 72
2025-04-28 03:14:54,141 asyncbase.py iterate [line:73] INFO Receive new models from clients [14, 16, 7, 10] at time 73
2025-04-28 03:14:54,665 fedbase.py run [line:318] INFO --------------Round 21--------------
2025-04-28 03:14:54,665 simple_logger.py log_once [line:14] INFO Current_time:73
2025-04-28 03:14:57,766 simple_logger.py log_once [line:28] INFO test_accuracy                 0.4189
2025-04-28 03:14:57,766 simple_logger.py log_once [line:28] INFO test_loss                     1.5583
2025-04-28 03:14:57,766 simple_logger.py log_once [line:28] INFO val_accuracy                  0.4068
2025-04-28 03:14:57,766 simple_logger.py log_once [line:28] INFO mean_val_accuracy             0.4068
2025-04-28 03:14:57,766 simple_logger.py log_once [line:28] INFO std_val_accuracy              0.0314
2025-04-28 03:14:57,766 simple_logger.py log_once [line:28] INFO val_loss                      1.5763
2025-04-28 03:14:57,766 simple_logger.py log_once [line:28] INFO mean_val_loss                 1.5763
2025-04-28 03:14:57,766 simple_logger.py log_once [line:28] INFO std_val_loss                  0.0537
2025-04-28 03:14:57,766 fedbase.py run [line:323] INFO expense           607441300.0
2025-04-28 03:14:57,766 fedbase.py run [line:324] INFO Eval Time Cost:               3.1009s
2025-04-28 03:14:57,767 asyncbase.py iterate [line:68] INFO Select clients [0, 1, 2, 3, 4, 5, 6, 7, 8, 9, 10, 11, 12, 13, 14, 15, 16, 17, 18, 19] at time 74.
2025-04-28 03:17:03,639 asyncbase.py iterate [line:73] INFO Receive new models from clients [0, 2, 13, 17, 12, 11, 8, 18, 14, 1, 16, 9, 6, 15, 7, 5, 19, 10, 3, 4] at time 75
2025-04-28 03:17:04,110 fedbase.py run [line:318] INFO --------------Round 22--------------
2025-04-28 03:17:04,111 simple_logger.py log_once [line:14] INFO Current_time:75
2025-04-28 03:17:07,209 simple_logger.py log_once [line:28] INFO test_accuracy                 0.4061
2025-04-28 03:17:07,209 simple_logger.py log_once [line:28] INFO test_loss                     1.5851
2025-04-28 03:17:07,209 simple_logger.py log_once [line:28] INFO val_accuracy                  0.3964
2025-04-28 03:17:07,209 simple_logger.py log_once [line:28] INFO mean_val_accuracy             0.3964
2025-04-28 03:17:07,209 simple_logger.py log_once [line:28] INFO std_val_accuracy              0.0307
2025-04-28 03:17:07,209 simple_logger.py log_once [line:28] INFO val_loss                      1.6045
2025-04-28 03:17:07,209 simple_logger.py log_once [line:28] INFO mean_val_loss                 1.6045
2025-04-28 03:17:07,209 simple_logger.py log_once [line:28] INFO std_val_loss                  0.0552
2025-04-28 03:17:07,210 fedbase.py run [line:323] INFO expense           611872500.0
2025-04-28 03:17:07,210 fedbase.py run [line:324] INFO Eval Time Cost:               3.0985s
2025-04-28 03:17:07,210 asyncbase.py iterate [line:68] INFO Select clients [0, 1, 2, 3, 4, 5, 6, 7, 8, 9, 10, 11, 12, 13, 14, 15, 16, 17, 18, 19] at time 76.
2025-04-28 03:17:37,681 asyncbase.py iterate [line:73] INFO Receive new models from clients [15, 12, 19, 2, 9, 11, 6, 1, 17, 18, 8, 0, 13, 5, 7, 4, 3, 14, 16, 10] at time 77
2025-04-28 03:17:44,753 fedbase.py run [line:318] INFO --------------Round 23--------------
2025-04-28 03:17:44,754 simple_logger.py log_once [line:14] INFO Current_time:77
2025-04-28 03:17:47,872 simple_logger.py log_once [line:28] INFO test_accuracy                 0.4523
2025-04-28 03:17:47,872 simple_logger.py log_once [line:28] INFO test_loss                     1.4682
2025-04-28 03:17:47,872 simple_logger.py log_once [line:28] INFO val_accuracy                  0.4476
2025-04-28 03:17:47,872 simple_logger.py log_once [line:28] INFO mean_val_accuracy             0.4476
2025-04-28 03:17:47,872 simple_logger.py log_once [line:28] INFO std_val_accuracy              0.0245
2025-04-28 03:17:47,873 simple_logger.py log_once [line:28] INFO val_loss                      1.4834
2025-04-28 03:17:47,873 simple_logger.py log_once [line:28] INFO mean_val_loss                 1.4834
2025-04-28 03:17:47,873 simple_logger.py log_once [line:28] INFO std_val_loss                  0.0574
2025-04-28 03:17:47,873 fedbase.py run [line:323] INFO expense           667742310.0
2025-04-28 03:17:47,873 fedbase.py run [line:324] INFO Eval Time Cost:               3.1186s
2025-04-28 03:17:47,873 asyncbase.py iterate [line:68] INFO Select clients [0, 1, 2, 3, 4, 5, 6, 7, 8, 9, 10, 11, 12, 13, 14, 15, 16, 17, 18, 19] at time 78.
2025-04-28 03:19:53,434 asyncbase.py iterate [line:73] INFO Receive new models from clients [6, 3, 14, 18, 12, 8, 4, 16, 15, 5, 9, 19, 17, 0] at time 81
2025-04-28 03:19:53,434 asyncbase.py iterate [line:73] INFO Receive new models from clients [1, 13, 7, 11, 2, 10] at time 82
2025-04-28 03:19:53,964 fedbase.py run [line:318] INFO --------------Round 24--------------
2025-04-28 03:19:53,964 simple_logger.py log_once [line:14] INFO Current_time:82
2025-04-28 03:19:57,036 simple_logger.py log_once [line:28] INFO test_accuracy                 0.4417
2025-04-28 03:19:57,036 simple_logger.py log_once [line:28] INFO test_loss                     1.4994
2025-04-28 03:19:57,036 simple_logger.py log_once [line:28] INFO val_accuracy                  0.4386
2025-04-28 03:19:57,036 simple_logger.py log_once [line:28] INFO mean_val_accuracy             0.4386
2025-04-28 03:19:57,036 simple_logger.py log_once [line:28] INFO std_val_accuracy              0.0268
2025-04-28 03:19:57,036 simple_logger.py log_once [line:28] INFO val_loss                      1.5117
2025-04-28 03:19:57,036 simple_logger.py log_once [line:28] INFO mean_val_loss                 1.5117
2025-04-28 03:19:57,036 simple_logger.py log_once [line:28] INFO std_val_loss                  0.0492
2025-04-28 03:19:57,037 fedbase.py run [line:323] INFO expense           672173510.0
2025-04-28 03:19:57,037 fedbase.py run [line:324] INFO Eval Time Cost:               3.0724s
2025-04-28 03:19:57,037 asyncbase.py iterate [line:68] INFO Select clients [0, 1, 2, 3, 4, 5, 6, 7, 8, 9, 10, 11, 12, 13, 14, 15, 16, 17, 18, 19] at time 83.
2025-04-28 03:22:02,992 asyncbase.py iterate [line:73] INFO Receive new models from clients [6, 3, 12, 17, 10, 5, 8, 16, 13, 15, 14, 4, 19, 7, 0, 9, 1, 2, 18, 11] at time 84
2025-04-28 03:22:03,511 fedbase.py run [line:318] INFO --------------Round 25--------------
2025-04-28 03:22:03,512 simple_logger.py log_once [line:14] INFO Current_time:84
2025-04-28 03:22:06,669 simple_logger.py log_once [line:28] INFO test_accuracy                 0.4490
2025-04-28 03:22:06,669 simple_logger.py log_once [line:28] INFO test_loss                     1.4841
2025-04-28 03:22:06,669 simple_logger.py log_once [line:28] INFO val_accuracy                  0.4496
2025-04-28 03:22:06,669 simple_logger.py log_once [line:28] INFO mean_val_accuracy             0.4496
2025-04-28 03:22:06,669 simple_logger.py log_once [line:28] INFO std_val_accuracy              0.0311
2025-04-28 03:22:06,669 simple_logger.py log_once [line:28] INFO val_loss                      1.4975
2025-04-28 03:22:06,669 simple_logger.py log_once [line:28] INFO mean_val_loss                 1.4975
2025-04-28 03:22:06,669 simple_logger.py log_once [line:28] INFO std_val_loss                  0.0503
2025-04-28 03:22:06,669 fedbase.py run [line:323] INFO expense           676604710.0
2025-04-28 03:22:06,669 fedbase.py run [line:324] INFO Eval Time Cost:               3.1572s
2025-04-28 03:22:06,669 asyncbase.py iterate [line:68] INFO Select clients [0, 1, 2, 3, 4, 5, 6, 7, 8, 9, 10, 11, 12, 13, 14, 15, 16, 17, 18, 19] at time 85.
2025-04-28 03:22:42,742 asyncbase.py iterate [line:73] INFO Receive new models from clients [17, 6, 9, 10, 0, 14, 19, 12, 18, 2, 11, 15, 3, 1, 5, 4, 13, 16, 7, 8] at time 86
2025-04-28 03:22:50,726 fedbase.py run [line:318] INFO --------------Round 26--------------
2025-04-28 03:22:50,727 simple_logger.py log_once [line:14] INFO Current_time:86
2025-04-28 03:22:53,765 simple_logger.py log_once [line:28] INFO test_accuracy                 0.4686
2025-04-28 03:22:53,766 simple_logger.py log_once [line:28] INFO test_loss                     1.4324
2025-04-28 03:22:53,766 simple_logger.py log_once [line:28] INFO val_accuracy                  0.4626
2025-04-28 03:22:53,766 simple_logger.py log_once [line:28] INFO mean_val_accuracy             0.4626
2025-04-28 03:22:53,766 simple_logger.py log_once [line:28] INFO std_val_accuracy              0.0281
2025-04-28 03:22:53,766 simple_logger.py log_once [line:28] INFO val_loss                      1.4512
2025-04-28 03:22:53,766 simple_logger.py log_once [line:28] INFO mean_val_loss                 1.4512
2025-04-28 03:22:53,766 simple_logger.py log_once [line:28] INFO std_val_loss                  0.0527
2025-04-28 03:22:53,766 fedbase.py run [line:323] INFO expense           732474520.0
2025-04-28 03:22:53,766 fedbase.py run [line:324] INFO Eval Time Cost:               3.0394s
2025-04-28 03:22:53,766 asyncbase.py iterate [line:68] INFO Select clients [0, 1, 2, 3, 4, 5, 6, 7, 8, 9, 10, 11, 12, 13, 14, 15, 16, 17, 18, 19] at time 87.
2025-04-28 03:24:54,941 asyncbase.py iterate [line:73] INFO Receive new models from clients [17, 6, 16, 14, 1, 10, 18, 19, 15, 0, 3, 2, 8, 11, 5, 4, 7, 12, 13] at time 90
2025-04-28 03:24:54,941 asyncbase.py iterate [line:73] INFO Receive new models from clients [9] at time 91
2025-04-28 03:24:55,474 fedbase.py run [line:318] INFO --------------Round 27--------------
2025-04-28 03:24:55,475 simple_logger.py log_once [line:14] INFO Current_time:91
2025-04-28 03:24:58,568 simple_logger.py log_once [line:28] INFO test_accuracy                 0.4549
2025-04-28 03:24:58,568 simple_logger.py log_once [line:28] INFO test_loss                     1.4665
2025-04-28 03:24:58,568 simple_logger.py log_once [line:28] INFO val_accuracy                  0.4570
2025-04-28 03:24:58,568 simple_logger.py log_once [line:28] INFO mean_val_accuracy             0.4570
2025-04-28 03:24:58,568 simple_logger.py log_once [line:28] INFO std_val_accuracy              0.0258
2025-04-28 03:24:58,568 simple_logger.py log_once [line:28] INFO val_loss                      1.4801
2025-04-28 03:24:58,569 simple_logger.py log_once [line:28] INFO mean_val_loss                 1.4801
2025-04-28 03:24:58,569 simple_logger.py log_once [line:28] INFO std_val_loss                  0.0501
2025-04-28 03:24:58,569 fedbase.py run [line:323] INFO expense           736905720.0
2025-04-28 03:24:58,569 fedbase.py run [line:324] INFO Eval Time Cost:               3.0935s
2025-04-28 03:24:58,569 asyncbase.py iterate [line:68] INFO Select clients [0, 1, 2, 3, 4, 5, 6, 7, 8, 9, 10, 11, 12, 13, 14, 15, 16, 17, 18, 19] at time 92.
2025-04-28 03:27:00,311 asyncbase.py iterate [line:73] INFO Receive new models from clients [3, 12, 17, 5, 7, 11, 13, 16, 6, 1, 15, 10, 0, 14, 8, 18, 4, 19, 2, 9] at time 93
2025-04-28 03:27:00,817 fedbase.py run [line:318] INFO --------------Round 28--------------
2025-04-28 03:27:00,817 simple_logger.py log_once [line:14] INFO Current_time:93
2025-04-28 03:27:03,971 simple_logger.py log_once [line:28] INFO test_accuracy                 0.4614
2025-04-28 03:27:03,971 simple_logger.py log_once [line:28] INFO test_loss                     1.4521
2025-04-28 03:27:03,971 simple_logger.py log_once [line:28] INFO val_accuracy                  0.4504
2025-04-28 03:27:03,971 simple_logger.py log_once [line:28] INFO mean_val_accuracy             0.4504
2025-04-28 03:27:03,971 simple_logger.py log_once [line:28] INFO std_val_accuracy              0.0272
2025-04-28 03:27:03,971 simple_logger.py log_once [line:28] INFO val_loss                      1.4673
2025-04-28 03:27:03,971 simple_logger.py log_once [line:28] INFO mean_val_loss                 1.4673
2025-04-28 03:27:03,971 simple_logger.py log_once [line:28] INFO std_val_loss                  0.0498
2025-04-28 03:27:03,971 fedbase.py run [line:323] INFO expense           741336920.0
2025-04-28 03:27:03,972 fedbase.py run [line:324] INFO Eval Time Cost:               3.1541s
2025-04-28 03:27:03,972 asyncbase.py iterate [line:68] INFO Select clients [0, 1, 2, 3, 4, 5, 6, 7, 8, 9, 10, 11, 12, 13, 14, 15, 16, 17, 18, 19] at time 94.
2025-04-28 03:27:38,906 asyncbase.py iterate [line:73] INFO Receive new models from clients [9, 12, 3, 17, 5, 10, 4, 11, 19, 18, 1, 7, 15, 13, 6, 16, 0, 2, 14, 8] at time 95
2025-04-28 03:27:45,510 fedbase.py run [line:318] INFO --------------Round 29--------------
2025-04-28 03:27:45,510 simple_logger.py log_once [line:14] INFO Current_time:95
2025-04-28 03:27:48,606 simple_logger.py log_once [line:28] INFO test_accuracy                 0.4840
2025-04-28 03:27:48,607 simple_logger.py log_once [line:28] INFO test_loss                     1.3958
2025-04-28 03:27:48,607 simple_logger.py log_once [line:28] INFO val_accuracy                  0.4806
2025-04-28 03:27:48,607 simple_logger.py log_once [line:28] INFO mean_val_accuracy             0.4806
2025-04-28 03:27:48,607 simple_logger.py log_once [line:28] INFO std_val_accuracy              0.0287
2025-04-28 03:27:48,607 simple_logger.py log_once [line:28] INFO val_loss                      1.4128
2025-04-28 03:27:48,607 simple_logger.py log_once [line:28] INFO mean_val_loss                 1.4128
2025-04-28 03:27:48,607 simple_logger.py log_once [line:28] INFO std_val_loss                  0.0568
2025-04-28 03:27:48,607 fedbase.py run [line:323] INFO expense           797206730.0
2025-04-28 03:27:48,607 fedbase.py run [line:324] INFO Eval Time Cost:               3.0967s
2025-04-28 03:27:48,607 asyncbase.py iterate [line:68] INFO Select clients [0, 1, 2, 3, 4, 5, 6, 7, 8, 9, 10, 11, 12, 13, 14, 15, 16, 17, 18, 19] at time 96.
2025-04-28 03:29:50,905 asyncbase.py iterate [line:73] INFO Receive new models from clients [10, 6, 8, 9, 12, 14, 1, 4, 11, 5, 2, 16, 7, 13, 18, 19, 0, 17] at time 99
2025-04-28 03:29:50,905 asyncbase.py iterate [line:73] INFO Receive new models from clients [15, 3] at time 100
2025-04-28 03:29:51,447 fedbase.py run [line:318] INFO --------------Round 30--------------
2025-04-28 03:29:51,448 simple_logger.py log_once [line:14] INFO Current_time:100
2025-04-28 03:29:54,574 simple_logger.py log_once [line:28] INFO test_accuracy                 0.4778
2025-04-28 03:29:54,574 simple_logger.py log_once [line:28] INFO test_loss                     1.4085
2025-04-28 03:29:54,574 simple_logger.py log_once [line:28] INFO val_accuracy                  0.4722
2025-04-28 03:29:54,574 simple_logger.py log_once [line:28] INFO mean_val_accuracy             0.4722
2025-04-28 03:29:54,574 simple_logger.py log_once [line:28] INFO std_val_accuracy              0.0265
2025-04-28 03:29:54,574 simple_logger.py log_once [line:28] INFO val_loss                      1.4250
2025-04-28 03:29:54,574 simple_logger.py log_once [line:28] INFO mean_val_loss                 1.4250
2025-04-28 03:29:54,574 simple_logger.py log_once [line:28] INFO std_val_loss                  0.0528
2025-04-28 03:29:54,574 fedbase.py run [line:323] INFO expense           801637930.0
2025-04-28 03:29:54,574 fedbase.py run [line:324] INFO Eval Time Cost:               3.1270s
2025-04-28 03:29:54,575 asyncbase.py iterate [line:68] INFO Select clients [0, 1, 2, 3, 4, 5, 6, 7, 8, 9, 10, 11, 12, 13, 14, 15, 16, 17, 18, 19] at time 101.
2025-04-28 03:32:02,914 asyncbase.py iterate [line:73] INFO Receive new models from clients [6, 7, 13, 4, 8, 5, 14, 2, 0, 19, 16, 12, 15, 18, 10, 11, 3, 1, 9, 17] at time 102
2025-04-28 03:32:03,386 fedbase.py run [line:318] INFO --------------Round 31--------------
2025-04-28 03:32:03,387 simple_logger.py log_once [line:14] INFO Current_time:102
2025-04-28 03:32:06,549 simple_logger.py log_once [line:28] INFO test_accuracy                 0.4774
2025-04-28 03:32:06,550 simple_logger.py log_once [line:28] INFO test_loss                     1.4155
2025-04-28 03:32:06,550 simple_logger.py log_once [line:28] INFO val_accuracy                  0.4718
2025-04-28 03:32:06,550 simple_logger.py log_once [line:28] INFO mean_val_accuracy             0.4718
2025-04-28 03:32:06,550 simple_logger.py log_once [line:28] INFO std_val_accuracy              0.0260
2025-04-28 03:32:06,550 simple_logger.py log_once [line:28] INFO val_loss                      1.4288
2025-04-28 03:32:06,550 simple_logger.py log_once [line:28] INFO mean_val_loss                 1.4288
2025-04-28 03:32:06,550 simple_logger.py log_once [line:28] INFO std_val_loss                  0.0537
2025-04-28 03:32:06,550 fedbase.py run [line:323] INFO expense           806069130.0
2025-04-28 03:32:06,550 fedbase.py run [line:324] INFO Eval Time Cost:               3.1630s
2025-04-28 03:32:06,550 asyncbase.py iterate [line:68] INFO Select clients [0, 1, 2, 3, 4, 5, 6, 7, 8, 9, 10, 11, 12, 13, 14, 15, 16, 17, 18, 19] at time 103.
2025-04-28 03:32:41,615 asyncbase.py iterate [line:73] INFO Receive new models from clients [10, 8, 19, 14, 5, 1, 0, 13, 16, 9, 7, 15, 17, 6, 18, 4, 2, 12, 3, 11] at time 104
2025-04-28 03:32:48,821 fedbase.py run [line:318] INFO --------------Round 32--------------
2025-04-28 03:32:48,822 simple_logger.py log_once [line:14] INFO Current_time:104
2025-04-28 03:32:51,939 simple_logger.py log_once [line:28] INFO test_accuracy                 0.4967
2025-04-28 03:32:51,939 simple_logger.py log_once [line:28] INFO test_loss                     1.3714
2025-04-28 03:32:51,940 simple_logger.py log_once [line:28] INFO val_accuracy                  0.4882
2025-04-28 03:32:51,940 simple_logger.py log_once [line:28] INFO mean_val_accuracy             0.4882
2025-04-28 03:32:51,940 simple_logger.py log_once [line:28] INFO std_val_accuracy              0.0286
2025-04-28 03:32:51,940 simple_logger.py log_once [line:28] INFO val_loss                      1.3886
2025-04-28 03:32:51,940 simple_logger.py log_once [line:28] INFO mean_val_loss                 1.3886
2025-04-28 03:32:51,940 simple_logger.py log_once [line:28] INFO std_val_loss                  0.0549
2025-04-28 03:32:51,940 fedbase.py run [line:323] INFO expense           861938940.0
2025-04-28 03:32:51,940 fedbase.py run [line:324] INFO Eval Time Cost:               3.1182s
2025-04-28 03:32:51,940 asyncbase.py iterate [line:68] INFO Select clients [0, 1, 2, 3, 4, 5, 6, 7, 8, 9, 10, 11, 12, 13, 14, 15, 16, 17, 18, 19] at time 105.
2025-04-28 03:34:53,472 asyncbase.py iterate [line:73] INFO Receive new models from clients [1, 14, 7, 3, 5, 16, 10, 17, 12, 19, 9, 0, 18, 13, 11] at time 108
2025-04-28 03:34:53,472 asyncbase.py iterate [line:73] INFO Receive new models from clients [6, 2, 8, 15, 4] at time 109
2025-04-28 03:34:53,931 fedbase.py run [line:318] INFO --------------Round 33--------------
2025-04-28 03:34:53,931 simple_logger.py log_once [line:14] INFO Current_time:109
2025-04-28 03:34:56,936 simple_logger.py log_once [line:28] INFO test_accuracy                 0.4875
2025-04-28 03:34:56,936 simple_logger.py log_once [line:28] INFO test_loss                     1.4001
2025-04-28 03:34:56,937 simple_logger.py log_once [line:28] INFO val_accuracy                  0.4776
2025-04-28 03:34:56,937 simple_logger.py log_once [line:28] INFO mean_val_accuracy             0.4776
2025-04-28 03:34:56,937 simple_logger.py log_once [line:28] INFO std_val_accuracy              0.0263
2025-04-28 03:34:56,937 simple_logger.py log_once [line:28] INFO val_loss                      1.4145
2025-04-28 03:34:56,937 simple_logger.py log_once [line:28] INFO mean_val_loss                 1.4145
2025-04-28 03:34:56,937 simple_logger.py log_once [line:28] INFO std_val_loss                  0.0519
2025-04-28 03:34:56,937 fedbase.py run [line:323] INFO expense           866370140.0
2025-04-28 03:34:56,937 fedbase.py run [line:324] INFO Eval Time Cost:               3.0059s
2025-04-28 03:34:56,937 asyncbase.py iterate [line:68] INFO Select clients [0, 1, 2, 3, 4, 5, 6, 7, 8, 9, 10, 11, 12, 13, 14, 15, 16, 17, 18, 19] at time 110.
2025-04-28 03:37:02,899 asyncbase.py iterate [line:73] INFO Receive new models from clients [4, 19, 1, 6, 3, 16, 5, 7, 13, 10, 8, 18, 17, 11, 15, 9, 0, 14, 2, 12] at time 111
2025-04-28 03:37:03,368 fedbase.py run [line:318] INFO --------------Round 34--------------
2025-04-28 03:37:03,369 simple_logger.py log_once [line:14] INFO Current_time:111
2025-04-28 03:37:06,419 simple_logger.py log_once [line:28] INFO test_accuracy                 0.4911
2025-04-28 03:37:06,419 simple_logger.py log_once [line:28] INFO test_loss                     1.3852
2025-04-28 03:37:06,419 simple_logger.py log_once [line:28] INFO val_accuracy                  0.4826
2025-04-28 03:37:06,419 simple_logger.py log_once [line:28] INFO mean_val_accuracy             0.4826
2025-04-28 03:37:06,419 simple_logger.py log_once [line:28] INFO std_val_accuracy              0.0253
2025-04-28 03:37:06,419 simple_logger.py log_once [line:28] INFO val_loss                      1.3992
2025-04-28 03:37:06,419 simple_logger.py log_once [line:28] INFO mean_val_loss                 1.3992
2025-04-28 03:37:06,419 simple_logger.py log_once [line:28] INFO std_val_loss                  0.0523
2025-04-28 03:37:06,419 fedbase.py run [line:323] INFO expense           870801340.0
2025-04-28 03:37:06,419 fedbase.py run [line:324] INFO Eval Time Cost:               3.0506s
2025-04-28 03:37:06,419 asyncbase.py iterate [line:68] INFO Select clients [0, 1, 2, 3, 4, 5, 6, 7, 8, 9, 10, 11, 12, 13, 14, 15, 16, 17, 18, 19] at time 112.
2025-04-28 03:39:09,362 asyncbase.py iterate [line:73] INFO Receive new models from clients [11, 7, 0, 2, 17, 1, 8, 16, 6, 14, 10, 3, 9, 15, 5, 18, 12, 4, 19, 13] at time 113
2025-04-28 03:39:09,889 fedbase.py run [line:318] INFO --------------Round 35--------------
2025-04-28 03:39:09,890 simple_logger.py log_once [line:14] INFO Current_time:113
2025-04-28 03:39:12,964 simple_logger.py log_once [line:28] INFO test_accuracy                 0.5030
2025-04-28 03:39:12,964 simple_logger.py log_once [line:28] INFO test_loss                     1.3615
2025-04-28 03:39:12,964 simple_logger.py log_once [line:28] INFO val_accuracy                  0.4928
2025-04-28 03:39:12,965 simple_logger.py log_once [line:28] INFO mean_val_accuracy             0.4928
2025-04-28 03:39:12,965 simple_logger.py log_once [line:28] INFO std_val_accuracy              0.0215
2025-04-28 03:39:12,965 simple_logger.py log_once [line:28] INFO val_loss                      1.3778
2025-04-28 03:39:12,965 simple_logger.py log_once [line:28] INFO mean_val_loss                 1.3778
2025-04-28 03:39:12,965 simple_logger.py log_once [line:28] INFO std_val_loss                  0.0534
2025-04-28 03:39:12,965 fedbase.py run [line:323] INFO expense           875232540.0
2025-04-28 03:39:12,965 fedbase.py run [line:324] INFO Eval Time Cost:               3.0752s
2025-04-28 03:39:12,965 asyncbase.py iterate [line:68] INFO Select clients [0, 1, 2, 3, 4, 5, 6, 7, 8, 9, 10, 11, 12, 13, 14, 15, 16, 17, 18, 19] at time 114.
2025-04-28 03:39:49,026 asyncbase.py iterate [line:73] INFO Receive new models from clients [14, 18, 19, 16, 17, 5, 0, 13, 12, 10, 7, 8, 2, 1, 15, 4, 9, 3, 6, 11] at time 115
2025-04-28 03:39:56,756 fedbase.py run [line:318] INFO --------------Round 36--------------
2025-04-28 03:39:56,757 simple_logger.py log_once [line:14] INFO Current_time:115
2025-04-28 03:39:59,880 simple_logger.py log_once [line:28] INFO test_accuracy                 0.5152
2025-04-28 03:39:59,880 simple_logger.py log_once [line:28] INFO test_loss                     1.3187
2025-04-28 03:39:59,881 simple_logger.py log_once [line:28] INFO val_accuracy                  0.5078
2025-04-28 03:39:59,881 simple_logger.py log_once [line:28] INFO mean_val_accuracy             0.5078
2025-04-28 03:39:59,881 simple_logger.py log_once [line:28] INFO std_val_accuracy              0.0277
2025-04-28 03:39:59,881 simple_logger.py log_once [line:28] INFO val_loss                      1.3369
2025-04-28 03:39:59,881 simple_logger.py log_once [line:28] INFO mean_val_loss                 1.3369
2025-04-28 03:39:59,881 simple_logger.py log_once [line:28] INFO std_val_loss                  0.0555
2025-04-28 03:39:59,881 fedbase.py run [line:323] INFO expense           931102350.0
2025-04-28 03:39:59,881 fedbase.py run [line:324] INFO Eval Time Cost:               3.1241s
2025-04-28 03:39:59,881 asyncbase.py iterate [line:68] INFO Select clients [0, 1, 2, 3, 4, 5, 6, 7, 8, 9, 10, 11, 12, 13, 14, 15, 16, 17, 18, 19] at time 116.
2025-04-28 03:42:03,829 asyncbase.py iterate [line:73] INFO Receive new models from clients [0, 1, 16, 6, 17, 14, 8, 3, 9, 19, 2, 11, 5, 12, 13, 4, 18, 10, 15] at time 119
2025-04-28 03:42:03,830 asyncbase.py iterate [line:73] INFO Receive new models from clients [7] at time 120
2025-04-28 03:42:04,365 fedbase.py run [line:318] INFO --------------Round 37--------------
2025-04-28 03:42:04,366 simple_logger.py log_once [line:14] INFO Current_time:120
2025-04-28 03:42:07,525 simple_logger.py log_once [line:28] INFO test_accuracy                 0.5099
2025-04-28 03:42:07,526 simple_logger.py log_once [line:28] INFO test_loss                     1.3386
2025-04-28 03:42:07,526 simple_logger.py log_once [line:28] INFO val_accuracy                  0.5016
2025-04-28 03:42:07,526 simple_logger.py log_once [line:28] INFO mean_val_accuracy             0.5016
2025-04-28 03:42:07,526 simple_logger.py log_once [line:28] INFO std_val_accuracy              0.0257
2025-04-28 03:42:07,526 simple_logger.py log_once [line:28] INFO val_loss                      1.3546
2025-04-28 03:42:07,526 simple_logger.py log_once [line:28] INFO mean_val_loss                 1.3546
2025-04-28 03:42:07,526 simple_logger.py log_once [line:28] INFO std_val_loss                  0.0517
2025-04-28 03:42:07,526 fedbase.py run [line:323] INFO expense           935533550.0
2025-04-28 03:42:07,526 fedbase.py run [line:324] INFO Eval Time Cost:               3.1602s
2025-04-28 03:42:07,526 asyncbase.py iterate [line:68] INFO Select clients [0, 1, 2, 3, 4, 5, 6, 7, 8, 9, 10, 11, 12, 13, 14, 15, 16, 17, 18, 19] at time 121.
2025-04-28 03:44:15,792 asyncbase.py iterate [line:73] INFO Receive new models from clients [12, 19, 7, 5, 4, 16, 8, 15, 9, 0, 17, 13, 18, 14, 11, 1, 10, 6, 3, 2] at time 122
2025-04-28 03:44:16,329 fedbase.py run [line:318] INFO --------------Round 38--------------
2025-04-28 03:44:16,330 simple_logger.py log_once [line:14] INFO Current_time:122
2025-04-28 03:44:19,464 simple_logger.py log_once [line:28] INFO test_accuracy                 0.5175
2025-04-28 03:44:19,465 simple_logger.py log_once [line:28] INFO test_loss                     1.3128
2025-04-28 03:44:19,465 simple_logger.py log_once [line:28] INFO val_accuracy                  0.5172
2025-04-28 03:44:19,465 simple_logger.py log_once [line:28] INFO mean_val_accuracy             0.5172
2025-04-28 03:44:19,465 simple_logger.py log_once [line:28] INFO std_val_accuracy              0.0288
2025-04-28 03:44:19,465 simple_logger.py log_once [line:28] INFO val_loss                      1.3290
2025-04-28 03:44:19,465 simple_logger.py log_once [line:28] INFO mean_val_loss                 1.3290
2025-04-28 03:44:19,465 simple_logger.py log_once [line:28] INFO std_val_loss                  0.0554
2025-04-28 03:44:19,465 fedbase.py run [line:323] INFO expense           939964750.0
2025-04-28 03:44:19,465 fedbase.py run [line:324] INFO Eval Time Cost:               3.1352s
2025-04-28 03:44:19,465 asyncbase.py iterate [line:68] INFO Select clients [0, 1, 2, 3, 4, 5, 6, 7, 8, 9, 10, 11, 12, 13, 14, 15, 16, 17, 18, 19] at time 123.
2025-04-28 03:46:24,037 asyncbase.py iterate [line:73] INFO Receive new models from clients [9, 5, 17, 7, 11, 10, 19, 2, 4, 13, 12, 18, 0, 3, 16, 14, 8, 15, 6, 1] at time 124
2025-04-28 03:46:24,528 fedbase.py run [line:318] INFO --------------Round 39--------------
2025-04-28 03:46:24,529 simple_logger.py log_once [line:14] INFO Current_time:124
2025-04-28 03:46:27,666 simple_logger.py log_once [line:28] INFO test_accuracy                 0.5130
2025-04-28 03:46:27,666 simple_logger.py log_once [line:28] INFO test_loss                     1.3266
2025-04-28 03:46:27,667 simple_logger.py log_once [line:28] INFO val_accuracy                  0.5060
2025-04-28 03:46:27,667 simple_logger.py log_once [line:28] INFO mean_val_accuracy             0.5060
2025-04-28 03:46:27,667 simple_logger.py log_once [line:28] INFO std_val_accuracy              0.0268
2025-04-28 03:46:27,667 simple_logger.py log_once [line:28] INFO val_loss                      1.3422
2025-04-28 03:46:27,667 simple_logger.py log_once [line:28] INFO mean_val_loss                 1.3422
2025-04-28 03:46:27,667 simple_logger.py log_once [line:28] INFO std_val_loss                  0.0519
2025-04-28 03:46:27,667 fedbase.py run [line:323] INFO expense           944395950.0
2025-04-28 03:46:27,667 fedbase.py run [line:324] INFO Eval Time Cost:               3.1379s
2025-04-28 03:46:27,667 asyncbase.py iterate [line:68] INFO Select clients [0, 1, 2, 3, 4, 5, 6, 7, 8, 9, 10, 11, 12, 13, 14, 15, 16, 17, 18, 19] at time 125.
2025-04-28 03:46:59,494 asyncbase.py iterate [line:73] INFO Receive new models from clients [9, 13, 6, 12, 18, 7, 1, 0, 17, 3, 15, 19, 2, 4, 8, 5, 14, 16, 11, 10] at time 126
2025-04-28 03:47:06,421 fedbase.py run [line:318] INFO --------------Round 40--------------
2025-04-28 03:47:06,422 simple_logger.py log_once [line:14] INFO Current_time:126
2025-04-28 03:47:09,575 simple_logger.py log_once [line:28] INFO test_accuracy                 0.5220
2025-04-28 03:47:09,575 simple_logger.py log_once [line:28] INFO test_loss                     1.3027
2025-04-28 03:47:09,575 simple_logger.py log_once [line:28] INFO val_accuracy                  0.5128
2025-04-28 03:47:09,575 simple_logger.py log_once [line:28] INFO mean_val_accuracy             0.5128
2025-04-28 03:47:09,575 simple_logger.py log_once [line:28] INFO std_val_accuracy              0.0297
2025-04-28 03:47:09,575 simple_logger.py log_once [line:28] INFO val_loss                      1.3189
2025-04-28 03:47:09,575 simple_logger.py log_once [line:28] INFO mean_val_loss                 1.3189
2025-04-28 03:47:09,575 simple_logger.py log_once [line:28] INFO std_val_loss                  0.0552
2025-04-28 03:47:09,575 fedbase.py run [line:323] INFO expense           1000265760.0
2025-04-28 03:47:09,576 fedbase.py run [line:324] INFO Eval Time Cost:               3.1539s
2025-04-28 03:47:09,576 asyncbase.py iterate [line:68] INFO Select clients [0, 1, 2, 3, 4, 5, 6, 7, 8, 9, 10, 11, 12, 13, 14, 15, 16, 17, 18, 19] at time 127.
2025-04-28 03:49:16,536 asyncbase.py iterate [line:73] INFO Receive new models from clients [15, 0, 9, 18, 10, 5, 4, 3, 16, 8, 11, 7, 12, 2, 14, 13, 19, 1] at time 130
2025-04-28 03:49:16,536 asyncbase.py iterate [line:73] INFO Receive new models from clients [17, 6] at time 131
2025-04-28 03:49:17,114 fedbase.py run [line:318] INFO --------------Round 41--------------
2025-04-28 03:49:17,114 simple_logger.py log_once [line:14] INFO Current_time:131
2025-04-28 03:49:20,201 simple_logger.py log_once [line:28] INFO test_accuracy                 0.5277
2025-04-28 03:49:20,201 simple_logger.py log_once [line:28] INFO test_loss                     1.2955
2025-04-28 03:49:20,201 simple_logger.py log_once [line:28] INFO val_accuracy                  0.5174
2025-04-28 03:49:20,201 simple_logger.py log_once [line:28] INFO mean_val_accuracy             0.5174
2025-04-28 03:49:20,201 simple_logger.py log_once [line:28] INFO std_val_accuracy              0.0325
2025-04-28 03:49:20,201 simple_logger.py log_once [line:28] INFO val_loss                      1.3110
2025-04-28 03:49:20,202 simple_logger.py log_once [line:28] INFO mean_val_loss                 1.3110
2025-04-28 03:49:20,202 simple_logger.py log_once [line:28] INFO std_val_loss                  0.0564
2025-04-28 03:49:20,202 fedbase.py run [line:323] INFO expense           1004696960.0
2025-04-28 03:49:20,202 fedbase.py run [line:324] INFO Eval Time Cost:               3.0873s
2025-04-28 03:49:20,202 asyncbase.py iterate [line:68] INFO Select clients [0, 1, 2, 3, 4, 5, 6, 7, 8, 9, 10, 11, 12, 13, 14, 15, 16, 17, 18, 19] at time 132.
2025-04-28 03:51:32,297 asyncbase.py iterate [line:73] INFO Receive new models from clients [7, 3, 16, 9, 8, 19, 11, 14, 0, 13, 5, 10, 2, 18, 1, 4, 15, 6, 17, 12] at time 133
2025-04-28 03:51:32,939 fedbase.py run [line:318] INFO --------------Round 42--------------
2025-04-28 03:51:32,940 simple_logger.py log_once [line:14] INFO Current_time:133
2025-04-28 03:51:36,091 simple_logger.py log_once [line:28] INFO test_accuracy                 0.5292
2025-04-28 03:51:36,091 simple_logger.py log_once [line:28] INFO test_loss                     1.2977
2025-04-28 03:51:36,091 simple_logger.py log_once [line:28] INFO val_accuracy                  0.5226
2025-04-28 03:51:36,091 simple_logger.py log_once [line:28] INFO mean_val_accuracy             0.5226
2025-04-28 03:51:36,091 simple_logger.py log_once [line:28] INFO std_val_accuracy              0.0268
2025-04-28 03:51:36,091 simple_logger.py log_once [line:28] INFO val_loss                      1.3114
2025-04-28 03:51:36,091 simple_logger.py log_once [line:28] INFO mean_val_loss                 1.3114
2025-04-28 03:51:36,091 simple_logger.py log_once [line:28] INFO std_val_loss                  0.0556
2025-04-28 03:51:36,091 fedbase.py run [line:323] INFO expense           1009128160.0
2025-04-28 03:51:36,091 fedbase.py run [line:324] INFO Eval Time Cost:               3.1512s
2025-04-28 03:51:36,091 asyncbase.py iterate [line:68] INFO Select clients [0, 1, 2, 3, 4, 5, 6, 7, 8, 9, 10, 11, 12, 13, 14, 15, 16, 17, 18, 19] at time 134.
2025-04-28 03:53:41,590 asyncbase.py iterate [line:73] INFO Receive new models from clients [12, 7, 2, 19, 4, 10, 11, 6, 9, 13, 0, 5, 1, 14, 3, 8, 15, 17, 16, 18] at time 135
2025-04-28 03:53:42,077 fedbase.py run [line:318] INFO --------------Round 43--------------
2025-04-28 03:53:42,077 simple_logger.py log_once [line:14] INFO Current_time:135
2025-04-28 03:53:45,282 simple_logger.py log_once [line:28] INFO test_accuracy                 0.5201
2025-04-28 03:53:45,282 simple_logger.py log_once [line:28] INFO test_loss                     1.3068
2025-04-28 03:53:45,282 simple_logger.py log_once [line:28] INFO val_accuracy                  0.5142
2025-04-28 03:53:45,282 simple_logger.py log_once [line:28] INFO mean_val_accuracy             0.5142
2025-04-28 03:53:45,282 simple_logger.py log_once [line:28] INFO std_val_accuracy              0.0251
2025-04-28 03:53:45,282 simple_logger.py log_once [line:28] INFO val_loss                      1.3208
2025-04-28 03:53:45,282 simple_logger.py log_once [line:28] INFO mean_val_loss                 1.3208
2025-04-28 03:53:45,283 simple_logger.py log_once [line:28] INFO std_val_loss                  0.0558
2025-04-28 03:53:45,283 fedbase.py run [line:323] INFO expense           1013559360.0
2025-04-28 03:53:45,283 fedbase.py run [line:324] INFO Eval Time Cost:               3.2052s
2025-04-28 03:53:45,283 asyncbase.py iterate [line:68] INFO Select clients [0, 1, 2, 3, 4, 5, 6, 7, 8, 9, 10, 11, 12, 13, 14, 15, 16, 17, 18, 19] at time 136.
2025-04-28 03:54:21,966 asyncbase.py iterate [line:73] INFO Receive new models from clients [4, 8, 12, 0, 16, 6, 3, 15, 17, 13, 1, 2, 9, 11, 5, 18, 10, 19, 7, 14] at time 137
2025-04-28 03:54:29,327 fedbase.py run [line:318] INFO --------------Round 44--------------
2025-04-28 03:54:29,327 simple_logger.py log_once [line:14] INFO Current_time:137
2025-04-28 03:54:32,440 simple_logger.py log_once [line:28] INFO test_accuracy                 0.5474
2025-04-28 03:54:32,440 simple_logger.py log_once [line:28] INFO test_loss                     1.2428
2025-04-28 03:54:32,441 simple_logger.py log_once [line:28] INFO val_accuracy                  0.5302
2025-04-28 03:54:32,441 simple_logger.py log_once [line:28] INFO mean_val_accuracy             0.5302
2025-04-28 03:54:32,441 simple_logger.py log_once [line:28] INFO std_val_accuracy              0.0310
2025-04-28 03:54:32,441 simple_logger.py log_once [line:28] INFO val_loss                      1.2612
2025-04-28 03:54:32,441 simple_logger.py log_once [line:28] INFO mean_val_loss                 1.2612
2025-04-28 03:54:32,441 simple_logger.py log_once [line:28] INFO std_val_loss                  0.0609
2025-04-28 03:54:32,441 fedbase.py run [line:323] INFO expense           1069429170.0
2025-04-28 03:54:32,441 fedbase.py run [line:324] INFO Eval Time Cost:               3.1137s
2025-04-28 03:54:32,441 asyncbase.py iterate [line:68] INFO Select clients [0, 1, 2, 3, 4, 5, 6, 7, 8, 9, 10, 11, 12, 13, 14, 15, 16, 17, 18, 19] at time 138.
2025-04-28 03:56:32,197 asyncbase.py iterate [line:73] INFO Receive new models from clients [13, 18, 19, 11, 10, 8, 17, 9, 0, 3, 12, 15, 14, 7, 1, 2, 5] at time 141
2025-04-28 03:56:32,198 asyncbase.py iterate [line:73] INFO Receive new models from clients [16, 6, 4] at time 142
2025-04-28 03:56:32,783 fedbase.py run [line:318] INFO --------------Round 45--------------
2025-04-28 03:56:32,783 simple_logger.py log_once [line:14] INFO Current_time:142
2025-04-28 03:56:35,909 simple_logger.py log_once [line:28] INFO test_accuracy                 0.5423
2025-04-28 03:56:35,909 simple_logger.py log_once [line:28] INFO test_loss                     1.2597
2025-04-28 03:56:35,909 simple_logger.py log_once [line:28] INFO val_accuracy                  0.5280
2025-04-28 03:56:35,909 simple_logger.py log_once [line:28] INFO mean_val_accuracy             0.5280
2025-04-28 03:56:35,909 simple_logger.py log_once [line:28] INFO std_val_accuracy              0.0313
2025-04-28 03:56:35,909 simple_logger.py log_once [line:28] INFO val_loss                      1.2786
2025-04-28 03:56:35,909 simple_logger.py log_once [line:28] INFO mean_val_loss                 1.2786
2025-04-28 03:56:35,909 simple_logger.py log_once [line:28] INFO std_val_loss                  0.0582
2025-04-28 03:56:35,910 fedbase.py run [line:323] INFO expense           1073860370.0
2025-04-28 03:56:35,910 fedbase.py run [line:324] INFO Eval Time Cost:               3.1263s
2025-04-28 03:56:35,910 asyncbase.py iterate [line:68] INFO Select clients [0, 1, 2, 3, 4, 5, 6, 7, 8, 9, 10, 11, 12, 13, 14, 15, 16, 17, 18, 19] at time 143.
2025-04-28 03:58:45,681 asyncbase.py iterate [line:73] INFO Receive new models from clients [4, 13, 6, 10, 8, 0, 2, 12, 18, 3, 19, 11, 1, 5, 7, 16, 9, 17, 15, 14] at time 144
2025-04-28 03:58:46,183 fedbase.py run [line:318] INFO --------------Round 46--------------
2025-04-28 03:58:46,184 simple_logger.py log_once [line:14] INFO Current_time:144
2025-04-28 03:58:49,270 simple_logger.py log_once [line:28] INFO test_accuracy                 0.5346
2025-04-28 03:58:49,270 simple_logger.py log_once [line:28] INFO test_loss                     1.2774
2025-04-28 03:58:49,270 simple_logger.py log_once [line:28] INFO val_accuracy                  0.5216
2025-04-28 03:58:49,270 simple_logger.py log_once [line:28] INFO mean_val_accuracy             0.5216
2025-04-28 03:58:49,270 simple_logger.py log_once [line:28] INFO std_val_accuracy              0.0274
2025-04-28 03:58:49,270 simple_logger.py log_once [line:28] INFO val_loss                      1.2952
2025-04-28 03:58:49,270 simple_logger.py log_once [line:28] INFO mean_val_loss                 1.2952
2025-04-28 03:58:49,270 simple_logger.py log_once [line:28] INFO std_val_loss                  0.0584
2025-04-28 03:58:49,270 fedbase.py run [line:323] INFO expense           1078291570.0
2025-04-28 03:58:49,270 fedbase.py run [line:324] INFO Eval Time Cost:               3.0864s
2025-04-28 03:58:49,270 asyncbase.py iterate [line:68] INFO Select clients [0, 1, 2, 3, 4, 5, 6, 7, 8, 9, 10, 11, 12, 13, 14, 15, 16, 17, 18, 19] at time 145.
2025-04-28 04:00:55,681 asyncbase.py iterate [line:73] INFO Receive new models from clients [0, 4, 8, 10, 14, 5, 9, 15, 17, 18, 16, 2, 6, 19, 7, 12, 11, 13, 3, 1] at time 146
2025-04-28 04:00:56,216 fedbase.py run [line:318] INFO --------------Round 47--------------
2025-04-28 04:00:56,217 simple_logger.py log_once [line:14] INFO Current_time:146
2025-04-28 04:00:59,443 simple_logger.py log_once [line:28] INFO test_accuracy                 0.5406
2025-04-28 04:00:59,443 simple_logger.py log_once [line:28] INFO test_loss                     1.2599
2025-04-28 04:00:59,443 simple_logger.py log_once [line:28] INFO val_accuracy                  0.5264
2025-04-28 04:00:59,443 simple_logger.py log_once [line:28] INFO mean_val_accuracy             0.5264
2025-04-28 04:00:59,443 simple_logger.py log_once [line:28] INFO std_val_accuracy              0.0245
2025-04-28 04:00:59,443 simple_logger.py log_once [line:28] INFO val_loss                      1.2779
2025-04-28 04:00:59,443 simple_logger.py log_once [line:28] INFO mean_val_loss                 1.2779
2025-04-28 04:00:59,443 simple_logger.py log_once [line:28] INFO std_val_loss                  0.0574
2025-04-28 04:00:59,443 fedbase.py run [line:323] INFO expense           1082722770.0
2025-04-28 04:00:59,443 fedbase.py run [line:324] INFO Eval Time Cost:               3.2264s
2025-04-28 04:00:59,443 asyncbase.py iterate [line:68] INFO Select clients [0, 1, 2, 3, 4, 5, 6, 7, 8, 9, 10, 11, 12, 13, 14, 15, 16, 17, 18, 19] at time 147.
2025-04-28 04:01:35,536 asyncbase.py iterate [line:73] INFO Receive new models from clients [4, 8, 2, 12, 19, 13, 16, 10, 1, 3, 18, 6, 7, 0, 15, 14, 11, 9, 5, 17] at time 148
2025-04-28 04:01:41,899 fedbase.py run [line:318] INFO --------------Round 48--------------
2025-04-28 04:01:41,899 simple_logger.py log_once [line:14] INFO Current_time:148
2025-04-28 04:01:44,930 simple_logger.py log_once [line:28] INFO test_accuracy                 0.5658
2025-04-28 04:01:44,931 simple_logger.py log_once [line:28] INFO test_loss                     1.2080
2025-04-28 04:01:44,931 simple_logger.py log_once [line:28] INFO val_accuracy                  0.5506
2025-04-28 04:01:44,931 simple_logger.py log_once [line:28] INFO mean_val_accuracy             0.5506
2025-04-28 04:01:44,931 simple_logger.py log_once [line:28] INFO std_val_accuracy              0.0276
2025-04-28 04:01:44,931 simple_logger.py log_once [line:28] INFO val_loss                      1.2243
2025-04-28 04:01:44,931 simple_logger.py log_once [line:28] INFO mean_val_loss                 1.2243
2025-04-28 04:01:44,931 simple_logger.py log_once [line:28] INFO std_val_loss                  0.0613
2025-04-28 04:01:44,931 fedbase.py run [line:323] INFO expense           1138592580.0
2025-04-28 04:01:44,931 fedbase.py run [line:324] INFO Eval Time Cost:               3.0317s
2025-04-28 04:01:44,931 asyncbase.py iterate [line:68] INFO Select clients [0, 1, 2, 3, 4, 5, 6, 7, 8, 9, 10, 11, 12, 13, 14, 15, 16, 17, 18, 19] at time 149.
2025-04-28 04:03:47,525 asyncbase.py iterate [line:73] INFO Receive new models from clients [12, 8, 7, 18, 4, 1, 9, 15, 17, 14, 3, 19, 16, 11, 13, 0, 2] at time 152
2025-04-28 04:03:47,525 asyncbase.py iterate [line:73] INFO Receive new models from clients [6, 5, 10] at time 153
2025-04-28 04:03:48,041 fedbase.py run [line:318] INFO --------------Round 49--------------
2025-04-28 04:03:48,042 simple_logger.py log_once [line:14] INFO Current_time:153
2025-04-28 04:03:51,182 simple_logger.py log_once [line:28] INFO test_accuracy                 0.5538
2025-04-28 04:03:51,182 simple_logger.py log_once [line:28] INFO test_loss                     1.2347
2025-04-28 04:03:51,183 simple_logger.py log_once [line:28] INFO val_accuracy                  0.5398
2025-04-28 04:03:51,183 simple_logger.py log_once [line:28] INFO mean_val_accuracy             0.5398
2025-04-28 04:03:51,183 simple_logger.py log_once [line:28] INFO std_val_accuracy              0.0313
2025-04-28 04:03:51,183 simple_logger.py log_once [line:28] INFO val_loss                      1.2492
2025-04-28 04:03:51,183 simple_logger.py log_once [line:28] INFO mean_val_loss                 1.2492
2025-04-28 04:03:51,183 simple_logger.py log_once [line:28] INFO std_val_loss                  0.0609
2025-04-28 04:03:51,183 fedbase.py run [line:323] INFO expense           1143023780.0
2025-04-28 04:03:51,183 fedbase.py run [line:324] INFO Eval Time Cost:               3.1415s
2025-04-28 04:03:51,183 asyncbase.py iterate [line:68] INFO Select clients [0, 1, 2, 3, 4, 5, 6, 7, 8, 9, 10, 11, 12, 13, 14, 15, 16, 17, 18, 19] at time 154.
2025-04-28 04:05:54,372 asyncbase.py iterate [line:73] INFO Receive new models from clients [15, 4, 1, 6, 2, 0, 18, 7, 14, 9, 8, 17, 12, 11, 10, 16, 13, 19, 3, 5] at time 155
2025-04-28 04:05:54,905 fedbase.py run [line:318] INFO --------------Round 50--------------
2025-04-28 04:05:54,906 simple_logger.py log_once [line:14] INFO Current_time:155
2025-04-28 04:05:57,975 simple_logger.py log_once [line:28] INFO test_accuracy                 0.5558
2025-04-28 04:05:57,975 simple_logger.py log_once [line:28] INFO test_loss                     1.2267
2025-04-28 04:05:57,975 simple_logger.py log_once [line:28] INFO val_accuracy                  0.5440
2025-04-28 04:05:57,975 simple_logger.py log_once [line:28] INFO mean_val_accuracy             0.5440
2025-04-28 04:05:57,975 simple_logger.py log_once [line:28] INFO std_val_accuracy              0.0288
2025-04-28 04:05:57,975 simple_logger.py log_once [line:28] INFO val_loss                      1.2407
2025-04-28 04:05:57,975 simple_logger.py log_once [line:28] INFO mean_val_loss                 1.2407
2025-04-28 04:05:57,975 simple_logger.py log_once [line:28] INFO std_val_loss                  0.0623
2025-04-28 04:05:57,975 fedbase.py run [line:323] INFO expense           1147454980.0
2025-04-28 04:05:57,975 fedbase.py run [line:324] INFO Eval Time Cost:               3.0697s
2025-04-28 04:05:57,976 asyncbase.py iterate [line:68] INFO Select clients [0, 1, 2, 3, 4, 5, 6, 7, 8, 9, 10, 11, 12, 13, 14, 15, 16, 17, 18, 19] at time 156.
2025-04-28 04:08:04,327 asyncbase.py iterate [line:73] INFO Receive new models from clients [13, 3, 7, 9, 12, 18, 5, 16, 19, 14, 10, 15, 17, 11, 2, 4, 0, 8, 6, 1] at time 157
2025-04-28 04:08:04,826 fedbase.py run [line:318] INFO --------------Round 51--------------
2025-04-28 04:08:04,827 simple_logger.py log_once [line:14] INFO Current_time:157
2025-04-28 04:08:08,047 simple_logger.py log_once [line:28] INFO test_accuracy                 0.5606
2025-04-28 04:08:08,047 simple_logger.py log_once [line:28] INFO test_loss                     1.2147
2025-04-28 04:08:08,047 simple_logger.py log_once [line:28] INFO val_accuracy                  0.5492
2025-04-28 04:08:08,047 simple_logger.py log_once [line:28] INFO mean_val_accuracy             0.5492
2025-04-28 04:08:08,047 simple_logger.py log_once [line:28] INFO std_val_accuracy              0.0323
2025-04-28 04:08:08,048 simple_logger.py log_once [line:28] INFO val_loss                      1.2285
2025-04-28 04:08:08,048 simple_logger.py log_once [line:28] INFO mean_val_loss                 1.2285
2025-04-28 04:08:08,048 simple_logger.py log_once [line:28] INFO std_val_loss                  0.0608
2025-04-28 04:08:08,048 fedbase.py run [line:323] INFO expense           1151886180.0
2025-04-28 04:08:08,048 fedbase.py run [line:324] INFO Eval Time Cost:               3.2207s
2025-04-28 04:08:08,048 asyncbase.py iterate [line:68] INFO Select clients [0, 1, 2, 3, 4, 5, 6, 7, 8, 9, 10, 11, 12, 13, 14, 15, 16, 17, 18, 19] at time 158.
2025-04-28 04:10:15,427 asyncbase.py iterate [line:73] INFO Receive new models from clients [0, 19, 17, 13, 4, 1, 8, 15, 16, 11, 6, 10, 12, 9, 5, 7, 2, 14, 18, 3] at time 159
2025-04-28 04:10:15,950 fedbase.py run [line:318] INFO --------------Round 52--------------
2025-04-28 04:10:15,951 simple_logger.py log_once [line:14] INFO Current_time:159
2025-04-28 04:10:19,100 simple_logger.py log_once [line:28] INFO test_accuracy                 0.5625
2025-04-28 04:10:19,100 simple_logger.py log_once [line:28] INFO test_loss                     1.2092
2025-04-28 04:10:19,100 simple_logger.py log_once [line:28] INFO val_accuracy                  0.5494
2025-04-28 04:10:19,100 simple_logger.py log_once [line:28] INFO mean_val_accuracy             0.5494
2025-04-28 04:10:19,100 simple_logger.py log_once [line:28] INFO std_val_accuracy              0.0275
2025-04-28 04:10:19,100 simple_logger.py log_once [line:28] INFO val_loss                      1.2246
2025-04-28 04:10:19,100 simple_logger.py log_once [line:28] INFO mean_val_loss                 1.2246
2025-04-28 04:10:19,101 simple_logger.py log_once [line:28] INFO std_val_loss                  0.0613
2025-04-28 04:10:19,101 fedbase.py run [line:323] INFO expense           1156317380.0
2025-04-28 04:10:19,101 fedbase.py run [line:324] INFO Eval Time Cost:               3.1499s
2025-04-28 04:10:19,101 asyncbase.py iterate [line:68] INFO Select clients [0, 1, 2, 3, 4, 5, 6, 7, 8, 9, 10, 11, 12, 13, 14, 15, 16, 17, 18, 19] at time 160.
2025-04-28 04:10:54,892 asyncbase.py iterate [line:73] INFO Receive new models from clients [7, 17, 12, 2, 0, 15, 18, 11, 9, 5, 8, 1, 16, 13, 14, 6, 10, 19, 3, 4] at time 161
2025-04-28 04:11:01,689 fedbase.py run [line:318] INFO --------------Round 53--------------
2025-04-28 04:11:01,689 simple_logger.py log_once [line:14] INFO Current_time:161
2025-04-28 04:11:04,831 simple_logger.py log_once [line:28] INFO test_accuracy                 0.5776
2025-04-28 04:11:04,831 simple_logger.py log_once [line:28] INFO test_loss                     1.1722
2025-04-28 04:11:04,831 simple_logger.py log_once [line:28] INFO val_accuracy                  0.5640
2025-04-28 04:11:04,831 simple_logger.py log_once [line:28] INFO mean_val_accuracy             0.5640
2025-04-28 04:11:04,831 simple_logger.py log_once [line:28] INFO std_val_accuracy              0.0319
2025-04-28 04:11:04,831 simple_logger.py log_once [line:28] INFO val_loss                      1.1883
2025-04-28 04:11:04,831 simple_logger.py log_once [line:28] INFO mean_val_loss                 1.1883
2025-04-28 04:11:04,831 simple_logger.py log_once [line:28] INFO std_val_loss                  0.0611
2025-04-28 04:11:04,831 fedbase.py run [line:323] INFO expense           1212187190.0
2025-04-28 04:11:04,831 fedbase.py run [line:324] INFO Eval Time Cost:               3.1421s
2025-04-28 04:11:04,831 asyncbase.py iterate [line:68] INFO Select clients [0, 1, 2, 3, 4, 5, 6, 7, 8, 9, 10, 11, 12, 13, 14, 15, 16, 17, 18, 19] at time 162.
2025-04-28 04:13:10,272 asyncbase.py iterate [line:73] INFO Receive new models from clients [2, 16, 6, 7, 5, 8, 17, 4, 19, 13, 18, 0, 14, 1, 11, 10, 12, 15] at time 165
2025-04-28 04:13:10,272 asyncbase.py iterate [line:73] INFO Receive new models from clients [3, 9] at time 166
2025-04-28 04:13:10,826 fedbase.py run [line:318] INFO --------------Round 54--------------
2025-04-28 04:13:10,827 simple_logger.py log_once [line:14] INFO Current_time:166
2025-04-28 04:13:14,055 simple_logger.py log_once [line:28] INFO test_accuracy                 0.5727
2025-04-28 04:13:14,055 simple_logger.py log_once [line:28] INFO test_loss                     1.1847
2025-04-28 04:13:14,055 simple_logger.py log_once [line:28] INFO val_accuracy                  0.5554
2025-04-28 04:13:14,055 simple_logger.py log_once [line:28] INFO mean_val_accuracy             0.5554
2025-04-28 04:13:14,055 simple_logger.py log_once [line:28] INFO std_val_accuracy              0.0333
2025-04-28 04:13:14,055 simple_logger.py log_once [line:28] INFO val_loss                      1.2005
2025-04-28 04:13:14,055 simple_logger.py log_once [line:28] INFO mean_val_loss                 1.2005
2025-04-28 04:13:14,056 simple_logger.py log_once [line:28] INFO std_val_loss                  0.0594
2025-04-28 04:13:14,056 fedbase.py run [line:323] INFO expense           1216618390.0
2025-04-28 04:13:14,056 fedbase.py run [line:324] INFO Eval Time Cost:               3.2288s
2025-04-28 04:13:14,056 asyncbase.py iterate [line:68] INFO Select clients [0, 1, 2, 3, 4, 5, 6, 7, 8, 9, 10, 11, 12, 13, 14, 15, 16, 17, 18, 19] at time 167.
2025-04-28 04:15:22,635 asyncbase.py iterate [line:73] INFO Receive new models from clients [14, 15, 6, 13, 2, 19, 4, 5, 18, 16, 7, 11, 3, 12, 10, 1, 0, 8, 17, 9] at time 168
2025-04-28 04:15:23,248 fedbase.py run [line:318] INFO --------------Round 55--------------
2025-04-28 04:15:23,249 simple_logger.py log_once [line:14] INFO Current_time:168
2025-04-28 04:15:26,356 simple_logger.py log_once [line:28] INFO test_accuracy                 0.5667
2025-04-28 04:15:26,356 simple_logger.py log_once [line:28] INFO test_loss                     1.2038
2025-04-28 04:15:26,356 simple_logger.py log_once [line:28] INFO val_accuracy                  0.5516
2025-04-28 04:15:26,356 simple_logger.py log_once [line:28] INFO mean_val_accuracy             0.5516
2025-04-28 04:15:26,356 simple_logger.py log_once [line:28] INFO std_val_accuracy              0.0324
2025-04-28 04:15:26,356 simple_logger.py log_once [line:28] INFO val_loss                      1.2181
2025-04-28 04:15:26,356 simple_logger.py log_once [line:28] INFO mean_val_loss                 1.2181
2025-04-28 04:15:26,356 simple_logger.py log_once [line:28] INFO std_val_loss                  0.0602
2025-04-28 04:15:26,356 fedbase.py run [line:323] INFO expense           1221049590.0
2025-04-28 04:15:26,356 fedbase.py run [line:324] INFO Eval Time Cost:               3.1072s
2025-04-28 04:15:26,356 asyncbase.py iterate [line:68] INFO Select clients [0, 1, 2, 3, 4, 5, 6, 7, 8, 9, 10, 11, 12, 13, 14, 15, 16, 17, 18, 19] at time 169.
2025-04-28 04:17:32,526 asyncbase.py iterate [line:73] INFO Receive new models from clients [19, 13, 12, 8, 11, 5, 2, 3, 15, 1, 16, 18, 17, 4, 0, 14, 7, 9, 6, 10] at time 170
2025-04-28 04:17:33,070 fedbase.py run [line:318] INFO --------------Round 56--------------
2025-04-28 04:17:33,071 simple_logger.py log_once [line:14] INFO Current_time:170
2025-04-28 04:17:36,184 simple_logger.py log_once [line:28] INFO test_accuracy                 0.5786
2025-04-28 04:17:36,184 simple_logger.py log_once [line:28] INFO test_loss                     1.1752
2025-04-28 04:17:36,184 simple_logger.py log_once [line:28] INFO val_accuracy                  0.5620
2025-04-28 04:17:36,184 simple_logger.py log_once [line:28] INFO mean_val_accuracy             0.5620
2025-04-28 04:17:36,184 simple_logger.py log_once [line:28] INFO std_val_accuracy              0.0284
2025-04-28 04:17:36,184 simple_logger.py log_once [line:28] INFO val_loss                      1.1890
2025-04-28 04:17:36,184 simple_logger.py log_once [line:28] INFO mean_val_loss                 1.1890
2025-04-28 04:17:36,184 simple_logger.py log_once [line:28] INFO std_val_loss                  0.0568
2025-04-28 04:17:36,184 fedbase.py run [line:323] INFO expense           1225480790.0
2025-04-28 04:17:36,184 fedbase.py run [line:324] INFO Eval Time Cost:               3.1134s
2025-04-28 04:17:36,185 asyncbase.py iterate [line:68] INFO Select clients [0, 1, 2, 3, 4, 5, 6, 7, 8, 9, 10, 11, 12, 13, 14, 15, 16, 17, 18, 19] at time 171.
2025-04-28 04:19:40,903 asyncbase.py iterate [line:73] INFO Receive new models from clients [18, 2, 17, 16, 12, 10, 15, 11, 4, 1, 8, 14, 0, 7, 9, 13, 5, 19, 3, 6] at time 172
2025-04-28 04:19:41,447 fedbase.py run [line:318] INFO --------------Round 57--------------
2025-04-28 04:19:41,448 simple_logger.py log_once [line:14] INFO Current_time:172
2025-04-28 04:19:44,541 simple_logger.py log_once [line:28] INFO test_accuracy                 0.5727
2025-04-28 04:19:44,541 simple_logger.py log_once [line:28] INFO test_loss                     1.1795
2025-04-28 04:19:44,541 simple_logger.py log_once [line:28] INFO val_accuracy                  0.5612
2025-04-28 04:19:44,541 simple_logger.py log_once [line:28] INFO mean_val_accuracy             0.5612
2025-04-28 04:19:44,541 simple_logger.py log_once [line:28] INFO std_val_accuracy              0.0338
2025-04-28 04:19:44,541 simple_logger.py log_once [line:28] INFO val_loss                      1.1928
2025-04-28 04:19:44,541 simple_logger.py log_once [line:28] INFO mean_val_loss                 1.1928
2025-04-28 04:19:44,542 simple_logger.py log_once [line:28] INFO std_val_loss                  0.0585
2025-04-28 04:19:44,542 fedbase.py run [line:323] INFO expense           1229911990.0
2025-04-28 04:19:44,542 fedbase.py run [line:324] INFO Eval Time Cost:               3.0939s
2025-04-28 04:19:44,542 asyncbase.py iterate [line:68] INFO Select clients [0, 1, 2, 3, 4, 5, 6, 7, 8, 9, 10, 11, 12, 13, 14, 15, 16, 17, 18, 19] at time 173.
2025-04-28 04:20:21,138 asyncbase.py iterate [line:73] INFO Receive new models from clients [8, 5, 17, 15, 10, 3, 7, 6, 14, 16, 11, 1, 19, 12, 13, 4, 18, 0, 9, 2] at time 174
2025-04-28 04:20:28,434 fedbase.py run [line:318] INFO --------------Round 58--------------
2025-04-28 04:20:28,435 simple_logger.py log_once [line:14] INFO Current_time:174
2025-04-28 04:20:31,527 simple_logger.py log_once [line:28] INFO test_accuracy                 0.5930
2025-04-28 04:20:31,527 simple_logger.py log_once [line:28] INFO test_loss                     1.1380
2025-04-28 04:20:31,527 simple_logger.py log_once [line:28] INFO val_accuracy                  0.5798
2025-04-28 04:20:31,527 simple_logger.py log_once [line:28] INFO mean_val_accuracy             0.5798
2025-04-28 04:20:31,527 simple_logger.py log_once [line:28] INFO std_val_accuracy              0.0270
2025-04-28 04:20:31,527 simple_logger.py log_once [line:28] INFO val_loss                      1.1543
2025-04-28 04:20:31,527 simple_logger.py log_once [line:28] INFO mean_val_loss                 1.1543
2025-04-28 04:20:31,527 simple_logger.py log_once [line:28] INFO std_val_loss                  0.0621
2025-04-28 04:20:31,527 fedbase.py run [line:323] INFO expense           1285781800.0
2025-04-28 04:20:31,527 fedbase.py run [line:324] INFO Eval Time Cost:               3.0927s
2025-04-28 04:20:31,528 asyncbase.py iterate [line:68] INFO Select clients [0, 1, 2, 3, 4, 5, 6, 7, 8, 9, 10, 11, 12, 13, 14, 15, 16, 17, 18, 19] at time 175.
2025-04-28 04:22:35,167 asyncbase.py iterate [line:73] INFO Receive new models from clients [0, 19, 8, 13, 6, 4, 2, 9, 7, 17, 15, 14, 5] at time 178
2025-04-28 04:22:35,167 asyncbase.py iterate [line:73] INFO Receive new models from clients [11, 1, 12, 10, 3, 18, 16] at time 179
2025-04-28 04:22:35,744 fedbase.py run [line:318] INFO --------------Round 59--------------
2025-04-28 04:22:35,745 simple_logger.py log_once [line:14] INFO Current_time:179
2025-04-28 04:22:38,834 simple_logger.py log_once [line:28] INFO test_accuracy                 0.5840
2025-04-28 04:22:38,835 simple_logger.py log_once [line:28] INFO test_loss                     1.1523
2025-04-28 04:22:38,835 simple_logger.py log_once [line:28] INFO val_accuracy                  0.5730
2025-04-28 04:22:38,835 simple_logger.py log_once [line:28] INFO mean_val_accuracy             0.5730
2025-04-28 04:22:38,835 simple_logger.py log_once [line:28] INFO std_val_accuracy              0.0231
2025-04-28 04:22:38,835 simple_logger.py log_once [line:28] INFO val_loss                      1.1670
2025-04-28 04:22:38,835 simple_logger.py log_once [line:28] INFO mean_val_loss                 1.1670
2025-04-28 04:22:38,835 simple_logger.py log_once [line:28] INFO std_val_loss                  0.0625
2025-04-28 04:22:38,835 fedbase.py run [line:323] INFO expense           1290213000.0
2025-04-28 04:22:38,835 fedbase.py run [line:324] INFO Eval Time Cost:               3.0905s
2025-04-28 04:22:38,835 asyncbase.py iterate [line:68] INFO Select clients [0, 1, 2, 3, 4, 5, 6, 7, 8, 9, 10, 11, 12, 13, 14, 15, 16, 17, 18, 19] at time 180.
2025-04-28 04:24:43,276 asyncbase.py iterate [line:73] INFO Receive new models from clients [1, 5, 8, 6, 19, 7, 3, 18, 12, 15, 16, 2, 13, 14, 17, 10, 11, 4, 0, 9] at time 181
2025-04-28 04:24:43,775 fedbase.py run [line:318] INFO --------------Round 60--------------
2025-04-28 04:24:43,776 simple_logger.py log_once [line:14] INFO Current_time:181
2025-04-28 04:24:46,910 simple_logger.py log_once [line:28] INFO test_accuracy                 0.5954
2025-04-28 04:24:46,910 simple_logger.py log_once [line:28] INFO test_loss                     1.1350
2025-04-28 04:24:46,910 simple_logger.py log_once [line:28] INFO val_accuracy                  0.5850
2025-04-28 04:24:46,910 simple_logger.py log_once [line:28] INFO mean_val_accuracy             0.5850
2025-04-28 04:24:46,910 simple_logger.py log_once [line:28] INFO std_val_accuracy              0.0255
2025-04-28 04:24:46,910 simple_logger.py log_once [line:28] INFO val_loss                      1.1504
2025-04-28 04:24:46,910 simple_logger.py log_once [line:28] INFO mean_val_loss                 1.1504
2025-04-28 04:24:46,910 simple_logger.py log_once [line:28] INFO std_val_loss                  0.0605
2025-04-28 04:24:46,910 fedbase.py run [line:323] INFO expense           1294644200.0
2025-04-28 04:24:46,910 fedbase.py run [line:324] INFO Eval Time Cost:               3.1346s
2025-04-28 04:24:46,910 asyncbase.py iterate [line:68] INFO Select clients [0, 1, 2, 3, 4, 5, 6, 7, 8, 9, 10, 11, 12, 13, 14, 15, 16, 17, 18, 19] at time 182.
2025-04-28 04:26:52,184 asyncbase.py iterate [line:73] INFO Receive new models from clients [14, 12, 8, 1, 7, 4, 5, 16, 9, 19, 10, 2, 0, 18, 17, 13, 3, 11, 6, 15] at time 183
2025-04-28 04:26:52,732 fedbase.py run [line:318] INFO --------------Round 61--------------
2025-04-28 04:26:52,733 simple_logger.py log_once [line:14] INFO Current_time:183
2025-04-28 04:26:55,861 simple_logger.py log_once [line:28] INFO test_accuracy                 0.5911
2025-04-28 04:26:55,861 simple_logger.py log_once [line:28] INFO test_loss                     1.1358
2025-04-28 04:26:55,861 simple_logger.py log_once [line:28] INFO val_accuracy                  0.5816
2025-04-28 04:26:55,861 simple_logger.py log_once [line:28] INFO mean_val_accuracy             0.5816
2025-04-28 04:26:55,861 simple_logger.py log_once [line:28] INFO std_val_accuracy              0.0285
2025-04-28 04:26:55,861 simple_logger.py log_once [line:28] INFO val_loss                      1.1504
2025-04-28 04:26:55,861 simple_logger.py log_once [line:28] INFO mean_val_loss                 1.1504
2025-04-28 04:26:55,861 simple_logger.py log_once [line:28] INFO std_val_loss                  0.0614
2025-04-28 04:26:55,861 fedbase.py run [line:323] INFO expense           1299075400.0
2025-04-28 04:26:55,861 fedbase.py run [line:324] INFO Eval Time Cost:               3.1288s
2025-04-28 04:26:55,862 asyncbase.py iterate [line:68] INFO Select clients [0, 1, 2, 3, 4, 5, 6, 7, 8, 9, 10, 11, 12, 13, 14, 15, 16, 17, 18, 19] at time 184.
2025-04-28 04:28:58,706 asyncbase.py iterate [line:73] INFO Receive new models from clients [0, 10, 19, 6, 11, 12, 14, 1, 3, 8, 13, 9, 17, 7, 4, 5, 16, 18, 15, 2] at time 185
2025-04-28 04:28:59,235 fedbase.py run [line:318] INFO --------------Round 62--------------
2025-04-28 04:28:59,235 simple_logger.py log_once [line:14] INFO Current_time:185
2025-04-28 04:29:02,381 simple_logger.py log_once [line:28] INFO test_accuracy                 0.5960
2025-04-28 04:29:02,381 simple_logger.py log_once [line:28] INFO test_loss                     1.1293
2025-04-28 04:29:02,381 simple_logger.py log_once [line:28] INFO val_accuracy                  0.5886
2025-04-28 04:29:02,381 simple_logger.py log_once [line:28] INFO mean_val_accuracy             0.5886
2025-04-28 04:29:02,381 simple_logger.py log_once [line:28] INFO std_val_accuracy              0.0237
2025-04-28 04:29:02,382 simple_logger.py log_once [line:28] INFO val_loss                      1.1459
2025-04-28 04:29:02,382 simple_logger.py log_once [line:28] INFO mean_val_loss                 1.1459
2025-04-28 04:29:02,382 simple_logger.py log_once [line:28] INFO std_val_loss                  0.0622
2025-04-28 04:29:02,382 fedbase.py run [line:323] INFO expense           1303506600.0
2025-04-28 04:29:02,382 fedbase.py run [line:324] INFO Eval Time Cost:               3.1463s
2025-04-28 04:29:02,382 asyncbase.py iterate [line:68] INFO Select clients [0, 1, 2, 3, 4, 5, 6, 7, 8, 9, 10, 11, 12, 13, 14, 15, 16, 17, 18, 19] at time 186.
2025-04-28 04:31:10,334 asyncbase.py iterate [line:73] INFO Receive new models from clients [19, 9, 1, 0, 12, 7, 17, 13, 3, 4, 2, 15, 16, 8, 10, 5, 11, 14, 6, 18] at time 187
2025-04-28 04:31:10,925 fedbase.py run [line:318] INFO --------------Round 63--------------
2025-04-28 04:31:10,925 simple_logger.py log_once [line:14] INFO Current_time:187
2025-04-28 04:31:14,084 simple_logger.py log_once [line:28] INFO test_accuracy                 0.5966
2025-04-28 04:31:14,084 simple_logger.py log_once [line:28] INFO test_loss                     1.1270
2025-04-28 04:31:14,084 simple_logger.py log_once [line:28] INFO val_accuracy                  0.5836
2025-04-28 04:31:14,084 simple_logger.py log_once [line:28] INFO mean_val_accuracy             0.5836
2025-04-28 04:31:14,084 simple_logger.py log_once [line:28] INFO std_val_accuracy              0.0291
2025-04-28 04:31:14,085 simple_logger.py log_once [line:28] INFO val_loss                      1.1469
2025-04-28 04:31:14,085 simple_logger.py log_once [line:28] INFO mean_val_loss                 1.1469
2025-04-28 04:31:14,085 simple_logger.py log_once [line:28] INFO std_val_loss                  0.0617
2025-04-28 04:31:14,085 fedbase.py run [line:323] INFO expense           1307937800.0
2025-04-28 04:31:14,085 fedbase.py run [line:324] INFO Eval Time Cost:               3.1596s
2025-04-28 04:31:14,085 asyncbase.py iterate [line:68] INFO Select clients [0, 1, 2, 3, 4, 5, 6, 7, 8, 9, 10, 11, 12, 13, 14, 15, 16, 17, 18, 19] at time 188.
2025-04-28 04:31:44,308 asyncbase.py iterate [line:73] INFO Receive new models from clients [5, 15, 4, 7, 3, 13, 19, 10, 14, 11, 6, 8, 18, 2, 16, 12, 1, 0, 9, 17] at time 189
2025-04-28 04:31:51,024 fedbase.py run [line:318] INFO --------------Round 64--------------
2025-04-28 04:31:51,024 simple_logger.py log_once [line:14] INFO Current_time:189
2025-04-28 04:31:54,153 simple_logger.py log_once [line:28] INFO test_accuracy                 0.6033
2025-04-28 04:31:54,153 simple_logger.py log_once [line:28] INFO test_loss                     1.1141
2025-04-28 04:31:54,153 simple_logger.py log_once [line:28] INFO val_accuracy                  0.5936
2025-04-28 04:31:54,153 simple_logger.py log_once [line:28] INFO mean_val_accuracy             0.5936
2025-04-28 04:31:54,153 simple_logger.py log_once [line:28] INFO std_val_accuracy              0.0250
2025-04-28 04:31:54,153 simple_logger.py log_once [line:28] INFO val_loss                      1.1312
2025-04-28 04:31:54,154 simple_logger.py log_once [line:28] INFO mean_val_loss                 1.1312
2025-04-28 04:31:54,154 simple_logger.py log_once [line:28] INFO std_val_loss                  0.0612
2025-04-28 04:31:54,154 fedbase.py run [line:323] INFO expense           1363807610.0
2025-04-28 04:31:54,154 fedbase.py run [line:324] INFO Eval Time Cost:               3.1292s
2025-04-28 04:31:54,154 asyncbase.py iterate [line:68] INFO Select clients [0, 1, 2, 3, 4, 5, 6, 7, 8, 9, 10, 11, 12, 13, 14, 15, 16, 17, 18, 19] at time 190.
2025-04-28 04:33:57,612 asyncbase.py iterate [line:73] INFO Receive new models from clients [0, 10, 7, 17, 13, 8, 12, 3, 16, 9, 15, 5, 19, 4, 1, 6, 2] at time 193
2025-04-28 04:33:57,613 asyncbase.py iterate [line:73] INFO Receive new models from clients [11, 14, 18] at time 194
2025-04-28 04:33:58,122 fedbase.py run [line:318] INFO --------------Round 65--------------
2025-04-28 04:33:58,122 simple_logger.py log_once [line:14] INFO Current_time:194
2025-04-28 04:34:01,198 simple_logger.py log_once [line:28] INFO test_accuracy                 0.5924
2025-04-28 04:34:01,198 simple_logger.py log_once [line:28] INFO test_loss                     1.1329
2025-04-28 04:34:01,198 simple_logger.py log_once [line:28] INFO val_accuracy                  0.5832
2025-04-28 04:34:01,198 simple_logger.py log_once [line:28] INFO mean_val_accuracy             0.5832
2025-04-28 04:34:01,198 simple_logger.py log_once [line:28] INFO std_val_accuracy              0.0238
2025-04-28 04:34:01,199 simple_logger.py log_once [line:28] INFO val_loss                      1.1471
2025-04-28 04:34:01,199 simple_logger.py log_once [line:28] INFO mean_val_loss                 1.1471
2025-04-28 04:34:01,199 simple_logger.py log_once [line:28] INFO std_val_loss                  0.0592
2025-04-28 04:34:01,199 fedbase.py run [line:323] INFO expense           1368238810.0
2025-04-28 04:34:01,199 fedbase.py run [line:324] INFO Eval Time Cost:               3.0764s
2025-04-28 04:34:01,199 asyncbase.py iterate [line:68] INFO Select clients [0, 1, 2, 3, 4, 5, 6, 7, 8, 9, 10, 11, 12, 13, 14, 15, 16, 17, 18, 19] at time 195.
2025-04-28 04:36:03,539 asyncbase.py iterate [line:73] INFO Receive new models from clients [17, 0, 8, 18, 3, 10, 7, 13, 1, 14, 15, 5, 6, 11, 4, 16, 9, 12, 2, 19] at time 196
2025-04-28 04:36:04,085 fedbase.py run [line:318] INFO --------------Round 66--------------
2025-04-28 04:36:04,086 simple_logger.py log_once [line:14] INFO Current_time:196
2025-04-28 04:36:07,173 simple_logger.py log_once [line:28] INFO test_accuracy                 0.6026
2025-04-28 04:36:07,173 simple_logger.py log_once [line:28] INFO test_loss                     1.1143
2025-04-28 04:36:07,173 simple_logger.py log_once [line:28] INFO val_accuracy                  0.5904
2025-04-28 04:36:07,173 simple_logger.py log_once [line:28] INFO mean_val_accuracy             0.5904
2025-04-28 04:36:07,173 simple_logger.py log_once [line:28] INFO std_val_accuracy              0.0233
2025-04-28 04:36:07,173 simple_logger.py log_once [line:28] INFO val_loss                      1.1293
2025-04-28 04:36:07,173 simple_logger.py log_once [line:28] INFO mean_val_loss                 1.1293
2025-04-28 04:36:07,173 simple_logger.py log_once [line:28] INFO std_val_loss                  0.0578
2025-04-28 04:36:07,173 fedbase.py run [line:323] INFO expense           1372670010.0
2025-04-28 04:36:07,173 fedbase.py run [line:324] INFO Eval Time Cost:               3.0877s
2025-04-28 04:36:07,174 asyncbase.py iterate [line:68] INFO Select clients [0, 1, 2, 3, 4, 5, 6, 7, 8, 9, 10, 11, 12, 13, 14, 15, 16, 17, 18, 19] at time 197.
2025-04-28 04:38:12,778 asyncbase.py iterate [line:73] INFO Receive new models from clients [12, 19, 0, 4, 16, 9, 5, 14, 11, 6, 8, 18, 7, 3, 1, 17, 10, 15, 2, 13] at time 198
2025-04-28 04:38:13,328 fedbase.py run [line:318] INFO --------------Round 67--------------
2025-04-28 04:38:13,328 simple_logger.py log_once [line:14] INFO Current_time:198
2025-04-28 04:38:16,472 simple_logger.py log_once [line:28] INFO test_accuracy                 0.6041
2025-04-28 04:38:16,473 simple_logger.py log_once [line:28] INFO test_loss                     1.1125
2025-04-28 04:38:16,473 simple_logger.py log_once [line:28] INFO val_accuracy                  0.5918
2025-04-28 04:38:16,473 simple_logger.py log_once [line:28] INFO mean_val_accuracy             0.5918
2025-04-28 04:38:16,473 simple_logger.py log_once [line:28] INFO std_val_accuracy              0.0230
2025-04-28 04:38:16,473 simple_logger.py log_once [line:28] INFO val_loss                      1.1270
2025-04-28 04:38:16,473 simple_logger.py log_once [line:28] INFO mean_val_loss                 1.1270
2025-04-28 04:38:16,473 simple_logger.py log_once [line:28] INFO std_val_loss                  0.0588
2025-04-28 04:38:16,473 fedbase.py run [line:323] INFO expense           1377101210.0
2025-04-28 04:38:16,473 fedbase.py run [line:324] INFO Eval Time Cost:               3.1446s
2025-04-28 04:38:16,473 asyncbase.py iterate [line:68] INFO Select clients [0, 1, 2, 3, 4, 5, 6, 7, 8, 9, 10, 11, 12, 13, 14, 15, 16, 17, 18, 19] at time 199.
2025-04-28 04:40:23,385 asyncbase.py iterate [line:73] INFO Receive new models from clients [4, 12, 6, 19, 18, 16, 14, 1, 13, 11, 5, 9, 15, 17, 7, 2, 8, 0, 10, 3] at time 200
2025-04-28 04:40:23,948 fedbase.py run [line:318] INFO --------------Round 68--------------
2025-04-28 04:40:23,949 simple_logger.py log_once [line:14] INFO Current_time:200
2025-04-28 04:40:27,097 simple_logger.py log_once [line:28] INFO test_accuracy                 0.6053
2025-04-28 04:40:27,097 simple_logger.py log_once [line:28] INFO test_loss                     1.1017
2025-04-28 04:40:27,097 simple_logger.py log_once [line:28] INFO val_accuracy                  0.5918
2025-04-28 04:40:27,097 simple_logger.py log_once [line:28] INFO mean_val_accuracy             0.5918
2025-04-28 04:40:27,098 simple_logger.py log_once [line:28] INFO std_val_accuracy              0.0249
2025-04-28 04:40:27,098 simple_logger.py log_once [line:28] INFO val_loss                      1.1187
2025-04-28 04:40:27,098 simple_logger.py log_once [line:28] INFO mean_val_loss                 1.1187
2025-04-28 04:40:27,098 simple_logger.py log_once [line:28] INFO std_val_loss                  0.0605
2025-04-28 04:40:27,098 fedbase.py run [line:323] INFO expense           1381532410.0
2025-04-28 04:40:27,098 fedbase.py run [line:324] INFO Eval Time Cost:               3.1488s
2025-04-28 04:40:27,098 asyncbase.py iterate [line:68] INFO Select clients [0, 1, 2, 3, 4, 5, 6, 7, 8, 9, 10, 11, 12, 13, 14, 15, 16, 17, 18, 19] at time 201.
2025-04-28 04:42:32,571 asyncbase.py iterate [line:73] INFO Receive new models from clients [2, 14, 10, 4, 12, 15, 11, 5, 8, 17, 9, 7, 19, 1, 16, 6, 0, 18, 3, 13] at time 202
2025-04-28 04:42:33,090 fedbase.py run [line:318] INFO --------------Round 69--------------
2025-04-28 04:42:33,090 simple_logger.py log_once [line:14] INFO Current_time:202
2025-04-28 04:42:36,135 simple_logger.py log_once [line:28] INFO test_accuracy                 0.6040
2025-04-28 04:42:36,135 simple_logger.py log_once [line:28] INFO test_loss                     1.1073
2025-04-28 04:42:36,135 simple_logger.py log_once [line:28] INFO val_accuracy                  0.5938
2025-04-28 04:42:36,135 simple_logger.py log_once [line:28] INFO mean_val_accuracy             0.5938
2025-04-28 04:42:36,135 simple_logger.py log_once [line:28] INFO std_val_accuracy              0.0228
2025-04-28 04:42:36,136 simple_logger.py log_once [line:28] INFO val_loss                      1.1210
2025-04-28 04:42:36,136 simple_logger.py log_once [line:28] INFO mean_val_loss                 1.1210
2025-04-28 04:42:36,136 simple_logger.py log_once [line:28] INFO std_val_loss                  0.0569
2025-04-28 04:42:36,136 fedbase.py run [line:323] INFO expense           1385963610.0
2025-04-28 04:42:36,136 fedbase.py run [line:324] INFO Eval Time Cost:               3.0454s
2025-04-28 04:42:36,136 asyncbase.py iterate [line:68] INFO Select clients [0, 1, 2, 3, 4, 5, 6, 7, 8, 9, 10, 11, 12, 13, 14, 15, 16, 17, 18, 19] at time 203.
2025-04-28 04:43:12,343 asyncbase.py iterate [line:73] INFO Receive new models from clients [8, 13, 6, 9, 7, 5, 12, 1, 17, 16, 3, 18, 10, 15, 2, 11, 0, 19, 14, 4] at time 204
2025-04-28 04:43:19,816 fedbase.py run [line:318] INFO --------------Round 70--------------
2025-04-28 04:43:19,817 simple_logger.py log_once [line:14] INFO Current_time:204
2025-04-28 04:43:22,933 simple_logger.py log_once [line:28] INFO test_accuracy                 0.6128
2025-04-28 04:43:22,933 simple_logger.py log_once [line:28] INFO test_loss                     1.0787
2025-04-28 04:43:22,933 simple_logger.py log_once [line:28] INFO val_accuracy                  0.6036
2025-04-28 04:43:22,933 simple_logger.py log_once [line:28] INFO mean_val_accuracy             0.6036
2025-04-28 04:43:22,933 simple_logger.py log_once [line:28] INFO std_val_accuracy              0.0249
2025-04-28 04:43:22,933 simple_logger.py log_once [line:28] INFO val_loss                      1.0964
2025-04-28 04:43:22,933 simple_logger.py log_once [line:28] INFO mean_val_loss                 1.0964
2025-04-28 04:43:22,933 simple_logger.py log_once [line:28] INFO std_val_loss                  0.0601
2025-04-28 04:43:22,933 fedbase.py run [line:323] INFO expense           1441833420.0
2025-04-28 04:43:22,933 fedbase.py run [line:324] INFO Eval Time Cost:               3.1165s
2025-04-28 04:43:22,934 asyncbase.py iterate [line:68] INFO Select clients [0, 1, 2, 3, 4, 5, 6, 7, 8, 9, 10, 11, 12, 13, 14, 15, 16, 17, 18, 19] at time 205.
2025-04-28 04:45:31,751 asyncbase.py iterate [line:73] INFO Receive new models from clients [12, 3, 5, 7, 8, 13, 10, 4, 9, 0, 14, 1, 2, 11, 6, 15, 16, 17, 19] at time 208
2025-04-28 04:45:31,751 asyncbase.py iterate [line:73] INFO Receive new models from clients [18] at time 209
2025-04-28 04:45:32,339 fedbase.py run [line:318] INFO --------------Round 71--------------
2025-04-28 04:45:32,339 simple_logger.py log_once [line:14] INFO Current_time:209
2025-04-28 04:45:35,458 simple_logger.py log_once [line:28] INFO test_accuracy                 0.6118
2025-04-28 04:45:35,458 simple_logger.py log_once [line:28] INFO test_loss                     1.0897
2025-04-28 04:45:35,458 simple_logger.py log_once [line:28] INFO val_accuracy                  0.6026
2025-04-28 04:45:35,458 simple_logger.py log_once [line:28] INFO mean_val_accuracy             0.6026
2025-04-28 04:45:35,458 simple_logger.py log_once [line:28] INFO std_val_accuracy              0.0255
2025-04-28 04:45:35,458 simple_logger.py log_once [line:28] INFO val_loss                      1.1065
2025-04-28 04:45:35,458 simple_logger.py log_once [line:28] INFO mean_val_loss                 1.1065
2025-04-28 04:45:35,458 simple_logger.py log_once [line:28] INFO std_val_loss                  0.0591
2025-04-28 04:45:35,458 fedbase.py run [line:323] INFO expense           1446264620.0
2025-04-28 04:45:35,458 fedbase.py run [line:324] INFO Eval Time Cost:               3.1189s
2025-04-28 04:45:35,458 asyncbase.py iterate [line:68] INFO Select clients [0, 1, 2, 3, 4, 5, 6, 7, 8, 9, 10, 11, 12, 13, 14, 15, 16, 17, 18, 19] at time 210.
2025-04-28 04:47:38,972 asyncbase.py iterate [line:73] INFO Receive new models from clients [13, 9, 5, 0, 19, 10, 18, 2, 12, 17, 8, 4, 15, 7, 1, 6, 16, 11, 14, 3] at time 211
2025-04-28 04:47:39,661 fedbase.py run [line:318] INFO --------------Round 72--------------
2025-04-28 04:47:39,661 simple_logger.py log_once [line:14] INFO Current_time:211
2025-04-28 04:47:42,720 simple_logger.py log_once [line:28] INFO test_accuracy                 0.6077
2025-04-28 04:47:42,720 simple_logger.py log_once [line:28] INFO test_loss                     1.0933
2025-04-28 04:47:42,720 simple_logger.py log_once [line:28] INFO val_accuracy                  0.6008
2025-04-28 04:47:42,720 simple_logger.py log_once [line:28] INFO mean_val_accuracy             0.6008
2025-04-28 04:47:42,720 simple_logger.py log_once [line:28] INFO std_val_accuracy              0.0247
2025-04-28 04:47:42,720 simple_logger.py log_once [line:28] INFO val_loss                      1.1090
2025-04-28 04:47:42,720 simple_logger.py log_once [line:28] INFO mean_val_loss                 1.1090
2025-04-28 04:47:42,720 simple_logger.py log_once [line:28] INFO std_val_loss                  0.0598
2025-04-28 04:47:42,720 fedbase.py run [line:323] INFO expense           1450695820.0
2025-04-28 04:47:42,720 fedbase.py run [line:324] INFO Eval Time Cost:               3.0592s
2025-04-28 04:47:42,720 asyncbase.py iterate [line:68] INFO Select clients [0, 1, 2, 3, 4, 5, 6, 7, 8, 9, 10, 11, 12, 13, 14, 15, 16, 17, 18, 19] at time 212.
2025-04-28 04:49:48,196 asyncbase.py iterate [line:73] INFO Receive new models from clients [8, 9, 7, 12, 19, 2, 10, 16, 5, 13, 15, 11, 17, 1, 14, 3, 18, 0, 4, 6] at time 213
2025-04-28 04:49:48,809 fedbase.py run [line:318] INFO --------------Round 73--------------
2025-04-28 04:49:48,810 simple_logger.py log_once [line:14] INFO Current_time:213
2025-04-28 04:49:51,953 simple_logger.py log_once [line:28] INFO test_accuracy                 0.6119
2025-04-28 04:49:51,953 simple_logger.py log_once [line:28] INFO test_loss                     1.0840
2025-04-28 04:49:51,953 simple_logger.py log_once [line:28] INFO val_accuracy                  0.6034
2025-04-28 04:49:51,953 simple_logger.py log_once [line:28] INFO mean_val_accuracy             0.6034
2025-04-28 04:49:51,953 simple_logger.py log_once [line:28] INFO std_val_accuracy              0.0228
2025-04-28 04:49:51,953 simple_logger.py log_once [line:28] INFO val_loss                      1.1001
2025-04-28 04:49:51,954 simple_logger.py log_once [line:28] INFO mean_val_loss                 1.1001
2025-04-28 04:49:51,954 simple_logger.py log_once [line:28] INFO std_val_loss                  0.0581
2025-04-28 04:49:51,954 fedbase.py run [line:323] INFO expense           1455127020.0
2025-04-28 04:49:51,954 fedbase.py run [line:324] INFO Eval Time Cost:               3.1440s
2025-04-28 04:49:51,954 asyncbase.py iterate [line:68] INFO Select clients [0, 1, 2, 3, 4, 5, 6, 7, 8, 9, 10, 11, 12, 13, 14, 15, 16, 17, 18, 19] at time 214.
2025-04-28 04:51:57,558 asyncbase.py iterate [line:73] INFO Receive new models from clients [9, 4, 2, 16, 18, 3, 11, 8, 19, 15, 0, 14, 13, 6, 10, 12, 5, 17, 7, 1] at time 215
2025-04-28 04:51:58,124 fedbase.py run [line:318] INFO --------------Round 74--------------
2025-04-28 04:51:58,124 simple_logger.py log_once [line:14] INFO Current_time:215
2025-04-28 04:52:01,111 simple_logger.py log_once [line:28] INFO test_accuracy                 0.6159
2025-04-28 04:52:01,111 simple_logger.py log_once [line:28] INFO test_loss                     1.0717
2025-04-28 04:52:01,111 simple_logger.py log_once [line:28] INFO val_accuracy                  0.6074
2025-04-28 04:52:01,111 simple_logger.py log_once [line:28] INFO mean_val_accuracy             0.6074
2025-04-28 04:52:01,111 simple_logger.py log_once [line:28] INFO std_val_accuracy              0.0244
2025-04-28 04:52:01,111 simple_logger.py log_once [line:28] INFO val_loss                      1.0882
2025-04-28 04:52:01,111 simple_logger.py log_once [line:28] INFO mean_val_loss                 1.0882
2025-04-28 04:52:01,111 simple_logger.py log_once [line:28] INFO std_val_loss                  0.0572
2025-04-28 04:52:01,111 fedbase.py run [line:323] INFO expense           1459558220.0
2025-04-28 04:52:01,111 fedbase.py run [line:324] INFO Eval Time Cost:               2.9869s
2025-04-28 04:52:01,111 asyncbase.py iterate [line:68] INFO Select clients [0, 1, 2, 3, 4, 5, 6, 7, 8, 9, 10, 11, 12, 13, 14, 15, 16, 17, 18, 19] at time 216.
2025-04-28 04:54:05,643 asyncbase.py iterate [line:73] INFO Receive new models from clients [7, 0, 11, 9, 3, 14, 4, 13, 5, 19, 16, 17, 18, 15, 1, 2, 6, 10, 12, 8] at time 217
2025-04-28 04:54:06,158 fedbase.py run [line:318] INFO --------------Round 75--------------
2025-04-28 04:54:06,158 simple_logger.py log_once [line:14] INFO Current_time:217
2025-04-28 04:54:09,282 simple_logger.py log_once [line:28] INFO test_accuracy                 0.6169
2025-04-28 04:54:09,282 simple_logger.py log_once [line:28] INFO test_loss                     1.0652
2025-04-28 04:54:09,282 simple_logger.py log_once [line:28] INFO val_accuracy                  0.6078
2025-04-28 04:54:09,282 simple_logger.py log_once [line:28] INFO mean_val_accuracy             0.6078
2025-04-28 04:54:09,282 simple_logger.py log_once [line:28] INFO std_val_accuracy              0.0233
2025-04-28 04:54:09,282 simple_logger.py log_once [line:28] INFO val_loss                      1.0814
2025-04-28 04:54:09,283 simple_logger.py log_once [line:28] INFO mean_val_loss                 1.0814
2025-04-28 04:54:09,283 simple_logger.py log_once [line:28] INFO std_val_loss                  0.0571
2025-04-28 04:54:09,283 fedbase.py run [line:323] INFO expense           1463989420.0
2025-04-28 04:54:09,283 fedbase.py run [line:324] INFO Eval Time Cost:               3.1242s
2025-04-28 04:54:09,283 asyncbase.py iterate [line:68] INFO Select clients [0, 1, 2, 3, 4, 5, 6, 7, 8, 9, 10, 11, 12, 13, 14, 15, 16, 17, 18, 19] at time 218.
2025-04-28 04:56:15,460 asyncbase.py iterate [line:73] INFO Receive new models from clients [0, 6, 13, 14, 19, 15, 8, 5, 18, 7, 2, 3, 11, 1, 17, 10, 9, 4, 16, 12] at time 219
2025-04-28 04:56:15,985 fedbase.py run [line:318] INFO --------------Round 76--------------
2025-04-28 04:56:15,986 simple_logger.py log_once [line:14] INFO Current_time:219
2025-04-28 04:56:19,072 simple_logger.py log_once [line:28] INFO test_accuracy                 0.6170
2025-04-28 04:56:19,072 simple_logger.py log_once [line:28] INFO test_loss                     1.0644
2025-04-28 04:56:19,073 simple_logger.py log_once [line:28] INFO val_accuracy                  0.6112
2025-04-28 04:56:19,073 simple_logger.py log_once [line:28] INFO mean_val_accuracy             0.6112
2025-04-28 04:56:19,073 simple_logger.py log_once [line:28] INFO std_val_accuracy              0.0261
2025-04-28 04:56:19,073 simple_logger.py log_once [line:28] INFO val_loss                      1.0832
2025-04-28 04:56:19,073 simple_logger.py log_once [line:28] INFO mean_val_loss                 1.0832
2025-04-28 04:56:19,073 simple_logger.py log_once [line:28] INFO std_val_loss                  0.0560
2025-04-28 04:56:19,073 fedbase.py run [line:323] INFO expense           1468420620.0
2025-04-28 04:56:19,073 fedbase.py run [line:324] INFO Eval Time Cost:               3.0872s
2025-04-28 04:56:19,073 asyncbase.py iterate [line:68] INFO Select clients [0, 1, 2, 3, 4, 5, 6, 7, 8, 9, 10, 11, 12, 13, 14, 15, 16, 17, 18, 19] at time 220.
2025-04-28 04:56:53,342 asyncbase.py iterate [line:73] INFO Receive new models from clients [14, 8, 6, 5, 19, 11, 9, 13, 12, 16, 4, 18, 3, 7, 17, 1, 15, 0, 2, 10] at time 221
2025-04-28 04:57:00,047 fedbase.py run [line:318] INFO --------------Round 77--------------
2025-04-28 04:57:00,048 simple_logger.py log_once [line:14] INFO Current_time:221
2025-04-28 04:57:03,085 simple_logger.py log_once [line:28] INFO test_accuracy                 0.6262
2025-04-28 04:57:03,085 simple_logger.py log_once [line:28] INFO test_loss                     1.0429
2025-04-28 04:57:03,085 simple_logger.py log_once [line:28] INFO val_accuracy                  0.6202
2025-04-28 04:57:03,085 simple_logger.py log_once [line:28] INFO mean_val_accuracy             0.6202
2025-04-28 04:57:03,085 simple_logger.py log_once [line:28] INFO std_val_accuracy              0.0264
2025-04-28 04:57:03,085 simple_logger.py log_once [line:28] INFO val_loss                      1.0615
2025-04-28 04:57:03,085 simple_logger.py log_once [line:28] INFO mean_val_loss                 1.0615
2025-04-28 04:57:03,085 simple_logger.py log_once [line:28] INFO std_val_loss                  0.0562
2025-04-28 04:57:03,085 fedbase.py run [line:323] INFO expense           1524290430.0
2025-04-28 04:57:03,085 fedbase.py run [line:324] INFO Eval Time Cost:               3.0374s
2025-04-28 04:57:03,085 asyncbase.py iterate [line:68] INFO Select clients [0, 1, 2, 3, 4, 5, 6, 7, 8, 9, 10, 11, 12, 13, 14, 15, 16, 17, 18, 19] at time 222.
2025-04-28 04:59:10,806 asyncbase.py iterate [line:73] INFO Receive new models from clients [16, 5, 11, 8, 18, 6, 3, 10, 0, 19, 2, 17, 4, 14, 7, 12, 13, 15] at time 225
2025-04-28 04:59:10,807 asyncbase.py iterate [line:73] INFO Receive new models from clients [9, 1] at time 226
2025-04-28 04:59:11,414 fedbase.py run [line:318] INFO --------------Round 78--------------
2025-04-28 04:59:11,415 simple_logger.py log_once [line:14] INFO Current_time:226
2025-04-28 04:59:14,544 simple_logger.py log_once [line:28] INFO test_accuracy                 0.6118
2025-04-28 04:59:14,545 simple_logger.py log_once [line:28] INFO test_loss                     1.0752
2025-04-28 04:59:14,545 simple_logger.py log_once [line:28] INFO val_accuracy                  0.6034
2025-04-28 04:59:14,545 simple_logger.py log_once [line:28] INFO mean_val_accuracy             0.6034
2025-04-28 04:59:14,545 simple_logger.py log_once [line:28] INFO std_val_accuracy              0.0213
2025-04-28 04:59:14,545 simple_logger.py log_once [line:28] INFO val_loss                      1.0898
2025-04-28 04:59:14,545 simple_logger.py log_once [line:28] INFO mean_val_loss                 1.0898
2025-04-28 04:59:14,545 simple_logger.py log_once [line:28] INFO std_val_loss                  0.0578
2025-04-28 04:59:14,545 fedbase.py run [line:323] INFO expense           1528721630.0
2025-04-28 04:59:14,545 fedbase.py run [line:324] INFO Eval Time Cost:               3.1304s
2025-04-28 04:59:14,545 asyncbase.py iterate [line:68] INFO Select clients [0, 1, 2, 3, 4, 5, 6, 7, 8, 9, 10, 11, 12, 13, 14, 15, 16, 17, 18, 19] at time 227.
2025-04-28 05:01:14,885 asyncbase.py iterate [line:73] INFO Receive new models from clients [17, 9, 16, 12, 11, 3, 5, 13, 14, 0, 7, 4, 18, 2, 19, 8, 15, 6, 10, 1] at time 228
2025-04-28 05:01:15,439 fedbase.py run [line:318] INFO --------------Round 79--------------
2025-04-28 05:01:15,440 simple_logger.py log_once [line:14] INFO Current_time:228
2025-04-28 05:01:18,490 simple_logger.py log_once [line:28] INFO test_accuracy                 0.6166
2025-04-28 05:01:18,490 simple_logger.py log_once [line:28] INFO test_loss                     1.0588
2025-04-28 05:01:18,490 simple_logger.py log_once [line:28] INFO val_accuracy                  0.6098
2025-04-28 05:01:18,490 simple_logger.py log_once [line:28] INFO mean_val_accuracy             0.6098
2025-04-28 05:01:18,490 simple_logger.py log_once [line:28] INFO std_val_accuracy              0.0233
2025-04-28 05:01:18,490 simple_logger.py log_once [line:28] INFO val_loss                      1.0759
2025-04-28 05:01:18,490 simple_logger.py log_once [line:28] INFO mean_val_loss                 1.0759
2025-04-28 05:01:18,490 simple_logger.py log_once [line:28] INFO std_val_loss                  0.0569
2025-04-28 05:01:18,490 fedbase.py run [line:323] INFO expense           1533152830.0
2025-04-28 05:01:18,490 fedbase.py run [line:324] INFO Eval Time Cost:               3.0506s
2025-04-28 05:01:18,490 asyncbase.py iterate [line:68] INFO Select clients [0, 1, 2, 3, 4, 5, 6, 7, 8, 9, 10, 11, 12, 13, 14, 15, 16, 17, 18, 19] at time 229.
2025-04-28 05:03:25,158 asyncbase.py iterate [line:73] INFO Receive new models from clients [0, 10, 8, 6, 4, 2, 19, 13, 1, 16, 17, 12, 7, 3, 15, 5, 14, 11, 9, 18] at time 230
2025-04-28 05:03:25,720 fedbase.py run [line:318] INFO --------------Round 80--------------
2025-04-28 05:03:25,720 simple_logger.py log_once [line:14] INFO Current_time:230
2025-04-28 05:03:28,760 simple_logger.py log_once [line:28] INFO test_accuracy                 0.6179
2025-04-28 05:03:28,760 simple_logger.py log_once [line:28] INFO test_loss                     1.0602
2025-04-28 05:03:28,760 simple_logger.py log_once [line:28] INFO val_accuracy                  0.6100
2025-04-28 05:03:28,760 simple_logger.py log_once [line:28] INFO mean_val_accuracy             0.6100
2025-04-28 05:03:28,760 simple_logger.py log_once [line:28] INFO std_val_accuracy              0.0254
2025-04-28 05:03:28,760 simple_logger.py log_once [line:28] INFO val_loss                      1.0748
2025-04-28 05:03:28,760 simple_logger.py log_once [line:28] INFO mean_val_loss                 1.0748
2025-04-28 05:03:28,760 simple_logger.py log_once [line:28] INFO std_val_loss                  0.0561
2025-04-28 05:03:28,760 fedbase.py run [line:323] INFO expense           1537584030.0
2025-04-28 05:03:28,760 fedbase.py run [line:324] INFO Eval Time Cost:               3.0399s
2025-04-28 05:03:28,761 asyncbase.py iterate [line:68] INFO Select clients [0, 1, 2, 3, 4, 5, 6, 7, 8, 9, 10, 11, 12, 13, 14, 15, 16, 17, 18, 19] at time 231.
2025-04-28 05:05:36,287 asyncbase.py iterate [line:73] INFO Receive new models from clients [10, 1, 16, 12, 2, 14, 18, 5, 19, 4, 15, 17, 7, 11, 13, 6, 9, 3, 8, 0] at time 232
2025-04-28 05:05:36,835 fedbase.py run [line:318] INFO --------------Round 81--------------
2025-04-28 05:05:36,836 simple_logger.py log_once [line:14] INFO Current_time:232
2025-04-28 05:05:39,938 simple_logger.py log_once [line:28] INFO test_accuracy                 0.6140
2025-04-28 05:05:39,939 simple_logger.py log_once [line:28] INFO test_loss                     1.0686
2025-04-28 05:05:39,939 simple_logger.py log_once [line:28] INFO val_accuracy                  0.6092
2025-04-28 05:05:39,939 simple_logger.py log_once [line:28] INFO mean_val_accuracy             0.6092
2025-04-28 05:05:39,939 simple_logger.py log_once [line:28] INFO std_val_accuracy              0.0252
2025-04-28 05:05:39,939 simple_logger.py log_once [line:28] INFO val_loss                      1.0838
2025-04-28 05:05:39,939 simple_logger.py log_once [line:28] INFO mean_val_loss                 1.0838
2025-04-28 05:05:39,939 simple_logger.py log_once [line:28] INFO std_val_loss                  0.0577
2025-04-28 05:05:39,939 fedbase.py run [line:323] INFO expense           1542015230.0
2025-04-28 05:05:39,939 fedbase.py run [line:324] INFO Eval Time Cost:               3.1034s
2025-04-28 05:05:39,939 asyncbase.py iterate [line:68] INFO Select clients [0, 1, 2, 3, 4, 5, 6, 7, 8, 9, 10, 11, 12, 13, 14, 15, 16, 17, 18, 19] at time 233.
2025-04-28 05:07:45,759 asyncbase.py iterate [line:73] INFO Receive new models from clients [0, 17, 2, 10, 9, 8, 6, 4, 15, 3, 18, 19, 1, 7, 16, 13, 12, 14, 11, 5] at time 234
2025-04-28 05:07:46,302 fedbase.py run [line:318] INFO --------------Round 82--------------
2025-04-28 05:07:46,303 simple_logger.py log_once [line:14] INFO Current_time:234
2025-04-28 05:07:49,462 simple_logger.py log_once [line:28] INFO test_accuracy                 0.6152
2025-04-28 05:07:49,462 simple_logger.py log_once [line:28] INFO test_loss                     1.0698
2025-04-28 05:07:49,462 simple_logger.py log_once [line:28] INFO val_accuracy                  0.6106
2025-04-28 05:07:49,462 simple_logger.py log_once [line:28] INFO mean_val_accuracy             0.6106
2025-04-28 05:07:49,462 simple_logger.py log_once [line:28] INFO std_val_accuracy              0.0251
2025-04-28 05:07:49,462 simple_logger.py log_once [line:28] INFO val_loss                      1.0823
2025-04-28 05:07:49,462 simple_logger.py log_once [line:28] INFO mean_val_loss                 1.0823
2025-04-28 05:07:49,462 simple_logger.py log_once [line:28] INFO std_val_loss                  0.0574
2025-04-28 05:07:49,462 fedbase.py run [line:323] INFO expense           1546446430.0
2025-04-28 05:07:49,462 fedbase.py run [line:324] INFO Eval Time Cost:               3.1595s
2025-04-28 05:07:49,462 asyncbase.py iterate [line:68] INFO Select clients [0, 1, 2, 3, 4, 5, 6, 7, 8, 9, 10, 11, 12, 13, 14, 15, 16, 17, 18, 19] at time 235.
2025-04-28 05:09:56,082 asyncbase.py iterate [line:73] INFO Receive new models from clients [16, 10, 15, 5, 11, 7, 19, 2, 6, 14, 8, 3, 13, 9, 12, 1, 0, 18, 4, 17] at time 236
2025-04-28 05:09:56,635 fedbase.py run [line:318] INFO --------------Round 83--------------
2025-04-28 05:09:56,636 simple_logger.py log_once [line:14] INFO Current_time:236
2025-04-28 05:09:59,696 simple_logger.py log_once [line:28] INFO test_accuracy                 0.6261
2025-04-28 05:09:59,697 simple_logger.py log_once [line:28] INFO test_loss                     1.0424
2025-04-28 05:09:59,697 simple_logger.py log_once [line:28] INFO val_accuracy                  0.6212
2025-04-28 05:09:59,697 simple_logger.py log_once [line:28] INFO mean_val_accuracy             0.6212
2025-04-28 05:09:59,697 simple_logger.py log_once [line:28] INFO std_val_accuracy              0.0214
2025-04-28 05:09:59,697 simple_logger.py log_once [line:28] INFO val_loss                      1.0588
2025-04-28 05:09:59,697 simple_logger.py log_once [line:28] INFO mean_val_loss                 1.0588
2025-04-28 05:09:59,697 simple_logger.py log_once [line:28] INFO std_val_loss                  0.0534
2025-04-28 05:09:59,697 fedbase.py run [line:323] INFO expense           1550877630.0
2025-04-28 05:09:59,697 fedbase.py run [line:324] INFO Eval Time Cost:               3.0615s
2025-04-28 05:09:59,697 asyncbase.py iterate [line:68] INFO Select clients [0, 1, 2, 3, 4, 5, 6, 7, 8, 9, 10, 11, 12, 13, 14, 15, 16, 17, 18, 19] at time 237.
2025-04-28 05:10:35,665 asyncbase.py iterate [line:73] INFO Receive new models from clients [19, 15, 18, 1, 16, 12, 13, 10, 6, 8, 2, 0, 5, 4, 17, 11, 3, 7, 9, 14] at time 238
2025-04-28 05:10:42,563 fedbase.py run [line:318] INFO --------------Round 84--------------
2025-04-28 05:10:42,564 simple_logger.py log_once [line:14] INFO Current_time:238
2025-04-28 05:10:45,668 simple_logger.py log_once [line:28] INFO test_accuracy                 0.6364
2025-04-28 05:10:45,668 simple_logger.py log_once [line:28] INFO test_loss                     1.0132
2025-04-28 05:10:45,668 simple_logger.py log_once [line:28] INFO val_accuracy                  0.6304
2025-04-28 05:10:45,668 simple_logger.py log_once [line:28] INFO mean_val_accuracy             0.6304
2025-04-28 05:10:45,668 simple_logger.py log_once [line:28] INFO std_val_accuracy              0.0251
2025-04-28 05:10:45,668 simple_logger.py log_once [line:28] INFO val_loss                      1.0314
2025-04-28 05:10:45,668 simple_logger.py log_once [line:28] INFO mean_val_loss                 1.0314
2025-04-28 05:10:45,668 simple_logger.py log_once [line:28] INFO std_val_loss                  0.0562
2025-04-28 05:10:45,668 fedbase.py run [line:323] INFO expense           1606747440.0
2025-04-28 05:10:45,668 fedbase.py run [line:324] INFO Eval Time Cost:               3.1044s
2025-04-28 05:10:45,668 asyncbase.py iterate [line:68] INFO Select clients [0, 1, 2, 3, 4, 5, 6, 7, 8, 9, 10, 11, 12, 13, 14, 15, 16, 17, 18, 19] at time 239.
2025-04-28 05:12:50,802 asyncbase.py iterate [line:73] INFO Receive new models from clients [4, 2, 0, 9, 6, 17, 1, 8, 16, 3, 19, 13, 10, 7, 14] at time 242
2025-04-28 05:12:50,803 asyncbase.py iterate [line:73] INFO Receive new models from clients [11, 12, 15, 18, 5] at time 243
2025-04-28 05:12:51,342 fedbase.py run [line:318] INFO --------------Round 85--------------
2025-04-28 05:12:51,343 simple_logger.py log_once [line:14] INFO Current_time:243
2025-04-28 05:12:54,394 simple_logger.py log_once [line:28] INFO test_accuracy                 0.6318
2025-04-28 05:12:54,394 simple_logger.py log_once [line:28] INFO test_loss                     1.0257
2025-04-28 05:12:54,394 simple_logger.py log_once [line:28] INFO val_accuracy                  0.6256
2025-04-28 05:12:54,394 simple_logger.py log_once [line:28] INFO mean_val_accuracy             0.6256
2025-04-28 05:12:54,394 simple_logger.py log_once [line:28] INFO std_val_accuracy              0.0269
2025-04-28 05:12:54,394 simple_logger.py log_once [line:28] INFO val_loss                      1.0425
2025-04-28 05:12:54,394 simple_logger.py log_once [line:28] INFO mean_val_loss                 1.0425
2025-04-28 05:12:54,394 simple_logger.py log_once [line:28] INFO std_val_loss                  0.0573
2025-04-28 05:12:54,394 fedbase.py run [line:323] INFO expense           1611178640.0
2025-04-28 05:12:54,394 fedbase.py run [line:324] INFO Eval Time Cost:               3.0514s
2025-04-28 05:12:54,394 asyncbase.py iterate [line:68] INFO Select clients [0, 1, 2, 3, 4, 5, 6, 7, 8, 9, 10, 11, 12, 13, 14, 15, 16, 17, 18, 19] at time 244.
2025-04-28 05:15:01,313 asyncbase.py iterate [line:73] INFO Receive new models from clients [19, 10, 14, 3, 4, 11, 12, 15, 18, 8, 2, 0, 9, 1, 17, 6, 5, 7, 16, 13] at time 245
2025-04-28 05:15:01,833 fedbase.py run [line:318] INFO --------------Round 86--------------
2025-04-28 05:15:01,834 simple_logger.py log_once [line:14] INFO Current_time:245
2025-04-28 05:15:04,947 simple_logger.py log_once [line:28] INFO test_accuracy                 0.6384
2025-04-28 05:15:04,947 simple_logger.py log_once [line:28] INFO test_loss                     1.0123
2025-04-28 05:15:04,947 simple_logger.py log_once [line:28] INFO val_accuracy                  0.6296
2025-04-28 05:15:04,947 simple_logger.py log_once [line:28] INFO mean_val_accuracy             0.6296
2025-04-28 05:15:04,947 simple_logger.py log_once [line:28] INFO std_val_accuracy              0.0257
2025-04-28 05:15:04,947 simple_logger.py log_once [line:28] INFO val_loss                      1.0296
2025-04-28 05:15:04,947 simple_logger.py log_once [line:28] INFO mean_val_loss                 1.0296
2025-04-28 05:15:04,947 simple_logger.py log_once [line:28] INFO std_val_loss                  0.0555
2025-04-28 05:15:04,948 fedbase.py run [line:323] INFO expense           1615609840.0
2025-04-28 05:15:04,948 fedbase.py run [line:324] INFO Eval Time Cost:               3.1136s
2025-04-28 05:15:04,948 asyncbase.py iterate [line:68] INFO Select clients [0, 1, 2, 3, 4, 5, 6, 7, 8, 9, 10, 11, 12, 13, 14, 15, 16, 17, 18, 19] at time 246.
2025-04-28 05:17:04,764 asyncbase.py iterate [line:73] INFO Receive new models from clients [13, 11, 18, 12, 9, 6, 16, 19, 2, 4, 17, 10, 14, 5, 15, 0, 3, 7, 8, 1] at time 247
2025-04-28 05:17:05,302 fedbase.py run [line:318] INFO --------------Round 87--------------
2025-04-28 05:17:05,302 simple_logger.py log_once [line:14] INFO Current_time:247
2025-04-28 05:17:08,437 simple_logger.py log_once [line:28] INFO test_accuracy                 0.6343
2025-04-28 05:17:08,438 simple_logger.py log_once [line:28] INFO test_loss                     1.0172
2025-04-28 05:17:08,438 simple_logger.py log_once [line:28] INFO val_accuracy                  0.6284
2025-04-28 05:17:08,438 simple_logger.py log_once [line:28] INFO mean_val_accuracy             0.6284
2025-04-28 05:17:08,438 simple_logger.py log_once [line:28] INFO std_val_accuracy              0.0237
2025-04-28 05:17:08,438 simple_logger.py log_once [line:28] INFO val_loss                      1.0368
2025-04-28 05:17:08,438 simple_logger.py log_once [line:28] INFO mean_val_loss                 1.0368
2025-04-28 05:17:08,438 simple_logger.py log_once [line:28] INFO std_val_loss                  0.0569
2025-04-28 05:17:08,438 fedbase.py run [line:323] INFO expense           1620041040.0
2025-04-28 05:17:08,438 fedbase.py run [line:324] INFO Eval Time Cost:               3.1357s
2025-04-28 05:17:08,438 asyncbase.py iterate [line:68] INFO Select clients [0, 1, 2, 3, 4, 5, 6, 7, 8, 9, 10, 11, 12, 13, 14, 15, 16, 17, 18, 19] at time 248.
2025-04-28 05:19:12,015 asyncbase.py iterate [line:73] INFO Receive new models from clients [13, 4, 8, 19, 12, 14, 1, 5, 10, 15, 7, 18, 3, 2, 11, 16, 0, 6, 17, 9] at time 249
2025-04-28 05:19:12,529 fedbase.py run [line:318] INFO --------------Round 88--------------
2025-04-28 05:19:12,530 simple_logger.py log_once [line:14] INFO Current_time:249
2025-04-28 05:19:15,598 simple_logger.py log_once [line:28] INFO test_accuracy                 0.6372
2025-04-28 05:19:15,598 simple_logger.py log_once [line:28] INFO test_loss                     1.0138
2025-04-28 05:19:15,598 simple_logger.py log_once [line:28] INFO val_accuracy                  0.6248
2025-04-28 05:19:15,598 simple_logger.py log_once [line:28] INFO mean_val_accuracy             0.6248
2025-04-28 05:19:15,598 simple_logger.py log_once [line:28] INFO std_val_accuracy              0.0248
2025-04-28 05:19:15,598 simple_logger.py log_once [line:28] INFO val_loss                      1.0303
2025-04-28 05:19:15,598 simple_logger.py log_once [line:28] INFO mean_val_loss                 1.0303
2025-04-28 05:19:15,598 simple_logger.py log_once [line:28] INFO std_val_loss                  0.0560
2025-04-28 05:19:15,598 fedbase.py run [line:323] INFO expense           1624472240.0
2025-04-28 05:19:15,599 fedbase.py run [line:324] INFO Eval Time Cost:               3.0686s
2025-04-28 05:19:15,599 asyncbase.py iterate [line:68] INFO Select clients [0, 1, 2, 3, 4, 5, 6, 7, 8, 9, 10, 11, 12, 13, 14, 15, 16, 17, 18, 19] at time 250.
2025-04-28 05:21:17,903 asyncbase.py iterate [line:73] INFO Receive new models from clients [18, 4, 14, 3, 17, 13, 12, 10, 2, 6, 15, 1, 8, 5, 11, 0, 19, 7, 16, 9] at time 251
2025-04-28 05:21:18,479 fedbase.py run [line:318] INFO --------------Round 89--------------
2025-04-28 05:21:18,479 simple_logger.py log_once [line:14] INFO Current_time:251
2025-04-28 05:21:21,514 simple_logger.py log_once [line:28] INFO test_accuracy                 0.6395
2025-04-28 05:21:21,514 simple_logger.py log_once [line:28] INFO test_loss                     1.0076
2025-04-28 05:21:21,514 simple_logger.py log_once [line:28] INFO val_accuracy                  0.6294
2025-04-28 05:21:21,514 simple_logger.py log_once [line:28] INFO mean_val_accuracy             0.6294
2025-04-28 05:21:21,514 simple_logger.py log_once [line:28] INFO std_val_accuracy              0.0277
2025-04-28 05:21:21,514 simple_logger.py log_once [line:28] INFO val_loss                      1.0241
2025-04-28 05:21:21,514 simple_logger.py log_once [line:28] INFO mean_val_loss                 1.0241
2025-04-28 05:21:21,514 simple_logger.py log_once [line:28] INFO std_val_loss                  0.0543
2025-04-28 05:21:21,514 fedbase.py run [line:323] INFO expense           1628903440.0
2025-04-28 05:21:21,514 fedbase.py run [line:324] INFO Eval Time Cost:               3.0349s
2025-04-28 05:21:21,514 asyncbase.py iterate [line:68] INFO Select clients [0, 1, 2, 3, 4, 5, 6, 7, 8, 9, 10, 11, 12, 13, 14, 15, 16, 17, 18, 19] at time 252.
2025-04-28 05:23:23,842 asyncbase.py iterate [line:73] INFO Receive new models from clients [14, 16, 11, 12, 15, 10, 6, 18, 2, 17, 3, 8, 13, 4, 7, 0, 19, 9, 1, 5] at time 253
2025-04-28 05:23:24,375 fedbase.py run [line:318] INFO --------------Round 90--------------
2025-04-28 05:23:24,376 simple_logger.py log_once [line:14] INFO Current_time:253
2025-04-28 05:23:27,730 simple_logger.py log_once [line:28] INFO test_accuracy                 0.6340
2025-04-28 05:23:27,731 simple_logger.py log_once [line:28] INFO test_loss                     1.0167
2025-04-28 05:23:27,731 simple_logger.py log_once [line:28] INFO val_accuracy                  0.6288
2025-04-28 05:23:27,731 simple_logger.py log_once [line:28] INFO mean_val_accuracy             0.6288
2025-04-28 05:23:27,731 simple_logger.py log_once [line:28] INFO std_val_accuracy              0.0257
2025-04-28 05:23:27,731 simple_logger.py log_once [line:28] INFO val_loss                      1.0317
2025-04-28 05:23:27,731 simple_logger.py log_once [line:28] INFO mean_val_loss                 1.0317
2025-04-28 05:23:27,732 simple_logger.py log_once [line:28] INFO std_val_loss                  0.0556
2025-04-28 05:23:27,732 fedbase.py run [line:323] INFO expense           1633334640.0
2025-04-28 05:23:27,732 fedbase.py run [line:324] INFO Eval Time Cost:               3.3559s
2025-04-28 05:23:27,732 asyncbase.py iterate [line:68] INFO Select clients [0, 1, 2, 3, 4, 5, 6, 7, 8, 9, 10, 11, 12, 13, 14, 15, 16, 17, 18, 19] at time 254.
2025-04-28 05:25:32,216 asyncbase.py iterate [line:73] INFO Receive new models from clients [16, 18, 11, 9, 6, 19, 10, 2, 17, 12, 4, 15, 1, 5, 0, 7, 14, 8, 3, 13] at time 255
2025-04-28 05:25:32,812 fedbase.py run [line:318] INFO --------------Round 91--------------
2025-04-28 05:25:32,812 simple_logger.py log_once [line:14] INFO Current_time:255
2025-04-28 05:25:35,918 simple_logger.py log_once [line:28] INFO test_accuracy                 0.6373
2025-04-28 05:25:35,918 simple_logger.py log_once [line:28] INFO test_loss                     1.0132
2025-04-28 05:25:35,918 simple_logger.py log_once [line:28] INFO val_accuracy                  0.6304
2025-04-28 05:25:35,918 simple_logger.py log_once [line:28] INFO mean_val_accuracy             0.6304
2025-04-28 05:25:35,918 simple_logger.py log_once [line:28] INFO std_val_accuracy              0.0238
2025-04-28 05:25:35,918 simple_logger.py log_once [line:28] INFO val_loss                      1.0275
2025-04-28 05:25:35,918 simple_logger.py log_once [line:28] INFO mean_val_loss                 1.0275
2025-04-28 05:25:35,918 simple_logger.py log_once [line:28] INFO std_val_loss                  0.0515
2025-04-28 05:25:35,918 fedbase.py run [line:323] INFO expense           1637765840.0
2025-04-28 05:25:35,918 fedbase.py run [line:324] INFO Eval Time Cost:               3.1057s
2025-04-28 05:25:35,918 asyncbase.py iterate [line:68] INFO Select clients [0, 1, 2, 3, 4, 5, 6, 7, 8, 9, 10, 11, 12, 13, 14, 15, 16, 17, 18, 19] at time 256.
2025-04-28 05:26:06,130 asyncbase.py iterate [line:73] INFO Receive new models from clients [18, 14, 10, 13, 17, 1, 16, 12, 4, 3, 2, 11, 5, 0, 15, 19, 7, 8, 6, 9] at time 257
2025-04-28 05:26:12,448 fedbase.py run [line:318] INFO --------------Round 92--------------
2025-04-28 05:26:12,449 simple_logger.py log_once [line:14] INFO Current_time:257
2025-04-28 05:26:15,497 simple_logger.py log_once [line:28] INFO test_accuracy                 0.6454
2025-04-28 05:26:15,497 simple_logger.py log_once [line:28] INFO test_loss                     0.9855
2025-04-28 05:26:15,497 simple_logger.py log_once [line:28] INFO val_accuracy                  0.6374
2025-04-28 05:26:15,497 simple_logger.py log_once [line:28] INFO mean_val_accuracy             0.6374
2025-04-28 05:26:15,497 simple_logger.py log_once [line:28] INFO std_val_accuracy              0.0237
2025-04-28 05:26:15,497 simple_logger.py log_once [line:28] INFO val_loss                      1.0079
2025-04-28 05:26:15,497 simple_logger.py log_once [line:28] INFO mean_val_loss                 1.0079
2025-04-28 05:26:15,497 simple_logger.py log_once [line:28] INFO std_val_loss                  0.0536
2025-04-28 05:26:15,498 fedbase.py run [line:323] INFO expense           1693635650.0
2025-04-28 05:26:15,498 fedbase.py run [line:324] INFO Eval Time Cost:               3.0490s
2025-04-28 05:26:15,498 asyncbase.py iterate [line:68] INFO Select clients [0, 1, 2, 3, 4, 5, 6, 7, 8, 9, 10, 11, 12, 13, 14, 15, 16, 17, 18, 19] at time 258.
2025-04-28 05:28:21,472 asyncbase.py iterate [line:73] INFO Receive new models from clients [4, 5, 11, 17, 7, 16, 10, 18, 0, 1, 3, 6, 12, 2, 9, 14, 15, 8] at time 261
2025-04-28 05:28:21,473 asyncbase.py iterate [line:73] INFO Receive new models from clients [19, 13] at time 262
2025-04-28 05:28:22,014 fedbase.py run [line:318] INFO --------------Round 93--------------
2025-04-28 05:28:22,015 simple_logger.py log_once [line:14] INFO Current_time:262
2025-04-28 05:28:25,205 simple_logger.py log_once [line:28] INFO test_accuracy                 0.6408
2025-04-28 05:28:25,205 simple_logger.py log_once [line:28] INFO test_loss                     0.9962
2025-04-28 05:28:25,205 simple_logger.py log_once [line:28] INFO val_accuracy                  0.6368
2025-04-28 05:28:25,205 simple_logger.py log_once [line:28] INFO mean_val_accuracy             0.6368
2025-04-28 05:28:25,205 simple_logger.py log_once [line:28] INFO std_val_accuracy              0.0236
2025-04-28 05:28:25,205 simple_logger.py log_once [line:28] INFO val_loss                      1.0151
2025-04-28 05:28:25,205 simple_logger.py log_once [line:28] INFO mean_val_loss                 1.0151
2025-04-28 05:28:25,205 simple_logger.py log_once [line:28] INFO std_val_loss                  0.0542
2025-04-28 05:28:25,205 fedbase.py run [line:323] INFO expense           1698066850.0
2025-04-28 05:28:25,206 fedbase.py run [line:324] INFO Eval Time Cost:               3.1906s
2025-04-28 05:28:25,206 asyncbase.py iterate [line:68] INFO Select clients [0, 1, 2, 3, 4, 5, 6, 7, 8, 9, 10, 11, 12, 13, 14, 15, 16, 17, 18, 19] at time 263.
2025-04-28 05:30:25,998 asyncbase.py iterate [line:73] INFO Receive new models from clients [17, 18, 16, 19, 6, 10, 2, 12, 1, 11, 8, 14, 3, 4, 0, 9, 7, 15, 5, 13] at time 264
2025-04-28 05:30:26,506 fedbase.py run [line:318] INFO --------------Round 94--------------
2025-04-28 05:30:26,507 simple_logger.py log_once [line:14] INFO Current_time:264
2025-04-28 05:30:29,604 simple_logger.py log_once [line:28] INFO test_accuracy                 0.6428
2025-04-28 05:30:29,604 simple_logger.py log_once [line:28] INFO test_loss                     0.9941
2025-04-28 05:30:29,604 simple_logger.py log_once [line:28] INFO val_accuracy                  0.6354
2025-04-28 05:30:29,604 simple_logger.py log_once [line:28] INFO mean_val_accuracy             0.6354
2025-04-28 05:30:29,604 simple_logger.py log_once [line:28] INFO std_val_accuracy              0.0225
2025-04-28 05:30:29,604 simple_logger.py log_once [line:28] INFO val_loss                      1.0127
2025-04-28 05:30:29,604 simple_logger.py log_once [line:28] INFO mean_val_loss                 1.0127
2025-04-28 05:30:29,604 simple_logger.py log_once [line:28] INFO std_val_loss                  0.0544
2025-04-28 05:30:29,604 fedbase.py run [line:323] INFO expense           1702498050.0
2025-04-28 05:30:29,604 fedbase.py run [line:324] INFO Eval Time Cost:               3.0976s
2025-04-28 05:30:29,604 asyncbase.py iterate [line:68] INFO Select clients [0, 1, 2, 3, 4, 5, 6, 7, 8, 9, 10, 11, 12, 13, 14, 15, 16, 17, 18, 19] at time 265.
2025-04-28 05:32:25,125 asyncbase.py iterate [line:73] INFO Receive new models from clients [11, 4, 15, 3, 7, 17, 6, 10, 2, 16, 0, 9, 14, 19, 13, 18, 12, 5, 8, 1] at time 266
2025-04-28 05:32:25,642 fedbase.py run [line:318] INFO --------------Round 95--------------
2025-04-28 05:32:25,643 simple_logger.py log_once [line:14] INFO Current_time:266
2025-04-28 05:32:28,733 simple_logger.py log_once [line:28] INFO test_accuracy                 0.6454
2025-04-28 05:32:28,733 simple_logger.py log_once [line:28] INFO test_loss                     0.9847
2025-04-28 05:32:28,733 simple_logger.py log_once [line:28] INFO val_accuracy                  0.6388
2025-04-28 05:32:28,733 simple_logger.py log_once [line:28] INFO mean_val_accuracy             0.6388
2025-04-28 05:32:28,733 simple_logger.py log_once [line:28] INFO std_val_accuracy              0.0244
2025-04-28 05:32:28,733 simple_logger.py log_once [line:28] INFO val_loss                      1.0051
2025-04-28 05:32:28,733 simple_logger.py log_once [line:28] INFO mean_val_loss                 1.0051
2025-04-28 05:32:28,733 simple_logger.py log_once [line:28] INFO std_val_loss                  0.0548
2025-04-28 05:32:28,734 fedbase.py run [line:323] INFO expense           1706929250.0
2025-04-28 05:32:28,734 fedbase.py run [line:324] INFO Eval Time Cost:               3.0910s
2025-04-28 05:32:28,734 asyncbase.py iterate [line:68] INFO Select clients [0, 1, 2, 3, 4, 5, 6, 7, 8, 9, 10, 11, 12, 13, 14, 15, 16, 17, 18, 19] at time 267.
2025-04-28 05:34:34,643 asyncbase.py iterate [line:73] INFO Receive new models from clients [0, 13, 2, 3, 6, 19, 9, 8, 17, 14, 12, 15, 18, 10, 11, 1, 5, 16, 4, 7] at time 268
2025-04-28 05:34:35,220 fedbase.py run [line:318] INFO --------------Round 96--------------
2025-04-28 05:34:35,220 simple_logger.py log_once [line:14] INFO Current_time:268
2025-04-28 05:34:38,344 simple_logger.py log_once [line:28] INFO test_accuracy                 0.6416
2025-04-28 05:34:38,344 simple_logger.py log_once [line:28] INFO test_loss                     0.9999
2025-04-28 05:34:38,344 simple_logger.py log_once [line:28] INFO val_accuracy                  0.6336
2025-04-28 05:34:38,344 simple_logger.py log_once [line:28] INFO mean_val_accuracy             0.6336
2025-04-28 05:34:38,344 simple_logger.py log_once [line:28] INFO std_val_accuracy              0.0208
2025-04-28 05:34:38,344 simple_logger.py log_once [line:28] INFO val_loss                      1.0173
2025-04-28 05:34:38,344 simple_logger.py log_once [line:28] INFO mean_val_loss                 1.0173
2025-04-28 05:34:38,344 simple_logger.py log_once [line:28] INFO std_val_loss                  0.0525
2025-04-28 05:34:38,344 fedbase.py run [line:323] INFO expense           1711360450.0
2025-04-28 05:34:38,344 fedbase.py run [line:324] INFO Eval Time Cost:               3.1238s
2025-04-28 05:34:38,344 asyncbase.py iterate [line:68] INFO Select clients [0, 1, 2, 3, 4, 5, 6, 7, 8, 9, 10, 11, 12, 13, 14, 15, 16, 17, 18, 19] at time 269.
2025-04-28 05:36:39,738 asyncbase.py iterate [line:73] INFO Receive new models from clients [7, 13, 17, 6, 14, 10, 9, 19, 18, 4, 5, 1, 16, 11, 2, 0, 3, 15, 12, 8] at time 270
2025-04-28 05:36:40,284 fedbase.py run [line:318] INFO --------------Round 97--------------
2025-04-28 05:36:40,284 simple_logger.py log_once [line:14] INFO Current_time:270
2025-04-28 05:36:43,477 simple_logger.py log_once [line:28] INFO test_accuracy                 0.6476
2025-04-28 05:36:43,477 simple_logger.py log_once [line:28] INFO test_loss                     0.9852
2025-04-28 05:36:43,477 simple_logger.py log_once [line:28] INFO val_accuracy                  0.6350
2025-04-28 05:36:43,477 simple_logger.py log_once [line:28] INFO mean_val_accuracy             0.6350
2025-04-28 05:36:43,477 simple_logger.py log_once [line:28] INFO std_val_accuracy              0.0229
2025-04-28 05:36:43,478 simple_logger.py log_once [line:28] INFO val_loss                      1.0044
2025-04-28 05:36:43,478 simple_logger.py log_once [line:28] INFO mean_val_loss                 1.0044
2025-04-28 05:36:43,478 simple_logger.py log_once [line:28] INFO std_val_loss                  0.0532
2025-04-28 05:36:43,478 fedbase.py run [line:323] INFO expense           1715791650.0
2025-04-28 05:36:43,478 fedbase.py run [line:324] INFO Eval Time Cost:               3.1935s
2025-04-28 05:36:43,478 asyncbase.py iterate [line:68] INFO Select clients [0, 1, 2, 3, 4, 5, 6, 7, 8, 9, 10, 11, 12, 13, 14, 15, 16, 17, 18, 19] at time 271.
2025-04-28 05:38:50,089 asyncbase.py iterate [line:73] INFO Receive new models from clients [3, 9, 2, 19, 18, 7, 16, 10, 0, 6, 4, 14, 15, 13, 8, 5, 1, 12, 11, 17] at time 272
2025-04-28 05:38:50,581 fedbase.py run [line:318] INFO --------------Round 98--------------
2025-04-28 05:38:50,581 simple_logger.py log_once [line:14] INFO Current_time:272
2025-04-28 05:38:53,633 simple_logger.py log_once [line:28] INFO test_accuracy                 0.6481
2025-04-28 05:38:53,634 simple_logger.py log_once [line:28] INFO test_loss                     0.9804
2025-04-28 05:38:53,634 simple_logger.py log_once [line:28] INFO val_accuracy                  0.6404
2025-04-28 05:38:53,634 simple_logger.py log_once [line:28] INFO mean_val_accuracy             0.6404
2025-04-28 05:38:53,634 simple_logger.py log_once [line:28] INFO std_val_accuracy              0.0277
2025-04-28 05:38:53,634 simple_logger.py log_once [line:28] INFO val_loss                      1.0000
2025-04-28 05:38:53,634 simple_logger.py log_once [line:28] INFO mean_val_loss                 1.0000
2025-04-28 05:38:53,634 simple_logger.py log_once [line:28] INFO std_val_loss                  0.0546
2025-04-28 05:38:53,634 fedbase.py run [line:323] INFO expense           1720222850.0
2025-04-28 05:38:53,634 fedbase.py run [line:324] INFO Eval Time Cost:               3.0528s
2025-04-28 05:38:53,634 asyncbase.py iterate [line:68] INFO Select clients [0, 1, 2, 3, 4, 5, 6, 7, 8, 9, 10, 11, 12, 13, 14, 15, 16, 17, 18, 19] at time 273.
2025-04-28 05:40:56,487 asyncbase.py iterate [line:73] INFO Receive new models from clients [7, 14, 17, 18, 1, 0, 9, 2, 13, 12, 6, 10, 3, 15, 19, 4, 5, 11, 8, 16] at time 274
2025-04-28 05:40:56,996 fedbase.py run [line:318] INFO --------------Round 99--------------
2025-04-28 05:40:56,997 simple_logger.py log_once [line:14] INFO Current_time:274
2025-04-28 05:41:00,146 simple_logger.py log_once [line:28] INFO test_accuracy                 0.6418
2025-04-28 05:41:00,146 simple_logger.py log_once [line:28] INFO test_loss                     0.9960
2025-04-28 05:41:00,146 simple_logger.py log_once [line:28] INFO val_accuracy                  0.6344
2025-04-28 05:41:00,147 simple_logger.py log_once [line:28] INFO mean_val_accuracy             0.6344
2025-04-28 05:41:00,147 simple_logger.py log_once [line:28] INFO std_val_accuracy              0.0259
2025-04-28 05:41:00,147 simple_logger.py log_once [line:28] INFO val_loss                      1.0132
2025-04-28 05:41:00,147 simple_logger.py log_once [line:28] INFO mean_val_loss                 1.0132
2025-04-28 05:41:00,147 simple_logger.py log_once [line:28] INFO std_val_loss                  0.0571
2025-04-28 05:41:00,147 fedbase.py run [line:323] INFO expense           1724654050.0
2025-04-28 05:41:00,147 fedbase.py run [line:324] INFO Eval Time Cost:               3.1499s
2025-04-28 05:41:00,147 asyncbase.py iterate [line:68] INFO Select clients [0, 1, 2, 3, 4, 5, 6, 7, 8, 9, 10, 11, 12, 13, 14, 15, 16, 17, 18, 19] at time 275.
2025-04-28 05:41:31,345 asyncbase.py iterate [line:73] INFO Receive new models from clients [6, 12, 2, 18, 11, 1, 7, 8, 16, 19, 17, 10, 14, 4, 0, 3, 9, 5, 15, 13] at time 276
2025-04-28 05:41:37,865 fedbase.py run [line:318] INFO --------------Round 100--------------
2025-04-28 05:41:37,866 simple_logger.py log_once [line:14] INFO Current_time:276
2025-04-28 05:41:40,933 simple_logger.py log_once [line:28] INFO test_accuracy                 0.6569
2025-04-28 05:41:40,934 simple_logger.py log_once [line:28] INFO test_loss                     0.9599
2025-04-28 05:41:40,934 simple_logger.py log_once [line:28] INFO val_accuracy                  0.6466
2025-04-28 05:41:40,934 simple_logger.py log_once [line:28] INFO mean_val_accuracy             0.6466
2025-04-28 05:41:40,934 simple_logger.py log_once [line:28] INFO std_val_accuracy              0.0225
2025-04-28 05:41:40,934 simple_logger.py log_once [line:28] INFO val_loss                      0.9793
2025-04-28 05:41:40,934 simple_logger.py log_once [line:28] INFO mean_val_loss                 0.9793
2025-04-28 05:41:40,934 simple_logger.py log_once [line:28] INFO std_val_loss                  0.0583
2025-04-28 05:41:40,934 fedbase.py run [line:323] INFO expense           1780523860.0
2025-04-28 05:41:40,934 fedbase.py run [line:324] INFO Eval Time Cost:               3.0680s
2025-04-28 05:41:40,934 asyncbase.py iterate [line:68] INFO Select clients [0, 1, 2, 3, 4, 5, 6, 7, 8, 9, 10, 11, 12, 13, 14, 15, 16, 17, 18, 19] at time 277.
2025-04-28 05:43:47,308 asyncbase.py iterate [line:73] INFO Receive new models from clients [19, 5, 7, 9, 2, 16, 17, 11, 6, 13, 0, 15, 3, 14, 12] at time 280
2025-04-28 05:43:47,308 asyncbase.py iterate [line:73] INFO Receive new models from clients [8, 1, 18, 10, 4] at time 281
2025-04-28 05:43:47,859 fedbase.py run [line:318] INFO --------------Round 101--------------
2025-04-28 05:43:47,859 simple_logger.py log_once [line:14] INFO Current_time:281
2025-04-28 05:43:50,938 simple_logger.py log_once [line:28] INFO test_accuracy                 0.6547
2025-04-28 05:43:50,938 simple_logger.py log_once [line:28] INFO test_loss                     0.9603
2025-04-28 05:43:50,938 simple_logger.py log_once [line:28] INFO val_accuracy                  0.6442
2025-04-28 05:43:50,938 simple_logger.py log_once [line:28] INFO mean_val_accuracy             0.6442
2025-04-28 05:43:50,938 simple_logger.py log_once [line:28] INFO std_val_accuracy              0.0252
2025-04-28 05:43:50,938 simple_logger.py log_once [line:28] INFO val_loss                      0.9785
2025-04-28 05:43:50,938 simple_logger.py log_once [line:28] INFO mean_val_loss                 0.9785
2025-04-28 05:43:50,938 simple_logger.py log_once [line:28] INFO std_val_loss                  0.0571
2025-04-28 05:43:50,938 fedbase.py run [line:323] INFO expense           1784955060.0
2025-04-28 05:43:50,938 fedbase.py run [line:324] INFO Eval Time Cost:               3.0790s
2025-04-28 05:43:50,939 asyncbase.py iterate [line:68] INFO Select clients [0, 1, 2, 3, 4, 5, 6, 7, 8, 9, 10, 11, 12, 13, 14, 15, 16, 17, 18, 19] at time 282.
2025-04-28 05:45:52,575 asyncbase.py iterate [line:73] INFO Receive new models from clients [4, 9, 17, 6, 10, 2, 1, 7, 3, 11, 12, 18, 13, 8, 5, 0, 16, 19, 15, 14] at time 283
2025-04-28 05:45:53,128 fedbase.py run [line:318] INFO --------------Round 102--------------
2025-04-28 05:45:53,128 simple_logger.py log_once [line:14] INFO Current_time:283
2025-04-28 05:45:56,235 simple_logger.py log_once [line:28] INFO test_accuracy                 0.6478
2025-04-28 05:45:56,235 simple_logger.py log_once [line:28] INFO test_loss                     0.9795
2025-04-28 05:45:56,235 simple_logger.py log_once [line:28] INFO val_accuracy                  0.6366
2025-04-28 05:45:56,235 simple_logger.py log_once [line:28] INFO mean_val_accuracy             0.6366
2025-04-28 05:45:56,235 simple_logger.py log_once [line:28] INFO std_val_accuracy              0.0258
2025-04-28 05:45:56,235 simple_logger.py log_once [line:28] INFO val_loss                      0.9960
2025-04-28 05:45:56,235 simple_logger.py log_once [line:28] INFO mean_val_loss                 0.9960
2025-04-28 05:45:56,235 simple_logger.py log_once [line:28] INFO std_val_loss                  0.0590
2025-04-28 05:45:56,235 fedbase.py run [line:323] INFO expense           1789386260.0
2025-04-28 05:45:56,235 fedbase.py run [line:324] INFO Eval Time Cost:               3.1072s
2025-04-28 05:45:56,236 asyncbase.py iterate [line:68] INFO Select clients [0, 1, 2, 3, 4, 5, 6, 7, 8, 9, 10, 11, 12, 13, 14, 15, 16, 17, 18, 19] at time 284.
2025-04-28 05:48:04,120 asyncbase.py iterate [line:73] INFO Receive new models from clients [17, 10, 13, 6, 4, 9, 14, 15, 12, 5, 0, 8, 1, 2, 19, 11, 16, 18, 7, 3] at time 285
2025-04-28 05:48:04,826 fedbase.py run [line:318] INFO --------------Round 103--------------
2025-04-28 05:48:04,827 simple_logger.py log_once [line:14] INFO Current_time:285
2025-04-28 05:48:08,021 simple_logger.py log_once [line:28] INFO test_accuracy                 0.6538
2025-04-28 05:48:08,021 simple_logger.py log_once [line:28] INFO test_loss                     0.9608
2025-04-28 05:48:08,021 simple_logger.py log_once [line:28] INFO val_accuracy                  0.6478
2025-04-28 05:48:08,021 simple_logger.py log_once [line:28] INFO mean_val_accuracy             0.6478
2025-04-28 05:48:08,022 simple_logger.py log_once [line:28] INFO std_val_accuracy              0.0248
2025-04-28 05:48:08,022 simple_logger.py log_once [line:28] INFO val_loss                      0.9767
2025-04-28 05:48:08,022 simple_logger.py log_once [line:28] INFO mean_val_loss                 0.9767
2025-04-28 05:48:08,022 simple_logger.py log_once [line:28] INFO std_val_loss                  0.0562
2025-04-28 05:48:08,022 fedbase.py run [line:323] INFO expense           1793817460.0
2025-04-28 05:48:08,022 fedbase.py run [line:324] INFO Eval Time Cost:               3.1948s
2025-04-28 05:48:08,022 asyncbase.py iterate [line:68] INFO Select clients [0, 1, 2, 3, 4, 5, 6, 7, 8, 9, 10, 11, 12, 13, 14, 15, 16, 17, 18, 19] at time 286.
2025-04-28 05:50:09,906 asyncbase.py iterate [line:73] INFO Receive new models from clients [1, 12, 7, 6, 5, 18, 10, 17, 8, 13, 4, 14, 3, 15, 11, 19, 0, 16, 2, 9] at time 287
2025-04-28 05:50:10,449 fedbase.py run [line:318] INFO --------------Round 104--------------
2025-04-28 05:50:10,450 simple_logger.py log_once [line:14] INFO Current_time:287
2025-04-28 05:50:13,583 simple_logger.py log_once [line:28] INFO test_accuracy                 0.6544
2025-04-28 05:50:13,583 simple_logger.py log_once [line:28] INFO test_loss                     0.9621
2025-04-28 05:50:13,583 simple_logger.py log_once [line:28] INFO val_accuracy                  0.6442
2025-04-28 05:50:13,583 simple_logger.py log_once [line:28] INFO mean_val_accuracy             0.6442
2025-04-28 05:50:13,583 simple_logger.py log_once [line:28] INFO std_val_accuracy              0.0229
2025-04-28 05:50:13,583 simple_logger.py log_once [line:28] INFO val_loss                      0.9803
2025-04-28 05:50:13,583 simple_logger.py log_once [line:28] INFO mean_val_loss                 0.9803
2025-04-28 05:50:13,583 simple_logger.py log_once [line:28] INFO std_val_loss                  0.0572
2025-04-28 05:50:13,583 fedbase.py run [line:323] INFO expense           1798248660.0
2025-04-28 05:50:13,583 fedbase.py run [line:324] INFO Eval Time Cost:               3.1334s
2025-04-28 05:50:13,583 asyncbase.py iterate [line:68] INFO Select clients [0, 1, 2, 3, 4, 5, 6, 7, 8, 9, 10, 11, 12, 13, 14, 15, 16, 17, 18, 19] at time 288.
2025-04-28 05:52:14,214 asyncbase.py iterate [line:73] INFO Receive new models from clients [1, 13, 18, 12, 11, 2, 6, 4, 5, 16, 14, 8, 17, 9, 0, 7, 3, 15, 10, 19] at time 289
2025-04-28 05:52:14,783 fedbase.py run [line:318] INFO --------------Round 105--------------
2025-04-28 05:52:14,784 simple_logger.py log_once [line:14] INFO Current_time:289
2025-04-28 05:52:17,901 simple_logger.py log_once [line:28] INFO test_accuracy                 0.6531
2025-04-28 05:52:17,901 simple_logger.py log_once [line:28] INFO test_loss                     0.9562
2025-04-28 05:52:17,901 simple_logger.py log_once [line:28] INFO val_accuracy                  0.6464
2025-04-28 05:52:17,901 simple_logger.py log_once [line:28] INFO mean_val_accuracy             0.6464
2025-04-28 05:52:17,901 simple_logger.py log_once [line:28] INFO std_val_accuracy              0.0241
2025-04-28 05:52:17,901 simple_logger.py log_once [line:28] INFO val_loss                      0.9750
2025-04-28 05:52:17,901 simple_logger.py log_once [line:28] INFO mean_val_loss                 0.9750
2025-04-28 05:52:17,901 simple_logger.py log_once [line:28] INFO std_val_loss                  0.0547
2025-04-28 05:52:17,901 fedbase.py run [line:323] INFO expense           1802679860.0
2025-04-28 05:52:17,901 fedbase.py run [line:324] INFO Eval Time Cost:               3.1176s
2025-04-28 05:52:17,901 asyncbase.py iterate [line:68] INFO Select clients [0, 1, 2, 3, 4, 5, 6, 7, 8, 9, 10, 11, 12, 13, 14, 15, 16, 17, 18, 19] at time 290.
2025-04-28 05:54:17,967 asyncbase.py iterate [line:73] INFO Receive new models from clients [7, 5, 17, 12, 2, 19, 0, 1, 4, 9, 15, 18, 8, 11, 3, 16, 14, 13, 6, 10] at time 291
2025-04-28 05:54:18,478 fedbase.py run [line:318] INFO --------------Round 106--------------
2025-04-28 05:54:18,479 simple_logger.py log_once [line:14] INFO Current_time:291
2025-04-28 05:54:21,649 simple_logger.py log_once [line:28] INFO test_accuracy                 0.6504
2025-04-28 05:54:21,649 simple_logger.py log_once [line:28] INFO test_loss                     0.9749
2025-04-28 05:54:21,650 simple_logger.py log_once [line:28] INFO val_accuracy                  0.6464
2025-04-28 05:54:21,650 simple_logger.py log_once [line:28] INFO mean_val_accuracy             0.6464
2025-04-28 05:54:21,650 simple_logger.py log_once [line:28] INFO std_val_accuracy              0.0236
2025-04-28 05:54:21,650 simple_logger.py log_once [line:28] INFO val_loss                      0.9906
2025-04-28 05:54:21,650 simple_logger.py log_once [line:28] INFO mean_val_loss                 0.9906
2025-04-28 05:54:21,650 simple_logger.py log_once [line:28] INFO std_val_loss                  0.0561
2025-04-28 05:54:21,650 fedbase.py run [line:323] INFO expense           1807111060.0
2025-04-28 05:54:21,650 fedbase.py run [line:324] INFO Eval Time Cost:               3.1709s
2025-04-28 05:54:21,650 asyncbase.py iterate [line:68] INFO Select clients [0, 1, 2, 3, 4, 5, 6, 7, 8, 9, 10, 11, 12, 13, 14, 15, 16, 17, 18, 19] at time 292.
2025-04-28 05:56:23,601 asyncbase.py iterate [line:73] INFO Receive new models from clients [0, 3, 15, 1, 18, 16, 2, 10, 17, 11, 4, 7, 9, 14, 5, 13, 6, 12, 8, 19] at time 293
2025-04-28 05:56:24,099 fedbase.py run [line:318] INFO --------------Round 107--------------
2025-04-28 05:56:24,099 simple_logger.py log_once [line:14] INFO Current_time:293
2025-04-28 05:56:27,187 simple_logger.py log_once [line:28] INFO test_accuracy                 0.6548
2025-04-28 05:56:27,187 simple_logger.py log_once [line:28] INFO test_loss                     0.9587
2025-04-28 05:56:27,187 simple_logger.py log_once [line:28] INFO val_accuracy                  0.6498
2025-04-28 05:56:27,187 simple_logger.py log_once [line:28] INFO mean_val_accuracy             0.6498
2025-04-28 05:56:27,187 simple_logger.py log_once [line:28] INFO std_val_accuracy              0.0263
2025-04-28 05:56:27,187 simple_logger.py log_once [line:28] INFO val_loss                      0.9754
2025-04-28 05:56:27,187 simple_logger.py log_once [line:28] INFO mean_val_loss                 0.9754
2025-04-28 05:56:27,187 simple_logger.py log_once [line:28] INFO std_val_loss                  0.0554
2025-04-28 05:56:27,187 fedbase.py run [line:323] INFO expense           1811542260.0
2025-04-28 05:56:27,187 fedbase.py run [line:324] INFO Eval Time Cost:               3.0886s
2025-04-28 05:56:27,188 asyncbase.py iterate [line:68] INFO Select clients [0, 1, 2, 3, 4, 5, 6, 7, 8, 9, 10, 11, 12, 13, 14, 15, 16, 17, 18, 19] at time 294.
2025-04-28 05:58:30,046 asyncbase.py iterate [line:73] INFO Receive new models from clients [19, 1, 0, 16, 2, 11, 8, 18, 4, 17, 9, 15, 10, 13, 6, 7, 14, 3, 5, 12] at time 295
2025-04-28 05:58:30,579 fedbase.py run [line:318] INFO --------------Round 108--------------
2025-04-28 05:58:30,580 simple_logger.py log_once [line:14] INFO Current_time:295
2025-04-28 05:58:33,686 simple_logger.py log_once [line:28] INFO test_accuracy                 0.6560
2025-04-28 05:58:33,686 simple_logger.py log_once [line:28] INFO test_loss                     0.9547
2025-04-28 05:58:33,686 simple_logger.py log_once [line:28] INFO val_accuracy                  0.6470
2025-04-28 05:58:33,686 simple_logger.py log_once [line:28] INFO mean_val_accuracy             0.6470
2025-04-28 05:58:33,686 simple_logger.py log_once [line:28] INFO std_val_accuracy              0.0268
2025-04-28 05:58:33,686 simple_logger.py log_once [line:28] INFO val_loss                      0.9700
2025-04-28 05:58:33,686 simple_logger.py log_once [line:28] INFO mean_val_loss                 0.9700
2025-04-28 05:58:33,686 simple_logger.py log_once [line:28] INFO std_val_loss                  0.0547
2025-04-28 05:58:33,686 fedbase.py run [line:323] INFO expense           1815973460.0
2025-04-28 05:58:33,686 fedbase.py run [line:324] INFO Eval Time Cost:               3.1064s
2025-04-28 05:58:33,686 asyncbase.py iterate [line:68] INFO Select clients [0, 1, 2, 3, 4, 5, 6, 7, 8, 9, 10, 11, 12, 13, 14, 15, 16, 17, 18, 19] at time 296.
2025-04-28 05:59:08,989 asyncbase.py iterate [line:73] INFO Receive new models from clients [0, 6, 1, 11, 13, 14, 2, 8, 17, 15, 7, 16, 19, 3, 12, 4, 9, 5, 10, 18] at time 297
2025-04-28 05:59:16,669 fedbase.py run [line:318] INFO --------------Round 109--------------
2025-04-28 05:59:16,669 simple_logger.py log_once [line:14] INFO Current_time:297
2025-04-28 05:59:19,828 simple_logger.py log_once [line:28] INFO test_accuracy                 0.6634
2025-04-28 05:59:19,828 simple_logger.py log_once [line:28] INFO test_loss                     0.9305
2025-04-28 05:59:19,828 simple_logger.py log_once [line:28] INFO val_accuracy                  0.6528
2025-04-28 05:59:19,828 simple_logger.py log_once [line:28] INFO mean_val_accuracy             0.6528
2025-04-28 05:59:19,828 simple_logger.py log_once [line:28] INFO std_val_accuracy              0.0266
2025-04-28 05:59:19,828 simple_logger.py log_once [line:28] INFO val_loss                      0.9529
2025-04-28 05:59:19,828 simple_logger.py log_once [line:28] INFO mean_val_loss                 0.9529
2025-04-28 05:59:19,828 simple_logger.py log_once [line:28] INFO std_val_loss                  0.0571
2025-04-28 05:59:19,829 fedbase.py run [line:323] INFO expense           1871843270.0
2025-04-28 05:59:19,829 fedbase.py run [line:324] INFO Eval Time Cost:               3.1591s
2025-04-28 05:59:19,829 asyncbase.py iterate [line:68] INFO Select clients [0, 1, 2, 3, 4, 5, 6, 7, 8, 9, 10, 11, 12, 13, 14, 15, 16, 17, 18, 19] at time 298.
2025-04-28 06:01:26,025 asyncbase.py iterate [line:73] INFO Receive new models from clients [2, 9, 11, 15, 14, 1, 3, 7, 16, 12, 10, 13, 18, 8, 17, 5, 6] at time 301
2025-04-28 06:01:26,025 asyncbase.py iterate [line:73] INFO Receive new models from clients [19, 0, 4] at time 302
2025-04-28 06:01:26,585 fedbase.py run [line:318] INFO --------------Round 110--------------
2025-04-28 06:01:26,585 simple_logger.py log_once [line:14] INFO Current_time:302
2025-04-28 06:01:29,636 simple_logger.py log_once [line:28] INFO test_accuracy                 0.6620
2025-04-28 06:01:29,636 simple_logger.py log_once [line:28] INFO test_loss                     0.9349
2025-04-28 06:01:29,636 simple_logger.py log_once [line:28] INFO val_accuracy                  0.6524
2025-04-28 06:01:29,636 simple_logger.py log_once [line:28] INFO mean_val_accuracy             0.6524
2025-04-28 06:01:29,636 simple_logger.py log_once [line:28] INFO std_val_accuracy              0.0234
2025-04-28 06:01:29,636 simple_logger.py log_once [line:28] INFO val_loss                      0.9534
2025-04-28 06:01:29,636 simple_logger.py log_once [line:28] INFO mean_val_loss                 0.9534
2025-04-28 06:01:29,636 simple_logger.py log_once [line:28] INFO std_val_loss                  0.0555
2025-04-28 06:01:29,636 fedbase.py run [line:323] INFO expense           1876274470.0
2025-04-28 06:01:29,636 fedbase.py run [line:324] INFO Eval Time Cost:               3.0510s
2025-04-28 06:01:29,637 asyncbase.py iterate [line:68] INFO Select clients [0, 1, 2, 3, 4, 5, 6, 7, 8, 9, 10, 11, 12, 13, 14, 15, 16, 17, 18, 19] at time 303.
2025-04-28 06:03:31,520 asyncbase.py iterate [line:73] INFO Receive new models from clients [2, 15, 12, 6, 5, 19, 3, 7, 9, 11, 0, 18, 13, 4, 14, 17, 16, 1, 10, 8] at time 304
2025-04-28 06:03:32,057 fedbase.py run [line:318] INFO --------------Round 111--------------
2025-04-28 06:03:32,058 simple_logger.py log_once [line:14] INFO Current_time:304
2025-04-28 06:03:35,230 simple_logger.py log_once [line:28] INFO test_accuracy                 0.6626
2025-04-28 06:03:35,230 simple_logger.py log_once [line:28] INFO test_loss                     0.9339
2025-04-28 06:03:35,230 simple_logger.py log_once [line:28] INFO val_accuracy                  0.6514
2025-04-28 06:03:35,230 simple_logger.py log_once [line:28] INFO mean_val_accuracy             0.6514
2025-04-28 06:03:35,230 simple_logger.py log_once [line:28] INFO std_val_accuracy              0.0234
2025-04-28 06:03:35,230 simple_logger.py log_once [line:28] INFO val_loss                      0.9512
2025-04-28 06:03:35,231 simple_logger.py log_once [line:28] INFO mean_val_loss                 0.9512
2025-04-28 06:03:35,231 simple_logger.py log_once [line:28] INFO std_val_loss                  0.0561
2025-04-28 06:03:35,231 fedbase.py run [line:323] INFO expense           1880705670.0
2025-04-28 06:03:35,231 fedbase.py run [line:324] INFO Eval Time Cost:               3.1727s
2025-04-28 06:03:35,231 asyncbase.py iterate [line:68] INFO Select clients [0, 1, 2, 3, 4, 5, 6, 7, 8, 9, 10, 11, 12, 13, 14, 15, 16, 17, 18, 19] at time 305.
2025-04-28 06:05:41,755 asyncbase.py iterate [line:73] INFO Receive new models from clients [7, 4, 14, 8, 16, 19, 1, 2, 13, 17, 3, 5, 6, 15, 0, 11, 9, 18, 12, 10] at time 306
2025-04-28 06:05:42,291 fedbase.py run [line:318] INFO --------------Round 112--------------
2025-04-28 06:05:42,292 simple_logger.py log_once [line:14] INFO Current_time:306
2025-04-28 06:05:45,414 simple_logger.py log_once [line:28] INFO test_accuracy                 0.6627
2025-04-28 06:05:45,415 simple_logger.py log_once [line:28] INFO test_loss                     0.9296
2025-04-28 06:05:45,415 simple_logger.py log_once [line:28] INFO val_accuracy                  0.6540
2025-04-28 06:05:45,415 simple_logger.py log_once [line:28] INFO mean_val_accuracy             0.6540
2025-04-28 06:05:45,415 simple_logger.py log_once [line:28] INFO std_val_accuracy              0.0232
2025-04-28 06:05:45,415 simple_logger.py log_once [line:28] INFO val_loss                      0.9499
2025-04-28 06:05:45,415 simple_logger.py log_once [line:28] INFO mean_val_loss                 0.9499
2025-04-28 06:05:45,415 simple_logger.py log_once [line:28] INFO std_val_loss                  0.0567
2025-04-28 06:05:45,415 fedbase.py run [line:323] INFO expense           1885136870.0
2025-04-28 06:05:45,415 fedbase.py run [line:324] INFO Eval Time Cost:               3.1235s
2025-04-28 06:05:45,415 asyncbase.py iterate [line:68] INFO Select clients [0, 1, 2, 3, 4, 5, 6, 7, 8, 9, 10, 11, 12, 13, 14, 15, 16, 17, 18, 19] at time 307.
2025-04-28 06:07:49,095 asyncbase.py iterate [line:73] INFO Receive new models from clients [17, 13, 14, 6, 10, 1, 11, 18, 2, 19, 7, 12, 0, 16, 15, 3, 9, 8, 4, 5] at time 308
2025-04-28 06:07:49,627 fedbase.py run [line:318] INFO --------------Round 113--------------
2025-04-28 06:07:49,627 simple_logger.py log_once [line:14] INFO Current_time:308
2025-04-28 06:07:52,755 simple_logger.py log_once [line:28] INFO test_accuracy                 0.6637
2025-04-28 06:07:52,756 simple_logger.py log_once [line:28] INFO test_loss                     0.9317
2025-04-28 06:07:52,756 simple_logger.py log_once [line:28] INFO val_accuracy                  0.6538
2025-04-28 06:07:52,756 simple_logger.py log_once [line:28] INFO mean_val_accuracy             0.6538
2025-04-28 06:07:52,756 simple_logger.py log_once [line:28] INFO std_val_accuracy              0.0246
2025-04-28 06:07:52,756 simple_logger.py log_once [line:28] INFO val_loss                      0.9508
2025-04-28 06:07:52,756 simple_logger.py log_once [line:28] INFO mean_val_loss                 0.9508
2025-04-28 06:07:52,756 simple_logger.py log_once [line:28] INFO std_val_loss                  0.0569
2025-04-28 06:07:52,756 fedbase.py run [line:323] INFO expense           1889568070.0
2025-04-28 06:07:52,756 fedbase.py run [line:324] INFO Eval Time Cost:               3.1289s
2025-04-28 06:07:52,756 asyncbase.py iterate [line:68] INFO Select clients [0, 1, 2, 3, 4, 5, 6, 7, 8, 9, 10, 11, 12, 13, 14, 15, 16, 17, 18, 19] at time 309.
2025-04-28 06:09:54,592 asyncbase.py iterate [line:73] INFO Receive new models from clients [15, 3, 14, 2, 12, 6, 4, 10, 8, 5, 16, 0, 17, 18, 19, 9, 1, 7, 11, 13] at time 310
2025-04-28 06:09:55,152 fedbase.py run [line:318] INFO --------------Round 114--------------
2025-04-28 06:09:55,153 simple_logger.py log_once [line:14] INFO Current_time:310
2025-04-28 06:09:58,316 simple_logger.py log_once [line:28] INFO test_accuracy                 0.6649
2025-04-28 06:09:58,316 simple_logger.py log_once [line:28] INFO test_loss                     0.9265
2025-04-28 06:09:58,316 simple_logger.py log_once [line:28] INFO val_accuracy                  0.6574
2025-04-28 06:09:58,316 simple_logger.py log_once [line:28] INFO mean_val_accuracy             0.6574
2025-04-28 06:09:58,316 simple_logger.py log_once [line:28] INFO std_val_accuracy              0.0205
2025-04-28 06:09:58,316 simple_logger.py log_once [line:28] INFO val_loss                      0.9464
2025-04-28 06:09:58,316 simple_logger.py log_once [line:28] INFO mean_val_loss                 0.9464
2025-04-28 06:09:58,316 simple_logger.py log_once [line:28] INFO std_val_loss                  0.0560
2025-04-28 06:09:58,316 fedbase.py run [line:323] INFO expense           1893999270.0
2025-04-28 06:09:58,316 fedbase.py run [line:324] INFO Eval Time Cost:               3.1630s
2025-04-28 06:09:58,316 asyncbase.py iterate [line:68] INFO Select clients [0, 1, 2, 3, 4, 5, 6, 7, 8, 9, 10, 11, 12, 13, 14, 15, 16, 17, 18, 19] at time 311.
2025-04-28 06:12:02,572 asyncbase.py iterate [line:73] INFO Receive new models from clients [0, 7, 17, 16, 4, 9, 13, 12, 18, 19, 11, 5, 8, 6, 2, 14, 3, 15, 10, 1] at time 312
2025-04-28 06:12:03,110 fedbase.py run [line:318] INFO --------------Round 115--------------
2025-04-28 06:12:03,111 simple_logger.py log_once [line:14] INFO Current_time:312
2025-04-28 06:12:06,129 simple_logger.py log_once [line:28] INFO test_accuracy                 0.6670
2025-04-28 06:12:06,129 simple_logger.py log_once [line:28] INFO test_loss                     0.9286
2025-04-28 06:12:06,130 simple_logger.py log_once [line:28] INFO val_accuracy                  0.6578
2025-04-28 06:12:06,130 simple_logger.py log_once [line:28] INFO mean_val_accuracy             0.6578
2025-04-28 06:12:06,130 simple_logger.py log_once [line:28] INFO std_val_accuracy              0.0251
2025-04-28 06:12:06,130 simple_logger.py log_once [line:28] INFO val_loss                      0.9468
2025-04-28 06:12:06,130 simple_logger.py log_once [line:28] INFO mean_val_loss                 0.9468
2025-04-28 06:12:06,130 simple_logger.py log_once [line:28] INFO std_val_loss                  0.0567
2025-04-28 06:12:06,130 fedbase.py run [line:323] INFO expense           1898430470.0
2025-04-28 06:12:06,130 fedbase.py run [line:324] INFO Eval Time Cost:               3.0195s
2025-04-28 06:12:06,130 asyncbase.py iterate [line:68] INFO Select clients [0, 1, 2, 3, 4, 5, 6, 7, 8, 9, 10, 11, 12, 13, 14, 15, 16, 17, 18, 19] at time 313.
2025-04-28 06:14:10,025 asyncbase.py iterate [line:73] INFO Receive new models from clients [13, 8, 9, 6, 2, 16, 4, 1, 19, 17, 7, 10, 3, 11, 18, 0, 14, 15, 5, 12] at time 314
2025-04-28 06:14:10,610 fedbase.py run [line:318] INFO --------------Round 116--------------
2025-04-28 06:14:10,611 simple_logger.py log_once [line:14] INFO Current_time:314
2025-04-28 06:14:13,755 simple_logger.py log_once [line:28] INFO test_accuracy                 0.6678
2025-04-28 06:14:13,755 simple_logger.py log_once [line:28] INFO test_loss                     0.9260
2025-04-28 06:14:13,756 simple_logger.py log_once [line:28] INFO val_accuracy                  0.6586
2025-04-28 06:14:13,756 simple_logger.py log_once [line:28] INFO mean_val_accuracy             0.6586
2025-04-28 06:14:13,756 simple_logger.py log_once [line:28] INFO std_val_accuracy              0.0246
2025-04-28 06:14:13,756 simple_logger.py log_once [line:28] INFO val_loss                      0.9450
2025-04-28 06:14:13,756 simple_logger.py log_once [line:28] INFO mean_val_loss                 0.9450
2025-04-28 06:14:13,756 simple_logger.py log_once [line:28] INFO std_val_loss                  0.0566
2025-04-28 06:14:13,756 fedbase.py run [line:323] INFO expense           1902861670.0
2025-04-28 06:14:13,756 fedbase.py run [line:324] INFO Eval Time Cost:               3.1454s
2025-04-28 06:14:13,756 asyncbase.py iterate [line:68] INFO Select clients [0, 1, 2, 3, 4, 5, 6, 7, 8, 9, 10, 11, 12, 13, 14, 15, 16, 17, 18, 19] at time 315.
2025-04-28 06:16:20,087 asyncbase.py iterate [line:73] INFO Receive new models from clients [13, 9, 18, 17, 10, 7, 8, 0, 1, 14, 12, 2, 4, 11, 16, 19, 6, 5, 15, 3] at time 316
2025-04-28 06:16:20,633 fedbase.py run [line:318] INFO --------------Round 117--------------
2025-04-28 06:16:20,634 simple_logger.py log_once [line:14] INFO Current_time:316
2025-04-28 06:16:23,759 simple_logger.py log_once [line:28] INFO test_accuracy                 0.6654
2025-04-28 06:16:23,759 simple_logger.py log_once [line:28] INFO test_loss                     0.9250
2025-04-28 06:16:23,759 simple_logger.py log_once [line:28] INFO val_accuracy                  0.6568
2025-04-28 06:16:23,759 simple_logger.py log_once [line:28] INFO mean_val_accuracy             0.6568
2025-04-28 06:16:23,759 simple_logger.py log_once [line:28] INFO std_val_accuracy              0.0227
2025-04-28 06:16:23,759 simple_logger.py log_once [line:28] INFO val_loss                      0.9448
2025-04-28 06:16:23,759 simple_logger.py log_once [line:28] INFO mean_val_loss                 0.9448
2025-04-28 06:16:23,759 simple_logger.py log_once [line:28] INFO std_val_loss                  0.0549
2025-04-28 06:16:23,760 fedbase.py run [line:323] INFO expense           1907292870.0
2025-04-28 06:16:23,760 fedbase.py run [line:324] INFO Eval Time Cost:               3.1256s
2025-04-28 06:16:23,760 asyncbase.py iterate [line:68] INFO Select clients [0, 1, 2, 3, 4, 5, 6, 7, 8, 9, 10, 11, 12, 13, 14, 15, 16, 17, 18, 19] at time 317.
2025-04-28 06:18:29,518 asyncbase.py iterate [line:73] INFO Receive new models from clients [19, 2, 14, 17, 16, 18, 7, 13, 15, 10, 9, 8, 12, 4, 5, 11, 0, 1, 6, 3] at time 318
2025-04-28 06:18:30,094 fedbase.py run [line:318] INFO --------------Round 118--------------
2025-04-28 06:18:30,095 simple_logger.py log_once [line:14] INFO Current_time:318
2025-04-28 06:18:33,227 simple_logger.py log_once [line:28] INFO test_accuracy                 0.6608
2025-04-28 06:18:33,228 simple_logger.py log_once [line:28] INFO test_loss                     0.9347
2025-04-28 06:18:33,228 simple_logger.py log_once [line:28] INFO val_accuracy                  0.6546
2025-04-28 06:18:33,228 simple_logger.py log_once [line:28] INFO mean_val_accuracy             0.6546
2025-04-28 06:18:33,228 simple_logger.py log_once [line:28] INFO std_val_accuracy              0.0272
2025-04-28 06:18:33,228 simple_logger.py log_once [line:28] INFO val_loss                      0.9522
2025-04-28 06:18:33,228 simple_logger.py log_once [line:28] INFO mean_val_loss                 0.9522
2025-04-28 06:18:33,228 simple_logger.py log_once [line:28] INFO std_val_loss                  0.0581
2025-04-28 06:18:33,228 fedbase.py run [line:323] INFO expense           1911724070.0
2025-04-28 06:18:33,228 fedbase.py run [line:324] INFO Eval Time Cost:               3.1330s
2025-04-28 06:18:33,228 asyncbase.py iterate [line:68] INFO Select clients [0, 1, 2, 3, 4, 5, 6, 7, 8, 9, 10, 11, 12, 13, 14, 15, 16, 17, 18, 19] at time 319.
2025-04-28 06:19:07,399 asyncbase.py iterate [line:73] INFO Receive new models from clients [15, 2, 13, 6, 17, 7, 8, 4, 18, 5, 11, 1, 16, 10, 14, 12, 3, 19, 9, 0] at time 320
2025-04-28 06:19:14,480 fedbase.py run [line:318] INFO --------------Round 119--------------
2025-04-28 06:19:14,481 simple_logger.py log_once [line:14] INFO Current_time:320
2025-04-28 06:19:17,552 simple_logger.py log_once [line:28] INFO test_accuracy                 0.6717
2025-04-28 06:19:17,552 simple_logger.py log_once [line:28] INFO test_loss                     0.9146
2025-04-28 06:19:17,552 simple_logger.py log_once [line:28] INFO val_accuracy                  0.6610
2025-04-28 06:19:17,552 simple_logger.py log_once [line:28] INFO mean_val_accuracy             0.6610
2025-04-28 06:19:17,552 simple_logger.py log_once [line:28] INFO std_val_accuracy              0.0260
2025-04-28 06:19:17,552 simple_logger.py log_once [line:28] INFO val_loss                      0.9359
2025-04-28 06:19:17,552 simple_logger.py log_once [line:28] INFO mean_val_loss                 0.9359
2025-04-28 06:19:17,552 simple_logger.py log_once [line:28] INFO std_val_loss                  0.0567
2025-04-28 06:19:17,552 fedbase.py run [line:323] INFO expense           1967593880.0
2025-04-28 06:19:17,552 fedbase.py run [line:324] INFO Eval Time Cost:               3.0716s
2025-04-28 06:19:17,552 asyncbase.py iterate [line:68] INFO Select clients [0, 1, 2, 3, 4, 5, 6, 7, 8, 9, 10, 11, 12, 13, 14, 15, 16, 17, 18, 19] at time 321.
2025-04-28 06:21:23,031 asyncbase.py iterate [line:73] INFO Receive new models from clients [5, 13, 1, 3, 19, 14, 15, 17, 11, 4, 7, 16, 10, 2, 18, 8, 9] at time 324
2025-04-28 06:21:23,032 asyncbase.py iterate [line:73] INFO Receive new models from clients [6, 12, 0] at time 325
2025-04-28 06:21:23,575 fedbase.py run [line:318] INFO --------------Round 120--------------
2025-04-28 06:21:23,575 simple_logger.py log_once [line:14] INFO Current_time:325
2025-04-28 06:21:26,688 simple_logger.py log_once [line:28] INFO test_accuracy                 0.6737
2025-04-28 06:21:26,688 simple_logger.py log_once [line:28] INFO test_loss                     0.9087
2025-04-28 06:21:26,689 simple_logger.py log_once [line:28] INFO val_accuracy                  0.6672
2025-04-28 06:21:26,689 simple_logger.py log_once [line:28] INFO mean_val_accuracy             0.6672
2025-04-28 06:21:26,689 simple_logger.py log_once [line:28] INFO std_val_accuracy              0.0268
2025-04-28 06:21:26,689 simple_logger.py log_once [line:28] INFO val_loss                      0.9274
2025-04-28 06:21:26,689 simple_logger.py log_once [line:28] INFO mean_val_loss                 0.9274
2025-04-28 06:21:26,689 simple_logger.py log_once [line:28] INFO std_val_loss                  0.0563
2025-04-28 06:21:26,689 fedbase.py run [line:323] INFO expense           1972025080.0
2025-04-28 06:21:26,689 fedbase.py run [line:324] INFO Eval Time Cost:               3.1136s
2025-04-28 06:21:26,689 asyncbase.py iterate [line:68] INFO Select clients [0, 1, 2, 3, 4, 5, 6, 7, 8, 9, 10, 11, 12, 13, 14, 15, 16, 17, 18, 19] at time 326.
2025-04-28 06:23:37,484 asyncbase.py iterate [line:73] INFO Receive new models from clients [17, 16, 4, 7, 19, 1, 0, 13, 3, 12, 2, 14, 8, 18, 9, 11, 6, 10, 15, 5] at time 327
2025-04-28 06:23:37,980 fedbase.py run [line:318] INFO --------------Round 121--------------
2025-04-28 06:23:37,981 simple_logger.py log_once [line:14] INFO Current_time:327
2025-04-28 06:23:41,047 simple_logger.py log_once [line:28] INFO test_accuracy                 0.6757
2025-04-28 06:23:41,047 simple_logger.py log_once [line:28] INFO test_loss                     0.9099
2025-04-28 06:23:41,047 simple_logger.py log_once [line:28] INFO val_accuracy                  0.6660
2025-04-28 06:23:41,047 simple_logger.py log_once [line:28] INFO mean_val_accuracy             0.6660
2025-04-28 06:23:41,047 simple_logger.py log_once [line:28] INFO std_val_accuracy              0.0260
2025-04-28 06:23:41,047 simple_logger.py log_once [line:28] INFO val_loss                      0.9322
2025-04-28 06:23:41,048 simple_logger.py log_once [line:28] INFO mean_val_loss                 0.9322
2025-04-28 06:23:41,048 simple_logger.py log_once [line:28] INFO std_val_loss                  0.0544
2025-04-28 06:23:41,048 fedbase.py run [line:323] INFO expense           1976456280.0
2025-04-28 06:23:41,048 fedbase.py run [line:324] INFO Eval Time Cost:               3.0672s
2025-04-28 06:23:41,048 asyncbase.py iterate [line:68] INFO Select clients [0, 1, 2, 3, 4, 5, 6, 7, 8, 9, 10, 11, 12, 13, 14, 15, 16, 17, 18, 19] at time 328.
2025-04-28 06:25:46,783 asyncbase.py iterate [line:73] INFO Receive new models from clients [18, 0, 15, 3, 12, 8, 4, 16, 19, 1, 2, 14, 10, 5, 17, 9, 6, 11, 7, 13] at time 329
2025-04-28 06:25:47,345 fedbase.py run [line:318] INFO --------------Round 122--------------
2025-04-28 06:25:47,345 simple_logger.py log_once [line:14] INFO Current_time:329
2025-04-28 06:25:50,451 simple_logger.py log_once [line:28] INFO test_accuracy                 0.6746
2025-04-28 06:25:50,451 simple_logger.py log_once [line:28] INFO test_loss                     0.9134
2025-04-28 06:25:50,451 simple_logger.py log_once [line:28] INFO val_accuracy                  0.6680
2025-04-28 06:25:50,451 simple_logger.py log_once [line:28] INFO mean_val_accuracy             0.6680
2025-04-28 06:25:50,451 simple_logger.py log_once [line:28] INFO std_val_accuracy              0.0270
2025-04-28 06:25:50,451 simple_logger.py log_once [line:28] INFO val_loss                      0.9349
2025-04-28 06:25:50,451 simple_logger.py log_once [line:28] INFO mean_val_loss                 0.9349
2025-04-28 06:25:50,451 simple_logger.py log_once [line:28] INFO std_val_loss                  0.0575
2025-04-28 06:25:50,451 fedbase.py run [line:323] INFO expense           1980887480.0
2025-04-28 06:25:50,452 fedbase.py run [line:324] INFO Eval Time Cost:               3.1062s
2025-04-28 06:25:50,452 asyncbase.py iterate [line:68] INFO Select clients [0, 1, 2, 3, 4, 5, 6, 7, 8, 9, 10, 11, 12, 13, 14, 15, 16, 17, 18, 19] at time 330.
2025-04-28 06:27:53,347 asyncbase.py iterate [line:73] INFO Receive new models from clients [5, 4, 3, 16, 12, 0, 8, 7, 14, 17, 15, 1, 10, 18, 2, 9, 11, 19, 13, 6] at time 331
2025-04-28 06:27:53,848 fedbase.py run [line:318] INFO --------------Round 123--------------
2025-04-28 06:27:53,849 simple_logger.py log_once [line:14] INFO Current_time:331
2025-04-28 06:27:56,985 simple_logger.py log_once [line:28] INFO test_accuracy                 0.6766
2025-04-28 06:27:56,985 simple_logger.py log_once [line:28] INFO test_loss                     0.9105
2025-04-28 06:27:56,985 simple_logger.py log_once [line:28] INFO val_accuracy                  0.6678
2025-04-28 06:27:56,985 simple_logger.py log_once [line:28] INFO mean_val_accuracy             0.6678
2025-04-28 06:27:56,985 simple_logger.py log_once [line:28] INFO std_val_accuracy              0.0267
2025-04-28 06:27:56,985 simple_logger.py log_once [line:28] INFO val_loss                      0.9303
2025-04-28 06:27:56,985 simple_logger.py log_once [line:28] INFO mean_val_loss                 0.9303
2025-04-28 06:27:56,985 simple_logger.py log_once [line:28] INFO std_val_loss                  0.0568
2025-04-28 06:27:56,985 fedbase.py run [line:323] INFO expense           1985318680.0
2025-04-28 06:27:56,985 fedbase.py run [line:324] INFO Eval Time Cost:               3.1365s
2025-04-28 06:27:56,985 asyncbase.py iterate [line:68] INFO Select clients [0, 1, 2, 3, 4, 5, 6, 7, 8, 9, 10, 11, 12, 13, 14, 15, 16, 17, 18, 19] at time 332.
2025-04-28 06:29:59,563 asyncbase.py iterate [line:73] INFO Receive new models from clients [12, 8, 6, 14, 1, 15, 19, 7, 16, 9, 3, 5, 11, 10, 2, 17, 13, 18, 4, 0] at time 333
2025-04-28 06:30:00,056 fedbase.py run [line:318] INFO --------------Round 124--------------
2025-04-28 06:30:00,057 simple_logger.py log_once [line:14] INFO Current_time:333
2025-04-28 06:30:03,150 simple_logger.py log_once [line:28] INFO test_accuracy                 0.6740
2025-04-28 06:30:03,150 simple_logger.py log_once [line:28] INFO test_loss                     0.9151
2025-04-28 06:30:03,151 simple_logger.py log_once [line:28] INFO val_accuracy                  0.6674
2025-04-28 06:30:03,151 simple_logger.py log_once [line:28] INFO mean_val_accuracy             0.6674
2025-04-28 06:30:03,151 simple_logger.py log_once [line:28] INFO std_val_accuracy              0.0265
2025-04-28 06:30:03,151 simple_logger.py log_once [line:28] INFO val_loss                      0.9316
2025-04-28 06:30:03,151 simple_logger.py log_once [line:28] INFO mean_val_loss                 0.9316
2025-04-28 06:30:03,151 simple_logger.py log_once [line:28] INFO std_val_loss                  0.0578
2025-04-28 06:30:03,151 fedbase.py run [line:323] INFO expense           1989749880.0
2025-04-28 06:30:03,151 fedbase.py run [line:324] INFO Eval Time Cost:               3.0943s
2025-04-28 06:30:03,151 asyncbase.py iterate [line:68] INFO Select clients [0, 1, 2, 3, 4, 5, 6, 7, 8, 9, 10, 11, 12, 13, 14, 15, 16, 17, 18, 19] at time 334.
2025-04-28 06:31:59,859 asyncbase.py iterate [line:73] INFO Receive new models from clients [17, 15, 14, 9, 6, 11, 13, 4, 7, 3, 19, 16, 8, 1, 18, 2, 0, 5, 12, 10] at time 335
2025-04-28 06:32:00,450 fedbase.py run [line:318] INFO --------------Round 125--------------
2025-04-28 06:32:00,450 simple_logger.py log_once [line:14] INFO Current_time:335
2025-04-28 06:32:03,552 simple_logger.py log_once [line:28] INFO test_accuracy                 0.6757
2025-04-28 06:32:03,553 simple_logger.py log_once [line:28] INFO test_loss                     0.9127
2025-04-28 06:32:03,553 simple_logger.py log_once [line:28] INFO val_accuracy                  0.6648
2025-04-28 06:32:03,553 simple_logger.py log_once [line:28] INFO mean_val_accuracy             0.6648
2025-04-28 06:32:03,553 simple_logger.py log_once [line:28] INFO std_val_accuracy              0.0275
2025-04-28 06:32:03,553 simple_logger.py log_once [line:28] INFO val_loss                      0.9313
2025-04-28 06:32:03,553 simple_logger.py log_once [line:28] INFO mean_val_loss                 0.9313
2025-04-28 06:32:03,553 simple_logger.py log_once [line:28] INFO std_val_loss                  0.0568
2025-04-28 06:32:03,553 fedbase.py run [line:323] INFO expense           1994181080.0
2025-04-28 06:32:03,553 fedbase.py run [line:324] INFO Eval Time Cost:               3.1029s
2025-04-28 06:32:03,553 asyncbase.py iterate [line:68] INFO Select clients [0, 1, 2, 3, 4, 5, 6, 7, 8, 9, 10, 11, 12, 13, 14, 15, 16, 17, 18, 19] at time 336.
2025-04-28 06:34:08,365 asyncbase.py iterate [line:73] INFO Receive new models from clients [0, 7, 5, 4, 16, 9, 14, 17, 19, 13, 8, 11, 1, 18, 12, 15, 6, 3, 10, 2] at time 337
2025-04-28 06:34:08,919 fedbase.py run [line:318] INFO --------------Round 126--------------
2025-04-28 06:34:08,919 simple_logger.py log_once [line:14] INFO Current_time:337
2025-04-28 06:34:12,124 simple_logger.py log_once [line:28] INFO test_accuracy                 0.6779
2025-04-28 06:34:12,124 simple_logger.py log_once [line:28] INFO test_loss                     0.9030
2025-04-28 06:34:12,124 simple_logger.py log_once [line:28] INFO val_accuracy                  0.6682
2025-04-28 06:34:12,124 simple_logger.py log_once [line:28] INFO mean_val_accuracy             0.6682
2025-04-28 06:34:12,124 simple_logger.py log_once [line:28] INFO std_val_accuracy              0.0237
2025-04-28 06:34:12,124 simple_logger.py log_once [line:28] INFO val_loss                      0.9220
2025-04-28 06:34:12,124 simple_logger.py log_once [line:28] INFO mean_val_loss                 0.9220
2025-04-28 06:34:12,124 simple_logger.py log_once [line:28] INFO std_val_loss                  0.0556
2025-04-28 06:34:12,124 fedbase.py run [line:323] INFO expense           1998612280.0
2025-04-28 06:34:12,125 fedbase.py run [line:324] INFO Eval Time Cost:               3.2052s
2025-04-28 06:34:12,125 asyncbase.py iterate [line:68] INFO Select clients [0, 1, 2, 3, 4, 5, 6, 7, 8, 9, 10, 11, 12, 13, 14, 15, 16, 17, 18, 19] at time 338.
2025-04-28 06:36:17,819 asyncbase.py iterate [line:73] INFO Receive new models from clients [5, 2, 10, 16, 1, 14, 11, 15, 19, 17, 12, 18, 4, 13, 3, 7, 0, 6, 9, 8] at time 339
2025-04-28 06:36:18,375 fedbase.py run [line:318] INFO --------------Round 127--------------
2025-04-28 06:36:18,375 simple_logger.py log_once [line:14] INFO Current_time:339
2025-04-28 06:36:21,464 simple_logger.py log_once [line:28] INFO test_accuracy                 0.6753
2025-04-28 06:36:21,464 simple_logger.py log_once [line:28] INFO test_loss                     0.9085
2025-04-28 06:36:21,464 simple_logger.py log_once [line:28] INFO val_accuracy                  0.6654
2025-04-28 06:36:21,464 simple_logger.py log_once [line:28] INFO mean_val_accuracy             0.6654
2025-04-28 06:36:21,464 simple_logger.py log_once [line:28] INFO std_val_accuracy              0.0243
2025-04-28 06:36:21,464 simple_logger.py log_once [line:28] INFO val_loss                      0.9270
2025-04-28 06:36:21,464 simple_logger.py log_once [line:28] INFO mean_val_loss                 0.9270
2025-04-28 06:36:21,464 simple_logger.py log_once [line:28] INFO std_val_loss                  0.0562
2025-04-28 06:36:21,464 fedbase.py run [line:323] INFO expense           2003043480.0
2025-04-28 06:36:21,464 fedbase.py run [line:324] INFO Eval Time Cost:               3.0888s
2025-04-28 06:36:21,464 asyncbase.py iterate [line:68] INFO Select clients [0, 1, 2, 3, 4, 5, 6, 7, 8, 9, 10, 11, 12, 13, 14, 15, 16, 17, 18, 19] at time 340.
2025-04-28 06:38:22,714 asyncbase.py iterate [line:73] INFO Receive new models from clients [14, 12, 3, 13, 18, 9, 16, 0, 6, 19, 5, 1, 4, 10, 17, 2, 15, 11, 7, 8] at time 341
2025-04-28 06:38:23,228 fedbase.py run [line:318] INFO --------------Round 128--------------
2025-04-28 06:38:23,228 simple_logger.py log_once [line:14] INFO Current_time:341
2025-04-28 06:38:26,335 simple_logger.py log_once [line:28] INFO test_accuracy                 0.6784
2025-04-28 06:38:26,336 simple_logger.py log_once [line:28] INFO test_loss                     0.9034
2025-04-28 06:38:26,336 simple_logger.py log_once [line:28] INFO val_accuracy                  0.6696
2025-04-28 06:38:26,336 simple_logger.py log_once [line:28] INFO mean_val_accuracy             0.6696
2025-04-28 06:38:26,336 simple_logger.py log_once [line:28] INFO std_val_accuracy              0.0268
2025-04-28 06:38:26,336 simple_logger.py log_once [line:28] INFO val_loss                      0.9211
2025-04-28 06:38:26,336 simple_logger.py log_once [line:28] INFO mean_val_loss                 0.9211
2025-04-28 06:38:26,336 simple_logger.py log_once [line:28] INFO std_val_loss                  0.0549
2025-04-28 06:38:26,336 fedbase.py run [line:323] INFO expense           2007474680.0
2025-04-28 06:38:26,336 fedbase.py run [line:324] INFO Eval Time Cost:               3.1078s
2025-04-28 06:38:26,336 asyncbase.py iterate [line:68] INFO Select clients [0, 1, 2, 3, 4, 5, 6, 7, 8, 9, 10, 11, 12, 13, 14, 15, 16, 17, 18, 19] at time 342.
2025-04-28 06:40:30,037 asyncbase.py iterate [line:73] INFO Receive new models from clients [12, 11, 15, 16, 4, 13, 17, 18, 14, 19, 9, 3, 7, 6, 8, 0, 1, 10, 2, 5] at time 343
2025-04-28 06:40:30,630 fedbase.py run [line:318] INFO --------------Round 129--------------
2025-04-28 06:40:30,631 simple_logger.py log_once [line:14] INFO Current_time:343
2025-04-28 06:40:33,753 simple_logger.py log_once [line:28] INFO test_accuracy                 0.6766
2025-04-28 06:40:33,753 simple_logger.py log_once [line:28] INFO test_loss                     0.9105
2025-04-28 06:40:33,753 simple_logger.py log_once [line:28] INFO val_accuracy                  0.6650
2025-04-28 06:40:33,753 simple_logger.py log_once [line:28] INFO mean_val_accuracy             0.6650
2025-04-28 06:40:33,753 simple_logger.py log_once [line:28] INFO std_val_accuracy              0.0275
2025-04-28 06:40:33,753 simple_logger.py log_once [line:28] INFO val_loss                      0.9299
2025-04-28 06:40:33,754 simple_logger.py log_once [line:28] INFO mean_val_loss                 0.9299
2025-04-28 06:40:33,754 simple_logger.py log_once [line:28] INFO std_val_loss                  0.0552
2025-04-28 06:40:33,754 fedbase.py run [line:323] INFO expense           2011905880.0
2025-04-28 06:40:33,754 fedbase.py run [line:324] INFO Eval Time Cost:               3.1230s
2025-04-28 06:40:33,754 asyncbase.py iterate [line:68] INFO Select clients [0, 1, 2, 3, 4, 5, 6, 7, 8, 9, 10, 11, 12, 13, 14, 15, 16, 17, 18, 19] at time 344.
2025-04-28 06:41:08,271 asyncbase.py iterate [line:73] INFO Receive new models from clients [17, 7, 9, 8, 1, 2, 4, 10, 15, 6, 12, 14, 11, 0, 18, 13, 19, 16, 5, 3] at time 345
2025-04-28 06:41:15,675 fedbase.py run [line:318] INFO --------------Round 130--------------
2025-04-28 06:41:15,675 simple_logger.py log_once [line:14] INFO Current_time:345
2025-04-28 06:41:18,666 simple_logger.py log_once [line:28] INFO test_accuracy                 0.6803
2025-04-28 06:41:18,666 simple_logger.py log_once [line:28] INFO test_loss                     0.8884
2025-04-28 06:41:18,667 simple_logger.py log_once [line:28] INFO val_accuracy                  0.6724
2025-04-28 06:41:18,667 simple_logger.py log_once [line:28] INFO mean_val_accuracy             0.6724
2025-04-28 06:41:18,667 simple_logger.py log_once [line:28] INFO std_val_accuracy              0.0210
2025-04-28 06:41:18,667 simple_logger.py log_once [line:28] INFO val_loss                      0.9058
2025-04-28 06:41:18,667 simple_logger.py log_once [line:28] INFO mean_val_loss                 0.9058
2025-04-28 06:41:18,667 simple_logger.py log_once [line:28] INFO std_val_loss                  0.0579
2025-04-28 06:41:18,667 fedbase.py run [line:323] INFO expense           2067775690.0
2025-04-28 06:41:18,667 fedbase.py run [line:324] INFO Eval Time Cost:               2.9916s
2025-04-28 06:41:18,667 asyncbase.py iterate [line:68] INFO Select clients [0, 1, 2, 3, 4, 5, 6, 7, 8, 9, 10, 11, 12, 13, 14, 15, 16, 17, 18, 19] at time 346.
2025-04-28 06:43:21,644 asyncbase.py iterate [line:73] INFO Receive new models from clients [16, 4, 18, 17, 5, 19, 7, 1, 0, 3, 11, 6, 15, 9, 10, 8, 2] at time 349
2025-04-28 06:43:21,644 asyncbase.py iterate [line:73] INFO Receive new models from clients [14, 12, 13] at time 350
2025-04-28 06:43:22,171 fedbase.py run [line:318] INFO --------------Round 131--------------
2025-04-28 06:43:22,172 simple_logger.py log_once [line:14] INFO Current_time:350
2025-04-28 06:43:25,300 simple_logger.py log_once [line:28] INFO test_accuracy                 0.6806
2025-04-28 06:43:25,300 simple_logger.py log_once [line:28] INFO test_loss                     0.8929
2025-04-28 06:43:25,300 simple_logger.py log_once [line:28] INFO val_accuracy                  0.6742
2025-04-28 06:43:25,300 simple_logger.py log_once [line:28] INFO mean_val_accuracy             0.6742
2025-04-28 06:43:25,300 simple_logger.py log_once [line:28] INFO std_val_accuracy              0.0258
2025-04-28 06:43:25,300 simple_logger.py log_once [line:28] INFO val_loss                      0.9091
2025-04-28 06:43:25,300 simple_logger.py log_once [line:28] INFO mean_val_loss                 0.9091
2025-04-28 06:43:25,300 simple_logger.py log_once [line:28] INFO std_val_loss                  0.0583
2025-04-28 06:43:25,301 fedbase.py run [line:323] INFO expense           2072206890.0
2025-04-28 06:43:25,301 fedbase.py run [line:324] INFO Eval Time Cost:               3.1289s
2025-04-28 06:43:25,301 asyncbase.py iterate [line:68] INFO Select clients [0, 1, 2, 3, 4, 5, 6, 7, 8, 9, 10, 11, 12, 13, 14, 15, 16, 17, 18, 19] at time 351.
2025-04-28 06:45:29,154 asyncbase.py iterate [line:73] INFO Receive new models from clients [16, 0, 3, 5, 14, 2, 9, 10, 19, 18, 13, 1, 7, 17, 8, 15, 6, 11, 4, 12] at time 352
2025-04-28 06:45:29,640 fedbase.py run [line:318] INFO --------------Round 132--------------
2025-04-28 06:45:29,641 simple_logger.py log_once [line:14] INFO Current_time:352
2025-04-28 06:45:32,677 simple_logger.py log_once [line:28] INFO test_accuracy                 0.6802
2025-04-28 06:45:32,677 simple_logger.py log_once [line:28] INFO test_loss                     0.8970
2025-04-28 06:45:32,677 simple_logger.py log_once [line:28] INFO val_accuracy                  0.6696
2025-04-28 06:45:32,677 simple_logger.py log_once [line:28] INFO mean_val_accuracy             0.6696
2025-04-28 06:45:32,677 simple_logger.py log_once [line:28] INFO std_val_accuracy              0.0229
2025-04-28 06:45:32,677 simple_logger.py log_once [line:28] INFO val_loss                      0.9142
2025-04-28 06:45:32,677 simple_logger.py log_once [line:28] INFO mean_val_loss                 0.9142
2025-04-28 06:45:32,677 simple_logger.py log_once [line:28] INFO std_val_loss                  0.0581
2025-04-28 06:45:32,677 fedbase.py run [line:323] INFO expense           2076638090.0
2025-04-28 06:45:32,678 fedbase.py run [line:324] INFO Eval Time Cost:               3.0368s
2025-04-28 06:45:32,678 asyncbase.py iterate [line:68] INFO Select clients [0, 1, 2, 3, 4, 5, 6, 7, 8, 9, 10, 11, 12, 13, 14, 15, 16, 17, 18, 19] at time 353.
2025-04-28 06:47:34,642 asyncbase.py iterate [line:73] INFO Receive new models from clients [10, 4, 8, 1, 18, 3, 6, 7, 12, 9, 19, 5, 16, 14, 13, 0, 2, 11, 15, 17] at time 354
2025-04-28 06:47:35,146 fedbase.py run [line:318] INFO --------------Round 133--------------
2025-04-28 06:47:35,146 simple_logger.py log_once [line:14] INFO Current_time:354
2025-04-28 06:47:38,139 simple_logger.py log_once [line:28] INFO test_accuracy                 0.6789
2025-04-28 06:47:38,139 simple_logger.py log_once [line:28] INFO test_loss                     0.8977
2025-04-28 06:47:38,139 simple_logger.py log_once [line:28] INFO val_accuracy                  0.6700
2025-04-28 06:47:38,139 simple_logger.py log_once [line:28] INFO mean_val_accuracy             0.6700
2025-04-28 06:47:38,139 simple_logger.py log_once [line:28] INFO std_val_accuracy              0.0262
2025-04-28 06:47:38,139 simple_logger.py log_once [line:28] INFO val_loss                      0.9134
2025-04-28 06:47:38,139 simple_logger.py log_once [line:28] INFO mean_val_loss                 0.9134
2025-04-28 06:47:38,140 simple_logger.py log_once [line:28] INFO std_val_loss                  0.0587
2025-04-28 06:47:38,140 fedbase.py run [line:323] INFO expense           2081069290.0
2025-04-28 06:47:38,140 fedbase.py run [line:324] INFO Eval Time Cost:               2.9934s
2025-04-28 06:47:38,140 asyncbase.py iterate [line:68] INFO Select clients [0, 1, 2, 3, 4, 5, 6, 7, 8, 9, 10, 11, 12, 13, 14, 15, 16, 17, 18, 19] at time 355.
2025-04-28 06:49:39,734 asyncbase.py iterate [line:73] INFO Receive new models from clients [8, 9, 17, 14, 2, 15, 10, 7, 16, 11, 0, 5, 18, 13, 19, 6, 4, 1, 3, 12] at time 356
2025-04-28 06:49:40,238 fedbase.py run [line:318] INFO --------------Round 134--------------
2025-04-28 06:49:40,238 simple_logger.py log_once [line:14] INFO Current_time:356
2025-04-28 06:49:43,259 simple_logger.py log_once [line:28] INFO test_accuracy                 0.6828
2025-04-28 06:49:43,259 simple_logger.py log_once [line:28] INFO test_loss                     0.8839
2025-04-28 06:49:43,259 simple_logger.py log_once [line:28] INFO val_accuracy                  0.6798
2025-04-28 06:49:43,259 simple_logger.py log_once [line:28] INFO mean_val_accuracy             0.6798
2025-04-28 06:49:43,259 simple_logger.py log_once [line:28] INFO std_val_accuracy              0.0245
2025-04-28 06:49:43,259 simple_logger.py log_once [line:28] INFO val_loss                      0.9018
2025-04-28 06:49:43,259 simple_logger.py log_once [line:28] INFO mean_val_loss                 0.9018
2025-04-28 06:49:43,259 simple_logger.py log_once [line:28] INFO std_val_loss                  0.0567
2025-04-28 06:49:43,259 fedbase.py run [line:323] INFO expense           2085500490.0
2025-04-28 06:49:43,259 fedbase.py run [line:324] INFO Eval Time Cost:               3.0211s
2025-04-28 06:49:43,260 asyncbase.py iterate [line:68] INFO Select clients [0, 1, 2, 3, 4, 5, 6, 7, 8, 9, 10, 11, 12, 13, 14, 15, 16, 17, 18, 19] at time 357.
2025-04-28 06:51:46,044 asyncbase.py iterate [line:73] INFO Receive new models from clients [6, 10, 14, 18, 12, 19, 4, 8, 9, 1, 17, 0, 7, 3, 15, 5, 2, 16, 11, 13] at time 358
2025-04-28 06:51:46,537 fedbase.py run [line:318] INFO --------------Round 135--------------
2025-04-28 06:51:46,538 simple_logger.py log_once [line:14] INFO Current_time:358
2025-04-28 06:51:49,609 simple_logger.py log_once [line:28] INFO test_accuracy                 0.6834
2025-04-28 06:51:49,609 simple_logger.py log_once [line:28] INFO test_loss                     0.8939
2025-04-28 06:51:49,609 simple_logger.py log_once [line:28] INFO val_accuracy                  0.6752
2025-04-28 06:51:49,609 simple_logger.py log_once [line:28] INFO mean_val_accuracy             0.6752
2025-04-28 06:51:49,609 simple_logger.py log_once [line:28] INFO std_val_accuracy              0.0252
2025-04-28 06:51:49,609 simple_logger.py log_once [line:28] INFO val_loss                      0.9094
2025-04-28 06:51:49,609 simple_logger.py log_once [line:28] INFO mean_val_loss                 0.9094
2025-04-28 06:51:49,609 simple_logger.py log_once [line:28] INFO std_val_loss                  0.0589
2025-04-28 06:51:49,609 fedbase.py run [line:323] INFO expense           2089931690.0
2025-04-28 06:51:49,609 fedbase.py run [line:324] INFO Eval Time Cost:               3.0713s
2025-04-28 06:51:49,609 asyncbase.py iterate [line:68] INFO Select clients [0, 1, 2, 3, 4, 5, 6, 7, 8, 9, 10, 11, 12, 13, 14, 15, 16, 17, 18, 19] at time 359.
2025-04-28 06:53:51,921 asyncbase.py iterate [line:73] INFO Receive new models from clients [10, 17, 12, 15, 7, 1, 2, 3, 8, 19, 5, 16, 4, 18, 13, 11, 9, 0, 14, 6] at time 360
2025-04-28 06:53:52,388 fedbase.py run [line:318] INFO --------------Round 136--------------
2025-04-28 06:53:52,389 simple_logger.py log_once [line:14] INFO Current_time:360
2025-04-28 06:53:55,490 simple_logger.py log_once [line:28] INFO test_accuracy                 0.6787
2025-04-28 06:53:55,490 simple_logger.py log_once [line:28] INFO test_loss                     0.8926
2025-04-28 06:53:55,490 simple_logger.py log_once [line:28] INFO val_accuracy                  0.6744
2025-04-28 06:53:55,490 simple_logger.py log_once [line:28] INFO mean_val_accuracy             0.6744
2025-04-28 06:53:55,490 simple_logger.py log_once [line:28] INFO std_val_accuracy              0.0220
2025-04-28 06:53:55,490 simple_logger.py log_once [line:28] INFO val_loss                      0.9066
2025-04-28 06:53:55,490 simple_logger.py log_once [line:28] INFO mean_val_loss                 0.9066
2025-04-28 06:53:55,490 simple_logger.py log_once [line:28] INFO std_val_loss                  0.0596
2025-04-28 06:53:55,490 fedbase.py run [line:323] INFO expense           2094362890.0
2025-04-28 06:53:55,490 fedbase.py run [line:324] INFO Eval Time Cost:               3.1013s
2025-04-28 06:53:55,490 asyncbase.py iterate [line:68] INFO Select clients [0, 1, 2, 3, 4, 5, 6, 7, 8, 9, 10, 11, 12, 13, 14, 15, 16, 17, 18, 19] at time 361.
2025-04-28 06:55:53,997 asyncbase.py iterate [line:73] INFO Receive new models from clients [19, 2, 15, 7, 10, 0, 16, 8, 1, 4, 6, 5, 12, 17, 9, 11, 3, 13, 18, 14] at time 362
2025-04-28 06:55:54,518 fedbase.py run [line:318] INFO --------------Round 137--------------
2025-04-28 06:55:54,519 simple_logger.py log_once [line:14] INFO Current_time:362
2025-04-28 06:55:57,675 simple_logger.py log_once [line:28] INFO test_accuracy                 0.6796
2025-04-28 06:55:57,675 simple_logger.py log_once [line:28] INFO test_loss                     0.8918
2025-04-28 06:55:57,675 simple_logger.py log_once [line:28] INFO val_accuracy                  0.6712
2025-04-28 06:55:57,676 simple_logger.py log_once [line:28] INFO mean_val_accuracy             0.6712
2025-04-28 06:55:57,676 simple_logger.py log_once [line:28] INFO std_val_accuracy              0.0216
2025-04-28 06:55:57,676 simple_logger.py log_once [line:28] INFO val_loss                      0.9075
2025-04-28 06:55:57,676 simple_logger.py log_once [line:28] INFO mean_val_loss                 0.9075
2025-04-28 06:55:57,676 simple_logger.py log_once [line:28] INFO std_val_loss                  0.0597
2025-04-28 06:55:57,676 fedbase.py run [line:323] INFO expense           2098794090.0
2025-04-28 06:55:57,676 fedbase.py run [line:324] INFO Eval Time Cost:               3.1574s
2025-04-28 06:55:57,676 asyncbase.py iterate [line:68] INFO Select clients [0, 1, 2, 3, 4, 5, 6, 7, 8, 9, 10, 11, 12, 13, 14, 15, 16, 17, 18, 19] at time 363.
2025-04-28 06:58:04,459 asyncbase.py iterate [line:73] INFO Receive new models from clients [6, 16, 9, 4, 1, 0, 12, 5, 10, 13, 18, 2, 19, 8, 11, 14, 3, 15, 7, 17] at time 364
2025-04-28 06:58:04,959 fedbase.py run [line:318] INFO --------------Round 138--------------
2025-04-28 06:58:04,959 simple_logger.py log_once [line:14] INFO Current_time:364
2025-04-28 06:58:08,085 simple_logger.py log_once [line:28] INFO test_accuracy                 0.6847
2025-04-28 06:58:08,085 simple_logger.py log_once [line:28] INFO test_loss                     0.8767
2025-04-28 06:58:08,085 simple_logger.py log_once [line:28] INFO val_accuracy                  0.6808
2025-04-28 06:58:08,085 simple_logger.py log_once [line:28] INFO mean_val_accuracy             0.6808
2025-04-28 06:58:08,085 simple_logger.py log_once [line:28] INFO std_val_accuracy              0.0246
2025-04-28 06:58:08,085 simple_logger.py log_once [line:28] INFO val_loss                      0.8933
2025-04-28 06:58:08,085 simple_logger.py log_once [line:28] INFO mean_val_loss                 0.8933
2025-04-28 06:58:08,085 simple_logger.py log_once [line:28] INFO std_val_loss                  0.0578
2025-04-28 06:58:08,085 fedbase.py run [line:323] INFO expense           2103225290.0
2025-04-28 06:58:08,085 fedbase.py run [line:324] INFO Eval Time Cost:               3.1263s
2025-04-28 06:58:08,086 asyncbase.py iterate [line:68] INFO Select clients [0, 1, 2, 3, 4, 5, 6, 7, 8, 9, 10, 11, 12, 13, 14, 15, 16, 17, 18, 19] at time 365.
2025-04-28 07:00:10,161 asyncbase.py iterate [line:73] INFO Receive new models from clients [17, 15, 16, 1, 13, 8, 3, 19, 18, 6, 12, 14, 0, 11, 9, 7, 2, 5, 10, 4] at time 366
2025-04-28 07:00:10,735 fedbase.py run [line:318] INFO --------------Round 139--------------
2025-04-28 07:00:10,736 simple_logger.py log_once [line:14] INFO Current_time:366
2025-04-28 07:00:13,884 simple_logger.py log_once [line:28] INFO test_accuracy                 0.6845
2025-04-28 07:00:13,884 simple_logger.py log_once [line:28] INFO test_loss                     0.8836
2025-04-28 07:00:13,884 simple_logger.py log_once [line:28] INFO val_accuracy                  0.6756
2025-04-28 07:00:13,884 simple_logger.py log_once [line:28] INFO mean_val_accuracy             0.6756
2025-04-28 07:00:13,884 simple_logger.py log_once [line:28] INFO std_val_accuracy              0.0210
2025-04-28 07:00:13,885 simple_logger.py log_once [line:28] INFO val_loss                      0.8987
2025-04-28 07:00:13,885 simple_logger.py log_once [line:28] INFO mean_val_loss                 0.8987
2025-04-28 07:00:13,885 simple_logger.py log_once [line:28] INFO std_val_loss                  0.0578
2025-04-28 07:00:13,885 fedbase.py run [line:323] INFO expense           2107656490.0
2025-04-28 07:00:13,885 fedbase.py run [line:324] INFO Eval Time Cost:               3.1490s
2025-04-28 07:00:13,885 asyncbase.py iterate [line:68] INFO Select clients [0, 1, 2, 3, 4, 5, 6, 7, 8, 9, 10, 11, 12, 13, 14, 15, 16, 17, 18, 19] at time 367.
2025-04-28 07:02:20,558 asyncbase.py iterate [line:73] INFO Receive new models from clients [11, 7, 0, 13, 15, 9, 17, 12, 5, 10, 3, 14, 4, 1, 8, 16, 19, 2, 6, 18] at time 368
2025-04-28 07:02:21,134 fedbase.py run [line:318] INFO --------------Round 140--------------
2025-04-28 07:02:21,134 simple_logger.py log_once [line:14] INFO Current_time:368
2025-04-28 07:02:24,230 simple_logger.py log_once [line:28] INFO test_accuracy                 0.6838
2025-04-28 07:02:24,230 simple_logger.py log_once [line:28] INFO test_loss                     0.8762
2025-04-28 07:02:24,230 simple_logger.py log_once [line:28] INFO val_accuracy                  0.6818
2025-04-28 07:02:24,231 simple_logger.py log_once [line:28] INFO mean_val_accuracy             0.6818
2025-04-28 07:02:24,231 simple_logger.py log_once [line:28] INFO std_val_accuracy              0.0260
2025-04-28 07:02:24,231 simple_logger.py log_once [line:28] INFO val_loss                      0.8946
2025-04-28 07:02:24,231 simple_logger.py log_once [line:28] INFO mean_val_loss                 0.8946
2025-04-28 07:02:24,231 simple_logger.py log_once [line:28] INFO std_val_loss                  0.0571
2025-04-28 07:02:24,231 fedbase.py run [line:323] INFO expense           2112087690.0
2025-04-28 07:02:24,231 fedbase.py run [line:324] INFO Eval Time Cost:               3.0964s
2025-04-28 07:02:24,231 asyncbase.py iterate [line:68] INFO Select clients [0, 1, 2, 3, 4, 5, 6, 7, 8, 9, 10, 11, 12, 13, 14, 15, 16, 17, 18, 19] at time 369.
2025-04-28 07:04:30,216 asyncbase.py iterate [line:73] INFO Receive new models from clients [7, 15, 11, 17, 19, 5, 8, 0, 9, 10, 6, 12, 3, 2, 13, 4, 14, 16, 18, 1] at time 370
2025-04-28 07:04:30,788 fedbase.py run [line:318] INFO --------------Round 141--------------
2025-04-28 07:04:30,789 simple_logger.py log_once [line:14] INFO Current_time:370
2025-04-28 07:04:33,988 simple_logger.py log_once [line:28] INFO test_accuracy                 0.6848
2025-04-28 07:04:33,988 simple_logger.py log_once [line:28] INFO test_loss                     0.8788
2025-04-28 07:04:33,988 simple_logger.py log_once [line:28] INFO val_accuracy                  0.6814
2025-04-28 07:04:33,988 simple_logger.py log_once [line:28] INFO mean_val_accuracy             0.6814
2025-04-28 07:04:33,988 simple_logger.py log_once [line:28] INFO std_val_accuracy              0.0270
2025-04-28 07:04:33,989 simple_logger.py log_once [line:28] INFO val_loss                      0.8961
2025-04-28 07:04:33,989 simple_logger.py log_once [line:28] INFO mean_val_loss                 0.8961
2025-04-28 07:04:33,989 simple_logger.py log_once [line:28] INFO std_val_loss                  0.0572
2025-04-28 07:04:33,989 fedbase.py run [line:323] INFO expense           2116518890.0
2025-04-28 07:04:33,989 fedbase.py run [line:324] INFO Eval Time Cost:               3.2002s
2025-04-28 07:04:33,989 asyncbase.py iterate [line:68] INFO Select clients [0, 1, 2, 3, 4, 5, 6, 7, 8, 9, 10, 11, 12, 13, 14, 15, 16, 17, 18, 19] at time 371.
2025-04-28 07:05:10,459 asyncbase.py iterate [line:73] INFO Receive new models from clients [8, 19, 3, 13, 16, 18, 4, 17, 0, 12, 9, 5, 1, 15, 7, 11, 10, 14, 6, 2] at time 372
2025-04-28 07:05:17,627 fedbase.py run [line:318] INFO --------------Round 142--------------
2025-04-28 07:05:17,628 simple_logger.py log_once [line:14] INFO Current_time:372
2025-04-28 07:05:20,744 simple_logger.py log_once [line:28] INFO test_accuracy                 0.6846
2025-04-28 07:05:20,744 simple_logger.py log_once [line:28] INFO test_loss                     0.8810
2025-04-28 07:05:20,744 simple_logger.py log_once [line:28] INFO val_accuracy                  0.6818
2025-04-28 07:05:20,744 simple_logger.py log_once [line:28] INFO mean_val_accuracy             0.6818
2025-04-28 07:05:20,744 simple_logger.py log_once [line:28] INFO std_val_accuracy              0.0287
2025-04-28 07:05:20,744 simple_logger.py log_once [line:28] INFO val_loss                      0.8986
2025-04-28 07:05:20,744 simple_logger.py log_once [line:28] INFO mean_val_loss                 0.8986
2025-04-28 07:05:20,744 simple_logger.py log_once [line:28] INFO std_val_loss                  0.0604
2025-04-28 07:05:20,744 fedbase.py run [line:323] INFO expense           2172388700.0
2025-04-28 07:05:20,744 fedbase.py run [line:324] INFO Eval Time Cost:               3.1166s
2025-04-28 07:05:20,744 asyncbase.py iterate [line:68] INFO Select clients [0, 1, 2, 3, 4, 5, 6, 7, 8, 9, 10, 11, 12, 13, 14, 15, 16, 17, 18, 19] at time 373.
2025-04-28 07:07:28,333 asyncbase.py iterate [line:73] INFO Receive new models from clients [1, 19, 5, 2, 12, 7, 16, 8, 17, 10, 14, 13, 18, 4, 15, 9, 0, 3, 6] at time 376
2025-04-28 07:07:28,333 asyncbase.py iterate [line:73] INFO Receive new models from clients [11] at time 377
2025-04-28 07:07:28,885 fedbase.py run [line:318] INFO --------------Round 143--------------
2025-04-28 07:07:28,886 simple_logger.py log_once [line:14] INFO Current_time:377
2025-04-28 07:07:31,995 simple_logger.py log_once [line:28] INFO test_accuracy                 0.6824
2025-04-28 07:07:31,995 simple_logger.py log_once [line:28] INFO test_loss                     0.8955
2025-04-28 07:07:31,995 simple_logger.py log_once [line:28] INFO val_accuracy                  0.6784
2025-04-28 07:07:31,996 simple_logger.py log_once [line:28] INFO mean_val_accuracy             0.6784
2025-04-28 07:07:31,996 simple_logger.py log_once [line:28] INFO std_val_accuracy              0.0271
2025-04-28 07:07:31,996 simple_logger.py log_once [line:28] INFO val_loss                      0.9130
2025-04-28 07:07:31,996 simple_logger.py log_once [line:28] INFO mean_val_loss                 0.9130
2025-04-28 07:07:31,996 simple_logger.py log_once [line:28] INFO std_val_loss                  0.0588
2025-04-28 07:07:31,996 fedbase.py run [line:323] INFO expense           2176819900.0
2025-04-28 07:07:31,996 fedbase.py run [line:324] INFO Eval Time Cost:               3.1099s
2025-04-28 07:07:31,996 asyncbase.py iterate [line:68] INFO Select clients [0, 1, 2, 3, 4, 5, 6, 7, 8, 9, 10, 11, 12, 13, 14, 15, 16, 17, 18, 19] at time 378.
2025-04-28 07:09:33,460 asyncbase.py iterate [line:73] INFO Receive new models from clients [14, 7, 9, 6, 4, 1, 18, 3, 11, 5, 17, 8, 16, 2, 12, 15, 13, 10, 0, 19] at time 379
2025-04-28 07:09:34,021 fedbase.py run [line:318] INFO --------------Round 144--------------
2025-04-28 07:09:34,021 simple_logger.py log_once [line:14] INFO Current_time:379
2025-04-28 07:09:37,125 simple_logger.py log_once [line:28] INFO test_accuracy                 0.6825
2025-04-28 07:09:37,125 simple_logger.py log_once [line:28] INFO test_loss                     0.8897
2025-04-28 07:09:37,125 simple_logger.py log_once [line:28] INFO val_accuracy                  0.6808
2025-04-28 07:09:37,125 simple_logger.py log_once [line:28] INFO mean_val_accuracy             0.6808
2025-04-28 07:09:37,125 simple_logger.py log_once [line:28] INFO std_val_accuracy              0.0252
2025-04-28 07:09:37,125 simple_logger.py log_once [line:28] INFO val_loss                      0.9054
2025-04-28 07:09:37,126 simple_logger.py log_once [line:28] INFO mean_val_loss                 0.9054
2025-04-28 07:09:37,126 simple_logger.py log_once [line:28] INFO std_val_loss                  0.0580
2025-04-28 07:09:37,126 fedbase.py run [line:323] INFO expense           2181251100.0
2025-04-28 07:09:37,126 fedbase.py run [line:324] INFO Eval Time Cost:               3.1044s
2025-04-28 07:09:37,126 asyncbase.py iterate [line:68] INFO Select clients [0, 1, 2, 3, 4, 5, 6, 7, 8, 9, 10, 11, 12, 13, 14, 15, 16, 17, 18, 19] at time 380.
2025-04-28 07:11:37,940 asyncbase.py iterate [line:73] INFO Receive new models from clients [9, 2, 1, 10, 8, 12, 16, 17, 13, 19, 14, 11, 4, 6, 15, 5, 18, 7, 0, 3] at time 381
2025-04-28 07:11:38,494 fedbase.py run [line:318] INFO --------------Round 145--------------
2025-04-28 07:11:38,495 simple_logger.py log_once [line:14] INFO Current_time:381
2025-04-28 07:11:41,674 simple_logger.py log_once [line:28] INFO test_accuracy                 0.6817
2025-04-28 07:11:41,674 simple_logger.py log_once [line:28] INFO test_loss                     0.8955
2025-04-28 07:11:41,674 simple_logger.py log_once [line:28] INFO val_accuracy                  0.6778
2025-04-28 07:11:41,674 simple_logger.py log_once [line:28] INFO mean_val_accuracy             0.6778
2025-04-28 07:11:41,674 simple_logger.py log_once [line:28] INFO std_val_accuracy              0.0262
2025-04-28 07:11:41,674 simple_logger.py log_once [line:28] INFO val_loss                      0.9112
2025-04-28 07:11:41,674 simple_logger.py log_once [line:28] INFO mean_val_loss                 0.9112
2025-04-28 07:11:41,675 simple_logger.py log_once [line:28] INFO std_val_loss                  0.0585
2025-04-28 07:11:41,675 fedbase.py run [line:323] INFO expense           2185682300.0
2025-04-28 07:11:41,675 fedbase.py run [line:324] INFO Eval Time Cost:               3.1795s
2025-04-28 07:11:41,675 asyncbase.py iterate [line:68] INFO Select clients [0, 1, 2, 3, 4, 5, 6, 7, 8, 9, 10, 11, 12, 13, 14, 15, 16, 17, 18, 19] at time 382.
2025-04-28 07:13:46,871 asyncbase.py iterate [line:73] INFO Receive new models from clients [10, 15, 16, 1, 7, 8, 12, 19, 17, 6, 9, 3, 13, 4, 18, 14, 0, 11, 5, 2] at time 383
2025-04-28 07:13:47,392 fedbase.py run [line:318] INFO --------------Round 146--------------
2025-04-28 07:13:47,393 simple_logger.py log_once [line:14] INFO Current_time:383
2025-04-28 07:13:50,508 simple_logger.py log_once [line:28] INFO test_accuracy                 0.6775
2025-04-28 07:13:50,508 simple_logger.py log_once [line:28] INFO test_loss                     0.9053
2025-04-28 07:13:50,508 simple_logger.py log_once [line:28] INFO val_accuracy                  0.6738
2025-04-28 07:13:50,508 simple_logger.py log_once [line:28] INFO mean_val_accuracy             0.6738
2025-04-28 07:13:50,508 simple_logger.py log_once [line:28] INFO std_val_accuracy              0.0259
2025-04-28 07:13:50,508 simple_logger.py log_once [line:28] INFO val_loss                      0.9210
2025-04-28 07:13:50,508 simple_logger.py log_once [line:28] INFO mean_val_loss                 0.9210
2025-04-28 07:13:50,508 simple_logger.py log_once [line:28] INFO std_val_loss                  0.0598
2025-04-28 07:13:50,508 fedbase.py run [line:323] INFO expense           2190113500.0
2025-04-28 07:13:50,508 fedbase.py run [line:324] INFO Eval Time Cost:               3.1153s
2025-04-28 07:13:50,508 asyncbase.py iterate [line:68] INFO Select clients [0, 1, 2, 3, 4, 5, 6, 7, 8, 9, 10, 11, 12, 13, 14, 15, 16, 17, 18, 19] at time 384.
2025-04-28 07:15:53,923 asyncbase.py iterate [line:73] INFO Receive new models from clients [0, 8, 4, 14, 13, 5, 1, 19, 3, 7, 15, 11, 12, 10, 16, 18, 2, 17, 9, 6] at time 385
2025-04-28 07:15:54,449 fedbase.py run [line:318] INFO --------------Round 147--------------
2025-04-28 07:15:54,450 simple_logger.py log_once [line:14] INFO Current_time:385
2025-04-28 07:15:57,667 simple_logger.py log_once [line:28] INFO test_accuracy                 0.6844
2025-04-28 07:15:57,667 simple_logger.py log_once [line:28] INFO test_loss                     0.8811
2025-04-28 07:15:57,668 simple_logger.py log_once [line:28] INFO val_accuracy                  0.6830
2025-04-28 07:15:57,668 simple_logger.py log_once [line:28] INFO mean_val_accuracy             0.6830
2025-04-28 07:15:57,668 simple_logger.py log_once [line:28] INFO std_val_accuracy              0.0286
2025-04-28 07:15:57,668 simple_logger.py log_once [line:28] INFO val_loss                      0.8954
2025-04-28 07:15:57,668 simple_logger.py log_once [line:28] INFO mean_val_loss                 0.8954
2025-04-28 07:15:57,668 simple_logger.py log_once [line:28] INFO std_val_loss                  0.0578
2025-04-28 07:15:57,668 fedbase.py run [line:323] INFO expense           2194544700.0
2025-04-28 07:15:57,668 fedbase.py run [line:324] INFO Eval Time Cost:               3.2183s
2025-04-28 07:15:57,668 asyncbase.py iterate [line:68] INFO Select clients [0, 1, 2, 3, 4, 5, 6, 7, 8, 9, 10, 11, 12, 13, 14, 15, 16, 17, 18, 19] at time 386.
2025-04-28 07:18:04,126 asyncbase.py iterate [line:73] INFO Receive new models from clients [10, 0, 4, 15, 13, 7, 2, 18, 6, 11, 19, 5, 3, 17, 9, 14, 12, 1, 16, 8] at time 387
2025-04-28 07:18:04,688 fedbase.py run [line:318] INFO --------------Round 148--------------
2025-04-28 07:18:04,689 simple_logger.py log_once [line:14] INFO Current_time:387
2025-04-28 07:18:07,852 simple_logger.py log_once [line:28] INFO test_accuracy                 0.6899
2025-04-28 07:18:07,852 simple_logger.py log_once [line:28] INFO test_loss                     0.8629
2025-04-28 07:18:07,852 simple_logger.py log_once [line:28] INFO val_accuracy                  0.6894
2025-04-28 07:18:07,852 simple_logger.py log_once [line:28] INFO mean_val_accuracy             0.6894
2025-04-28 07:18:07,852 simple_logger.py log_once [line:28] INFO std_val_accuracy              0.0245
2025-04-28 07:18:07,852 simple_logger.py log_once [line:28] INFO val_loss                      0.8789
2025-04-28 07:18:07,852 simple_logger.py log_once [line:28] INFO mean_val_loss                 0.8789
2025-04-28 07:18:07,852 simple_logger.py log_once [line:28] INFO std_val_loss                  0.0563
2025-04-28 07:18:07,853 fedbase.py run [line:323] INFO expense           2198975900.0
2025-04-28 07:18:07,853 fedbase.py run [line:324] INFO Eval Time Cost:               3.1638s
2025-04-28 07:18:07,853 asyncbase.py iterate [line:68] INFO Select clients [0, 1, 2, 3, 4, 5, 6, 7, 8, 9, 10, 11, 12, 13, 14, 15, 16, 17, 18, 19] at time 388.
2025-04-28 07:20:12,757 asyncbase.py iterate [line:73] INFO Receive new models from clients [19, 15, 4, 13, 10, 1, 8, 12, 2, 16, 18, 7, 6, 9, 5, 14, 0, 3, 17, 11] at time 389
2025-04-28 07:20:13,249 fedbase.py run [line:318] INFO --------------Round 149--------------
2025-04-28 07:20:13,250 simple_logger.py log_once [line:14] INFO Current_time:389
2025-04-28 07:20:16,343 simple_logger.py log_once [line:28] INFO test_accuracy                 0.6830
2025-04-28 07:20:16,343 simple_logger.py log_once [line:28] INFO test_loss                     0.8906
2025-04-28 07:20:16,343 simple_logger.py log_once [line:28] INFO val_accuracy                  0.6794
2025-04-28 07:20:16,343 simple_logger.py log_once [line:28] INFO mean_val_accuracy             0.6794
2025-04-28 07:20:16,343 simple_logger.py log_once [line:28] INFO std_val_accuracy              0.0231
2025-04-28 07:20:16,344 simple_logger.py log_once [line:28] INFO val_loss                      0.9041
2025-04-28 07:20:16,344 simple_logger.py log_once [line:28] INFO mean_val_loss                 0.9041
2025-04-28 07:20:16,344 simple_logger.py log_once [line:28] INFO std_val_loss                  0.0565
2025-04-28 07:20:16,344 fedbase.py run [line:323] INFO expense           2203407100.0
2025-04-28 07:20:16,344 fedbase.py run [line:324] INFO Eval Time Cost:               3.0940s
2025-04-28 07:20:16,344 asyncbase.py iterate [line:68] INFO Select clients [0, 1, 2, 3, 4, 5, 6, 7, 8, 9, 10, 11, 12, 13, 14, 15, 16, 17, 18, 19] at time 390.
2025-04-28 07:22:25,200 asyncbase.py iterate [line:73] INFO Receive new models from clients [8, 13, 5, 11, 17, 6, 14, 7, 12, 3, 1, 0, 15, 16, 19, 4, 10, 2, 9, 18] at time 391
2025-04-28 07:22:25,702 fedbase.py run [line:318] INFO --------------Round 150--------------
2025-04-28 07:22:25,703 simple_logger.py log_once [line:14] INFO Current_time:391
2025-04-28 07:22:28,718 simple_logger.py log_once [line:28] INFO test_accuracy                 0.6884
2025-04-28 07:22:28,718 simple_logger.py log_once [line:28] INFO test_loss                     0.8767
2025-04-28 07:22:28,718 simple_logger.py log_once [line:28] INFO val_accuracy                  0.6848
2025-04-28 07:22:28,718 simple_logger.py log_once [line:28] INFO mean_val_accuracy             0.6848
2025-04-28 07:22:28,718 simple_logger.py log_once [line:28] INFO std_val_accuracy              0.0247
2025-04-28 07:22:28,718 simple_logger.py log_once [line:28] INFO val_loss                      0.8934
2025-04-28 07:22:28,718 simple_logger.py log_once [line:28] INFO mean_val_loss                 0.8934
2025-04-28 07:22:28,718 simple_logger.py log_once [line:28] INFO std_val_loss                  0.0546
2025-04-28 07:22:28,718 fedbase.py run [line:323] INFO expense           2207838300.0
2025-04-28 07:22:28,718 fedbase.py run [line:324] INFO Eval Time Cost:               3.0155s
2025-04-28 07:22:28,719 asyncbase.py iterate [line:68] INFO Select clients [0, 1, 2, 3, 4, 5, 6, 7, 8, 9, 10, 11, 12, 13, 14, 15, 16, 17, 18, 19] at time 392.
2025-04-28 07:24:29,616 asyncbase.py iterate [line:73] INFO Receive new models from clients [16, 2, 18, 12, 14, 10, 13, 0, 1, 15, 4, 9, 8, 6, 19, 5, 7, 17, 3, 11] at time 393
2025-04-28 07:24:30,120 fedbase.py run [line:318] INFO --------------Round 151--------------
2025-04-28 07:24:30,120 simple_logger.py log_once [line:14] INFO Current_time:393
2025-04-28 07:24:33,342 simple_logger.py log_once [line:28] INFO test_accuracy                 0.6834
2025-04-28 07:24:33,342 simple_logger.py log_once [line:28] INFO test_loss                     0.8874
2025-04-28 07:24:33,342 simple_logger.py log_once [line:28] INFO val_accuracy                  0.6826
2025-04-28 07:24:33,342 simple_logger.py log_once [line:28] INFO mean_val_accuracy             0.6826
2025-04-28 07:24:33,342 simple_logger.py log_once [line:28] INFO std_val_accuracy              0.0256
2025-04-28 07:24:33,342 simple_logger.py log_once [line:28] INFO val_loss                      0.9021
2025-04-28 07:24:33,342 simple_logger.py log_once [line:28] INFO mean_val_loss                 0.9021
2025-04-28 07:24:33,342 simple_logger.py log_once [line:28] INFO std_val_loss                  0.0568
2025-04-28 07:24:33,342 fedbase.py run [line:323] INFO expense           2212269500.0
2025-04-28 07:24:33,342 fedbase.py run [line:324] INFO Eval Time Cost:               3.2220s
2025-04-28 07:24:33,342 asyncbase.py iterate [line:68] INFO Select clients [0, 1, 2, 3, 4, 5, 6, 7, 8, 9, 10, 11, 12, 13, 14, 15, 16, 17, 18, 19] at time 394.
2025-04-28 07:26:39,385 asyncbase.py iterate [line:73] INFO Receive new models from clients [12, 0, 5, 6, 14, 13, 8, 15, 1, 7, 18, 16, 2, 9, 10, 19, 11, 4, 17, 3] at time 395
2025-04-28 07:26:39,955 fedbase.py run [line:318] INFO --------------Round 152--------------
2025-04-28 07:26:39,956 simple_logger.py log_once [line:14] INFO Current_time:395
2025-04-28 07:26:42,989 simple_logger.py log_once [line:28] INFO test_accuracy                 0.6854
2025-04-28 07:26:42,990 simple_logger.py log_once [line:28] INFO test_loss                     0.8844
2025-04-28 07:26:42,990 simple_logger.py log_once [line:28] INFO val_accuracy                  0.6842
2025-04-28 07:26:42,990 simple_logger.py log_once [line:28] INFO mean_val_accuracy             0.6842
2025-04-28 07:26:42,990 simple_logger.py log_once [line:28] INFO std_val_accuracy              0.0263
2025-04-28 07:26:42,990 simple_logger.py log_once [line:28] INFO val_loss                      0.8970
2025-04-28 07:26:42,990 simple_logger.py log_once [line:28] INFO mean_val_loss                 0.8970
2025-04-28 07:26:42,990 simple_logger.py log_once [line:28] INFO std_val_loss                  0.0581
2025-04-28 07:26:42,990 fedbase.py run [line:323] INFO expense           2216700700.0
2025-04-28 07:26:42,990 fedbase.py run [line:324] INFO Eval Time Cost:               3.0343s
2025-04-28 07:26:42,990 asyncbase.py iterate [line:68] INFO Select clients [0, 1, 2, 3, 4, 5, 6, 7, 8, 9, 10, 11, 12, 13, 14, 15, 16, 17, 18, 19] at time 396.
2025-04-28 07:28:44,265 asyncbase.py iterate [line:73] INFO Receive new models from clients [13, 6, 3, 18, 4, 1, 5, 7, 0, 11, 14, 9, 12, 15, 10, 17, 8, 2, 16, 19] at time 397
2025-04-28 07:28:44,837 fedbase.py run [line:318] INFO --------------Round 153--------------
2025-04-28 07:28:44,838 simple_logger.py log_once [line:14] INFO Current_time:397
2025-04-28 07:28:47,905 simple_logger.py log_once [line:28] INFO test_accuracy                 0.6862
2025-04-28 07:28:47,905 simple_logger.py log_once [line:28] INFO test_loss                     0.8757
2025-04-28 07:28:47,906 simple_logger.py log_once [line:28] INFO val_accuracy                  0.6856
2025-04-28 07:28:47,906 simple_logger.py log_once [line:28] INFO mean_val_accuracy             0.6856
2025-04-28 07:28:47,906 simple_logger.py log_once [line:28] INFO std_val_accuracy              0.0266
2025-04-28 07:28:47,906 simple_logger.py log_once [line:28] INFO val_loss                      0.8903
2025-04-28 07:28:47,906 simple_logger.py log_once [line:28] INFO mean_val_loss                 0.8903
2025-04-28 07:28:47,906 simple_logger.py log_once [line:28] INFO std_val_loss                  0.0545
2025-04-28 07:28:47,906 fedbase.py run [line:323] INFO expense           2221131900.0
2025-04-28 07:28:47,906 fedbase.py run [line:324] INFO Eval Time Cost:               3.0679s
2025-04-28 07:28:47,906 asyncbase.py iterate [line:68] INFO Select clients [0, 1, 2, 3, 4, 5, 6, 7, 8, 9, 10, 11, 12, 13, 14, 15, 16, 17, 18, 19] at time 398.
2025-04-28 07:30:52,862 asyncbase.py iterate [line:73] INFO Receive new models from clients [3, 2, 10, 7, 19, 4, 5, 1, 14, 16, 9, 6, 12, 8, 15, 13, 0, 11, 17, 18] at time 399
2025-04-28 07:30:53,372 fedbase.py run [line:318] INFO --------------Round 154--------------
2025-04-28 07:30:53,373 simple_logger.py log_once [line:14] INFO Current_time:399
2025-04-28 07:30:56,502 simple_logger.py log_once [line:28] INFO test_accuracy                 0.6869
2025-04-28 07:30:56,502 simple_logger.py log_once [line:28] INFO test_loss                     0.8735
2025-04-28 07:30:56,502 simple_logger.py log_once [line:28] INFO val_accuracy                  0.6848
2025-04-28 07:30:56,503 simple_logger.py log_once [line:28] INFO mean_val_accuracy             0.6848
2025-04-28 07:30:56,503 simple_logger.py log_once [line:28] INFO std_val_accuracy              0.0258
2025-04-28 07:30:56,503 simple_logger.py log_once [line:28] INFO val_loss                      0.8890
2025-04-28 07:30:56,503 simple_logger.py log_once [line:28] INFO mean_val_loss                 0.8890
2025-04-28 07:30:56,503 simple_logger.py log_once [line:28] INFO std_val_loss                  0.0540
2025-04-28 07:30:56,503 fedbase.py run [line:323] INFO expense           2225563100.0
2025-04-28 07:30:56,503 fedbase.py run [line:324] INFO Eval Time Cost:               3.1302s
2025-04-28 07:30:56,503 asyncbase.py iterate [line:68] INFO Select clients [0, 1, 2, 3, 4, 5, 6, 7, 8, 9, 10, 11, 12, 13, 14, 15, 16, 17, 18, 19] at time 400.
2025-04-28 07:31:31,654 asyncbase.py iterate [line:73] INFO Receive new models from clients [10, 6, 11, 18, 13, 15, 16, 19, 0, 1, 8, 12, 9, 5, 14, 17, 3, 7, 2, 4] at time 401
2025-04-28 07:31:38,371 fedbase.py run [line:318] INFO --------------Round 155--------------
2025-04-28 07:31:38,371 simple_logger.py log_once [line:14] INFO Current_time:401
2025-04-28 07:31:41,520 simple_logger.py log_once [line:28] INFO test_accuracy                 0.6942
2025-04-28 07:31:41,520 simple_logger.py log_once [line:28] INFO test_loss                     0.8449
2025-04-28 07:31:41,521 simple_logger.py log_once [line:28] INFO val_accuracy                  0.6906
2025-04-28 07:31:41,521 simple_logger.py log_once [line:28] INFO mean_val_accuracy             0.6906
2025-04-28 07:31:41,521 simple_logger.py log_once [line:28] INFO std_val_accuracy              0.0225
2025-04-28 07:31:41,521 simple_logger.py log_once [line:28] INFO val_loss                      0.8660
2025-04-28 07:31:41,521 simple_logger.py log_once [line:28] INFO mean_val_loss                 0.8660
2025-04-28 07:31:41,521 simple_logger.py log_once [line:28] INFO std_val_loss                  0.0592
2025-04-28 07:31:41,521 fedbase.py run [line:323] INFO expense           2281432910.0
2025-04-28 07:31:41,521 fedbase.py run [line:324] INFO Eval Time Cost:               3.1495s
2025-04-28 07:31:41,521 asyncbase.py iterate [line:68] INFO Select clients [0, 1, 2, 3, 4, 5, 6, 7, 8, 9, 10, 11, 12, 13, 14, 15, 16, 17, 18, 19] at time 402.
2025-04-28 07:33:45,935 asyncbase.py iterate [line:73] INFO Receive new models from clients [16, 19, 0, 13, 6, 7, 14, 12, 2, 1, 5, 8, 10, 15, 9, 3, 4, 11] at time 405
2025-04-28 07:33:45,936 asyncbase.py iterate [line:73] INFO Receive new models from clients [18, 17] at time 406
2025-04-28 07:33:46,531 fedbase.py run [line:318] INFO --------------Round 156--------------
2025-04-28 07:33:46,531 simple_logger.py log_once [line:14] INFO Current_time:406
2025-04-28 07:33:49,651 simple_logger.py log_once [line:28] INFO test_accuracy                 0.6917
2025-04-28 07:33:49,651 simple_logger.py log_once [line:28] INFO test_loss                     0.8512
2025-04-28 07:33:49,651 simple_logger.py log_once [line:28] INFO val_accuracy                  0.6892
2025-04-28 07:33:49,651 simple_logger.py log_once [line:28] INFO mean_val_accuracy             0.6892
2025-04-28 07:33:49,651 simple_logger.py log_once [line:28] INFO std_val_accuracy              0.0275
2025-04-28 07:33:49,651 simple_logger.py log_once [line:28] INFO val_loss                      0.8702
2025-04-28 07:33:49,651 simple_logger.py log_once [line:28] INFO mean_val_loss                 0.8702
2025-04-28 07:33:49,651 simple_logger.py log_once [line:28] INFO std_val_loss                  0.0594
2025-04-28 07:33:49,652 fedbase.py run [line:323] INFO expense           2285864110.0
2025-04-28 07:33:49,652 fedbase.py run [line:324] INFO Eval Time Cost:               3.1203s
2025-04-28 07:33:49,652 asyncbase.py iterate [line:68] INFO Select clients [0, 1, 2, 3, 4, 5, 6, 7, 8, 9, 10, 11, 12, 13, 14, 15, 16, 17, 18, 19] at time 407.
2025-04-28 07:35:53,330 asyncbase.py iterate [line:73] INFO Receive new models from clients [0, 14, 19, 1, 13, 15, 10, 18, 11, 2, 8, 16, 17, 12, 5, 3, 7, 4, 6, 9] at time 408
2025-04-28 07:35:53,905 fedbase.py run [line:318] INFO --------------Round 157--------------
2025-04-28 07:35:53,906 simple_logger.py log_once [line:14] INFO Current_time:408
2025-04-28 07:35:57,063 simple_logger.py log_once [line:28] INFO test_accuracy                 0.6950
2025-04-28 07:35:57,063 simple_logger.py log_once [line:28] INFO test_loss                     0.8494
2025-04-28 07:35:57,063 simple_logger.py log_once [line:28] INFO val_accuracy                  0.6924
2025-04-28 07:35:57,063 simple_logger.py log_once [line:28] INFO mean_val_accuracy             0.6924
2025-04-28 07:35:57,063 simple_logger.py log_once [line:28] INFO std_val_accuracy              0.0265
2025-04-28 07:35:57,064 simple_logger.py log_once [line:28] INFO val_loss                      0.8667
2025-04-28 07:35:57,064 simple_logger.py log_once [line:28] INFO mean_val_loss                 0.8667
2025-04-28 07:35:57,064 simple_logger.py log_once [line:28] INFO std_val_loss                  0.0561
2025-04-28 07:35:57,064 fedbase.py run [line:323] INFO expense           2290295310.0
2025-04-28 07:35:57,064 fedbase.py run [line:324] INFO Eval Time Cost:               3.1581s
2025-04-28 07:35:57,064 asyncbase.py iterate [line:68] INFO Select clients [0, 1, 2, 3, 4, 5, 6, 7, 8, 9, 10, 11, 12, 13, 14, 15, 16, 17, 18, 19] at time 409.
2025-04-28 07:38:02,311 asyncbase.py iterate [line:73] INFO Receive new models from clients [11, 10, 12, 7, 18, 5, 13, 4, 19, 16, 2, 1, 3, 9, 6, 0, 15, 8, 17, 14] at time 410
2025-04-28 07:38:02,824 fedbase.py run [line:318] INFO --------------Round 158--------------
2025-04-28 07:38:02,824 simple_logger.py log_once [line:14] INFO Current_time:410
2025-04-28 07:38:05,912 simple_logger.py log_once [line:28] INFO test_accuracy                 0.6928
2025-04-28 07:38:05,912 simple_logger.py log_once [line:28] INFO test_loss                     0.8513
2025-04-28 07:38:05,912 simple_logger.py log_once [line:28] INFO val_accuracy                  0.6912
2025-04-28 07:38:05,913 simple_logger.py log_once [line:28] INFO mean_val_accuracy             0.6912
2025-04-28 07:38:05,913 simple_logger.py log_once [line:28] INFO std_val_accuracy              0.0245
2025-04-28 07:38:05,913 simple_logger.py log_once [line:28] INFO val_loss                      0.8693
2025-04-28 07:38:05,913 simple_logger.py log_once [line:28] INFO mean_val_loss                 0.8693
2025-04-28 07:38:05,913 simple_logger.py log_once [line:28] INFO std_val_loss                  0.0578
2025-04-28 07:38:05,913 fedbase.py run [line:323] INFO expense           2294726510.0
2025-04-28 07:38:05,913 fedbase.py run [line:324] INFO Eval Time Cost:               3.0884s
2025-04-28 07:38:05,913 asyncbase.py iterate [line:68] INFO Select clients [0, 1, 2, 3, 4, 5, 6, 7, 8, 9, 10, 11, 12, 13, 14, 15, 16, 17, 18, 19] at time 411.
2025-04-28 07:40:09,435 asyncbase.py iterate [line:73] INFO Receive new models from clients [18, 10, 13, 5, 2, 8, 6, 3, 12, 9, 16, 14, 15, 17, 4, 11, 19, 1, 0, 7] at time 412
2025-04-28 07:40:09,993 fedbase.py run [line:318] INFO --------------Round 159--------------
2025-04-28 07:40:09,994 simple_logger.py log_once [line:14] INFO Current_time:412
2025-04-28 07:40:13,129 simple_logger.py log_once [line:28] INFO test_accuracy                 0.6950
2025-04-28 07:40:13,130 simple_logger.py log_once [line:28] INFO test_loss                     0.8472
2025-04-28 07:40:13,130 simple_logger.py log_once [line:28] INFO val_accuracy                  0.6906
2025-04-28 07:40:13,130 simple_logger.py log_once [line:28] INFO mean_val_accuracy             0.6906
2025-04-28 07:40:13,130 simple_logger.py log_once [line:28] INFO std_val_accuracy              0.0241
2025-04-28 07:40:13,130 simple_logger.py log_once [line:28] INFO val_loss                      0.8656
2025-04-28 07:40:13,130 simple_logger.py log_once [line:28] INFO mean_val_loss                 0.8656
2025-04-28 07:40:13,130 simple_logger.py log_once [line:28] INFO std_val_loss                  0.0563
2025-04-28 07:40:13,130 fedbase.py run [line:323] INFO expense           2299157710.0
2025-04-28 07:40:13,130 fedbase.py run [line:324] INFO Eval Time Cost:               3.1361s
2025-04-28 07:40:13,130 asyncbase.py iterate [line:68] INFO Select clients [0, 1, 2, 3, 4, 5, 6, 7, 8, 9, 10, 11, 12, 13, 14, 15, 16, 17, 18, 19] at time 413.
2025-04-28 07:42:19,864 asyncbase.py iterate [line:73] INFO Receive new models from clients [17, 4, 9, 11, 16, 14, 3, 2, 5, 10, 12, 15, 6, 19, 7, 0, 18, 13, 8, 1] at time 414
2025-04-28 07:42:20,402 fedbase.py run [line:318] INFO --------------Round 160--------------
2025-04-28 07:42:20,402 simple_logger.py log_once [line:14] INFO Current_time:414
2025-04-28 07:42:23,527 simple_logger.py log_once [line:28] INFO test_accuracy                 0.6945
2025-04-28 07:42:23,528 simple_logger.py log_once [line:28] INFO test_loss                     0.8457
2025-04-28 07:42:23,528 simple_logger.py log_once [line:28] INFO val_accuracy                  0.6928
2025-04-28 07:42:23,528 simple_logger.py log_once [line:28] INFO mean_val_accuracy             0.6928
2025-04-28 07:42:23,528 simple_logger.py log_once [line:28] INFO std_val_accuracy              0.0218
2025-04-28 07:42:23,528 simple_logger.py log_once [line:28] INFO val_loss                      0.8611
2025-04-28 07:42:23,528 simple_logger.py log_once [line:28] INFO mean_val_loss                 0.8611
2025-04-28 07:42:23,528 simple_logger.py log_once [line:28] INFO std_val_loss                  0.0554
2025-04-28 07:42:23,528 fedbase.py run [line:323] INFO expense           2303588910.0
2025-04-28 07:42:23,528 fedbase.py run [line:324] INFO Eval Time Cost:               3.1258s
2025-04-28 07:42:23,528 asyncbase.py iterate [line:68] INFO Select clients [0, 1, 2, 3, 4, 5, 6, 7, 8, 9, 10, 11, 12, 13, 14, 15, 16, 17, 18, 19] at time 415.
2025-04-28 07:44:22,738 asyncbase.py iterate [line:73] INFO Receive new models from clients [0, 5, 17, 19, 11, 8, 12, 15, 3, 7, 2, 4, 13, 10, 16, 9, 1, 6, 14, 18] at time 416
2025-04-28 07:44:23,294 fedbase.py run [line:318] INFO --------------Round 161--------------
2025-04-28 07:44:23,295 simple_logger.py log_once [line:14] INFO Current_time:416
2025-04-28 07:44:26,347 simple_logger.py log_once [line:28] INFO test_accuracy                 0.6973
2025-04-28 07:44:26,347 simple_logger.py log_once [line:28] INFO test_loss                     0.8431
2025-04-28 07:44:26,347 simple_logger.py log_once [line:28] INFO val_accuracy                  0.6938
2025-04-28 07:44:26,347 simple_logger.py log_once [line:28] INFO mean_val_accuracy             0.6938
2025-04-28 07:44:26,347 simple_logger.py log_once [line:28] INFO std_val_accuracy              0.0244
2025-04-28 07:44:26,347 simple_logger.py log_once [line:28] INFO val_loss                      0.8613
2025-04-28 07:44:26,347 simple_logger.py log_once [line:28] INFO mean_val_loss                 0.8613
2025-04-28 07:44:26,348 simple_logger.py log_once [line:28] INFO std_val_loss                  0.0555
2025-04-28 07:44:26,348 fedbase.py run [line:323] INFO expense           2308020110.0
2025-04-28 07:44:26,348 fedbase.py run [line:324] INFO Eval Time Cost:               3.0527s
2025-04-28 07:44:26,348 asyncbase.py iterate [line:68] INFO Select clients [0, 1, 2, 3, 4, 5, 6, 7, 8, 9, 10, 11, 12, 13, 14, 15, 16, 17, 18, 19] at time 417.
2025-04-28 07:46:30,675 asyncbase.py iterate [line:73] INFO Receive new models from clients [3, 7, 13, 9, 8, 15, 10, 6, 11, 18, 4, 5, 12, 19, 1, 14, 16, 0, 17, 2] at time 418
2025-04-28 07:46:31,248 fedbase.py run [line:318] INFO --------------Round 162--------------
2025-04-28 07:46:31,248 simple_logger.py log_once [line:14] INFO Current_time:418
2025-04-28 07:46:34,425 simple_logger.py log_once [line:28] INFO test_accuracy                 0.6960
2025-04-28 07:46:34,425 simple_logger.py log_once [line:28] INFO test_loss                     0.8486
2025-04-28 07:46:34,426 simple_logger.py log_once [line:28] INFO val_accuracy                  0.6928
2025-04-28 07:46:34,426 simple_logger.py log_once [line:28] INFO mean_val_accuracy             0.6928
2025-04-28 07:46:34,426 simple_logger.py log_once [line:28] INFO std_val_accuracy              0.0242
2025-04-28 07:46:34,426 simple_logger.py log_once [line:28] INFO val_loss                      0.8643
2025-04-28 07:46:34,426 simple_logger.py log_once [line:28] INFO mean_val_loss                 0.8643
2025-04-28 07:46:34,426 simple_logger.py log_once [line:28] INFO std_val_loss                  0.0573
2025-04-28 07:46:34,426 fedbase.py run [line:323] INFO expense           2312451310.0
2025-04-28 07:46:34,426 fedbase.py run [line:324] INFO Eval Time Cost:               3.1776s
2025-04-28 07:46:34,426 asyncbase.py iterate [line:68] INFO Select clients [0, 1, 2, 3, 4, 5, 6, 7, 8, 9, 10, 11, 12, 13, 14, 15, 16, 17, 18, 19] at time 419.
2025-04-28 07:48:37,391 asyncbase.py iterate [line:73] INFO Receive new models from clients [14, 15, 6, 12, 9, 0, 3, 7, 5, 4, 13, 10, 11, 18, 8, 19, 16, 17, 1, 2] at time 420
2025-04-28 07:48:37,888 fedbase.py run [line:318] INFO --------------Round 163--------------
2025-04-28 07:48:37,888 simple_logger.py log_once [line:14] INFO Current_time:420
2025-04-28 07:48:41,095 simple_logger.py log_once [line:28] INFO test_accuracy                 0.6927
2025-04-28 07:48:41,095 simple_logger.py log_once [line:28] INFO test_loss                     0.8559
2025-04-28 07:48:41,096 simple_logger.py log_once [line:28] INFO val_accuracy                  0.6864
2025-04-28 07:48:41,096 simple_logger.py log_once [line:28] INFO mean_val_accuracy             0.6864
2025-04-28 07:48:41,096 simple_logger.py log_once [line:28] INFO std_val_accuracy              0.0261
2025-04-28 07:48:41,096 simple_logger.py log_once [line:28] INFO val_loss                      0.8722
2025-04-28 07:48:41,096 simple_logger.py log_once [line:28] INFO mean_val_loss                 0.8722
2025-04-28 07:48:41,096 simple_logger.py log_once [line:28] INFO std_val_loss                  0.0561
2025-04-28 07:48:41,096 fedbase.py run [line:323] INFO expense           2316882510.0
2025-04-28 07:48:41,096 fedbase.py run [line:324] INFO Eval Time Cost:               3.2077s
2025-04-28 07:48:41,096 asyncbase.py iterate [line:68] INFO Select clients [0, 1, 2, 3, 4, 5, 6, 7, 8, 9, 10, 11, 12, 13, 14, 15, 16, 17, 18, 19] at time 421.
2025-04-28 07:50:46,626 asyncbase.py iterate [line:73] INFO Receive new models from clients [6, 18, 1, 15, 0, 9, 13, 10, 12, 7, 17, 16, 3, 8, 11, 19, 2, 4, 14, 5] at time 422
2025-04-28 07:50:47,195 fedbase.py run [line:318] INFO --------------Round 164--------------
2025-04-28 07:50:47,196 simple_logger.py log_once [line:14] INFO Current_time:422
2025-04-28 07:50:50,382 simple_logger.py log_once [line:28] INFO test_accuracy                 0.6975
2025-04-28 07:50:50,382 simple_logger.py log_once [line:28] INFO test_loss                     0.8441
2025-04-28 07:50:50,382 simple_logger.py log_once [line:28] INFO val_accuracy                  0.6930
2025-04-28 07:50:50,382 simple_logger.py log_once [line:28] INFO mean_val_accuracy             0.6930
2025-04-28 07:50:50,382 simple_logger.py log_once [line:28] INFO std_val_accuracy              0.0245
2025-04-28 07:50:50,382 simple_logger.py log_once [line:28] INFO val_loss                      0.8608
2025-04-28 07:50:50,383 simple_logger.py log_once [line:28] INFO mean_val_loss                 0.8608
2025-04-28 07:50:50,383 simple_logger.py log_once [line:28] INFO std_val_loss                  0.0569
2025-04-28 07:50:50,383 fedbase.py run [line:323] INFO expense           2321313710.0
2025-04-28 07:50:50,383 fedbase.py run [line:324] INFO Eval Time Cost:               3.1870s
2025-04-28 07:50:50,383 asyncbase.py iterate [line:68] INFO Select clients [0, 1, 2, 3, 4, 5, 6, 7, 8, 9, 10, 11, 12, 13, 14, 15, 16, 17, 18, 19] at time 423.
2025-04-28 07:53:05,035 asyncbase.py iterate [line:73] INFO Receive new models from clients [18, 9, 15, 7, 16, 12, 6, 2, 14, 3, 11, 4, 5, 17, 8, 10, 0, 1, 19, 13] at time 424
2025-04-28 07:53:05,585 fedbase.py run [line:318] INFO --------------Round 165--------------
2025-04-28 07:53:05,585 simple_logger.py log_once [line:14] INFO Current_time:424
2025-04-28 07:53:08,781 simple_logger.py log_once [line:28] INFO test_accuracy                 0.6957
2025-04-28 07:53:08,781 simple_logger.py log_once [line:28] INFO test_loss                     0.8425
2025-04-28 07:53:08,781 simple_logger.py log_once [line:28] INFO val_accuracy                  0.6936
2025-04-28 07:53:08,781 simple_logger.py log_once [line:28] INFO mean_val_accuracy             0.6936
2025-04-28 07:53:08,781 simple_logger.py log_once [line:28] INFO std_val_accuracy              0.0241
2025-04-28 07:53:08,781 simple_logger.py log_once [line:28] INFO val_loss                      0.8609
2025-04-28 07:53:08,781 simple_logger.py log_once [line:28] INFO mean_val_loss                 0.8609
2025-04-28 07:53:08,781 simple_logger.py log_once [line:28] INFO std_val_loss                  0.0549
2025-04-28 07:53:08,782 fedbase.py run [line:323] INFO expense           2325744910.0
2025-04-28 07:53:08,782 fedbase.py run [line:324] INFO Eval Time Cost:               3.1964s
2025-04-28 07:53:08,782 asyncbase.py iterate [line:68] INFO Select clients [0, 1, 2, 3, 4, 5, 6, 7, 8, 9, 10, 11, 12, 13, 14, 15, 16, 17, 18, 19] at time 425.
2025-04-28 07:55:12,744 asyncbase.py iterate [line:73] INFO Receive new models from clients [4, 5, 9, 18, 12, 10, 15, 14, 13, 17, 0, 6, 3, 11, 19, 7, 2, 8, 1, 16] at time 426
2025-04-28 07:55:13,331 fedbase.py run [line:318] INFO --------------Round 166--------------
2025-04-28 07:55:13,332 simple_logger.py log_once [line:14] INFO Current_time:426
2025-04-28 07:55:16,388 simple_logger.py log_once [line:28] INFO test_accuracy                 0.6969
2025-04-28 07:55:16,388 simple_logger.py log_once [line:28] INFO test_loss                     0.8478
2025-04-28 07:55:16,388 simple_logger.py log_once [line:28] INFO val_accuracy                  0.6938
2025-04-28 07:55:16,388 simple_logger.py log_once [line:28] INFO mean_val_accuracy             0.6938
2025-04-28 07:55:16,388 simple_logger.py log_once [line:28] INFO std_val_accuracy              0.0291
2025-04-28 07:55:16,388 simple_logger.py log_once [line:28] INFO val_loss                      0.8666
2025-04-28 07:55:16,388 simple_logger.py log_once [line:28] INFO mean_val_loss                 0.8666
2025-04-28 07:55:16,388 simple_logger.py log_once [line:28] INFO std_val_loss                  0.0589
2025-04-28 07:55:16,388 fedbase.py run [line:323] INFO expense           2330176110.0
2025-04-28 07:55:16,388 fedbase.py run [line:324] INFO Eval Time Cost:               3.0563s
2025-04-28 07:55:16,388 asyncbase.py iterate [line:68] INFO Select clients [0, 1, 2, 3, 4, 5, 6, 7, 8, 9, 10, 11, 12, 13, 14, 15, 16, 17, 18, 19] at time 427.
2025-04-28 07:57:18,975 asyncbase.py iterate [line:73] INFO Receive new models from clients [14, 10, 0, 12, 9, 7, 6, 8, 2, 11, 4, 17, 5, 15, 18, 19, 1, 3, 13, 16] at time 428
2025-04-28 07:57:19,537 fedbase.py run [line:318] INFO --------------Round 167--------------
2025-04-28 07:57:19,538 simple_logger.py log_once [line:14] INFO Current_time:428
2025-04-28 07:57:22,650 simple_logger.py log_once [line:28] INFO test_accuracy                 0.6949
2025-04-28 07:57:22,650 simple_logger.py log_once [line:28] INFO test_loss                     0.8456
2025-04-28 07:57:22,650 simple_logger.py log_once [line:28] INFO val_accuracy                  0.6924
2025-04-28 07:57:22,650 simple_logger.py log_once [line:28] INFO mean_val_accuracy             0.6924
2025-04-28 07:57:22,650 simple_logger.py log_once [line:28] INFO std_val_accuracy              0.0262
2025-04-28 07:57:22,650 simple_logger.py log_once [line:28] INFO val_loss                      0.8626
2025-04-28 07:57:22,650 simple_logger.py log_once [line:28] INFO mean_val_loss                 0.8626
2025-04-28 07:57:22,650 simple_logger.py log_once [line:28] INFO std_val_loss                  0.0575
2025-04-28 07:57:22,650 fedbase.py run [line:323] INFO expense           2334607310.0
2025-04-28 07:57:22,650 fedbase.py run [line:324] INFO Eval Time Cost:               3.1123s
2025-04-28 07:57:22,650 asyncbase.py iterate [line:68] INFO Select clients [0, 1, 2, 3, 4, 5, 6, 7, 8, 9, 10, 11, 12, 13, 14, 15, 16, 17, 18, 19] at time 429.
2025-04-28 07:59:30,689 asyncbase.py iterate [line:73] INFO Receive new models from clients [1, 2, 12, 7, 14, 9, 4, 0, 13, 6, 11, 8, 10, 17, 3, 16, 19, 5, 15, 18] at time 430
2025-04-28 07:59:31,254 fedbase.py run [line:318] INFO --------------Round 168--------------
2025-04-28 07:59:31,255 simple_logger.py log_once [line:14] INFO Current_time:430
2025-04-28 07:59:34,366 simple_logger.py log_once [line:28] INFO test_accuracy                 0.6951
2025-04-28 07:59:34,366 simple_logger.py log_once [line:28] INFO test_loss                     0.8458
2025-04-28 07:59:34,366 simple_logger.py log_once [line:28] INFO val_accuracy                  0.6950
2025-04-28 07:59:34,366 simple_logger.py log_once [line:28] INFO mean_val_accuracy             0.6950
2025-04-28 07:59:34,366 simple_logger.py log_once [line:28] INFO std_val_accuracy              0.0245
2025-04-28 07:59:34,366 simple_logger.py log_once [line:28] INFO val_loss                      0.8625
2025-04-28 07:59:34,366 simple_logger.py log_once [line:28] INFO mean_val_loss                 0.8625
2025-04-28 07:59:34,366 simple_logger.py log_once [line:28] INFO std_val_loss                  0.0550
2025-04-28 07:59:34,366 fedbase.py run [line:323] INFO expense           2339038510.0
2025-04-28 07:59:34,366 fedbase.py run [line:324] INFO Eval Time Cost:               3.1112s
2025-04-28 07:59:34,366 asyncbase.py iterate [line:68] INFO Select clients [0, 1, 2, 3, 4, 5, 6, 7, 8, 9, 10, 11, 12, 13, 14, 15, 16, 17, 18, 19] at time 431.
2025-04-28 08:00:08,458 asyncbase.py iterate [line:73] INFO Receive new models from clients [13, 2, 12, 3, 15, 8, 4, 5, 18, 1, 6, 14, 7, 17, 9, 10, 19, 11, 16, 0] at time 432
2025-04-28 08:00:14,118 fedbase.py run [line:318] INFO --------------Round 169--------------
2025-04-28 08:00:14,119 simple_logger.py log_once [line:14] INFO Current_time:432
2025-04-28 08:00:17,255 simple_logger.py log_once [line:28] INFO test_accuracy                 0.6998
2025-04-28 08:00:17,255 simple_logger.py log_once [line:28] INFO test_loss                     0.8314
2025-04-28 08:00:17,255 simple_logger.py log_once [line:28] INFO val_accuracy                  0.6896
2025-04-28 08:00:17,255 simple_logger.py log_once [line:28] INFO mean_val_accuracy             0.6896
2025-04-28 08:00:17,255 simple_logger.py log_once [line:28] INFO std_val_accuracy              0.0260
2025-04-28 08:00:17,255 simple_logger.py log_once [line:28] INFO val_loss                      0.8500
2025-04-28 08:00:17,255 simple_logger.py log_once [line:28] INFO mean_val_loss                 0.8500
2025-04-28 08:00:17,255 simple_logger.py log_once [line:28] INFO std_val_loss                  0.0575
2025-04-28 08:00:17,255 fedbase.py run [line:323] INFO expense           2394908320.0
2025-04-28 08:00:17,255 fedbase.py run [line:324] INFO Eval Time Cost:               3.1363s
2025-04-28 08:00:17,256 asyncbase.py iterate [line:68] INFO Select clients [0, 1, 2, 3, 4, 5, 6, 7, 8, 9, 10, 11, 12, 13, 14, 15, 16, 17, 18, 19] at time 433.
2025-04-28 08:02:22,096 asyncbase.py iterate [line:73] INFO Receive new models from clients [10, 17, 15, 4, 3, 5, 13, 0, 11, 1, 8, 9, 16] at time 436
2025-04-28 08:02:22,096 asyncbase.py iterate [line:73] INFO Receive new models from clients [7, 2, 6, 19, 12, 18, 14] at time 437
2025-04-28 08:02:22,644 fedbase.py run [line:318] INFO --------------Round 170--------------
2025-04-28 08:02:22,644 simple_logger.py log_once [line:14] INFO Current_time:437
2025-04-28 08:02:25,737 simple_logger.py log_once [line:28] INFO test_accuracy                 0.6977
2025-04-28 08:02:25,737 simple_logger.py log_once [line:28] INFO test_loss                     0.8359
2025-04-28 08:02:25,737 simple_logger.py log_once [line:28] INFO val_accuracy                  0.6892
2025-04-28 08:02:25,737 simple_logger.py log_once [line:28] INFO mean_val_accuracy             0.6892
2025-04-28 08:02:25,737 simple_logger.py log_once [line:28] INFO std_val_accuracy              0.0268
2025-04-28 08:02:25,737 simple_logger.py log_once [line:28] INFO val_loss                      0.8530
2025-04-28 08:02:25,737 simple_logger.py log_once [line:28] INFO mean_val_loss                 0.8530
2025-04-28 08:02:25,737 simple_logger.py log_once [line:28] INFO std_val_loss                  0.0536
2025-04-28 08:02:25,737 fedbase.py run [line:323] INFO expense           2399339520.0
2025-04-28 08:02:25,737 fedbase.py run [line:324] INFO Eval Time Cost:               3.0931s
2025-04-28 08:02:25,737 asyncbase.py iterate [line:68] INFO Select clients [0, 1, 2, 3, 4, 5, 6, 7, 8, 9, 10, 11, 12, 13, 14, 15, 16, 17, 18, 19] at time 438.
2025-04-28 08:04:29,462 asyncbase.py iterate [line:73] INFO Receive new models from clients [17, 7, 13, 9, 11, 3, 0, 12, 2, 15, 5, 18, 8, 16, 1, 4, 19, 14, 10, 6] at time 439
2025-04-28 08:04:30,034 fedbase.py run [line:318] INFO --------------Round 171--------------
2025-04-28 08:04:30,035 simple_logger.py log_once [line:14] INFO Current_time:439
2025-04-28 08:04:33,185 simple_logger.py log_once [line:28] INFO test_accuracy                 0.7001
2025-04-28 08:04:33,185 simple_logger.py log_once [line:28] INFO test_loss                     0.8304
2025-04-28 08:04:33,185 simple_logger.py log_once [line:28] INFO val_accuracy                  0.6942
2025-04-28 08:04:33,186 simple_logger.py log_once [line:28] INFO mean_val_accuracy             0.6942
2025-04-28 08:04:33,186 simple_logger.py log_once [line:28] INFO std_val_accuracy              0.0241
2025-04-28 08:04:33,186 simple_logger.py log_once [line:28] INFO val_loss                      0.8484
2025-04-28 08:04:33,186 simple_logger.py log_once [line:28] INFO mean_val_loss                 0.8484
2025-04-28 08:04:33,186 simple_logger.py log_once [line:28] INFO std_val_loss                  0.0551
2025-04-28 08:04:33,186 fedbase.py run [line:323] INFO expense           2403770720.0
2025-04-28 08:04:33,186 fedbase.py run [line:324] INFO Eval Time Cost:               3.1511s
2025-04-28 08:04:33,186 asyncbase.py iterate [line:68] INFO Select clients [0, 1, 2, 3, 4, 5, 6, 7, 8, 9, 10, 11, 12, 13, 14, 15, 16, 17, 18, 19] at time 440.
2025-04-28 08:06:36,474 asyncbase.py iterate [line:73] INFO Receive new models from clients [0, 18, 15, 11, 10, 12, 19, 2, 16, 4, 6, 13, 3, 17, 7, 14, 1, 5, 8, 9] at time 441
2025-04-28 08:06:36,971 fedbase.py run [line:318] INFO --------------Round 172--------------
2025-04-28 08:06:36,972 simple_logger.py log_once [line:14] INFO Current_time:441
2025-04-28 08:06:40,065 simple_logger.py log_once [line:28] INFO test_accuracy                 0.7005
2025-04-28 08:06:40,065 simple_logger.py log_once [line:28] INFO test_loss                     0.8340
2025-04-28 08:06:40,066 simple_logger.py log_once [line:28] INFO val_accuracy                  0.6898
2025-04-28 08:06:40,066 simple_logger.py log_once [line:28] INFO mean_val_accuracy             0.6898
2025-04-28 08:06:40,066 simple_logger.py log_once [line:28] INFO std_val_accuracy              0.0246
2025-04-28 08:06:40,066 simple_logger.py log_once [line:28] INFO val_loss                      0.8517
2025-04-28 08:06:40,066 simple_logger.py log_once [line:28] INFO mean_val_loss                 0.8517
2025-04-28 08:06:40,066 simple_logger.py log_once [line:28] INFO std_val_loss                  0.0535
2025-04-28 08:06:40,066 fedbase.py run [line:323] INFO expense           2408201920.0
2025-04-28 08:06:40,066 fedbase.py run [line:324] INFO Eval Time Cost:               3.0943s
2025-04-28 08:06:40,066 asyncbase.py iterate [line:68] INFO Select clients [0, 1, 2, 3, 4, 5, 6, 7, 8, 9, 10, 11, 12, 13, 14, 15, 16, 17, 18, 19] at time 442.
2025-04-28 08:08:40,804 asyncbase.py iterate [line:73] INFO Receive new models from clients [10, 4, 2, 9, 13, 7, 0, 16, 5, 19, 15, 3, 12, 14, 1, 6, 18, 8, 17, 11] at time 443
2025-04-28 08:08:41,343 fedbase.py run [line:318] INFO --------------Round 173--------------
2025-04-28 08:08:41,343 simple_logger.py log_once [line:14] INFO Current_time:443
2025-04-28 08:08:44,404 simple_logger.py log_once [line:28] INFO test_accuracy                 0.7007
2025-04-28 08:08:44,404 simple_logger.py log_once [line:28] INFO test_loss                     0.8290
2025-04-28 08:08:44,404 simple_logger.py log_once [line:28] INFO val_accuracy                  0.6966
2025-04-28 08:08:44,404 simple_logger.py log_once [line:28] INFO mean_val_accuracy             0.6966
2025-04-28 08:08:44,404 simple_logger.py log_once [line:28] INFO std_val_accuracy              0.0255
2025-04-28 08:08:44,404 simple_logger.py log_once [line:28] INFO val_loss                      0.8438
2025-04-28 08:08:44,404 simple_logger.py log_once [line:28] INFO mean_val_loss                 0.8438
2025-04-28 08:08:44,405 simple_logger.py log_once [line:28] INFO std_val_loss                  0.0533
2025-04-28 08:08:44,405 fedbase.py run [line:323] INFO expense           2412633120.0
2025-04-28 08:08:44,405 fedbase.py run [line:324] INFO Eval Time Cost:               3.0613s
2025-04-28 08:08:44,405 asyncbase.py iterate [line:68] INFO Select clients [0, 1, 2, 3, 4, 5, 6, 7, 8, 9, 10, 11, 12, 13, 14, 15, 16, 17, 18, 19] at time 444.
2025-04-28 08:10:48,391 asyncbase.py iterate [line:73] INFO Receive new models from clients [7, 18, 16, 10, 2, 19, 3, 11, 1, 12, 14, 13, 4, 0, 6, 15, 5, 8, 17, 9] at time 445
2025-04-28 08:10:48,920 fedbase.py run [line:318] INFO --------------Round 174--------------
2025-04-28 08:10:48,920 simple_logger.py log_once [line:14] INFO Current_time:445
2025-04-28 08:10:52,009 simple_logger.py log_once [line:28] INFO test_accuracy                 0.6946
2025-04-28 08:10:52,009 simple_logger.py log_once [line:28] INFO test_loss                     0.8470
2025-04-28 08:10:52,009 simple_logger.py log_once [line:28] INFO val_accuracy                  0.6926
2025-04-28 08:10:52,009 simple_logger.py log_once [line:28] INFO mean_val_accuracy             0.6926
2025-04-28 08:10:52,009 simple_logger.py log_once [line:28] INFO std_val_accuracy              0.0241
2025-04-28 08:10:52,009 simple_logger.py log_once [line:28] INFO val_loss                      0.8600
2025-04-28 08:10:52,009 simple_logger.py log_once [line:28] INFO mean_val_loss                 0.8600
2025-04-28 08:10:52,009 simple_logger.py log_once [line:28] INFO std_val_loss                  0.0556
2025-04-28 08:10:52,009 fedbase.py run [line:323] INFO expense           2417064320.0
2025-04-28 08:10:52,009 fedbase.py run [line:324] INFO Eval Time Cost:               3.0891s
2025-04-28 08:10:52,010 asyncbase.py iterate [line:68] INFO Select clients [0, 1, 2, 3, 4, 5, 6, 7, 8, 9, 10, 11, 12, 13, 14, 15, 16, 17, 18, 19] at time 446.
2025-04-28 08:12:53,036 asyncbase.py iterate [line:73] INFO Receive new models from clients [15, 2, 9, 13, 14, 7, 1, 11, 0, 12, 16, 8, 5, 19, 3, 10, 4, 18, 6, 17] at time 447
2025-04-28 08:12:53,554 fedbase.py run [line:318] INFO --------------Round 175--------------
2025-04-28 08:12:53,555 simple_logger.py log_once [line:14] INFO Current_time:447
2025-04-28 08:12:56,679 simple_logger.py log_once [line:28] INFO test_accuracy                 0.7019
2025-04-28 08:12:56,679 simple_logger.py log_once [line:28] INFO test_loss                     0.8296
2025-04-28 08:12:56,679 simple_logger.py log_once [line:28] INFO val_accuracy                  0.6988
2025-04-28 08:12:56,679 simple_logger.py log_once [line:28] INFO mean_val_accuracy             0.6988
2025-04-28 08:12:56,679 simple_logger.py log_once [line:28] INFO std_val_accuracy              0.0239
2025-04-28 08:12:56,679 simple_logger.py log_once [line:28] INFO val_loss                      0.8456
2025-04-28 08:12:56,679 simple_logger.py log_once [line:28] INFO mean_val_loss                 0.8456
2025-04-28 08:12:56,680 simple_logger.py log_once [line:28] INFO std_val_loss                  0.0547
2025-04-28 08:12:56,680 fedbase.py run [line:323] INFO expense           2421495520.0
2025-04-28 08:12:56,680 fedbase.py run [line:324] INFO Eval Time Cost:               3.1247s
2025-04-28 08:12:56,680 asyncbase.py iterate [line:68] INFO Select clients [0, 1, 2, 3, 4, 5, 6, 7, 8, 9, 10, 11, 12, 13, 14, 15, 16, 17, 18, 19] at time 448.
2025-04-28 08:14:57,653 asyncbase.py iterate [line:73] INFO Receive new models from clients [8, 3, 2, 13, 19, 14, 18, 5, 9, 15, 0, 17, 11, 16, 4, 7, 1, 12, 6, 10] at time 449
2025-04-28 08:14:58,250 fedbase.py run [line:318] INFO --------------Round 176--------------
2025-04-28 08:14:58,251 simple_logger.py log_once [line:14] INFO Current_time:449
2025-04-28 08:15:01,618 simple_logger.py log_once [line:28] INFO test_accuracy                 0.7004
2025-04-28 08:15:01,618 simple_logger.py log_once [line:28] INFO test_loss                     0.8300
2025-04-28 08:15:01,618 simple_logger.py log_once [line:28] INFO val_accuracy                  0.7002
2025-04-28 08:15:01,618 simple_logger.py log_once [line:28] INFO mean_val_accuracy             0.7002
2025-04-28 08:15:01,619 simple_logger.py log_once [line:28] INFO std_val_accuracy              0.0266
2025-04-28 08:15:01,619 simple_logger.py log_once [line:28] INFO val_loss                      0.8460
2025-04-28 08:15:01,619 simple_logger.py log_once [line:28] INFO mean_val_loss                 0.8460
2025-04-28 08:15:01,619 simple_logger.py log_once [line:28] INFO std_val_loss                  0.0558
2025-04-28 08:15:01,619 fedbase.py run [line:323] INFO expense           2425926720.0
2025-04-28 08:15:01,619 fedbase.py run [line:324] INFO Eval Time Cost:               3.3680s
2025-04-28 08:15:01,619 asyncbase.py iterate [line:68] INFO Select clients [0, 1, 2, 3, 4, 5, 6, 7, 8, 9, 10, 11, 12, 13, 14, 15, 16, 17, 18, 19] at time 450.
2025-04-28 08:17:05,540 asyncbase.py iterate [line:73] INFO Receive new models from clients [2, 10, 14, 9, 3, 17, 5, 4, 11, 16, 19, 18, 0, 8, 7, 15, 6, 1, 12, 13] at time 451
2025-04-28 08:17:06,061 fedbase.py run [line:318] INFO --------------Round 177--------------
2025-04-28 08:17:06,061 simple_logger.py log_once [line:14] INFO Current_time:451
2025-04-28 08:17:09,252 simple_logger.py log_once [line:28] INFO test_accuracy                 0.6993
2025-04-28 08:17:09,252 simple_logger.py log_once [line:28] INFO test_loss                     0.8385
2025-04-28 08:17:09,252 simple_logger.py log_once [line:28] INFO val_accuracy                  0.6962
2025-04-28 08:17:09,252 simple_logger.py log_once [line:28] INFO mean_val_accuracy             0.6962
2025-04-28 08:17:09,252 simple_logger.py log_once [line:28] INFO std_val_accuracy              0.0240
2025-04-28 08:17:09,252 simple_logger.py log_once [line:28] INFO val_loss                      0.8518
2025-04-28 08:17:09,252 simple_logger.py log_once [line:28] INFO mean_val_loss                 0.8518
2025-04-28 08:17:09,252 simple_logger.py log_once [line:28] INFO std_val_loss                  0.0545
2025-04-28 08:17:09,252 fedbase.py run [line:323] INFO expense           2430357920.0
2025-04-28 08:17:09,252 fedbase.py run [line:324] INFO Eval Time Cost:               3.1912s
2025-04-28 08:17:09,253 asyncbase.py iterate [line:68] INFO Select clients [0, 1, 2, 3, 4, 5, 6, 7, 8, 9, 10, 11, 12, 13, 14, 15, 16, 17, 18, 19] at time 452.
2025-04-28 08:19:15,745 asyncbase.py iterate [line:73] INFO Receive new models from clients [6, 5, 17, 3, 10, 13, 11, 14, 1, 16, 8, 2, 12, 19, 15, 9, 4, 7, 18, 0] at time 453
2025-04-28 08:19:16,306 fedbase.py run [line:318] INFO --------------Round 178--------------
2025-04-28 08:19:16,306 simple_logger.py log_once [line:14] INFO Current_time:453
2025-04-28 08:19:19,444 simple_logger.py log_once [line:28] INFO test_accuracy                 0.7044
2025-04-28 08:19:19,445 simple_logger.py log_once [line:28] INFO test_loss                     0.8274
2025-04-28 08:19:19,445 simple_logger.py log_once [line:28] INFO val_accuracy                  0.6986
2025-04-28 08:19:19,445 simple_logger.py log_once [line:28] INFO mean_val_accuracy             0.6986
2025-04-28 08:19:19,445 simple_logger.py log_once [line:28] INFO std_val_accuracy              0.0255
2025-04-28 08:19:19,445 simple_logger.py log_once [line:28] INFO val_loss                      0.8425
2025-04-28 08:19:19,445 simple_logger.py log_once [line:28] INFO mean_val_loss                 0.8425
2025-04-28 08:19:19,445 simple_logger.py log_once [line:28] INFO std_val_loss                  0.0546
2025-04-28 08:19:19,445 fedbase.py run [line:323] INFO expense           2434789120.0
2025-04-28 08:19:19,445 fedbase.py run [line:324] INFO Eval Time Cost:               3.1388s
2025-04-28 08:19:19,445 asyncbase.py iterate [line:68] INFO Select clients [0, 1, 2, 3, 4, 5, 6, 7, 8, 9, 10, 11, 12, 13, 14, 15, 16, 17, 18, 19] at time 454.
2025-04-28 08:21:24,205 asyncbase.py iterate [line:73] INFO Receive new models from clients [11, 8, 16, 17, 3, 0, 14, 2, 1, 6, 12, 19, 13, 4, 10, 18, 9, 7, 15, 5] at time 455
2025-04-28 08:21:24,671 fedbase.py run [line:318] INFO --------------Round 179--------------
2025-04-28 08:21:24,671 simple_logger.py log_once [line:14] INFO Current_time:455
2025-04-28 08:21:27,741 simple_logger.py log_once [line:28] INFO test_accuracy                 0.6999
2025-04-28 08:21:27,742 simple_logger.py log_once [line:28] INFO test_loss                     0.8302
2025-04-28 08:21:27,742 simple_logger.py log_once [line:28] INFO val_accuracy                  0.6996
2025-04-28 08:21:27,742 simple_logger.py log_once [line:28] INFO mean_val_accuracy             0.6996
2025-04-28 08:21:27,742 simple_logger.py log_once [line:28] INFO std_val_accuracy              0.0254
2025-04-28 08:21:27,742 simple_logger.py log_once [line:28] INFO val_loss                      0.8439
2025-04-28 08:21:27,742 simple_logger.py log_once [line:28] INFO mean_val_loss                 0.8439
2025-04-28 08:21:27,742 simple_logger.py log_once [line:28] INFO std_val_loss                  0.0550
2025-04-28 08:21:27,742 fedbase.py run [line:323] INFO expense           2439220320.0
2025-04-28 08:21:27,742 fedbase.py run [line:324] INFO Eval Time Cost:               3.0707s
2025-04-28 08:21:27,742 asyncbase.py iterate [line:68] INFO Select clients [0, 1, 2, 3, 4, 5, 6, 7, 8, 9, 10, 11, 12, 13, 14, 15, 16, 17, 18, 19] at time 456.
2025-04-28 08:23:36,862 asyncbase.py iterate [line:73] INFO Receive new models from clients [19, 17, 0, 9, 16, 12, 10, 7, 18, 6, 5, 2, 1, 8, 11, 3, 4, 15, 14, 13] at time 457
2025-04-28 08:23:37,424 fedbase.py run [line:318] INFO --------------Round 180--------------
2025-04-28 08:23:37,425 simple_logger.py log_once [line:14] INFO Current_time:457
2025-04-28 08:23:40,479 simple_logger.py log_once [line:28] INFO test_accuracy                 0.7070
2025-04-28 08:23:40,479 simple_logger.py log_once [line:28] INFO test_loss                     0.8231
2025-04-28 08:23:40,479 simple_logger.py log_once [line:28] INFO val_accuracy                  0.6992
2025-04-28 08:23:40,479 simple_logger.py log_once [line:28] INFO mean_val_accuracy             0.6992
2025-04-28 08:23:40,479 simple_logger.py log_once [line:28] INFO std_val_accuracy              0.0280
2025-04-28 08:23:40,479 simple_logger.py log_once [line:28] INFO val_loss                      0.8388
2025-04-28 08:23:40,479 simple_logger.py log_once [line:28] INFO mean_val_loss                 0.8388
2025-04-28 08:23:40,479 simple_logger.py log_once [line:28] INFO std_val_loss                  0.0540
2025-04-28 08:23:40,479 fedbase.py run [line:323] INFO expense           2443651520.0
2025-04-28 08:23:40,479 fedbase.py run [line:324] INFO Eval Time Cost:               3.0547s
2025-04-28 08:23:40,480 asyncbase.py iterate [line:68] INFO Select clients [0, 1, 2, 3, 4, 5, 6, 7, 8, 9, 10, 11, 12, 13, 14, 15, 16, 17, 18, 19] at time 458.
2025-04-28 08:25:46,287 asyncbase.py iterate [line:73] INFO Receive new models from clients [3, 5, 15, 9, 8, 12, 6, 7, 2, 16, 0, 1, 17, 4, 18, 13, 14, 19, 11, 10] at time 459
2025-04-28 08:25:46,829 fedbase.py run [line:318] INFO --------------Round 181--------------
2025-04-28 08:25:46,830 simple_logger.py log_once [line:14] INFO Current_time:459
2025-04-28 08:25:49,924 simple_logger.py log_once [line:28] INFO test_accuracy                 0.7056
2025-04-28 08:25:49,924 simple_logger.py log_once [line:28] INFO test_loss                     0.8261
2025-04-28 08:25:49,924 simple_logger.py log_once [line:28] INFO val_accuracy                  0.6992
2025-04-28 08:25:49,924 simple_logger.py log_once [line:28] INFO mean_val_accuracy             0.6992
2025-04-28 08:25:49,924 simple_logger.py log_once [line:28] INFO std_val_accuracy              0.0244
2025-04-28 08:25:49,924 simple_logger.py log_once [line:28] INFO val_loss                      0.8453
2025-04-28 08:25:49,924 simple_logger.py log_once [line:28] INFO mean_val_loss                 0.8453
2025-04-28 08:25:49,924 simple_logger.py log_once [line:28] INFO std_val_loss                  0.0518
2025-04-28 08:25:49,924 fedbase.py run [line:323] INFO expense           2448082720.0
2025-04-28 08:25:49,925 fedbase.py run [line:324] INFO Eval Time Cost:               3.0948s
2025-04-28 08:25:49,925 asyncbase.py iterate [line:68] INFO Select clients [0, 1, 2, 3, 4, 5, 6, 7, 8, 9, 10, 11, 12, 13, 14, 15, 16, 17, 18, 19] at time 460.
2025-04-28 08:27:50,138 asyncbase.py iterate [line:73] INFO Receive new models from clients [19, 14, 15, 5, 11, 3, 9, 2, 12, 0, 6, 13, 10, 7, 8, 1, 18, 16, 17, 4] at time 461
2025-04-28 08:27:50,640 fedbase.py run [line:318] INFO --------------Round 182--------------
2025-04-28 08:27:50,641 simple_logger.py log_once [line:14] INFO Current_time:461
2025-04-28 08:27:53,839 simple_logger.py log_once [line:28] INFO test_accuracy                 0.7015
2025-04-28 08:27:53,839 simple_logger.py log_once [line:28] INFO test_loss                     0.8380
2025-04-28 08:27:53,839 simple_logger.py log_once [line:28] INFO val_accuracy                  0.6932
2025-04-28 08:27:53,839 simple_logger.py log_once [line:28] INFO mean_val_accuracy             0.6932
2025-04-28 08:27:53,839 simple_logger.py log_once [line:28] INFO std_val_accuracy              0.0229
2025-04-28 08:27:53,839 simple_logger.py log_once [line:28] INFO val_loss                      0.8505
2025-04-28 08:27:53,840 simple_logger.py log_once [line:28] INFO mean_val_loss                 0.8505
2025-04-28 08:27:53,840 simple_logger.py log_once [line:28] INFO std_val_loss                  0.0550
2025-04-28 08:27:53,840 fedbase.py run [line:323] INFO expense           2452513920.0
2025-04-28 08:27:53,840 fedbase.py run [line:324] INFO Eval Time Cost:               3.1990s
2025-04-28 08:27:53,840 asyncbase.py iterate [line:68] INFO Select clients [0, 1, 2, 3, 4, 5, 6, 7, 8, 9, 10, 11, 12, 13, 14, 15, 16, 17, 18, 19] at time 462.
2025-04-28 08:29:59,401 asyncbase.py iterate [line:73] INFO Receive new models from clients [6, 19, 14, 11, 5, 9, 18, 0, 1, 16, 10, 13, 2, 4, 3, 15, 17, 7, 12, 8] at time 463
2025-04-28 08:29:59,960 fedbase.py run [line:318] INFO --------------Round 183--------------
2025-04-28 08:29:59,961 simple_logger.py log_once [line:14] INFO Current_time:463
2025-04-28 08:30:03,091 simple_logger.py log_once [line:28] INFO test_accuracy                 0.7006
2025-04-28 08:30:03,091 simple_logger.py log_once [line:28] INFO test_loss                     0.8312
2025-04-28 08:30:03,091 simple_logger.py log_once [line:28] INFO val_accuracy                  0.6944
2025-04-28 08:30:03,091 simple_logger.py log_once [line:28] INFO mean_val_accuracy             0.6944
2025-04-28 08:30:03,091 simple_logger.py log_once [line:28] INFO std_val_accuracy              0.0250
2025-04-28 08:30:03,091 simple_logger.py log_once [line:28] INFO val_loss                      0.8475
2025-04-28 08:30:03,091 simple_logger.py log_once [line:28] INFO mean_val_loss                 0.8475
2025-04-28 08:30:03,091 simple_logger.py log_once [line:28] INFO std_val_loss                  0.0548
2025-04-28 08:30:03,091 fedbase.py run [line:323] INFO expense           2456945120.0
2025-04-28 08:30:03,091 fedbase.py run [line:324] INFO Eval Time Cost:               3.1307s
2025-04-28 08:30:03,092 asyncbase.py iterate [line:68] INFO Select clients [0, 1, 2, 3, 4, 5, 6, 7, 8, 9, 10, 11, 12, 13, 14, 15, 16, 17, 18, 19] at time 464.
2025-04-28 08:32:03,064 asyncbase.py iterate [line:73] INFO Receive new models from clients [19, 5, 15, 9, 13, 2, 11, 16, 6, 17, 7, 8, 3, 18, 0, 14, 12, 4, 1, 10] at time 465
2025-04-28 08:32:03,627 fedbase.py run [line:318] INFO --------------Round 184--------------
2025-04-28 08:32:03,627 simple_logger.py log_once [line:14] INFO Current_time:465
2025-04-28 08:32:06,812 simple_logger.py log_once [line:28] INFO test_accuracy                 0.7041
2025-04-28 08:32:06,812 simple_logger.py log_once [line:28] INFO test_loss                     0.8283
2025-04-28 08:32:06,812 simple_logger.py log_once [line:28] INFO val_accuracy                  0.7024
2025-04-28 08:32:06,812 simple_logger.py log_once [line:28] INFO mean_val_accuracy             0.7024
2025-04-28 08:32:06,813 simple_logger.py log_once [line:28] INFO std_val_accuracy              0.0275
2025-04-28 08:32:06,813 simple_logger.py log_once [line:28] INFO val_loss                      0.8434
2025-04-28 08:32:06,813 simple_logger.py log_once [line:28] INFO mean_val_loss                 0.8434
2025-04-28 08:32:06,813 simple_logger.py log_once [line:28] INFO std_val_loss                  0.0543
2025-04-28 08:32:06,813 fedbase.py run [line:323] INFO expense           2461376320.0
2025-04-28 08:32:06,813 fedbase.py run [line:324] INFO Eval Time Cost:               3.1855s
2025-04-28 08:32:06,813 asyncbase.py iterate [line:68] INFO Select clients [0, 1, 2, 3, 4, 5, 6, 7, 8, 9, 10, 11, 12, 13, 14, 15, 16, 17, 18, 19] at time 466.
2025-04-28 08:32:41,339 asyncbase.py iterate [line:73] INFO Receive new models from clients [0, 11, 12, 3, 7, 13, 14, 18, 16, 5, 1, 6, 15, 17, 2, 10, 4, 19, 9, 8] at time 467
2025-04-28 08:32:47,376 fedbase.py run [line:318] INFO --------------Round 185--------------
2025-04-28 08:32:47,376 simple_logger.py log_once [line:14] INFO Current_time:467
2025-04-28 08:32:50,508 simple_logger.py log_once [line:28] INFO test_accuracy                 0.7025
2025-04-28 08:32:50,508 simple_logger.py log_once [line:28] INFO test_loss                     0.8248
2025-04-28 08:32:50,508 simple_logger.py log_once [line:28] INFO val_accuracy                  0.7002
2025-04-28 08:32:50,508 simple_logger.py log_once [line:28] INFO mean_val_accuracy             0.7002
2025-04-28 08:32:50,508 simple_logger.py log_once [line:28] INFO std_val_accuracy              0.0286
2025-04-28 08:32:50,508 simple_logger.py log_once [line:28] INFO val_loss                      0.8370
2025-04-28 08:32:50,508 simple_logger.py log_once [line:28] INFO mean_val_loss                 0.8370
2025-04-28 08:32:50,508 simple_logger.py log_once [line:28] INFO std_val_loss                  0.0616
2025-04-28 08:32:50,508 fedbase.py run [line:323] INFO expense           2517246130.0
2025-04-28 08:32:50,508 fedbase.py run [line:324] INFO Eval Time Cost:               3.1322s
2025-04-28 08:32:50,508 asyncbase.py iterate [line:68] INFO Select clients [0, 1, 2, 3, 4, 5, 6, 7, 8, 9, 10, 11, 12, 13, 14, 15, 16, 17, 18, 19] at time 468.
2025-04-28 08:34:54,191 asyncbase.py iterate [line:73] INFO Receive new models from clients [8, 10, 7, 18, 9, 14, 13, 2, 12, 15, 16, 17, 0, 11, 5] at time 471
2025-04-28 08:34:54,191 asyncbase.py iterate [line:73] INFO Receive new models from clients [1, 19, 6, 3, 4] at time 472
2025-04-28 08:34:54,727 fedbase.py run [line:318] INFO --------------Round 186--------------
2025-04-28 08:34:54,728 simple_logger.py log_once [line:14] INFO Current_time:472
2025-04-28 08:34:57,754 simple_logger.py log_once [line:28] INFO test_accuracy                 0.7059
2025-04-28 08:34:57,755 simple_logger.py log_once [line:28] INFO test_loss                     0.8250
2025-04-28 08:34:57,755 simple_logger.py log_once [line:28] INFO val_accuracy                  0.7030
2025-04-28 08:34:57,755 simple_logger.py log_once [line:28] INFO mean_val_accuracy             0.7030
2025-04-28 08:34:57,755 simple_logger.py log_once [line:28] INFO std_val_accuracy              0.0278
2025-04-28 08:34:57,755 simple_logger.py log_once [line:28] INFO val_loss                      0.8384
2025-04-28 08:34:57,755 simple_logger.py log_once [line:28] INFO mean_val_loss                 0.8384
2025-04-28 08:34:57,755 simple_logger.py log_once [line:28] INFO std_val_loss                  0.0587
2025-04-28 08:34:57,755 fedbase.py run [line:323] INFO expense           2521677330.0
2025-04-28 08:34:57,755 fedbase.py run [line:324] INFO Eval Time Cost:               3.0270s
2025-04-28 08:34:57,755 asyncbase.py iterate [line:68] INFO Select clients [0, 1, 2, 3, 4, 5, 6, 7, 8, 9, 10, 11, 12, 13, 14, 15, 16, 17, 18, 19] at time 473.
2025-04-28 08:36:53,061 asyncbase.py iterate [line:73] INFO Receive new models from clients [12, 19, 14, 4, 0, 2, 16, 3, 5, 17, 10, 6, 8, 1, 13, 11, 7, 18, 9, 15] at time 474
2025-04-28 08:36:53,540 fedbase.py run [line:318] INFO --------------Round 187--------------
2025-04-28 08:36:53,540 simple_logger.py log_once [line:14] INFO Current_time:474
2025-04-28 08:36:56,673 simple_logger.py log_once [line:28] INFO test_accuracy                 0.7069
2025-04-28 08:36:56,673 simple_logger.py log_once [line:28] INFO test_loss                     0.8179
2025-04-28 08:36:56,673 simple_logger.py log_once [line:28] INFO val_accuracy                  0.7058
2025-04-28 08:36:56,673 simple_logger.py log_once [line:28] INFO mean_val_accuracy             0.7058
2025-04-28 08:36:56,673 simple_logger.py log_once [line:28] INFO std_val_accuracy              0.0262
2025-04-28 08:36:56,673 simple_logger.py log_once [line:28] INFO val_loss                      0.8306
2025-04-28 08:36:56,673 simple_logger.py log_once [line:28] INFO mean_val_loss                 0.8306
2025-04-28 08:36:56,673 simple_logger.py log_once [line:28] INFO std_val_loss                  0.0558
2025-04-28 08:36:56,673 fedbase.py run [line:323] INFO expense           2526108530.0
2025-04-28 08:36:56,673 fedbase.py run [line:324] INFO Eval Time Cost:               3.1330s
2025-04-28 08:36:56,674 asyncbase.py iterate [line:68] INFO Select clients [0, 1, 2, 3, 4, 5, 6, 7, 8, 9, 10, 11, 12, 13, 14, 15, 16, 17, 18, 19] at time 475.
2025-04-28 08:38:46,645 asyncbase.py iterate [line:73] INFO Receive new models from clients [2, 9, 10, 5, 15, 19, 6, 4, 11, 1, 0, 14, 17, 3, 7, 12, 16, 13, 18, 8] at time 476
2025-04-28 08:38:47,169 fedbase.py run [line:318] INFO --------------Round 188--------------
2025-04-28 08:38:47,170 simple_logger.py log_once [line:14] INFO Current_time:476
2025-04-28 08:38:50,259 simple_logger.py log_once [line:28] INFO test_accuracy                 0.7057
2025-04-28 08:38:50,259 simple_logger.py log_once [line:28] INFO test_loss                     0.8216
2025-04-28 08:38:50,259 simple_logger.py log_once [line:28] INFO val_accuracy                  0.7016
2025-04-28 08:38:50,259 simple_logger.py log_once [line:28] INFO mean_val_accuracy             0.7016
2025-04-28 08:38:50,259 simple_logger.py log_once [line:28] INFO std_val_accuracy              0.0301
2025-04-28 08:38:50,259 simple_logger.py log_once [line:28] INFO val_loss                      0.8352
2025-04-28 08:38:50,259 simple_logger.py log_once [line:28] INFO mean_val_loss                 0.8352
2025-04-28 08:38:50,259 simple_logger.py log_once [line:28] INFO std_val_loss                  0.0564
2025-04-28 08:38:50,259 fedbase.py run [line:323] INFO expense           2530539730.0
2025-04-28 08:38:50,259 fedbase.py run [line:324] INFO Eval Time Cost:               3.0895s
2025-04-28 08:38:50,259 asyncbase.py iterate [line:68] INFO Select clients [0, 1, 2, 3, 4, 5, 6, 7, 8, 9, 10, 11, 12, 13, 14, 15, 16, 17, 18, 19] at time 477.
2025-04-28 08:40:41,812 asyncbase.py iterate [line:73] INFO Receive new models from clients [12, 1, 13, 18, 11, 4, 6, 0, 9, 7, 19, 17, 3, 14, 16, 10, 2, 15, 5, 8] at time 478
2025-04-28 08:40:42,298 fedbase.py run [line:318] INFO --------------Round 189--------------
2025-04-28 08:40:42,299 simple_logger.py log_once [line:14] INFO Current_time:478
2025-04-28 08:40:45,426 simple_logger.py log_once [line:28] INFO test_accuracy                 0.7082
2025-04-28 08:40:45,426 simple_logger.py log_once [line:28] INFO test_loss                     0.8175
2025-04-28 08:40:45,426 simple_logger.py log_once [line:28] INFO val_accuracy                  0.7070
2025-04-28 08:40:45,426 simple_logger.py log_once [line:28] INFO mean_val_accuracy             0.7070
2025-04-28 08:40:45,427 simple_logger.py log_once [line:28] INFO std_val_accuracy              0.0273
2025-04-28 08:40:45,427 simple_logger.py log_once [line:28] INFO val_loss                      0.8324
2025-04-28 08:40:45,427 simple_logger.py log_once [line:28] INFO mean_val_loss                 0.8324
2025-04-28 08:40:45,427 simple_logger.py log_once [line:28] INFO std_val_loss                  0.0558
2025-04-28 08:40:45,427 fedbase.py run [line:323] INFO expense           2534970930.0
2025-04-28 08:40:45,427 fedbase.py run [line:324] INFO Eval Time Cost:               3.1277s
2025-04-28 08:40:45,427 asyncbase.py iterate [line:68] INFO Select clients [0, 1, 2, 3, 4, 5, 6, 7, 8, 9, 10, 11, 12, 13, 14, 15, 16, 17, 18, 19] at time 479.
2025-04-28 08:42:38,005 asyncbase.py iterate [line:73] INFO Receive new models from clients [9, 13, 2, 0, 4, 14, 10, 16, 17, 8, 18, 6, 7, 15, 11, 1, 3, 5, 12, 19] at time 480
2025-04-28 08:42:38,469 fedbase.py run [line:318] INFO --------------Round 190--------------
2025-04-28 08:42:38,470 simple_logger.py log_once [line:14] INFO Current_time:480
2025-04-28 08:42:41,525 simple_logger.py log_once [line:28] INFO test_accuracy                 0.7082
2025-04-28 08:42:41,525 simple_logger.py log_once [line:28] INFO test_loss                     0.8169
2025-04-28 08:42:41,525 simple_logger.py log_once [line:28] INFO val_accuracy                  0.7072
2025-04-28 08:42:41,525 simple_logger.py log_once [line:28] INFO mean_val_accuracy             0.7072
2025-04-28 08:42:41,525 simple_logger.py log_once [line:28] INFO std_val_accuracy              0.0284
2025-04-28 08:42:41,525 simple_logger.py log_once [line:28] INFO val_loss                      0.8313
2025-04-28 08:42:41,526 simple_logger.py log_once [line:28] INFO mean_val_loss                 0.8313
2025-04-28 08:42:41,526 simple_logger.py log_once [line:28] INFO std_val_loss                  0.0555
2025-04-28 08:42:41,526 fedbase.py run [line:323] INFO expense           2539402130.0
2025-04-28 08:42:41,526 fedbase.py run [line:324] INFO Eval Time Cost:               3.0560s
2025-04-28 08:42:41,526 asyncbase.py iterate [line:68] INFO Select clients [0, 1, 2, 3, 4, 5, 6, 7, 8, 9, 10, 11, 12, 13, 14, 15, 16, 17, 18, 19] at time 481.
2025-04-28 08:44:30,665 asyncbase.py iterate [line:73] INFO Receive new models from clients [16, 2, 15, 8, 18, 3, 6, 9, 5, 0, 13, 11, 17, 1, 7, 4, 14, 10, 12, 19] at time 482
2025-04-28 08:44:31,140 fedbase.py run [line:318] INFO --------------Round 191--------------
2025-04-28 08:44:31,141 simple_logger.py log_once [line:14] INFO Current_time:482
2025-04-28 08:44:34,173 simple_logger.py log_once [line:28] INFO test_accuracy                 0.7077
2025-04-28 08:44:34,174 simple_logger.py log_once [line:28] INFO test_loss                     0.8155
2025-04-28 08:44:34,174 simple_logger.py log_once [line:28] INFO val_accuracy                  0.7094
2025-04-28 08:44:34,174 simple_logger.py log_once [line:28] INFO mean_val_accuracy             0.7094
2025-04-28 08:44:34,174 simple_logger.py log_once [line:28] INFO std_val_accuracy              0.0261
2025-04-28 08:44:34,174 simple_logger.py log_once [line:28] INFO val_loss                      0.8295
2025-04-28 08:44:34,174 simple_logger.py log_once [line:28] INFO mean_val_loss                 0.8295
2025-04-28 08:44:34,174 simple_logger.py log_once [line:28] INFO std_val_loss                  0.0541
2025-04-28 08:44:34,174 fedbase.py run [line:323] INFO expense           2543833330.0
2025-04-28 08:44:34,174 fedbase.py run [line:324] INFO Eval Time Cost:               3.0330s
2025-04-28 08:44:34,174 asyncbase.py iterate [line:68] INFO Select clients [0, 1, 2, 3, 4, 5, 6, 7, 8, 9, 10, 11, 12, 13, 14, 15, 16, 17, 18, 19] at time 483.
2025-04-28 08:46:29,467 asyncbase.py iterate [line:73] INFO Receive new models from clients [19, 1, 5, 10, 8, 7, 0, 13, 3, 9, 6, 4, 15, 2, 14, 18, 12, 11, 16, 17] at time 484
2025-04-28 08:46:29,957 fedbase.py run [line:318] INFO --------------Round 192--------------
2025-04-28 08:46:29,958 simple_logger.py log_once [line:14] INFO Current_time:484
2025-04-28 08:46:33,118 simple_logger.py log_once [line:28] INFO test_accuracy                 0.7105
2025-04-28 08:46:33,118 simple_logger.py log_once [line:28] INFO test_loss                     0.8167
2025-04-28 08:46:33,118 simple_logger.py log_once [line:28] INFO val_accuracy                  0.7078
2025-04-28 08:46:33,118 simple_logger.py log_once [line:28] INFO mean_val_accuracy             0.7078
2025-04-28 08:46:33,118 simple_logger.py log_once [line:28] INFO std_val_accuracy              0.0304
2025-04-28 08:46:33,118 simple_logger.py log_once [line:28] INFO val_loss                      0.8305
2025-04-28 08:46:33,118 simple_logger.py log_once [line:28] INFO mean_val_loss                 0.8305
2025-04-28 08:46:33,118 simple_logger.py log_once [line:28] INFO std_val_loss                  0.0564
2025-04-28 08:46:33,118 fedbase.py run [line:323] INFO expense           2548264530.0
2025-04-28 08:46:33,118 fedbase.py run [line:324] INFO Eval Time Cost:               3.1604s
2025-04-28 08:46:33,118 asyncbase.py iterate [line:68] INFO Select clients [0, 1, 2, 3, 4, 5, 6, 7, 8, 9, 10, 11, 12, 13, 14, 15, 16, 17, 18, 19] at time 485.
2025-04-28 08:48:24,616 asyncbase.py iterate [line:73] INFO Receive new models from clients [12, 4, 16, 9, 0, 2, 13, 19, 6, 11, 14, 1, 8, 17, 15, 5, 3, 7, 18, 10] at time 486
2025-04-28 08:48:25,177 fedbase.py run [line:318] INFO --------------Round 193--------------
2025-04-28 08:48:25,178 simple_logger.py log_once [line:14] INFO Current_time:486
2025-04-28 08:48:28,262 simple_logger.py log_once [line:28] INFO test_accuracy                 0.7023
2025-04-28 08:48:28,262 simple_logger.py log_once [line:28] INFO test_loss                     0.8245
2025-04-28 08:48:28,262 simple_logger.py log_once [line:28] INFO val_accuracy                  0.7042
2025-04-28 08:48:28,262 simple_logger.py log_once [line:28] INFO mean_val_accuracy             0.7042
2025-04-28 08:48:28,262 simple_logger.py log_once [line:28] INFO std_val_accuracy              0.0267
2025-04-28 08:48:28,262 simple_logger.py log_once [line:28] INFO val_loss                      0.8358
2025-04-28 08:48:28,262 simple_logger.py log_once [line:28] INFO mean_val_loss                 0.8358
2025-04-28 08:48:28,262 simple_logger.py log_once [line:28] INFO std_val_loss                  0.0583
2025-04-28 08:48:28,262 fedbase.py run [line:323] INFO expense           2552695730.0
2025-04-28 08:48:28,262 fedbase.py run [line:324] INFO Eval Time Cost:               3.0842s
2025-04-28 08:48:28,262 asyncbase.py iterate [line:68] INFO Select clients [0, 1, 2, 3, 4, 5, 6, 7, 8, 9, 10, 11, 12, 13, 14, 15, 16, 17, 18, 19] at time 487.
2025-04-28 08:50:17,207 asyncbase.py iterate [line:73] INFO Receive new models from clients [0, 4, 5, 14, 19, 9, 15, 3, 2, 17, 6, 11, 16, 7, 1, 12, 13, 10, 8, 18] at time 488
2025-04-28 08:50:17,681 fedbase.py run [line:318] INFO --------------Round 194--------------
2025-04-28 08:50:17,682 simple_logger.py log_once [line:14] INFO Current_time:488
2025-04-28 08:50:20,736 simple_logger.py log_once [line:28] INFO test_accuracy                 0.7043
2025-04-28 08:50:20,736 simple_logger.py log_once [line:28] INFO test_loss                     0.8235
2025-04-28 08:50:20,736 simple_logger.py log_once [line:28] INFO val_accuracy                  0.7032
2025-04-28 08:50:20,736 simple_logger.py log_once [line:28] INFO mean_val_accuracy             0.7032
2025-04-28 08:50:20,736 simple_logger.py log_once [line:28] INFO std_val_accuracy              0.0253
2025-04-28 08:50:20,736 simple_logger.py log_once [line:28] INFO val_loss                      0.8344
2025-04-28 08:50:20,736 simple_logger.py log_once [line:28] INFO mean_val_loss                 0.8344
2025-04-28 08:50:20,737 simple_logger.py log_once [line:28] INFO std_val_loss                  0.0578
2025-04-28 08:50:20,737 fedbase.py run [line:323] INFO expense           2557126930.0
2025-04-28 08:50:20,737 fedbase.py run [line:324] INFO Eval Time Cost:               3.0546s
2025-04-28 08:50:20,737 asyncbase.py iterate [line:68] INFO Select clients [0, 1, 2, 3, 4, 5, 6, 7, 8, 9, 10, 11, 12, 13, 14, 15, 16, 17, 18, 19] at time 489.
2025-04-28 08:52:12,683 asyncbase.py iterate [line:73] INFO Receive new models from clients [0, 3, 4, 19, 13, 1, 17, 6, 5, 15, 8, 2, 7, 10, 16, 14, 18, 9, 11, 12] at time 490
2025-04-28 08:52:13,195 fedbase.py run [line:318] INFO --------------Round 195--------------
2025-04-28 08:52:13,195 simple_logger.py log_once [line:14] INFO Current_time:490
2025-04-28 08:52:16,308 simple_logger.py log_once [line:28] INFO test_accuracy                 0.7089
2025-04-28 08:52:16,309 simple_logger.py log_once [line:28] INFO test_loss                     0.8131
2025-04-28 08:52:16,309 simple_logger.py log_once [line:28] INFO val_accuracy                  0.7090
2025-04-28 08:52:16,309 simple_logger.py log_once [line:28] INFO mean_val_accuracy             0.7090
2025-04-28 08:52:16,309 simple_logger.py log_once [line:28] INFO std_val_accuracy              0.0303
2025-04-28 08:52:16,309 simple_logger.py log_once [line:28] INFO val_loss                      0.8244
2025-04-28 08:52:16,309 simple_logger.py log_once [line:28] INFO mean_val_loss                 0.8244
2025-04-28 08:52:16,309 simple_logger.py log_once [line:28] INFO std_val_loss                  0.0577
2025-04-28 08:52:16,309 fedbase.py run [line:323] INFO expense           2561558130.0
2025-04-28 08:52:16,309 fedbase.py run [line:324] INFO Eval Time Cost:               3.1137s
2025-04-28 08:52:16,309 asyncbase.py iterate [line:68] INFO Select clients [0, 1, 2, 3, 4, 5, 6, 7, 8, 9, 10, 11, 12, 13, 14, 15, 16, 17, 18, 19] at time 491.
2025-04-28 08:54:07,275 asyncbase.py iterate [line:73] INFO Receive new models from clients [16, 18, 6, 13, 19, 5, 12, 17, 10, 11, 15, 8, 0, 9, 4, 7, 2, 1, 3, 14] at time 492
2025-04-28 08:54:07,773 fedbase.py run [line:318] INFO --------------Round 196--------------
2025-04-28 08:54:07,773 simple_logger.py log_once [line:14] INFO Current_time:492
2025-04-28 08:54:10,865 simple_logger.py log_once [line:28] INFO test_accuracy                 0.7049
2025-04-28 08:54:10,865 simple_logger.py log_once [line:28] INFO test_loss                     0.8226
2025-04-28 08:54:10,865 simple_logger.py log_once [line:28] INFO val_accuracy                  0.7060
2025-04-28 08:54:10,866 simple_logger.py log_once [line:28] INFO mean_val_accuracy             0.7060
2025-04-28 08:54:10,866 simple_logger.py log_once [line:28] INFO std_val_accuracy              0.0284
2025-04-28 08:54:10,866 simple_logger.py log_once [line:28] INFO val_loss                      0.8336
2025-04-28 08:54:10,866 simple_logger.py log_once [line:28] INFO mean_val_loss                 0.8336
2025-04-28 08:54:10,866 simple_logger.py log_once [line:28] INFO std_val_loss                  0.0560
2025-04-28 08:54:10,866 fedbase.py run [line:323] INFO expense           2565989330.0
2025-04-28 08:54:10,866 fedbase.py run [line:324] INFO Eval Time Cost:               3.0925s
2025-04-28 08:54:10,866 asyncbase.py iterate [line:68] INFO Select clients [0, 1, 2, 3, 4, 5, 6, 7, 8, 9, 10, 11, 12, 13, 14, 15, 16, 17, 18, 19] at time 493.
2025-04-28 08:55:59,105 asyncbase.py iterate [line:73] INFO Receive new models from clients [6, 17, 15, 5, 3, 8, 1, 10, 4, 11, 13, 14, 0, 2, 9, 16, 18, 19, 12, 7] at time 494
2025-04-28 08:55:59,574 fedbase.py run [line:318] INFO --------------Round 197--------------
2025-04-28 08:55:59,575 simple_logger.py log_once [line:14] INFO Current_time:494
2025-04-28 08:56:02,671 simple_logger.py log_once [line:28] INFO test_accuracy                 0.7098
2025-04-28 08:56:02,672 simple_logger.py log_once [line:28] INFO test_loss                     0.8097
2025-04-28 08:56:02,672 simple_logger.py log_once [line:28] INFO val_accuracy                  0.7080
2025-04-28 08:56:02,672 simple_logger.py log_once [line:28] INFO mean_val_accuracy             0.7080
2025-04-28 08:56:02,672 simple_logger.py log_once [line:28] INFO std_val_accuracy              0.0244
2025-04-28 08:56:02,672 simple_logger.py log_once [line:28] INFO val_loss                      0.8241
2025-04-28 08:56:02,672 simple_logger.py log_once [line:28] INFO mean_val_loss                 0.8241
2025-04-28 08:56:02,672 simple_logger.py log_once [line:28] INFO std_val_loss                  0.0544
2025-04-28 08:56:02,672 fedbase.py run [line:323] INFO expense           2570420530.0
2025-04-28 08:56:02,672 fedbase.py run [line:324] INFO Eval Time Cost:               3.0973s
2025-04-28 08:56:02,672 asyncbase.py iterate [line:68] INFO Select clients [0, 1, 2, 3, 4, 5, 6, 7, 8, 9, 10, 11, 12, 13, 14, 15, 16, 17, 18, 19] at time 495.
2025-04-28 08:57:54,020 asyncbase.py iterate [line:73] INFO Receive new models from clients [1, 14, 0, 10, 12, 9, 5, 3, 16, 13, 15, 4, 2, 7, 6, 17, 19, 18, 8, 11] at time 496
2025-04-28 08:57:54,647 fedbase.py run [line:318] INFO --------------Round 198--------------
2025-04-28 08:57:54,648 simple_logger.py log_once [line:14] INFO Current_time:496
2025-04-28 08:57:57,709 simple_logger.py log_once [line:28] INFO test_accuracy                 0.7084
2025-04-28 08:57:57,709 simple_logger.py log_once [line:28] INFO test_loss                     0.8130
2025-04-28 08:57:57,709 simple_logger.py log_once [line:28] INFO val_accuracy                  0.7094
2025-04-28 08:57:57,709 simple_logger.py log_once [line:28] INFO mean_val_accuracy             0.7094
2025-04-28 08:57:57,710 simple_logger.py log_once [line:28] INFO std_val_accuracy              0.0286
2025-04-28 08:57:57,710 simple_logger.py log_once [line:28] INFO val_loss                      0.8244
2025-04-28 08:57:57,710 simple_logger.py log_once [line:28] INFO mean_val_loss                 0.8244
2025-04-28 08:57:57,710 simple_logger.py log_once [line:28] INFO std_val_loss                  0.0571
2025-04-28 08:57:57,710 fedbase.py run [line:323] INFO expense           2574851730.0
2025-04-28 08:57:57,710 fedbase.py run [line:324] INFO Eval Time Cost:               3.0621s
2025-04-28 08:57:57,710 asyncbase.py iterate [line:68] INFO Select clients [0, 1, 2, 3, 4, 5, 6, 7, 8, 9, 10, 11, 12, 13, 14, 15, 16, 17, 18, 19] at time 497.
2025-04-28 08:59:48,839 asyncbase.py iterate [line:73] INFO Receive new models from clients [14, 13, 10, 7, 19, 17, 0, 4, 1, 11, 5, 2, 12, 16, 15, 8, 9, 3, 6, 18] at time 498
2025-04-28 08:59:49,315 fedbase.py run [line:318] INFO --------------Round 199--------------
2025-04-28 08:59:49,315 simple_logger.py log_once [line:14] INFO Current_time:498
2025-04-28 08:59:52,503 simple_logger.py log_once [line:28] INFO test_accuracy                 0.7108
2025-04-28 08:59:52,503 simple_logger.py log_once [line:28] INFO test_loss                     0.8099
2025-04-28 08:59:52,503 simple_logger.py log_once [line:28] INFO val_accuracy                  0.7090
2025-04-28 08:59:52,503 simple_logger.py log_once [line:28] INFO mean_val_accuracy             0.7090
2025-04-28 08:59:52,503 simple_logger.py log_once [line:28] INFO std_val_accuracy              0.0286
2025-04-28 08:59:52,503 simple_logger.py log_once [line:28] INFO val_loss                      0.8233
2025-04-28 08:59:52,503 simple_logger.py log_once [line:28] INFO mean_val_loss                 0.8233
2025-04-28 08:59:52,503 simple_logger.py log_once [line:28] INFO std_val_loss                  0.0573
2025-04-28 08:59:52,503 fedbase.py run [line:323] INFO expense           2579282930.0
2025-04-28 08:59:52,503 fedbase.py run [line:324] INFO Eval Time Cost:               3.1881s
2025-04-28 08:59:52,504 asyncbase.py iterate [line:68] INFO Select clients [0, 1, 2, 3, 4, 5, 6, 7, 8, 9, 10, 11, 12, 13, 14, 15, 16, 17, 18, 19] at time 499.
2025-04-28 09:01:44,597 asyncbase.py iterate [line:73] INFO Receive new models from clients [15, 3, 5, 8, 2, 1, 11, 10, 4, 13, 17, 9, 19, 6, 14, 16, 18, 7, 0, 12] at time 500
2025-04-28 09:01:45,072 fedbase.py run [line:318] INFO --------------Round 200--------------
2025-04-28 09:01:45,073 simple_logger.py log_once [line:14] INFO Current_time:500
2025-04-28 09:01:48,060 simple_logger.py log_once [line:28] INFO test_accuracy                 0.7102
2025-04-28 09:01:48,060 simple_logger.py log_once [line:28] INFO test_loss                     0.8145
2025-04-28 09:01:48,060 simple_logger.py log_once [line:28] INFO val_accuracy                  0.7114
2025-04-28 09:01:48,060 simple_logger.py log_once [line:28] INFO mean_val_accuracy             0.7114
2025-04-28 09:01:48,060 simple_logger.py log_once [line:28] INFO std_val_accuracy              0.0283
2025-04-28 09:01:48,060 simple_logger.py log_once [line:28] INFO val_loss                      0.8263
2025-04-28 09:01:48,060 simple_logger.py log_once [line:28] INFO mean_val_loss                 0.8263
2025-04-28 09:01:48,060 simple_logger.py log_once [line:28] INFO std_val_loss                  0.0541
2025-04-28 09:01:48,060 fedbase.py run [line:323] INFO expense           2583714130.0
2025-04-28 09:01:48,060 fedbase.py run [line:324] INFO Eval Time Cost:               2.9874s
2025-04-28 09:01:48,061 asyncbase.py iterate [line:68] INFO Select clients [0, 1, 2, 3, 4, 5, 6, 7, 8, 9, 10, 11, 12, 13, 14, 15, 16, 17, 18, 19] at time 501.
2025-04-28 09:03:42,458 asyncbase.py iterate [line:73] INFO Receive new models from clients [17, 7, 14, 4, 3, 5, 18, 11, 8, 19, 13, 1, 9, 10, 16, 2, 15, 12, 0, 6] at time 502
2025-04-28 09:03:42,899 fedbase.py run [line:318] INFO --------------Round 201--------------
2025-04-28 09:03:42,899 simple_logger.py log_once [line:14] INFO Current_time:502
2025-04-28 09:03:45,938 simple_logger.py log_once [line:28] INFO test_accuracy                 0.7114
2025-04-28 09:03:45,938 simple_logger.py log_once [line:28] INFO test_loss                     0.8097
2025-04-28 09:03:45,938 simple_logger.py log_once [line:28] INFO val_accuracy                  0.7148
2025-04-28 09:03:45,938 simple_logger.py log_once [line:28] INFO mean_val_accuracy             0.7148
2025-04-28 09:03:45,938 simple_logger.py log_once [line:28] INFO std_val_accuracy              0.0298
2025-04-28 09:03:45,938 simple_logger.py log_once [line:28] INFO val_loss                      0.8231
2025-04-28 09:03:45,938 simple_logger.py log_once [line:28] INFO mean_val_loss                 0.8231
2025-04-28 09:03:45,938 simple_logger.py log_once [line:28] INFO std_val_loss                  0.0569
2025-04-28 09:03:45,938 fedbase.py run [line:323] INFO expense           2588145330.0
2025-04-28 09:03:45,938 fedbase.py run [line:324] INFO Eval Time Cost:               3.0390s
2025-04-28 09:03:45,939 asyncbase.py iterate [line:68] INFO Select clients [0, 1, 2, 3, 4, 5, 6, 7, 8, 9, 10, 11, 12, 13, 14, 15, 16, 17, 18, 19] at time 503.
2025-04-28 09:04:19,182 asyncbase.py iterate [line:73] INFO Receive new models from clients [3, 13, 2, 10, 4, 16, 6, 5, 9, 18, 19, 0, 8, 17, 12, 11, 15, 7, 1, 14] at time 504
2025-04-28 09:04:25,274 fedbase.py run [line:318] INFO --------------Round 202--------------
2025-04-28 09:04:25,274 simple_logger.py log_once [line:14] INFO Current_time:504
2025-04-28 09:04:28,428 simple_logger.py log_once [line:28] INFO test_accuracy                 0.7168
2025-04-28 09:04:28,428 simple_logger.py log_once [line:28] INFO test_loss                     0.7967
2025-04-28 09:04:28,428 simple_logger.py log_once [line:28] INFO val_accuracy                  0.7152
2025-04-28 09:04:28,428 simple_logger.py log_once [line:28] INFO mean_val_accuracy             0.7152
2025-04-28 09:04:28,428 simple_logger.py log_once [line:28] INFO std_val_accuracy              0.0242
2025-04-28 09:04:28,428 simple_logger.py log_once [line:28] INFO val_loss                      0.8089
2025-04-28 09:04:28,428 simple_logger.py log_once [line:28] INFO mean_val_loss                 0.8089
2025-04-28 09:04:28,428 simple_logger.py log_once [line:28] INFO std_val_loss                  0.0567
2025-04-28 09:04:28,428 fedbase.py run [line:323] INFO expense           2644015140.0
2025-04-28 09:04:28,428 fedbase.py run [line:324] INFO Eval Time Cost:               3.1540s
2025-04-28 09:04:28,428 asyncbase.py iterate [line:68] INFO Select clients [0, 1, 2, 3, 4, 5, 6, 7, 8, 9, 10, 11, 12, 13, 14, 15, 16, 17, 18, 19] at time 505.
2025-04-28 09:06:18,710 asyncbase.py iterate [line:73] INFO Receive new models from clients [11, 4, 2, 9, 8, 6, 15, 10, 1, 0, 12, 17] at time 508
2025-04-28 09:06:18,710 asyncbase.py iterate [line:73] INFO Receive new models from clients [18, 7, 19, 5, 3, 13, 16, 14] at time 509
2025-04-28 09:06:19,213 fedbase.py run [line:318] INFO --------------Round 203--------------
2025-04-28 09:06:19,214 simple_logger.py log_once [line:14] INFO Current_time:509
2025-04-28 09:06:22,249 simple_logger.py log_once [line:28] INFO test_accuracy                 0.7146
2025-04-28 09:06:22,249 simple_logger.py log_once [line:28] INFO test_loss                     0.8041
2025-04-28 09:06:22,250 simple_logger.py log_once [line:28] INFO val_accuracy                  0.7132
2025-04-28 09:06:22,250 simple_logger.py log_once [line:28] INFO mean_val_accuracy             0.7132
2025-04-28 09:06:22,250 simple_logger.py log_once [line:28] INFO std_val_accuracy              0.0233
2025-04-28 09:06:22,250 simple_logger.py log_once [line:28] INFO val_loss                      0.8231
2025-04-28 09:06:22,250 simple_logger.py log_once [line:28] INFO mean_val_loss                 0.8231
2025-04-28 09:06:22,250 simple_logger.py log_once [line:28] INFO std_val_loss                  0.0531
2025-04-28 09:06:22,250 fedbase.py run [line:323] INFO expense           2648446340.0
2025-04-28 09:06:22,250 fedbase.py run [line:324] INFO Eval Time Cost:               3.0362s
2025-04-28 09:06:22,250 asyncbase.py iterate [line:68] INFO Select clients [0, 1, 2, 3, 4, 5, 6, 7, 8, 9, 10, 11, 12, 13, 14, 15, 16, 17, 18, 19] at time 510.
2025-04-28 09:08:15,648 asyncbase.py iterate [line:73] INFO Receive new models from clients [9, 2, 12, 18, 5, 1, 8, 6, 3, 7, 19, 0, 17, 11, 14, 13, 4, 10, 16, 15] at time 511
2025-04-28 09:08:16,122 fedbase.py run [line:318] INFO --------------Round 204--------------
2025-04-28 09:08:16,123 simple_logger.py log_once [line:14] INFO Current_time:511
2025-04-28 09:08:19,242 simple_logger.py log_once [line:28] INFO test_accuracy                 0.7139
2025-04-28 09:08:19,242 simple_logger.py log_once [line:28] INFO test_loss                     0.7988
2025-04-28 09:08:19,242 simple_logger.py log_once [line:28] INFO val_accuracy                  0.7108
2025-04-28 09:08:19,242 simple_logger.py log_once [line:28] INFO mean_val_accuracy             0.7108
2025-04-28 09:08:19,242 simple_logger.py log_once [line:28] INFO std_val_accuracy              0.0239
2025-04-28 09:08:19,242 simple_logger.py log_once [line:28] INFO val_loss                      0.8115
2025-04-28 09:08:19,242 simple_logger.py log_once [line:28] INFO mean_val_loss                 0.8115
2025-04-28 09:08:19,242 simple_logger.py log_once [line:28] INFO std_val_loss                  0.0561
2025-04-28 09:08:19,242 fedbase.py run [line:323] INFO expense           2652877540.0
2025-04-28 09:08:19,242 fedbase.py run [line:324] INFO Eval Time Cost:               3.1196s
2025-04-28 09:08:19,243 asyncbase.py iterate [line:68] INFO Select clients [0, 1, 2, 3, 4, 5, 6, 7, 8, 9, 10, 11, 12, 13, 14, 15, 16, 17, 18, 19] at time 512.
2025-04-28 09:10:11,155 asyncbase.py iterate [line:73] INFO Receive new models from clients [19, 0, 4, 17, 12, 1, 11, 2, 3, 18, 15, 13, 5, 16, 7, 8, 6, 9, 14, 10] at time 513
2025-04-28 09:10:11,651 fedbase.py run [line:318] INFO --------------Round 205--------------
2025-04-28 09:10:11,652 simple_logger.py log_once [line:14] INFO Current_time:513
2025-04-28 09:10:14,681 simple_logger.py log_once [line:28] INFO test_accuracy                 0.7161
2025-04-28 09:10:14,681 simple_logger.py log_once [line:28] INFO test_loss                     0.7946
2025-04-28 09:10:14,681 simple_logger.py log_once [line:28] INFO val_accuracy                  0.7188
2025-04-28 09:10:14,681 simple_logger.py log_once [line:28] INFO mean_val_accuracy             0.7188
2025-04-28 09:10:14,681 simple_logger.py log_once [line:28] INFO std_val_accuracy              0.0239
2025-04-28 09:10:14,681 simple_logger.py log_once [line:28] INFO val_loss                      0.8084
2025-04-28 09:10:14,681 simple_logger.py log_once [line:28] INFO mean_val_loss                 0.8084
2025-04-28 09:10:14,681 simple_logger.py log_once [line:28] INFO std_val_loss                  0.0566
2025-04-28 09:10:14,681 fedbase.py run [line:323] INFO expense           2657308740.0
2025-04-28 09:10:14,681 fedbase.py run [line:324] INFO Eval Time Cost:               3.0293s
2025-04-28 09:10:14,681 asyncbase.py iterate [line:68] INFO Select clients [0, 1, 2, 3, 4, 5, 6, 7, 8, 9, 10, 11, 12, 13, 14, 15, 16, 17, 18, 19] at time 514.
2025-04-28 09:12:07,329 asyncbase.py iterate [line:73] INFO Receive new models from clients [8, 16, 15, 7, 5, 14, 10, 2, 1, 19, 12, 18, 4, 0, 6, 13, 3, 11, 17, 9] at time 515
2025-04-28 09:12:07,815 fedbase.py run [line:318] INFO --------------Round 206--------------
2025-04-28 09:12:07,816 simple_logger.py log_once [line:14] INFO Current_time:515
2025-04-28 09:12:10,926 simple_logger.py log_once [line:28] INFO test_accuracy                 0.7156
2025-04-28 09:12:10,926 simple_logger.py log_once [line:28] INFO test_loss                     0.7984
2025-04-28 09:12:10,926 simple_logger.py log_once [line:28] INFO val_accuracy                  0.7140
2025-04-28 09:12:10,926 simple_logger.py log_once [line:28] INFO mean_val_accuracy             0.7140
2025-04-28 09:12:10,926 simple_logger.py log_once [line:28] INFO std_val_accuracy              0.0242
2025-04-28 09:12:10,926 simple_logger.py log_once [line:28] INFO val_loss                      0.8124
2025-04-28 09:12:10,927 simple_logger.py log_once [line:28] INFO mean_val_loss                 0.8124
2025-04-28 09:12:10,927 simple_logger.py log_once [line:28] INFO std_val_loss                  0.0556
2025-04-28 09:12:10,927 fedbase.py run [line:323] INFO expense           2661739940.0
2025-04-28 09:12:10,927 fedbase.py run [line:324] INFO Eval Time Cost:               3.1106s
2025-04-28 09:12:10,927 asyncbase.py iterate [line:68] INFO Select clients [0, 1, 2, 3, 4, 5, 6, 7, 8, 9, 10, 11, 12, 13, 14, 15, 16, 17, 18, 19] at time 516.
2025-04-28 09:14:03,240 asyncbase.py iterate [line:73] INFO Receive new models from clients [18, 7, 17, 6, 2, 5, 13, 0, 15, 3, 8, 10, 19, 1, 11, 4, 12, 16, 14, 9] at time 517
2025-04-28 09:14:03,727 fedbase.py run [line:318] INFO --------------Round 207--------------
2025-04-28 09:14:03,728 simple_logger.py log_once [line:14] INFO Current_time:517
2025-04-28 09:14:06,797 simple_logger.py log_once [line:28] INFO test_accuracy                 0.7114
2025-04-28 09:14:06,797 simple_logger.py log_once [line:28] INFO test_loss                     0.8078
2025-04-28 09:14:06,797 simple_logger.py log_once [line:28] INFO val_accuracy                  0.7108
2025-04-28 09:14:06,797 simple_logger.py log_once [line:28] INFO mean_val_accuracy             0.7108
2025-04-28 09:14:06,797 simple_logger.py log_once [line:28] INFO std_val_accuracy              0.0281
2025-04-28 09:14:06,797 simple_logger.py log_once [line:28] INFO val_loss                      0.8210
2025-04-28 09:14:06,798 simple_logger.py log_once [line:28] INFO mean_val_loss                 0.8210
2025-04-28 09:14:06,798 simple_logger.py log_once [line:28] INFO std_val_loss                  0.0557
2025-04-28 09:14:06,798 fedbase.py run [line:323] INFO expense           2666171140.0
2025-04-28 09:14:06,798 fedbase.py run [line:324] INFO Eval Time Cost:               3.0699s
2025-04-28 09:14:06,798 asyncbase.py iterate [line:68] INFO Select clients [0, 1, 2, 3, 4, 5, 6, 7, 8, 9, 10, 11, 12, 13, 14, 15, 16, 17, 18, 19] at time 518.
2025-04-28 09:15:59,760 asyncbase.py iterate [line:73] INFO Receive new models from clients [1, 13, 8, 18, 5, 19, 4, 16, 12, 0, 15, 6, 3, 2, 17, 14, 9, 10, 11, 7] at time 519
2025-04-28 09:16:00,206 fedbase.py run [line:318] INFO --------------Round 208--------------
2025-04-28 09:16:00,207 simple_logger.py log_once [line:14] INFO Current_time:519
2025-04-28 09:16:03,192 simple_logger.py log_once [line:28] INFO test_accuracy                 0.7144
2025-04-28 09:16:03,192 simple_logger.py log_once [line:28] INFO test_loss                     0.8018
2025-04-28 09:16:03,192 simple_logger.py log_once [line:28] INFO val_accuracy                  0.7146
2025-04-28 09:16:03,192 simple_logger.py log_once [line:28] INFO mean_val_accuracy             0.7146
2025-04-28 09:16:03,192 simple_logger.py log_once [line:28] INFO std_val_accuracy              0.0267
2025-04-28 09:16:03,192 simple_logger.py log_once [line:28] INFO val_loss                      0.8171
2025-04-28 09:16:03,192 simple_logger.py log_once [line:28] INFO mean_val_loss                 0.8171
2025-04-28 09:16:03,192 simple_logger.py log_once [line:28] INFO std_val_loss                  0.0550
2025-04-28 09:16:03,192 fedbase.py run [line:323] INFO expense           2670602340.0
2025-04-28 09:16:03,192 fedbase.py run [line:324] INFO Eval Time Cost:               2.9856s
2025-04-28 09:16:03,192 asyncbase.py iterate [line:68] INFO Select clients [0, 1, 2, 3, 4, 5, 6, 7, 8, 9, 10, 11, 12, 13, 14, 15, 16, 17, 18, 19] at time 520.
2025-04-28 09:18:00,191 asyncbase.py iterate [line:73] INFO Receive new models from clients [1, 2, 19, 4, 5, 17, 7, 15, 3, 10, 16, 14, 8, 18, 9, 0, 11, 6, 13, 12] at time 521
2025-04-28 09:18:00,689 fedbase.py run [line:318] INFO --------------Round 209--------------
2025-04-28 09:18:00,690 simple_logger.py log_once [line:14] INFO Current_time:521
2025-04-28 09:18:03,719 simple_logger.py log_once [line:28] INFO test_accuracy                 0.7107
2025-04-28 09:18:03,720 simple_logger.py log_once [line:28] INFO test_loss                     0.8056
2025-04-28 09:18:03,720 simple_logger.py log_once [line:28] INFO val_accuracy                  0.7118
2025-04-28 09:18:03,720 simple_logger.py log_once [line:28] INFO mean_val_accuracy             0.7118
2025-04-28 09:18:03,720 simple_logger.py log_once [line:28] INFO std_val_accuracy              0.0271
2025-04-28 09:18:03,720 simple_logger.py log_once [line:28] INFO val_loss                      0.8197
2025-04-28 09:18:03,720 simple_logger.py log_once [line:28] INFO mean_val_loss                 0.8197
2025-04-28 09:18:03,720 simple_logger.py log_once [line:28] INFO std_val_loss                  0.0560
2025-04-28 09:18:03,720 fedbase.py run [line:323] INFO expense           2675033540.0
2025-04-28 09:18:03,720 fedbase.py run [line:324] INFO Eval Time Cost:               3.0305s
2025-04-28 09:18:03,720 asyncbase.py iterate [line:68] INFO Select clients [0, 1, 2, 3, 4, 5, 6, 7, 8, 9, 10, 11, 12, 13, 14, 15, 16, 17, 18, 19] at time 522.
2025-04-28 09:20:00,149 asyncbase.py iterate [line:73] INFO Receive new models from clients [5, 11, 10, 3, 13, 18, 6, 2, 15, 7, 19, 8, 14, 9, 17, 1, 16, 0, 12, 4] at time 523
2025-04-28 09:20:00,674 fedbase.py run [line:318] INFO --------------Round 210--------------
2025-04-28 09:20:00,675 simple_logger.py log_once [line:14] INFO Current_time:523
2025-04-28 09:20:03,742 simple_logger.py log_once [line:28] INFO test_accuracy                 0.7118
2025-04-28 09:20:03,742 simple_logger.py log_once [line:28] INFO test_loss                     0.8127
2025-04-28 09:20:03,742 simple_logger.py log_once [line:28] INFO val_accuracy                  0.7114
2025-04-28 09:20:03,743 simple_logger.py log_once [line:28] INFO mean_val_accuracy             0.7114
2025-04-28 09:20:03,743 simple_logger.py log_once [line:28] INFO std_val_accuracy              0.0303
2025-04-28 09:20:03,743 simple_logger.py log_once [line:28] INFO val_loss                      0.8245
2025-04-28 09:20:03,743 simple_logger.py log_once [line:28] INFO mean_val_loss                 0.8245
2025-04-28 09:20:03,743 simple_logger.py log_once [line:28] INFO std_val_loss                  0.0573
2025-04-28 09:20:03,743 fedbase.py run [line:323] INFO expense           2679464740.0
2025-04-28 09:20:03,743 fedbase.py run [line:324] INFO Eval Time Cost:               3.0679s
2025-04-28 09:20:03,743 asyncbase.py iterate [line:68] INFO Select clients [0, 1, 2, 3, 4, 5, 6, 7, 8, 9, 10, 11, 12, 13, 14, 15, 16, 17, 18, 19] at time 524.
2025-04-28 09:21:54,525 asyncbase.py iterate [line:73] INFO Receive new models from clients [12, 15, 5, 16, 4, 2, 10, 13, 7, 1, 8, 18, 9, 14, 19, 17, 3, 0, 6, 11] at time 525
2025-04-28 09:21:54,994 fedbase.py run [line:318] INFO --------------Round 211--------------
2025-04-28 09:21:54,994 simple_logger.py log_once [line:14] INFO Current_time:525
2025-04-28 09:21:58,087 simple_logger.py log_once [line:28] INFO test_accuracy                 0.7144
2025-04-28 09:21:58,087 simple_logger.py log_once [line:28] INFO test_loss                     0.8023
2025-04-28 09:21:58,087 simple_logger.py log_once [line:28] INFO val_accuracy                  0.7164
2025-04-28 09:21:58,087 simple_logger.py log_once [line:28] INFO mean_val_accuracy             0.7164
2025-04-28 09:21:58,087 simple_logger.py log_once [line:28] INFO std_val_accuracy              0.0253
2025-04-28 09:21:58,087 simple_logger.py log_once [line:28] INFO val_loss                      0.8143
2025-04-28 09:21:58,088 simple_logger.py log_once [line:28] INFO mean_val_loss                 0.8143
2025-04-28 09:21:58,088 simple_logger.py log_once [line:28] INFO std_val_loss                  0.0563
2025-04-28 09:21:58,088 fedbase.py run [line:323] INFO expense           2683895940.0
2025-04-28 09:21:58,088 fedbase.py run [line:324] INFO Eval Time Cost:               3.0936s
2025-04-28 09:21:58,088 asyncbase.py iterate [line:68] INFO Select clients [0, 1, 2, 3, 4, 5, 6, 7, 8, 9, 10, 11, 12, 13, 14, 15, 16, 17, 18, 19] at time 526.
2025-04-28 09:23:55,096 asyncbase.py iterate [line:73] INFO Receive new models from clients [1, 3, 4, 9, 0, 14, 7, 5, 13, 15, 16, 17, 2, 19, 6, 12, 18, 11, 8, 10] at time 527
2025-04-28 09:23:55,536 fedbase.py run [line:318] INFO --------------Round 212--------------
2025-04-28 09:23:55,536 simple_logger.py log_once [line:14] INFO Current_time:527
2025-04-28 09:23:58,606 simple_logger.py log_once [line:28] INFO test_accuracy                 0.7150
2025-04-28 09:23:58,606 simple_logger.py log_once [line:28] INFO test_loss                     0.7982
2025-04-28 09:23:58,606 simple_logger.py log_once [line:28] INFO val_accuracy                  0.7166
2025-04-28 09:23:58,607 simple_logger.py log_once [line:28] INFO mean_val_accuracy             0.7166
2025-04-28 09:23:58,607 simple_logger.py log_once [line:28] INFO std_val_accuracy              0.0256
2025-04-28 09:23:58,607 simple_logger.py log_once [line:28] INFO val_loss                      0.8119
2025-04-28 09:23:58,607 simple_logger.py log_once [line:28] INFO mean_val_loss                 0.8119
2025-04-28 09:23:58,607 simple_logger.py log_once [line:28] INFO std_val_loss                  0.0557
2025-04-28 09:23:58,607 fedbase.py run [line:323] INFO expense           2688327140.0
2025-04-28 09:23:58,607 fedbase.py run [line:324] INFO Eval Time Cost:               3.0707s
2025-04-28 09:23:58,607 asyncbase.py iterate [line:68] INFO Select clients [0, 1, 2, 3, 4, 5, 6, 7, 8, 9, 10, 11, 12, 13, 14, 15, 16, 17, 18, 19] at time 528.
2025-04-28 09:25:52,444 asyncbase.py iterate [line:73] INFO Receive new models from clients [11, 1, 15, 3, 9, 4, 19, 17, 6, 14, 7, 18, 12, 16, 8, 2, 10, 5, 0, 13] at time 529
2025-04-28 09:25:52,932 fedbase.py run [line:318] INFO --------------Round 213--------------
2025-04-28 09:25:52,932 simple_logger.py log_once [line:14] INFO Current_time:529
2025-04-28 09:25:55,991 simple_logger.py log_once [line:28] INFO test_accuracy                 0.7152
2025-04-28 09:25:55,991 simple_logger.py log_once [line:28] INFO test_loss                     0.8030
2025-04-28 09:25:55,991 simple_logger.py log_once [line:28] INFO val_accuracy                  0.7142
2025-04-28 09:25:55,991 simple_logger.py log_once [line:28] INFO mean_val_accuracy             0.7142
2025-04-28 09:25:55,991 simple_logger.py log_once [line:28] INFO std_val_accuracy              0.0234
2025-04-28 09:25:55,991 simple_logger.py log_once [line:28] INFO val_loss                      0.8157
2025-04-28 09:25:55,991 simple_logger.py log_once [line:28] INFO mean_val_loss                 0.8157
2025-04-28 09:25:55,991 simple_logger.py log_once [line:28] INFO std_val_loss                  0.0559
2025-04-28 09:25:55,991 fedbase.py run [line:323] INFO expense           2692758340.0
2025-04-28 09:25:55,991 fedbase.py run [line:324] INFO Eval Time Cost:               3.0590s
2025-04-28 09:25:55,992 asyncbase.py iterate [line:68] INFO Select clients [0, 1, 2, 3, 4, 5, 6, 7, 8, 9, 10, 11, 12, 13, 14, 15, 16, 17, 18, 19] at time 530.
2025-04-28 09:27:46,628 asyncbase.py iterate [line:73] INFO Receive new models from clients [0, 6, 12, 3, 14, 4, 16, 8, 19, 17, 2, 5, 13, 18, 11, 7, 9, 15, 10, 1] at time 531
2025-04-28 09:27:47,252 fedbase.py run [line:318] INFO --------------Round 214--------------
2025-04-28 09:27:47,253 simple_logger.py log_once [line:14] INFO Current_time:531
2025-04-28 09:27:50,384 simple_logger.py log_once [line:28] INFO test_accuracy                 0.7142
2025-04-28 09:27:50,384 simple_logger.py log_once [line:28] INFO test_loss                     0.8091
2025-04-28 09:27:50,384 simple_logger.py log_once [line:28] INFO val_accuracy                  0.7114
2025-04-28 09:27:50,385 simple_logger.py log_once [line:28] INFO mean_val_accuracy             0.7114
2025-04-28 09:27:50,385 simple_logger.py log_once [line:28] INFO std_val_accuracy              0.0225
2025-04-28 09:27:50,385 simple_logger.py log_once [line:28] INFO val_loss                      0.8245
2025-04-28 09:27:50,385 simple_logger.py log_once [line:28] INFO mean_val_loss                 0.8245
2025-04-28 09:27:50,385 simple_logger.py log_once [line:28] INFO std_val_loss                  0.0530
2025-04-28 09:27:50,385 fedbase.py run [line:323] INFO expense           2697189540.0
2025-04-28 09:27:50,385 fedbase.py run [line:324] INFO Eval Time Cost:               3.1323s
2025-04-28 09:27:50,385 asyncbase.py iterate [line:68] INFO Select clients [0, 1, 2, 3, 4, 5, 6, 7, 8, 9, 10, 11, 12, 13, 14, 15, 16, 17, 18, 19] at time 532.
2025-04-28 09:29:40,459 asyncbase.py iterate [line:73] INFO Receive new models from clients [18, 1, 17, 15, 11, 9, 8, 5, 13, 6, 16, 0, 3, 10, 7, 2, 4, 19, 12, 14] at time 533
2025-04-28 09:29:40,942 fedbase.py run [line:318] INFO --------------Round 215--------------
2025-04-28 09:29:40,943 simple_logger.py log_once [line:14] INFO Current_time:533
2025-04-28 09:29:44,029 simple_logger.py log_once [line:28] INFO test_accuracy                 0.7159
2025-04-28 09:29:44,029 simple_logger.py log_once [line:28] INFO test_loss                     0.7980
2025-04-28 09:29:44,029 simple_logger.py log_once [line:28] INFO val_accuracy                  0.7140
2025-04-28 09:29:44,029 simple_logger.py log_once [line:28] INFO mean_val_accuracy             0.7140
2025-04-28 09:29:44,029 simple_logger.py log_once [line:28] INFO std_val_accuracy              0.0249
2025-04-28 09:29:44,030 simple_logger.py log_once [line:28] INFO val_loss                      0.8117
2025-04-28 09:29:44,030 simple_logger.py log_once [line:28] INFO mean_val_loss                 0.8117
2025-04-28 09:29:44,030 simple_logger.py log_once [line:28] INFO std_val_loss                  0.0566
2025-04-28 09:29:44,030 fedbase.py run [line:323] INFO expense           2701620740.0
2025-04-28 09:29:44,030 fedbase.py run [line:324] INFO Eval Time Cost:               3.0869s
2025-04-28 09:29:44,030 asyncbase.py iterate [line:68] INFO Select clients [0, 1, 2, 3, 4, 5, 6, 7, 8, 9, 10, 11, 12, 13, 14, 15, 16, 17, 18, 19] at time 534.
2025-04-28 09:31:39,182 asyncbase.py iterate [line:73] INFO Receive new models from clients [15, 3, 12, 17, 7, 6, 18, 16, 19, 13, 2, 11, 5, 8, 1, 14, 9, 10, 4, 0] at time 535
2025-04-28 09:31:39,637 fedbase.py run [line:318] INFO --------------Round 216--------------
2025-04-28 09:31:39,638 simple_logger.py log_once [line:14] INFO Current_time:535
2025-04-28 09:31:42,700 simple_logger.py log_once [line:28] INFO test_accuracy                 0.7175
2025-04-28 09:31:42,700 simple_logger.py log_once [line:28] INFO test_loss                     0.7936
2025-04-28 09:31:42,700 simple_logger.py log_once [line:28] INFO val_accuracy                  0.7128
2025-04-28 09:31:42,700 simple_logger.py log_once [line:28] INFO mean_val_accuracy             0.7128
2025-04-28 09:31:42,700 simple_logger.py log_once [line:28] INFO std_val_accuracy              0.0255
2025-04-28 09:31:42,700 simple_logger.py log_once [line:28] INFO val_loss                      0.8118
2025-04-28 09:31:42,700 simple_logger.py log_once [line:28] INFO mean_val_loss                 0.8118
2025-04-28 09:31:42,700 simple_logger.py log_once [line:28] INFO std_val_loss                  0.0559
2025-04-28 09:31:42,700 fedbase.py run [line:323] INFO expense           2706051940.0
2025-04-28 09:31:42,700 fedbase.py run [line:324] INFO Eval Time Cost:               3.0622s
2025-04-28 09:31:42,700 asyncbase.py iterate [line:68] INFO Select clients [0, 1, 2, 3, 4, 5, 6, 7, 8, 9, 10, 11, 12, 13, 14, 15, 16, 17, 18, 19] at time 536.
2025-04-28 09:33:33,186 asyncbase.py iterate [line:73] INFO Receive new models from clients [5, 2, 3, 15, 0, 14, 13, 19, 9, 17, 1, 4, 8, 6, 16, 10, 11, 18, 7, 12] at time 537
2025-04-28 09:33:33,667 fedbase.py run [line:318] INFO --------------Round 217--------------
2025-04-28 09:33:33,668 simple_logger.py log_once [line:14] INFO Current_time:537
2025-04-28 09:33:36,709 simple_logger.py log_once [line:28] INFO test_accuracy                 0.7172
2025-04-28 09:33:36,709 simple_logger.py log_once [line:28] INFO test_loss                     0.7991
2025-04-28 09:33:36,709 simple_logger.py log_once [line:28] INFO val_accuracy                  0.7110
2025-04-28 09:33:36,709 simple_logger.py log_once [line:28] INFO mean_val_accuracy             0.7110
2025-04-28 09:33:36,709 simple_logger.py log_once [line:28] INFO std_val_accuracy              0.0287
2025-04-28 09:33:36,709 simple_logger.py log_once [line:28] INFO val_loss                      0.8125
2025-04-28 09:33:36,709 simple_logger.py log_once [line:28] INFO mean_val_loss                 0.8125
2025-04-28 09:33:36,709 simple_logger.py log_once [line:28] INFO std_val_loss                  0.0578
2025-04-28 09:33:36,709 fedbase.py run [line:323] INFO expense           2710483140.0
2025-04-28 09:33:36,709 fedbase.py run [line:324] INFO Eval Time Cost:               3.0414s
2025-04-28 09:33:36,709 asyncbase.py iterate [line:68] INFO Select clients [0, 1, 2, 3, 4, 5, 6, 7, 8, 9, 10, 11, 12, 13, 14, 15, 16, 17, 18, 19] at time 538.
2025-04-28 09:35:28,401 asyncbase.py iterate [line:73] INFO Receive new models from clients [2, 14, 12, 0, 16, 10, 15, 8, 18, 13, 3, 9, 19, 6, 17, 7, 11, 4, 1, 5] at time 539
2025-04-28 09:35:28,899 fedbase.py run [line:318] INFO --------------Round 218--------------
2025-04-28 09:35:28,900 simple_logger.py log_once [line:14] INFO Current_time:539
2025-04-28 09:35:32,007 simple_logger.py log_once [line:28] INFO test_accuracy                 0.7182
2025-04-28 09:35:32,007 simple_logger.py log_once [line:28] INFO test_loss                     0.7926
2025-04-28 09:35:32,007 simple_logger.py log_once [line:28] INFO val_accuracy                  0.7144
2025-04-28 09:35:32,007 simple_logger.py log_once [line:28] INFO mean_val_accuracy             0.7144
2025-04-28 09:35:32,007 simple_logger.py log_once [line:28] INFO std_val_accuracy              0.0256
2025-04-28 09:35:32,007 simple_logger.py log_once [line:28] INFO val_loss                      0.8056
2025-04-28 09:35:32,007 simple_logger.py log_once [line:28] INFO mean_val_loss                 0.8056
2025-04-28 09:35:32,007 simple_logger.py log_once [line:28] INFO std_val_loss                  0.0583
2025-04-28 09:35:32,007 fedbase.py run [line:323] INFO expense           2714914340.0
2025-04-28 09:35:32,007 fedbase.py run [line:324] INFO Eval Time Cost:               3.1075s
2025-04-28 09:35:32,008 asyncbase.py iterate [line:68] INFO Select clients [0, 1, 2, 3, 4, 5, 6, 7, 8, 9, 10, 11, 12, 13, 14, 15, 16, 17, 18, 19] at time 540.
2025-04-28 09:37:23,410 asyncbase.py iterate [line:73] INFO Receive new models from clients [12, 13, 17, 5, 6, 4, 2, 18, 1, 7, 19, 11, 9, 3, 8, 10, 14, 0, 16, 15] at time 541
2025-04-28 09:37:23,883 fedbase.py run [line:318] INFO --------------Round 219--------------
2025-04-28 09:37:23,884 simple_logger.py log_once [line:14] INFO Current_time:541
2025-04-28 09:37:26,975 simple_logger.py log_once [line:28] INFO test_accuracy                 0.7132
2025-04-28 09:37:26,975 simple_logger.py log_once [line:28] INFO test_loss                     0.8046
2025-04-28 09:37:26,975 simple_logger.py log_once [line:28] INFO val_accuracy                  0.7126
2025-04-28 09:37:26,975 simple_logger.py log_once [line:28] INFO mean_val_accuracy             0.7126
2025-04-28 09:37:26,976 simple_logger.py log_once [line:28] INFO std_val_accuracy              0.0282
2025-04-28 09:37:26,976 simple_logger.py log_once [line:28] INFO val_loss                      0.8169
2025-04-28 09:37:26,976 simple_logger.py log_once [line:28] INFO mean_val_loss                 0.8169
2025-04-28 09:37:26,976 simple_logger.py log_once [line:28] INFO std_val_loss                  0.0579
2025-04-28 09:37:26,976 fedbase.py run [line:323] INFO expense           2719345540.0
2025-04-28 09:37:26,976 fedbase.py run [line:324] INFO Eval Time Cost:               3.0923s
2025-04-28 09:37:26,976 asyncbase.py iterate [line:68] INFO Select clients [0, 1, 2, 3, 4, 5, 6, 7, 8, 9, 10, 11, 12, 13, 14, 15, 16, 17, 18, 19] at time 542.
2025-04-28 09:39:21,254 asyncbase.py iterate [line:73] INFO Receive new models from clients [19, 17, 14, 13, 18, 11, 12, 3, 4, 10, 8, 9, 2, 0, 1, 7, 16, 5, 15, 6] at time 543
2025-04-28 09:39:21,736 fedbase.py run [line:318] INFO --------------Round 220--------------
2025-04-28 09:39:21,737 simple_logger.py log_once [line:14] INFO Current_time:543
2025-04-28 09:39:24,811 simple_logger.py log_once [line:28] INFO test_accuracy                 0.7169
2025-04-28 09:39:24,811 simple_logger.py log_once [line:28] INFO test_loss                     0.7929
2025-04-28 09:39:24,811 simple_logger.py log_once [line:28] INFO val_accuracy                  0.7160
2025-04-28 09:39:24,812 simple_logger.py log_once [line:28] INFO mean_val_accuracy             0.7160
2025-04-28 09:39:24,812 simple_logger.py log_once [line:28] INFO std_val_accuracy              0.0271
2025-04-28 09:39:24,812 simple_logger.py log_once [line:28] INFO val_loss                      0.8068
2025-04-28 09:39:24,812 simple_logger.py log_once [line:28] INFO mean_val_loss                 0.8068
2025-04-28 09:39:24,812 simple_logger.py log_once [line:28] INFO std_val_loss                  0.0564
2025-04-28 09:39:24,812 fedbase.py run [line:323] INFO expense           2723776740.0
2025-04-28 09:39:24,812 fedbase.py run [line:324] INFO Eval Time Cost:               3.0751s
2025-04-28 09:39:24,812 asyncbase.py iterate [line:68] INFO Select clients [0, 1, 2, 3, 4, 5, 6, 7, 8, 9, 10, 11, 12, 13, 14, 15, 16, 17, 18, 19] at time 544.
2025-04-28 09:39:55,919 asyncbase.py iterate [line:73] INFO Receive new models from clients [15, 10, 3, 18, 4, 0, 5, 7, 14, 2, 12, 17, 13, 19, 16, 1, 8, 6, 11, 9] at time 545
2025-04-28 09:40:01,730 fedbase.py run [line:318] INFO --------------Round 221--------------
2025-04-28 09:40:01,731 simple_logger.py log_once [line:14] INFO Current_time:545
2025-04-28 09:40:04,753 simple_logger.py log_once [line:28] INFO test_accuracy                 0.7215
2025-04-28 09:40:04,754 simple_logger.py log_once [line:28] INFO test_loss                     0.7862
2025-04-28 09:40:04,754 simple_logger.py log_once [line:28] INFO val_accuracy                  0.7210
2025-04-28 09:40:04,754 simple_logger.py log_once [line:28] INFO mean_val_accuracy             0.7210
2025-04-28 09:40:04,754 simple_logger.py log_once [line:28] INFO std_val_accuracy              0.0282
2025-04-28 09:40:04,754 simple_logger.py log_once [line:28] INFO val_loss                      0.8006
2025-04-28 09:40:04,754 simple_logger.py log_once [line:28] INFO mean_val_loss                 0.8006
2025-04-28 09:40:04,754 simple_logger.py log_once [line:28] INFO std_val_loss                  0.0637
2025-04-28 09:40:04,754 fedbase.py run [line:323] INFO expense           2779646550.0
2025-04-28 09:40:04,754 fedbase.py run [line:324] INFO Eval Time Cost:               3.0233s
2025-04-28 09:40:04,754 asyncbase.py iterate [line:68] INFO Select clients [0, 1, 2, 3, 4, 5, 6, 7, 8, 9, 10, 11, 12, 13, 14, 15, 16, 17, 18, 19] at time 546.
2025-04-28 09:41:55,205 asyncbase.py iterate [line:73] INFO Receive new models from clients [2, 19, 9, 8, 11, 15, 17, 6, 3, 10, 7, 13, 4, 5] at time 549
2025-04-28 09:41:55,205 asyncbase.py iterate [line:73] INFO Receive new models from clients [0, 12, 14, 1, 16, 18] at time 550
2025-04-28 09:41:55,680 fedbase.py run [line:318] INFO --------------Round 222--------------
2025-04-28 09:41:55,681 simple_logger.py log_once [line:14] INFO Current_time:550
2025-04-28 09:41:58,722 simple_logger.py log_once [line:28] INFO test_accuracy                 0.7228
2025-04-28 09:41:58,722 simple_logger.py log_once [line:28] INFO test_loss                     0.7825
2025-04-28 09:41:58,722 simple_logger.py log_once [line:28] INFO val_accuracy                  0.7176
2025-04-28 09:41:58,722 simple_logger.py log_once [line:28] INFO mean_val_accuracy             0.7176
2025-04-28 09:41:58,722 simple_logger.py log_once [line:28] INFO std_val_accuracy              0.0290
2025-04-28 09:41:58,722 simple_logger.py log_once [line:28] INFO val_loss                      0.8001
2025-04-28 09:41:58,722 simple_logger.py log_once [line:28] INFO mean_val_loss                 0.8001
2025-04-28 09:41:58,722 simple_logger.py log_once [line:28] INFO std_val_loss                  0.0623
2025-04-28 09:41:58,722 fedbase.py run [line:323] INFO expense           2784077750.0
2025-04-28 09:41:58,722 fedbase.py run [line:324] INFO Eval Time Cost:               3.0414s
2025-04-28 09:41:58,723 asyncbase.py iterate [line:68] INFO Select clients [0, 1, 2, 3, 4, 5, 6, 7, 8, 9, 10, 11, 12, 13, 14, 15, 16, 17, 18, 19] at time 551.
2025-04-28 09:43:50,063 asyncbase.py iterate [line:73] INFO Receive new models from clients [12, 14, 6, 19, 10, 13, 4, 17, 3, 1, 11, 5, 0, 2, 9, 7, 18, 16, 8, 15] at time 552
2025-04-28 09:43:50,617 fedbase.py run [line:318] INFO --------------Round 223--------------
2025-04-28 09:43:50,618 simple_logger.py log_once [line:14] INFO Current_time:552
2025-04-28 09:43:53,655 simple_logger.py log_once [line:28] INFO test_accuracy                 0.7253
2025-04-28 09:43:53,656 simple_logger.py log_once [line:28] INFO test_loss                     0.7792
2025-04-28 09:43:53,656 simple_logger.py log_once [line:28] INFO val_accuracy                  0.7238
2025-04-28 09:43:53,656 simple_logger.py log_once [line:28] INFO mean_val_accuracy             0.7238
2025-04-28 09:43:53,656 simple_logger.py log_once [line:28] INFO std_val_accuracy              0.0277
2025-04-28 09:43:53,656 simple_logger.py log_once [line:28] INFO val_loss                      0.7958
2025-04-28 09:43:53,656 simple_logger.py log_once [line:28] INFO mean_val_loss                 0.7958
2025-04-28 09:43:53,656 simple_logger.py log_once [line:28] INFO std_val_loss                  0.0611
2025-04-28 09:43:53,656 fedbase.py run [line:323] INFO expense           2788508950.0
2025-04-28 09:43:53,656 fedbase.py run [line:324] INFO Eval Time Cost:               3.0383s
2025-04-28 09:43:53,656 asyncbase.py iterate [line:68] INFO Select clients [0, 1, 2, 3, 4, 5, 6, 7, 8, 9, 10, 11, 12, 13, 14, 15, 16, 17, 18, 19] at time 553.
2025-04-28 09:45:44,947 asyncbase.py iterate [line:73] INFO Receive new models from clients [16, 2, 11, 5, 7, 10, 14, 8, 0, 9, 1, 17, 6, 12, 18, 3, 13, 15, 4, 19] at time 554
2025-04-28 09:45:45,423 fedbase.py run [line:318] INFO --------------Round 224--------------
2025-04-28 09:45:45,423 simple_logger.py log_once [line:14] INFO Current_time:554
2025-04-28 09:45:48,498 simple_logger.py log_once [line:28] INFO test_accuracy                 0.7230
2025-04-28 09:45:48,498 simple_logger.py log_once [line:28] INFO test_loss                     0.7832
2025-04-28 09:45:48,498 simple_logger.py log_once [line:28] INFO val_accuracy                  0.7200
2025-04-28 09:45:48,498 simple_logger.py log_once [line:28] INFO mean_val_accuracy             0.7200
2025-04-28 09:45:48,499 simple_logger.py log_once [line:28] INFO std_val_accuracy              0.0260
2025-04-28 09:45:48,499 simple_logger.py log_once [line:28] INFO val_loss                      0.7971
2025-04-28 09:45:48,499 simple_logger.py log_once [line:28] INFO mean_val_loss                 0.7971
2025-04-28 09:45:48,499 simple_logger.py log_once [line:28] INFO std_val_loss                  0.0625
2025-04-28 09:45:48,499 fedbase.py run [line:323] INFO expense           2792940150.0
2025-04-28 09:45:48,499 fedbase.py run [line:324] INFO Eval Time Cost:               3.0753s
2025-04-28 09:45:48,499 asyncbase.py iterate [line:68] INFO Select clients [0, 1, 2, 3, 4, 5, 6, 7, 8, 9, 10, 11, 12, 13, 14, 15, 16, 17, 18, 19] at time 555.
2025-04-28 09:47:40,379 asyncbase.py iterate [line:73] INFO Receive new models from clients [19, 17, 0, 1, 10, 8, 15, 2, 18, 11, 3, 13, 9, 5, 6, 12, 4, 16, 14, 7] at time 556
2025-04-28 09:47:40,825 fedbase.py run [line:318] INFO --------------Round 225--------------
2025-04-28 09:47:40,826 simple_logger.py log_once [line:14] INFO Current_time:556
2025-04-28 09:47:43,840 simple_logger.py log_once [line:28] INFO test_accuracy                 0.7239
2025-04-28 09:47:43,840 simple_logger.py log_once [line:28] INFO test_loss                     0.7765
2025-04-28 09:47:43,840 simple_logger.py log_once [line:28] INFO val_accuracy                  0.7214
2025-04-28 09:47:43,840 simple_logger.py log_once [line:28] INFO mean_val_accuracy             0.7214
2025-04-28 09:47:43,840 simple_logger.py log_once [line:28] INFO std_val_accuracy              0.0256
2025-04-28 09:47:43,840 simple_logger.py log_once [line:28] INFO val_loss                      0.7921
2025-04-28 09:47:43,840 simple_logger.py log_once [line:28] INFO mean_val_loss                 0.7921
2025-04-28 09:47:43,840 simple_logger.py log_once [line:28] INFO std_val_loss                  0.0605
2025-04-28 09:47:43,840 fedbase.py run [line:323] INFO expense           2797371350.0
2025-04-28 09:47:43,840 fedbase.py run [line:324] INFO Eval Time Cost:               3.0146s
2025-04-28 09:47:43,840 asyncbase.py iterate [line:68] INFO Select clients [0, 1, 2, 3, 4, 5, 6, 7, 8, 9, 10, 11, 12, 13, 14, 15, 16, 17, 18, 19] at time 557.
2025-04-28 09:49:33,709 asyncbase.py iterate [line:73] INFO Receive new models from clients [13, 18, 19, 17, 3, 10, 4, 9, 16, 6, 15, 5, 8, 14, 1, 7, 2, 0, 12, 11] at time 558
2025-04-28 09:49:34,194 fedbase.py run [line:318] INFO --------------Round 226--------------
2025-04-28 09:49:34,194 simple_logger.py log_once [line:14] INFO Current_time:558
2025-04-28 09:49:37,255 simple_logger.py log_once [line:28] INFO test_accuracy                 0.7225
2025-04-28 09:49:37,255 simple_logger.py log_once [line:28] INFO test_loss                     0.7801
2025-04-28 09:49:37,255 simple_logger.py log_once [line:28] INFO val_accuracy                  0.7212
2025-04-28 09:49:37,255 simple_logger.py log_once [line:28] INFO mean_val_accuracy             0.7212
2025-04-28 09:49:37,255 simple_logger.py log_once [line:28] INFO std_val_accuracy              0.0299
2025-04-28 09:49:37,255 simple_logger.py log_once [line:28] INFO val_loss                      0.7951
2025-04-28 09:49:37,256 simple_logger.py log_once [line:28] INFO mean_val_loss                 0.7951
2025-04-28 09:49:37,256 simple_logger.py log_once [line:28] INFO std_val_loss                  0.0632
2025-04-28 09:49:37,256 fedbase.py run [line:323] INFO expense           2801802550.0
2025-04-28 09:49:37,256 fedbase.py run [line:324] INFO Eval Time Cost:               3.0614s
2025-04-28 09:49:37,256 asyncbase.py iterate [line:68] INFO Select clients [0, 1, 2, 3, 4, 5, 6, 7, 8, 9, 10, 11, 12, 13, 14, 15, 16, 17, 18, 19] at time 559.
2025-04-28 09:51:30,030 asyncbase.py iterate [line:73] INFO Receive new models from clients [15, 10, 5, 1, 16, 7, 19, 13, 6, 11, 9, 12, 17, 2, 0, 18, 8, 3, 4, 14] at time 560
2025-04-28 09:51:30,490 fedbase.py run [line:318] INFO --------------Round 227--------------
2025-04-28 09:51:30,491 simple_logger.py log_once [line:14] INFO Current_time:560
2025-04-28 09:51:33,586 simple_logger.py log_once [line:28] INFO test_accuracy                 0.7192
2025-04-28 09:51:33,586 simple_logger.py log_once [line:28] INFO test_loss                     0.7917
2025-04-28 09:51:33,586 simple_logger.py log_once [line:28] INFO val_accuracy                  0.7166
2025-04-28 09:51:33,586 simple_logger.py log_once [line:28] INFO mean_val_accuracy             0.7166
2025-04-28 09:51:33,586 simple_logger.py log_once [line:28] INFO std_val_accuracy              0.0314
2025-04-28 09:51:33,586 simple_logger.py log_once [line:28] INFO val_loss                      0.8068
2025-04-28 09:51:33,586 simple_logger.py log_once [line:28] INFO mean_val_loss                 0.8068
2025-04-28 09:51:33,586 simple_logger.py log_once [line:28] INFO std_val_loss                  0.0638
2025-04-28 09:51:33,586 fedbase.py run [line:323] INFO expense           2806233750.0
2025-04-28 09:51:33,586 fedbase.py run [line:324] INFO Eval Time Cost:               3.0958s
2025-04-28 09:51:33,586 asyncbase.py iterate [line:68] INFO Select clients [0, 1, 2, 3, 4, 5, 6, 7, 8, 9, 10, 11, 12, 13, 14, 15, 16, 17, 18, 19] at time 561.
2025-04-28 09:53:23,635 asyncbase.py iterate [line:73] INFO Receive new models from clients [11, 4, 19, 13, 7, 1, 15, 9, 10, 17, 0, 5, 18, 6, 16, 14, 12, 3, 2, 8] at time 562
2025-04-28 09:53:24,083 fedbase.py run [line:318] INFO --------------Round 228--------------
2025-04-28 09:53:24,084 simple_logger.py log_once [line:14] INFO Current_time:562
2025-04-28 09:53:27,131 simple_logger.py log_once [line:28] INFO test_accuracy                 0.7263
2025-04-28 09:53:27,132 simple_logger.py log_once [line:28] INFO test_loss                     0.7810
2025-04-28 09:53:27,132 simple_logger.py log_once [line:28] INFO val_accuracy                  0.7204
2025-04-28 09:53:27,132 simple_logger.py log_once [line:28] INFO mean_val_accuracy             0.7204
2025-04-28 09:53:27,132 simple_logger.py log_once [line:28] INFO std_val_accuracy              0.0260
2025-04-28 09:53:27,132 simple_logger.py log_once [line:28] INFO val_loss                      0.7946
2025-04-28 09:53:27,132 simple_logger.py log_once [line:28] INFO mean_val_loss                 0.7946
2025-04-28 09:53:27,132 simple_logger.py log_once [line:28] INFO std_val_loss                  0.0598
2025-04-28 09:53:27,132 fedbase.py run [line:323] INFO expense           2810664950.0
2025-04-28 09:53:27,132 fedbase.py run [line:324] INFO Eval Time Cost:               3.0480s
2025-04-28 09:53:27,132 asyncbase.py iterate [line:68] INFO Select clients [0, 1, 2, 3, 4, 5, 6, 7, 8, 9, 10, 11, 12, 13, 14, 15, 16, 17, 18, 19] at time 563.
2025-04-28 09:55:20,534 asyncbase.py iterate [line:73] INFO Receive new models from clients [1, 8, 14, 19, 4, 3, 10, 12, 2, 16, 9, 15, 5, 7, 18, 0, 17, 13, 6, 11] at time 564
2025-04-28 09:55:20,989 fedbase.py run [line:318] INFO --------------Round 229--------------
2025-04-28 09:55:20,990 simple_logger.py log_once [line:14] INFO Current_time:564
2025-04-28 09:55:24,076 simple_logger.py log_once [line:28] INFO test_accuracy                 0.7237
2025-04-28 09:55:24,077 simple_logger.py log_once [line:28] INFO test_loss                     0.7839
2025-04-28 09:55:24,077 simple_logger.py log_once [line:28] INFO val_accuracy                  0.7194
2025-04-28 09:55:24,077 simple_logger.py log_once [line:28] INFO mean_val_accuracy             0.7194
2025-04-28 09:55:24,077 simple_logger.py log_once [line:28] INFO std_val_accuracy              0.0274
2025-04-28 09:55:24,077 simple_logger.py log_once [line:28] INFO val_loss                      0.7982
2025-04-28 09:55:24,077 simple_logger.py log_once [line:28] INFO mean_val_loss                 0.7982
2025-04-28 09:55:24,077 simple_logger.py log_once [line:28] INFO std_val_loss                  0.0597
2025-04-28 09:55:24,077 fedbase.py run [line:323] INFO expense           2815096150.0
2025-04-28 09:55:24,077 fedbase.py run [line:324] INFO Eval Time Cost:               3.0873s
2025-04-28 09:55:24,077 asyncbase.py iterate [line:68] INFO Select clients [0, 1, 2, 3, 4, 5, 6, 7, 8, 9, 10, 11, 12, 13, 14, 15, 16, 17, 18, 19] at time 565.
2025-04-28 09:57:16,140 asyncbase.py iterate [line:73] INFO Receive new models from clients [6, 4, 15, 0, 18, 5, 16, 3, 2, 11, 19, 12, 7, 13, 14, 10, 8, 9, 17, 1] at time 566
2025-04-28 09:57:16,569 fedbase.py run [line:318] INFO --------------Round 230--------------
2025-04-28 09:57:16,570 simple_logger.py log_once [line:14] INFO Current_time:566
2025-04-28 09:57:19,551 simple_logger.py log_once [line:28] INFO test_accuracy                 0.7246
2025-04-28 09:57:19,551 simple_logger.py log_once [line:28] INFO test_loss                     0.7818
2025-04-28 09:57:19,552 simple_logger.py log_once [line:28] INFO val_accuracy                  0.7212
2025-04-28 09:57:19,552 simple_logger.py log_once [line:28] INFO mean_val_accuracy             0.7212
2025-04-28 09:57:19,552 simple_logger.py log_once [line:28] INFO std_val_accuracy              0.0298
2025-04-28 09:57:19,552 simple_logger.py log_once [line:28] INFO val_loss                      0.7979
2025-04-28 09:57:19,552 simple_logger.py log_once [line:28] INFO mean_val_loss                 0.7979
2025-04-28 09:57:19,552 simple_logger.py log_once [line:28] INFO std_val_loss                  0.0619
2025-04-28 09:57:19,552 fedbase.py run [line:323] INFO expense           2819527350.0
2025-04-28 09:57:19,552 fedbase.py run [line:324] INFO Eval Time Cost:               2.9818s
2025-04-28 09:57:19,552 asyncbase.py iterate [line:68] INFO Select clients [0, 1, 2, 3, 4, 5, 6, 7, 8, 9, 10, 11, 12, 13, 14, 15, 16, 17, 18, 19] at time 567.
2025-04-28 09:59:11,961 asyncbase.py iterate [line:73] INFO Receive new models from clients [9, 2, 8, 0, 6, 19, 5, 13, 15, 4, 7, 16, 12, 10, 14, 1, 18, 3, 11, 17] at time 568
2025-04-28 09:59:12,467 fedbase.py run [line:318] INFO --------------Round 231--------------
2025-04-28 09:59:12,468 simple_logger.py log_once [line:14] INFO Current_time:568
2025-04-28 09:59:15,462 simple_logger.py log_once [line:28] INFO test_accuracy                 0.7269
2025-04-28 09:59:15,462 simple_logger.py log_once [line:28] INFO test_loss                     0.7721
2025-04-28 09:59:15,462 simple_logger.py log_once [line:28] INFO val_accuracy                  0.7260
2025-04-28 09:59:15,463 simple_logger.py log_once [line:28] INFO mean_val_accuracy             0.7260
2025-04-28 09:59:15,463 simple_logger.py log_once [line:28] INFO std_val_accuracy              0.0263
2025-04-28 09:59:15,463 simple_logger.py log_once [line:28] INFO val_loss                      0.7879
2025-04-28 09:59:15,463 simple_logger.py log_once [line:28] INFO mean_val_loss                 0.7879
2025-04-28 09:59:15,463 simple_logger.py log_once [line:28] INFO std_val_loss                  0.0601
2025-04-28 09:59:15,463 fedbase.py run [line:323] INFO expense           2823958550.0
2025-04-28 09:59:15,463 fedbase.py run [line:324] INFO Eval Time Cost:               2.9952s
2025-04-28 09:59:15,463 asyncbase.py iterate [line:68] INFO Select clients [0, 1, 2, 3, 4, 5, 6, 7, 8, 9, 10, 11, 12, 13, 14, 15, 16, 17, 18, 19] at time 569.
2025-04-28 10:01:07,276 asyncbase.py iterate [line:73] INFO Receive new models from clients [7, 0, 5, 16, 11, 9, 2, 6, 15, 3, 17, 10, 14, 1, 19, 13, 12, 8, 4, 18] at time 570
2025-04-28 10:01:07,731 fedbase.py run [line:318] INFO --------------Round 232--------------
2025-04-28 10:01:07,732 simple_logger.py log_once [line:14] INFO Current_time:570
2025-04-28 10:01:10,803 simple_logger.py log_once [line:28] INFO test_accuracy                 0.7269
2025-04-28 10:01:10,803 simple_logger.py log_once [line:28] INFO test_loss                     0.7773
2025-04-28 10:01:10,803 simple_logger.py log_once [line:28] INFO val_accuracy                  0.7216
2025-04-28 10:01:10,803 simple_logger.py log_once [line:28] INFO mean_val_accuracy             0.7216
2025-04-28 10:01:10,803 simple_logger.py log_once [line:28] INFO std_val_accuracy              0.0267
2025-04-28 10:01:10,803 simple_logger.py log_once [line:28] INFO val_loss                      0.7948
2025-04-28 10:01:10,803 simple_logger.py log_once [line:28] INFO mean_val_loss                 0.7948
2025-04-28 10:01:10,803 simple_logger.py log_once [line:28] INFO std_val_loss                  0.0587
2025-04-28 10:01:10,803 fedbase.py run [line:323] INFO expense           2828389750.0
2025-04-28 10:01:10,803 fedbase.py run [line:324] INFO Eval Time Cost:               3.0714s
2025-04-28 10:01:10,803 asyncbase.py iterate [line:68] INFO Select clients [0, 1, 2, 3, 4, 5, 6, 7, 8, 9, 10, 11, 12, 13, 14, 15, 16, 17, 18, 19] at time 571.
2025-04-28 10:02:57,515 asyncbase.py iterate [line:73] INFO Receive new models from clients [9, 11, 4, 14, 17, 12, 8, 10, 15, 19, 3, 16, 5, 18, 1, 2, 0, 6, 7, 13] at time 572
2025-04-28 10:02:57,974 fedbase.py run [line:318] INFO --------------Round 233--------------
2025-04-28 10:02:57,975 simple_logger.py log_once [line:14] INFO Current_time:572
2025-04-28 10:03:00,963 simple_logger.py log_once [line:28] INFO test_accuracy                 0.7258
2025-04-28 10:03:00,964 simple_logger.py log_once [line:28] INFO test_loss                     0.7731
2025-04-28 10:03:00,964 simple_logger.py log_once [line:28] INFO val_accuracy                  0.7262
2025-04-28 10:03:00,964 simple_logger.py log_once [line:28] INFO mean_val_accuracy             0.7262
2025-04-28 10:03:00,964 simple_logger.py log_once [line:28] INFO std_val_accuracy              0.0272
2025-04-28 10:03:00,964 simple_logger.py log_once [line:28] INFO val_loss                      0.7896
2025-04-28 10:03:00,964 simple_logger.py log_once [line:28] INFO mean_val_loss                 0.7896
2025-04-28 10:03:00,964 simple_logger.py log_once [line:28] INFO std_val_loss                  0.0588
2025-04-28 10:03:00,964 fedbase.py run [line:323] INFO expense           2832820950.0
2025-04-28 10:03:00,964 fedbase.py run [line:324] INFO Eval Time Cost:               2.9895s
2025-04-28 10:03:00,964 asyncbase.py iterate [line:68] INFO Select clients [0, 1, 2, 3, 4, 5, 6, 7, 8, 9, 10, 11, 12, 13, 14, 15, 16, 17, 18, 19] at time 573.
2025-04-28 10:04:51,484 asyncbase.py iterate [line:73] INFO Receive new models from clients [16, 7, 15, 12, 6, 14, 1, 2, 0, 18, 9, 4, 10, 17, 19, 13, 8, 3, 5, 11] at time 574
2025-04-28 10:04:51,977 fedbase.py run [line:318] INFO --------------Round 234--------------
2025-04-28 10:04:51,978 simple_logger.py log_once [line:14] INFO Current_time:574
2025-04-28 10:04:55,026 simple_logger.py log_once [line:28] INFO test_accuracy                 0.7259
2025-04-28 10:04:55,026 simple_logger.py log_once [line:28] INFO test_loss                     0.7746
2025-04-28 10:04:55,026 simple_logger.py log_once [line:28] INFO val_accuracy                  0.7240
2025-04-28 10:04:55,026 simple_logger.py log_once [line:28] INFO mean_val_accuracy             0.7240
2025-04-28 10:04:55,026 simple_logger.py log_once [line:28] INFO std_val_accuracy              0.0270
2025-04-28 10:04:55,026 simple_logger.py log_once [line:28] INFO val_loss                      0.7908
2025-04-28 10:04:55,026 simple_logger.py log_once [line:28] INFO mean_val_loss                 0.7908
2025-04-28 10:04:55,026 simple_logger.py log_once [line:28] INFO std_val_loss                  0.0588
2025-04-28 10:04:55,026 fedbase.py run [line:323] INFO expense           2837252150.0
2025-04-28 10:04:55,026 fedbase.py run [line:324] INFO Eval Time Cost:               3.0481s
2025-04-28 10:04:55,026 asyncbase.py iterate [line:68] INFO Select clients [0, 1, 2, 3, 4, 5, 6, 7, 8, 9, 10, 11, 12, 13, 14, 15, 16, 17, 18, 19] at time 575.
2025-04-28 10:06:45,706 asyncbase.py iterate [line:73] INFO Receive new models from clients [19, 8, 2, 7, 5, 11, 4, 10, 13, 1, 9, 17, 0, 3, 18, 12, 15, 14, 16, 6] at time 576
2025-04-28 10:06:46,210 fedbase.py run [line:318] INFO --------------Round 235--------------
2025-04-28 10:06:46,210 simple_logger.py log_once [line:14] INFO Current_time:576
2025-04-28 10:06:49,340 simple_logger.py log_once [line:28] INFO test_accuracy                 0.7243
2025-04-28 10:06:49,340 simple_logger.py log_once [line:28] INFO test_loss                     0.7818
2025-04-28 10:06:49,340 simple_logger.py log_once [line:28] INFO val_accuracy                  0.7234
2025-04-28 10:06:49,341 simple_logger.py log_once [line:28] INFO mean_val_accuracy             0.7234
2025-04-28 10:06:49,341 simple_logger.py log_once [line:28] INFO std_val_accuracy              0.0284
2025-04-28 10:06:49,341 simple_logger.py log_once [line:28] INFO val_loss                      0.7971
2025-04-28 10:06:49,341 simple_logger.py log_once [line:28] INFO mean_val_loss                 0.7971
2025-04-28 10:06:49,341 simple_logger.py log_once [line:28] INFO std_val_loss                  0.0607
2025-04-28 10:06:49,341 fedbase.py run [line:323] INFO expense           2841683350.0
2025-04-28 10:06:49,341 fedbase.py run [line:324] INFO Eval Time Cost:               3.1304s
2025-04-28 10:06:49,341 asyncbase.py iterate [line:68] INFO Select clients [0, 1, 2, 3, 4, 5, 6, 7, 8, 9, 10, 11, 12, 13, 14, 15, 16, 17, 18, 19] at time 577.
2025-04-28 10:08:40,704 asyncbase.py iterate [line:73] INFO Receive new models from clients [13, 5, 11, 0, 18, 4, 8, 17, 2, 16, 15, 12, 10, 3, 1, 19, 14, 7, 6, 9] at time 578
2025-04-28 10:08:41,170 fedbase.py run [line:318] INFO --------------Round 236--------------
2025-04-28 10:08:41,171 simple_logger.py log_once [line:14] INFO Current_time:578
2025-04-28 10:08:44,269 simple_logger.py log_once [line:28] INFO test_accuracy                 0.7227
2025-04-28 10:08:44,269 simple_logger.py log_once [line:28] INFO test_loss                     0.7828
2025-04-28 10:08:44,270 simple_logger.py log_once [line:28] INFO val_accuracy                  0.7240
2025-04-28 10:08:44,270 simple_logger.py log_once [line:28] INFO mean_val_accuracy             0.7240
2025-04-28 10:08:44,270 simple_logger.py log_once [line:28] INFO std_val_accuracy              0.0292
2025-04-28 10:08:44,270 simple_logger.py log_once [line:28] INFO val_loss                      0.7975
2025-04-28 10:08:44,270 simple_logger.py log_once [line:28] INFO mean_val_loss                 0.7975
2025-04-28 10:08:44,270 simple_logger.py log_once [line:28] INFO std_val_loss                  0.0595
2025-04-28 10:08:44,270 fedbase.py run [line:323] INFO expense           2846114550.0
2025-04-28 10:08:44,270 fedbase.py run [line:324] INFO Eval Time Cost:               3.0991s
2025-04-28 10:08:44,270 asyncbase.py iterate [line:68] INFO Select clients [0, 1, 2, 3, 4, 5, 6, 7, 8, 9, 10, 11, 12, 13, 14, 15, 16, 17, 18, 19] at time 579.
2025-04-28 10:10:37,618 asyncbase.py iterate [line:73] INFO Receive new models from clients [18, 19, 10, 12, 8, 13, 9, 4, 6, 3, 17, 11, 5, 2, 1, 7, 16, 15, 0, 14] at time 580
2025-04-28 10:10:38,094 fedbase.py run [line:318] INFO --------------Round 237--------------
2025-04-28 10:10:38,095 simple_logger.py log_once [line:14] INFO Current_time:580
2025-04-28 10:10:41,115 simple_logger.py log_once [line:28] INFO test_accuracy                 0.7264
2025-04-28 10:10:41,116 simple_logger.py log_once [line:28] INFO test_loss                     0.7743
2025-04-28 10:10:41,116 simple_logger.py log_once [line:28] INFO val_accuracy                  0.7244
2025-04-28 10:10:41,116 simple_logger.py log_once [line:28] INFO mean_val_accuracy             0.7244
2025-04-28 10:10:41,116 simple_logger.py log_once [line:28] INFO std_val_accuracy              0.0291
2025-04-28 10:10:41,116 simple_logger.py log_once [line:28] INFO val_loss                      0.7899
2025-04-28 10:10:41,116 simple_logger.py log_once [line:28] INFO mean_val_loss                 0.7899
2025-04-28 10:10:41,116 simple_logger.py log_once [line:28] INFO std_val_loss                  0.0618
2025-04-28 10:10:41,116 fedbase.py run [line:323] INFO expense           2850545750.0
2025-04-28 10:10:41,116 fedbase.py run [line:324] INFO Eval Time Cost:               3.0211s
2025-04-28 10:10:41,116 asyncbase.py iterate [line:68] INFO Select clients [0, 1, 2, 3, 4, 5, 6, 7, 8, 9, 10, 11, 12, 13, 14, 15, 16, 17, 18, 19] at time 581.
2025-04-28 10:12:32,370 asyncbase.py iterate [line:73] INFO Receive new models from clients [16, 9, 2, 8, 0, 12, 10, 3, 14, 4, 7, 15, 5, 6, 1, 19, 17, 13, 11, 18] at time 582
2025-04-28 10:12:32,825 fedbase.py run [line:318] INFO --------------Round 238--------------
2025-04-28 10:12:32,826 simple_logger.py log_once [line:14] INFO Current_time:582
2025-04-28 10:12:35,941 simple_logger.py log_once [line:28] INFO test_accuracy                 0.7271
2025-04-28 10:12:35,942 simple_logger.py log_once [line:28] INFO test_loss                     0.7738
2025-04-28 10:12:35,942 simple_logger.py log_once [line:28] INFO val_accuracy                  0.7240
2025-04-28 10:12:35,942 simple_logger.py log_once [line:28] INFO mean_val_accuracy             0.7240
2025-04-28 10:12:35,942 simple_logger.py log_once [line:28] INFO std_val_accuracy              0.0276
2025-04-28 10:12:35,942 simple_logger.py log_once [line:28] INFO val_loss                      0.7874
2025-04-28 10:12:35,942 simple_logger.py log_once [line:28] INFO mean_val_loss                 0.7874
2025-04-28 10:12:35,942 simple_logger.py log_once [line:28] INFO std_val_loss                  0.0608
2025-04-28 10:12:35,942 fedbase.py run [line:323] INFO expense           2854976950.0
2025-04-28 10:12:35,942 fedbase.py run [line:324] INFO Eval Time Cost:               3.1164s
2025-04-28 10:12:35,942 asyncbase.py iterate [line:68] INFO Select clients [0, 1, 2, 3, 4, 5, 6, 7, 8, 9, 10, 11, 12, 13, 14, 15, 16, 17, 18, 19] at time 583.
2025-04-28 10:14:27,241 asyncbase.py iterate [line:73] INFO Receive new models from clients [11, 17, 9, 19, 4, 0, 16, 5, 12, 10, 2, 7, 8, 3, 14, 18, 15, 13, 1, 6] at time 584
2025-04-28 10:14:27,757 fedbase.py run [line:318] INFO --------------Round 239--------------
2025-04-28 10:14:27,758 simple_logger.py log_once [line:14] INFO Current_time:584
2025-04-28 10:14:30,942 simple_logger.py log_once [line:28] INFO test_accuracy                 0.7228
2025-04-28 10:14:30,942 simple_logger.py log_once [line:28] INFO test_loss                     0.7857
2025-04-28 10:14:30,943 simple_logger.py log_once [line:28] INFO val_accuracy                  0.7174
2025-04-28 10:14:30,943 simple_logger.py log_once [line:28] INFO mean_val_accuracy             0.7174
2025-04-28 10:14:30,943 simple_logger.py log_once [line:28] INFO std_val_accuracy              0.0285
2025-04-28 10:14:30,943 simple_logger.py log_once [line:28] INFO val_loss                      0.7999
2025-04-28 10:14:30,943 simple_logger.py log_once [line:28] INFO mean_val_loss                 0.7999
2025-04-28 10:14:30,943 simple_logger.py log_once [line:28] INFO std_val_loss                  0.0601
2025-04-28 10:14:30,943 fedbase.py run [line:323] INFO expense           2859408150.0
2025-04-28 10:14:30,943 fedbase.py run [line:324] INFO Eval Time Cost:               3.1854s
2025-04-28 10:14:30,943 asyncbase.py iterate [line:68] INFO Select clients [0, 1, 2, 3, 4, 5, 6, 7, 8, 9, 10, 11, 12, 13, 14, 15, 16, 17, 18, 19] at time 585.
2025-04-28 10:16:40,876 asyncbase.py iterate [line:73] INFO Receive new models from clients [18, 10, 6, 3, 1, 11, 0, 9, 2, 7, 12, 4, 14, 5, 8, 13, 19, 15, 16, 17] at time 586
2025-04-28 10:16:41,349 fedbase.py run [line:318] INFO --------------Round 240--------------
2025-04-28 10:16:41,350 simple_logger.py log_once [line:14] INFO Current_time:586
2025-04-28 10:16:44,737 simple_logger.py log_once [line:28] INFO test_accuracy                 0.7250
2025-04-28 10:16:44,737 simple_logger.py log_once [line:28] INFO test_loss                     0.7753
2025-04-28 10:16:44,737 simple_logger.py log_once [line:28] INFO val_accuracy                  0.7228
2025-04-28 10:16:44,737 simple_logger.py log_once [line:28] INFO mean_val_accuracy             0.7228
2025-04-28 10:16:44,737 simple_logger.py log_once [line:28] INFO std_val_accuracy              0.0285
2025-04-28 10:16:44,737 simple_logger.py log_once [line:28] INFO val_loss                      0.7876
2025-04-28 10:16:44,737 simple_logger.py log_once [line:28] INFO mean_val_loss                 0.7876
2025-04-28 10:16:44,737 simple_logger.py log_once [line:28] INFO std_val_loss                  0.0596
2025-04-28 10:16:44,737 fedbase.py run [line:323] INFO expense           2863839350.0
2025-04-28 10:16:44,737 fedbase.py run [line:324] INFO Eval Time Cost:               3.3872s
2025-04-28 10:16:44,737 asyncbase.py iterate [line:68] INFO Select clients [0, 1, 2, 3, 4, 5, 6, 7, 8, 9, 10, 11, 12, 13, 14, 15, 16, 17, 18, 19] at time 587.
2025-04-28 10:19:14,895 asyncbase.py iterate [line:73] INFO Receive new models from clients [12, 15, 4, 13, 5, 1, 9, 8, 0, 19, 2, 11, 18, 3, 7, 10, 6, 16, 14, 17] at time 588
2025-04-28 10:19:15,444 fedbase.py run [line:318] INFO --------------Round 241--------------
2025-04-28 10:19:15,444 simple_logger.py log_once [line:14] INFO Current_time:588
2025-04-28 10:19:18,615 simple_logger.py log_once [line:28] INFO test_accuracy                 0.7249
2025-04-28 10:19:18,615 simple_logger.py log_once [line:28] INFO test_loss                     0.7736
2025-04-28 10:19:18,615 simple_logger.py log_once [line:28] INFO val_accuracy                  0.7266
2025-04-28 10:19:18,616 simple_logger.py log_once [line:28] INFO mean_val_accuracy             0.7266
2025-04-28 10:19:18,616 simple_logger.py log_once [line:28] INFO std_val_accuracy              0.0285
2025-04-28 10:19:18,616 simple_logger.py log_once [line:28] INFO val_loss                      0.7872
2025-04-28 10:19:18,616 simple_logger.py log_once [line:28] INFO mean_val_loss                 0.7872
2025-04-28 10:19:18,616 simple_logger.py log_once [line:28] INFO std_val_loss                  0.0597
2025-04-28 10:19:18,616 fedbase.py run [line:323] INFO expense           2868270550.0
2025-04-28 10:19:18,616 fedbase.py run [line:324] INFO Eval Time Cost:               3.1716s
2025-04-28 10:19:18,616 asyncbase.py iterate [line:68] INFO Select clients [0, 1, 2, 3, 4, 5, 6, 7, 8, 9, 10, 11, 12, 13, 14, 15, 16, 17, 18, 19] at time 589.
2025-04-28 10:19:52,291 asyncbase.py iterate [line:73] INFO Receive new models from clients [10, 8, 16, 14, 17, 9, 7, 5, 13, 4, 0, 3, 19, 18, 12, 2, 15, 6, 1, 11] at time 590
2025-04-28 10:19:59,513 fedbase.py run [line:318] INFO --------------Round 242--------------
2025-04-28 10:19:59,513 simple_logger.py log_once [line:14] INFO Current_time:590
2025-04-28 10:20:02,649 simple_logger.py log_once [line:28] INFO test_accuracy                 0.7240
2025-04-28 10:20:02,649 simple_logger.py log_once [line:28] INFO test_loss                     0.7730
2025-04-28 10:20:02,649 simple_logger.py log_once [line:28] INFO val_accuracy                  0.7214
2025-04-28 10:20:02,649 simple_logger.py log_once [line:28] INFO mean_val_accuracy             0.7214
2025-04-28 10:20:02,649 simple_logger.py log_once [line:28] INFO std_val_accuracy              0.0249
2025-04-28 10:20:02,649 simple_logger.py log_once [line:28] INFO val_loss                      0.7899
2025-04-28 10:20:02,649 simple_logger.py log_once [line:28] INFO mean_val_loss                 0.7899
2025-04-28 10:20:02,650 simple_logger.py log_once [line:28] INFO std_val_loss                  0.0631
2025-04-28 10:20:02,650 fedbase.py run [line:323] INFO expense           2924140360.0
2025-04-28 10:20:02,650 fedbase.py run [line:324] INFO Eval Time Cost:               3.1363s
2025-04-28 10:20:02,650 asyncbase.py iterate [line:68] INFO Select clients [0, 1, 2, 3, 4, 5, 6, 7, 8, 9, 10, 11, 12, 13, 14, 15, 16, 17, 18, 19] at time 591.
2025-04-28 10:22:26,073 asyncbase.py iterate [line:73] INFO Receive new models from clients [2, 11, 6, 3, 13, 5, 0, 12, 14, 18, 16, 8, 9, 19, 7, 10, 17] at time 594
2025-04-28 10:22:26,073 asyncbase.py iterate [line:73] INFO Receive new models from clients [4, 1, 15] at time 595
2025-04-28 10:22:26,692 fedbase.py run [line:318] INFO --------------Round 243--------------
2025-04-28 10:22:26,693 simple_logger.py log_once [line:14] INFO Current_time:595
2025-04-28 10:22:30,068 simple_logger.py log_once [line:28] INFO test_accuracy                 0.7273
2025-04-28 10:22:30,069 simple_logger.py log_once [line:28] INFO test_loss                     0.7753
2025-04-28 10:22:30,069 simple_logger.py log_once [line:28] INFO val_accuracy                  0.7262
2025-04-28 10:22:30,069 simple_logger.py log_once [line:28] INFO mean_val_accuracy             0.7262
2025-04-28 10:22:30,069 simple_logger.py log_once [line:28] INFO std_val_accuracy              0.0265
2025-04-28 10:22:30,069 simple_logger.py log_once [line:28] INFO val_loss                      0.7929
2025-04-28 10:22:30,069 simple_logger.py log_once [line:28] INFO mean_val_loss                 0.7929
2025-04-28 10:22:30,069 simple_logger.py log_once [line:28] INFO std_val_loss                  0.0579
2025-04-28 10:22:30,069 fedbase.py run [line:323] INFO expense           2928571560.0
2025-04-28 10:22:30,069 fedbase.py run [line:324] INFO Eval Time Cost:               3.3763s
2025-04-28 10:22:30,069 asyncbase.py iterate [line:68] INFO Select clients [0, 1, 2, 3, 4, 5, 6, 7, 8, 9, 10, 11, 12, 13, 14, 15, 16, 17, 18, 19] at time 596.
2025-04-28 10:24:53,067 asyncbase.py iterate [line:73] INFO Receive new models from clients [13, 18, 4, 16, 0, 7, 8, 10, 11, 19, 1, 14, 9, 2, 17, 15, 3, 6, 5, 12] at time 597
2025-04-28 10:24:53,645 fedbase.py run [line:318] INFO --------------Round 244--------------
2025-04-28 10:24:53,646 simple_logger.py log_once [line:14] INFO Current_time:597
2025-04-28 10:24:56,802 simple_logger.py log_once [line:28] INFO test_accuracy                 0.7257
2025-04-28 10:24:56,803 simple_logger.py log_once [line:28] INFO test_loss                     0.7762
2025-04-28 10:24:56,803 simple_logger.py log_once [line:28] INFO val_accuracy                  0.7230
2025-04-28 10:24:56,803 simple_logger.py log_once [line:28] INFO mean_val_accuracy             0.7230
2025-04-28 10:24:56,803 simple_logger.py log_once [line:28] INFO std_val_accuracy              0.0284
2025-04-28 10:24:56,803 simple_logger.py log_once [line:28] INFO val_loss                      0.7927
2025-04-28 10:24:56,803 simple_logger.py log_once [line:28] INFO mean_val_loss                 0.7927
2025-04-28 10:24:56,803 simple_logger.py log_once [line:28] INFO std_val_loss                  0.0589
2025-04-28 10:24:56,803 fedbase.py run [line:323] INFO expense           2933002760.0
2025-04-28 10:24:56,803 fedbase.py run [line:324] INFO Eval Time Cost:               3.1572s
2025-04-28 10:24:56,803 asyncbase.py iterate [line:68] INFO Select clients [0, 1, 2, 3, 4, 5, 6, 7, 8, 9, 10, 11, 12, 13, 14, 15, 16, 17, 18, 19] at time 598.
2025-04-28 10:27:22,013 asyncbase.py iterate [line:73] INFO Receive new models from clients [17, 19, 11, 6, 15, 10, 2, 14, 12, 9, 13, 1, 3, 8, 0, 16, 7, 18, 5, 4] at time 599
2025-04-28 10:27:22,682 fedbase.py run [line:318] INFO --------------Round 245--------------
2025-04-28 10:27:22,683 simple_logger.py log_once [line:14] INFO Current_time:599
2025-04-28 10:27:26,052 simple_logger.py log_once [line:28] INFO test_accuracy                 0.7302
2025-04-28 10:27:26,052 simple_logger.py log_once [line:28] INFO test_loss                     0.7628
2025-04-28 10:27:26,052 simple_logger.py log_once [line:28] INFO val_accuracy                  0.7252
2025-04-28 10:27:26,052 simple_logger.py log_once [line:28] INFO mean_val_accuracy             0.7252
2025-04-28 10:27:26,052 simple_logger.py log_once [line:28] INFO std_val_accuracy              0.0271
2025-04-28 10:27:26,052 simple_logger.py log_once [line:28] INFO val_loss                      0.7807
2025-04-28 10:27:26,052 simple_logger.py log_once [line:28] INFO mean_val_loss                 0.7807
2025-04-28 10:27:26,052 simple_logger.py log_once [line:28] INFO std_val_loss                  0.0603
2025-04-28 10:27:26,052 fedbase.py run [line:323] INFO expense           2937433960.0
2025-04-28 10:27:26,053 fedbase.py run [line:324] INFO Eval Time Cost:               3.3696s
2025-04-28 10:27:26,053 asyncbase.py iterate [line:68] INFO Select clients [0, 1, 2, 3, 4, 5, 6, 7, 8, 9, 10, 11, 12, 13, 14, 15, 16, 17, 18, 19] at time 600.
2025-04-28 10:29:50,292 asyncbase.py iterate [line:73] INFO Receive new models from clients [10, 18, 16, 12, 2, 14, 13, 4, 8, 1, 19, 11, 0, 9, 5, 17, 6, 3, 7, 15] at time 601
2025-04-28 10:29:50,832 fedbase.py run [line:318] INFO --------------Round 246--------------
2025-04-28 10:29:50,833 simple_logger.py log_once [line:14] INFO Current_time:601
2025-04-28 10:29:54,095 simple_logger.py log_once [line:28] INFO test_accuracy                 0.7284
2025-04-28 10:29:54,095 simple_logger.py log_once [line:28] INFO test_loss                     0.7661
2025-04-28 10:29:54,095 simple_logger.py log_once [line:28] INFO val_accuracy                  0.7272
2025-04-28 10:29:54,095 simple_logger.py log_once [line:28] INFO mean_val_accuracy             0.7272
2025-04-28 10:29:54,095 simple_logger.py log_once [line:28] INFO std_val_accuracy              0.0263
2025-04-28 10:29:54,095 simple_logger.py log_once [line:28] INFO val_loss                      0.7829
2025-04-28 10:29:54,095 simple_logger.py log_once [line:28] INFO mean_val_loss                 0.7829
2025-04-28 10:29:54,095 simple_logger.py log_once [line:28] INFO std_val_loss                  0.0605
2025-04-28 10:29:54,095 fedbase.py run [line:323] INFO expense           2941865160.0
2025-04-28 10:29:54,095 fedbase.py run [line:324] INFO Eval Time Cost:               3.2627s
2025-04-28 10:29:54,095 asyncbase.py iterate [line:68] INFO Select clients [0, 1, 2, 3, 4, 5, 6, 7, 8, 9, 10, 11, 12, 13, 14, 15, 16, 17, 18, 19] at time 602.
2025-04-28 10:32:23,361 asyncbase.py iterate [line:73] INFO Receive new models from clients [12, 19, 15, 1, 18, 3, 2, 8, 13, 5, 17, 7, 9, 16, 14, 4, 0, 6, 10, 11] at time 603
2025-04-28 10:32:23,953 fedbase.py run [line:318] INFO --------------Round 247--------------
2025-04-28 10:32:23,954 simple_logger.py log_once [line:14] INFO Current_time:603
2025-04-28 10:32:27,304 simple_logger.py log_once [line:28] INFO test_accuracy                 0.7261
2025-04-28 10:32:27,304 simple_logger.py log_once [line:28] INFO test_loss                     0.7678
2025-04-28 10:32:27,304 simple_logger.py log_once [line:28] INFO val_accuracy                  0.7258
2025-04-28 10:32:27,304 simple_logger.py log_once [line:28] INFO mean_val_accuracy             0.7258
2025-04-28 10:32:27,304 simple_logger.py log_once [line:28] INFO std_val_accuracy              0.0278
2025-04-28 10:32:27,304 simple_logger.py log_once [line:28] INFO val_loss                      0.7855
2025-04-28 10:32:27,304 simple_logger.py log_once [line:28] INFO mean_val_loss                 0.7855
2025-04-28 10:32:27,304 simple_logger.py log_once [line:28] INFO std_val_loss                  0.0607
2025-04-28 10:32:27,305 fedbase.py run [line:323] INFO expense           2946296360.0
2025-04-28 10:32:27,305 fedbase.py run [line:324] INFO Eval Time Cost:               3.3508s
2025-04-28 10:32:27,305 asyncbase.py iterate [line:68] INFO Select clients [0, 1, 2, 3, 4, 5, 6, 7, 8, 9, 10, 11, 12, 13, 14, 15, 16, 17, 18, 19] at time 604.
2025-04-28 10:34:51,751 asyncbase.py iterate [line:73] INFO Receive new models from clients [10, 11, 1, 0, 2, 13, 9, 5, 4, 6, 17, 3, 16, 8, 12, 14, 19, 18, 15, 7] at time 605
2025-04-28 10:34:52,324 fedbase.py run [line:318] INFO --------------Round 248--------------
2025-04-28 10:34:52,325 simple_logger.py log_once [line:14] INFO Current_time:605
2025-04-28 10:34:55,491 simple_logger.py log_once [line:28] INFO test_accuracy                 0.7264
2025-04-28 10:34:55,492 simple_logger.py log_once [line:28] INFO test_loss                     0.7697
2025-04-28 10:34:55,492 simple_logger.py log_once [line:28] INFO val_accuracy                  0.7248
2025-04-28 10:34:55,492 simple_logger.py log_once [line:28] INFO mean_val_accuracy             0.7248
2025-04-28 10:34:55,492 simple_logger.py log_once [line:28] INFO std_val_accuracy              0.0274
2025-04-28 10:34:55,492 simple_logger.py log_once [line:28] INFO val_loss                      0.7853
2025-04-28 10:34:55,492 simple_logger.py log_once [line:28] INFO mean_val_loss                 0.7853
2025-04-28 10:34:55,492 simple_logger.py log_once [line:28] INFO std_val_loss                  0.0628
2025-04-28 10:34:55,492 fedbase.py run [line:323] INFO expense           2950727560.0
2025-04-28 10:34:55,492 fedbase.py run [line:324] INFO Eval Time Cost:               3.1670s
2025-04-28 10:34:55,492 asyncbase.py iterate [line:68] INFO Select clients [0, 1, 2, 3, 4, 5, 6, 7, 8, 9, 10, 11, 12, 13, 14, 15, 16, 17, 18, 19] at time 606.
2025-04-28 10:37:23,286 asyncbase.py iterate [line:73] INFO Receive new models from clients [5, 10, 11, 12, 18, 0, 15, 17, 14, 9, 4, 8, 19, 1, 13, 2, 16, 6, 3, 7] at time 607
2025-04-28 10:37:23,906 fedbase.py run [line:318] INFO --------------Round 249--------------
2025-04-28 10:37:23,906 simple_logger.py log_once [line:14] INFO Current_time:607
2025-04-28 10:37:27,052 simple_logger.py log_once [line:28] INFO test_accuracy                 0.7287
2025-04-28 10:37:27,052 simple_logger.py log_once [line:28] INFO test_loss                     0.7693
2025-04-28 10:37:27,053 simple_logger.py log_once [line:28] INFO val_accuracy                  0.7250
2025-04-28 10:37:27,053 simple_logger.py log_once [line:28] INFO mean_val_accuracy             0.7250
2025-04-28 10:37:27,053 simple_logger.py log_once [line:28] INFO std_val_accuracy              0.0270
2025-04-28 10:37:27,053 simple_logger.py log_once [line:28] INFO val_loss                      0.7864
2025-04-28 10:37:27,053 simple_logger.py log_once [line:28] INFO mean_val_loss                 0.7864
2025-04-28 10:37:27,053 simple_logger.py log_once [line:28] INFO std_val_loss                  0.0589
2025-04-28 10:37:27,053 fedbase.py run [line:323] INFO expense           2955158760.0
2025-04-28 10:37:27,053 fedbase.py run [line:324] INFO Eval Time Cost:               3.1466s
2025-04-28 10:37:27,053 asyncbase.py iterate [line:68] INFO Select clients [0, 1, 2, 3, 4, 5, 6, 7, 8, 9, 10, 11, 12, 13, 14, 15, 16, 17, 18, 19] at time 608.
2025-04-28 10:39:48,906 asyncbase.py iterate [line:73] INFO Receive new models from clients [8, 1, 12, 11, 15, 4, 5, 0, 17, 16, 14, 18, 13, 6, 2, 3, 7, 10, 19, 9] at time 609
2025-04-28 10:39:49,425 fedbase.py run [line:318] INFO --------------Round 250--------------
2025-04-28 10:39:49,426 simple_logger.py log_once [line:14] INFO Current_time:609
2025-04-28 10:39:52,780 simple_logger.py log_once [line:28] INFO test_accuracy                 0.7280
2025-04-28 10:39:52,781 simple_logger.py log_once [line:28] INFO test_loss                     0.7702
2025-04-28 10:39:52,781 simple_logger.py log_once [line:28] INFO val_accuracy                  0.7224
2025-04-28 10:39:52,781 simple_logger.py log_once [line:28] INFO mean_val_accuracy             0.7224
2025-04-28 10:39:52,781 simple_logger.py log_once [line:28] INFO std_val_accuracy              0.0273
2025-04-28 10:39:52,781 simple_logger.py log_once [line:28] INFO val_loss                      0.7871
2025-04-28 10:39:52,781 simple_logger.py log_once [line:28] INFO mean_val_loss                 0.7871
2025-04-28 10:39:52,781 simple_logger.py log_once [line:28] INFO std_val_loss                  0.0587
2025-04-28 10:39:52,781 fedbase.py run [line:323] INFO expense           2959589960.0
2025-04-28 10:39:52,781 fedbase.py run [line:324] INFO Eval Time Cost:               3.3553s
2025-04-28 10:39:52,781 asyncbase.py iterate [line:68] INFO Select clients [0, 1, 2, 3, 4, 5, 6, 7, 8, 9, 10, 11, 12, 13, 14, 15, 16, 17, 18, 19] at time 610.
2025-04-28 10:42:21,885 asyncbase.py iterate [line:73] INFO Receive new models from clients [8, 19, 12, 1, 15, 11, 2, 13, 5, 3, 6, 18, 7, 10, 0, 4, 9, 16, 14, 17] at time 611
2025-04-28 10:42:22,459 fedbase.py run [line:318] INFO --------------Round 251--------------
2025-04-28 10:42:22,459 simple_logger.py log_once [line:14] INFO Current_time:611
2025-04-28 10:42:25,574 simple_logger.py log_once [line:28] INFO test_accuracy                 0.7274
2025-04-28 10:42:25,574 simple_logger.py log_once [line:28] INFO test_loss                     0.7653
2025-04-28 10:42:25,574 simple_logger.py log_once [line:28] INFO val_accuracy                  0.7280
2025-04-28 10:42:25,574 simple_logger.py log_once [line:28] INFO mean_val_accuracy             0.7280
2025-04-28 10:42:25,574 simple_logger.py log_once [line:28] INFO std_val_accuracy              0.0281
2025-04-28 10:42:25,574 simple_logger.py log_once [line:28] INFO val_loss                      0.7812
2025-04-28 10:42:25,574 simple_logger.py log_once [line:28] INFO mean_val_loss                 0.7812
2025-04-28 10:42:25,574 simple_logger.py log_once [line:28] INFO std_val_loss                  0.0608
2025-04-28 10:42:25,574 fedbase.py run [line:323] INFO expense           2964021160.0
2025-04-28 10:42:25,574 fedbase.py run [line:324] INFO Eval Time Cost:               3.1150s
2025-04-28 10:42:25,574 asyncbase.py iterate [line:68] INFO Select clients [0, 1, 2, 3, 4, 5, 6, 7, 8, 9, 10, 11, 12, 13, 14, 15, 16, 17, 18, 19] at time 612.
2025-04-28 10:44:55,225 asyncbase.py iterate [line:73] INFO Receive new models from clients [19, 2, 15, 9, 0, 4, 14, 6, 1, 7, 13, 16, 12, 3, 10, 17, 18, 11, 8, 5] at time 613
2025-04-28 10:44:55,726 fedbase.py run [line:318] INFO --------------Round 252--------------
2025-04-28 10:44:55,727 simple_logger.py log_once [line:14] INFO Current_time:613
2025-04-28 10:44:59,153 simple_logger.py log_once [line:28] INFO test_accuracy                 0.7249
2025-04-28 10:44:59,153 simple_logger.py log_once [line:28] INFO test_loss                     0.7687
2025-04-28 10:44:59,153 simple_logger.py log_once [line:28] INFO val_accuracy                  0.7252
2025-04-28 10:44:59,153 simple_logger.py log_once [line:28] INFO mean_val_accuracy             0.7252
2025-04-28 10:44:59,153 simple_logger.py log_once [line:28] INFO std_val_accuracy              0.0268
2025-04-28 10:44:59,153 simple_logger.py log_once [line:28] INFO val_loss                      0.7836
2025-04-28 10:44:59,153 simple_logger.py log_once [line:28] INFO mean_val_loss                 0.7836
2025-04-28 10:44:59,153 simple_logger.py log_once [line:28] INFO std_val_loss                  0.0630
2025-04-28 10:44:59,153 fedbase.py run [line:323] INFO expense           2968452360.0
2025-04-28 10:44:59,153 fedbase.py run [line:324] INFO Eval Time Cost:               3.4266s
2025-04-28 10:44:59,153 asyncbase.py iterate [line:68] INFO Select clients [0, 1, 2, 3, 4, 5, 6, 7, 8, 9, 10, 11, 12, 13, 14, 15, 16, 17, 18, 19] at time 614.
2025-04-28 10:47:23,205 asyncbase.py iterate [line:73] INFO Receive new models from clients [5, 16, 6, 15, 9, 2, 8, 12, 17, 19, 10, 13, 0, 7, 11, 1, 18, 4, 3, 14] at time 615
2025-04-28 10:47:23,724 fedbase.py run [line:318] INFO --------------Round 253--------------
2025-04-28 10:47:23,725 simple_logger.py log_once [line:14] INFO Current_time:615
2025-04-28 10:47:26,892 simple_logger.py log_once [line:28] INFO test_accuracy                 0.7261
2025-04-28 10:47:26,893 simple_logger.py log_once [line:28] INFO test_loss                     0.7680
2025-04-28 10:47:26,893 simple_logger.py log_once [line:28] INFO val_accuracy                  0.7256
2025-04-28 10:47:26,893 simple_logger.py log_once [line:28] INFO mean_val_accuracy             0.7256
2025-04-28 10:47:26,893 simple_logger.py log_once [line:28] INFO std_val_accuracy              0.0287
2025-04-28 10:47:26,893 simple_logger.py log_once [line:28] INFO val_loss                      0.7822
2025-04-28 10:47:26,893 simple_logger.py log_once [line:28] INFO mean_val_loss                 0.7822
2025-04-28 10:47:26,893 simple_logger.py log_once [line:28] INFO std_val_loss                  0.0610
2025-04-28 10:47:26,893 fedbase.py run [line:323] INFO expense           2972883560.0
2025-04-28 10:47:26,893 fedbase.py run [line:324] INFO Eval Time Cost:               3.1684s
2025-04-28 10:47:26,893 asyncbase.py iterate [line:68] INFO Select clients [0, 1, 2, 3, 4, 5, 6, 7, 8, 9, 10, 11, 12, 13, 14, 15, 16, 17, 18, 19] at time 616.
2025-04-28 10:49:57,847 asyncbase.py iterate [line:73] INFO Receive new models from clients [11, 0, 16, 6, 4, 7, 9, 5, 18, 1, 2, 19, 15, 8, 12, 17, 13, 14, 3, 10] at time 617
2025-04-28 10:49:58,429 fedbase.py run [line:318] INFO --------------Round 254--------------
2025-04-28 10:49:58,430 simple_logger.py log_once [line:14] INFO Current_time:617
2025-04-28 10:50:01,971 simple_logger.py log_once [line:28] INFO test_accuracy                 0.7289
2025-04-28 10:50:01,971 simple_logger.py log_once [line:28] INFO test_loss                     0.7622
2025-04-28 10:50:01,971 simple_logger.py log_once [line:28] INFO val_accuracy                  0.7268
2025-04-28 10:50:01,971 simple_logger.py log_once [line:28] INFO mean_val_accuracy             0.7268
2025-04-28 10:50:01,971 simple_logger.py log_once [line:28] INFO std_val_accuracy              0.0261
2025-04-28 10:50:01,971 simple_logger.py log_once [line:28] INFO val_loss                      0.7811
2025-04-28 10:50:01,971 simple_logger.py log_once [line:28] INFO mean_val_loss                 0.7811
2025-04-28 10:50:01,971 simple_logger.py log_once [line:28] INFO std_val_loss                  0.0576
2025-04-28 10:50:01,971 fedbase.py run [line:323] INFO expense           2977314760.0
2025-04-28 10:50:01,971 fedbase.py run [line:324] INFO Eval Time Cost:               3.5415s
2025-04-28 10:50:01,971 asyncbase.py iterate [line:68] INFO Select clients [0, 1, 2, 3, 4, 5, 6, 7, 8, 9, 10, 11, 12, 13, 14, 15, 16, 17, 18, 19] at time 618.
2025-04-28 10:52:25,910 asyncbase.py iterate [line:73] INFO Receive new models from clients [8, 16, 14, 17, 19, 1, 7, 3, 12, 6, 2, 10, 18, 11, 13, 4, 0, 15, 5, 9] at time 619
2025-04-28 10:52:26,617 fedbase.py run [line:318] INFO --------------Round 255--------------
2025-04-28 10:52:26,618 simple_logger.py log_once [line:14] INFO Current_time:619
2025-04-28 10:52:29,995 simple_logger.py log_once [line:28] INFO test_accuracy                 0.7248
2025-04-28 10:52:29,995 simple_logger.py log_once [line:28] INFO test_loss                     0.7797
2025-04-28 10:52:29,995 simple_logger.py log_once [line:28] INFO val_accuracy                  0.7232
2025-04-28 10:52:29,995 simple_logger.py log_once [line:28] INFO mean_val_accuracy             0.7232
2025-04-28 10:52:29,995 simple_logger.py log_once [line:28] INFO std_val_accuracy              0.0289
2025-04-28 10:52:29,996 simple_logger.py log_once [line:28] INFO val_loss                      0.7917
2025-04-28 10:52:29,996 simple_logger.py log_once [line:28] INFO mean_val_loss                 0.7917
2025-04-28 10:52:29,996 simple_logger.py log_once [line:28] INFO std_val_loss                  0.0617
2025-04-28 10:52:29,996 fedbase.py run [line:323] INFO expense           2981745960.0
2025-04-28 10:52:29,996 fedbase.py run [line:324] INFO Eval Time Cost:               3.3776s
2025-04-28 10:52:29,996 asyncbase.py iterate [line:68] INFO Select clients [0, 1, 2, 3, 4, 5, 6, 7, 8, 9, 10, 11, 12, 13, 14, 15, 16, 17, 18, 19] at time 620.
2025-04-28 10:54:54,370 asyncbase.py iterate [line:73] INFO Receive new models from clients [11, 3, 8, 17, 13, 9, 18, 6, 12, 7, 2, 5, 4, 0, 10, 1, 19, 15, 14, 16] at time 621
2025-04-28 10:54:54,966 fedbase.py run [line:318] INFO --------------Round 256--------------
2025-04-28 10:54:54,967 simple_logger.py log_once [line:14] INFO Current_time:621
2025-04-28 10:54:58,135 simple_logger.py log_once [line:28] INFO test_accuracy                 0.7278
2025-04-28 10:54:58,136 simple_logger.py log_once [line:28] INFO test_loss                     0.7617
2025-04-28 10:54:58,136 simple_logger.py log_once [line:28] INFO val_accuracy                  0.7290
2025-04-28 10:54:58,136 simple_logger.py log_once [line:28] INFO mean_val_accuracy             0.7290
2025-04-28 10:54:58,136 simple_logger.py log_once [line:28] INFO std_val_accuracy              0.0297
2025-04-28 10:54:58,136 simple_logger.py log_once [line:28] INFO val_loss                      0.7803
2025-04-28 10:54:58,136 simple_logger.py log_once [line:28] INFO mean_val_loss                 0.7803
2025-04-28 10:54:58,136 simple_logger.py log_once [line:28] INFO std_val_loss                  0.0594
2025-04-28 10:54:58,136 fedbase.py run [line:323] INFO expense           2986177160.0
2025-04-28 10:54:58,136 fedbase.py run [line:324] INFO Eval Time Cost:               3.1691s
2025-04-28 10:54:58,136 asyncbase.py iterate [line:68] INFO Select clients [0, 1, 2, 3, 4, 5, 6, 7, 8, 9, 10, 11, 12, 13, 14, 15, 16, 17, 18, 19] at time 622.
2025-04-28 10:57:21,808 asyncbase.py iterate [line:73] INFO Receive new models from clients [12, 10, 18, 4, 15, 2, 19, 6, 13, 7, 16, 17, 0, 1, 11, 14, 8, 3, 5, 9] at time 623
2025-04-28 10:57:22,326 fedbase.py run [line:318] INFO --------------Round 257--------------
2025-04-28 10:57:22,326 simple_logger.py log_once [line:14] INFO Current_time:623
2025-04-28 10:57:25,493 simple_logger.py log_once [line:28] INFO test_accuracy                 0.7206
2025-04-28 10:57:25,493 simple_logger.py log_once [line:28] INFO test_loss                     0.7804
2025-04-28 10:57:25,493 simple_logger.py log_once [line:28] INFO val_accuracy                  0.7234
2025-04-28 10:57:25,493 simple_logger.py log_once [line:28] INFO mean_val_accuracy             0.7234
2025-04-28 10:57:25,493 simple_logger.py log_once [line:28] INFO std_val_accuracy              0.0285
2025-04-28 10:57:25,493 simple_logger.py log_once [line:28] INFO val_loss                      0.7932
2025-04-28 10:57:25,493 simple_logger.py log_once [line:28] INFO mean_val_loss                 0.7932
2025-04-28 10:57:25,493 simple_logger.py log_once [line:28] INFO std_val_loss                  0.0632
2025-04-28 10:57:25,494 fedbase.py run [line:323] INFO expense           2990608360.0
2025-04-28 10:57:25,494 fedbase.py run [line:324] INFO Eval Time Cost:               3.1674s
2025-04-28 10:57:25,494 asyncbase.py iterate [line:68] INFO Select clients [0, 1, 2, 3, 4, 5, 6, 7, 8, 9, 10, 11, 12, 13, 14, 15, 16, 17, 18, 19] at time 624.
2025-04-28 10:59:57,887 asyncbase.py iterate [line:73] INFO Receive new models from clients [2, 6, 14, 11, 10, 7, 17, 12, 4, 3, 15, 9, 16, 19, 1, 8, 5, 13, 18, 0] at time 625
2025-04-28 10:59:58,472 fedbase.py run [line:318] INFO --------------Round 258--------------
2025-04-28 10:59:58,473 simple_logger.py log_once [line:14] INFO Current_time:625
2025-04-28 11:00:01,700 simple_logger.py log_once [line:28] INFO test_accuracy                 0.7262
2025-04-28 11:00:01,700 simple_logger.py log_once [line:28] INFO test_loss                     0.7716
2025-04-28 11:00:01,700 simple_logger.py log_once [line:28] INFO val_accuracy                  0.7256
2025-04-28 11:00:01,700 simple_logger.py log_once [line:28] INFO mean_val_accuracy             0.7256
2025-04-28 11:00:01,700 simple_logger.py log_once [line:28] INFO std_val_accuracy              0.0280
2025-04-28 11:00:01,701 simple_logger.py log_once [line:28] INFO val_loss                      0.7838
2025-04-28 11:00:01,701 simple_logger.py log_once [line:28] INFO mean_val_loss                 0.7838
2025-04-28 11:00:01,701 simple_logger.py log_once [line:28] INFO std_val_loss                  0.0615
2025-04-28 11:00:01,701 fedbase.py run [line:323] INFO expense           2995039560.0
2025-04-28 11:00:01,701 fedbase.py run [line:324] INFO Eval Time Cost:               3.2277s
2025-04-28 11:00:01,701 asyncbase.py iterate [line:68] INFO Select clients [0, 1, 2, 3, 4, 5, 6, 7, 8, 9, 10, 11, 12, 13, 14, 15, 16, 17, 18, 19] at time 626.
2025-04-28 11:02:31,258 asyncbase.py iterate [line:73] INFO Receive new models from clients [3, 2, 16, 10, 11, 13, 0, 6, 8, 1, 9, 4, 18, 15, 17, 5, 14, 19, 7, 12] at time 627
2025-04-28 11:02:31,844 fedbase.py run [line:318] INFO --------------Round 259--------------
2025-04-28 11:02:31,844 simple_logger.py log_once [line:14] INFO Current_time:627
2025-04-28 11:02:35,102 simple_logger.py log_once [line:28] INFO test_accuracy                 0.7225
2025-04-28 11:02:35,102 simple_logger.py log_once [line:28] INFO test_loss                     0.7818
2025-04-28 11:02:35,102 simple_logger.py log_once [line:28] INFO val_accuracy                  0.7222
2025-04-28 11:02:35,102 simple_logger.py log_once [line:28] INFO mean_val_accuracy             0.7222
2025-04-28 11:02:35,102 simple_logger.py log_once [line:28] INFO std_val_accuracy              0.0277
2025-04-28 11:02:35,102 simple_logger.py log_once [line:28] INFO val_loss                      0.7934
2025-04-28 11:02:35,102 simple_logger.py log_once [line:28] INFO mean_val_loss                 0.7934
2025-04-28 11:02:35,102 simple_logger.py log_once [line:28] INFO std_val_loss                  0.0617
2025-04-28 11:02:35,102 fedbase.py run [line:323] INFO expense           2999470760.0
2025-04-28 11:02:35,102 fedbase.py run [line:324] INFO Eval Time Cost:               3.2580s
2025-04-28 11:02:35,102 asyncbase.py iterate [line:68] INFO Select clients [0, 1, 2, 3, 4, 5, 6, 7, 8, 9, 10, 11, 12, 13, 14, 15, 16, 17, 18, 19] at time 628.
2025-04-28 11:04:59,743 asyncbase.py iterate [line:73] INFO Receive new models from clients [13, 19, 8, 18, 6, 17, 15, 3, 16, 14, 11, 7, 5, 1, 9, 2, 4, 10, 0, 12] at time 629
2025-04-28 11:05:00,492 fedbase.py run [line:318] INFO --------------Round 260--------------
2025-04-28 11:05:00,492 simple_logger.py log_once [line:14] INFO Current_time:629
2025-04-28 11:05:04,033 simple_logger.py log_once [line:28] INFO test_accuracy                 0.7264
2025-04-28 11:05:04,033 simple_logger.py log_once [line:28] INFO test_loss                     0.7721
2025-04-28 11:05:04,033 simple_logger.py log_once [line:28] INFO val_accuracy                  0.7248
2025-04-28 11:05:04,033 simple_logger.py log_once [line:28] INFO mean_val_accuracy             0.7248
2025-04-28 11:05:04,033 simple_logger.py log_once [line:28] INFO std_val_accuracy              0.0261
2025-04-28 11:05:04,033 simple_logger.py log_once [line:28] INFO val_loss                      0.7886
2025-04-28 11:05:04,033 simple_logger.py log_once [line:28] INFO mean_val_loss                 0.7886
2025-04-28 11:05:04,033 simple_logger.py log_once [line:28] INFO std_val_loss                  0.0552
2025-04-28 11:05:04,034 fedbase.py run [line:323] INFO expense           3003901960.0
2025-04-28 11:05:04,034 fedbase.py run [line:324] INFO Eval Time Cost:               3.5414s
2025-04-28 11:05:04,034 asyncbase.py iterate [line:68] INFO Select clients [0, 1, 2, 3, 4, 5, 6, 7, 8, 9, 10, 11, 12, 13, 14, 15, 16, 17, 18, 19] at time 630.
2025-04-28 11:07:30,958 asyncbase.py iterate [line:73] INFO Receive new models from clients [2, 18, 14, 1, 15, 0, 8, 11, 5, 4, 16, 12, 7, 13, 17, 19, 6, 9, 10, 3] at time 631
2025-04-28 11:07:31,616 fedbase.py run [line:318] INFO --------------Round 261--------------
2025-04-28 11:07:31,617 simple_logger.py log_once [line:14] INFO Current_time:631
2025-04-28 11:07:34,773 simple_logger.py log_once [line:28] INFO test_accuracy                 0.7295
2025-04-28 11:07:34,773 simple_logger.py log_once [line:28] INFO test_loss                     0.7649
2025-04-28 11:07:34,773 simple_logger.py log_once [line:28] INFO val_accuracy                  0.7276
2025-04-28 11:07:34,773 simple_logger.py log_once [line:28] INFO mean_val_accuracy             0.7276
2025-04-28 11:07:34,773 simple_logger.py log_once [line:28] INFO std_val_accuracy              0.0245
2025-04-28 11:07:34,773 simple_logger.py log_once [line:28] INFO val_loss                      0.7802
2025-04-28 11:07:34,773 simple_logger.py log_once [line:28] INFO mean_val_loss                 0.7802
2025-04-28 11:07:34,773 simple_logger.py log_once [line:28] INFO std_val_loss                  0.0585
2025-04-28 11:07:34,773 fedbase.py run [line:323] INFO expense           3008333160.0
2025-04-28 11:07:34,773 fedbase.py run [line:324] INFO Eval Time Cost:               3.1566s
2025-04-28 11:07:34,773 asyncbase.py iterate [line:68] INFO Select clients [0, 1, 2, 3, 4, 5, 6, 7, 8, 9, 10, 11, 12, 13, 14, 15, 16, 17, 18, 19] at time 632.
2025-04-28 11:09:58,606 asyncbase.py iterate [line:73] INFO Receive new models from clients [9, 15, 5, 7, 19, 4, 6, 10, 1, 12, 3, 8, 13, 0, 18, 17, 2, 11, 16, 14] at time 633
2025-04-28 11:09:59,205 fedbase.py run [line:318] INFO --------------Round 262--------------
2025-04-28 11:09:59,206 simple_logger.py log_once [line:14] INFO Current_time:633
2025-04-28 11:10:02,518 simple_logger.py log_once [line:28] INFO test_accuracy                 0.7272
2025-04-28 11:10:02,518 simple_logger.py log_once [line:28] INFO test_loss                     0.7660
2025-04-28 11:10:02,518 simple_logger.py log_once [line:28] INFO val_accuracy                  0.7242
2025-04-28 11:10:02,519 simple_logger.py log_once [line:28] INFO mean_val_accuracy             0.7242
2025-04-28 11:10:02,519 simple_logger.py log_once [line:28] INFO std_val_accuracy              0.0302
2025-04-28 11:10:02,519 simple_logger.py log_once [line:28] INFO val_loss                      0.7809
2025-04-28 11:10:02,519 simple_logger.py log_once [line:28] INFO mean_val_loss                 0.7809
2025-04-28 11:10:02,519 simple_logger.py log_once [line:28] INFO std_val_loss                  0.0616
2025-04-28 11:10:02,519 fedbase.py run [line:323] INFO expense           3012764360.0
2025-04-28 11:10:02,519 fedbase.py run [line:324] INFO Eval Time Cost:               3.3132s
2025-04-28 11:10:02,519 asyncbase.py iterate [line:68] INFO Select clients [0, 1, 2, 3, 4, 5, 6, 7, 8, 9, 10, 11, 12, 13, 14, 15, 16, 17, 18, 19] at time 634.
2025-04-28 11:12:29,491 asyncbase.py iterate [line:73] INFO Receive new models from clients [8, 5, 2, 16, 4, 9, 18, 1, 0, 15, 14, 12, 17, 11, 6, 3, 13, 7, 19, 10] at time 635
2025-04-28 11:12:30,131 fedbase.py run [line:318] INFO --------------Round 263--------------
2025-04-28 11:12:30,131 simple_logger.py log_once [line:14] INFO Current_time:635
2025-04-28 11:12:33,404 simple_logger.py log_once [line:28] INFO test_accuracy                 0.7268
2025-04-28 11:12:33,405 simple_logger.py log_once [line:28] INFO test_loss                     0.7689
2025-04-28 11:12:33,405 simple_logger.py log_once [line:28] INFO val_accuracy                  0.7234
2025-04-28 11:12:33,405 simple_logger.py log_once [line:28] INFO mean_val_accuracy             0.7234
2025-04-28 11:12:33,405 simple_logger.py log_once [line:28] INFO std_val_accuracy              0.0276
2025-04-28 11:12:33,405 simple_logger.py log_once [line:28] INFO val_loss                      0.7817
2025-04-28 11:12:33,405 simple_logger.py log_once [line:28] INFO mean_val_loss                 0.7817
2025-04-28 11:12:33,405 simple_logger.py log_once [line:28] INFO std_val_loss                  0.0632
2025-04-28 11:12:33,405 fedbase.py run [line:323] INFO expense           3017195560.0
2025-04-28 11:12:33,405 fedbase.py run [line:324] INFO Eval Time Cost:               3.2738s
2025-04-28 11:12:33,405 asyncbase.py iterate [line:68] INFO Select clients [0, 1, 2, 3, 4, 5, 6, 7, 8, 9, 10, 11, 12, 13, 14, 15, 16, 17, 18, 19] at time 636.
2025-04-28 11:14:53,067 asyncbase.py iterate [line:73] INFO Receive new models from clients [0, 17, 19, 13, 10, 5, 2, 11, 15, 3, 18, 1, 4, 9, 6, 16, 7, 14, 12, 8] at time 637
2025-04-28 11:14:53,672 fedbase.py run [line:318] INFO --------------Round 264--------------
2025-04-28 11:14:53,673 simple_logger.py log_once [line:14] INFO Current_time:637
2025-04-28 11:14:56,860 simple_logger.py log_once [line:28] INFO test_accuracy                 0.7287
2025-04-28 11:14:56,860 simple_logger.py log_once [line:28] INFO test_loss                     0.7666
2025-04-28 11:14:56,860 simple_logger.py log_once [line:28] INFO val_accuracy                  0.7296
2025-04-28 11:14:56,860 simple_logger.py log_once [line:28] INFO mean_val_accuracy             0.7296
2025-04-28 11:14:56,860 simple_logger.py log_once [line:28] INFO std_val_accuracy              0.0295
2025-04-28 11:14:56,861 simple_logger.py log_once [line:28] INFO val_loss                      0.7786
2025-04-28 11:14:56,861 simple_logger.py log_once [line:28] INFO mean_val_loss                 0.7786
2025-04-28 11:14:56,861 simple_logger.py log_once [line:28] INFO std_val_loss                  0.0643
2025-04-28 11:14:56,861 fedbase.py run [line:323] INFO expense           3021626760.0
2025-04-28 11:14:56,861 fedbase.py run [line:324] INFO Eval Time Cost:               3.1877s
2025-04-28 11:14:56,861 asyncbase.py iterate [line:68] INFO Select clients [0, 1, 2, 3, 4, 5, 6, 7, 8, 9, 10, 11, 12, 13, 14, 15, 16, 17, 18, 19] at time 638.
2025-04-28 11:15:34,622 asyncbase.py iterate [line:73] INFO Receive new models from clients [7, 4, 1, 12, 17, 18, 16, 9, 19, 13, 15, 5, 8, 0, 10, 11, 2, 6, 3, 14] at time 639
2025-04-28 11:15:42,717 fedbase.py run [line:318] INFO --------------Round 265--------------
2025-04-28 11:15:42,718 simple_logger.py log_once [line:14] INFO Current_time:639
2025-04-28 11:15:45,875 simple_logger.py log_once [line:28] INFO test_accuracy                 0.7312
2025-04-28 11:15:45,875 simple_logger.py log_once [line:28] INFO test_loss                     0.7597
2025-04-28 11:15:45,875 simple_logger.py log_once [line:28] INFO val_accuracy                  0.7260
2025-04-28 11:15:45,875 simple_logger.py log_once [line:28] INFO mean_val_accuracy             0.7260
2025-04-28 11:15:45,875 simple_logger.py log_once [line:28] INFO std_val_accuracy              0.0301
2025-04-28 11:15:45,875 simple_logger.py log_once [line:28] INFO val_loss                      0.7709
2025-04-28 11:15:45,875 simple_logger.py log_once [line:28] INFO mean_val_loss                 0.7709
2025-04-28 11:15:45,875 simple_logger.py log_once [line:28] INFO std_val_loss                  0.0671
2025-04-28 11:15:45,875 fedbase.py run [line:323] INFO expense           3077496570.0
2025-04-28 11:15:45,875 fedbase.py run [line:324] INFO Eval Time Cost:               3.1576s
2025-04-28 11:15:45,875 asyncbase.py iterate [line:68] INFO Select clients [0, 1, 2, 3, 4, 5, 6, 7, 8, 9, 10, 11, 12, 13, 14, 15, 16, 17, 18, 19] at time 640.
2025-04-28 11:18:12,851 asyncbase.py iterate [line:73] INFO Receive new models from clients [0, 15, 5, 6, 8, 17, 7, 14, 19, 1, 12, 11, 18, 4, 13, 16, 3] at time 643
2025-04-28 11:18:12,852 asyncbase.py iterate [line:73] INFO Receive new models from clients [9, 2, 10] at time 644
2025-04-28 11:18:13,372 fedbase.py run [line:318] INFO --------------Round 266--------------
2025-04-28 11:18:13,373 simple_logger.py log_once [line:14] INFO Current_time:644
2025-04-28 11:18:16,515 simple_logger.py log_once [line:28] INFO test_accuracy                 0.7282
2025-04-28 11:18:16,516 simple_logger.py log_once [line:28] INFO test_loss                     0.7666
2025-04-28 11:18:16,516 simple_logger.py log_once [line:28] INFO val_accuracy                  0.7282
2025-04-28 11:18:16,516 simple_logger.py log_once [line:28] INFO mean_val_accuracy             0.7282
2025-04-28 11:18:16,516 simple_logger.py log_once [line:28] INFO std_val_accuracy              0.0331
2025-04-28 11:18:16,516 simple_logger.py log_once [line:28] INFO val_loss                      0.7784
2025-04-28 11:18:16,516 simple_logger.py log_once [line:28] INFO mean_val_loss                 0.7784
2025-04-28 11:18:16,516 simple_logger.py log_once [line:28] INFO std_val_loss                  0.0691
2025-04-28 11:18:16,516 fedbase.py run [line:323] INFO expense           3081927770.0
2025-04-28 11:18:16,516 fedbase.py run [line:324] INFO Eval Time Cost:               3.1436s
2025-04-28 11:18:16,516 asyncbase.py iterate [line:68] INFO Select clients [0, 1, 2, 3, 4, 5, 6, 7, 8, 9, 10, 11, 12, 13, 14, 15, 16, 17, 18, 19] at time 645.
2025-04-28 11:20:42,709 asyncbase.py iterate [line:73] INFO Receive new models from clients [18, 13, 15, 7, 1, 4, 6, 9, 16, 12, 0, 3, 19, 11, 5, 17, 14, 10, 2, 8] at time 646
2025-04-28 11:20:43,259 fedbase.py run [line:318] INFO --------------Round 267--------------
2025-04-28 11:20:43,259 simple_logger.py log_once [line:14] INFO Current_time:646
2025-04-28 11:20:46,478 simple_logger.py log_once [line:28] INFO test_accuracy                 0.7309
2025-04-28 11:20:46,478 simple_logger.py log_once [line:28] INFO test_loss                     0.7610
2025-04-28 11:20:46,478 simple_logger.py log_once [line:28] INFO val_accuracy                  0.7298
2025-04-28 11:20:46,478 simple_logger.py log_once [line:28] INFO mean_val_accuracy             0.7298
2025-04-28 11:20:46,478 simple_logger.py log_once [line:28] INFO std_val_accuracy              0.0305
2025-04-28 11:20:46,478 simple_logger.py log_once [line:28] INFO val_loss                      0.7702
2025-04-28 11:20:46,478 simple_logger.py log_once [line:28] INFO mean_val_loss                 0.7702
2025-04-28 11:20:46,478 simple_logger.py log_once [line:28] INFO std_val_loss                  0.0641
2025-04-28 11:20:46,479 fedbase.py run [line:323] INFO expense           3086358970.0
2025-04-28 11:20:46,479 fedbase.py run [line:324] INFO Eval Time Cost:               3.2193s
2025-04-28 11:20:46,479 asyncbase.py iterate [line:68] INFO Select clients [0, 1, 2, 3, 4, 5, 6, 7, 8, 9, 10, 11, 12, 13, 14, 15, 16, 17, 18, 19] at time 647.
2025-04-28 11:23:12,614 asyncbase.py iterate [line:73] INFO Receive new models from clients [12, 14, 16, 3, 18, 4, 2, 15, 1, 10, 13, 19, 0, 6, 17, 8, 5, 7, 9, 11] at time 648
2025-04-28 11:23:13,178 fedbase.py run [line:318] INFO --------------Round 268--------------
2025-04-28 11:23:13,178 simple_logger.py log_once [line:14] INFO Current_time:648
2025-04-28 11:23:16,423 simple_logger.py log_once [line:28] INFO test_accuracy                 0.7316
2025-04-28 11:23:16,424 simple_logger.py log_once [line:28] INFO test_loss                     0.7574
2025-04-28 11:23:16,424 simple_logger.py log_once [line:28] INFO val_accuracy                  0.7284
2025-04-28 11:23:16,424 simple_logger.py log_once [line:28] INFO mean_val_accuracy             0.7284
2025-04-28 11:23:16,424 simple_logger.py log_once [line:28] INFO std_val_accuracy              0.0295
2025-04-28 11:23:16,424 simple_logger.py log_once [line:28] INFO val_loss                      0.7708
2025-04-28 11:23:16,424 simple_logger.py log_once [line:28] INFO mean_val_loss                 0.7708
2025-04-28 11:23:16,424 simple_logger.py log_once [line:28] INFO std_val_loss                  0.0605
2025-04-28 11:23:16,424 fedbase.py run [line:323] INFO expense           3090790170.0
2025-04-28 11:23:16,424 fedbase.py run [line:324] INFO Eval Time Cost:               3.2456s
2025-04-28 11:23:16,424 asyncbase.py iterate [line:68] INFO Select clients [0, 1, 2, 3, 4, 5, 6, 7, 8, 9, 10, 11, 12, 13, 14, 15, 16, 17, 18, 19] at time 649.
2025-04-28 11:25:40,871 asyncbase.py iterate [line:73] INFO Receive new models from clients [16, 5, 0, 11, 15, 12, 1, 6, 8, 7, 3, 4, 19, 13, 17, 9, 10, 14, 2, 18] at time 650
2025-04-28 11:25:41,419 fedbase.py run [line:318] INFO --------------Round 269--------------
2025-04-28 11:25:41,420 simple_logger.py log_once [line:14] INFO Current_time:650
2025-04-28 11:25:44,704 simple_logger.py log_once [line:28] INFO test_accuracy                 0.7307
2025-04-28 11:25:44,704 simple_logger.py log_once [line:28] INFO test_loss                     0.7618
2025-04-28 11:25:44,704 simple_logger.py log_once [line:28] INFO val_accuracy                  0.7298
2025-04-28 11:25:44,705 simple_logger.py log_once [line:28] INFO mean_val_accuracy             0.7298
2025-04-28 11:25:44,705 simple_logger.py log_once [line:28] INFO std_val_accuracy              0.0324
2025-04-28 11:25:44,705 simple_logger.py log_once [line:28] INFO val_loss                      0.7737
2025-04-28 11:25:44,705 simple_logger.py log_once [line:28] INFO mean_val_loss                 0.7737
2025-04-28 11:25:44,705 simple_logger.py log_once [line:28] INFO std_val_loss                  0.0643
2025-04-28 11:25:44,705 fedbase.py run [line:323] INFO expense           3095221370.0
2025-04-28 11:25:44,705 fedbase.py run [line:324] INFO Eval Time Cost:               3.2847s
2025-04-28 11:25:44,705 asyncbase.py iterate [line:68] INFO Select clients [0, 1, 2, 3, 4, 5, 6, 7, 8, 9, 10, 11, 12, 13, 14, 15, 16, 17, 18, 19] at time 651.
2025-04-28 11:28:11,081 asyncbase.py iterate [line:73] INFO Receive new models from clients [14, 0, 4, 15, 17, 11, 5, 7, 6, 10, 16, 12, 9, 1, 2, 19, 3, 18, 13, 8] at time 652
2025-04-28 11:28:11,602 fedbase.py run [line:318] INFO --------------Round 270--------------
2025-04-28 11:28:11,603 simple_logger.py log_once [line:14] INFO Current_time:652
2025-04-28 11:28:14,810 simple_logger.py log_once [line:28] INFO test_accuracy                 0.7317
2025-04-28 11:28:14,810 simple_logger.py log_once [line:28] INFO test_loss                     0.7556
2025-04-28 11:28:14,810 simple_logger.py log_once [line:28] INFO val_accuracy                  0.7328
2025-04-28 11:28:14,810 simple_logger.py log_once [line:28] INFO mean_val_accuracy             0.7328
2025-04-28 11:28:14,810 simple_logger.py log_once [line:28] INFO std_val_accuracy              0.0313
2025-04-28 11:28:14,810 simple_logger.py log_once [line:28] INFO val_loss                      0.7670
2025-04-28 11:28:14,810 simple_logger.py log_once [line:28] INFO mean_val_loss                 0.7670
2025-04-28 11:28:14,810 simple_logger.py log_once [line:28] INFO std_val_loss                  0.0624
2025-04-28 11:28:14,810 fedbase.py run [line:323] INFO expense           3099652570.0
2025-04-28 11:28:14,810 fedbase.py run [line:324] INFO Eval Time Cost:               3.2074s
2025-04-28 11:28:14,811 asyncbase.py iterate [line:68] INFO Select clients [0, 1, 2, 3, 4, 5, 6, 7, 8, 9, 10, 11, 12, 13, 14, 15, 16, 17, 18, 19] at time 653.
2025-04-28 11:30:38,829 asyncbase.py iterate [line:73] INFO Receive new models from clients [7, 8, 19, 16, 0, 15, 6, 12, 18, 1, 5, 11, 14, 17, 9, 10, 4, 13, 3, 2] at time 654
2025-04-28 11:30:39,362 fedbase.py run [line:318] INFO --------------Round 271--------------
2025-04-28 11:30:39,362 simple_logger.py log_once [line:14] INFO Current_time:654
2025-04-28 11:30:42,456 simple_logger.py log_once [line:28] INFO test_accuracy                 0.7322
2025-04-28 11:30:42,456 simple_logger.py log_once [line:28] INFO test_loss                     0.7523
2025-04-28 11:30:42,457 simple_logger.py log_once [line:28] INFO val_accuracy                  0.7278
2025-04-28 11:30:42,457 simple_logger.py log_once [line:28] INFO mean_val_accuracy             0.7278
2025-04-28 11:30:42,457 simple_logger.py log_once [line:28] INFO std_val_accuracy              0.0303
2025-04-28 11:30:42,457 simple_logger.py log_once [line:28] INFO val_loss                      0.7662
2025-04-28 11:30:42,457 simple_logger.py log_once [line:28] INFO mean_val_loss                 0.7662
2025-04-28 11:30:42,457 simple_logger.py log_once [line:28] INFO std_val_loss                  0.0625
2025-04-28 11:30:42,457 fedbase.py run [line:323] INFO expense           3104083770.0
2025-04-28 11:30:42,457 fedbase.py run [line:324] INFO Eval Time Cost:               3.0947s
2025-04-28 11:30:42,457 asyncbase.py iterate [line:68] INFO Select clients [0, 1, 2, 3, 4, 5, 6, 7, 8, 9, 10, 11, 12, 13, 14, 15, 16, 17, 18, 19] at time 655.
2025-04-28 11:33:03,377 asyncbase.py iterate [line:73] INFO Receive new models from clients [17, 10, 3, 8, 5, 7, 13, 16, 11, 9, 1, 4, 15, 19, 6, 0, 14, 2, 12, 18] at time 656
2025-04-28 11:33:03,942 fedbase.py run [line:318] INFO --------------Round 272--------------
2025-04-28 11:33:03,943 simple_logger.py log_once [line:14] INFO Current_time:656
2025-04-28 11:33:07,151 simple_logger.py log_once [line:28] INFO test_accuracy                 0.7319
2025-04-28 11:33:07,151 simple_logger.py log_once [line:28] INFO test_loss                     0.7520
2025-04-28 11:33:07,151 simple_logger.py log_once [line:28] INFO val_accuracy                  0.7338
2025-04-28 11:33:07,151 simple_logger.py log_once [line:28] INFO mean_val_accuracy             0.7338
2025-04-28 11:33:07,151 simple_logger.py log_once [line:28] INFO std_val_accuracy              0.0288
2025-04-28 11:33:07,151 simple_logger.py log_once [line:28] INFO val_loss                      0.7649
2025-04-28 11:33:07,151 simple_logger.py log_once [line:28] INFO mean_val_loss                 0.7649
2025-04-28 11:33:07,151 simple_logger.py log_once [line:28] INFO std_val_loss                  0.0590
2025-04-28 11:33:07,152 fedbase.py run [line:323] INFO expense           3108514970.0
2025-04-28 11:33:07,152 fedbase.py run [line:324] INFO Eval Time Cost:               3.2086s
2025-04-28 11:33:07,152 asyncbase.py iterate [line:68] INFO Select clients [0, 1, 2, 3, 4, 5, 6, 7, 8, 9, 10, 11, 12, 13, 14, 15, 16, 17, 18, 19] at time 657.
2025-04-28 11:35:31,909 asyncbase.py iterate [line:73] INFO Receive new models from clients [3, 15, 13, 18, 19, 0, 8, 10, 7, 1, 14, 6, 5, 17, 16, 4, 12, 9, 11, 2] at time 658
2025-04-28 11:35:32,455 fedbase.py run [line:318] INFO --------------Round 273--------------
2025-04-28 11:35:32,456 simple_logger.py log_once [line:14] INFO Current_time:658
2025-04-28 11:35:35,657 simple_logger.py log_once [line:28] INFO test_accuracy                 0.7327
2025-04-28 11:35:35,657 simple_logger.py log_once [line:28] INFO test_loss                     0.7557
2025-04-28 11:35:35,657 simple_logger.py log_once [line:28] INFO val_accuracy                  0.7304
2025-04-28 11:35:35,657 simple_logger.py log_once [line:28] INFO mean_val_accuracy             0.7304
2025-04-28 11:35:35,657 simple_logger.py log_once [line:28] INFO std_val_accuracy              0.0317
2025-04-28 11:35:35,657 simple_logger.py log_once [line:28] INFO val_loss                      0.7692
2025-04-28 11:35:35,657 simple_logger.py log_once [line:28] INFO mean_val_loss                 0.7692
2025-04-28 11:35:35,657 simple_logger.py log_once [line:28] INFO std_val_loss                  0.0633
2025-04-28 11:35:35,657 fedbase.py run [line:323] INFO expense           3112946170.0
2025-04-28 11:35:35,658 fedbase.py run [line:324] INFO Eval Time Cost:               3.2015s
2025-04-28 11:35:35,658 asyncbase.py iterate [line:68] INFO Select clients [0, 1, 2, 3, 4, 5, 6, 7, 8, 9, 10, 11, 12, 13, 14, 15, 16, 17, 18, 19] at time 659.
2025-04-28 11:38:01,472 asyncbase.py iterate [line:73] INFO Receive new models from clients [1, 16, 11, 9, 18, 15, 12, 19, 14, 7, 3, 8, 0, 6, 17, 5, 13, 4, 2, 10] at time 660
2025-04-28 11:38:02,073 fedbase.py run [line:318] INFO --------------Round 274--------------
2025-04-28 11:38:02,074 simple_logger.py log_once [line:14] INFO Current_time:660
2025-04-28 11:38:05,375 simple_logger.py log_once [line:28] INFO test_accuracy                 0.7342
2025-04-28 11:38:05,375 simple_logger.py log_once [line:28] INFO test_loss                     0.7501
2025-04-28 11:38:05,375 simple_logger.py log_once [line:28] INFO val_accuracy                  0.7308
2025-04-28 11:38:05,376 simple_logger.py log_once [line:28] INFO mean_val_accuracy             0.7308
2025-04-28 11:38:05,376 simple_logger.py log_once [line:28] INFO std_val_accuracy              0.0275
2025-04-28 11:38:05,376 simple_logger.py log_once [line:28] INFO val_loss                      0.7670
2025-04-28 11:38:05,376 simple_logger.py log_once [line:28] INFO mean_val_loss                 0.7670
2025-04-28 11:38:05,376 simple_logger.py log_once [line:28] INFO std_val_loss                  0.0595
2025-04-28 11:38:05,376 fedbase.py run [line:323] INFO expense           3117377370.0
2025-04-28 11:38:05,376 fedbase.py run [line:324] INFO Eval Time Cost:               3.3017s
2025-04-28 11:38:05,376 asyncbase.py iterate [line:68] INFO Select clients [0, 1, 2, 3, 4, 5, 6, 7, 8, 9, 10, 11, 12, 13, 14, 15, 16, 17, 18, 19] at time 661.
2025-04-28 11:40:31,767 asyncbase.py iterate [line:73] INFO Receive new models from clients [1, 0, 19, 8, 6, 2, 11, 9, 7, 17, 13, 15, 16, 18, 12, 10, 4, 3, 14, 5] at time 662
2025-04-28 11:40:32,311 fedbase.py run [line:318] INFO --------------Round 275--------------
2025-04-28 11:40:32,312 simple_logger.py log_once [line:14] INFO Current_time:662
2025-04-28 11:40:35,483 simple_logger.py log_once [line:28] INFO test_accuracy                 0.7310
2025-04-28 11:40:35,483 simple_logger.py log_once [line:28] INFO test_loss                     0.7571
2025-04-28 11:40:35,484 simple_logger.py log_once [line:28] INFO val_accuracy                  0.7334
2025-04-28 11:40:35,484 simple_logger.py log_once [line:28] INFO mean_val_accuracy             0.7334
2025-04-28 11:40:35,484 simple_logger.py log_once [line:28] INFO std_val_accuracy              0.0288
2025-04-28 11:40:35,484 simple_logger.py log_once [line:28] INFO val_loss                      0.7680
2025-04-28 11:40:35,484 simple_logger.py log_once [line:28] INFO mean_val_loss                 0.7680
2025-04-28 11:40:35,484 simple_logger.py log_once [line:28] INFO std_val_loss                  0.0630
2025-04-28 11:40:35,484 fedbase.py run [line:323] INFO expense           3121808570.0
2025-04-28 11:40:35,484 fedbase.py run [line:324] INFO Eval Time Cost:               3.1721s
2025-04-28 11:40:35,484 asyncbase.py iterate [line:68] INFO Select clients [0, 1, 2, 3, 4, 5, 6, 7, 8, 9, 10, 11, 12, 13, 14, 15, 16, 17, 18, 19] at time 663.
2025-04-28 11:42:59,162 asyncbase.py iterate [line:73] INFO Receive new models from clients [12, 9, 5, 14, 1, 10, 4, 13, 8, 15, 17, 11, 0, 2, 3, 16, 18, 19, 6, 7] at time 664
2025-04-28 11:42:59,656 fedbase.py run [line:318] INFO --------------Round 276--------------
2025-04-28 11:42:59,657 simple_logger.py log_once [line:14] INFO Current_time:664
2025-04-28 11:43:02,744 simple_logger.py log_once [line:28] INFO test_accuracy                 0.7332
2025-04-28 11:43:02,744 simple_logger.py log_once [line:28] INFO test_loss                     0.7502
2025-04-28 11:43:02,744 simple_logger.py log_once [line:28] INFO val_accuracy                  0.7322
2025-04-28 11:43:02,744 simple_logger.py log_once [line:28] INFO mean_val_accuracy             0.7322
2025-04-28 11:43:02,744 simple_logger.py log_once [line:28] INFO std_val_accuracy              0.0326
2025-04-28 11:43:02,744 simple_logger.py log_once [line:28] INFO val_loss                      0.7650
2025-04-28 11:43:02,744 simple_logger.py log_once [line:28] INFO mean_val_loss                 0.7650
2025-04-28 11:43:02,744 simple_logger.py log_once [line:28] INFO std_val_loss                  0.0599
2025-04-28 11:43:02,744 fedbase.py run [line:323] INFO expense           3126239770.0
2025-04-28 11:43:02,744 fedbase.py run [line:324] INFO Eval Time Cost:               3.0876s
2025-04-28 11:43:02,745 asyncbase.py iterate [line:68] INFO Select clients [0, 1, 2, 3, 4, 5, 6, 7, 8, 9, 10, 11, 12, 13, 14, 15, 16, 17, 18, 19] at time 665.
2025-04-28 11:45:26,780 asyncbase.py iterate [line:73] INFO Receive new models from clients [16, 11, 5, 2, 15, 0, 19, 18, 1, 17, 8, 9, 13, 10, 7, 4, 12, 3, 14, 6] at time 666
2025-04-28 11:45:27,308 fedbase.py run [line:318] INFO --------------Round 277--------------
2025-04-28 11:45:27,308 simple_logger.py log_once [line:14] INFO Current_time:666
2025-04-28 11:45:30,532 simple_logger.py log_once [line:28] INFO test_accuracy                 0.7331
2025-04-28 11:45:30,532 simple_logger.py log_once [line:28] INFO test_loss                     0.7540
2025-04-28 11:45:30,532 simple_logger.py log_once [line:28] INFO val_accuracy                  0.7324
2025-04-28 11:45:30,532 simple_logger.py log_once [line:28] INFO mean_val_accuracy             0.7324
2025-04-28 11:45:30,532 simple_logger.py log_once [line:28] INFO std_val_accuracy              0.0275
2025-04-28 11:45:30,532 simple_logger.py log_once [line:28] INFO val_loss                      0.7667
2025-04-28 11:45:30,533 simple_logger.py log_once [line:28] INFO mean_val_loss                 0.7667
2025-04-28 11:45:30,533 simple_logger.py log_once [line:28] INFO std_val_loss                  0.0613
2025-04-28 11:45:30,533 fedbase.py run [line:323] INFO expense           3130670970.0
2025-04-28 11:45:30,533 fedbase.py run [line:324] INFO Eval Time Cost:               3.2244s
2025-04-28 11:45:30,533 asyncbase.py iterate [line:68] INFO Select clients [0, 1, 2, 3, 4, 5, 6, 7, 8, 9, 10, 11, 12, 13, 14, 15, 16, 17, 18, 19] at time 667.
2025-04-28 11:47:52,846 asyncbase.py iterate [line:73] INFO Receive new models from clients [19, 17, 16, 3, 4, 5, 12, 14, 1, 15, 11, 13, 8, 6, 18, 9, 0, 7, 2, 10] at time 668
2025-04-28 11:47:53,347 fedbase.py run [line:318] INFO --------------Round 278--------------
2025-04-28 11:47:53,348 simple_logger.py log_once [line:14] INFO Current_time:668
2025-04-28 11:47:56,670 simple_logger.py log_once [line:28] INFO test_accuracy                 0.7332
2025-04-28 11:47:56,670 simple_logger.py log_once [line:28] INFO test_loss                     0.7585
2025-04-28 11:47:56,670 simple_logger.py log_once [line:28] INFO val_accuracy                  0.7314
2025-04-28 11:47:56,670 simple_logger.py log_once [line:28] INFO mean_val_accuracy             0.7314
2025-04-28 11:47:56,670 simple_logger.py log_once [line:28] INFO std_val_accuracy              0.0282
2025-04-28 11:47:56,670 simple_logger.py log_once [line:28] INFO val_loss                      0.7713
2025-04-28 11:47:56,670 simple_logger.py log_once [line:28] INFO mean_val_loss                 0.7713
2025-04-28 11:47:56,671 simple_logger.py log_once [line:28] INFO std_val_loss                  0.0628
2025-04-28 11:47:56,671 fedbase.py run [line:323] INFO expense           3135102170.0
2025-04-28 11:47:56,671 fedbase.py run [line:324] INFO Eval Time Cost:               3.3230s
2025-04-28 11:47:56,671 asyncbase.py iterate [line:68] INFO Select clients [0, 1, 2, 3, 4, 5, 6, 7, 8, 9, 10, 11, 12, 13, 14, 15, 16, 17, 18, 19] at time 669.
2025-04-28 11:50:22,684 asyncbase.py iterate [line:73] INFO Receive new models from clients [13, 11, 7, 6, 1, 15, 17, 4, 19, 12, 3, 0, 18, 2, 8, 5, 10, 9, 16, 14] at time 670
2025-04-28 11:50:23,352 fedbase.py run [line:318] INFO --------------Round 279--------------
2025-04-28 11:50:23,353 simple_logger.py log_once [line:14] INFO Current_time:670
2025-04-28 11:50:26,693 simple_logger.py log_once [line:28] INFO test_accuracy                 0.7335
2025-04-28 11:50:26,693 simple_logger.py log_once [line:28] INFO test_loss                     0.7517
2025-04-28 11:50:26,693 simple_logger.py log_once [line:28] INFO val_accuracy                  0.7330
2025-04-28 11:50:26,693 simple_logger.py log_once [line:28] INFO mean_val_accuracy             0.7330
2025-04-28 11:50:26,693 simple_logger.py log_once [line:28] INFO std_val_accuracy              0.0305
2025-04-28 11:50:26,694 simple_logger.py log_once [line:28] INFO val_loss                      0.7696
2025-04-28 11:50:26,694 simple_logger.py log_once [line:28] INFO mean_val_loss                 0.7696
2025-04-28 11:50:26,694 simple_logger.py log_once [line:28] INFO std_val_loss                  0.0599
2025-04-28 11:50:26,694 fedbase.py run [line:323] INFO expense           3139533370.0
2025-04-28 11:50:26,694 fedbase.py run [line:324] INFO Eval Time Cost:               3.3409s
2025-04-28 11:50:26,694 asyncbase.py iterate [line:68] INFO Select clients [0, 1, 2, 3, 4, 5, 6, 7, 8, 9, 10, 11, 12, 13, 14, 15, 16, 17, 18, 19] at time 671.
2025-04-28 11:52:54,306 asyncbase.py iterate [line:73] INFO Receive new models from clients [8, 2, 12, 16, 7, 3, 11, 19, 9, 14, 4, 0, 15, 17, 5, 10, 1, 18, 6, 13] at time 672
2025-04-28 11:52:54,928 fedbase.py run [line:318] INFO --------------Round 280--------------
2025-04-28 11:52:54,929 simple_logger.py log_once [line:14] INFO Current_time:672
2025-04-28 11:52:58,256 simple_logger.py log_once [line:28] INFO test_accuracy                 0.7347
2025-04-28 11:52:58,256 simple_logger.py log_once [line:28] INFO test_loss                     0.7550
2025-04-28 11:52:58,256 simple_logger.py log_once [line:28] INFO val_accuracy                  0.7314
2025-04-28 11:52:58,256 simple_logger.py log_once [line:28] INFO mean_val_accuracy             0.7314
2025-04-28 11:52:58,256 simple_logger.py log_once [line:28] INFO std_val_accuracy              0.0304
2025-04-28 11:52:58,256 simple_logger.py log_once [line:28] INFO val_loss                      0.7686
2025-04-28 11:52:58,256 simple_logger.py log_once [line:28] INFO mean_val_loss                 0.7686
2025-04-28 11:52:58,257 simple_logger.py log_once [line:28] INFO std_val_loss                  0.0610
2025-04-28 11:52:58,257 fedbase.py run [line:323] INFO expense           3143964570.0
2025-04-28 11:52:58,257 fedbase.py run [line:324] INFO Eval Time Cost:               3.3277s
2025-04-28 11:52:58,257 asyncbase.py iterate [line:68] INFO Select clients [0, 1, 2, 3, 4, 5, 6, 7, 8, 9, 10, 11, 12, 13, 14, 15, 16, 17, 18, 19] at time 673.
2025-04-28 11:55:28,532 asyncbase.py iterate [line:73] INFO Receive new models from clients [19, 8, 14, 18, 13, 15, 0, 11, 17, 5, 3, 12, 16, 9, 10, 2, 1, 6, 7, 4] at time 674
2025-04-28 11:55:29,182 fedbase.py run [line:318] INFO --------------Round 281--------------
2025-04-28 11:55:29,183 simple_logger.py log_once [line:14] INFO Current_time:674
2025-04-28 11:55:32,478 simple_logger.py log_once [line:28] INFO test_accuracy                 0.7338
2025-04-28 11:55:32,478 simple_logger.py log_once [line:28] INFO test_loss                     0.7509
2025-04-28 11:55:32,478 simple_logger.py log_once [line:28] INFO val_accuracy                  0.7328
2025-04-28 11:55:32,478 simple_logger.py log_once [line:28] INFO mean_val_accuracy             0.7328
2025-04-28 11:55:32,478 simple_logger.py log_once [line:28] INFO std_val_accuracy              0.0278
2025-04-28 11:55:32,479 simple_logger.py log_once [line:28] INFO val_loss                      0.7655
2025-04-28 11:55:32,479 simple_logger.py log_once [line:28] INFO mean_val_loss                 0.7655
2025-04-28 11:55:32,479 simple_logger.py log_once [line:28] INFO std_val_loss                  0.0606
2025-04-28 11:55:32,479 fedbase.py run [line:323] INFO expense           3148395770.0
2025-04-28 11:55:32,479 fedbase.py run [line:324] INFO Eval Time Cost:               3.2959s
2025-04-28 11:55:32,479 asyncbase.py iterate [line:68] INFO Select clients [0, 1, 2, 3, 4, 5, 6, 7, 8, 9, 10, 11, 12, 13, 14, 15, 16, 17, 18, 19] at time 675.
2025-04-28 11:58:03,354 asyncbase.py iterate [line:73] INFO Receive new models from clients [12, 15, 7, 10, 18, 8, 0, 13, 14, 3, 5, 19, 17, 4, 11, 1, 16, 9, 6, 2] at time 676
2025-04-28 11:58:04,007 fedbase.py run [line:318] INFO --------------Round 282--------------
2025-04-28 11:58:04,007 simple_logger.py log_once [line:14] INFO Current_time:676
2025-04-28 11:58:07,246 simple_logger.py log_once [line:28] INFO test_accuracy                 0.7328
2025-04-28 11:58:07,246 simple_logger.py log_once [line:28] INFO test_loss                     0.7543
2025-04-28 11:58:07,246 simple_logger.py log_once [line:28] INFO val_accuracy                  0.7324
2025-04-28 11:58:07,247 simple_logger.py log_once [line:28] INFO mean_val_accuracy             0.7324
2025-04-28 11:58:07,247 simple_logger.py log_once [line:28] INFO std_val_accuracy              0.0266
2025-04-28 11:58:07,247 simple_logger.py log_once [line:28] INFO val_loss                      0.7677
2025-04-28 11:58:07,247 simple_logger.py log_once [line:28] INFO mean_val_loss                 0.7677
2025-04-28 11:58:07,247 simple_logger.py log_once [line:28] INFO std_val_loss                  0.0602
2025-04-28 11:58:07,247 fedbase.py run [line:323] INFO expense           3152826970.0
2025-04-28 11:58:07,247 fedbase.py run [line:324] INFO Eval Time Cost:               3.2397s
2025-04-28 11:58:07,247 asyncbase.py iterate [line:68] INFO Select clients [0, 1, 2, 3, 4, 5, 6, 7, 8, 9, 10, 11, 12, 13, 14, 15, 16, 17, 18, 19] at time 677.
2025-04-28 12:00:39,016 asyncbase.py iterate [line:73] INFO Receive new models from clients [2, 10, 9, 19, 0, 18, 15, 8, 1, 17, 4, 5, 16, 13, 11, 3, 6, 12, 14, 7] at time 678
2025-04-28 12:00:39,656 fedbase.py run [line:318] INFO --------------Round 283--------------
2025-04-28 12:00:39,656 simple_logger.py log_once [line:14] INFO Current_time:678
2025-04-28 12:00:42,723 simple_logger.py log_once [line:28] INFO test_accuracy                 0.7346
2025-04-28 12:00:42,724 simple_logger.py log_once [line:28] INFO test_loss                     0.7490
2025-04-28 12:00:42,724 simple_logger.py log_once [line:28] INFO val_accuracy                  0.7316
2025-04-28 12:00:42,724 simple_logger.py log_once [line:28] INFO mean_val_accuracy             0.7316
2025-04-28 12:00:42,724 simple_logger.py log_once [line:28] INFO std_val_accuracy              0.0278
2025-04-28 12:00:42,724 simple_logger.py log_once [line:28] INFO val_loss                      0.7625
2025-04-28 12:00:42,724 simple_logger.py log_once [line:28] INFO mean_val_loss                 0.7625
2025-04-28 12:00:42,724 simple_logger.py log_once [line:28] INFO std_val_loss                  0.0602
2025-04-28 12:00:42,724 fedbase.py run [line:323] INFO expense           3157258170.0
2025-04-28 12:00:42,724 fedbase.py run [line:324] INFO Eval Time Cost:               3.0676s
2025-04-28 12:00:42,724 asyncbase.py iterate [line:68] INFO Select clients [0, 1, 2, 3, 4, 5, 6, 7, 8, 9, 10, 11, 12, 13, 14, 15, 16, 17, 18, 19] at time 679.
2025-04-28 12:03:14,641 asyncbase.py iterate [line:73] INFO Receive new models from clients [17, 14, 10, 18, 11, 7, 16, 12, 4, 1, 13, 15, 6, 19, 5, 8, 3, 9, 2, 0] at time 680
2025-04-28 12:03:15,231 fedbase.py run [line:318] INFO --------------Round 284--------------
2025-04-28 12:03:15,231 simple_logger.py log_once [line:14] INFO Current_time:680
2025-04-28 12:03:18,350 simple_logger.py log_once [line:28] INFO test_accuracy                 0.7346
2025-04-28 12:03:18,350 simple_logger.py log_once [line:28] INFO test_loss                     0.7495
2025-04-28 12:03:18,350 simple_logger.py log_once [line:28] INFO val_accuracy                  0.7322
2025-04-28 12:03:18,350 simple_logger.py log_once [line:28] INFO mean_val_accuracy             0.7322
2025-04-28 12:03:18,350 simple_logger.py log_once [line:28] INFO std_val_accuracy              0.0308
2025-04-28 12:03:18,350 simple_logger.py log_once [line:28] INFO val_loss                      0.7621
2025-04-28 12:03:18,351 simple_logger.py log_once [line:28] INFO mean_val_loss                 0.7621
2025-04-28 12:03:18,351 simple_logger.py log_once [line:28] INFO std_val_loss                  0.0605
2025-04-28 12:03:18,351 fedbase.py run [line:323] INFO expense           3161689370.0
2025-04-28 12:03:18,351 fedbase.py run [line:324] INFO Eval Time Cost:               3.1195s
2025-04-28 12:03:18,351 asyncbase.py iterate [line:68] INFO Select clients [0, 1, 2, 3, 4, 5, 6, 7, 8, 9, 10, 11, 12, 13, 14, 15, 16, 17, 18, 19] at time 681.
2025-04-28 12:05:52,659 asyncbase.py iterate [line:73] INFO Receive new models from clients [11, 5, 13, 18, 4, 10, 8, 14, 9, 2, 7, 19, 6, 1, 15, 3, 0, 17, 16, 12] at time 682
2025-04-28 12:05:53,323 fedbase.py run [line:318] INFO --------------Round 285--------------
2025-04-28 12:05:53,324 simple_logger.py log_once [line:14] INFO Current_time:682
2025-04-28 12:05:56,553 simple_logger.py log_once [line:28] INFO test_accuracy                 0.7327
2025-04-28 12:05:56,554 simple_logger.py log_once [line:28] INFO test_loss                     0.7513
2025-04-28 12:05:56,554 simple_logger.py log_once [line:28] INFO val_accuracy                  0.7332
2025-04-28 12:05:56,554 simple_logger.py log_once [line:28] INFO mean_val_accuracy             0.7332
2025-04-28 12:05:56,554 simple_logger.py log_once [line:28] INFO std_val_accuracy              0.0277
2025-04-28 12:05:56,554 simple_logger.py log_once [line:28] INFO val_loss                      0.7632
2025-04-28 12:05:56,554 simple_logger.py log_once [line:28] INFO mean_val_loss                 0.7632
2025-04-28 12:05:56,554 simple_logger.py log_once [line:28] INFO std_val_loss                  0.0603
2025-04-28 12:05:56,554 fedbase.py run [line:323] INFO expense           3166120570.0
2025-04-28 12:05:56,554 fedbase.py run [line:324] INFO Eval Time Cost:               3.2305s
2025-04-28 12:05:56,554 asyncbase.py iterate [line:68] INFO Select clients [0, 1, 2, 3, 4, 5, 6, 7, 8, 9, 10, 11, 12, 13, 14, 15, 16, 17, 18, 19] at time 683.
2025-04-28 12:08:28,728 asyncbase.py iterate [line:73] INFO Receive new models from clients [16, 17, 7, 10, 3, 6, 2, 15, 13, 5, 8, 1, 18, 19, 11, 4, 9, 0, 14, 12] at time 684
2025-04-28 12:08:29,379 fedbase.py run [line:318] INFO --------------Round 286--------------
2025-04-28 12:08:29,380 simple_logger.py log_once [line:14] INFO Current_time:684
2025-04-28 12:08:33,046 simple_logger.py log_once [line:28] INFO test_accuracy                 0.7342
2025-04-28 12:08:33,046 simple_logger.py log_once [line:28] INFO test_loss                     0.7481
2025-04-28 12:08:33,046 simple_logger.py log_once [line:28] INFO val_accuracy                  0.7330
2025-04-28 12:08:33,046 simple_logger.py log_once [line:28] INFO mean_val_accuracy             0.7330
2025-04-28 12:08:33,046 simple_logger.py log_once [line:28] INFO std_val_accuracy              0.0295
2025-04-28 12:08:33,046 simple_logger.py log_once [line:28] INFO val_loss                      0.7602
2025-04-28 12:08:33,046 simple_logger.py log_once [line:28] INFO mean_val_loss                 0.7602
2025-04-28 12:08:33,046 simple_logger.py log_once [line:28] INFO std_val_loss                  0.0612
2025-04-28 12:08:33,046 fedbase.py run [line:323] INFO expense           3170551770.0
2025-04-28 12:08:33,046 fedbase.py run [line:324] INFO Eval Time Cost:               3.6664s
2025-04-28 12:08:33,046 asyncbase.py iterate [line:68] INFO Select clients [0, 1, 2, 3, 4, 5, 6, 7, 8, 9, 10, 11, 12, 13, 14, 15, 16, 17, 18, 19] at time 685.
2025-04-28 12:11:03,744 asyncbase.py iterate [line:73] INFO Receive new models from clients [16, 12, 6, 2, 5, 7, 17, 10, 1, 11, 4, 15, 18, 19, 3, 9, 13, 14, 0, 8] at time 686
2025-04-28 12:11:04,375 fedbase.py run [line:318] INFO --------------Round 287--------------
2025-04-28 12:11:04,376 simple_logger.py log_once [line:14] INFO Current_time:686
2025-04-28 12:11:07,696 simple_logger.py log_once [line:28] INFO test_accuracy                 0.7325
2025-04-28 12:11:07,696 simple_logger.py log_once [line:28] INFO test_loss                     0.7516
2025-04-28 12:11:07,696 simple_logger.py log_once [line:28] INFO val_accuracy                  0.7350
2025-04-28 12:11:07,696 simple_logger.py log_once [line:28] INFO mean_val_accuracy             0.7350
2025-04-28 12:11:07,696 simple_logger.py log_once [line:28] INFO std_val_accuracy              0.0273
2025-04-28 12:11:07,696 simple_logger.py log_once [line:28] INFO val_loss                      0.7661
2025-04-28 12:11:07,696 simple_logger.py log_once [line:28] INFO mean_val_loss                 0.7661
2025-04-28 12:11:07,696 simple_logger.py log_once [line:28] INFO std_val_loss                  0.0596
2025-04-28 12:11:07,697 fedbase.py run [line:323] INFO expense           3174982970.0
2025-04-28 12:11:07,697 fedbase.py run [line:324] INFO Eval Time Cost:               3.3207s
2025-04-28 12:11:07,697 asyncbase.py iterate [line:68] INFO Select clients [0, 1, 2, 3, 4, 5, 6, 7, 8, 9, 10, 11, 12, 13, 14, 15, 16, 17, 18, 19] at time 687.
2025-04-28 12:13:42,068 asyncbase.py iterate [line:73] INFO Receive new models from clients [17, 6, 1, 2, 0, 5, 16, 11, 14, 18, 12, 19, 9, 13, 7, 10, 15, 4, 8, 3] at time 688
2025-04-28 12:13:42,693 fedbase.py run [line:318] INFO --------------Round 288--------------
2025-04-28 12:13:42,694 simple_logger.py log_once [line:14] INFO Current_time:688
2025-04-28 12:13:46,061 simple_logger.py log_once [line:28] INFO test_accuracy                 0.7347
2025-04-28 12:13:46,061 simple_logger.py log_once [line:28] INFO test_loss                     0.7461
2025-04-28 12:13:46,061 simple_logger.py log_once [line:28] INFO val_accuracy                  0.7348
2025-04-28 12:13:46,061 simple_logger.py log_once [line:28] INFO mean_val_accuracy             0.7348
2025-04-28 12:13:46,061 simple_logger.py log_once [line:28] INFO std_val_accuracy              0.0278
2025-04-28 12:13:46,061 simple_logger.py log_once [line:28] INFO val_loss                      0.7622
2025-04-28 12:13:46,061 simple_logger.py log_once [line:28] INFO mean_val_loss                 0.7622
2025-04-28 12:13:46,061 simple_logger.py log_once [line:28] INFO std_val_loss                  0.0609
2025-04-28 12:13:46,061 fedbase.py run [line:323] INFO expense           3179414170.0
2025-04-28 12:13:46,061 fedbase.py run [line:324] INFO Eval Time Cost:               3.3676s
2025-04-28 12:13:46,061 asyncbase.py iterate [line:68] INFO Select clients [0, 1, 2, 3, 4, 5, 6, 7, 8, 9, 10, 11, 12, 13, 14, 15, 16, 17, 18, 19] at time 689.
2025-04-28 12:16:15,134 asyncbase.py iterate [line:73] INFO Receive new models from clients [0, 1, 7, 18, 14, 10, 8, 13, 16, 4, 11, 19, 12, 9, 6, 15, 17, 2, 5, 3] at time 690
2025-04-28 12:16:15,757 fedbase.py run [line:318] INFO --------------Round 289--------------
2025-04-28 12:16:15,758 simple_logger.py log_once [line:14] INFO Current_time:690
2025-04-28 12:16:19,061 simple_logger.py log_once [line:28] INFO test_accuracy                 0.7343
2025-04-28 12:16:19,061 simple_logger.py log_once [line:28] INFO test_loss                     0.7512
2025-04-28 12:16:19,062 simple_logger.py log_once [line:28] INFO val_accuracy                  0.7346
2025-04-28 12:16:19,062 simple_logger.py log_once [line:28] INFO mean_val_accuracy             0.7346
2025-04-28 12:16:19,062 simple_logger.py log_once [line:28] INFO std_val_accuracy              0.0264
2025-04-28 12:16:19,062 simple_logger.py log_once [line:28] INFO val_loss                      0.7640
2025-04-28 12:16:19,062 simple_logger.py log_once [line:28] INFO mean_val_loss                 0.7640
2025-04-28 12:16:19,062 simple_logger.py log_once [line:28] INFO std_val_loss                  0.0595
2025-04-28 12:16:19,062 fedbase.py run [line:323] INFO expense           3183845370.0
2025-04-28 12:16:19,062 fedbase.py run [line:324] INFO Eval Time Cost:               3.3043s
2025-04-28 12:16:19,062 asyncbase.py iterate [line:68] INFO Select clients [0, 1, 2, 3, 4, 5, 6, 7, 8, 9, 10, 11, 12, 13, 14, 15, 16, 17, 18, 19] at time 691.
2025-04-28 12:16:52,129 asyncbase.py iterate [line:73] INFO Receive new models from clients [7, 0, 14, 9, 17, 1, 19, 4, 6, 13, 18, 2, 10, 5, 12, 16, 11, 3, 15, 8] at time 692
2025-04-28 12:16:59,862 fedbase.py run [line:318] INFO --------------Round 290--------------
2025-04-28 12:16:59,863 simple_logger.py log_once [line:14] INFO Current_time:692
2025-04-28 12:17:03,231 simple_logger.py log_once [line:28] INFO test_accuracy                 0.7382
2025-04-28 12:17:03,231 simple_logger.py log_once [line:28] INFO test_loss                     0.7332
2025-04-28 12:17:03,231 simple_logger.py log_once [line:28] INFO val_accuracy                  0.7344
2025-04-28 12:17:03,231 simple_logger.py log_once [line:28] INFO mean_val_accuracy             0.7344
2025-04-28 12:17:03,231 simple_logger.py log_once [line:28] INFO std_val_accuracy              0.0308
2025-04-28 12:17:03,231 simple_logger.py log_once [line:28] INFO val_loss                      0.7499
2025-04-28 12:17:03,231 simple_logger.py log_once [line:28] INFO mean_val_loss                 0.7499
2025-04-28 12:17:03,231 simple_logger.py log_once [line:28] INFO std_val_loss                  0.0629
2025-04-28 12:17:03,231 fedbase.py run [line:323] INFO expense           3239715180.0
2025-04-28 12:17:03,231 fedbase.py run [line:324] INFO Eval Time Cost:               3.3688s
2025-04-28 12:17:03,231 asyncbase.py iterate [line:68] INFO Select clients [0, 1, 2, 3, 4, 5, 6, 7, 8, 9, 10, 11, 12, 13, 14, 15, 16, 17, 18, 19] at time 693.
2025-04-28 12:19:34,016 asyncbase.py iterate [line:73] INFO Receive new models from clients [6, 0, 8, 16, 9, 18, 15, 14, 10, 7, 1, 11, 19, 13, 4] at time 696
2025-04-28 12:19:34,017 asyncbase.py iterate [line:73] INFO Receive new models from clients [3, 2, 12, 5, 17] at time 697
2025-04-28 12:19:34,676 fedbase.py run [line:318] INFO --------------Round 291--------------
2025-04-28 12:19:34,677 simple_logger.py log_once [line:14] INFO Current_time:697
2025-04-28 12:19:38,069 simple_logger.py log_once [line:28] INFO test_accuracy                 0.7375
2025-04-28 12:19:38,069 simple_logger.py log_once [line:28] INFO test_loss                     0.7352
2025-04-28 12:19:38,069 simple_logger.py log_once [line:28] INFO val_accuracy                  0.7342
2025-04-28 12:19:38,069 simple_logger.py log_once [line:28] INFO mean_val_accuracy             0.7342
2025-04-28 12:19:38,069 simple_logger.py log_once [line:28] INFO std_val_accuracy              0.0309
2025-04-28 12:19:38,069 simple_logger.py log_once [line:28] INFO val_loss                      0.7529
2025-04-28 12:19:38,069 simple_logger.py log_once [line:28] INFO mean_val_loss                 0.7529
2025-04-28 12:19:38,069 simple_logger.py log_once [line:28] INFO std_val_loss                  0.0592
2025-04-28 12:19:38,069 fedbase.py run [line:323] INFO expense           3244146380.0
2025-04-28 12:19:38,069 fedbase.py run [line:324] INFO Eval Time Cost:               3.3923s
2025-04-28 12:19:38,069 asyncbase.py iterate [line:68] INFO Select clients [0, 1, 2, 3, 4, 5, 6, 7, 8, 9, 10, 11, 12, 13, 14, 15, 16, 17, 18, 19] at time 698.
2025-04-28 12:22:01,207 asyncbase.py iterate [line:73] INFO Receive new models from clients [6, 9, 18, 3, 16, 14, 8, 2, 13, 1, 10, 19, 17, 11, 12, 0, 5, 7, 15, 4] at time 699
2025-04-28 12:22:01,748 fedbase.py run [line:318] INFO --------------Round 292--------------
2025-04-28 12:22:01,748 simple_logger.py log_once [line:14] INFO Current_time:699
2025-04-28 12:22:04,832 simple_logger.py log_once [line:28] INFO test_accuracy                 0.7377
2025-04-28 12:22:04,833 simple_logger.py log_once [line:28] INFO test_loss                     0.7338
2025-04-28 12:22:04,833 simple_logger.py log_once [line:28] INFO val_accuracy                  0.7344
2025-04-28 12:22:04,833 simple_logger.py log_once [line:28] INFO mean_val_accuracy             0.7344
2025-04-28 12:22:04,833 simple_logger.py log_once [line:28] INFO std_val_accuracy              0.0345
2025-04-28 12:22:04,833 simple_logger.py log_once [line:28] INFO val_loss                      0.7505
2025-04-28 12:22:04,833 simple_logger.py log_once [line:28] INFO mean_val_loss                 0.7505
2025-04-28 12:22:04,833 simple_logger.py log_once [line:28] INFO std_val_loss                  0.0609
2025-04-28 12:22:04,833 fedbase.py run [line:323] INFO expense           3248577580.0
2025-04-28 12:22:04,833 fedbase.py run [line:324] INFO Eval Time Cost:               3.0849s
2025-04-28 12:22:04,833 asyncbase.py iterate [line:68] INFO Select clients [0, 1, 2, 3, 4, 5, 6, 7, 8, 9, 10, 11, 12, 13, 14, 15, 16, 17, 18, 19] at time 700.
2025-04-28 12:24:10,695 asyncbase.py iterate [line:73] INFO Receive new models from clients [0, 14, 12, 13, 4, 1, 9, 5, 8, 19, 18, 17, 10, 16, 6, 15, 11, 7, 2, 3] at time 701
2025-04-28 12:24:11,274 fedbase.py run [line:318] INFO --------------Round 293--------------
2025-04-28 12:24:11,275 simple_logger.py log_once [line:14] INFO Current_time:701
2025-04-28 12:24:14,302 simple_logger.py log_once [line:28] INFO test_accuracy                 0.7361
2025-04-28 12:24:14,302 simple_logger.py log_once [line:28] INFO test_loss                     0.7402
2025-04-28 12:24:14,302 simple_logger.py log_once [line:28] INFO val_accuracy                  0.7338
2025-04-28 12:24:14,302 simple_logger.py log_once [line:28] INFO mean_val_accuracy             0.7338
2025-04-28 12:24:14,302 simple_logger.py log_once [line:28] INFO std_val_accuracy              0.0333
2025-04-28 12:24:14,302 simple_logger.py log_once [line:28] INFO val_loss                      0.7572
2025-04-28 12:24:14,302 simple_logger.py log_once [line:28] INFO mean_val_loss                 0.7572
2025-04-28 12:24:14,302 simple_logger.py log_once [line:28] INFO std_val_loss                  0.0581
2025-04-28 12:24:14,302 fedbase.py run [line:323] INFO expense           3253008780.0
2025-04-28 12:24:14,302 fedbase.py run [line:324] INFO Eval Time Cost:               3.0275s
2025-04-28 12:24:14,303 asyncbase.py iterate [line:68] INFO Select clients [0, 1, 2, 3, 4, 5, 6, 7, 8, 9, 10, 11, 12, 13, 14, 15, 16, 17, 18, 19] at time 702.
2025-04-28 12:26:18,228 asyncbase.py iterate [line:73] INFO Receive new models from clients [17, 6, 7, 9, 1, 5, 12, 16, 18, 14, 0, 8, 3, 2, 10, 15, 4, 13, 19, 11] at time 703
2025-04-28 12:26:18,693 fedbase.py run [line:318] INFO --------------Round 294--------------
2025-04-28 12:26:18,694 simple_logger.py log_once [line:14] INFO Current_time:703
2025-04-28 12:26:21,772 simple_logger.py log_once [line:28] INFO test_accuracy                 0.7386
2025-04-28 12:26:21,772 simple_logger.py log_once [line:28] INFO test_loss                     0.7320
2025-04-28 12:26:21,772 simple_logger.py log_once [line:28] INFO val_accuracy                  0.7328
2025-04-28 12:26:21,772 simple_logger.py log_once [line:28] INFO mean_val_accuracy             0.7328
2025-04-28 12:26:21,772 simple_logger.py log_once [line:28] INFO std_val_accuracy              0.0317
2025-04-28 12:26:21,772 simple_logger.py log_once [line:28] INFO val_loss                      0.7507
2025-04-28 12:26:21,772 simple_logger.py log_once [line:28] INFO mean_val_loss                 0.7507
2025-04-28 12:26:21,772 simple_logger.py log_once [line:28] INFO std_val_loss                  0.0587
2025-04-28 12:26:21,772 fedbase.py run [line:323] INFO expense           3257439980.0
2025-04-28 12:26:21,772 fedbase.py run [line:324] INFO Eval Time Cost:               3.0785s
2025-04-28 12:26:21,772 asyncbase.py iterate [line:68] INFO Select clients [0, 1, 2, 3, 4, 5, 6, 7, 8, 9, 10, 11, 12, 13, 14, 15, 16, 17, 18, 19] at time 704.
2025-04-28 12:27:59,709 asyncbase.py iterate [line:73] INFO Receive new models from clients [10, 15, 5, 3, 6, 19, 7, 9, 4, 18, 11, 8, 2, 12, 17, 0, 16, 13, 1, 14] at time 705
2025-04-28 12:28:00,136 fedbase.py run [line:318] INFO --------------Round 295--------------
2025-04-28 12:28:00,137 simple_logger.py log_once [line:14] INFO Current_time:705
2025-04-28 12:28:03,034 simple_logger.py log_once [line:28] INFO test_accuracy                 0.7377
2025-04-28 12:28:03,034 simple_logger.py log_once [line:28] INFO test_loss                     0.7352
2025-04-28 12:28:03,034 simple_logger.py log_once [line:28] INFO val_accuracy                  0.7348
2025-04-28 12:28:03,034 simple_logger.py log_once [line:28] INFO mean_val_accuracy             0.7348
2025-04-28 12:28:03,034 simple_logger.py log_once [line:28] INFO std_val_accuracy              0.0327
2025-04-28 12:28:03,034 simple_logger.py log_once [line:28] INFO val_loss                      0.7522
2025-04-28 12:28:03,034 simple_logger.py log_once [line:28] INFO mean_val_loss                 0.7522
2025-04-28 12:28:03,035 simple_logger.py log_once [line:28] INFO std_val_loss                  0.0589
2025-04-28 12:28:03,035 fedbase.py run [line:323] INFO expense           3261871180.0
2025-04-28 12:28:03,035 fedbase.py run [line:324] INFO Eval Time Cost:               2.8978s
2025-04-28 12:28:03,035 asyncbase.py iterate [line:68] INFO Select clients [0, 1, 2, 3, 4, 5, 6, 7, 8, 9, 10, 11, 12, 13, 14, 15, 16, 17, 18, 19] at time 706.
2025-04-28 12:29:33,087 asyncbase.py iterate [line:73] INFO Receive new models from clients [8, 12, 5, 18, 16, 4, 14, 17, 15, 0, 7, 13, 3, 1, 6, 2, 9, 19, 10, 11] at time 707
2025-04-28 12:29:33,522 fedbase.py run [line:318] INFO --------------Round 296--------------
2025-04-28 12:29:33,523 simple_logger.py log_once [line:14] INFO Current_time:707
2025-04-28 12:29:36,406 simple_logger.py log_once [line:28] INFO test_accuracy                 0.7385
2025-04-28 12:29:36,406 simple_logger.py log_once [line:28] INFO test_loss                     0.7359
2025-04-28 12:29:36,406 simple_logger.py log_once [line:28] INFO val_accuracy                  0.7348
2025-04-28 12:29:36,407 simple_logger.py log_once [line:28] INFO mean_val_accuracy             0.7348
2025-04-28 12:29:36,407 simple_logger.py log_once [line:28] INFO std_val_accuracy              0.0327
2025-04-28 12:29:36,407 simple_logger.py log_once [line:28] INFO val_loss                      0.7555
2025-04-28 12:29:36,407 simple_logger.py log_once [line:28] INFO mean_val_loss                 0.7555
2025-04-28 12:29:36,407 simple_logger.py log_once [line:28] INFO std_val_loss                  0.0596
2025-04-28 12:29:36,407 fedbase.py run [line:323] INFO expense           3266302380.0
2025-04-28 12:29:36,407 fedbase.py run [line:324] INFO Eval Time Cost:               2.8842s
2025-04-28 12:29:36,407 asyncbase.py iterate [line:68] INFO Select clients [0, 1, 2, 3, 4, 5, 6, 7, 8, 9, 10, 11, 12, 13, 14, 15, 16, 17, 18, 19] at time 708.
2025-04-28 12:31:09,206 asyncbase.py iterate [line:73] INFO Receive new models from clients [2, 19, 0, 7, 11, 18, 4, 12, 15, 10, 6, 3, 5, 16, 1, 17, 8, 9, 13, 14] at time 709
2025-04-28 12:31:09,645 fedbase.py run [line:318] INFO --------------Round 297--------------
2025-04-28 12:31:09,646 simple_logger.py log_once [line:14] INFO Current_time:709
2025-04-28 12:31:12,602 simple_logger.py log_once [line:28] INFO test_accuracy                 0.7353
2025-04-28 12:31:12,602 simple_logger.py log_once [line:28] INFO test_loss                     0.7469
2025-04-28 12:31:12,602 simple_logger.py log_once [line:28] INFO val_accuracy                  0.7314
2025-04-28 12:31:12,602 simple_logger.py log_once [line:28] INFO mean_val_accuracy             0.7314
2025-04-28 12:31:12,602 simple_logger.py log_once [line:28] INFO std_val_accuracy              0.0329
2025-04-28 12:31:12,602 simple_logger.py log_once [line:28] INFO val_loss                      0.7612
2025-04-28 12:31:12,602 simple_logger.py log_once [line:28] INFO mean_val_loss                 0.7612
2025-04-28 12:31:12,602 simple_logger.py log_once [line:28] INFO std_val_loss                  0.0646
2025-04-28 12:31:12,602 fedbase.py run [line:323] INFO expense           3270733580.0
2025-04-28 12:31:12,602 fedbase.py run [line:324] INFO Eval Time Cost:               2.9568s
2025-04-28 12:31:12,603 asyncbase.py iterate [line:68] INFO Select clients [0, 1, 2, 3, 4, 5, 6, 7, 8, 9, 10, 11, 12, 13, 14, 15, 16, 17, 18, 19] at time 710.
2025-04-28 12:32:41,224 asyncbase.py iterate [line:73] INFO Receive new models from clients [0, 14, 9, 15, 8, 1, 17, 18, 10, 6, 3, 12, 19, 2, 7, 16, 11, 5, 13, 4] at time 711
2025-04-28 12:32:41,679 fedbase.py run [line:318] INFO --------------Round 298--------------
2025-04-28 12:32:41,679 simple_logger.py log_once [line:14] INFO Current_time:711
2025-04-28 12:32:44,606 simple_logger.py log_once [line:28] INFO test_accuracy                 0.7383
2025-04-28 12:32:44,607 simple_logger.py log_once [line:28] INFO test_loss                     0.7347
2025-04-28 12:32:44,607 simple_logger.py log_once [line:28] INFO val_accuracy                  0.7368
2025-04-28 12:32:44,607 simple_logger.py log_once [line:28] INFO mean_val_accuracy             0.7368
2025-04-28 12:32:44,607 simple_logger.py log_once [line:28] INFO std_val_accuracy              0.0307
2025-04-28 12:32:44,607 simple_logger.py log_once [line:28] INFO val_loss                      0.7526
2025-04-28 12:32:44,607 simple_logger.py log_once [line:28] INFO mean_val_loss                 0.7526
2025-04-28 12:32:44,607 simple_logger.py log_once [line:28] INFO std_val_loss                  0.0602
2025-04-28 12:32:44,607 fedbase.py run [line:323] INFO expense           3275164780.0
2025-04-28 12:32:44,607 fedbase.py run [line:324] INFO Eval Time Cost:               2.9279s
2025-04-28 12:32:44,607 asyncbase.py iterate [line:68] INFO Select clients [0, 1, 2, 3, 4, 5, 6, 7, 8, 9, 10, 11, 12, 13, 14, 15, 16, 17, 18, 19] at time 712.
2025-04-28 12:34:14,303 asyncbase.py iterate [line:73] INFO Receive new models from clients [14, 1, 12, 13, 16, 7, 15, 18, 17, 6, 2, 11, 10, 4, 3, 5, 19, 0, 9, 8] at time 713
2025-04-28 12:34:14,744 fedbase.py run [line:318] INFO --------------Round 299--------------
2025-04-28 12:34:14,744 simple_logger.py log_once [line:14] INFO Current_time:713
2025-04-28 12:34:17,659 simple_logger.py log_once [line:28] INFO test_accuracy                 0.7371
2025-04-28 12:34:17,659 simple_logger.py log_once [line:28] INFO test_loss                     0.7425
2025-04-28 12:34:17,659 simple_logger.py log_once [line:28] INFO val_accuracy                  0.7354
2025-04-28 12:34:17,659 simple_logger.py log_once [line:28] INFO mean_val_accuracy             0.7354
2025-04-28 12:34:17,659 simple_logger.py log_once [line:28] INFO std_val_accuracy              0.0297
2025-04-28 12:34:17,659 simple_logger.py log_once [line:28] INFO val_loss                      0.7577
2025-04-28 12:34:17,659 simple_logger.py log_once [line:28] INFO mean_val_loss                 0.7577
2025-04-28 12:34:17,660 simple_logger.py log_once [line:28] INFO std_val_loss                  0.0626
2025-04-28 12:34:17,660 fedbase.py run [line:323] INFO expense           3279595980.0
2025-04-28 12:34:17,660 fedbase.py run [line:324] INFO Eval Time Cost:               2.9152s
2025-04-28 12:34:17,660 asyncbase.py iterate [line:68] INFO Select clients [0, 1, 2, 3, 4, 5, 6, 7, 8, 9, 10, 11, 12, 13, 14, 15, 16, 17, 18, 19] at time 714.
2025-04-28 12:35:45,447 asyncbase.py iterate [line:73] INFO Receive new models from clients [1, 7, 8, 16, 2, 0, 14, 9, 12, 6, 13, 19, 3, 18, 5, 15, 17, 10, 4, 11] at time 715
2025-04-28 12:35:45,896 fedbase.py run [line:318] INFO --------------Round 300--------------
2025-04-28 12:35:45,896 simple_logger.py log_once [line:14] INFO Current_time:715
2025-04-28 12:35:48,780 simple_logger.py log_once [line:28] INFO test_accuracy                 0.7377
2025-04-28 12:35:48,781 simple_logger.py log_once [line:28] INFO test_loss                     0.7388
2025-04-28 12:35:48,781 simple_logger.py log_once [line:28] INFO val_accuracy                  0.7366
2025-04-28 12:35:48,781 simple_logger.py log_once [line:28] INFO mean_val_accuracy             0.7366
2025-04-28 12:35:48,781 simple_logger.py log_once [line:28] INFO std_val_accuracy              0.0288
2025-04-28 12:35:48,781 simple_logger.py log_once [line:28] INFO val_loss                      0.7545
2025-04-28 12:35:48,781 simple_logger.py log_once [line:28] INFO mean_val_loss                 0.7545
2025-04-28 12:35:48,781 simple_logger.py log_once [line:28] INFO std_val_loss                  0.0605
2025-04-28 12:35:48,781 fedbase.py run [line:323] INFO expense           3284027180.0
2025-04-28 12:35:48,781 fedbase.py run [line:324] INFO Eval Time Cost:               2.8845s
2025-04-28 12:35:48,781 fedbase.py run [line:332] INFO =================End==================
2025-04-28 12:35:48,781 fedbase.py run [line:333] INFO Total Time Cost:              35536.8489s
