2025-04-30 01:44:04,447 fflow.py init [line:792] INFO PROCESS ID:	7234
2025-04-30 01:44:04,447 fflow.py init [line:793] INFO Initializing devices: cuda:0 will be used for this running.
2025-04-30 01:44:04,447 fflow.py init [line:796] INFO BENCHMARK:	flgo.benchmark.svhn_classification
2025-04-30 01:44:04,448 fflow.py init [line:797] INFO TASK:			./svhn_result_20
2025-04-30 01:44:04,448 fflow.py init [line:798] INFO MODEL:		flgo.benchmark.svhn_classification.model.cnn
2025-04-30 01:44:04,448 fflow.py init [line:799] INFO ALGORITHM:	tucker
2025-04-30 01:44:04,448 fflow.py init [line:800] INFO LRate:		0.005
2025-04-30 01:44:04,448 fflow.py init [line:801] INFO COMPRESS:		tucker
2025-04-30 01:44:04,448 fflow.py init [line:807] INFO GAMMA:		12
2025-04-30 01:44:07,867 fflow.py init [line:853] INFO SCENE:		horizontal FL with 1 <class 'tucker.Server'>, 20 <class 'tucker.Client'>
2025-04-30 01:44:08,059 fflow.py init [line:870] INFO SIMULATOR:	<class 'flgo.simulator.default_simulator.Simulator'>
2025-04-30 01:44:08,060 fflow.py init [line:883] INFO Ready to start.
2025-04-30 01:44:08,060 fedbase.py run [line:306] INFO --------------Initial Evaluation--------------
2025-04-30 01:44:08,060 simple_logger.py log_once [line:14] INFO Current_time:0
2025-04-30 01:44:13,445 simple_logger.py log_once [line:28] INFO test_accuracy                 0.1109
2025-04-30 01:44:13,445 simple_logger.py log_once [line:28] INFO test_loss                     2.3008
2025-04-30 01:44:13,445 simple_logger.py log_once [line:28] INFO val_accuracy                  0.1208
2025-04-30 01:44:13,445 simple_logger.py log_once [line:28] INFO mean_val_accuracy             0.1208
2025-04-30 01:44:13,445 simple_logger.py log_once [line:28] INFO std_val_accuracy              0.0132
2025-04-30 01:44:13,446 simple_logger.py log_once [line:28] INFO val_loss                      2.2998
2025-04-30 01:44:13,446 simple_logger.py log_once [line:28] INFO mean_val_loss                 2.2998
2025-04-30 01:44:13,446 simple_logger.py log_once [line:28] INFO std_val_loss                  0.0018
2025-04-30 01:44:13,446 fedbase.py run [line:309] INFO expense     0
2025-04-30 01:44:13,446 fedbase.py run [line:310] INFO Eval Time Cost:               5.3860s
2025-04-30 01:44:13,446 asyncbase.py iterate [line:68] INFO Select clients [0, 1, 2, 3, 4, 5, 6, 7, 8, 9, 10, 11, 12, 13, 14, 15, 16, 17, 18, 19] at time 1.
2025-04-30 01:44:27,596 asyncbase.py iterate [line:73] INFO Receive new models from clients [14, 2, 8, 18, 7, 10, 19, 5, 17, 6, 15, 3, 12, 0, 16, 1, 4, 13, 11, 9] at time 2
2025-04-30 01:44:27,773 fedbase.py run [line:318] INFO --------------Round 1--------------
2025-04-30 01:44:27,773 simple_logger.py log_once [line:14] INFO Current_time:2
2025-04-30 01:44:33,003 simple_logger.py log_once [line:28] INFO test_accuracy                 0.1959
2025-04-30 01:44:33,003 simple_logger.py log_once [line:28] INFO test_loss                     2.2631
2025-04-30 01:44:33,003 simple_logger.py log_once [line:28] INFO val_accuracy                  0.1889
2025-04-30 01:44:33,003 simple_logger.py log_once [line:28] INFO mean_val_accuracy             0.1889
2025-04-30 01:44:33,003 simple_logger.py log_once [line:28] INFO std_val_accuracy              0.0128
2025-04-30 01:44:33,003 simple_logger.py log_once [line:28] INFO val_loss                      2.2673
2025-04-30 01:44:33,004 simple_logger.py log_once [line:28] INFO mean_val_loss                 2.2673
2025-04-30 01:44:33,004 simple_logger.py log_once [line:28] INFO std_val_loss                  0.0052
2025-04-30 01:44:33,004 fedbase.py run [line:323] INFO expense           3989810.0
2025-04-30 01:44:33,004 fedbase.py run [line:324] INFO Eval Time Cost:               5.2305s
2025-04-30 01:44:33,004 asyncbase.py iterate [line:68] INFO Select clients [0, 1, 2, 3, 4, 5, 6, 7, 8, 9, 10, 11, 12, 13, 14, 15, 16, 17, 18, 19] at time 3.
2025-04-30 01:45:13,450 asyncbase.py iterate [line:73] INFO Receive new models from clients [10, 9, 14, 6, 11, 15, 5, 12, 13, 8, 3, 0, 2, 18, 4, 16, 19, 7, 17, 1] at time 4
2025-04-30 01:45:13,488 tucker.py package_handler [line:154] INFO next round3 update basic
2025-04-30 01:45:13,488 fedbase.py run [line:318] INFO --------------Round 2--------------
2025-04-30 01:45:13,488 simple_logger.py log_once [line:14] INFO Current_time:4
2025-04-30 01:45:18,760 simple_logger.py log_once [line:28] INFO test_accuracy                 0.1959
2025-04-30 01:45:18,760 simple_logger.py log_once [line:28] INFO test_loss                     2.2277
2025-04-30 01:45:18,760 simple_logger.py log_once [line:28] INFO val_accuracy                  0.1889
2025-04-30 01:45:18,760 simple_logger.py log_once [line:28] INFO mean_val_accuracy             0.1889
2025-04-30 01:45:18,760 simple_logger.py log_once [line:28] INFO std_val_accuracy              0.0128
2025-04-30 01:45:18,760 simple_logger.py log_once [line:28] INFO val_loss                      2.2389
2025-04-30 01:45:18,760 simple_logger.py log_once [line:28] INFO mean_val_loss                 2.2389
2025-04-30 01:45:18,760 simple_logger.py log_once [line:28] INFO std_val_loss                  0.0127
2025-04-30 01:45:18,760 fedbase.py run [line:323] INFO expense           4024210.0
2025-04-30 01:45:18,760 fedbase.py run [line:324] INFO Eval Time Cost:               5.2720s
2025-04-30 01:45:18,761 asyncbase.py iterate [line:68] INFO Select clients [0, 1, 2, 3, 4, 5, 6, 7, 8, 9, 10, 11, 12, 13, 14, 15, 16, 17, 18, 19] at time 5.
2025-04-30 01:45:32,599 asyncbase.py iterate [line:73] INFO Receive new models from clients [19, 8, 10, 4, 7, 6, 0, 9, 17, 15, 12, 2, 3, 13, 11, 14, 1, 18, 5] at time 11
2025-04-30 01:45:32,599 asyncbase.py iterate [line:73] INFO Receive new models from clients [16] at time 12
2025-04-30 01:45:33,938 fedbase.py run [line:318] INFO --------------Round 3--------------
2025-04-30 01:45:33,939 simple_logger.py log_once [line:14] INFO Current_time:12
2025-04-30 01:45:39,570 simple_logger.py log_once [line:28] INFO test_accuracy                 0.1959
2025-04-30 01:45:39,570 simple_logger.py log_once [line:28] INFO test_loss                     2.2257
2025-04-30 01:45:39,570 simple_logger.py log_once [line:28] INFO val_accuracy                  0.1889
2025-04-30 01:45:39,570 simple_logger.py log_once [line:28] INFO mean_val_accuracy             0.1889
2025-04-30 01:45:39,570 simple_logger.py log_once [line:28] INFO std_val_accuracy              0.0128
2025-04-30 01:45:39,570 simple_logger.py log_once [line:28] INFO val_loss                      2.2381
2025-04-30 01:45:39,570 simple_logger.py log_once [line:28] INFO mean_val_loss                 2.2381
2025-04-30 01:45:39,570 simple_logger.py log_once [line:28] INFO std_val_loss                  0.0137
2025-04-30 01:45:39,570 fedbase.py run [line:323] INFO expense           8014020.0
2025-04-30 01:45:39,570 fedbase.py run [line:324] INFO Eval Time Cost:               5.6315s
2025-04-30 01:45:39,570 asyncbase.py iterate [line:68] INFO Select clients [0, 1, 2, 3, 4, 5, 6, 7, 8, 9, 10, 11, 12, 13, 14, 15, 16, 17, 18, 19] at time 13.
2025-04-30 01:46:21,684 asyncbase.py iterate [line:73] INFO Receive new models from clients [19, 11, 5, 4, 2, 1, 0, 13, 10, 9, 7, 12, 17, 6, 3, 16, 18, 14, 15, 8] at time 14
2025-04-30 01:46:21,722 fedbase.py run [line:318] INFO --------------Round 4--------------
2025-04-30 01:46:21,722 simple_logger.py log_once [line:14] INFO Current_time:14
2025-04-30 01:46:26,947 simple_logger.py log_once [line:28] INFO test_accuracy                 0.1959
2025-04-30 01:46:26,947 simple_logger.py log_once [line:28] INFO test_loss                     2.2253
2025-04-30 01:46:26,947 simple_logger.py log_once [line:28] INFO val_accuracy                  0.1889
2025-04-30 01:46:26,947 simple_logger.py log_once [line:28] INFO mean_val_accuracy             0.1889
2025-04-30 01:46:26,947 simple_logger.py log_once [line:28] INFO std_val_accuracy              0.0128
2025-04-30 01:46:26,948 simple_logger.py log_once [line:28] INFO val_loss                      2.2377
2025-04-30 01:46:26,948 simple_logger.py log_once [line:28] INFO mean_val_loss                 2.2377
2025-04-30 01:46:26,948 simple_logger.py log_once [line:28] INFO std_val_loss                  0.0140
2025-04-30 01:46:26,948 fedbase.py run [line:323] INFO expense           8048420.0
2025-04-30 01:46:26,948 fedbase.py run [line:324] INFO Eval Time Cost:               5.2258s
2025-04-30 01:46:26,948 asyncbase.py iterate [line:68] INFO Select clients [0, 1, 2, 3, 4, 5, 6, 7, 8, 9, 10, 11, 12, 13, 14, 15, 16, 17, 18, 19] at time 15.
2025-04-30 01:47:08,912 asyncbase.py iterate [line:73] INFO Receive new models from clients [16, 15, 5, 9, 14, 12, 13, 3, 1, 0, 17, 18, 8, 10, 2, 6, 4, 11, 7] at time 21
2025-04-30 01:47:08,913 asyncbase.py iterate [line:73] INFO Receive new models from clients [19] at time 22
2025-04-30 01:47:08,951 fedbase.py run [line:318] INFO --------------Round 5--------------
2025-04-30 01:47:08,951 simple_logger.py log_once [line:14] INFO Current_time:22
2025-04-30 01:47:14,203 simple_logger.py log_once [line:28] INFO test_accuracy                 0.1959
2025-04-30 01:47:14,203 simple_logger.py log_once [line:28] INFO test_loss                     2.2245
2025-04-30 01:47:14,204 simple_logger.py log_once [line:28] INFO val_accuracy                  0.1889
2025-04-30 01:47:14,204 simple_logger.py log_once [line:28] INFO mean_val_accuracy             0.1889
2025-04-30 01:47:14,204 simple_logger.py log_once [line:28] INFO std_val_accuracy              0.0128
2025-04-30 01:47:14,204 simple_logger.py log_once [line:28] INFO val_loss                      2.2378
2025-04-30 01:47:14,204 simple_logger.py log_once [line:28] INFO mean_val_loss                 2.2378
2025-04-30 01:47:14,204 simple_logger.py log_once [line:28] INFO std_val_loss                  0.0145
2025-04-30 01:47:14,204 fedbase.py run [line:323] INFO expense           8082820.0
2025-04-30 01:47:14,204 fedbase.py run [line:324] INFO Eval Time Cost:               5.2529s
2025-04-30 01:47:14,204 asyncbase.py iterate [line:68] INFO Select clients [0, 1, 2, 3, 4, 5, 6, 7, 8, 9, 10, 11, 12, 13, 14, 15, 16, 17, 18, 19] at time 23.
2025-04-30 01:47:54,103 asyncbase.py iterate [line:73] INFO Receive new models from clients [6, 5, 9, 13, 2, 8, 1, 16, 12, 18, 11, 7, 4, 17, 10, 0, 15, 14] at time 29
2025-04-30 01:47:54,103 asyncbase.py iterate [line:73] INFO Receive new models from clients [3, 19] at time 30
2025-04-30 01:47:54,143 fedbase.py run [line:318] INFO --------------Round 6--------------
2025-04-30 01:47:54,143 simple_logger.py log_once [line:14] INFO Current_time:30
2025-04-30 01:47:59,391 simple_logger.py log_once [line:28] INFO test_accuracy                 0.1959
2025-04-30 01:47:59,391 simple_logger.py log_once [line:28] INFO test_loss                     2.2246
2025-04-30 01:47:59,391 simple_logger.py log_once [line:28] INFO val_accuracy                  0.1889
2025-04-30 01:47:59,391 simple_logger.py log_once [line:28] INFO mean_val_accuracy             0.1889
2025-04-30 01:47:59,391 simple_logger.py log_once [line:28] INFO std_val_accuracy              0.0128
2025-04-30 01:47:59,391 simple_logger.py log_once [line:28] INFO val_loss                      2.2377
2025-04-30 01:47:59,391 simple_logger.py log_once [line:28] INFO mean_val_loss                 2.2377
2025-04-30 01:47:59,391 simple_logger.py log_once [line:28] INFO std_val_loss                  0.0144
2025-04-30 01:47:59,391 fedbase.py run [line:323] INFO expense           8117220.0
2025-04-30 01:47:59,391 fedbase.py run [line:324] INFO Eval Time Cost:               5.2484s
2025-04-30 01:47:59,392 asyncbase.py iterate [line:68] INFO Select clients [0, 1, 2, 3, 4, 5, 6, 7, 8, 9, 10, 11, 12, 13, 14, 15, 16, 17, 18, 19] at time 31.
2025-04-30 01:48:39,914 asyncbase.py iterate [line:73] INFO Receive new models from clients [11, 6, 9, 4, 7, 18, 2, 5, 10, 8, 1, 0, 15, 13, 14, 3, 16, 12, 19] at time 37
2025-04-30 01:48:39,915 asyncbase.py iterate [line:73] INFO Receive new models from clients [17] at time 38
2025-04-30 01:48:39,951 fedbase.py run [line:318] INFO --------------Round 7--------------
2025-04-30 01:48:39,951 simple_logger.py log_once [line:14] INFO Current_time:38
2025-04-30 01:48:45,169 simple_logger.py log_once [line:28] INFO test_accuracy                 0.1959
2025-04-30 01:48:45,169 simple_logger.py log_once [line:28] INFO test_loss                     2.2247
2025-04-30 01:48:45,169 simple_logger.py log_once [line:28] INFO val_accuracy                  0.1889
2025-04-30 01:48:45,170 simple_logger.py log_once [line:28] INFO mean_val_accuracy             0.1889
2025-04-30 01:48:45,170 simple_logger.py log_once [line:28] INFO std_val_accuracy              0.0128
2025-04-30 01:48:45,170 simple_logger.py log_once [line:28] INFO val_loss                      2.2377
2025-04-30 01:48:45,170 simple_logger.py log_once [line:28] INFO mean_val_loss                 2.2377
2025-04-30 01:48:45,170 simple_logger.py log_once [line:28] INFO std_val_loss                  0.0144
2025-04-30 01:48:45,170 fedbase.py run [line:323] INFO expense           8151620.0
2025-04-30 01:48:45,170 fedbase.py run [line:324] INFO Eval Time Cost:               5.2185s
2025-04-30 01:48:45,170 asyncbase.py iterate [line:68] INFO Select clients [0, 1, 2, 3, 4, 5, 6, 7, 8, 9, 10, 11, 12, 13, 14, 15, 16, 17, 18, 19] at time 39.
2025-04-30 01:49:26,276 asyncbase.py iterate [line:73] INFO Receive new models from clients [3, 11, 18, 16, 14, 17, 8, 19, 0, 7, 12, 5, 6, 1, 4, 15, 9] at time 45
2025-04-30 01:49:26,276 asyncbase.py iterate [line:73] INFO Receive new models from clients [2, 10, 13] at time 46
2025-04-30 01:49:26,313 fedbase.py run [line:318] INFO --------------Round 8--------------
2025-04-30 01:49:26,313 simple_logger.py log_once [line:14] INFO Current_time:46
2025-04-30 01:49:31,546 simple_logger.py log_once [line:28] INFO test_accuracy                 0.1959
2025-04-30 01:49:31,546 simple_logger.py log_once [line:28] INFO test_loss                     2.2243
2025-04-30 01:49:31,546 simple_logger.py log_once [line:28] INFO val_accuracy                  0.1889
2025-04-30 01:49:31,546 simple_logger.py log_once [line:28] INFO mean_val_accuracy             0.1889
2025-04-30 01:49:31,546 simple_logger.py log_once [line:28] INFO std_val_accuracy              0.0128
2025-04-30 01:49:31,546 simple_logger.py log_once [line:28] INFO val_loss                      2.2376
2025-04-30 01:49:31,546 simple_logger.py log_once [line:28] INFO mean_val_loss                 2.2376
2025-04-30 01:49:31,546 simple_logger.py log_once [line:28] INFO std_val_loss                  0.0147
2025-04-30 01:49:31,546 fedbase.py run [line:323] INFO expense           8186020.0
2025-04-30 01:49:31,546 fedbase.py run [line:324] INFO Eval Time Cost:               5.2330s
2025-04-30 01:49:31,547 asyncbase.py iterate [line:68] INFO Select clients [0, 1, 2, 3, 4, 5, 6, 7, 8, 9, 10, 11, 12, 13, 14, 15, 16, 17, 18, 19] at time 47.
2025-04-30 01:50:13,188 asyncbase.py iterate [line:73] INFO Receive new models from clients [14, 13, 3, 7, 4, 5, 9, 17, 6, 18, 19, 16, 12, 15, 10, 2] at time 53
2025-04-30 01:50:13,188 asyncbase.py iterate [line:73] INFO Receive new models from clients [8, 11, 0, 1] at time 54
2025-04-30 01:50:13,225 fedbase.py run [line:318] INFO --------------Round 9--------------
2025-04-30 01:50:13,225 simple_logger.py log_once [line:14] INFO Current_time:54
2025-04-30 01:50:18,457 simple_logger.py log_once [line:28] INFO test_accuracy                 0.1959
2025-04-30 01:50:18,457 simple_logger.py log_once [line:28] INFO test_loss                     2.2243
2025-04-30 01:50:18,457 simple_logger.py log_once [line:28] INFO val_accuracy                  0.1889
2025-04-30 01:50:18,457 simple_logger.py log_once [line:28] INFO mean_val_accuracy             0.1889
2025-04-30 01:50:18,457 simple_logger.py log_once [line:28] INFO std_val_accuracy              0.0128
2025-04-30 01:50:18,457 simple_logger.py log_once [line:28] INFO val_loss                      2.2376
2025-04-30 01:50:18,457 simple_logger.py log_once [line:28] INFO mean_val_loss                 2.2376
2025-04-30 01:50:18,457 simple_logger.py log_once [line:28] INFO std_val_loss                  0.0146
2025-04-30 01:50:18,458 fedbase.py run [line:323] INFO expense           8220420.0
2025-04-30 01:50:18,458 fedbase.py run [line:324] INFO Eval Time Cost:               5.2325s
2025-04-30 01:50:18,458 asyncbase.py iterate [line:68] INFO Select clients [0, 1, 2, 3, 4, 5, 6, 7, 8, 9, 10, 11, 12, 13, 14, 15, 16, 17, 18, 19] at time 55.
2025-04-30 01:50:58,767 asyncbase.py iterate [line:73] INFO Receive new models from clients [13, 2, 5, 0, 19, 6, 17, 14, 9, 15, 11, 4, 10, 3, 7, 1, 8, 16, 12, 18] at time 61
2025-04-30 01:50:58,805 fedbase.py run [line:318] INFO --------------Round 10--------------
2025-04-30 01:50:58,805 simple_logger.py log_once [line:14] INFO Current_time:61
2025-04-30 01:51:04,055 simple_logger.py log_once [line:28] INFO test_accuracy                 0.1959
2025-04-30 01:51:04,055 simple_logger.py log_once [line:28] INFO test_loss                     2.2243
2025-04-30 01:51:04,056 simple_logger.py log_once [line:28] INFO val_accuracy                  0.1889
2025-04-30 01:51:04,056 simple_logger.py log_once [line:28] INFO mean_val_accuracy             0.1889
2025-04-30 01:51:04,056 simple_logger.py log_once [line:28] INFO std_val_accuracy              0.0128
2025-04-30 01:51:04,056 simple_logger.py log_once [line:28] INFO val_loss                      2.2375
2025-04-30 01:51:04,056 simple_logger.py log_once [line:28] INFO mean_val_loss                 2.2375
2025-04-30 01:51:04,056 simple_logger.py log_once [line:28] INFO std_val_loss                  0.0147
2025-04-30 01:51:04,056 fedbase.py run [line:323] INFO expense           8254820.0
2025-04-30 01:51:04,056 fedbase.py run [line:324] INFO Eval Time Cost:               5.2505s
2025-04-30 01:51:04,056 asyncbase.py iterate [line:68] INFO Select clients [0, 1, 2, 3, 4, 5, 6, 7, 8, 9, 10, 11, 12, 13, 14, 15, 16, 17, 18, 19] at time 62.
2025-04-30 01:51:46,358 asyncbase.py iterate [line:73] INFO Receive new models from clients [9, 15, 8, 3, 11, 19, 2, 10, 17, 6, 5, 13, 12, 4, 16, 1] at time 68
2025-04-30 01:51:46,358 asyncbase.py iterate [line:73] INFO Receive new models from clients [7, 14, 0, 18] at time 69
2025-04-30 01:51:46,397 fedbase.py run [line:318] INFO --------------Round 11--------------
2025-04-30 01:51:46,397 simple_logger.py log_once [line:14] INFO Current_time:69
2025-04-30 01:51:51,747 simple_logger.py log_once [line:28] INFO test_accuracy                 0.1959
2025-04-30 01:51:51,748 simple_logger.py log_once [line:28] INFO test_loss                     2.2243
2025-04-30 01:51:51,748 simple_logger.py log_once [line:28] INFO val_accuracy                  0.1889
2025-04-30 01:51:51,748 simple_logger.py log_once [line:28] INFO mean_val_accuracy             0.1889
2025-04-30 01:51:51,748 simple_logger.py log_once [line:28] INFO std_val_accuracy              0.0128
2025-04-30 01:51:51,748 simple_logger.py log_once [line:28] INFO val_loss                      2.2376
2025-04-30 01:51:51,748 simple_logger.py log_once [line:28] INFO mean_val_loss                 2.2376
2025-04-30 01:51:51,748 simple_logger.py log_once [line:28] INFO std_val_loss                  0.0146
2025-04-30 01:51:51,748 fedbase.py run [line:323] INFO expense           8289220.0
2025-04-30 01:51:51,748 fedbase.py run [line:324] INFO Eval Time Cost:               5.3511s
2025-04-30 01:51:51,748 asyncbase.py iterate [line:68] INFO Select clients [0, 1, 2, 3, 4, 5, 6, 7, 8, 9, 10, 11, 12, 13, 14, 15, 16, 17, 18, 19] at time 70.
2025-04-30 01:52:32,625 asyncbase.py iterate [line:73] INFO Receive new models from clients [12, 16, 1, 5, 3, 17, 6, 4, 14, 2, 11, 7, 8, 19, 15, 10, 13, 18] at time 76
2025-04-30 01:52:32,626 asyncbase.py iterate [line:73] INFO Receive new models from clients [9, 0] at time 77
2025-04-30 01:52:32,662 fedbase.py run [line:318] INFO --------------Round 12--------------
2025-04-30 01:52:32,662 simple_logger.py log_once [line:14] INFO Current_time:77
2025-04-30 01:52:37,890 simple_logger.py log_once [line:28] INFO test_accuracy                 0.1959
2025-04-30 01:52:37,890 simple_logger.py log_once [line:28] INFO test_loss                     2.2243
2025-04-30 01:52:37,890 simple_logger.py log_once [line:28] INFO val_accuracy                  0.1889
2025-04-30 01:52:37,890 simple_logger.py log_once [line:28] INFO mean_val_accuracy             0.1889
2025-04-30 01:52:37,890 simple_logger.py log_once [line:28] INFO std_val_accuracy              0.0128
2025-04-30 01:52:37,890 simple_logger.py log_once [line:28] INFO val_loss                      2.2376
2025-04-30 01:52:37,890 simple_logger.py log_once [line:28] INFO mean_val_loss                 2.2376
2025-04-30 01:52:37,890 simple_logger.py log_once [line:28] INFO std_val_loss                  0.0147
2025-04-30 01:52:37,890 fedbase.py run [line:323] INFO expense           8323620.0
2025-04-30 01:52:37,890 fedbase.py run [line:324] INFO Eval Time Cost:               5.2280s
2025-04-30 01:52:37,890 asyncbase.py iterate [line:68] INFO Select clients [0, 1, 2, 3, 4, 5, 6, 7, 8, 9, 10, 11, 12, 13, 14, 15, 16, 17, 18, 19] at time 78.
2025-04-30 01:53:18,661 asyncbase.py iterate [line:73] INFO Receive new models from clients [14, 7, 17, 6, 10, 12, 2, 3, 0, 9, 18, 19, 13, 1, 16, 5, 4] at time 84
2025-04-30 01:53:18,662 asyncbase.py iterate [line:73] INFO Receive new models from clients [11, 15, 8] at time 85
2025-04-30 01:53:18,699 fedbase.py run [line:318] INFO --------------Round 13--------------
2025-04-30 01:53:18,699 simple_logger.py log_once [line:14] INFO Current_time:85
2025-04-30 01:53:23,947 simple_logger.py log_once [line:28] INFO test_accuracy                 0.1959
2025-04-30 01:53:23,947 simple_logger.py log_once [line:28] INFO test_loss                     2.2245
2025-04-30 01:53:23,948 simple_logger.py log_once [line:28] INFO val_accuracy                  0.1889
2025-04-30 01:53:23,948 simple_logger.py log_once [line:28] INFO mean_val_accuracy             0.1889
2025-04-30 01:53:23,948 simple_logger.py log_once [line:28] INFO std_val_accuracy              0.0128
2025-04-30 01:53:23,948 simple_logger.py log_once [line:28] INFO val_loss                      2.2376
2025-04-30 01:53:23,948 simple_logger.py log_once [line:28] INFO mean_val_loss                 2.2376
2025-04-30 01:53:23,948 simple_logger.py log_once [line:28] INFO std_val_loss                  0.0145
2025-04-30 01:53:23,948 fedbase.py run [line:323] INFO expense           8358020.0
2025-04-30 01:53:23,948 fedbase.py run [line:324] INFO Eval Time Cost:               5.2491s
2025-04-30 01:53:23,948 asyncbase.py iterate [line:68] INFO Select clients [0, 1, 2, 3, 4, 5, 6, 7, 8, 9, 10, 11, 12, 13, 14, 15, 16, 17, 18, 19] at time 86.
2025-04-30 01:54:05,677 asyncbase.py iterate [line:73] INFO Receive new models from clients [10, 6, 19, 5, 8, 17, 15, 18, 1, 0, 16, 13, 2, 7, 4, 14, 12, 9] at time 92
2025-04-30 01:54:05,678 asyncbase.py iterate [line:73] INFO Receive new models from clients [3, 11] at time 93
2025-04-30 01:54:05,715 fedbase.py run [line:318] INFO --------------Round 14--------------
2025-04-30 01:54:05,715 simple_logger.py log_once [line:14] INFO Current_time:93
2025-04-30 01:54:11,000 simple_logger.py log_once [line:28] INFO test_accuracy                 0.1959
2025-04-30 01:54:11,000 simple_logger.py log_once [line:28] INFO test_loss                     2.2241
2025-04-30 01:54:11,000 simple_logger.py log_once [line:28] INFO val_accuracy                  0.1889
2025-04-30 01:54:11,000 simple_logger.py log_once [line:28] INFO mean_val_accuracy             0.1889
2025-04-30 01:54:11,000 simple_logger.py log_once [line:28] INFO std_val_accuracy              0.0128
2025-04-30 01:54:11,000 simple_logger.py log_once [line:28] INFO val_loss                      2.2376
2025-04-30 01:54:11,000 simple_logger.py log_once [line:28] INFO mean_val_loss                 2.2376
2025-04-30 01:54:11,001 simple_logger.py log_once [line:28] INFO std_val_loss                  0.0148
2025-04-30 01:54:11,001 fedbase.py run [line:323] INFO expense           8392420.0
2025-04-30 01:54:11,001 fedbase.py run [line:324] INFO Eval Time Cost:               5.2857s
2025-04-30 01:54:11,001 asyncbase.py iterate [line:68] INFO Select clients [0, 1, 2, 3, 4, 5, 6, 7, 8, 9, 10, 11, 12, 13, 14, 15, 16, 17, 18, 19] at time 94.
2025-04-30 01:54:52,521 asyncbase.py iterate [line:73] INFO Receive new models from clients [1, 17, 10, 0, 5, 9, 8, 6, 3, 15, 19, 4, 18, 2, 7, 12, 16, 11] at time 100
2025-04-30 01:54:52,522 asyncbase.py iterate [line:73] INFO Receive new models from clients [13, 14] at time 101
2025-04-30 01:54:52,577 fedbase.py run [line:318] INFO --------------Round 15--------------
2025-04-30 01:54:52,577 simple_logger.py log_once [line:14] INFO Current_time:101
2025-04-30 01:54:58,296 simple_logger.py log_once [line:28] INFO test_accuracy                 0.1959
2025-04-30 01:54:58,296 simple_logger.py log_once [line:28] INFO test_loss                     2.2242
2025-04-30 01:54:58,296 simple_logger.py log_once [line:28] INFO val_accuracy                  0.1889
2025-04-30 01:54:58,297 simple_logger.py log_once [line:28] INFO mean_val_accuracy             0.1889
2025-04-30 01:54:58,297 simple_logger.py log_once [line:28] INFO std_val_accuracy              0.0128
2025-04-30 01:54:58,297 simple_logger.py log_once [line:28] INFO val_loss                      2.2376
2025-04-30 01:54:58,297 simple_logger.py log_once [line:28] INFO mean_val_loss                 2.2376
2025-04-30 01:54:58,297 simple_logger.py log_once [line:28] INFO std_val_loss                  0.0148
2025-04-30 01:54:58,297 fedbase.py run [line:323] INFO expense           8426820.0
2025-04-30 01:54:58,297 fedbase.py run [line:324] INFO Eval Time Cost:               5.7204s
2025-04-30 01:54:58,297 asyncbase.py iterate [line:68] INFO Select clients [0, 1, 2, 3, 4, 5, 6, 7, 8, 9, 10, 11, 12, 13, 14, 15, 16, 17, 18, 19] at time 102.
2025-04-30 01:55:40,333 asyncbase.py iterate [line:73] INFO Receive new models from clients [5, 18, 7, 15, 16, 10, 3, 14, 4, 11, 8, 0, 1, 19, 17, 2, 9, 13] at time 108
2025-04-30 01:55:40,334 asyncbase.py iterate [line:73] INFO Receive new models from clients [6, 12] at time 109
2025-04-30 01:55:40,371 fedbase.py run [line:318] INFO --------------Round 16--------------
2025-04-30 01:55:40,371 simple_logger.py log_once [line:14] INFO Current_time:109
2025-04-30 01:55:45,612 simple_logger.py log_once [line:28] INFO test_accuracy                 0.1959
2025-04-30 01:55:45,612 simple_logger.py log_once [line:28] INFO test_loss                     2.2241
2025-04-30 01:55:45,612 simple_logger.py log_once [line:28] INFO val_accuracy                  0.1889
2025-04-30 01:55:45,612 simple_logger.py log_once [line:28] INFO mean_val_accuracy             0.1889
2025-04-30 01:55:45,612 simple_logger.py log_once [line:28] INFO std_val_accuracy              0.0128
2025-04-30 01:55:45,612 simple_logger.py log_once [line:28] INFO val_loss                      2.2376
2025-04-30 01:55:45,612 simple_logger.py log_once [line:28] INFO mean_val_loss                 2.2376
2025-04-30 01:55:45,612 simple_logger.py log_once [line:28] INFO std_val_loss                  0.0149
2025-04-30 01:55:45,612 fedbase.py run [line:323] INFO expense           8461220.0
2025-04-30 01:55:45,612 fedbase.py run [line:324] INFO Eval Time Cost:               5.2414s
2025-04-30 01:55:45,612 asyncbase.py iterate [line:68] INFO Select clients [0, 1, 2, 3, 4, 5, 6, 7, 8, 9, 10, 11, 12, 13, 14, 15, 16, 17, 18, 19] at time 110.
2025-04-30 01:56:25,717 asyncbase.py iterate [line:73] INFO Receive new models from clients [2, 18, 8, 7, 5, 12, 1, 15, 13, 16, 3, 10, 4, 11, 19, 9] at time 116
2025-04-30 01:56:25,718 asyncbase.py iterate [line:73] INFO Receive new models from clients [6, 17, 14, 0] at time 117
2025-04-30 01:56:25,755 fedbase.py run [line:318] INFO --------------Round 17--------------
2025-04-30 01:56:25,755 simple_logger.py log_once [line:14] INFO Current_time:117
2025-04-30 01:56:30,952 simple_logger.py log_once [line:28] INFO test_accuracy                 0.1959
2025-04-30 01:56:30,952 simple_logger.py log_once [line:28] INFO test_loss                     2.2241
2025-04-30 01:56:30,952 simple_logger.py log_once [line:28] INFO val_accuracy                  0.1889
2025-04-30 01:56:30,953 simple_logger.py log_once [line:28] INFO mean_val_accuracy             0.1889
2025-04-30 01:56:30,953 simple_logger.py log_once [line:28] INFO std_val_accuracy              0.0128
2025-04-30 01:56:30,953 simple_logger.py log_once [line:28] INFO val_loss                      2.2377
2025-04-30 01:56:30,953 simple_logger.py log_once [line:28] INFO mean_val_loss                 2.2377
2025-04-30 01:56:30,953 simple_logger.py log_once [line:28] INFO std_val_loss                  0.0148
2025-04-30 01:56:30,953 fedbase.py run [line:323] INFO expense           8495620.0
2025-04-30 01:56:30,953 fedbase.py run [line:324] INFO Eval Time Cost:               5.1980s
2025-04-30 01:56:30,953 asyncbase.py iterate [line:68] INFO Select clients [0, 1, 2, 3, 4, 5, 6, 7, 8, 9, 10, 11, 12, 13, 14, 15, 16, 17, 18, 19] at time 118.
2025-04-30 01:57:11,930 asyncbase.py iterate [line:73] INFO Receive new models from clients [18, 0, 6, 5, 11, 16, 10, 4, 8, 1, 3, 15, 7, 2, 13, 17, 14] at time 124
2025-04-30 01:57:11,930 asyncbase.py iterate [line:73] INFO Receive new models from clients [9, 19, 12] at time 125
2025-04-30 01:57:11,970 fedbase.py run [line:318] INFO --------------Round 18--------------
2025-04-30 01:57:11,970 simple_logger.py log_once [line:14] INFO Current_time:125
2025-04-30 01:57:17,359 simple_logger.py log_once [line:28] INFO test_accuracy                 0.1959
2025-04-30 01:57:17,359 simple_logger.py log_once [line:28] INFO test_loss                     2.2238
2025-04-30 01:57:17,359 simple_logger.py log_once [line:28] INFO val_accuracy                  0.1889
2025-04-30 01:57:17,359 simple_logger.py log_once [line:28] INFO mean_val_accuracy             0.1889
2025-04-30 01:57:17,359 simple_logger.py log_once [line:28] INFO std_val_accuracy              0.0128
2025-04-30 01:57:17,359 simple_logger.py log_once [line:28] INFO val_loss                      2.2377
2025-04-30 01:57:17,359 simple_logger.py log_once [line:28] INFO mean_val_loss                 2.2377
2025-04-30 01:57:17,359 simple_logger.py log_once [line:28] INFO std_val_loss                  0.0152
2025-04-30 01:57:17,359 fedbase.py run [line:323] INFO expense           8530020.0
2025-04-30 01:57:17,359 fedbase.py run [line:324] INFO Eval Time Cost:               5.3898s
2025-04-30 01:57:17,360 asyncbase.py iterate [line:68] INFO Select clients [0, 1, 2, 3, 4, 5, 6, 7, 8, 9, 10, 11, 12, 13, 14, 15, 16, 17, 18, 19] at time 126.
2025-04-30 01:57:58,001 asyncbase.py iterate [line:73] INFO Receive new models from clients [0, 13, 11, 7, 4, 12, 19, 2, 9, 15, 5, 3, 18] at time 132
2025-04-30 01:57:58,002 asyncbase.py iterate [line:73] INFO Receive new models from clients [10, 6, 16, 8, 1, 17, 14] at time 133
2025-04-30 01:57:58,041 fedbase.py run [line:318] INFO --------------Round 19--------------
2025-04-30 01:57:58,041 simple_logger.py log_once [line:14] INFO Current_time:133
2025-04-30 01:58:03,286 simple_logger.py log_once [line:28] INFO test_accuracy                 0.1959
2025-04-30 01:58:03,287 simple_logger.py log_once [line:28] INFO test_loss                     2.2239
2025-04-30 01:58:03,287 simple_logger.py log_once [line:28] INFO val_accuracy                  0.1889
2025-04-30 01:58:03,287 simple_logger.py log_once [line:28] INFO mean_val_accuracy             0.1889
2025-04-30 01:58:03,287 simple_logger.py log_once [line:28] INFO std_val_accuracy              0.0128
2025-04-30 01:58:03,287 simple_logger.py log_once [line:28] INFO val_loss                      2.2376
2025-04-30 01:58:03,287 simple_logger.py log_once [line:28] INFO mean_val_loss                 2.2376
2025-04-30 01:58:03,287 simple_logger.py log_once [line:28] INFO std_val_loss                  0.0151
2025-04-30 01:58:03,287 fedbase.py run [line:323] INFO expense           8564420.0
2025-04-30 01:58:03,287 fedbase.py run [line:324] INFO Eval Time Cost:               5.2461s
2025-04-30 01:58:03,287 asyncbase.py iterate [line:68] INFO Select clients [0, 1, 2, 3, 4, 5, 6, 7, 8, 9, 10, 11, 12, 13, 14, 15, 16, 17, 18, 19] at time 134.
2025-04-30 01:58:43,786 asyncbase.py iterate [line:73] INFO Receive new models from clients [8, 7, 12, 4, 14, 0, 3, 17, 2, 11, 16, 10, 15, 6, 19, 5, 13, 1, 18] at time 140
2025-04-30 01:58:43,786 asyncbase.py iterate [line:73] INFO Receive new models from clients [9] at time 141
2025-04-30 01:58:43,825 fedbase.py run [line:318] INFO --------------Round 20--------------
2025-04-30 01:58:43,825 simple_logger.py log_once [line:14] INFO Current_time:141
2025-04-30 01:58:49,048 simple_logger.py log_once [line:28] INFO test_accuracy                 0.1959
2025-04-30 01:58:49,048 simple_logger.py log_once [line:28] INFO test_loss                     2.2244
2025-04-30 01:58:49,048 simple_logger.py log_once [line:28] INFO val_accuracy                  0.1889
2025-04-30 01:58:49,048 simple_logger.py log_once [line:28] INFO mean_val_accuracy             0.1889
2025-04-30 01:58:49,048 simple_logger.py log_once [line:28] INFO std_val_accuracy              0.0128
2025-04-30 01:58:49,048 simple_logger.py log_once [line:28] INFO val_loss                      2.2376
2025-04-30 01:58:49,048 simple_logger.py log_once [line:28] INFO mean_val_loss                 2.2376
2025-04-30 01:58:49,049 simple_logger.py log_once [line:28] INFO std_val_loss                  0.0146
2025-04-30 01:58:49,049 fedbase.py run [line:323] INFO expense           8598820.0
2025-04-30 01:58:49,049 fedbase.py run [line:324] INFO Eval Time Cost:               5.2236s
2025-04-30 01:58:49,049 asyncbase.py iterate [line:68] INFO Select clients [0, 1, 2, 3, 4, 5, 6, 7, 8, 9, 10, 11, 12, 13, 14, 15, 16, 17, 18, 19] at time 142.
2025-04-30 01:59:29,123 asyncbase.py iterate [line:73] INFO Receive new models from clients [0, 5, 6, 1, 18, 2, 3, 17, 19, 4, 8, 13, 11, 12, 15, 9, 14] at time 148
2025-04-30 01:59:29,123 asyncbase.py iterate [line:73] INFO Receive new models from clients [16, 7, 10] at time 149
2025-04-30 01:59:29,161 fedbase.py run [line:318] INFO --------------Round 21--------------
2025-04-30 01:59:29,162 simple_logger.py log_once [line:14] INFO Current_time:149
2025-04-30 01:59:34,393 simple_logger.py log_once [line:28] INFO test_accuracy                 0.1959
2025-04-30 01:59:34,393 simple_logger.py log_once [line:28] INFO test_loss                     2.2248
2025-04-30 01:59:34,393 simple_logger.py log_once [line:28] INFO val_accuracy                  0.1889
2025-04-30 01:59:34,393 simple_logger.py log_once [line:28] INFO mean_val_accuracy             0.1889
2025-04-30 01:59:34,393 simple_logger.py log_once [line:28] INFO std_val_accuracy              0.0128
2025-04-30 01:59:34,393 simple_logger.py log_once [line:28] INFO val_loss                      2.2377
2025-04-30 01:59:34,393 simple_logger.py log_once [line:28] INFO mean_val_loss                 2.2377
2025-04-30 01:59:34,393 simple_logger.py log_once [line:28] INFO std_val_loss                  0.0143
2025-04-30 01:59:34,393 fedbase.py run [line:323] INFO expense           8633220.0
2025-04-30 01:59:34,393 fedbase.py run [line:324] INFO Eval Time Cost:               5.2317s
2025-04-30 01:59:34,393 asyncbase.py iterate [line:68] INFO Select clients [0, 1, 2, 3, 4, 5, 6, 7, 8, 9, 10, 11, 12, 13, 14, 15, 16, 17, 18, 19] at time 150.
2025-04-30 02:00:16,043 asyncbase.py iterate [line:73] INFO Receive new models from clients [0, 2, 13, 17, 12, 11, 8, 18, 14, 1, 16, 9, 6, 15, 7, 5, 19, 10, 3, 4] at time 156
2025-04-30 02:00:16,082 fedbase.py run [line:318] INFO --------------Round 22--------------
2025-04-30 02:00:16,082 simple_logger.py log_once [line:14] INFO Current_time:156
2025-04-30 02:00:21,287 simple_logger.py log_once [line:28] INFO test_accuracy                 0.1959
2025-04-30 02:00:21,288 simple_logger.py log_once [line:28] INFO test_loss                     2.2240
2025-04-30 02:00:21,288 simple_logger.py log_once [line:28] INFO val_accuracy                  0.1889
2025-04-30 02:00:21,288 simple_logger.py log_once [line:28] INFO mean_val_accuracy             0.1889
2025-04-30 02:00:21,288 simple_logger.py log_once [line:28] INFO std_val_accuracy              0.0128
2025-04-30 02:00:21,288 simple_logger.py log_once [line:28] INFO val_loss                      2.2376
2025-04-30 02:00:21,288 simple_logger.py log_once [line:28] INFO mean_val_loss                 2.2376
2025-04-30 02:00:21,288 simple_logger.py log_once [line:28] INFO std_val_loss                  0.0150
2025-04-30 02:00:21,288 fedbase.py run [line:323] INFO expense           8667620.0
2025-04-30 02:00:21,288 fedbase.py run [line:324] INFO Eval Time Cost:               5.2059s
2025-04-30 02:00:21,288 asyncbase.py iterate [line:68] INFO Select clients [0, 1, 2, 3, 4, 5, 6, 7, 8, 9, 10, 11, 12, 13, 14, 15, 16, 17, 18, 19] at time 157.
2025-04-30 02:01:02,272 asyncbase.py iterate [line:73] INFO Receive new models from clients [15, 12, 19, 2, 9, 11, 6, 1, 17, 18, 8, 0, 13, 5, 7] at time 163
2025-04-30 02:01:02,272 asyncbase.py iterate [line:73] INFO Receive new models from clients [4, 3, 14, 16, 10] at time 164
2025-04-30 02:01:02,310 fedbase.py run [line:318] INFO --------------Round 23--------------
2025-04-30 02:01:02,310 simple_logger.py log_once [line:14] INFO Current_time:164
2025-04-30 02:01:07,488 simple_logger.py log_once [line:28] INFO test_accuracy                 0.1959
2025-04-30 02:01:07,488 simple_logger.py log_once [line:28] INFO test_loss                     2.2239
2025-04-30 02:01:07,488 simple_logger.py log_once [line:28] INFO val_accuracy                  0.1889
2025-04-30 02:01:07,488 simple_logger.py log_once [line:28] INFO mean_val_accuracy             0.1889
2025-04-30 02:01:07,488 simple_logger.py log_once [line:28] INFO std_val_accuracy              0.0128
2025-04-30 02:01:07,488 simple_logger.py log_once [line:28] INFO val_loss                      2.2376
2025-04-30 02:01:07,488 simple_logger.py log_once [line:28] INFO mean_val_loss                 2.2376
2025-04-30 02:01:07,488 simple_logger.py log_once [line:28] INFO std_val_loss                  0.0150
2025-04-30 02:01:07,488 fedbase.py run [line:323] INFO expense           8702020.0
2025-04-30 02:01:07,488 fedbase.py run [line:324] INFO Eval Time Cost:               5.1784s
2025-04-30 02:01:07,488 asyncbase.py iterate [line:68] INFO Select clients [0, 1, 2, 3, 4, 5, 6, 7, 8, 9, 10, 11, 12, 13, 14, 15, 16, 17, 18, 19] at time 165.
2025-04-30 02:01:48,029 asyncbase.py iterate [line:73] INFO Receive new models from clients [6, 3, 14, 18, 12, 8, 4, 16, 15, 5, 9, 19, 17, 0, 1, 13, 7, 11] at time 171
2025-04-30 02:01:48,029 asyncbase.py iterate [line:73] INFO Receive new models from clients [2, 10] at time 172
2025-04-30 02:01:48,066 fedbase.py run [line:318] INFO --------------Round 24--------------
2025-04-30 02:01:48,066 simple_logger.py log_once [line:14] INFO Current_time:172
2025-04-30 02:01:53,261 simple_logger.py log_once [line:28] INFO test_accuracy                 0.1959
2025-04-30 02:01:53,261 simple_logger.py log_once [line:28] INFO test_loss                     2.2243
2025-04-30 02:01:53,261 simple_logger.py log_once [line:28] INFO val_accuracy                  0.1889
2025-04-30 02:01:53,261 simple_logger.py log_once [line:28] INFO mean_val_accuracy             0.1889
2025-04-30 02:01:53,261 simple_logger.py log_once [line:28] INFO std_val_accuracy              0.0128
2025-04-30 02:01:53,262 simple_logger.py log_once [line:28] INFO val_loss                      2.2376
2025-04-30 02:01:53,262 simple_logger.py log_once [line:28] INFO mean_val_loss                 2.2376
2025-04-30 02:01:53,262 simple_logger.py log_once [line:28] INFO std_val_loss                  0.0147
2025-04-30 02:01:53,262 fedbase.py run [line:323] INFO expense           8736420.0
2025-04-30 02:01:53,262 fedbase.py run [line:324] INFO Eval Time Cost:               5.1957s
2025-04-30 02:01:53,262 asyncbase.py iterate [line:68] INFO Select clients [0, 1, 2, 3, 4, 5, 6, 7, 8, 9, 10, 11, 12, 13, 14, 15, 16, 17, 18, 19] at time 173.
2025-04-30 02:02:33,886 asyncbase.py iterate [line:73] INFO Receive new models from clients [6, 3, 12, 17, 10, 5, 8, 16, 13, 15, 14, 4, 19, 7, 0, 9, 1, 2, 18] at time 179
2025-04-30 02:02:33,886 asyncbase.py iterate [line:73] INFO Receive new models from clients [11] at time 180
2025-04-30 02:02:33,922 fedbase.py run [line:318] INFO --------------Round 25--------------
2025-04-30 02:02:33,922 simple_logger.py log_once [line:14] INFO Current_time:180
2025-04-30 02:02:39,155 simple_logger.py log_once [line:28] INFO test_accuracy                 0.1959
2025-04-30 02:02:39,155 simple_logger.py log_once [line:28] INFO test_loss                     2.2239
2025-04-30 02:02:39,155 simple_logger.py log_once [line:28] INFO val_accuracy                  0.1889
2025-04-30 02:02:39,155 simple_logger.py log_once [line:28] INFO mean_val_accuracy             0.1889
2025-04-30 02:02:39,155 simple_logger.py log_once [line:28] INFO std_val_accuracy              0.0128
2025-04-30 02:02:39,155 simple_logger.py log_once [line:28] INFO val_loss                      2.2376
2025-04-30 02:02:39,155 simple_logger.py log_once [line:28] INFO mean_val_loss                 2.2376
2025-04-30 02:02:39,155 simple_logger.py log_once [line:28] INFO std_val_loss                  0.0150
2025-04-30 02:02:39,156 fedbase.py run [line:323] INFO expense           8770820.0
2025-04-30 02:02:39,156 fedbase.py run [line:324] INFO Eval Time Cost:               5.2334s
2025-04-30 02:02:39,156 asyncbase.py iterate [line:68] INFO Select clients [0, 1, 2, 3, 4, 5, 6, 7, 8, 9, 10, 11, 12, 13, 14, 15, 16, 17, 18, 19] at time 181.
2025-04-30 02:03:19,593 asyncbase.py iterate [line:73] INFO Receive new models from clients [17, 6, 9, 10, 0, 14, 19, 12, 18, 2, 11, 15, 3, 1, 5, 4, 13] at time 187
2025-04-30 02:03:19,594 asyncbase.py iterate [line:73] INFO Receive new models from clients [16, 7, 8] at time 188
2025-04-30 02:03:19,630 fedbase.py run [line:318] INFO --------------Round 26--------------
2025-04-30 02:03:19,631 simple_logger.py log_once [line:14] INFO Current_time:188
2025-04-30 02:03:24,873 simple_logger.py log_once [line:28] INFO test_accuracy                 0.1959
2025-04-30 02:03:24,873 simple_logger.py log_once [line:28] INFO test_loss                     2.2242
2025-04-30 02:03:24,873 simple_logger.py log_once [line:28] INFO val_accuracy                  0.1889
2025-04-30 02:03:24,874 simple_logger.py log_once [line:28] INFO mean_val_accuracy             0.1889
2025-04-30 02:03:24,874 simple_logger.py log_once [line:28] INFO std_val_accuracy              0.0128
2025-04-30 02:03:24,874 simple_logger.py log_once [line:28] INFO val_loss                      2.2375
2025-04-30 02:03:24,874 simple_logger.py log_once [line:28] INFO mean_val_loss                 2.2375
2025-04-30 02:03:24,874 simple_logger.py log_once [line:28] INFO std_val_loss                  0.0148
2025-04-30 02:03:24,874 fedbase.py run [line:323] INFO expense           8805220.0
2025-04-30 02:03:24,874 fedbase.py run [line:324] INFO Eval Time Cost:               5.2433s
2025-04-30 02:03:24,874 asyncbase.py iterate [line:68] INFO Select clients [0, 1, 2, 3, 4, 5, 6, 7, 8, 9, 10, 11, 12, 13, 14, 15, 16, 17, 18, 19] at time 189.
2025-04-30 02:04:05,745 asyncbase.py iterate [line:73] INFO Receive new models from clients [17, 6, 16, 14, 1, 10, 18, 19, 15, 0, 3, 2, 8, 11, 5, 4, 7, 12, 13] at time 195
2025-04-30 02:04:05,746 asyncbase.py iterate [line:73] INFO Receive new models from clients [9] at time 196
2025-04-30 02:04:05,784 fedbase.py run [line:318] INFO --------------Round 27--------------
2025-04-30 02:04:05,784 simple_logger.py log_once [line:14] INFO Current_time:196
2025-04-30 02:04:11,017 simple_logger.py log_once [line:28] INFO test_accuracy                 0.1959
2025-04-30 02:04:11,017 simple_logger.py log_once [line:28] INFO test_loss                     2.2242
2025-04-30 02:04:11,017 simple_logger.py log_once [line:28] INFO val_accuracy                  0.1889
2025-04-30 02:04:11,017 simple_logger.py log_once [line:28] INFO mean_val_accuracy             0.1889
2025-04-30 02:04:11,017 simple_logger.py log_once [line:28] INFO std_val_accuracy              0.0128
2025-04-30 02:04:11,017 simple_logger.py log_once [line:28] INFO val_loss                      2.2375
2025-04-30 02:04:11,017 simple_logger.py log_once [line:28] INFO mean_val_loss                 2.2375
2025-04-30 02:04:11,017 simple_logger.py log_once [line:28] INFO std_val_loss                  0.0148
2025-04-30 02:04:11,017 fedbase.py run [line:323] INFO expense           8839620.0
2025-04-30 02:04:11,017 fedbase.py run [line:324] INFO Eval Time Cost:               5.2333s
2025-04-30 02:04:11,017 asyncbase.py iterate [line:68] INFO Select clients [0, 1, 2, 3, 4, 5, 6, 7, 8, 9, 10, 11, 12, 13, 14, 15, 16, 17, 18, 19] at time 197.
2025-04-30 02:04:51,154 asyncbase.py iterate [line:73] INFO Receive new models from clients [3, 12, 17, 5, 7, 11, 13, 16, 6, 1, 15, 10, 0, 14, 8, 18, 4] at time 203
2025-04-30 02:04:51,155 asyncbase.py iterate [line:73] INFO Receive new models from clients [19, 2, 9] at time 204
2025-04-30 02:04:51,195 fedbase.py run [line:318] INFO --------------Round 28--------------
2025-04-30 02:04:51,195 simple_logger.py log_once [line:14] INFO Current_time:204
2025-04-30 02:04:56,475 simple_logger.py log_once [line:28] INFO test_accuracy                 0.1959
2025-04-30 02:04:56,475 simple_logger.py log_once [line:28] INFO test_loss                     2.2238
2025-04-30 02:04:56,475 simple_logger.py log_once [line:28] INFO val_accuracy                  0.1889
2025-04-30 02:04:56,475 simple_logger.py log_once [line:28] INFO mean_val_accuracy             0.1889
2025-04-30 02:04:56,475 simple_logger.py log_once [line:28] INFO std_val_accuracy              0.0128
2025-04-30 02:04:56,475 simple_logger.py log_once [line:28] INFO val_loss                      2.2376
2025-04-30 02:04:56,475 simple_logger.py log_once [line:28] INFO mean_val_loss                 2.2376
2025-04-30 02:04:56,475 simple_logger.py log_once [line:28] INFO std_val_loss                  0.0151
2025-04-30 02:04:56,475 fedbase.py run [line:323] INFO expense           8874020.0
2025-04-30 02:04:56,475 fedbase.py run [line:324] INFO Eval Time Cost:               5.2801s
2025-04-30 02:04:56,475 asyncbase.py iterate [line:68] INFO Select clients [0, 1, 2, 3, 4, 5, 6, 7, 8, 9, 10, 11, 12, 13, 14, 15, 16, 17, 18, 19] at time 205.
2025-04-30 02:05:37,278 asyncbase.py iterate [line:73] INFO Receive new models from clients [9, 12, 3, 17, 5, 10, 4, 11, 19, 18, 1, 7, 15, 13, 6, 16, 0, 2] at time 211
2025-04-30 02:05:37,278 asyncbase.py iterate [line:73] INFO Receive new models from clients [14, 8] at time 212
2025-04-30 02:05:37,315 fedbase.py run [line:318] INFO --------------Round 29--------------
2025-04-30 02:05:37,315 simple_logger.py log_once [line:14] INFO Current_time:212
2025-04-30 02:05:42,551 simple_logger.py log_once [line:28] INFO test_accuracy                 0.1959
2025-04-30 02:05:42,551 simple_logger.py log_once [line:28] INFO test_loss                     2.2238
2025-04-30 02:05:42,551 simple_logger.py log_once [line:28] INFO val_accuracy                  0.1889
2025-04-30 02:05:42,551 simple_logger.py log_once [line:28] INFO mean_val_accuracy             0.1889
2025-04-30 02:05:42,551 simple_logger.py log_once [line:28] INFO std_val_accuracy              0.0128
2025-04-30 02:05:42,551 simple_logger.py log_once [line:28] INFO val_loss                      2.2376
2025-04-30 02:05:42,551 simple_logger.py log_once [line:28] INFO mean_val_loss                 2.2376
2025-04-30 02:05:42,551 simple_logger.py log_once [line:28] INFO std_val_loss                  0.0152
2025-04-30 02:05:42,551 fedbase.py run [line:323] INFO expense           8908420.0
2025-04-30 02:05:42,551 fedbase.py run [line:324] INFO Eval Time Cost:               5.2361s
2025-04-30 02:05:42,551 asyncbase.py iterate [line:68] INFO Select clients [0, 1, 2, 3, 4, 5, 6, 7, 8, 9, 10, 11, 12, 13, 14, 15, 16, 17, 18, 19] at time 213.
2025-04-30 02:06:24,088 asyncbase.py iterate [line:73] INFO Receive new models from clients [10, 6, 8, 9, 12, 14, 1, 4, 11, 5, 2, 16, 7, 13, 18, 19, 0, 17, 15] at time 219
2025-04-30 02:06:24,088 asyncbase.py iterate [line:73] INFO Receive new models from clients [3] at time 220
2025-04-30 02:06:24,125 fedbase.py run [line:318] INFO --------------Round 30--------------
2025-04-30 02:06:24,125 simple_logger.py log_once [line:14] INFO Current_time:220
2025-04-30 02:06:29,360 simple_logger.py log_once [line:28] INFO test_accuracy                 0.1959
2025-04-30 02:06:29,360 simple_logger.py log_once [line:28] INFO test_loss                     2.2241
2025-04-30 02:06:29,360 simple_logger.py log_once [line:28] INFO val_accuracy                  0.1889
2025-04-30 02:06:29,360 simple_logger.py log_once [line:28] INFO mean_val_accuracy             0.1889
2025-04-30 02:06:29,360 simple_logger.py log_once [line:28] INFO std_val_accuracy              0.0128
2025-04-30 02:06:29,360 simple_logger.py log_once [line:28] INFO val_loss                      2.2376
2025-04-30 02:06:29,360 simple_logger.py log_once [line:28] INFO mean_val_loss                 2.2376
2025-04-30 02:06:29,361 simple_logger.py log_once [line:28] INFO std_val_loss                  0.0148
2025-04-30 02:06:29,361 fedbase.py run [line:323] INFO expense           8942820.0
2025-04-30 02:06:29,361 fedbase.py run [line:324] INFO Eval Time Cost:               5.2355s
2025-04-30 02:06:29,361 asyncbase.py iterate [line:68] INFO Select clients [0, 1, 2, 3, 4, 5, 6, 7, 8, 9, 10, 11, 12, 13, 14, 15, 16, 17, 18, 19] at time 221.
2025-04-30 02:07:13,460 asyncbase.py iterate [line:73] INFO Receive new models from clients [6, 7, 13, 4, 8, 5, 14, 2, 0, 19, 16, 12, 15, 18, 10, 11, 3] at time 227
2025-04-30 02:07:13,460 asyncbase.py iterate [line:73] INFO Receive new models from clients [1, 9, 17] at time 228
2025-04-30 02:07:13,501 fedbase.py run [line:318] INFO --------------Round 31--------------
2025-04-30 02:07:13,501 simple_logger.py log_once [line:14] INFO Current_time:228
2025-04-30 02:07:18,933 simple_logger.py log_once [line:28] INFO test_accuracy                 0.1959
2025-04-30 02:07:18,933 simple_logger.py log_once [line:28] INFO test_loss                     2.2240
2025-04-30 02:07:18,933 simple_logger.py log_once [line:28] INFO val_accuracy                  0.1889
2025-04-30 02:07:18,933 simple_logger.py log_once [line:28] INFO mean_val_accuracy             0.1889
2025-04-30 02:07:18,933 simple_logger.py log_once [line:28] INFO std_val_accuracy              0.0128
2025-04-30 02:07:18,933 simple_logger.py log_once [line:28] INFO val_loss                      2.2376
2025-04-30 02:07:18,933 simple_logger.py log_once [line:28] INFO mean_val_loss                 2.2376
2025-04-30 02:07:18,933 simple_logger.py log_once [line:28] INFO std_val_loss                  0.0150
2025-04-30 02:07:18,933 fedbase.py run [line:323] INFO expense           8977220.0
2025-04-30 02:07:18,933 fedbase.py run [line:324] INFO Eval Time Cost:               5.4321s
2025-04-30 02:07:18,933 asyncbase.py iterate [line:68] INFO Select clients [0, 1, 2, 3, 4, 5, 6, 7, 8, 9, 10, 11, 12, 13, 14, 15, 16, 17, 18, 19] at time 229.
2025-04-30 02:08:02,853 asyncbase.py iterate [line:73] INFO Receive new models from clients [10, 8, 19, 14, 5, 1, 0, 13, 16, 9, 7, 15, 17, 6, 18, 4, 2] at time 235
2025-04-30 02:08:02,854 asyncbase.py iterate [line:73] INFO Receive new models from clients [12, 3, 11] at time 236
2025-04-30 02:08:02,891 fedbase.py run [line:318] INFO --------------Round 32--------------
2025-04-30 02:08:02,891 simple_logger.py log_once [line:14] INFO Current_time:236
2025-04-30 02:08:08,153 simple_logger.py log_once [line:28] INFO test_accuracy                 0.1959
2025-04-30 02:08:08,154 simple_logger.py log_once [line:28] INFO test_loss                     2.2241
2025-04-30 02:08:08,154 simple_logger.py log_once [line:28] INFO val_accuracy                  0.1889
2025-04-30 02:08:08,154 simple_logger.py log_once [line:28] INFO mean_val_accuracy             0.1889
2025-04-30 02:08:08,154 simple_logger.py log_once [line:28] INFO std_val_accuracy              0.0128
2025-04-30 02:08:08,154 simple_logger.py log_once [line:28] INFO val_loss                      2.2376
2025-04-30 02:08:08,154 simple_logger.py log_once [line:28] INFO mean_val_loss                 2.2376
2025-04-30 02:08:08,154 simple_logger.py log_once [line:28] INFO std_val_loss                  0.0148
2025-04-30 02:08:08,154 fedbase.py run [line:323] INFO expense           9011620.0
2025-04-30 02:08:08,154 fedbase.py run [line:324] INFO Eval Time Cost:               5.2633s
2025-04-30 02:08:08,154 asyncbase.py iterate [line:68] INFO Select clients [0, 1, 2, 3, 4, 5, 6, 7, 8, 9, 10, 11, 12, 13, 14, 15, 16, 17, 18, 19] at time 237.
2025-04-30 02:08:52,255 asyncbase.py iterate [line:73] INFO Receive new models from clients [1, 14, 7, 3, 5, 16, 10, 17, 12, 19, 9, 0, 18, 13, 11, 6, 2] at time 243
2025-04-30 02:08:52,255 asyncbase.py iterate [line:73] INFO Receive new models from clients [8, 15, 4] at time 244
2025-04-30 02:08:52,293 fedbase.py run [line:318] INFO --------------Round 33--------------
2025-04-30 02:08:52,293 simple_logger.py log_once [line:14] INFO Current_time:244
2025-04-30 02:08:57,669 simple_logger.py log_once [line:28] INFO test_accuracy                 0.1959
2025-04-30 02:08:57,669 simple_logger.py log_once [line:28] INFO test_loss                     2.2241
2025-04-30 02:08:57,669 simple_logger.py log_once [line:28] INFO val_accuracy                  0.1889
2025-04-30 02:08:57,669 simple_logger.py log_once [line:28] INFO mean_val_accuracy             0.1889
2025-04-30 02:08:57,669 simple_logger.py log_once [line:28] INFO std_val_accuracy              0.0128
2025-04-30 02:08:57,669 simple_logger.py log_once [line:28] INFO val_loss                      2.2375
2025-04-30 02:08:57,669 simple_logger.py log_once [line:28] INFO mean_val_loss                 2.2375
2025-04-30 02:08:57,669 simple_logger.py log_once [line:28] INFO std_val_loss                  0.0149
2025-04-30 02:08:57,669 fedbase.py run [line:323] INFO expense           9046020.0
2025-04-30 02:08:57,669 fedbase.py run [line:324] INFO Eval Time Cost:               5.3762s
2025-04-30 02:08:57,669 asyncbase.py iterate [line:68] INFO Select clients [0, 1, 2, 3, 4, 5, 6, 7, 8, 9, 10, 11, 12, 13, 14, 15, 16, 17, 18, 19] at time 245.
2025-04-30 02:09:40,811 asyncbase.py iterate [line:73] INFO Receive new models from clients [4, 19, 1, 6, 3, 16, 5, 7, 13, 10, 8, 18, 17, 11, 15, 9, 0, 14, 2, 12] at time 251
2025-04-30 02:09:40,849 fedbase.py run [line:318] INFO --------------Round 34--------------
2025-04-30 02:09:40,849 simple_logger.py log_once [line:14] INFO Current_time:251
2025-04-30 02:09:46,172 simple_logger.py log_once [line:28] INFO test_accuracy                 0.1959
2025-04-30 02:09:46,172 simple_logger.py log_once [line:28] INFO test_loss                     2.2241
2025-04-30 02:09:46,172 simple_logger.py log_once [line:28] INFO val_accuracy                  0.1889
2025-04-30 02:09:46,172 simple_logger.py log_once [line:28] INFO mean_val_accuracy             0.1889
2025-04-30 02:09:46,172 simple_logger.py log_once [line:28] INFO std_val_accuracy              0.0128
2025-04-30 02:09:46,172 simple_logger.py log_once [line:28] INFO val_loss                      2.2376
2025-04-30 02:09:46,172 simple_logger.py log_once [line:28] INFO mean_val_loss                 2.2376
2025-04-30 02:09:46,172 simple_logger.py log_once [line:28] INFO std_val_loss                  0.0148
2025-04-30 02:09:46,172 fedbase.py run [line:323] INFO expense           9080420.0
2025-04-30 02:09:46,172 fedbase.py run [line:324] INFO Eval Time Cost:               5.3234s
2025-04-30 02:09:46,172 asyncbase.py iterate [line:68] INFO Select clients [0, 1, 2, 3, 4, 5, 6, 7, 8, 9, 10, 11, 12, 13, 14, 15, 16, 17, 18, 19] at time 252.
2025-04-30 02:10:31,575 asyncbase.py iterate [line:73] INFO Receive new models from clients [11, 7, 0, 2, 17, 1, 8, 16, 6, 14, 10, 3, 9, 15, 5, 18, 12, 4, 19] at time 258
2025-04-30 02:10:31,575 asyncbase.py iterate [line:73] INFO Receive new models from clients [13] at time 259
2025-04-30 02:10:31,611 fedbase.py run [line:318] INFO --------------Round 35--------------
2025-04-30 02:10:31,612 simple_logger.py log_once [line:14] INFO Current_time:259
2025-04-30 02:10:36,860 simple_logger.py log_once [line:28] INFO test_accuracy                 0.1959
2025-04-30 02:10:36,861 simple_logger.py log_once [line:28] INFO test_loss                     2.2240
2025-04-30 02:10:36,861 simple_logger.py log_once [line:28] INFO val_accuracy                  0.1889
2025-04-30 02:10:36,861 simple_logger.py log_once [line:28] INFO mean_val_accuracy             0.1889
2025-04-30 02:10:36,861 simple_logger.py log_once [line:28] INFO std_val_accuracy              0.0128
2025-04-30 02:10:36,861 simple_logger.py log_once [line:28] INFO val_loss                      2.2376
2025-04-30 02:10:36,861 simple_logger.py log_once [line:28] INFO mean_val_loss                 2.2376
2025-04-30 02:10:36,861 simple_logger.py log_once [line:28] INFO std_val_loss                  0.0150
2025-04-30 02:10:36,861 fedbase.py run [line:323] INFO expense           9114820.0
2025-04-30 02:10:36,861 fedbase.py run [line:324] INFO Eval Time Cost:               5.2495s
2025-04-30 02:10:36,861 asyncbase.py iterate [line:68] INFO Select clients [0, 1, 2, 3, 4, 5, 6, 7, 8, 9, 10, 11, 12, 13, 14, 15, 16, 17, 18, 19] at time 260.
2025-04-30 02:11:22,534 asyncbase.py iterate [line:73] INFO Receive new models from clients [14, 18, 19, 16, 17, 5, 0, 13, 12, 10, 7, 8, 2, 1, 15, 4] at time 266
2025-04-30 02:11:22,534 asyncbase.py iterate [line:73] INFO Receive new models from clients [9, 3, 6, 11] at time 267
2025-04-30 02:11:22,572 fedbase.py run [line:318] INFO --------------Round 36--------------
2025-04-30 02:11:22,572 simple_logger.py log_once [line:14] INFO Current_time:267
2025-04-30 02:11:27,817 simple_logger.py log_once [line:28] INFO test_accuracy                 0.1959
2025-04-30 02:11:27,817 simple_logger.py log_once [line:28] INFO test_loss                     2.2241
2025-04-30 02:11:27,817 simple_logger.py log_once [line:28] INFO val_accuracy                  0.1889
2025-04-30 02:11:27,817 simple_logger.py log_once [line:28] INFO mean_val_accuracy             0.1889
2025-04-30 02:11:27,817 simple_logger.py log_once [line:28] INFO std_val_accuracy              0.0128
2025-04-30 02:11:27,817 simple_logger.py log_once [line:28] INFO val_loss                      2.2375
2025-04-30 02:11:27,817 simple_logger.py log_once [line:28] INFO mean_val_loss                 2.2375
2025-04-30 02:11:27,817 simple_logger.py log_once [line:28] INFO std_val_loss                  0.0149
2025-04-30 02:11:27,817 fedbase.py run [line:323] INFO expense           9149220.0
2025-04-30 02:11:27,817 fedbase.py run [line:324] INFO Eval Time Cost:               5.2452s
2025-04-30 02:11:27,818 asyncbase.py iterate [line:68] INFO Select clients [0, 1, 2, 3, 4, 5, 6, 7, 8, 9, 10, 11, 12, 13, 14, 15, 16, 17, 18, 19] at time 268.
2025-04-30 02:12:13,692 asyncbase.py iterate [line:73] INFO Receive new models from clients [0, 1, 16, 6, 17, 14, 8, 3, 9, 19, 2, 11, 5, 12, 13, 4, 18, 10, 15] at time 274
2025-04-30 02:12:13,693 asyncbase.py iterate [line:73] INFO Receive new models from clients [7] at time 275
2025-04-30 02:12:13,747 fedbase.py run [line:318] INFO --------------Round 37--------------
2025-04-30 02:12:13,747 simple_logger.py log_once [line:14] INFO Current_time:275
2025-04-30 02:12:19,133 simple_logger.py log_once [line:28] INFO test_accuracy                 0.1959
2025-04-30 02:12:19,134 simple_logger.py log_once [line:28] INFO test_loss                     2.2244
2025-04-30 02:12:19,134 simple_logger.py log_once [line:28] INFO val_accuracy                  0.1889
2025-04-30 02:12:19,134 simple_logger.py log_once [line:28] INFO mean_val_accuracy             0.1889
2025-04-30 02:12:19,134 simple_logger.py log_once [line:28] INFO std_val_accuracy              0.0128
2025-04-30 02:12:19,134 simple_logger.py log_once [line:28] INFO val_loss                      2.2376
2025-04-30 02:12:19,134 simple_logger.py log_once [line:28] INFO mean_val_loss                 2.2376
2025-04-30 02:12:19,134 simple_logger.py log_once [line:28] INFO std_val_loss                  0.0146
2025-04-30 02:12:19,134 fedbase.py run [line:323] INFO expense           9183620.0
2025-04-30 02:12:19,134 fedbase.py run [line:324] INFO Eval Time Cost:               5.3869s
2025-04-30 02:12:19,134 asyncbase.py iterate [line:68] INFO Select clients [0, 1, 2, 3, 4, 5, 6, 7, 8, 9, 10, 11, 12, 13, 14, 15, 16, 17, 18, 19] at time 276.
2025-04-30 02:13:04,802 asyncbase.py iterate [line:73] INFO Receive new models from clients [12, 19, 7, 5, 4, 16, 8, 15, 9, 0, 17, 13, 18, 14, 11, 1, 10] at time 282
2025-04-30 02:13:04,802 asyncbase.py iterate [line:73] INFO Receive new models from clients [6, 3, 2] at time 283
2025-04-30 02:13:04,844 fedbase.py run [line:318] INFO --------------Round 38--------------
2025-04-30 02:13:04,844 simple_logger.py log_once [line:14] INFO Current_time:283
2025-04-30 02:13:10,162 simple_logger.py log_once [line:28] INFO test_accuracy                 0.1959
2025-04-30 02:13:10,162 simple_logger.py log_once [line:28] INFO test_loss                     2.2240
2025-04-30 02:13:10,162 simple_logger.py log_once [line:28] INFO val_accuracy                  0.1889
2025-04-30 02:13:10,163 simple_logger.py log_once [line:28] INFO mean_val_accuracy             0.1889
2025-04-30 02:13:10,163 simple_logger.py log_once [line:28] INFO std_val_accuracy              0.0128
2025-04-30 02:13:10,163 simple_logger.py log_once [line:28] INFO val_loss                      2.2376
2025-04-30 02:13:10,163 simple_logger.py log_once [line:28] INFO mean_val_loss                 2.2376
2025-04-30 02:13:10,163 simple_logger.py log_once [line:28] INFO std_val_loss                  0.0149
2025-04-30 02:13:10,163 fedbase.py run [line:323] INFO expense           9218020.0
2025-04-30 02:13:10,163 fedbase.py run [line:324] INFO Eval Time Cost:               5.3186s
2025-04-30 02:13:10,163 asyncbase.py iterate [line:68] INFO Select clients [0, 1, 2, 3, 4, 5, 6, 7, 8, 9, 10, 11, 12, 13, 14, 15, 16, 17, 18, 19] at time 284.
2025-04-30 02:13:57,167 asyncbase.py iterate [line:73] INFO Receive new models from clients [9, 5, 17, 7, 11, 10, 19, 2, 4, 13, 12, 18, 0, 3, 16, 14, 8, 15] at time 290
2025-04-30 02:13:57,167 asyncbase.py iterate [line:73] INFO Receive new models from clients [6, 1] at time 291
2025-04-30 02:13:57,205 fedbase.py run [line:318] INFO --------------Round 39--------------
2025-04-30 02:13:57,205 simple_logger.py log_once [line:14] INFO Current_time:291
2025-04-30 02:14:02,469 simple_logger.py log_once [line:28] INFO test_accuracy                 0.1959
2025-04-30 02:14:02,469 simple_logger.py log_once [line:28] INFO test_loss                     2.2239
2025-04-30 02:14:02,469 simple_logger.py log_once [line:28] INFO val_accuracy                  0.1889
2025-04-30 02:14:02,469 simple_logger.py log_once [line:28] INFO mean_val_accuracy             0.1889
2025-04-30 02:14:02,469 simple_logger.py log_once [line:28] INFO std_val_accuracy              0.0128
2025-04-30 02:14:02,469 simple_logger.py log_once [line:28] INFO val_loss                      2.2376
2025-04-30 02:14:02,469 simple_logger.py log_once [line:28] INFO mean_val_loss                 2.2376
2025-04-30 02:14:02,469 simple_logger.py log_once [line:28] INFO std_val_loss                  0.0151
2025-04-30 02:14:02,469 fedbase.py run [line:323] INFO expense           9252420.0
2025-04-30 02:14:02,469 fedbase.py run [line:324] INFO Eval Time Cost:               5.2641s
2025-04-30 02:14:02,469 asyncbase.py iterate [line:68] INFO Select clients [0, 1, 2, 3, 4, 5, 6, 7, 8, 9, 10, 11, 12, 13, 14, 15, 16, 17, 18, 19] at time 292.
2025-04-30 02:14:48,257 asyncbase.py iterate [line:73] INFO Receive new models from clients [9, 13, 6, 12, 18, 7, 1, 0, 17, 3, 15, 19, 2, 4, 8, 5, 14, 16, 11, 10] at time 298
2025-04-30 02:14:48,295 fedbase.py run [line:318] INFO --------------Round 40--------------
2025-04-30 02:14:48,295 simple_logger.py log_once [line:14] INFO Current_time:298
2025-04-30 02:14:53,639 simple_logger.py log_once [line:28] INFO test_accuracy                 0.1959
2025-04-30 02:14:53,639 simple_logger.py log_once [line:28] INFO test_loss                     2.2239
2025-04-30 02:14:53,639 simple_logger.py log_once [line:28] INFO val_accuracy                  0.1889
2025-04-30 02:14:53,639 simple_logger.py log_once [line:28] INFO mean_val_accuracy             0.1889
2025-04-30 02:14:53,639 simple_logger.py log_once [line:28] INFO std_val_accuracy              0.0128
2025-04-30 02:14:53,639 simple_logger.py log_once [line:28] INFO val_loss                      2.2376
2025-04-30 02:14:53,639 simple_logger.py log_once [line:28] INFO mean_val_loss                 2.2376
2025-04-30 02:14:53,640 simple_logger.py log_once [line:28] INFO std_val_loss                  0.0151
2025-04-30 02:14:53,640 fedbase.py run [line:323] INFO expense           9286820.0
2025-04-30 02:14:53,640 fedbase.py run [line:324] INFO Eval Time Cost:               5.3447s
2025-04-30 02:14:53,640 asyncbase.py iterate [line:68] INFO Select clients [0, 1, 2, 3, 4, 5, 6, 7, 8, 9, 10, 11, 12, 13, 14, 15, 16, 17, 18, 19] at time 299.
2025-04-30 02:15:40,132 asyncbase.py iterate [line:73] INFO Receive new models from clients [15, 0, 9, 18, 10, 5, 4, 3, 16, 8, 11, 7, 12, 2, 14, 13, 19, 1, 17] at time 305
2025-04-30 02:15:40,132 asyncbase.py iterate [line:73] INFO Receive new models from clients [6] at time 306
2025-04-30 02:15:40,171 fedbase.py run [line:318] INFO --------------Round 41--------------
2025-04-30 02:15:40,171 simple_logger.py log_once [line:14] INFO Current_time:306
2025-04-30 02:15:45,445 simple_logger.py log_once [line:28] INFO test_accuracy                 0.1959
2025-04-30 02:15:45,445 simple_logger.py log_once [line:28] INFO test_loss                     2.2241
2025-04-30 02:15:45,445 simple_logger.py log_once [line:28] INFO val_accuracy                  0.1889
2025-04-30 02:15:45,445 simple_logger.py log_once [line:28] INFO mean_val_accuracy             0.1889
2025-04-30 02:15:45,445 simple_logger.py log_once [line:28] INFO std_val_accuracy              0.0128
2025-04-30 02:15:45,445 simple_logger.py log_once [line:28] INFO val_loss                      2.2376
2025-04-30 02:15:45,445 simple_logger.py log_once [line:28] INFO mean_val_loss                 2.2376
2025-04-30 02:15:45,446 simple_logger.py log_once [line:28] INFO std_val_loss                  0.0148
2025-04-30 02:15:45,446 fedbase.py run [line:323] INFO expense           9321220.0
2025-04-30 02:15:45,446 fedbase.py run [line:324] INFO Eval Time Cost:               5.2747s
2025-04-30 02:15:45,446 asyncbase.py iterate [line:68] INFO Select clients [0, 1, 2, 3, 4, 5, 6, 7, 8, 9, 10, 11, 12, 13, 14, 15, 16, 17, 18, 19] at time 307.
2025-04-30 02:16:31,226 asyncbase.py iterate [line:73] INFO Receive new models from clients [7, 3, 16, 9, 8, 19, 11, 14, 0, 13, 5, 10, 2, 18, 1, 4, 15, 6, 17] at time 313
2025-04-30 02:16:31,226 asyncbase.py iterate [line:73] INFO Receive new models from clients [12] at time 314
2025-04-30 02:16:31,265 fedbase.py run [line:318] INFO --------------Round 42--------------
2025-04-30 02:16:31,265 simple_logger.py log_once [line:14] INFO Current_time:314
2025-04-30 02:16:36,508 simple_logger.py log_once [line:28] INFO test_accuracy                 0.1959
2025-04-30 02:16:36,508 simple_logger.py log_once [line:28] INFO test_loss                     2.2242
2025-04-30 02:16:36,508 simple_logger.py log_once [line:28] INFO val_accuracy                  0.1889
2025-04-30 02:16:36,509 simple_logger.py log_once [line:28] INFO mean_val_accuracy             0.1889
2025-04-30 02:16:36,509 simple_logger.py log_once [line:28] INFO std_val_accuracy              0.0128
2025-04-30 02:16:36,509 simple_logger.py log_once [line:28] INFO val_loss                      2.2376
2025-04-30 02:16:36,509 simple_logger.py log_once [line:28] INFO mean_val_loss                 2.2376
2025-04-30 02:16:36,509 simple_logger.py log_once [line:28] INFO std_val_loss                  0.0147
2025-04-30 02:16:36,509 fedbase.py run [line:323] INFO expense           9355620.0
2025-04-30 02:16:36,509 fedbase.py run [line:324] INFO Eval Time Cost:               5.2439s
2025-04-30 02:16:36,509 asyncbase.py iterate [line:68] INFO Select clients [0, 1, 2, 3, 4, 5, 6, 7, 8, 9, 10, 11, 12, 13, 14, 15, 16, 17, 18, 19] at time 315.
2025-04-30 02:17:20,136 asyncbase.py iterate [line:73] INFO Receive new models from clients [12, 7, 2, 19, 4, 10, 11, 6, 9, 13, 0, 5, 1, 14, 3, 8, 15, 17] at time 321
2025-04-30 02:17:20,137 asyncbase.py iterate [line:73] INFO Receive new models from clients [16, 18] at time 322
2025-04-30 02:17:20,174 fedbase.py run [line:318] INFO --------------Round 43--------------
2025-04-30 02:17:20,174 simple_logger.py log_once [line:14] INFO Current_time:322
2025-04-30 02:17:25,501 simple_logger.py log_once [line:28] INFO test_accuracy                 0.1959
2025-04-30 02:17:25,501 simple_logger.py log_once [line:28] INFO test_loss                     2.2241
2025-04-30 02:17:25,501 simple_logger.py log_once [line:28] INFO val_accuracy                  0.1889
2025-04-30 02:17:25,501 simple_logger.py log_once [line:28] INFO mean_val_accuracy             0.1889
2025-04-30 02:17:25,501 simple_logger.py log_once [line:28] INFO std_val_accuracy              0.0128
2025-04-30 02:17:25,501 simple_logger.py log_once [line:28] INFO val_loss                      2.2376
2025-04-30 02:17:25,501 simple_logger.py log_once [line:28] INFO mean_val_loss                 2.2376
2025-04-30 02:17:25,501 simple_logger.py log_once [line:28] INFO std_val_loss                  0.0149
2025-04-30 02:17:25,502 fedbase.py run [line:323] INFO expense           9390020.0
2025-04-30 02:17:25,502 fedbase.py run [line:324] INFO Eval Time Cost:               5.3271s
2025-04-30 02:17:25,502 asyncbase.py iterate [line:68] INFO Select clients [0, 1, 2, 3, 4, 5, 6, 7, 8, 9, 10, 11, 12, 13, 14, 15, 16, 17, 18, 19] at time 323.
2025-04-30 02:18:09,886 asyncbase.py iterate [line:73] INFO Receive new models from clients [4, 8, 12, 0, 16, 6, 3, 15, 17, 13, 1, 2, 9, 11, 5, 18, 10, 19, 7] at time 329
2025-04-30 02:18:09,887 asyncbase.py iterate [line:73] INFO Receive new models from clients [14] at time 330
2025-04-30 02:18:09,927 fedbase.py run [line:318] INFO --------------Round 44--------------
2025-04-30 02:18:09,928 simple_logger.py log_once [line:14] INFO Current_time:330
2025-04-30 02:18:15,213 simple_logger.py log_once [line:28] INFO test_accuracy                 0.1959
2025-04-30 02:18:15,213 simple_logger.py log_once [line:28] INFO test_loss                     2.2242
2025-04-30 02:18:15,213 simple_logger.py log_once [line:28] INFO val_accuracy                  0.1889
2025-04-30 02:18:15,213 simple_logger.py log_once [line:28] INFO mean_val_accuracy             0.1889
2025-04-30 02:18:15,213 simple_logger.py log_once [line:28] INFO std_val_accuracy              0.0128
2025-04-30 02:18:15,213 simple_logger.py log_once [line:28] INFO val_loss                      2.2376
2025-04-30 02:18:15,214 simple_logger.py log_once [line:28] INFO mean_val_loss                 2.2376
2025-04-30 02:18:15,214 simple_logger.py log_once [line:28] INFO std_val_loss                  0.0148
2025-04-30 02:18:15,214 fedbase.py run [line:323] INFO expense           9424420.0
2025-04-30 02:18:15,214 fedbase.py run [line:324] INFO Eval Time Cost:               5.2861s
2025-04-30 02:18:15,214 asyncbase.py iterate [line:68] INFO Select clients [0, 1, 2, 3, 4, 5, 6, 7, 8, 9, 10, 11, 12, 13, 14, 15, 16, 17, 18, 19] at time 331.
2025-04-30 02:19:01,342 asyncbase.py iterate [line:73] INFO Receive new models from clients [13, 18, 19, 11, 10, 8, 17, 9, 0, 3, 12, 15, 14, 7, 1, 2, 5, 16] at time 337
2025-04-30 02:19:01,343 asyncbase.py iterate [line:73] INFO Receive new models from clients [6, 4] at time 338
2025-04-30 02:19:01,380 fedbase.py run [line:318] INFO --------------Round 45--------------
2025-04-30 02:19:01,380 simple_logger.py log_once [line:14] INFO Current_time:338
2025-04-30 02:19:06,690 simple_logger.py log_once [line:28] INFO test_accuracy                 0.1959
2025-04-30 02:19:06,691 simple_logger.py log_once [line:28] INFO test_loss                     2.2240
2025-04-30 02:19:06,691 simple_logger.py log_once [line:28] INFO val_accuracy                  0.1889
2025-04-30 02:19:06,691 simple_logger.py log_once [line:28] INFO mean_val_accuracy             0.1889
2025-04-30 02:19:06,691 simple_logger.py log_once [line:28] INFO std_val_accuracy              0.0128
2025-04-30 02:19:06,691 simple_logger.py log_once [line:28] INFO val_loss                      2.2376
2025-04-30 02:19:06,691 simple_logger.py log_once [line:28] INFO mean_val_loss                 2.2376
2025-04-30 02:19:06,691 simple_logger.py log_once [line:28] INFO std_val_loss                  0.0150
2025-04-30 02:19:06,691 fedbase.py run [line:323] INFO expense           9458820.0
2025-04-30 02:19:06,691 fedbase.py run [line:324] INFO Eval Time Cost:               5.3108s
2025-04-30 02:19:06,691 asyncbase.py iterate [line:68] INFO Select clients [0, 1, 2, 3, 4, 5, 6, 7, 8, 9, 10, 11, 12, 13, 14, 15, 16, 17, 18, 19] at time 339.
2025-04-30 02:19:51,684 asyncbase.py iterate [line:73] INFO Receive new models from clients [4, 13, 6, 10, 8, 0, 2, 12, 18, 3, 19, 11, 1, 5] at time 345
2025-04-30 02:19:51,685 asyncbase.py iterate [line:73] INFO Receive new models from clients [7, 16, 9, 17, 15, 14] at time 346
2025-04-30 02:19:51,723 fedbase.py run [line:318] INFO --------------Round 46--------------
2025-04-30 02:19:51,723 simple_logger.py log_once [line:14] INFO Current_time:346
2025-04-30 02:19:57,030 simple_logger.py log_once [line:28] INFO test_accuracy                 0.1959
2025-04-30 02:19:57,030 simple_logger.py log_once [line:28] INFO test_loss                     2.2240
2025-04-30 02:19:57,030 simple_logger.py log_once [line:28] INFO val_accuracy                  0.1889
2025-04-30 02:19:57,031 simple_logger.py log_once [line:28] INFO mean_val_accuracy             0.1889
2025-04-30 02:19:57,031 simple_logger.py log_once [line:28] INFO std_val_accuracy              0.0128
2025-04-30 02:19:57,031 simple_logger.py log_once [line:28] INFO val_loss                      2.2376
2025-04-30 02:19:57,031 simple_logger.py log_once [line:28] INFO mean_val_loss                 2.2376
2025-04-30 02:19:57,031 simple_logger.py log_once [line:28] INFO std_val_loss                  0.0149
2025-04-30 02:19:57,031 fedbase.py run [line:323] INFO expense           9493220.0
2025-04-30 02:19:57,031 fedbase.py run [line:324] INFO Eval Time Cost:               5.3080s
2025-04-30 02:19:57,031 asyncbase.py iterate [line:68] INFO Select clients [0, 1, 2, 3, 4, 5, 6, 7, 8, 9, 10, 11, 12, 13, 14, 15, 16, 17, 18, 19] at time 347.
2025-04-30 02:20:47,274 asyncbase.py iterate [line:73] INFO Receive new models from clients [0, 4, 8, 10, 14, 5, 9, 15, 17, 18, 16, 2, 6, 19, 7, 12, 11] at time 353
2025-04-30 02:20:47,274 asyncbase.py iterate [line:73] INFO Receive new models from clients [13, 3, 1] at time 354
2025-04-30 02:20:47,314 fedbase.py run [line:318] INFO --------------Round 47--------------
2025-04-30 02:20:47,314 simple_logger.py log_once [line:14] INFO Current_time:354
2025-04-30 02:20:52,679 simple_logger.py log_once [line:28] INFO test_accuracy                 0.1959
2025-04-30 02:20:52,679 simple_logger.py log_once [line:28] INFO test_loss                     2.2238
2025-04-30 02:20:52,679 simple_logger.py log_once [line:28] INFO val_accuracy                  0.1889
2025-04-30 02:20:52,679 simple_logger.py log_once [line:28] INFO mean_val_accuracy             0.1889
2025-04-30 02:20:52,679 simple_logger.py log_once [line:28] INFO std_val_accuracy              0.0128
2025-04-30 02:20:52,679 simple_logger.py log_once [line:28] INFO val_loss                      2.2377
2025-04-30 02:20:52,679 simple_logger.py log_once [line:28] INFO mean_val_loss                 2.2377
2025-04-30 02:20:52,679 simple_logger.py log_once [line:28] INFO std_val_loss                  0.0151
2025-04-30 02:20:52,679 fedbase.py run [line:323] INFO expense           9527620.0
2025-04-30 02:20:52,679 fedbase.py run [line:324] INFO Eval Time Cost:               5.3649s
2025-04-30 02:20:52,679 asyncbase.py iterate [line:68] INFO Select clients [0, 1, 2, 3, 4, 5, 6, 7, 8, 9, 10, 11, 12, 13, 14, 15, 16, 17, 18, 19] at time 355.
2025-04-30 02:21:44,997 asyncbase.py iterate [line:73] INFO Receive new models from clients [4, 8, 2, 12, 19, 13, 16, 10, 1, 3, 18, 6, 7, 0, 15, 14, 11] at time 361
2025-04-30 02:21:44,998 asyncbase.py iterate [line:73] INFO Receive new models from clients [9, 5, 17] at time 362
2025-04-30 02:21:45,041 fedbase.py run [line:318] INFO --------------Round 48--------------
2025-04-30 02:21:45,041 simple_logger.py log_once [line:14] INFO Current_time:362
2025-04-30 02:21:50,419 simple_logger.py log_once [line:28] INFO test_accuracy                 0.1959
2025-04-30 02:21:50,419 simple_logger.py log_once [line:28] INFO test_loss                     2.2240
2025-04-30 02:21:50,419 simple_logger.py log_once [line:28] INFO val_accuracy                  0.1889
2025-04-30 02:21:50,419 simple_logger.py log_once [line:28] INFO mean_val_accuracy             0.1889
2025-04-30 02:21:50,419 simple_logger.py log_once [line:28] INFO std_val_accuracy              0.0128
2025-04-30 02:21:50,419 simple_logger.py log_once [line:28] INFO val_loss                      2.2376
2025-04-30 02:21:50,419 simple_logger.py log_once [line:28] INFO mean_val_loss                 2.2376
2025-04-30 02:21:50,419 simple_logger.py log_once [line:28] INFO std_val_loss                  0.0150
2025-04-30 02:21:50,419 fedbase.py run [line:323] INFO expense           9562020.0
2025-04-30 02:21:50,419 fedbase.py run [line:324] INFO Eval Time Cost:               5.3783s
2025-04-30 02:21:50,420 asyncbase.py iterate [line:68] INFO Select clients [0, 1, 2, 3, 4, 5, 6, 7, 8, 9, 10, 11, 12, 13, 14, 15, 16, 17, 18, 19] at time 363.
2025-04-30 02:22:37,729 asyncbase.py iterate [line:73] INFO Receive new models from clients [12, 8, 7, 18, 4, 1, 9, 15, 17, 14, 3, 19, 16, 11, 13, 0, 2, 6] at time 369
2025-04-30 02:22:37,730 asyncbase.py iterate [line:73] INFO Receive new models from clients [5, 10] at time 370
2025-04-30 02:22:37,770 fedbase.py run [line:318] INFO --------------Round 49--------------
2025-04-30 02:22:37,770 simple_logger.py log_once [line:14] INFO Current_time:370
2025-04-30 02:22:43,202 simple_logger.py log_once [line:28] INFO test_accuracy                 0.1959
2025-04-30 02:22:43,202 simple_logger.py log_once [line:28] INFO test_loss                     2.2239
2025-04-30 02:22:43,202 simple_logger.py log_once [line:28] INFO val_accuracy                  0.1889
2025-04-30 02:22:43,202 simple_logger.py log_once [line:28] INFO mean_val_accuracy             0.1889
2025-04-30 02:22:43,202 simple_logger.py log_once [line:28] INFO std_val_accuracy              0.0128
2025-04-30 02:22:43,202 simple_logger.py log_once [line:28] INFO val_loss                      2.2376
2025-04-30 02:22:43,202 simple_logger.py log_once [line:28] INFO mean_val_loss                 2.2376
2025-04-30 02:22:43,202 simple_logger.py log_once [line:28] INFO std_val_loss                  0.0150
2025-04-30 02:22:43,203 fedbase.py run [line:323] INFO expense           9596420.0
2025-04-30 02:22:43,203 fedbase.py run [line:324] INFO Eval Time Cost:               5.4324s
2025-04-30 02:22:43,203 asyncbase.py iterate [line:68] INFO Select clients [0, 1, 2, 3, 4, 5, 6, 7, 8, 9, 10, 11, 12, 13, 14, 15, 16, 17, 18, 19] at time 371.
2025-04-30 02:23:34,532 asyncbase.py iterate [line:73] INFO Receive new models from clients [15, 4, 1, 6, 2, 0, 18, 7, 14, 9, 8, 17, 12, 11, 10, 16, 13, 19, 3] at time 377
2025-04-30 02:23:34,533 asyncbase.py iterate [line:73] INFO Receive new models from clients [5] at time 378
2025-04-30 02:23:34,587 fedbase.py run [line:318] INFO --------------Round 50--------------
2025-04-30 02:23:34,587 simple_logger.py log_once [line:14] INFO Current_time:378
2025-04-30 02:23:40,534 simple_logger.py log_once [line:28] INFO test_accuracy                 0.1959
2025-04-30 02:23:40,534 simple_logger.py log_once [line:28] INFO test_loss                     2.2239
2025-04-30 02:23:40,534 simple_logger.py log_once [line:28] INFO val_accuracy                  0.1889
2025-04-30 02:23:40,534 simple_logger.py log_once [line:28] INFO mean_val_accuracy             0.1889
2025-04-30 02:23:40,534 simple_logger.py log_once [line:28] INFO std_val_accuracy              0.0128
2025-04-30 02:23:40,534 simple_logger.py log_once [line:28] INFO val_loss                      2.2376
2025-04-30 02:23:40,534 simple_logger.py log_once [line:28] INFO mean_val_loss                 2.2376
2025-04-30 02:23:40,534 simple_logger.py log_once [line:28] INFO std_val_loss                  0.0151
2025-04-30 02:23:40,534 fedbase.py run [line:323] INFO expense           9630820.0
2025-04-30 02:23:40,534 fedbase.py run [line:324] INFO Eval Time Cost:               5.9472s
2025-04-30 02:23:40,535 asyncbase.py iterate [line:68] INFO Select clients [0, 1, 2, 3, 4, 5, 6, 7, 8, 9, 10, 11, 12, 13, 14, 15, 16, 17, 18, 19] at time 379.
2025-04-30 02:24:30,753 asyncbase.py iterate [line:73] INFO Receive new models from clients [13, 3, 7, 9, 12, 18, 5, 16, 19, 14, 10, 15, 17, 11, 2, 4] at time 385
2025-04-30 02:24:30,754 asyncbase.py iterate [line:73] INFO Receive new models from clients [0, 8, 6, 1] at time 386
2025-04-30 02:24:30,792 fedbase.py run [line:318] INFO --------------Round 51--------------
2025-04-30 02:24:30,793 simple_logger.py log_once [line:14] INFO Current_time:386
2025-04-30 02:24:36,195 simple_logger.py log_once [line:28] INFO test_accuracy                 0.1959
2025-04-30 02:24:36,195 simple_logger.py log_once [line:28] INFO test_loss                     2.2239
2025-04-30 02:24:36,195 simple_logger.py log_once [line:28] INFO val_accuracy                  0.1889
2025-04-30 02:24:36,195 simple_logger.py log_once [line:28] INFO mean_val_accuracy             0.1889
2025-04-30 02:24:36,196 simple_logger.py log_once [line:28] INFO std_val_accuracy              0.0128
2025-04-30 02:24:36,196 simple_logger.py log_once [line:28] INFO val_loss                      2.2376
2025-04-30 02:24:36,196 simple_logger.py log_once [line:28] INFO mean_val_loss                 2.2376
2025-04-30 02:24:36,196 simple_logger.py log_once [line:28] INFO std_val_loss                  0.0151
2025-04-30 02:24:36,196 fedbase.py run [line:323] INFO expense           9665220.0
2025-04-30 02:24:36,196 fedbase.py run [line:324] INFO Eval Time Cost:               5.4032s
2025-04-30 02:24:36,196 asyncbase.py iterate [line:68] INFO Select clients [0, 1, 2, 3, 4, 5, 6, 7, 8, 9, 10, 11, 12, 13, 14, 15, 16, 17, 18, 19] at time 387.
2025-04-30 02:25:19,831 asyncbase.py iterate [line:73] INFO Receive new models from clients [0, 19, 17, 13, 4, 1, 8, 15, 16, 11, 6, 10, 12, 9, 5, 7, 2, 14] at time 393
2025-04-30 02:25:19,832 asyncbase.py iterate [line:73] INFO Receive new models from clients [18, 3] at time 394
2025-04-30 02:25:19,869 fedbase.py run [line:318] INFO --------------Round 52--------------
2025-04-30 02:25:19,870 simple_logger.py log_once [line:14] INFO Current_time:394
2025-04-30 02:25:25,193 simple_logger.py log_once [line:28] INFO test_accuracy                 0.1959
2025-04-30 02:25:25,193 simple_logger.py log_once [line:28] INFO test_loss                     2.2239
2025-04-30 02:25:25,193 simple_logger.py log_once [line:28] INFO val_accuracy                  0.1889
2025-04-30 02:25:25,193 simple_logger.py log_once [line:28] INFO mean_val_accuracy             0.1889
2025-04-30 02:25:25,193 simple_logger.py log_once [line:28] INFO std_val_accuracy              0.0128
2025-04-30 02:25:25,193 simple_logger.py log_once [line:28] INFO val_loss                      2.2376
2025-04-30 02:25:25,193 simple_logger.py log_once [line:28] INFO mean_val_loss                 2.2376
2025-04-30 02:25:25,194 simple_logger.py log_once [line:28] INFO std_val_loss                  0.0151
2025-04-30 02:25:25,194 fedbase.py run [line:323] INFO expense           9699620.0
2025-04-30 02:25:25,194 fedbase.py run [line:324] INFO Eval Time Cost:               5.3241s
2025-04-30 02:25:25,194 asyncbase.py iterate [line:68] INFO Select clients [0, 1, 2, 3, 4, 5, 6, 7, 8, 9, 10, 11, 12, 13, 14, 15, 16, 17, 18, 19] at time 395.
2025-04-30 02:26:13,323 asyncbase.py iterate [line:73] INFO Receive new models from clients [7, 17, 12, 2, 0, 15, 18, 11, 9, 5, 8, 1, 16, 13, 14, 6, 10, 19] at time 401
2025-04-30 02:26:13,323 asyncbase.py iterate [line:73] INFO Receive new models from clients [3, 4] at time 402
2025-04-30 02:26:13,364 fedbase.py run [line:318] INFO --------------Round 53--------------
2025-04-30 02:26:13,364 simple_logger.py log_once [line:14] INFO Current_time:402
2025-04-30 02:26:18,732 simple_logger.py log_once [line:28] INFO test_accuracy                 0.1959
2025-04-30 02:26:18,732 simple_logger.py log_once [line:28] INFO test_loss                     2.2239
2025-04-30 02:26:18,732 simple_logger.py log_once [line:28] INFO val_accuracy                  0.1889
2025-04-30 02:26:18,732 simple_logger.py log_once [line:28] INFO mean_val_accuracy             0.1889
2025-04-30 02:26:18,732 simple_logger.py log_once [line:28] INFO std_val_accuracy              0.0128
2025-04-30 02:26:18,732 simple_logger.py log_once [line:28] INFO val_loss                      2.2376
2025-04-30 02:26:18,732 simple_logger.py log_once [line:28] INFO mean_val_loss                 2.2376
2025-04-30 02:26:18,732 simple_logger.py log_once [line:28] INFO std_val_loss                  0.0150
2025-04-30 02:26:18,733 fedbase.py run [line:323] INFO expense           9734020.0
2025-04-30 02:26:18,733 fedbase.py run [line:324] INFO Eval Time Cost:               5.3682s
2025-04-30 02:26:18,733 asyncbase.py iterate [line:68] INFO Select clients [0, 1, 2, 3, 4, 5, 6, 7, 8, 9, 10, 11, 12, 13, 14, 15, 16, 17, 18, 19] at time 403.
2025-04-30 02:27:07,320 asyncbase.py iterate [line:73] INFO Receive new models from clients [2, 16, 6, 7, 5, 8, 17, 4, 19, 13, 18, 0, 14, 1, 11, 10, 12, 15, 3] at time 409
2025-04-30 02:27:07,320 asyncbase.py iterate [line:73] INFO Receive new models from clients [9] at time 410
2025-04-30 02:27:07,359 fedbase.py run [line:318] INFO --------------Round 54--------------
2025-04-30 02:27:07,359 simple_logger.py log_once [line:14] INFO Current_time:410
2025-04-30 02:27:12,744 simple_logger.py log_once [line:28] INFO test_accuracy                 0.1959
2025-04-30 02:27:12,744 simple_logger.py log_once [line:28] INFO test_loss                     2.2239
2025-04-30 02:27:12,744 simple_logger.py log_once [line:28] INFO val_accuracy                  0.1889
2025-04-30 02:27:12,744 simple_logger.py log_once [line:28] INFO mean_val_accuracy             0.1889
2025-04-30 02:27:12,744 simple_logger.py log_once [line:28] INFO std_val_accuracy              0.0128
2025-04-30 02:27:12,744 simple_logger.py log_once [line:28] INFO val_loss                      2.2376
2025-04-30 02:27:12,744 simple_logger.py log_once [line:28] INFO mean_val_loss                 2.2376
2025-04-30 02:27:12,744 simple_logger.py log_once [line:28] INFO std_val_loss                  0.0150
2025-04-30 02:27:12,744 fedbase.py run [line:323] INFO expense           9768420.0
2025-04-30 02:27:12,744 fedbase.py run [line:324] INFO Eval Time Cost:               5.3856s
2025-04-30 02:27:12,745 asyncbase.py iterate [line:68] INFO Select clients [0, 1, 2, 3, 4, 5, 6, 7, 8, 9, 10, 11, 12, 13, 14, 15, 16, 17, 18, 19] at time 411.
2025-04-30 02:28:00,593 asyncbase.py iterate [line:73] INFO Receive new models from clients [14, 15, 6, 13, 2, 19, 4, 5, 18, 16, 7, 11, 3, 12, 10, 1, 0, 8] at time 417
2025-04-30 02:28:00,593 asyncbase.py iterate [line:73] INFO Receive new models from clients [17, 9] at time 418
2025-04-30 02:28:00,633 fedbase.py run [line:318] INFO --------------Round 55--------------
2025-04-30 02:28:00,633 simple_logger.py log_once [line:14] INFO Current_time:418
2025-04-30 02:28:05,981 simple_logger.py log_once [line:28] INFO test_accuracy                 0.1959
2025-04-30 02:28:05,981 simple_logger.py log_once [line:28] INFO test_loss                     2.2239
2025-04-30 02:28:05,981 simple_logger.py log_once [line:28] INFO val_accuracy                  0.1889
2025-04-30 02:28:05,981 simple_logger.py log_once [line:28] INFO mean_val_accuracy             0.1889
2025-04-30 02:28:05,981 simple_logger.py log_once [line:28] INFO std_val_accuracy              0.0128
2025-04-30 02:28:05,981 simple_logger.py log_once [line:28] INFO val_loss                      2.2376
2025-04-30 02:28:05,981 simple_logger.py log_once [line:28] INFO mean_val_loss                 2.2376
2025-04-30 02:28:05,981 simple_logger.py log_once [line:28] INFO std_val_loss                  0.0150
2025-04-30 02:28:05,981 fedbase.py run [line:323] INFO expense           9802820.0
2025-04-30 02:28:05,982 fedbase.py run [line:324] INFO Eval Time Cost:               5.3482s
2025-04-30 02:28:05,982 asyncbase.py iterate [line:68] INFO Select clients [0, 1, 2, 3, 4, 5, 6, 7, 8, 9, 10, 11, 12, 13, 14, 15, 16, 17, 18, 19] at time 419.
2025-04-30 02:28:55,736 asyncbase.py iterate [line:73] INFO Receive new models from clients [19, 13, 12, 8, 11, 5, 2, 3, 15, 1, 16, 18, 17, 4, 0, 14, 7] at time 425
2025-04-30 02:28:55,736 asyncbase.py iterate [line:73] INFO Receive new models from clients [9, 6, 10] at time 426
2025-04-30 02:28:55,776 fedbase.py run [line:318] INFO --------------Round 56--------------
2025-04-30 02:28:55,776 simple_logger.py log_once [line:14] INFO Current_time:426
2025-04-30 02:29:01,151 simple_logger.py log_once [line:28] INFO test_accuracy                 0.1959
2025-04-30 02:29:01,151 simple_logger.py log_once [line:28] INFO test_loss                     2.2239
2025-04-30 02:29:01,151 simple_logger.py log_once [line:28] INFO val_accuracy                  0.1889
2025-04-30 02:29:01,151 simple_logger.py log_once [line:28] INFO mean_val_accuracy             0.1889
2025-04-30 02:29:01,151 simple_logger.py log_once [line:28] INFO std_val_accuracy              0.0128
2025-04-30 02:29:01,151 simple_logger.py log_once [line:28] INFO val_loss                      2.2376
2025-04-30 02:29:01,151 simple_logger.py log_once [line:28] INFO mean_val_loss                 2.2376
2025-04-30 02:29:01,151 simple_logger.py log_once [line:28] INFO std_val_loss                  0.0151
2025-04-30 02:29:01,151 fedbase.py run [line:323] INFO expense           9837220.0
2025-04-30 02:29:01,151 fedbase.py run [line:324] INFO Eval Time Cost:               5.3750s
2025-04-30 02:29:01,152 asyncbase.py iterate [line:68] INFO Select clients [0, 1, 2, 3, 4, 5, 6, 7, 8, 9, 10, 11, 12, 13, 14, 15, 16, 17, 18, 19] at time 427.
2025-04-30 02:29:50,581 asyncbase.py iterate [line:73] INFO Receive new models from clients [18, 2, 17, 16, 12, 10, 15, 11, 4, 1, 8, 14, 0, 7, 9, 13, 5, 19] at time 433
2025-04-30 02:29:50,581 asyncbase.py iterate [line:73] INFO Receive new models from clients [3, 6] at time 434
2025-04-30 02:29:50,624 fedbase.py run [line:318] INFO --------------Round 57--------------
2025-04-30 02:29:50,624 simple_logger.py log_once [line:14] INFO Current_time:434
2025-04-30 02:29:56,032 simple_logger.py log_once [line:28] INFO test_accuracy                 0.1959
2025-04-30 02:29:56,032 simple_logger.py log_once [line:28] INFO test_loss                     2.2241
2025-04-30 02:29:56,032 simple_logger.py log_once [line:28] INFO val_accuracy                  0.1889
2025-04-30 02:29:56,033 simple_logger.py log_once [line:28] INFO mean_val_accuracy             0.1889
2025-04-30 02:29:56,033 simple_logger.py log_once [line:28] INFO std_val_accuracy              0.0128
2025-04-30 02:29:56,033 simple_logger.py log_once [line:28] INFO val_loss                      2.2376
2025-04-30 02:29:56,033 simple_logger.py log_once [line:28] INFO mean_val_loss                 2.2375
2025-04-30 02:29:56,033 simple_logger.py log_once [line:28] INFO std_val_loss                  0.0149
2025-04-30 02:29:56,033 fedbase.py run [line:323] INFO expense           9871620.0
2025-04-30 02:29:56,033 fedbase.py run [line:324] INFO Eval Time Cost:               5.4090s
2025-04-30 02:29:56,033 asyncbase.py iterate [line:68] INFO Select clients [0, 1, 2, 3, 4, 5, 6, 7, 8, 9, 10, 11, 12, 13, 14, 15, 16, 17, 18, 19] at time 435.
2025-04-30 02:30:44,645 asyncbase.py iterate [line:73] INFO Receive new models from clients [8, 5, 17, 15, 10, 3, 7, 6, 14, 16, 11, 1, 19, 12, 13, 4] at time 441
2025-04-30 02:30:44,645 asyncbase.py iterate [line:73] INFO Receive new models from clients [18, 0, 9, 2] at time 442
2025-04-30 02:30:44,682 fedbase.py run [line:318] INFO --------------Round 58--------------
2025-04-30 02:30:44,683 simple_logger.py log_once [line:14] INFO Current_time:442
2025-04-30 02:30:49,872 simple_logger.py log_once [line:28] INFO test_accuracy                 0.1959
2025-04-30 02:30:49,872 simple_logger.py log_once [line:28] INFO test_loss                     2.2239
2025-04-30 02:30:49,872 simple_logger.py log_once [line:28] INFO val_accuracy                  0.1889
2025-04-30 02:30:49,872 simple_logger.py log_once [line:28] INFO mean_val_accuracy             0.1889
2025-04-30 02:30:49,872 simple_logger.py log_once [line:28] INFO std_val_accuracy              0.0128
2025-04-30 02:30:49,872 simple_logger.py log_once [line:28] INFO val_loss                      2.2375
2025-04-30 02:30:49,872 simple_logger.py log_once [line:28] INFO mean_val_loss                 2.2375
2025-04-30 02:30:49,872 simple_logger.py log_once [line:28] INFO std_val_loss                  0.0152
2025-04-30 02:30:49,872 fedbase.py run [line:323] INFO expense           9906020.0
2025-04-30 02:30:49,872 fedbase.py run [line:324] INFO Eval Time Cost:               5.1899s
2025-04-30 02:30:49,873 asyncbase.py iterate [line:68] INFO Select clients [0, 1, 2, 3, 4, 5, 6, 7, 8, 9, 10, 11, 12, 13, 14, 15, 16, 17, 18, 19] at time 443.
2025-04-30 02:31:42,864 asyncbase.py iterate [line:73] INFO Receive new models from clients [0, 19, 8, 13, 6, 4, 2, 9, 7, 17, 15, 14, 5, 11, 1, 12] at time 449
2025-04-30 02:31:42,865 asyncbase.py iterate [line:73] INFO Receive new models from clients [10, 3, 18, 16] at time 450
2025-04-30 02:31:42,904 fedbase.py run [line:318] INFO --------------Round 59--------------
2025-04-30 02:31:42,904 simple_logger.py log_once [line:14] INFO Current_time:450
2025-04-30 02:31:48,252 simple_logger.py log_once [line:28] INFO test_accuracy                 0.1959
2025-04-30 02:31:48,252 simple_logger.py log_once [line:28] INFO test_loss                     2.2238
2025-04-30 02:31:48,252 simple_logger.py log_once [line:28] INFO val_accuracy                  0.1889
2025-04-30 02:31:48,252 simple_logger.py log_once [line:28] INFO mean_val_accuracy             0.1889
2025-04-30 02:31:48,252 simple_logger.py log_once [line:28] INFO std_val_accuracy              0.0128
2025-04-30 02:31:48,252 simple_logger.py log_once [line:28] INFO val_loss                      2.2376
2025-04-30 02:31:48,252 simple_logger.py log_once [line:28] INFO mean_val_loss                 2.2376
2025-04-30 02:31:48,252 simple_logger.py log_once [line:28] INFO std_val_loss                  0.0151
2025-04-30 02:31:48,252 fedbase.py run [line:323] INFO expense           9940420.0
2025-04-30 02:31:48,252 fedbase.py run [line:324] INFO Eval Time Cost:               5.3485s
2025-04-30 02:31:48,252 asyncbase.py iterate [line:68] INFO Select clients [0, 1, 2, 3, 4, 5, 6, 7, 8, 9, 10, 11, 12, 13, 14, 15, 16, 17, 18, 19] at time 451.
2025-04-30 02:32:39,055 asyncbase.py iterate [line:73] INFO Receive new models from clients [1, 5, 8, 6, 19, 7, 3, 18, 12, 15, 16, 2, 13, 14, 17, 10, 11, 4] at time 457
2025-04-30 02:32:39,056 asyncbase.py iterate [line:73] INFO Receive new models from clients [0, 9] at time 458
2025-04-30 02:32:39,096 fedbase.py run [line:318] INFO --------------Round 60--------------
2025-04-30 02:32:39,096 simple_logger.py log_once [line:14] INFO Current_time:458
2025-04-30 02:32:44,417 simple_logger.py log_once [line:28] INFO test_accuracy                 0.1959
2025-04-30 02:32:44,417 simple_logger.py log_once [line:28] INFO test_loss                     2.2239
2025-04-30 02:32:44,417 simple_logger.py log_once [line:28] INFO val_accuracy                  0.1889
2025-04-30 02:32:44,417 simple_logger.py log_once [line:28] INFO mean_val_accuracy             0.1889
2025-04-30 02:32:44,417 simple_logger.py log_once [line:28] INFO std_val_accuracy              0.0128
2025-04-30 02:32:44,417 simple_logger.py log_once [line:28] INFO val_loss                      2.2376
2025-04-30 02:32:44,417 simple_logger.py log_once [line:28] INFO mean_val_loss                 2.2376
2025-04-30 02:32:44,417 simple_logger.py log_once [line:28] INFO std_val_loss                  0.0151
2025-04-30 02:32:44,417 fedbase.py run [line:323] INFO expense           9974820.0
2025-04-30 02:32:44,417 fedbase.py run [line:324] INFO Eval Time Cost:               5.3213s
2025-04-30 02:32:44,418 asyncbase.py iterate [line:68] INFO Select clients [0, 1, 2, 3, 4, 5, 6, 7, 8, 9, 10, 11, 12, 13, 14, 15, 16, 17, 18, 19] at time 459.
2025-04-30 02:33:36,210 asyncbase.py iterate [line:73] INFO Receive new models from clients [14, 12, 8, 1, 7, 4, 5, 16, 9, 19, 10, 2, 0, 18, 17, 13, 3, 11] at time 465
2025-04-30 02:33:36,211 asyncbase.py iterate [line:73] INFO Receive new models from clients [6, 15] at time 466
2025-04-30 02:33:36,249 fedbase.py run [line:318] INFO --------------Round 61--------------
2025-04-30 02:33:36,249 simple_logger.py log_once [line:14] INFO Current_time:466
2025-04-30 02:33:41,597 simple_logger.py log_once [line:28] INFO test_accuracy                 0.1959
2025-04-30 02:33:41,597 simple_logger.py log_once [line:28] INFO test_loss                     2.2240
2025-04-30 02:33:41,597 simple_logger.py log_once [line:28] INFO val_accuracy                  0.1889
2025-04-30 02:33:41,597 simple_logger.py log_once [line:28] INFO mean_val_accuracy             0.1889
2025-04-30 02:33:41,597 simple_logger.py log_once [line:28] INFO std_val_accuracy              0.0128
2025-04-30 02:33:41,597 simple_logger.py log_once [line:28] INFO val_loss                      2.2376
2025-04-30 02:33:41,597 simple_logger.py log_once [line:28] INFO mean_val_loss                 2.2376
2025-04-30 02:33:41,597 simple_logger.py log_once [line:28] INFO std_val_loss                  0.0150
2025-04-30 02:33:41,597 fedbase.py run [line:323] INFO expense           10009220.0
2025-04-30 02:33:41,597 fedbase.py run [line:324] INFO Eval Time Cost:               5.3483s
2025-04-30 02:33:41,597 asyncbase.py iterate [line:68] INFO Select clients [0, 1, 2, 3, 4, 5, 6, 7, 8, 9, 10, 11, 12, 13, 14, 15, 16, 17, 18, 19] at time 467.
2025-04-30 02:34:34,097 asyncbase.py iterate [line:73] INFO Receive new models from clients [0, 10, 19, 6, 11, 12, 14, 1, 3, 8, 13, 9, 17, 7, 4, 5, 16, 18] at time 473
2025-04-30 02:34:34,097 asyncbase.py iterate [line:73] INFO Receive new models from clients [15, 2] at time 474
2025-04-30 02:34:34,138 fedbase.py run [line:318] INFO --------------Round 62--------------
2025-04-30 02:34:34,138 simple_logger.py log_once [line:14] INFO Current_time:474
2025-04-30 02:34:39,468 simple_logger.py log_once [line:28] INFO test_accuracy                 0.1959
2025-04-30 02:34:39,468 simple_logger.py log_once [line:28] INFO test_loss                     2.2239
2025-04-30 02:34:39,468 simple_logger.py log_once [line:28] INFO val_accuracy                  0.1889
2025-04-30 02:34:39,468 simple_logger.py log_once [line:28] INFO mean_val_accuracy             0.1889
2025-04-30 02:34:39,468 simple_logger.py log_once [line:28] INFO std_val_accuracy              0.0128
2025-04-30 02:34:39,468 simple_logger.py log_once [line:28] INFO val_loss                      2.2376
2025-04-30 02:34:39,468 simple_logger.py log_once [line:28] INFO mean_val_loss                 2.2376
2025-04-30 02:34:39,468 simple_logger.py log_once [line:28] INFO std_val_loss                  0.0151
2025-04-30 02:34:39,468 fedbase.py run [line:323] INFO expense           10043620.0
2025-04-30 02:34:39,468 fedbase.py run [line:324] INFO Eval Time Cost:               5.3302s
2025-04-30 02:34:39,468 asyncbase.py iterate [line:68] INFO Select clients [0, 1, 2, 3, 4, 5, 6, 7, 8, 9, 10, 11, 12, 13, 14, 15, 16, 17, 18, 19] at time 475.
2025-04-30 02:35:27,103 asyncbase.py iterate [line:73] INFO Receive new models from clients [19, 9, 1, 0, 12, 7, 17, 13, 3, 4, 2, 15, 16, 8, 10, 5, 11] at time 481
2025-04-30 02:35:27,104 asyncbase.py iterate [line:73] INFO Receive new models from clients [14, 6, 18] at time 482
2025-04-30 02:35:27,143 fedbase.py run [line:318] INFO --------------Round 63--------------
2025-04-30 02:35:27,143 simple_logger.py log_once [line:14] INFO Current_time:482
2025-04-30 02:35:32,527 simple_logger.py log_once [line:28] INFO test_accuracy                 0.1959
2025-04-30 02:35:32,527 simple_logger.py log_once [line:28] INFO test_loss                     2.2240
2025-04-30 02:35:32,528 simple_logger.py log_once [line:28] INFO val_accuracy                  0.1889
2025-04-30 02:35:32,528 simple_logger.py log_once [line:28] INFO mean_val_accuracy             0.1889
2025-04-30 02:35:32,528 simple_logger.py log_once [line:28] INFO std_val_accuracy              0.0128
2025-04-30 02:35:32,528 simple_logger.py log_once [line:28] INFO val_loss                      2.2376
2025-04-30 02:35:32,528 simple_logger.py log_once [line:28] INFO mean_val_loss                 2.2376
2025-04-30 02:35:32,528 simple_logger.py log_once [line:28] INFO std_val_loss                  0.0150
2025-04-30 02:35:32,528 fedbase.py run [line:323] INFO expense           10078020.0
2025-04-30 02:35:32,528 fedbase.py run [line:324] INFO Eval Time Cost:               5.3852s
2025-04-30 02:35:32,528 asyncbase.py iterate [line:68] INFO Select clients [0, 1, 2, 3, 4, 5, 6, 7, 8, 9, 10, 11, 12, 13, 14, 15, 16, 17, 18, 19] at time 483.
2025-04-30 02:36:21,913 asyncbase.py iterate [line:73] INFO Receive new models from clients [5, 15, 4, 7, 3, 13, 19, 10, 14, 11, 6, 8, 18, 2, 16, 12, 1, 0] at time 489
2025-04-30 02:36:21,914 asyncbase.py iterate [line:73] INFO Receive new models from clients [9, 17] at time 490
2025-04-30 02:36:21,955 fedbase.py run [line:318] INFO --------------Round 64--------------
2025-04-30 02:36:21,955 simple_logger.py log_once [line:14] INFO Current_time:490
2025-04-30 02:36:27,330 simple_logger.py log_once [line:28] INFO test_accuracy                 0.1959
2025-04-30 02:36:27,330 simple_logger.py log_once [line:28] INFO test_loss                     2.2238
2025-04-30 02:36:27,330 simple_logger.py log_once [line:28] INFO val_accuracy                  0.1889
2025-04-30 02:36:27,330 simple_logger.py log_once [line:28] INFO mean_val_accuracy             0.1889
2025-04-30 02:36:27,330 simple_logger.py log_once [line:28] INFO std_val_accuracy              0.0128
2025-04-30 02:36:27,330 simple_logger.py log_once [line:28] INFO val_loss                      2.2376
2025-04-30 02:36:27,330 simple_logger.py log_once [line:28] INFO mean_val_loss                 2.2376
2025-04-30 02:36:27,330 simple_logger.py log_once [line:28] INFO std_val_loss                  0.0151
2025-04-30 02:36:27,330 fedbase.py run [line:323] INFO expense           10112420.0
2025-04-30 02:36:27,330 fedbase.py run [line:324] INFO Eval Time Cost:               5.3748s
2025-04-30 02:36:27,330 asyncbase.py iterate [line:68] INFO Select clients [0, 1, 2, 3, 4, 5, 6, 7, 8, 9, 10, 11, 12, 13, 14, 15, 16, 17, 18, 19] at time 491.
2025-04-30 02:37:16,998 asyncbase.py iterate [line:73] INFO Receive new models from clients [0, 10, 7, 17, 13, 8, 12, 3, 16, 9, 15, 5, 19, 4, 1, 6, 2, 11] at time 497
2025-04-30 02:37:16,998 asyncbase.py iterate [line:73] INFO Receive new models from clients [14, 18] at time 498
2025-04-30 02:37:17,038 fedbase.py run [line:318] INFO --------------Round 65--------------
2025-04-30 02:37:17,038 simple_logger.py log_once [line:14] INFO Current_time:498
2025-04-30 02:37:22,333 simple_logger.py log_once [line:28] INFO test_accuracy                 0.1959
2025-04-30 02:37:22,333 simple_logger.py log_once [line:28] INFO test_loss                     2.2239
2025-04-30 02:37:22,333 simple_logger.py log_once [line:28] INFO val_accuracy                  0.1889
2025-04-30 02:37:22,333 simple_logger.py log_once [line:28] INFO mean_val_accuracy             0.1889
2025-04-30 02:37:22,333 simple_logger.py log_once [line:28] INFO std_val_accuracy              0.0128
2025-04-30 02:37:22,333 simple_logger.py log_once [line:28] INFO val_loss                      2.2376
2025-04-30 02:37:22,333 simple_logger.py log_once [line:28] INFO mean_val_loss                 2.2376
2025-04-30 02:37:22,334 simple_logger.py log_once [line:28] INFO std_val_loss                  0.0151
2025-04-30 02:37:22,334 fedbase.py run [line:323] INFO expense           10146820.0
2025-04-30 02:37:22,334 fedbase.py run [line:324] INFO Eval Time Cost:               5.2958s
2025-04-30 02:37:22,334 asyncbase.py iterate [line:68] INFO Select clients [0, 1, 2, 3, 4, 5, 6, 7, 8, 9, 10, 11, 12, 13, 14, 15, 16, 17, 18, 19] at time 499.
2025-04-30 02:38:09,982 asyncbase.py iterate [line:73] INFO Receive new models from clients [17, 0, 8, 18, 3, 10, 7, 13, 1, 14, 15, 5, 6, 11, 4, 16, 9, 12] at time 505
2025-04-30 02:38:09,982 asyncbase.py iterate [line:73] INFO Receive new models from clients [2, 19] at time 506
2025-04-30 02:38:10,037 fedbase.py run [line:318] INFO --------------Round 66--------------
2025-04-30 02:38:10,037 simple_logger.py log_once [line:14] INFO Current_time:506
2025-04-30 02:38:16,182 simple_logger.py log_once [line:28] INFO test_accuracy                 0.1959
2025-04-30 02:38:16,182 simple_logger.py log_once [line:28] INFO test_loss                     2.2240
2025-04-30 02:38:16,182 simple_logger.py log_once [line:28] INFO val_accuracy                  0.1889
2025-04-30 02:38:16,182 simple_logger.py log_once [line:28] INFO mean_val_accuracy             0.1889
2025-04-30 02:38:16,182 simple_logger.py log_once [line:28] INFO std_val_accuracy              0.0128
2025-04-30 02:38:16,182 simple_logger.py log_once [line:28] INFO val_loss                      2.2376
2025-04-30 02:38:16,182 simple_logger.py log_once [line:28] INFO mean_val_loss                 2.2376
2025-04-30 02:38:16,182 simple_logger.py log_once [line:28] INFO std_val_loss                  0.0150
2025-04-30 02:38:16,182 fedbase.py run [line:323] INFO expense           10181220.0
2025-04-30 02:38:16,183 fedbase.py run [line:324] INFO Eval Time Cost:               6.1455s
2025-04-30 02:38:16,183 asyncbase.py iterate [line:68] INFO Select clients [0, 1, 2, 3, 4, 5, 6, 7, 8, 9, 10, 11, 12, 13, 14, 15, 16, 17, 18, 19] at time 507.
2025-04-30 02:39:05,377 asyncbase.py iterate [line:73] INFO Receive new models from clients [12, 19, 0, 4, 16, 9, 5, 14, 11, 6, 8, 18, 7, 3, 1, 17, 10] at time 513
2025-04-30 02:39:05,378 asyncbase.py iterate [line:73] INFO Receive new models from clients [15, 2, 13] at time 514
2025-04-30 02:39:05,419 fedbase.py run [line:318] INFO --------------Round 67--------------
2025-04-30 02:39:05,419 simple_logger.py log_once [line:14] INFO Current_time:514
2025-04-30 02:39:10,768 simple_logger.py log_once [line:28] INFO test_accuracy                 0.1959
2025-04-30 02:39:10,768 simple_logger.py log_once [line:28] INFO test_loss                     2.2239
2025-04-30 02:39:10,768 simple_logger.py log_once [line:28] INFO val_accuracy                  0.1889
2025-04-30 02:39:10,768 simple_logger.py log_once [line:28] INFO mean_val_accuracy             0.1889
2025-04-30 02:39:10,768 simple_logger.py log_once [line:28] INFO std_val_accuracy              0.0128
2025-04-30 02:39:10,768 simple_logger.py log_once [line:28] INFO val_loss                      2.2376
2025-04-30 02:39:10,768 simple_logger.py log_once [line:28] INFO mean_val_loss                 2.2376
2025-04-30 02:39:10,768 simple_logger.py log_once [line:28] INFO std_val_loss                  0.0150
2025-04-30 02:39:10,768 fedbase.py run [line:323] INFO expense           10215620.0
2025-04-30 02:39:10,768 fedbase.py run [line:324] INFO Eval Time Cost:               5.3492s
2025-04-30 02:39:10,768 asyncbase.py iterate [line:68] INFO Select clients [0, 1, 2, 3, 4, 5, 6, 7, 8, 9, 10, 11, 12, 13, 14, 15, 16, 17, 18, 19] at time 515.
2025-04-30 02:40:02,798 asyncbase.py iterate [line:73] INFO Receive new models from clients [4, 12, 6, 19, 18, 16, 14, 1, 13, 11, 5, 9, 15, 17, 7, 2, 8] at time 521
2025-04-30 02:40:02,799 asyncbase.py iterate [line:73] INFO Receive new models from clients [0, 10, 3] at time 522
2025-04-30 02:40:02,836 fedbase.py run [line:318] INFO --------------Round 68--------------
2025-04-30 02:40:02,836 simple_logger.py log_once [line:14] INFO Current_time:522
2025-04-30 02:40:08,208 simple_logger.py log_once [line:28] INFO test_accuracy                 0.1959
2025-04-30 02:40:08,208 simple_logger.py log_once [line:28] INFO test_loss                     2.2240
2025-04-30 02:40:08,208 simple_logger.py log_once [line:28] INFO val_accuracy                  0.1889
2025-04-30 02:40:08,208 simple_logger.py log_once [line:28] INFO mean_val_accuracy             0.1889
2025-04-30 02:40:08,208 simple_logger.py log_once [line:28] INFO std_val_accuracy              0.0128
2025-04-30 02:40:08,208 simple_logger.py log_once [line:28] INFO val_loss                      2.2375
2025-04-30 02:40:08,208 simple_logger.py log_once [line:28] INFO mean_val_loss                 2.2375
2025-04-30 02:40:08,208 simple_logger.py log_once [line:28] INFO std_val_loss                  0.0150
2025-04-30 02:40:08,208 fedbase.py run [line:323] INFO expense           10250020.0
2025-04-30 02:40:08,208 fedbase.py run [line:324] INFO Eval Time Cost:               5.3720s
2025-04-30 02:40:08,209 asyncbase.py iterate [line:68] INFO Select clients [0, 1, 2, 3, 4, 5, 6, 7, 8, 9, 10, 11, 12, 13, 14, 15, 16, 17, 18, 19] at time 523.
2025-04-30 02:40:58,514 asyncbase.py iterate [line:73] INFO Receive new models from clients [2, 14, 10, 4, 12, 15, 11, 5, 8, 17, 9, 7, 19, 1, 16, 6, 0] at time 529
2025-04-30 02:40:58,515 asyncbase.py iterate [line:73] INFO Receive new models from clients [18, 3, 13] at time 530
2025-04-30 02:40:58,560 fedbase.py run [line:318] INFO --------------Round 69--------------
2025-04-30 02:40:58,560 simple_logger.py log_once [line:14] INFO Current_time:530
2025-04-30 02:41:03,880 simple_logger.py log_once [line:28] INFO test_accuracy                 0.1959
2025-04-30 02:41:03,880 simple_logger.py log_once [line:28] INFO test_loss                     2.2239
2025-04-30 02:41:03,880 simple_logger.py log_once [line:28] INFO val_accuracy                  0.1889
2025-04-30 02:41:03,880 simple_logger.py log_once [line:28] INFO mean_val_accuracy             0.1889
2025-04-30 02:41:03,880 simple_logger.py log_once [line:28] INFO std_val_accuracy              0.0128
2025-04-30 02:41:03,881 simple_logger.py log_once [line:28] INFO val_loss                      2.2376
2025-04-30 02:41:03,881 simple_logger.py log_once [line:28] INFO mean_val_loss                 2.2376
2025-04-30 02:41:03,881 simple_logger.py log_once [line:28] INFO std_val_loss                  0.0150
2025-04-30 02:41:03,881 fedbase.py run [line:323] INFO expense           10284420.0
2025-04-30 02:41:03,881 fedbase.py run [line:324] INFO Eval Time Cost:               5.3211s
2025-04-30 02:41:03,881 asyncbase.py iterate [line:68] INFO Select clients [0, 1, 2, 3, 4, 5, 6, 7, 8, 9, 10, 11, 12, 13, 14, 15, 16, 17, 18, 19] at time 531.
2025-04-30 02:41:56,927 asyncbase.py iterate [line:73] INFO Receive new models from clients [8, 13, 6, 9, 7, 5, 12, 1, 17, 16, 3, 18, 10, 15, 2, 11, 0, 19, 14, 4] at time 537
2025-04-30 02:41:56,983 fedbase.py run [line:318] INFO --------------Round 70--------------
2025-04-30 02:41:56,983 simple_logger.py log_once [line:14] INFO Current_time:537
2025-04-30 02:42:02,309 simple_logger.py log_once [line:28] INFO test_accuracy                 0.1959
2025-04-30 02:42:02,309 simple_logger.py log_once [line:28] INFO test_loss                     2.2240
2025-04-30 02:42:02,309 simple_logger.py log_once [line:28] INFO val_accuracy                  0.1889
2025-04-30 02:42:02,309 simple_logger.py log_once [line:28] INFO mean_val_accuracy             0.1889
2025-04-30 02:42:02,309 simple_logger.py log_once [line:28] INFO std_val_accuracy              0.0128
2025-04-30 02:42:02,309 simple_logger.py log_once [line:28] INFO val_loss                      2.2375
2025-04-30 02:42:02,309 simple_logger.py log_once [line:28] INFO mean_val_loss                 2.2375
2025-04-30 02:42:02,310 simple_logger.py log_once [line:28] INFO std_val_loss                  0.0150
2025-04-30 02:42:02,310 fedbase.py run [line:323] INFO expense           10318820.0
2025-04-30 02:42:02,310 fedbase.py run [line:324] INFO Eval Time Cost:               5.3266s
2025-04-30 02:42:02,310 asyncbase.py iterate [line:68] INFO Select clients [0, 1, 2, 3, 4, 5, 6, 7, 8, 9, 10, 11, 12, 13, 14, 15, 16, 17, 18, 19] at time 538.
2025-04-30 02:42:53,731 asyncbase.py iterate [line:73] INFO Receive new models from clients [12, 3, 5, 7, 8, 13, 10, 4, 9, 0, 14, 1, 2, 11, 6, 15, 16, 17, 19, 18] at time 544
2025-04-30 02:42:53,775 fedbase.py run [line:318] INFO --------------Round 71--------------
2025-04-30 02:42:53,775 simple_logger.py log_once [line:14] INFO Current_time:544
2025-04-30 02:42:59,145 simple_logger.py log_once [line:28] INFO test_accuracy                 0.1959
2025-04-30 02:42:59,145 simple_logger.py log_once [line:28] INFO test_loss                     2.2239
2025-04-30 02:42:59,145 simple_logger.py log_once [line:28] INFO val_accuracy                  0.1889
2025-04-30 02:42:59,145 simple_logger.py log_once [line:28] INFO mean_val_accuracy             0.1889
2025-04-30 02:42:59,145 simple_logger.py log_once [line:28] INFO std_val_accuracy              0.0128
2025-04-30 02:42:59,145 simple_logger.py log_once [line:28] INFO val_loss                      2.2376
2025-04-30 02:42:59,145 simple_logger.py log_once [line:28] INFO mean_val_loss                 2.2376
2025-04-30 02:42:59,145 simple_logger.py log_once [line:28] INFO std_val_loss                  0.0150
2025-04-30 02:42:59,145 fedbase.py run [line:323] INFO expense           10353220.0
2025-04-30 02:42:59,145 fedbase.py run [line:324] INFO Eval Time Cost:               5.3707s
2025-04-30 02:42:59,146 asyncbase.py iterate [line:68] INFO Select clients [0, 1, 2, 3, 4, 5, 6, 7, 8, 9, 10, 11, 12, 13, 14, 15, 16, 17, 18, 19] at time 545.
2025-04-30 02:43:49,957 asyncbase.py iterate [line:73] INFO Receive new models from clients [13, 9, 5, 0, 19, 10, 18, 2, 12, 17, 8, 4, 15, 7, 1, 6, 16] at time 551
2025-04-30 02:43:49,957 asyncbase.py iterate [line:73] INFO Receive new models from clients [11, 14, 3] at time 552
2025-04-30 02:43:49,997 fedbase.py run [line:318] INFO --------------Round 72--------------
2025-04-30 02:43:49,997 simple_logger.py log_once [line:14] INFO Current_time:552
2025-04-30 02:43:55,335 simple_logger.py log_once [line:28] INFO test_accuracy                 0.1959
2025-04-30 02:43:55,335 simple_logger.py log_once [line:28] INFO test_loss                     2.2240
2025-04-30 02:43:55,335 simple_logger.py log_once [line:28] INFO val_accuracy                  0.1889
2025-04-30 02:43:55,335 simple_logger.py log_once [line:28] INFO mean_val_accuracy             0.1889
2025-04-30 02:43:55,335 simple_logger.py log_once [line:28] INFO std_val_accuracy              0.0128
2025-04-30 02:43:55,335 simple_logger.py log_once [line:28] INFO val_loss                      2.2376
2025-04-30 02:43:55,335 simple_logger.py log_once [line:28] INFO mean_val_loss                 2.2376
2025-04-30 02:43:55,335 simple_logger.py log_once [line:28] INFO std_val_loss                  0.0150
2025-04-30 02:43:55,336 fedbase.py run [line:323] INFO expense           10387620.0
2025-04-30 02:43:55,336 fedbase.py run [line:324] INFO Eval Time Cost:               5.3383s
2025-04-30 02:43:55,336 asyncbase.py iterate [line:68] INFO Select clients [0, 1, 2, 3, 4, 5, 6, 7, 8, 9, 10, 11, 12, 13, 14, 15, 16, 17, 18, 19] at time 553.
2025-04-30 02:44:45,557 asyncbase.py iterate [line:73] INFO Receive new models from clients [8, 9, 7, 12, 19, 2, 10, 16, 5, 13, 15, 11, 17, 1, 14, 3, 18, 0] at time 559
2025-04-30 02:44:45,557 asyncbase.py iterate [line:73] INFO Receive new models from clients [4, 6] at time 560
2025-04-30 02:44:45,595 fedbase.py run [line:318] INFO --------------Round 73--------------
2025-04-30 02:44:45,595 simple_logger.py log_once [line:14] INFO Current_time:560
2025-04-30 02:44:50,957 simple_logger.py log_once [line:28] INFO test_accuracy                 0.1959
2025-04-30 02:44:50,957 simple_logger.py log_once [line:28] INFO test_loss                     2.2239
2025-04-30 02:44:50,957 simple_logger.py log_once [line:28] INFO val_accuracy                  0.1889
2025-04-30 02:44:50,957 simple_logger.py log_once [line:28] INFO mean_val_accuracy             0.1889
2025-04-30 02:44:50,957 simple_logger.py log_once [line:28] INFO std_val_accuracy              0.0128
2025-04-30 02:44:50,957 simple_logger.py log_once [line:28] INFO val_loss                      2.2376
2025-04-30 02:44:50,957 simple_logger.py log_once [line:28] INFO mean_val_loss                 2.2376
2025-04-30 02:44:50,957 simple_logger.py log_once [line:28] INFO std_val_loss                  0.0150
2025-04-30 02:44:50,957 fedbase.py run [line:323] INFO expense           10422020.0
2025-04-30 02:44:50,957 fedbase.py run [line:324] INFO Eval Time Cost:               5.3620s
2025-04-30 02:44:50,958 asyncbase.py iterate [line:68] INFO Select clients [0, 1, 2, 3, 4, 5, 6, 7, 8, 9, 10, 11, 12, 13, 14, 15, 16, 17, 18, 19] at time 561.
2025-04-30 02:45:38,078 asyncbase.py iterate [line:73] INFO Receive new models from clients [9, 4, 2, 16, 18, 3, 11, 8, 19, 15, 0, 14, 13, 6, 10, 12, 5, 17, 7, 1] at time 567
2025-04-30 02:45:38,117 fedbase.py run [line:318] INFO --------------Round 74--------------
2025-04-30 02:45:38,117 simple_logger.py log_once [line:14] INFO Current_time:567
2025-04-30 02:45:43,507 simple_logger.py log_once [line:28] INFO test_accuracy                 0.1959
2025-04-30 02:45:43,507 simple_logger.py log_once [line:28] INFO test_loss                     2.2240
2025-04-30 02:45:43,507 simple_logger.py log_once [line:28] INFO val_accuracy                  0.1889
2025-04-30 02:45:43,507 simple_logger.py log_once [line:28] INFO mean_val_accuracy             0.1889
2025-04-30 02:45:43,507 simple_logger.py log_once [line:28] INFO std_val_accuracy              0.0128
2025-04-30 02:45:43,507 simple_logger.py log_once [line:28] INFO val_loss                      2.2376
2025-04-30 02:45:43,507 simple_logger.py log_once [line:28] INFO mean_val_loss                 2.2376
2025-04-30 02:45:43,507 simple_logger.py log_once [line:28] INFO std_val_loss                  0.0149
2025-04-30 02:45:43,507 fedbase.py run [line:323] INFO expense           10456420.0
2025-04-30 02:45:43,507 fedbase.py run [line:324] INFO Eval Time Cost:               5.3899s
2025-04-30 02:45:43,507 asyncbase.py iterate [line:68] INFO Select clients [0, 1, 2, 3, 4, 5, 6, 7, 8, 9, 10, 11, 12, 13, 14, 15, 16, 17, 18, 19] at time 568.
2025-04-30 02:46:30,006 asyncbase.py iterate [line:73] INFO Receive new models from clients [7, 0, 11, 9, 3, 14, 4, 13, 5, 19, 16, 17, 18, 15, 1, 2, 6] at time 574
2025-04-30 02:46:30,007 asyncbase.py iterate [line:73] INFO Receive new models from clients [10, 12, 8] at time 575
2025-04-30 02:46:30,045 fedbase.py run [line:318] INFO --------------Round 75--------------
2025-04-30 02:46:30,045 simple_logger.py log_once [line:14] INFO Current_time:575
2025-04-30 02:46:35,348 simple_logger.py log_once [line:28] INFO test_accuracy                 0.1959
2025-04-30 02:46:35,348 simple_logger.py log_once [line:28] INFO test_loss                     2.2240
2025-04-30 02:46:35,348 simple_logger.py log_once [line:28] INFO val_accuracy                  0.1889
2025-04-30 02:46:35,348 simple_logger.py log_once [line:28] INFO mean_val_accuracy             0.1889
2025-04-30 02:46:35,348 simple_logger.py log_once [line:28] INFO std_val_accuracy              0.0128
2025-04-30 02:46:35,348 simple_logger.py log_once [line:28] INFO val_loss                      2.2375
2025-04-30 02:46:35,349 simple_logger.py log_once [line:28] INFO mean_val_loss                 2.2375
2025-04-30 02:46:35,349 simple_logger.py log_once [line:28] INFO std_val_loss                  0.0150
2025-04-30 02:46:35,349 fedbase.py run [line:323] INFO expense           10490820.0
2025-04-30 02:46:35,349 fedbase.py run [line:324] INFO Eval Time Cost:               5.3033s
2025-04-30 02:46:35,349 asyncbase.py iterate [line:68] INFO Select clients [0, 1, 2, 3, 4, 5, 6, 7, 8, 9, 10, 11, 12, 13, 14, 15, 16, 17, 18, 19] at time 576.
2025-04-30 02:47:25,106 asyncbase.py iterate [line:73] INFO Receive new models from clients [0, 6, 13, 14, 19, 15, 8, 5, 18, 7, 2, 3, 11, 1, 17, 10, 9, 4] at time 582
2025-04-30 02:47:25,106 asyncbase.py iterate [line:73] INFO Receive new models from clients [16, 12] at time 583
2025-04-30 02:47:25,146 fedbase.py run [line:318] INFO --------------Round 76--------------
2025-04-30 02:47:25,146 simple_logger.py log_once [line:14] INFO Current_time:583
2025-04-30 02:47:30,494 simple_logger.py log_once [line:28] INFO test_accuracy                 0.1959
2025-04-30 02:47:30,494 simple_logger.py log_once [line:28] INFO test_loss                     2.2239
2025-04-30 02:47:30,494 simple_logger.py log_once [line:28] INFO val_accuracy                  0.1889
2025-04-30 02:47:30,494 simple_logger.py log_once [line:28] INFO mean_val_accuracy             0.1889
2025-04-30 02:47:30,494 simple_logger.py log_once [line:28] INFO std_val_accuracy              0.0128
2025-04-30 02:47:30,495 simple_logger.py log_once [line:28] INFO val_loss                      2.2376
2025-04-30 02:47:30,495 simple_logger.py log_once [line:28] INFO mean_val_loss                 2.2376
2025-04-30 02:47:30,495 simple_logger.py log_once [line:28] INFO std_val_loss                  0.0151
2025-04-30 02:47:30,495 fedbase.py run [line:323] INFO expense           10525220.0
2025-04-30 02:47:30,495 fedbase.py run [line:324] INFO Eval Time Cost:               5.3484s
2025-04-30 02:47:30,495 asyncbase.py iterate [line:68] INFO Select clients [0, 1, 2, 3, 4, 5, 6, 7, 8, 9, 10, 11, 12, 13, 14, 15, 16, 17, 18, 19] at time 584.
2025-04-30 02:48:19,106 asyncbase.py iterate [line:73] INFO Receive new models from clients [14, 8, 6, 5, 19, 11, 9, 13, 12, 16, 4, 18, 3, 7, 17, 1, 15, 0, 2] at time 590
2025-04-30 02:48:19,106 asyncbase.py iterate [line:73] INFO Receive new models from clients [10] at time 591
2025-04-30 02:48:19,144 fedbase.py run [line:318] INFO --------------Round 77--------------
2025-04-30 02:48:19,144 simple_logger.py log_once [line:14] INFO Current_time:591
2025-04-30 02:48:24,435 simple_logger.py log_once [line:28] INFO test_accuracy                 0.1959
2025-04-30 02:48:24,435 simple_logger.py log_once [line:28] INFO test_loss                     2.2239
2025-04-30 02:48:24,435 simple_logger.py log_once [line:28] INFO val_accuracy                  0.1889
2025-04-30 02:48:24,435 simple_logger.py log_once [line:28] INFO mean_val_accuracy             0.1889
2025-04-30 02:48:24,435 simple_logger.py log_once [line:28] INFO std_val_accuracy              0.0128
2025-04-30 02:48:24,435 simple_logger.py log_once [line:28] INFO val_loss                      2.2376
2025-04-30 02:48:24,436 simple_logger.py log_once [line:28] INFO mean_val_loss                 2.2376
2025-04-30 02:48:24,436 simple_logger.py log_once [line:28] INFO std_val_loss                  0.0150
2025-04-30 02:48:24,436 fedbase.py run [line:323] INFO expense           10559620.0
2025-04-30 02:48:24,436 fedbase.py run [line:324] INFO Eval Time Cost:               5.2915s
2025-04-30 02:48:24,436 asyncbase.py iterate [line:68] INFO Select clients [0, 1, 2, 3, 4, 5, 6, 7, 8, 9, 10, 11, 12, 13, 14, 15, 16, 17, 18, 19] at time 592.
2025-04-30 02:49:15,490 asyncbase.py iterate [line:73] INFO Receive new models from clients [16, 5, 11, 8, 18, 6, 3, 10, 0, 19, 2, 17, 4, 14, 7, 12, 13, 15] at time 598
2025-04-30 02:49:15,490 asyncbase.py iterate [line:73] INFO Receive new models from clients [9, 1] at time 599
2025-04-30 02:49:15,529 fedbase.py run [line:318] INFO --------------Round 78--------------
2025-04-30 02:49:15,529 simple_logger.py log_once [line:14] INFO Current_time:599
2025-04-30 02:49:20,842 simple_logger.py log_once [line:28] INFO test_accuracy                 0.1959
2025-04-30 02:49:20,842 simple_logger.py log_once [line:28] INFO test_loss                     2.2239
2025-04-30 02:49:20,842 simple_logger.py log_once [line:28] INFO val_accuracy                  0.1889
2025-04-30 02:49:20,842 simple_logger.py log_once [line:28] INFO mean_val_accuracy             0.1889
2025-04-30 02:49:20,842 simple_logger.py log_once [line:28] INFO std_val_accuracy              0.0128
2025-04-30 02:49:20,843 simple_logger.py log_once [line:28] INFO val_loss                      2.2376
2025-04-30 02:49:20,843 simple_logger.py log_once [line:28] INFO mean_val_loss                 2.2376
2025-04-30 02:49:20,843 simple_logger.py log_once [line:28] INFO std_val_loss                  0.0150
2025-04-30 02:49:20,843 fedbase.py run [line:323] INFO expense           10594020.0
2025-04-30 02:49:20,843 fedbase.py run [line:324] INFO Eval Time Cost:               5.3135s
2025-04-30 02:49:20,843 asyncbase.py iterate [line:68] INFO Select clients [0, 1, 2, 3, 4, 5, 6, 7, 8, 9, 10, 11, 12, 13, 14, 15, 16, 17, 18, 19] at time 600.
2025-04-30 02:50:13,700 asyncbase.py iterate [line:73] INFO Receive new models from clients [17, 9, 16, 12, 11, 3, 5, 13, 14, 0, 7, 4, 18, 2, 19, 8, 15] at time 606
2025-04-30 02:50:13,700 asyncbase.py iterate [line:73] INFO Receive new models from clients [6, 10, 1] at time 607
2025-04-30 02:50:13,739 fedbase.py run [line:318] INFO --------------Round 79--------------
2025-04-30 02:50:13,739 simple_logger.py log_once [line:14] INFO Current_time:607
2025-04-30 02:50:19,112 simple_logger.py log_once [line:28] INFO test_accuracy                 0.1959
2025-04-30 02:50:19,112 simple_logger.py log_once [line:28] INFO test_loss                     2.2239
2025-04-30 02:50:19,112 simple_logger.py log_once [line:28] INFO val_accuracy                  0.1889
2025-04-30 02:50:19,113 simple_logger.py log_once [line:28] INFO mean_val_accuracy             0.1889
2025-04-30 02:50:19,113 simple_logger.py log_once [line:28] INFO std_val_accuracy              0.0128
2025-04-30 02:50:19,113 simple_logger.py log_once [line:28] INFO val_loss                      2.2376
2025-04-30 02:50:19,113 simple_logger.py log_once [line:28] INFO mean_val_loss                 2.2376
2025-04-30 02:50:19,113 simple_logger.py log_once [line:28] INFO std_val_loss                  0.0150
2025-04-30 02:50:19,113 fedbase.py run [line:323] INFO expense           10628420.0
2025-04-30 02:50:19,113 fedbase.py run [line:324] INFO Eval Time Cost:               5.3741s
2025-04-30 02:50:19,113 asyncbase.py iterate [line:68] INFO Select clients [0, 1, 2, 3, 4, 5, 6, 7, 8, 9, 10, 11, 12, 13, 14, 15, 16, 17, 18, 19] at time 608.
2025-04-30 02:51:09,295 asyncbase.py iterate [line:73] INFO Receive new models from clients [0, 10, 8, 6, 4, 2, 19, 13, 1, 16, 17, 12, 7, 3, 15, 5, 14, 11, 9] at time 614
2025-04-30 02:51:09,296 asyncbase.py iterate [line:73] INFO Receive new models from clients [18] at time 615
2025-04-30 02:51:09,334 fedbase.py run [line:318] INFO --------------Round 80--------------
2025-04-30 02:51:09,334 simple_logger.py log_once [line:14] INFO Current_time:615
2025-04-30 02:51:14,701 simple_logger.py log_once [line:28] INFO test_accuracy                 0.1959
2025-04-30 02:51:14,701 simple_logger.py log_once [line:28] INFO test_loss                     2.2240
2025-04-30 02:51:14,701 simple_logger.py log_once [line:28] INFO val_accuracy                  0.1889
2025-04-30 02:51:14,701 simple_logger.py log_once [line:28] INFO mean_val_accuracy             0.1889
2025-04-30 02:51:14,701 simple_logger.py log_once [line:28] INFO std_val_accuracy              0.0128
2025-04-30 02:51:14,701 simple_logger.py log_once [line:28] INFO val_loss                      2.2376
2025-04-30 02:51:14,701 simple_logger.py log_once [line:28] INFO mean_val_loss                 2.2376
2025-04-30 02:51:14,702 simple_logger.py log_once [line:28] INFO std_val_loss                  0.0150
2025-04-30 02:51:14,702 fedbase.py run [line:323] INFO expense           10662820.0
2025-04-30 02:51:14,702 fedbase.py run [line:324] INFO Eval Time Cost:               5.3672s
2025-04-30 02:51:14,702 asyncbase.py iterate [line:68] INFO Select clients [0, 1, 2, 3, 4, 5, 6, 7, 8, 9, 10, 11, 12, 13, 14, 15, 16, 17, 18, 19] at time 616.
2025-04-30 02:52:05,666 asyncbase.py iterate [line:73] INFO Receive new models from clients [10, 1, 16, 12, 2, 14, 18, 5, 19, 4, 15, 17, 7, 11] at time 622
2025-04-30 02:52:05,666 asyncbase.py iterate [line:73] INFO Receive new models from clients [13, 6, 9, 3, 8, 0] at time 623
2025-04-30 02:52:05,704 fedbase.py run [line:318] INFO --------------Round 81--------------
2025-04-30 02:52:05,704 simple_logger.py log_once [line:14] INFO Current_time:623
2025-04-30 02:52:11,069 simple_logger.py log_once [line:28] INFO test_accuracy                 0.1959
2025-04-30 02:52:11,069 simple_logger.py log_once [line:28] INFO test_loss                     2.2239
2025-04-30 02:52:11,069 simple_logger.py log_once [line:28] INFO val_accuracy                  0.1889
2025-04-30 02:52:11,070 simple_logger.py log_once [line:28] INFO mean_val_accuracy             0.1889
2025-04-30 02:52:11,070 simple_logger.py log_once [line:28] INFO std_val_accuracy              0.0128
2025-04-30 02:52:11,070 simple_logger.py log_once [line:28] INFO val_loss                      2.2375
2025-04-30 02:52:11,070 simple_logger.py log_once [line:28] INFO mean_val_loss                 2.2375
2025-04-30 02:52:11,070 simple_logger.py log_once [line:28] INFO std_val_loss                  0.0151
2025-04-30 02:52:11,070 fedbase.py run [line:323] INFO expense           10697220.0
2025-04-30 02:52:11,070 fedbase.py run [line:324] INFO Eval Time Cost:               5.3657s
2025-04-30 02:52:11,070 asyncbase.py iterate [line:68] INFO Select clients [0, 1, 2, 3, 4, 5, 6, 7, 8, 9, 10, 11, 12, 13, 14, 15, 16, 17, 18, 19] at time 624.
2025-04-30 02:53:02,068 asyncbase.py iterate [line:73] INFO Receive new models from clients [0, 17, 2, 10, 9, 8, 6, 4, 15, 3, 18, 19, 1, 7] at time 630
2025-04-30 02:53:02,068 asyncbase.py iterate [line:73] INFO Receive new models from clients [16, 13, 12, 14, 11, 5] at time 631
2025-04-30 02:53:02,108 fedbase.py run [line:318] INFO --------------Round 82--------------
2025-04-30 02:53:02,108 simple_logger.py log_once [line:14] INFO Current_time:631
2025-04-30 02:53:07,450 simple_logger.py log_once [line:28] INFO test_accuracy                 0.1959
2025-04-30 02:53:07,450 simple_logger.py log_once [line:28] INFO test_loss                     2.2239
2025-04-30 02:53:07,450 simple_logger.py log_once [line:28] INFO val_accuracy                  0.1889
2025-04-30 02:53:07,450 simple_logger.py log_once [line:28] INFO mean_val_accuracy             0.1889
2025-04-30 02:53:07,450 simple_logger.py log_once [line:28] INFO std_val_accuracy              0.0128
2025-04-30 02:53:07,450 simple_logger.py log_once [line:28] INFO val_loss                      2.2375
2025-04-30 02:53:07,450 simple_logger.py log_once [line:28] INFO mean_val_loss                 2.2375
2025-04-30 02:53:07,450 simple_logger.py log_once [line:28] INFO std_val_loss                  0.0150
2025-04-30 02:53:07,450 fedbase.py run [line:323] INFO expense           10731620.0
2025-04-30 02:53:07,450 fedbase.py run [line:324] INFO Eval Time Cost:               5.3419s
2025-04-30 02:53:07,450 asyncbase.py iterate [line:68] INFO Select clients [0, 1, 2, 3, 4, 5, 6, 7, 8, 9, 10, 11, 12, 13, 14, 15, 16, 17, 18, 19] at time 632.
2025-04-30 02:53:54,558 asyncbase.py iterate [line:73] INFO Receive new models from clients [16, 10, 15, 5, 11, 7, 19, 2, 6, 14, 8, 3, 13, 9, 12, 1, 0, 18, 4, 17] at time 638
2025-04-30 02:53:54,596 fedbase.py run [line:318] INFO --------------Round 83--------------
2025-04-30 02:53:54,596 simple_logger.py log_once [line:14] INFO Current_time:638
2025-04-30 02:53:59,999 simple_logger.py log_once [line:28] INFO test_accuracy                 0.1959
2025-04-30 02:53:59,999 simple_logger.py log_once [line:28] INFO test_loss                     2.2239
2025-04-30 02:53:59,999 simple_logger.py log_once [line:28] INFO val_accuracy                  0.1889
2025-04-30 02:53:59,999 simple_logger.py log_once [line:28] INFO mean_val_accuracy             0.1889
2025-04-30 02:53:59,999 simple_logger.py log_once [line:28] INFO std_val_accuracy              0.0128
2025-04-30 02:53:59,999 simple_logger.py log_once [line:28] INFO val_loss                      2.2376
2025-04-30 02:53:59,999 simple_logger.py log_once [line:28] INFO mean_val_loss                 2.2376
2025-04-30 02:53:59,999 simple_logger.py log_once [line:28] INFO std_val_loss                  0.0150
2025-04-30 02:53:59,999 fedbase.py run [line:323] INFO expense           10766020.0
2025-04-30 02:53:59,999 fedbase.py run [line:324] INFO Eval Time Cost:               5.4034s
2025-04-30 02:53:59,999 asyncbase.py iterate [line:68] INFO Select clients [0, 1, 2, 3, 4, 5, 6, 7, 8, 9, 10, 11, 12, 13, 14, 15, 16, 17, 18, 19] at time 639.
2025-04-30 02:54:48,644 asyncbase.py iterate [line:73] INFO Receive new models from clients [19, 15, 18, 1, 16, 12, 13, 10, 6, 8, 2, 0, 5, 4, 17, 11] at time 645
2025-04-30 02:54:48,644 asyncbase.py iterate [line:73] INFO Receive new models from clients [3, 7, 9, 14] at time 646
2025-04-30 02:54:48,687 fedbase.py run [line:318] INFO --------------Round 84--------------
2025-04-30 02:54:48,687 simple_logger.py log_once [line:14] INFO Current_time:646
2025-04-30 02:54:54,134 simple_logger.py log_once [line:28] INFO test_accuracy                 0.1959
2025-04-30 02:54:54,134 simple_logger.py log_once [line:28] INFO test_loss                     2.2239
2025-04-30 02:54:54,134 simple_logger.py log_once [line:28] INFO val_accuracy                  0.1889
2025-04-30 02:54:54,134 simple_logger.py log_once [line:28] INFO mean_val_accuracy             0.1889
2025-04-30 02:54:54,134 simple_logger.py log_once [line:28] INFO std_val_accuracy              0.0128
2025-04-30 02:54:54,134 simple_logger.py log_once [line:28] INFO val_loss                      2.2376
2025-04-30 02:54:54,134 simple_logger.py log_once [line:28] INFO mean_val_loss                 2.2376
2025-04-30 02:54:54,134 simple_logger.py log_once [line:28] INFO std_val_loss                  0.0150
2025-04-30 02:54:54,134 fedbase.py run [line:323] INFO expense           10800420.0
2025-04-30 02:54:54,134 fedbase.py run [line:324] INFO Eval Time Cost:               5.4474s
2025-04-30 02:54:54,134 asyncbase.py iterate [line:68] INFO Select clients [0, 1, 2, 3, 4, 5, 6, 7, 8, 9, 10, 11, 12, 13, 14, 15, 16, 17, 18, 19] at time 647.
2025-04-30 02:55:43,162 asyncbase.py iterate [line:73] INFO Receive new models from clients [4, 2, 0, 9, 6, 17, 1, 8, 16, 3, 19, 13, 10, 7, 14, 11, 12] at time 653
2025-04-30 02:55:43,163 asyncbase.py iterate [line:73] INFO Receive new models from clients [15, 18, 5] at time 654
2025-04-30 02:55:43,202 fedbase.py run [line:318] INFO --------------Round 85--------------
2025-04-30 02:55:43,202 simple_logger.py log_once [line:14] INFO Current_time:654
2025-04-30 02:55:48,584 simple_logger.py log_once [line:28] INFO test_accuracy                 0.1959
2025-04-30 02:55:48,584 simple_logger.py log_once [line:28] INFO test_loss                     2.2239
2025-04-30 02:55:48,584 simple_logger.py log_once [line:28] INFO val_accuracy                  0.1889
2025-04-30 02:55:48,584 simple_logger.py log_once [line:28] INFO mean_val_accuracy             0.1889
2025-04-30 02:55:48,584 simple_logger.py log_once [line:28] INFO std_val_accuracy              0.0128
2025-04-30 02:55:48,584 simple_logger.py log_once [line:28] INFO val_loss                      2.2376
2025-04-30 02:55:48,584 simple_logger.py log_once [line:28] INFO mean_val_loss                 2.2376
2025-04-30 02:55:48,585 simple_logger.py log_once [line:28] INFO std_val_loss                  0.0151
2025-04-30 02:55:48,585 fedbase.py run [line:323] INFO expense           10834820.0
2025-04-30 02:55:48,585 fedbase.py run [line:324] INFO Eval Time Cost:               5.3827s
2025-04-30 02:55:48,585 asyncbase.py iterate [line:68] INFO Select clients [0, 1, 2, 3, 4, 5, 6, 7, 8, 9, 10, 11, 12, 13, 14, 15, 16, 17, 18, 19] at time 655.
2025-04-30 02:56:35,576 asyncbase.py iterate [line:73] INFO Receive new models from clients [19, 10, 14, 3, 4, 11, 12, 15, 18, 8, 2, 0, 9, 1, 17, 6, 5, 7, 16] at time 661
2025-04-30 02:56:35,577 asyncbase.py iterate [line:73] INFO Receive new models from clients [13] at time 662
2025-04-30 02:56:35,616 fedbase.py run [line:318] INFO --------------Round 86--------------
2025-04-30 02:56:35,616 simple_logger.py log_once [line:14] INFO Current_time:662
2025-04-30 02:56:41,040 simple_logger.py log_once [line:28] INFO test_accuracy                 0.1959
2025-04-30 02:56:41,040 simple_logger.py log_once [line:28] INFO test_loss                     2.2239
2025-04-30 02:56:41,040 simple_logger.py log_once [line:28] INFO val_accuracy                  0.1889
2025-04-30 02:56:41,041 simple_logger.py log_once [line:28] INFO mean_val_accuracy             0.1889
2025-04-30 02:56:41,041 simple_logger.py log_once [line:28] INFO std_val_accuracy              0.0128
2025-04-30 02:56:41,041 simple_logger.py log_once [line:28] INFO val_loss                      2.2376
2025-04-30 02:56:41,041 simple_logger.py log_once [line:28] INFO mean_val_loss                 2.2376
2025-04-30 02:56:41,041 simple_logger.py log_once [line:28] INFO std_val_loss                  0.0151
2025-04-30 02:56:41,041 fedbase.py run [line:323] INFO expense           10869220.0
2025-04-30 02:56:41,041 fedbase.py run [line:324] INFO Eval Time Cost:               5.4251s
2025-04-30 02:56:41,041 asyncbase.py iterate [line:68] INFO Select clients [0, 1, 2, 3, 4, 5, 6, 7, 8, 9, 10, 11, 12, 13, 14, 15, 16, 17, 18, 19] at time 663.
2025-04-30 02:57:34,707 asyncbase.py iterate [line:73] INFO Receive new models from clients [13, 11, 18, 12, 9, 6, 16, 19, 2, 4, 17, 10, 14, 5, 15, 0, 3, 7, 8, 1] at time 669
2025-04-30 02:57:34,748 fedbase.py run [line:318] INFO --------------Round 87--------------
2025-04-30 02:57:34,748 simple_logger.py log_once [line:14] INFO Current_time:669
2025-04-30 02:57:40,110 simple_logger.py log_once [line:28] INFO test_accuracy                 0.1959
2025-04-30 02:57:40,110 simple_logger.py log_once [line:28] INFO test_loss                     2.2239
2025-04-30 02:57:40,110 simple_logger.py log_once [line:28] INFO val_accuracy                  0.1889
2025-04-30 02:57:40,110 simple_logger.py log_once [line:28] INFO mean_val_accuracy             0.1889
2025-04-30 02:57:40,110 simple_logger.py log_once [line:28] INFO std_val_accuracy              0.0128
2025-04-30 02:57:40,110 simple_logger.py log_once [line:28] INFO val_loss                      2.2376
2025-04-30 02:57:40,110 simple_logger.py log_once [line:28] INFO mean_val_loss                 2.2376
2025-04-30 02:57:40,110 simple_logger.py log_once [line:28] INFO std_val_loss                  0.0151
2025-04-30 02:57:40,110 fedbase.py run [line:323] INFO expense           10903620.0
2025-04-30 02:57:40,110 fedbase.py run [line:324] INFO Eval Time Cost:               5.3623s
2025-04-30 02:57:40,110 asyncbase.py iterate [line:68] INFO Select clients [0, 1, 2, 3, 4, 5, 6, 7, 8, 9, 10, 11, 12, 13, 14, 15, 16, 17, 18, 19] at time 670.
2025-04-30 02:58:32,078 asyncbase.py iterate [line:73] INFO Receive new models from clients [13, 4, 8, 19, 12, 14, 1, 5, 10, 15, 7, 18, 3, 2, 11, 16, 0, 6, 17] at time 676
2025-04-30 02:58:32,078 asyncbase.py iterate [line:73] INFO Receive new models from clients [9] at time 677
2025-04-30 02:58:32,118 fedbase.py run [line:318] INFO --------------Round 88--------------
2025-04-30 02:58:32,118 simple_logger.py log_once [line:14] INFO Current_time:677
2025-04-30 02:58:37,475 simple_logger.py log_once [line:28] INFO test_accuracy                 0.1959
2025-04-30 02:58:37,476 simple_logger.py log_once [line:28] INFO test_loss                     2.2239
2025-04-30 02:58:37,476 simple_logger.py log_once [line:28] INFO val_accuracy                  0.1889
2025-04-30 02:58:37,476 simple_logger.py log_once [line:28] INFO mean_val_accuracy             0.1889
2025-04-30 02:58:37,476 simple_logger.py log_once [line:28] INFO std_val_accuracy              0.0128
2025-04-30 02:58:37,476 simple_logger.py log_once [line:28] INFO val_loss                      2.2376
2025-04-30 02:58:37,476 simple_logger.py log_once [line:28] INFO mean_val_loss                 2.2376
2025-04-30 02:58:37,476 simple_logger.py log_once [line:28] INFO std_val_loss                  0.0150
2025-04-30 02:58:37,476 fedbase.py run [line:323] INFO expense           10938020.0
2025-04-30 02:58:37,476 fedbase.py run [line:324] INFO Eval Time Cost:               5.3581s
2025-04-30 02:58:37,476 asyncbase.py iterate [line:68] INFO Select clients [0, 1, 2, 3, 4, 5, 6, 7, 8, 9, 10, 11, 12, 13, 14, 15, 16, 17, 18, 19] at time 678.
2025-04-30 02:59:28,269 asyncbase.py iterate [line:73] INFO Receive new models from clients [18, 4, 14, 3, 17, 13, 12, 10, 2, 6, 15, 1, 8, 5, 11, 0, 19, 7] at time 684
2025-04-30 02:59:28,270 asyncbase.py iterate [line:73] INFO Receive new models from clients [16, 9] at time 685
2025-04-30 02:59:28,310 fedbase.py run [line:318] INFO --------------Round 89--------------
2025-04-30 02:59:28,310 simple_logger.py log_once [line:14] INFO Current_time:685
2025-04-30 02:59:34,205 simple_logger.py log_once [line:28] INFO test_accuracy                 0.1959
2025-04-30 02:59:34,205 simple_logger.py log_once [line:28] INFO test_loss                     2.2239
2025-04-30 02:59:34,205 simple_logger.py log_once [line:28] INFO val_accuracy                  0.1889
2025-04-30 02:59:34,205 simple_logger.py log_once [line:28] INFO mean_val_accuracy             0.1889
2025-04-30 02:59:34,205 simple_logger.py log_once [line:28] INFO std_val_accuracy              0.0128
2025-04-30 02:59:34,205 simple_logger.py log_once [line:28] INFO val_loss                      2.2376
2025-04-30 02:59:34,205 simple_logger.py log_once [line:28] INFO mean_val_loss                 2.2376
2025-04-30 02:59:34,205 simple_logger.py log_once [line:28] INFO std_val_loss                  0.0150
2025-04-30 02:59:34,205 fedbase.py run [line:323] INFO expense           10972420.0
2025-04-30 02:59:34,205 fedbase.py run [line:324] INFO Eval Time Cost:               5.8951s
2025-04-30 02:59:34,205 asyncbase.py iterate [line:68] INFO Select clients [0, 1, 2, 3, 4, 5, 6, 7, 8, 9, 10, 11, 12, 13, 14, 15, 16, 17, 18, 19] at time 686.
2025-04-30 03:00:27,229 asyncbase.py iterate [line:73] INFO Receive new models from clients [14, 16, 11, 12, 15, 10, 6, 18, 2, 17, 3, 8, 13, 4, 7, 0, 19, 9, 1, 5] at time 692
2025-04-30 03:00:27,267 fedbase.py run [line:318] INFO --------------Round 90--------------
2025-04-30 03:00:27,267 simple_logger.py log_once [line:14] INFO Current_time:692
2025-04-30 03:00:32,598 simple_logger.py log_once [line:28] INFO test_accuracy                 0.1959
2025-04-30 03:00:32,598 simple_logger.py log_once [line:28] INFO test_loss                     2.2239
2025-04-30 03:00:32,598 simple_logger.py log_once [line:28] INFO val_accuracy                  0.1889
2025-04-30 03:00:32,598 simple_logger.py log_once [line:28] INFO mean_val_accuracy             0.1889
2025-04-30 03:00:32,599 simple_logger.py log_once [line:28] INFO std_val_accuracy              0.0128
2025-04-30 03:00:32,599 simple_logger.py log_once [line:28] INFO val_loss                      2.2376
2025-04-30 03:00:32,599 simple_logger.py log_once [line:28] INFO mean_val_loss                 2.2376
2025-04-30 03:00:32,599 simple_logger.py log_once [line:28] INFO std_val_loss                  0.0151
2025-04-30 03:00:32,599 fedbase.py run [line:323] INFO expense           11006820.0
2025-04-30 03:00:32,599 fedbase.py run [line:324] INFO Eval Time Cost:               5.3318s
2025-04-30 03:00:32,599 asyncbase.py iterate [line:68] INFO Select clients [0, 1, 2, 3, 4, 5, 6, 7, 8, 9, 10, 11, 12, 13, 14, 15, 16, 17, 18, 19] at time 693.
2025-04-30 03:01:24,983 asyncbase.py iterate [line:73] INFO Receive new models from clients [16, 18, 11, 9, 6, 19, 10, 2, 17, 12, 4, 15, 1, 5, 0, 7, 14, 8] at time 699
2025-04-30 03:01:24,983 asyncbase.py iterate [line:73] INFO Receive new models from clients [3, 13] at time 700
2025-04-30 03:01:25,022 fedbase.py run [line:318] INFO --------------Round 91--------------
2025-04-30 03:01:25,022 simple_logger.py log_once [line:14] INFO Current_time:700
2025-04-30 03:01:30,344 simple_logger.py log_once [line:28] INFO test_accuracy                 0.1959
2025-04-30 03:01:30,344 simple_logger.py log_once [line:28] INFO test_loss                     2.2240
2025-04-30 03:01:30,344 simple_logger.py log_once [line:28] INFO val_accuracy                  0.1889
2025-04-30 03:01:30,344 simple_logger.py log_once [line:28] INFO mean_val_accuracy             0.1889
2025-04-30 03:01:30,344 simple_logger.py log_once [line:28] INFO std_val_accuracy              0.0128
2025-04-30 03:01:30,344 simple_logger.py log_once [line:28] INFO val_loss                      2.2376
2025-04-30 03:01:30,345 simple_logger.py log_once [line:28] INFO mean_val_loss                 2.2376
2025-04-30 03:01:30,345 simple_logger.py log_once [line:28] INFO std_val_loss                  0.0149
2025-04-30 03:01:30,345 fedbase.py run [line:323] INFO expense           11041220.0
2025-04-30 03:01:30,345 fedbase.py run [line:324] INFO Eval Time Cost:               5.3228s
2025-04-30 03:01:30,345 asyncbase.py iterate [line:68] INFO Select clients [0, 1, 2, 3, 4, 5, 6, 7, 8, 9, 10, 11, 12, 13, 14, 15, 16, 17, 18, 19] at time 701.
2025-04-30 03:02:17,444 asyncbase.py iterate [line:73] INFO Receive new models from clients [18, 14, 10, 13, 17, 1, 16, 12, 4, 3, 2, 11, 5, 0, 15, 19, 7, 8] at time 707
2025-04-30 03:02:17,444 asyncbase.py iterate [line:73] INFO Receive new models from clients [6, 9] at time 708
2025-04-30 03:02:17,484 fedbase.py run [line:318] INFO --------------Round 92--------------
2025-04-30 03:02:17,484 simple_logger.py log_once [line:14] INFO Current_time:708
2025-04-30 03:02:22,821 simple_logger.py log_once [line:28] INFO test_accuracy                 0.1959
2025-04-30 03:02:22,821 simple_logger.py log_once [line:28] INFO test_loss                     2.2240
2025-04-30 03:02:22,821 simple_logger.py log_once [line:28] INFO val_accuracy                  0.1889
2025-04-30 03:02:22,821 simple_logger.py log_once [line:28] INFO mean_val_accuracy             0.1889
2025-04-30 03:02:22,822 simple_logger.py log_once [line:28] INFO std_val_accuracy              0.0128
2025-04-30 03:02:22,822 simple_logger.py log_once [line:28] INFO val_loss                      2.2376
2025-04-30 03:02:22,822 simple_logger.py log_once [line:28] INFO mean_val_loss                 2.2376
2025-04-30 03:02:22,822 simple_logger.py log_once [line:28] INFO std_val_loss                  0.0150
2025-04-30 03:02:22,822 fedbase.py run [line:323] INFO expense           11075620.0
2025-04-30 03:02:22,822 fedbase.py run [line:324] INFO Eval Time Cost:               5.3374s
2025-04-30 03:02:22,822 asyncbase.py iterate [line:68] INFO Select clients [0, 1, 2, 3, 4, 5, 6, 7, 8, 9, 10, 11, 12, 13, 14, 15, 16, 17, 18, 19] at time 709.
2025-04-30 03:03:12,235 asyncbase.py iterate [line:73] INFO Receive new models from clients [4, 5, 11, 17, 7, 16, 10, 18, 0, 1, 3, 6, 12, 2, 9, 14, 15, 8, 19] at time 715
2025-04-30 03:03:12,235 asyncbase.py iterate [line:73] INFO Receive new models from clients [13] at time 716
2025-04-30 03:03:12,276 fedbase.py run [line:318] INFO --------------Round 93--------------
2025-04-30 03:03:12,277 simple_logger.py log_once [line:14] INFO Current_time:716
2025-04-30 03:03:17,600 simple_logger.py log_once [line:28] INFO test_accuracy                 0.1959
2025-04-30 03:03:17,600 simple_logger.py log_once [line:28] INFO test_loss                     2.2240
2025-04-30 03:03:17,600 simple_logger.py log_once [line:28] INFO val_accuracy                  0.1889
2025-04-30 03:03:17,600 simple_logger.py log_once [line:28] INFO mean_val_accuracy             0.1889
2025-04-30 03:03:17,600 simple_logger.py log_once [line:28] INFO std_val_accuracy              0.0128
2025-04-30 03:03:17,600 simple_logger.py log_once [line:28] INFO val_loss                      2.2375
2025-04-30 03:03:17,600 simple_logger.py log_once [line:28] INFO mean_val_loss                 2.2375
2025-04-30 03:03:17,600 simple_logger.py log_once [line:28] INFO std_val_loss                  0.0149
2025-04-30 03:03:17,600 fedbase.py run [line:323] INFO expense           11110020.0
2025-04-30 03:03:17,600 fedbase.py run [line:324] INFO Eval Time Cost:               5.3240s
2025-04-30 03:03:17,601 asyncbase.py iterate [line:68] INFO Select clients [0, 1, 2, 3, 4, 5, 6, 7, 8, 9, 10, 11, 12, 13, 14, 15, 16, 17, 18, 19] at time 717.
2025-04-30 03:04:04,758 asyncbase.py iterate [line:73] INFO Receive new models from clients [17, 18, 16, 19, 6, 10, 2, 12, 1, 11, 8, 14, 3, 4, 0, 9, 7, 15, 5] at time 723
2025-04-30 03:04:04,758 asyncbase.py iterate [line:73] INFO Receive new models from clients [13] at time 724
2025-04-30 03:04:04,799 fedbase.py run [line:318] INFO --------------Round 94--------------
2025-04-30 03:04:04,800 simple_logger.py log_once [line:14] INFO Current_time:724
2025-04-30 03:04:10,171 simple_logger.py log_once [line:28] INFO test_accuracy                 0.1959
2025-04-30 03:04:10,171 simple_logger.py log_once [line:28] INFO test_loss                     2.2239
2025-04-30 03:04:10,171 simple_logger.py log_once [line:28] INFO val_accuracy                  0.1889
2025-04-30 03:04:10,171 simple_logger.py log_once [line:28] INFO mean_val_accuracy             0.1889
2025-04-30 03:04:10,171 simple_logger.py log_once [line:28] INFO std_val_accuracy              0.0128
2025-04-30 03:04:10,171 simple_logger.py log_once [line:28] INFO val_loss                      2.2376
2025-04-30 03:04:10,171 simple_logger.py log_once [line:28] INFO mean_val_loss                 2.2376
2025-04-30 03:04:10,171 simple_logger.py log_once [line:28] INFO std_val_loss                  0.0150
2025-04-30 03:04:10,172 fedbase.py run [line:323] INFO expense           11144420.0
2025-04-30 03:04:10,172 fedbase.py run [line:324] INFO Eval Time Cost:               5.3721s
2025-04-30 03:04:10,172 asyncbase.py iterate [line:68] INFO Select clients [0, 1, 2, 3, 4, 5, 6, 7, 8, 9, 10, 11, 12, 13, 14, 15, 16, 17, 18, 19] at time 725.
2025-04-30 03:04:57,384 asyncbase.py iterate [line:73] INFO Receive new models from clients [11, 4, 15, 3, 7, 17, 6, 10, 2, 16, 0, 9, 14, 19, 13, 18, 12, 5] at time 731
2025-04-30 03:04:57,384 asyncbase.py iterate [line:73] INFO Receive new models from clients [8, 1] at time 732
2025-04-30 03:04:57,423 fedbase.py run [line:318] INFO --------------Round 95--------------
2025-04-30 03:04:57,423 simple_logger.py log_once [line:14] INFO Current_time:732
2025-04-30 03:05:02,750 simple_logger.py log_once [line:28] INFO test_accuracy                 0.1959
2025-04-30 03:05:02,750 simple_logger.py log_once [line:28] INFO test_loss                     2.2239
2025-04-30 03:05:02,750 simple_logger.py log_once [line:28] INFO val_accuracy                  0.1889
2025-04-30 03:05:02,750 simple_logger.py log_once [line:28] INFO mean_val_accuracy             0.1889
2025-04-30 03:05:02,750 simple_logger.py log_once [line:28] INFO std_val_accuracy              0.0128
2025-04-30 03:05:02,750 simple_logger.py log_once [line:28] INFO val_loss                      2.2376
2025-04-30 03:05:02,750 simple_logger.py log_once [line:28] INFO mean_val_loss                 2.2376
2025-04-30 03:05:02,750 simple_logger.py log_once [line:28] INFO std_val_loss                  0.0151
2025-04-30 03:05:02,750 fedbase.py run [line:323] INFO expense           11178820.0
2025-04-30 03:05:02,750 fedbase.py run [line:324] INFO Eval Time Cost:               5.3270s
2025-04-30 03:05:02,750 asyncbase.py iterate [line:68] INFO Select clients [0, 1, 2, 3, 4, 5, 6, 7, 8, 9, 10, 11, 12, 13, 14, 15, 16, 17, 18, 19] at time 733.
2025-04-30 03:05:54,313 asyncbase.py iterate [line:73] INFO Receive new models from clients [0, 13, 2, 3, 6, 19, 9, 8, 17, 14, 12, 15, 18, 10, 11, 1, 5, 16] at time 739
2025-04-30 03:05:54,314 asyncbase.py iterate [line:73] INFO Receive new models from clients [4, 7] at time 740
2025-04-30 03:05:54,352 fedbase.py run [line:318] INFO --------------Round 96--------------
2025-04-30 03:05:54,352 simple_logger.py log_once [line:14] INFO Current_time:740
2025-04-30 03:05:59,683 simple_logger.py log_once [line:28] INFO test_accuracy                 0.1959
2025-04-30 03:05:59,684 simple_logger.py log_once [line:28] INFO test_loss                     2.2240
2025-04-30 03:05:59,684 simple_logger.py log_once [line:28] INFO val_accuracy                  0.1889
2025-04-30 03:05:59,684 simple_logger.py log_once [line:28] INFO mean_val_accuracy             0.1889
2025-04-30 03:05:59,684 simple_logger.py log_once [line:28] INFO std_val_accuracy              0.0128
2025-04-30 03:05:59,684 simple_logger.py log_once [line:28] INFO val_loss                      2.2375
2025-04-30 03:05:59,684 simple_logger.py log_once [line:28] INFO mean_val_loss                 2.2375
2025-04-30 03:05:59,684 simple_logger.py log_once [line:28] INFO std_val_loss                  0.0150
2025-04-30 03:05:59,684 fedbase.py run [line:323] INFO expense           11213220.0
2025-04-30 03:05:59,684 fedbase.py run [line:324] INFO Eval Time Cost:               5.3319s
2025-04-30 03:05:59,684 asyncbase.py iterate [line:68] INFO Select clients [0, 1, 2, 3, 4, 5, 6, 7, 8, 9, 10, 11, 12, 13, 14, 15, 16, 17, 18, 19] at time 741.
2025-04-30 03:06:51,286 asyncbase.py iterate [line:73] INFO Receive new models from clients [7, 13, 17, 6, 14, 10, 9, 19, 18, 4, 5, 1, 16, 11, 2, 0] at time 747
2025-04-30 03:06:51,286 asyncbase.py iterate [line:73] INFO Receive new models from clients [3, 15, 12, 8] at time 748
2025-04-30 03:06:51,326 fedbase.py run [line:318] INFO --------------Round 97--------------
2025-04-30 03:06:51,326 simple_logger.py log_once [line:14] INFO Current_time:748
2025-04-30 03:06:56,699 simple_logger.py log_once [line:28] INFO test_accuracy                 0.1959
2025-04-30 03:06:56,699 simple_logger.py log_once [line:28] INFO test_loss                     2.2239
2025-04-30 03:06:56,699 simple_logger.py log_once [line:28] INFO val_accuracy                  0.1889
2025-04-30 03:06:56,699 simple_logger.py log_once [line:28] INFO mean_val_accuracy             0.1889
2025-04-30 03:06:56,699 simple_logger.py log_once [line:28] INFO std_val_accuracy              0.0128
2025-04-30 03:06:56,699 simple_logger.py log_once [line:28] INFO val_loss                      2.2376
2025-04-30 03:06:56,699 simple_logger.py log_once [line:28] INFO mean_val_loss                 2.2376
2025-04-30 03:06:56,699 simple_logger.py log_once [line:28] INFO std_val_loss                  0.0150
2025-04-30 03:06:56,699 fedbase.py run [line:323] INFO expense           11247620.0
2025-04-30 03:06:56,700 fedbase.py run [line:324] INFO Eval Time Cost:               5.3735s
2025-04-30 03:06:56,700 asyncbase.py iterate [line:68] INFO Select clients [0, 1, 2, 3, 4, 5, 6, 7, 8, 9, 10, 11, 12, 13, 14, 15, 16, 17, 18, 19] at time 749.
2025-04-30 03:07:47,340 asyncbase.py iterate [line:73] INFO Receive new models from clients [3, 9, 2, 19, 18, 7, 16, 10, 0, 6, 4, 14, 15, 13, 8, 5, 1, 12, 11] at time 755
2025-04-30 03:07:47,341 asyncbase.py iterate [line:73] INFO Receive new models from clients [17] at time 756
2025-04-30 03:07:47,380 fedbase.py run [line:318] INFO --------------Round 98--------------
2025-04-30 03:07:47,380 simple_logger.py log_once [line:14] INFO Current_time:756
2025-04-30 03:07:52,748 simple_logger.py log_once [line:28] INFO test_accuracy                 0.1959
2025-04-30 03:07:52,748 simple_logger.py log_once [line:28] INFO test_loss                     2.2239
2025-04-30 03:07:52,748 simple_logger.py log_once [line:28] INFO val_accuracy                  0.1889
2025-04-30 03:07:52,749 simple_logger.py log_once [line:28] INFO mean_val_accuracy             0.1889
2025-04-30 03:07:52,749 simple_logger.py log_once [line:28] INFO std_val_accuracy              0.0128
2025-04-30 03:07:52,749 simple_logger.py log_once [line:28] INFO val_loss                      2.2376
2025-04-30 03:07:52,749 simple_logger.py log_once [line:28] INFO mean_val_loss                 2.2376
2025-04-30 03:07:52,749 simple_logger.py log_once [line:28] INFO std_val_loss                  0.0151
2025-04-30 03:07:52,749 fedbase.py run [line:323] INFO expense           11282020.0
2025-04-30 03:07:52,749 fedbase.py run [line:324] INFO Eval Time Cost:               5.3685s
2025-04-30 03:07:52,749 asyncbase.py iterate [line:68] INFO Select clients [0, 1, 2, 3, 4, 5, 6, 7, 8, 9, 10, 11, 12, 13, 14, 15, 16, 17, 18, 19] at time 757.
2025-04-30 03:08:46,152 asyncbase.py iterate [line:73] INFO Receive new models from clients [7, 14, 17, 18, 1, 0, 9, 2, 13, 12, 6, 10, 3, 15, 19, 4] at time 763
2025-04-30 03:08:46,153 asyncbase.py iterate [line:73] INFO Receive new models from clients [5, 11, 8, 16] at time 764
2025-04-30 03:08:46,192 fedbase.py run [line:318] INFO --------------Round 99--------------
2025-04-30 03:08:46,192 simple_logger.py log_once [line:14] INFO Current_time:764
2025-04-30 03:08:51,483 simple_logger.py log_once [line:28] INFO test_accuracy                 0.1959
2025-04-30 03:08:51,483 simple_logger.py log_once [line:28] INFO test_loss                     2.2239
2025-04-30 03:08:51,483 simple_logger.py log_once [line:28] INFO val_accuracy                  0.1889
2025-04-30 03:08:51,483 simple_logger.py log_once [line:28] INFO mean_val_accuracy             0.1889
2025-04-30 03:08:51,483 simple_logger.py log_once [line:28] INFO std_val_accuracy              0.0128
2025-04-30 03:08:51,483 simple_logger.py log_once [line:28] INFO val_loss                      2.2376
2025-04-30 03:08:51,483 simple_logger.py log_once [line:28] INFO mean_val_loss                 2.2376
2025-04-30 03:08:51,484 simple_logger.py log_once [line:28] INFO std_val_loss                  0.0151
2025-04-30 03:08:51,484 fedbase.py run [line:323] INFO expense           11316420.0
2025-04-30 03:08:51,484 fedbase.py run [line:324] INFO Eval Time Cost:               5.2915s
2025-04-30 03:08:51,484 asyncbase.py iterate [line:68] INFO Select clients [0, 1, 2, 3, 4, 5, 6, 7, 8, 9, 10, 11, 12, 13, 14, 15, 16, 17, 18, 19] at time 765.
2025-04-30 03:09:40,961 asyncbase.py iterate [line:73] INFO Receive new models from clients [6, 12, 2, 18, 11, 1, 7, 8, 16, 19, 17, 10, 14, 4, 0, 3, 9, 5] at time 771
2025-04-30 03:09:40,961 asyncbase.py iterate [line:73] INFO Receive new models from clients [15, 13] at time 772
2025-04-30 03:09:41,001 fedbase.py run [line:318] INFO --------------Round 100--------------
2025-04-30 03:09:41,001 simple_logger.py log_once [line:14] INFO Current_time:772
2025-04-30 03:09:46,362 simple_logger.py log_once [line:28] INFO test_accuracy                 0.1959
2025-04-30 03:09:46,362 simple_logger.py log_once [line:28] INFO test_loss                     2.2240
2025-04-30 03:09:46,362 simple_logger.py log_once [line:28] INFO val_accuracy                  0.1889
2025-04-30 03:09:46,362 simple_logger.py log_once [line:28] INFO mean_val_accuracy             0.1889
2025-04-30 03:09:46,362 simple_logger.py log_once [line:28] INFO std_val_accuracy              0.0128
2025-04-30 03:09:46,362 simple_logger.py log_once [line:28] INFO val_loss                      2.2376
2025-04-30 03:09:46,362 simple_logger.py log_once [line:28] INFO mean_val_loss                 2.2376
2025-04-30 03:09:46,362 simple_logger.py log_once [line:28] INFO std_val_loss                  0.0150
2025-04-30 03:09:46,362 fedbase.py run [line:323] INFO expense           11350820.0
2025-04-30 03:09:46,362 fedbase.py run [line:324] INFO Eval Time Cost:               5.3613s
2025-04-30 03:09:46,362 asyncbase.py iterate [line:68] INFO Select clients [0, 1, 2, 3, 4, 5, 6, 7, 8, 9, 10, 11, 12, 13, 14, 15, 16, 17, 18, 19] at time 773.
2025-04-30 03:10:36,632 asyncbase.py iterate [line:73] INFO Receive new models from clients [19, 5, 7, 9, 2, 16, 17, 11, 6, 13, 0, 15, 3, 14, 12] at time 779
2025-04-30 03:10:36,633 asyncbase.py iterate [line:73] INFO Receive new models from clients [8, 1, 18, 10, 4] at time 780
2025-04-30 03:10:36,675 fedbase.py run [line:318] INFO --------------Round 101--------------
2025-04-30 03:10:36,675 simple_logger.py log_once [line:14] INFO Current_time:780
2025-04-30 03:10:42,072 simple_logger.py log_once [line:28] INFO test_accuracy                 0.1959
2025-04-30 03:10:42,072 simple_logger.py log_once [line:28] INFO test_loss                     2.2239
2025-04-30 03:10:42,072 simple_logger.py log_once [line:28] INFO val_accuracy                  0.1889
2025-04-30 03:10:42,072 simple_logger.py log_once [line:28] INFO mean_val_accuracy             0.1889
2025-04-30 03:10:42,072 simple_logger.py log_once [line:28] INFO std_val_accuracy              0.0128
2025-04-30 03:10:42,072 simple_logger.py log_once [line:28] INFO val_loss                      2.2376
2025-04-30 03:10:42,072 simple_logger.py log_once [line:28] INFO mean_val_loss                 2.2376
2025-04-30 03:10:42,072 simple_logger.py log_once [line:28] INFO std_val_loss                  0.0151
2025-04-30 03:10:42,072 fedbase.py run [line:323] INFO expense           11385220.0
2025-04-30 03:10:42,072 fedbase.py run [line:324] INFO Eval Time Cost:               5.3972s
2025-04-30 03:10:42,072 asyncbase.py iterate [line:68] INFO Select clients [0, 1, 2, 3, 4, 5, 6, 7, 8, 9, 10, 11, 12, 13, 14, 15, 16, 17, 18, 19] at time 781.
2025-04-30 03:11:31,532 asyncbase.py iterate [line:73] INFO Receive new models from clients [4, 9, 17, 6, 10, 2, 1, 7, 3, 11, 12, 18, 13, 8, 5, 0, 16] at time 787
2025-04-30 03:11:31,532 asyncbase.py iterate [line:73] INFO Receive new models from clients [19, 15, 14] at time 788
2025-04-30 03:11:31,573 fedbase.py run [line:318] INFO --------------Round 102--------------
2025-04-30 03:11:31,573 simple_logger.py log_once [line:14] INFO Current_time:788
2025-04-30 03:11:36,933 simple_logger.py log_once [line:28] INFO test_accuracy                 0.1959
2025-04-30 03:11:36,933 simple_logger.py log_once [line:28] INFO test_loss                     2.2239
2025-04-30 03:11:36,933 simple_logger.py log_once [line:28] INFO val_accuracy                  0.1889
2025-04-30 03:11:36,933 simple_logger.py log_once [line:28] INFO mean_val_accuracy             0.1889
2025-04-30 03:11:36,933 simple_logger.py log_once [line:28] INFO std_val_accuracy              0.0128
2025-04-30 03:11:36,933 simple_logger.py log_once [line:28] INFO val_loss                      2.2376
2025-04-30 03:11:36,933 simple_logger.py log_once [line:28] INFO mean_val_loss                 2.2376
2025-04-30 03:11:36,933 simple_logger.py log_once [line:28] INFO std_val_loss                  0.0151
2025-04-30 03:11:36,933 fedbase.py run [line:323] INFO expense           11419620.0
2025-04-30 03:11:36,933 fedbase.py run [line:324] INFO Eval Time Cost:               5.3598s
2025-04-30 03:11:36,933 asyncbase.py iterate [line:68] INFO Select clients [0, 1, 2, 3, 4, 5, 6, 7, 8, 9, 10, 11, 12, 13, 14, 15, 16, 17, 18, 19] at time 789.
2025-04-30 03:12:24,005 asyncbase.py iterate [line:73] INFO Receive new models from clients [17, 10, 13, 6, 4, 9, 14, 15, 12, 5, 0, 8, 1, 2, 19, 11, 16, 18, 7] at time 795
2025-04-30 03:12:24,006 asyncbase.py iterate [line:73] INFO Receive new models from clients [3] at time 796
2025-04-30 03:12:24,046 fedbase.py run [line:318] INFO --------------Round 103--------------
2025-04-30 03:12:24,047 simple_logger.py log_once [line:14] INFO Current_time:796
2025-04-30 03:12:29,412 simple_logger.py log_once [line:28] INFO test_accuracy                 0.1959
2025-04-30 03:12:29,412 simple_logger.py log_once [line:28] INFO test_loss                     2.2239
2025-04-30 03:12:29,413 simple_logger.py log_once [line:28] INFO val_accuracy                  0.1889
2025-04-30 03:12:29,413 simple_logger.py log_once [line:28] INFO mean_val_accuracy             0.1889
2025-04-30 03:12:29,413 simple_logger.py log_once [line:28] INFO std_val_accuracy              0.0128
2025-04-30 03:12:29,413 simple_logger.py log_once [line:28] INFO val_loss                      2.2376
2025-04-30 03:12:29,413 simple_logger.py log_once [line:28] INFO mean_val_loss                 2.2376
2025-04-30 03:12:29,413 simple_logger.py log_once [line:28] INFO std_val_loss                  0.0150
2025-04-30 03:12:29,413 fedbase.py run [line:323] INFO expense           11454020.0
2025-04-30 03:12:29,413 fedbase.py run [line:324] INFO Eval Time Cost:               5.3663s
2025-04-30 03:12:29,413 asyncbase.py iterate [line:68] INFO Select clients [0, 1, 2, 3, 4, 5, 6, 7, 8, 9, 10, 11, 12, 13, 14, 15, 16, 17, 18, 19] at time 797.
2025-04-30 03:13:17,875 asyncbase.py iterate [line:73] INFO Receive new models from clients [1, 12, 7, 6, 5, 18, 10, 17, 8, 13, 4, 14, 3, 15, 11, 19, 0, 16, 2] at time 803
2025-04-30 03:13:17,875 asyncbase.py iterate [line:73] INFO Receive new models from clients [9] at time 804
2025-04-30 03:13:17,914 fedbase.py run [line:318] INFO --------------Round 104--------------
2025-04-30 03:13:17,914 simple_logger.py log_once [line:14] INFO Current_time:804
2025-04-30 03:13:23,398 simple_logger.py log_once [line:28] INFO test_accuracy                 0.1959
2025-04-30 03:13:23,398 simple_logger.py log_once [line:28] INFO test_loss                     2.2240
2025-04-30 03:13:23,399 simple_logger.py log_once [line:28] INFO val_accuracy                  0.1889
2025-04-30 03:13:23,399 simple_logger.py log_once [line:28] INFO mean_val_accuracy             0.1889
2025-04-30 03:13:23,399 simple_logger.py log_once [line:28] INFO std_val_accuracy              0.0128
2025-04-30 03:13:23,399 simple_logger.py log_once [line:28] INFO val_loss                      2.2376
2025-04-30 03:13:23,399 simple_logger.py log_once [line:28] INFO mean_val_loss                 2.2376
2025-04-30 03:13:23,399 simple_logger.py log_once [line:28] INFO std_val_loss                  0.0150
2025-04-30 03:13:23,399 fedbase.py run [line:323] INFO expense           11488420.0
2025-04-30 03:13:23,399 fedbase.py run [line:324] INFO Eval Time Cost:               5.4849s
2025-04-30 03:13:23,399 asyncbase.py iterate [line:68] INFO Select clients [0, 1, 2, 3, 4, 5, 6, 7, 8, 9, 10, 11, 12, 13, 14, 15, 16, 17, 18, 19] at time 805.
2025-04-30 03:14:12,682 asyncbase.py iterate [line:73] INFO Receive new models from clients [1, 13, 18, 12, 11, 2, 6, 4, 5, 16, 14, 8, 17, 9, 0, 7, 3] at time 811
2025-04-30 03:14:12,682 asyncbase.py iterate [line:73] INFO Receive new models from clients [15, 10, 19] at time 812
2025-04-30 03:14:12,723 fedbase.py run [line:318] INFO --------------Round 105--------------
2025-04-30 03:14:12,723 simple_logger.py log_once [line:14] INFO Current_time:812
2025-04-30 03:14:18,049 simple_logger.py log_once [line:28] INFO test_accuracy                 0.1959
2025-04-30 03:14:18,049 simple_logger.py log_once [line:28] INFO test_loss                     2.2241
2025-04-30 03:14:18,049 simple_logger.py log_once [line:28] INFO val_accuracy                  0.1889
2025-04-30 03:14:18,049 simple_logger.py log_once [line:28] INFO mean_val_accuracy             0.1889
2025-04-30 03:14:18,049 simple_logger.py log_once [line:28] INFO std_val_accuracy              0.0128
2025-04-30 03:14:18,049 simple_logger.py log_once [line:28] INFO val_loss                      2.2375
2025-04-30 03:14:18,050 simple_logger.py log_once [line:28] INFO mean_val_loss                 2.2375
2025-04-30 03:14:18,050 simple_logger.py log_once [line:28] INFO std_val_loss                  0.0150
2025-04-30 03:14:18,050 fedbase.py run [line:323] INFO expense           11522820.0
2025-04-30 03:14:18,050 fedbase.py run [line:324] INFO Eval Time Cost:               5.3268s
2025-04-30 03:14:18,050 asyncbase.py iterate [line:68] INFO Select clients [0, 1, 2, 3, 4, 5, 6, 7, 8, 9, 10, 11, 12, 13, 14, 15, 16, 17, 18, 19] at time 813.
2025-04-30 03:15:08,056 asyncbase.py iterate [line:73] INFO Receive new models from clients [7, 5, 17, 12, 2, 19, 0, 1, 4, 9, 15, 18, 8, 11, 3] at time 819
2025-04-30 03:15:08,056 asyncbase.py iterate [line:73] INFO Receive new models from clients [16, 14, 13, 6, 10] at time 820
2025-04-30 03:15:08,095 fedbase.py run [line:318] INFO --------------Round 106--------------
2025-04-30 03:15:08,095 simple_logger.py log_once [line:14] INFO Current_time:820
2025-04-30 03:15:13,466 simple_logger.py log_once [line:28] INFO test_accuracy                 0.1959
2025-04-30 03:15:13,467 simple_logger.py log_once [line:28] INFO test_loss                     2.2240
2025-04-30 03:15:13,467 simple_logger.py log_once [line:28] INFO val_accuracy                  0.1889
2025-04-30 03:15:13,467 simple_logger.py log_once [line:28] INFO mean_val_accuracy             0.1889
2025-04-30 03:15:13,467 simple_logger.py log_once [line:28] INFO std_val_accuracy              0.0128
2025-04-30 03:15:13,467 simple_logger.py log_once [line:28] INFO val_loss                      2.2376
2025-04-30 03:15:13,467 simple_logger.py log_once [line:28] INFO mean_val_loss                 2.2376
2025-04-30 03:15:13,467 simple_logger.py log_once [line:28] INFO std_val_loss                  0.0150
2025-04-30 03:15:13,467 fedbase.py run [line:323] INFO expense           11557220.0
2025-04-30 03:15:13,467 fedbase.py run [line:324] INFO Eval Time Cost:               5.3723s
2025-04-30 03:15:13,467 asyncbase.py iterate [line:68] INFO Select clients [0, 1, 2, 3, 4, 5, 6, 7, 8, 9, 10, 11, 12, 13, 14, 15, 16, 17, 18, 19] at time 821.
2025-04-30 03:16:04,124 asyncbase.py iterate [line:73] INFO Receive new models from clients [0, 3, 15, 1, 18, 16, 2, 10, 17, 11, 4, 7, 9, 14, 5, 13, 6, 12] at time 827
2025-04-30 03:16:04,124 asyncbase.py iterate [line:73] INFO Receive new models from clients [8, 19] at time 828
2025-04-30 03:16:04,165 fedbase.py run [line:318] INFO --------------Round 107--------------
2025-04-30 03:16:04,165 simple_logger.py log_once [line:14] INFO Current_time:828
2025-04-30 03:16:09,506 simple_logger.py log_once [line:28] INFO test_accuracy                 0.1959
2025-04-30 03:16:09,506 simple_logger.py log_once [line:28] INFO test_loss                     2.2240
2025-04-30 03:16:09,506 simple_logger.py log_once [line:28] INFO val_accuracy                  0.1889
2025-04-30 03:16:09,506 simple_logger.py log_once [line:28] INFO mean_val_accuracy             0.1889
2025-04-30 03:16:09,506 simple_logger.py log_once [line:28] INFO std_val_accuracy              0.0128
2025-04-30 03:16:09,506 simple_logger.py log_once [line:28] INFO val_loss                      2.2375
2025-04-30 03:16:09,506 simple_logger.py log_once [line:28] INFO mean_val_loss                 2.2375
2025-04-30 03:16:09,506 simple_logger.py log_once [line:28] INFO std_val_loss                  0.0150
2025-04-30 03:16:09,507 fedbase.py run [line:323] INFO expense           11591620.0
2025-04-30 03:16:09,507 fedbase.py run [line:324] INFO Eval Time Cost:               5.3411s
2025-04-30 03:16:09,507 asyncbase.py iterate [line:68] INFO Select clients [0, 1, 2, 3, 4, 5, 6, 7, 8, 9, 10, 11, 12, 13, 14, 15, 16, 17, 18, 19] at time 829.
2025-04-30 03:17:02,009 asyncbase.py iterate [line:73] INFO Receive new models from clients [19, 1, 0, 16, 2, 11, 8, 18, 4, 17, 9, 15, 10, 13, 6, 7, 14, 3] at time 835
2025-04-30 03:17:02,009 asyncbase.py iterate [line:73] INFO Receive new models from clients [5, 12] at time 836
2025-04-30 03:17:02,056 fedbase.py run [line:318] INFO --------------Round 108--------------
2025-04-30 03:17:02,056 simple_logger.py log_once [line:14] INFO Current_time:836
2025-04-30 03:17:07,378 simple_logger.py log_once [line:28] INFO test_accuracy                 0.1959
2025-04-30 03:17:07,378 simple_logger.py log_once [line:28] INFO test_loss                     2.2240
2025-04-30 03:17:07,379 simple_logger.py log_once [line:28] INFO val_accuracy                  0.1889
2025-04-30 03:17:07,379 simple_logger.py log_once [line:28] INFO mean_val_accuracy             0.1889
2025-04-30 03:17:07,379 simple_logger.py log_once [line:28] INFO std_val_accuracy              0.0128
2025-04-30 03:17:07,379 simple_logger.py log_once [line:28] INFO val_loss                      2.2375
2025-04-30 03:17:07,379 simple_logger.py log_once [line:28] INFO mean_val_loss                 2.2375
2025-04-30 03:17:07,379 simple_logger.py log_once [line:28] INFO std_val_loss                  0.0150
2025-04-30 03:17:07,379 fedbase.py run [line:323] INFO expense           11626020.0
2025-04-30 03:17:07,379 fedbase.py run [line:324] INFO Eval Time Cost:               5.3225s
2025-04-30 03:17:07,379 asyncbase.py iterate [line:68] INFO Select clients [0, 1, 2, 3, 4, 5, 6, 7, 8, 9, 10, 11, 12, 13, 14, 15, 16, 17, 18, 19] at time 837.
2025-04-30 03:17:56,955 asyncbase.py iterate [line:73] INFO Receive new models from clients [0, 6, 1, 11, 13, 14, 2, 8, 17, 15, 7, 16, 19, 3, 12, 4, 9, 5] at time 843
2025-04-30 03:17:56,956 asyncbase.py iterate [line:73] INFO Receive new models from clients [10, 18] at time 844
2025-04-30 03:17:56,994 fedbase.py run [line:318] INFO --------------Round 109--------------
2025-04-30 03:17:56,995 simple_logger.py log_once [line:14] INFO Current_time:844
2025-04-30 03:18:02,304 simple_logger.py log_once [line:28] INFO test_accuracy                 0.1959
2025-04-30 03:18:02,304 simple_logger.py log_once [line:28] INFO test_loss                     2.2240
2025-04-30 03:18:02,304 simple_logger.py log_once [line:28] INFO val_accuracy                  0.1889
2025-04-30 03:18:02,304 simple_logger.py log_once [line:28] INFO mean_val_accuracy             0.1889
2025-04-30 03:18:02,304 simple_logger.py log_once [line:28] INFO std_val_accuracy              0.0128
2025-04-30 03:18:02,305 simple_logger.py log_once [line:28] INFO val_loss                      2.2376
2025-04-30 03:18:02,305 simple_logger.py log_once [line:28] INFO mean_val_loss                 2.2376
2025-04-30 03:18:02,305 simple_logger.py log_once [line:28] INFO std_val_loss                  0.0150
2025-04-30 03:18:02,305 fedbase.py run [line:323] INFO expense           11660420.0
2025-04-30 03:18:02,305 fedbase.py run [line:324] INFO Eval Time Cost:               5.3102s
2025-04-30 03:18:02,305 asyncbase.py iterate [line:68] INFO Select clients [0, 1, 2, 3, 4, 5, 6, 7, 8, 9, 10, 11, 12, 13, 14, 15, 16, 17, 18, 19] at time 845.
2025-04-30 03:18:53,326 asyncbase.py iterate [line:73] INFO Receive new models from clients [2, 9, 11, 15, 14, 1, 3, 7, 16, 12, 10, 13, 18, 8, 17, 5, 6] at time 851
2025-04-30 03:18:53,326 asyncbase.py iterate [line:73] INFO Receive new models from clients [19, 0, 4] at time 852
2025-04-30 03:18:53,365 fedbase.py run [line:318] INFO --------------Round 110--------------
2025-04-30 03:18:53,366 simple_logger.py log_once [line:14] INFO Current_time:852
2025-04-30 03:18:58,706 simple_logger.py log_once [line:28] INFO test_accuracy                 0.1959
2025-04-30 03:18:58,706 simple_logger.py log_once [line:28] INFO test_loss                     2.2238
2025-04-30 03:18:58,706 simple_logger.py log_once [line:28] INFO val_accuracy                  0.1889
2025-04-30 03:18:58,707 simple_logger.py log_once [line:28] INFO mean_val_accuracy             0.1889
2025-04-30 03:18:58,707 simple_logger.py log_once [line:28] INFO std_val_accuracy              0.0128
2025-04-30 03:18:58,707 simple_logger.py log_once [line:28] INFO val_loss                      2.2376
2025-04-30 03:18:58,707 simple_logger.py log_once [line:28] INFO mean_val_loss                 2.2376
2025-04-30 03:18:58,707 simple_logger.py log_once [line:28] INFO std_val_loss                  0.0151
2025-04-30 03:18:58,707 fedbase.py run [line:323] INFO expense           11694820.0
2025-04-30 03:18:58,707 fedbase.py run [line:324] INFO Eval Time Cost:               5.3413s
2025-04-30 03:18:58,707 asyncbase.py iterate [line:68] INFO Select clients [0, 1, 2, 3, 4, 5, 6, 7, 8, 9, 10, 11, 12, 13, 14, 15, 16, 17, 18, 19] at time 853.
2025-04-30 03:19:47,729 asyncbase.py iterate [line:73] INFO Receive new models from clients [2, 15, 12, 6, 5, 19, 3, 7, 9, 11, 0, 18, 13, 4, 14, 17, 16] at time 859
2025-04-30 03:19:47,730 asyncbase.py iterate [line:73] INFO Receive new models from clients [1, 10, 8] at time 860
2025-04-30 03:19:47,772 fedbase.py run [line:318] INFO --------------Round 111--------------
2025-04-30 03:19:47,773 simple_logger.py log_once [line:14] INFO Current_time:860
2025-04-30 03:19:53,123 simple_logger.py log_once [line:28] INFO test_accuracy                 0.1959
2025-04-30 03:19:53,123 simple_logger.py log_once [line:28] INFO test_loss                     2.2238
2025-04-30 03:19:53,124 simple_logger.py log_once [line:28] INFO val_accuracy                  0.1889
2025-04-30 03:19:53,124 simple_logger.py log_once [line:28] INFO mean_val_accuracy             0.1889
2025-04-30 03:19:53,124 simple_logger.py log_once [line:28] INFO std_val_accuracy              0.0128
2025-04-30 03:19:53,124 simple_logger.py log_once [line:28] INFO val_loss                      2.2376
2025-04-30 03:19:53,124 simple_logger.py log_once [line:28] INFO mean_val_loss                 2.2376
2025-04-30 03:19:53,124 simple_logger.py log_once [line:28] INFO std_val_loss                  0.0151
2025-04-30 03:19:53,124 fedbase.py run [line:323] INFO expense           11729220.0
2025-04-30 03:19:53,124 fedbase.py run [line:324] INFO Eval Time Cost:               5.3513s
2025-04-30 03:19:53,124 asyncbase.py iterate [line:68] INFO Select clients [0, 1, 2, 3, 4, 5, 6, 7, 8, 9, 10, 11, 12, 13, 14, 15, 16, 17, 18, 19] at time 861.
2025-04-30 03:20:39,386 asyncbase.py iterate [line:73] INFO Receive new models from clients [7, 4, 14, 8, 16, 19, 1, 2, 13, 17, 3, 5, 6, 15, 0, 11, 9, 18, 12, 10] at time 867
2025-04-30 03:20:39,425 fedbase.py run [line:318] INFO --------------Round 112--------------
2025-04-30 03:20:39,425 simple_logger.py log_once [line:14] INFO Current_time:867
2025-04-30 03:20:44,784 simple_logger.py log_once [line:28] INFO test_accuracy                 0.1959
2025-04-30 03:20:44,784 simple_logger.py log_once [line:28] INFO test_loss                     2.2239
2025-04-30 03:20:44,784 simple_logger.py log_once [line:28] INFO val_accuracy                  0.1889
2025-04-30 03:20:44,784 simple_logger.py log_once [line:28] INFO mean_val_accuracy             0.1889
2025-04-30 03:20:44,784 simple_logger.py log_once [line:28] INFO std_val_accuracy              0.0128
2025-04-30 03:20:44,784 simple_logger.py log_once [line:28] INFO val_loss                      2.2376
2025-04-30 03:20:44,784 simple_logger.py log_once [line:28] INFO mean_val_loss                 2.2376
2025-04-30 03:20:44,784 simple_logger.py log_once [line:28] INFO std_val_loss                  0.0151
2025-04-30 03:20:44,784 fedbase.py run [line:323] INFO expense           11763620.0
2025-04-30 03:20:44,784 fedbase.py run [line:324] INFO Eval Time Cost:               5.3591s
2025-04-30 03:20:44,784 asyncbase.py iterate [line:68] INFO Select clients [0, 1, 2, 3, 4, 5, 6, 7, 8, 9, 10, 11, 12, 13, 14, 15, 16, 17, 18, 19] at time 868.
2025-04-30 03:21:35,370 asyncbase.py iterate [line:73] INFO Receive new models from clients [17, 13, 14, 6, 10, 1, 11, 18, 2, 19, 7, 12, 0, 16, 15, 3, 9, 8] at time 874
2025-04-30 03:21:35,370 asyncbase.py iterate [line:73] INFO Receive new models from clients [4, 5] at time 875
2025-04-30 03:21:35,410 fedbase.py run [line:318] INFO --------------Round 113--------------
2025-04-30 03:21:35,410 simple_logger.py log_once [line:14] INFO Current_time:875
2025-04-30 03:21:40,784 simple_logger.py log_once [line:28] INFO test_accuracy                 0.1959
2025-04-30 03:21:40,785 simple_logger.py log_once [line:28] INFO test_loss                     2.2239
2025-04-30 03:21:40,785 simple_logger.py log_once [line:28] INFO val_accuracy                  0.1889
2025-04-30 03:21:40,785 simple_logger.py log_once [line:28] INFO mean_val_accuracy             0.1889
2025-04-30 03:21:40,785 simple_logger.py log_once [line:28] INFO std_val_accuracy              0.0128
2025-04-30 03:21:40,785 simple_logger.py log_once [line:28] INFO val_loss                      2.2376
2025-04-30 03:21:40,785 simple_logger.py log_once [line:28] INFO mean_val_loss                 2.2376
2025-04-30 03:21:40,785 simple_logger.py log_once [line:28] INFO std_val_loss                  0.0151
2025-04-30 03:21:40,785 fedbase.py run [line:323] INFO expense           11798020.0
2025-04-30 03:21:40,785 fedbase.py run [line:324] INFO Eval Time Cost:               5.3753s
2025-04-30 03:21:40,785 asyncbase.py iterate [line:68] INFO Select clients [0, 1, 2, 3, 4, 5, 6, 7, 8, 9, 10, 11, 12, 13, 14, 15, 16, 17, 18, 19] at time 876.
2025-04-30 03:22:29,708 asyncbase.py iterate [line:73] INFO Receive new models from clients [15, 3, 14, 2, 12, 6, 4, 10, 8, 5, 16, 0, 17, 18, 19, 9, 1] at time 882
2025-04-30 03:22:29,709 asyncbase.py iterate [line:73] INFO Receive new models from clients [7, 11, 13] at time 883
2025-04-30 03:22:29,748 fedbase.py run [line:318] INFO --------------Round 114--------------
2025-04-30 03:22:29,749 simple_logger.py log_once [line:14] INFO Current_time:883
2025-04-30 03:22:35,155 simple_logger.py log_once [line:28] INFO test_accuracy                 0.1959
2025-04-30 03:22:35,156 simple_logger.py log_once [line:28] INFO test_loss                     2.2239
2025-04-30 03:22:35,156 simple_logger.py log_once [line:28] INFO val_accuracy                  0.1889
2025-04-30 03:22:35,156 simple_logger.py log_once [line:28] INFO mean_val_accuracy             0.1889
2025-04-30 03:22:35,156 simple_logger.py log_once [line:28] INFO std_val_accuracy              0.0128
2025-04-30 03:22:35,156 simple_logger.py log_once [line:28] INFO val_loss                      2.2376
2025-04-30 03:22:35,156 simple_logger.py log_once [line:28] INFO mean_val_loss                 2.2376
2025-04-30 03:22:35,156 simple_logger.py log_once [line:28] INFO std_val_loss                  0.0150
2025-04-30 03:22:35,156 fedbase.py run [line:323] INFO expense           11832420.0
2025-04-30 03:22:35,156 fedbase.py run [line:324] INFO Eval Time Cost:               5.4073s
2025-04-30 03:22:35,156 asyncbase.py iterate [line:68] INFO Select clients [0, 1, 2, 3, 4, 5, 6, 7, 8, 9, 10, 11, 12, 13, 14, 15, 16, 17, 18, 19] at time 884.
2025-04-30 03:23:23,600 asyncbase.py iterate [line:73] INFO Receive new models from clients [0, 7, 17, 16, 4, 9, 13, 12, 18, 19, 11, 5, 8, 6, 2, 14, 3] at time 890
2025-04-30 03:23:23,601 asyncbase.py iterate [line:73] INFO Receive new models from clients [15, 10, 1] at time 891
2025-04-30 03:23:23,640 fedbase.py run [line:318] INFO --------------Round 115--------------
2025-04-30 03:23:23,640 simple_logger.py log_once [line:14] INFO Current_time:891
2025-04-30 03:23:28,946 simple_logger.py log_once [line:28] INFO test_accuracy                 0.1959
2025-04-30 03:23:28,946 simple_logger.py log_once [line:28] INFO test_loss                     2.2240
2025-04-30 03:23:28,946 simple_logger.py log_once [line:28] INFO val_accuracy                  0.1889
2025-04-30 03:23:28,946 simple_logger.py log_once [line:28] INFO mean_val_accuracy             0.1889
2025-04-30 03:23:28,946 simple_logger.py log_once [line:28] INFO std_val_accuracy              0.0128
2025-04-30 03:23:28,946 simple_logger.py log_once [line:28] INFO val_loss                      2.2376
2025-04-30 03:23:28,946 simple_logger.py log_once [line:28] INFO mean_val_loss                 2.2376
2025-04-30 03:23:28,946 simple_logger.py log_once [line:28] INFO std_val_loss                  0.0150
2025-04-30 03:23:28,946 fedbase.py run [line:323] INFO expense           11866820.0
2025-04-30 03:23:28,947 fedbase.py run [line:324] INFO Eval Time Cost:               5.3066s
2025-04-30 03:23:28,947 asyncbase.py iterate [line:68] INFO Select clients [0, 1, 2, 3, 4, 5, 6, 7, 8, 9, 10, 11, 12, 13, 14, 15, 16, 17, 18, 19] at time 892.
2025-04-30 03:24:22,369 asyncbase.py iterate [line:73] INFO Receive new models from clients [13, 8, 9, 6, 2, 16, 4, 1, 19, 17, 7, 10, 3, 11, 18, 0, 14] at time 898
2025-04-30 03:24:22,369 asyncbase.py iterate [line:73] INFO Receive new models from clients [15, 5, 12] at time 899
2025-04-30 03:24:22,412 fedbase.py run [line:318] INFO --------------Round 116--------------
2025-04-30 03:24:22,413 simple_logger.py log_once [line:14] INFO Current_time:899
2025-04-30 03:24:27,786 simple_logger.py log_once [line:28] INFO test_accuracy                 0.1959
2025-04-30 03:24:27,786 simple_logger.py log_once [line:28] INFO test_loss                     2.2239
2025-04-30 03:24:27,786 simple_logger.py log_once [line:28] INFO val_accuracy                  0.1889
2025-04-30 03:24:27,787 simple_logger.py log_once [line:28] INFO mean_val_accuracy             0.1889
2025-04-30 03:24:27,787 simple_logger.py log_once [line:28] INFO std_val_accuracy              0.0128
2025-04-30 03:24:27,787 simple_logger.py log_once [line:28] INFO val_loss                      2.2376
2025-04-30 03:24:27,787 simple_logger.py log_once [line:28] INFO mean_val_loss                 2.2376
2025-04-30 03:24:27,787 simple_logger.py log_once [line:28] INFO std_val_loss                  0.0150
2025-04-30 03:24:27,787 fedbase.py run [line:323] INFO expense           11901220.0
2025-04-30 03:24:27,787 fedbase.py run [line:324] INFO Eval Time Cost:               5.3742s
2025-04-30 03:24:27,787 asyncbase.py iterate [line:68] INFO Select clients [0, 1, 2, 3, 4, 5, 6, 7, 8, 9, 10, 11, 12, 13, 14, 15, 16, 17, 18, 19] at time 900.
2025-04-30 03:25:20,186 asyncbase.py iterate [line:73] INFO Receive new models from clients [13, 9, 18, 17, 10, 7, 8, 0, 1, 14, 12, 2, 4, 11, 16, 19, 6, 5] at time 906
2025-04-30 03:25:20,187 asyncbase.py iterate [line:73] INFO Receive new models from clients [15, 3] at time 907
2025-04-30 03:25:20,228 fedbase.py run [line:318] INFO --------------Round 117--------------
2025-04-30 03:25:20,228 simple_logger.py log_once [line:14] INFO Current_time:907
2025-04-30 03:25:25,588 simple_logger.py log_once [line:28] INFO test_accuracy                 0.1959
2025-04-30 03:25:25,588 simple_logger.py log_once [line:28] INFO test_loss                     2.2239
2025-04-30 03:25:25,588 simple_logger.py log_once [line:28] INFO val_accuracy                  0.1889
2025-04-30 03:25:25,588 simple_logger.py log_once [line:28] INFO mean_val_accuracy             0.1889
2025-04-30 03:25:25,588 simple_logger.py log_once [line:28] INFO std_val_accuracy              0.0128
2025-04-30 03:25:25,588 simple_logger.py log_once [line:28] INFO val_loss                      2.2376
2025-04-30 03:25:25,588 simple_logger.py log_once [line:28] INFO mean_val_loss                 2.2376
2025-04-30 03:25:25,588 simple_logger.py log_once [line:28] INFO std_val_loss                  0.0150
2025-04-30 03:25:25,588 fedbase.py run [line:323] INFO expense           11935620.0
2025-04-30 03:25:25,588 fedbase.py run [line:324] INFO Eval Time Cost:               5.3602s
2025-04-30 03:25:25,589 asyncbase.py iterate [line:68] INFO Select clients [0, 1, 2, 3, 4, 5, 6, 7, 8, 9, 10, 11, 12, 13, 14, 15, 16, 17, 18, 19] at time 908.
2025-04-30 03:26:15,622 asyncbase.py iterate [line:73] INFO Receive new models from clients [19, 2, 14, 17, 16, 18, 7, 13, 15, 10, 9, 8, 12, 4, 5, 11, 0, 1, 6] at time 914
2025-04-30 03:26:15,623 asyncbase.py iterate [line:73] INFO Receive new models from clients [3] at time 915
2025-04-30 03:26:15,662 fedbase.py run [line:318] INFO --------------Round 118--------------
2025-04-30 03:26:15,662 simple_logger.py log_once [line:14] INFO Current_time:915
2025-04-30 03:26:21,000 simple_logger.py log_once [line:28] INFO test_accuracy                 0.1959
2025-04-30 03:26:21,000 simple_logger.py log_once [line:28] INFO test_loss                     2.2239
2025-04-30 03:26:21,000 simple_logger.py log_once [line:28] INFO val_accuracy                  0.1889
2025-04-30 03:26:21,000 simple_logger.py log_once [line:28] INFO mean_val_accuracy             0.1889
2025-04-30 03:26:21,000 simple_logger.py log_once [line:28] INFO std_val_accuracy              0.0128
2025-04-30 03:26:21,000 simple_logger.py log_once [line:28] INFO val_loss                      2.2376
2025-04-30 03:26:21,000 simple_logger.py log_once [line:28] INFO mean_val_loss                 2.2376
2025-04-30 03:26:21,000 simple_logger.py log_once [line:28] INFO std_val_loss                  0.0150
2025-04-30 03:26:21,000 fedbase.py run [line:323] INFO expense           11970020.0
2025-04-30 03:26:21,000 fedbase.py run [line:324] INFO Eval Time Cost:               5.3387s
2025-04-30 03:26:21,001 asyncbase.py iterate [line:68] INFO Select clients [0, 1, 2, 3, 4, 5, 6, 7, 8, 9, 10, 11, 12, 13, 14, 15, 16, 17, 18, 19] at time 916.
2025-04-30 03:27:11,818 asyncbase.py iterate [line:73] INFO Receive new models from clients [15, 2, 13, 6, 17, 7, 8, 4, 18, 5, 11, 1, 16, 10, 14, 12, 3, 19] at time 922
2025-04-30 03:27:11,819 asyncbase.py iterate [line:73] INFO Receive new models from clients [9, 0] at time 923
2025-04-30 03:27:11,859 fedbase.py run [line:318] INFO --------------Round 119--------------
2025-04-30 03:27:11,859 simple_logger.py log_once [line:14] INFO Current_time:923
2025-04-30 03:27:17,125 simple_logger.py log_once [line:28] INFO test_accuracy                 0.1959
2025-04-30 03:27:17,125 simple_logger.py log_once [line:28] INFO test_loss                     2.2240
2025-04-30 03:27:17,125 simple_logger.py log_once [line:28] INFO val_accuracy                  0.1889
2025-04-30 03:27:17,125 simple_logger.py log_once [line:28] INFO mean_val_accuracy             0.1889
2025-04-30 03:27:17,125 simple_logger.py log_once [line:28] INFO std_val_accuracy              0.0128
2025-04-30 03:27:17,125 simple_logger.py log_once [line:28] INFO val_loss                      2.2376
2025-04-30 03:27:17,125 simple_logger.py log_once [line:28] INFO mean_val_loss                 2.2376
2025-04-30 03:27:17,125 simple_logger.py log_once [line:28] INFO std_val_loss                  0.0150
2025-04-30 03:27:17,125 fedbase.py run [line:323] INFO expense           12004420.0
2025-04-30 03:27:17,125 fedbase.py run [line:324] INFO Eval Time Cost:               5.2667s
2025-04-30 03:27:17,126 asyncbase.py iterate [line:68] INFO Select clients [0, 1, 2, 3, 4, 5, 6, 7, 8, 9, 10, 11, 12, 13, 14, 15, 16, 17, 18, 19] at time 924.
2025-04-30 03:28:02,062 asyncbase.py iterate [line:73] INFO Receive new models from clients [5, 13, 1, 3, 19, 14, 15, 17, 11, 4, 7, 16, 10, 2, 18, 8, 9, 6, 12] at time 930
2025-04-30 03:28:02,062 asyncbase.py iterate [line:73] INFO Receive new models from clients [0] at time 931
2025-04-30 03:28:02,101 fedbase.py run [line:318] INFO --------------Round 120--------------
2025-04-30 03:28:02,102 simple_logger.py log_once [line:14] INFO Current_time:931
2025-04-30 03:28:07,444 simple_logger.py log_once [line:28] INFO test_accuracy                 0.1959
2025-04-30 03:28:07,445 simple_logger.py log_once [line:28] INFO test_loss                     2.2239
2025-04-30 03:28:07,445 simple_logger.py log_once [line:28] INFO val_accuracy                  0.1889
2025-04-30 03:28:07,445 simple_logger.py log_once [line:28] INFO mean_val_accuracy             0.1889
2025-04-30 03:28:07,445 simple_logger.py log_once [line:28] INFO std_val_accuracy              0.0128
2025-04-30 03:28:07,445 simple_logger.py log_once [line:28] INFO val_loss                      2.2376
2025-04-30 03:28:07,445 simple_logger.py log_once [line:28] INFO mean_val_loss                 2.2376
2025-04-30 03:28:07,445 simple_logger.py log_once [line:28] INFO std_val_loss                  0.0150
2025-04-30 03:28:07,445 fedbase.py run [line:323] INFO expense           12038820.0
2025-04-30 03:28:07,445 fedbase.py run [line:324] INFO Eval Time Cost:               5.3434s
2025-04-30 03:28:07,445 asyncbase.py iterate [line:68] INFO Select clients [0, 1, 2, 3, 4, 5, 6, 7, 8, 9, 10, 11, 12, 13, 14, 15, 16, 17, 18, 19] at time 932.
2025-04-30 03:28:50,855 asyncbase.py iterate [line:73] INFO Receive new models from clients [17, 16, 4, 7, 19, 1, 0, 13, 3, 12, 2, 14, 8, 18, 9, 11, 6, 10, 15] at time 938
2025-04-30 03:28:50,855 asyncbase.py iterate [line:73] INFO Receive new models from clients [5] at time 939
2025-04-30 03:28:50,894 fedbase.py run [line:318] INFO --------------Round 121--------------
2025-04-30 03:28:50,894 simple_logger.py log_once [line:14] INFO Current_time:939
2025-04-30 03:28:56,183 simple_logger.py log_once [line:28] INFO test_accuracy                 0.1959
2025-04-30 03:28:56,183 simple_logger.py log_once [line:28] INFO test_loss                     2.2239
2025-04-30 03:28:56,183 simple_logger.py log_once [line:28] INFO val_accuracy                  0.1889
2025-04-30 03:28:56,183 simple_logger.py log_once [line:28] INFO mean_val_accuracy             0.1889
2025-04-30 03:28:56,183 simple_logger.py log_once [line:28] INFO std_val_accuracy              0.0128
2025-04-30 03:28:56,183 simple_logger.py log_once [line:28] INFO val_loss                      2.2376
2025-04-30 03:28:56,183 simple_logger.py log_once [line:28] INFO mean_val_loss                 2.2376
2025-04-30 03:28:56,183 simple_logger.py log_once [line:28] INFO std_val_loss                  0.0151
2025-04-30 03:28:56,183 fedbase.py run [line:323] INFO expense           12073220.0
2025-04-30 03:28:56,183 fedbase.py run [line:324] INFO Eval Time Cost:               5.2890s
2025-04-30 03:28:56,183 asyncbase.py iterate [line:68] INFO Select clients [0, 1, 2, 3, 4, 5, 6, 7, 8, 9, 10, 11, 12, 13, 14, 15, 16, 17, 18, 19] at time 940.
2025-04-30 03:29:42,480 asyncbase.py iterate [line:73] INFO Receive new models from clients [18, 0, 15, 3, 12, 8, 4, 16, 19, 1, 2, 14, 10, 5, 17, 9, 6, 11] at time 946
2025-04-30 03:29:42,480 asyncbase.py iterate [line:73] INFO Receive new models from clients [7, 13] at time 947
2025-04-30 03:29:42,517 fedbase.py run [line:318] INFO --------------Round 122--------------
2025-04-30 03:29:42,517 simple_logger.py log_once [line:14] INFO Current_time:947
2025-04-30 03:29:47,775 simple_logger.py log_once [line:28] INFO test_accuracy                 0.1959
2025-04-30 03:29:47,775 simple_logger.py log_once [line:28] INFO test_loss                     2.2238
2025-04-30 03:29:47,775 simple_logger.py log_once [line:28] INFO val_accuracy                  0.1889
2025-04-30 03:29:47,775 simple_logger.py log_once [line:28] INFO mean_val_accuracy             0.1889
2025-04-30 03:29:47,775 simple_logger.py log_once [line:28] INFO std_val_accuracy              0.0128
2025-04-30 03:29:47,775 simple_logger.py log_once [line:28] INFO val_loss                      2.2376
2025-04-30 03:29:47,775 simple_logger.py log_once [line:28] INFO mean_val_loss                 2.2376
2025-04-30 03:29:47,775 simple_logger.py log_once [line:28] INFO std_val_loss                  0.0151
2025-04-30 03:29:47,775 fedbase.py run [line:323] INFO expense           12107620.0
2025-04-30 03:29:47,775 fedbase.py run [line:324] INFO Eval Time Cost:               5.2579s
2025-04-30 03:29:47,775 asyncbase.py iterate [line:68] INFO Select clients [0, 1, 2, 3, 4, 5, 6, 7, 8, 9, 10, 11, 12, 13, 14, 15, 16, 17, 18, 19] at time 948.
2025-04-30 03:30:33,039 asyncbase.py iterate [line:73] INFO Receive new models from clients [5, 4, 3, 16, 12, 0, 8, 7, 14, 17, 15, 1, 10, 18, 2, 9, 11, 19] at time 954
2025-04-30 03:30:33,039 asyncbase.py iterate [line:73] INFO Receive new models from clients [13, 6] at time 955
2025-04-30 03:30:33,078 fedbase.py run [line:318] INFO --------------Round 123--------------
2025-04-30 03:30:33,078 simple_logger.py log_once [line:14] INFO Current_time:955
2025-04-30 03:30:38,371 simple_logger.py log_once [line:28] INFO test_accuracy                 0.1959
2025-04-30 03:30:38,371 simple_logger.py log_once [line:28] INFO test_loss                     2.2239
2025-04-30 03:30:38,371 simple_logger.py log_once [line:28] INFO val_accuracy                  0.1889
2025-04-30 03:30:38,372 simple_logger.py log_once [line:28] INFO mean_val_accuracy             0.1889
2025-04-30 03:30:38,372 simple_logger.py log_once [line:28] INFO std_val_accuracy              0.0128
2025-04-30 03:30:38,372 simple_logger.py log_once [line:28] INFO val_loss                      2.2376
2025-04-30 03:30:38,372 simple_logger.py log_once [line:28] INFO mean_val_loss                 2.2376
2025-04-30 03:30:38,372 simple_logger.py log_once [line:28] INFO std_val_loss                  0.0151
2025-04-30 03:30:38,372 fedbase.py run [line:323] INFO expense           12142020.0
2025-04-30 03:30:38,372 fedbase.py run [line:324] INFO Eval Time Cost:               5.2935s
2025-04-30 03:30:38,372 asyncbase.py iterate [line:68] INFO Select clients [0, 1, 2, 3, 4, 5, 6, 7, 8, 9, 10, 11, 12, 13, 14, 15, 16, 17, 18, 19] at time 956.
2025-04-30 03:31:23,129 asyncbase.py iterate [line:73] INFO Receive new models from clients [12, 8, 6, 14, 1, 15, 19, 7, 16, 9, 3, 5, 11, 10, 2, 17, 13, 18] at time 962
2025-04-30 03:31:23,130 asyncbase.py iterate [line:73] INFO Receive new models from clients [4, 0] at time 963
2025-04-30 03:31:23,171 fedbase.py run [line:318] INFO --------------Round 124--------------
2025-04-30 03:31:23,171 simple_logger.py log_once [line:14] INFO Current_time:963
2025-04-30 03:31:28,597 simple_logger.py log_once [line:28] INFO test_accuracy                 0.1959
2025-04-30 03:31:28,597 simple_logger.py log_once [line:28] INFO test_loss                     2.2239
2025-04-30 03:31:28,597 simple_logger.py log_once [line:28] INFO val_accuracy                  0.1889
2025-04-30 03:31:28,598 simple_logger.py log_once [line:28] INFO mean_val_accuracy             0.1889
2025-04-30 03:31:28,598 simple_logger.py log_once [line:28] INFO std_val_accuracy              0.0128
2025-04-30 03:31:28,598 simple_logger.py log_once [line:28] INFO val_loss                      2.2376
2025-04-30 03:31:28,598 simple_logger.py log_once [line:28] INFO mean_val_loss                 2.2376
2025-04-30 03:31:28,598 simple_logger.py log_once [line:28] INFO std_val_loss                  0.0151
2025-04-30 03:31:28,598 fedbase.py run [line:323] INFO expense           12176420.0
2025-04-30 03:31:28,598 fedbase.py run [line:324] INFO Eval Time Cost:               5.4271s
2025-04-30 03:31:28,598 asyncbase.py iterate [line:68] INFO Select clients [0, 1, 2, 3, 4, 5, 6, 7, 8, 9, 10, 11, 12, 13, 14, 15, 16, 17, 18, 19] at time 964.
2025-04-30 03:32:16,639 asyncbase.py iterate [line:73] INFO Receive new models from clients [17, 15, 14, 9, 6, 11, 13, 4, 7, 3, 19, 16, 8, 1, 18, 2, 0] at time 970
2025-04-30 03:32:16,639 asyncbase.py iterate [line:73] INFO Receive new models from clients [5, 12, 10] at time 971
2025-04-30 03:32:16,678 fedbase.py run [line:318] INFO --------------Round 125--------------
2025-04-30 03:32:16,679 simple_logger.py log_once [line:14] INFO Current_time:971
2025-04-30 03:32:21,985 simple_logger.py log_once [line:28] INFO test_accuracy                 0.1959
2025-04-30 03:32:21,985 simple_logger.py log_once [line:28] INFO test_loss                     2.2238
2025-04-30 03:32:21,985 simple_logger.py log_once [line:28] INFO val_accuracy                  0.1889
2025-04-30 03:32:21,985 simple_logger.py log_once [line:28] INFO mean_val_accuracy             0.1889
2025-04-30 03:32:21,985 simple_logger.py log_once [line:28] INFO std_val_accuracy              0.0128
2025-04-30 03:32:21,985 simple_logger.py log_once [line:28] INFO val_loss                      2.2376
2025-04-30 03:32:21,985 simple_logger.py log_once [line:28] INFO mean_val_loss                 2.2376
2025-04-30 03:32:21,985 simple_logger.py log_once [line:28] INFO std_val_loss                  0.0151
2025-04-30 03:32:21,985 fedbase.py run [line:323] INFO expense           12210820.0
2025-04-30 03:32:21,985 fedbase.py run [line:324] INFO Eval Time Cost:               5.3067s
2025-04-30 03:32:21,985 asyncbase.py iterate [line:68] INFO Select clients [0, 1, 2, 3, 4, 5, 6, 7, 8, 9, 10, 11, 12, 13, 14, 15, 16, 17, 18, 19] at time 972.
2025-04-30 03:33:10,616 asyncbase.py iterate [line:73] INFO Receive new models from clients [0, 7, 5, 4, 16, 9, 14, 17, 19, 13, 8, 11, 1, 18, 12, 15, 6, 3] at time 978
2025-04-30 03:33:10,617 asyncbase.py iterate [line:73] INFO Receive new models from clients [10, 2] at time 979
2025-04-30 03:33:10,660 fedbase.py run [line:318] INFO --------------Round 126--------------
2025-04-30 03:33:10,660 simple_logger.py log_once [line:14] INFO Current_time:979
2025-04-30 03:33:15,952 simple_logger.py log_once [line:28] INFO test_accuracy                 0.1959
2025-04-30 03:33:15,953 simple_logger.py log_once [line:28] INFO test_loss                     2.2238
2025-04-30 03:33:15,953 simple_logger.py log_once [line:28] INFO val_accuracy                  0.1889
2025-04-30 03:33:15,953 simple_logger.py log_once [line:28] INFO mean_val_accuracy             0.1889
2025-04-30 03:33:15,953 simple_logger.py log_once [line:28] INFO std_val_accuracy              0.0128
2025-04-30 03:33:15,953 simple_logger.py log_once [line:28] INFO val_loss                      2.2376
2025-04-30 03:33:15,953 simple_logger.py log_once [line:28] INFO mean_val_loss                 2.2376
2025-04-30 03:33:15,953 simple_logger.py log_once [line:28] INFO std_val_loss                  0.0151
2025-04-30 03:33:15,953 fedbase.py run [line:323] INFO expense           12245220.0
2025-04-30 03:33:15,953 fedbase.py run [line:324] INFO Eval Time Cost:               5.2927s
2025-04-30 03:33:15,953 asyncbase.py iterate [line:68] INFO Select clients [0, 1, 2, 3, 4, 5, 6, 7, 8, 9, 10, 11, 12, 13, 14, 15, 16, 17, 18, 19] at time 980.
2025-04-30 03:34:00,876 asyncbase.py iterate [line:73] INFO Receive new models from clients [5, 2, 10, 16, 1, 14, 11, 15, 19, 17, 12, 18, 4, 13, 3, 7, 0, 6] at time 986
2025-04-30 03:34:00,876 asyncbase.py iterate [line:73] INFO Receive new models from clients [9, 8] at time 987
2025-04-30 03:34:00,912 fedbase.py run [line:318] INFO --------------Round 127--------------
2025-04-30 03:34:00,913 simple_logger.py log_once [line:14] INFO Current_time:987
2025-04-30 03:34:06,128 simple_logger.py log_once [line:28] INFO test_accuracy                 0.1959
2025-04-30 03:34:06,129 simple_logger.py log_once [line:28] INFO test_loss                     2.2239
2025-04-30 03:34:06,129 simple_logger.py log_once [line:28] INFO val_accuracy                  0.1889
2025-04-30 03:34:06,129 simple_logger.py log_once [line:28] INFO mean_val_accuracy             0.1889
2025-04-30 03:34:06,129 simple_logger.py log_once [line:28] INFO std_val_accuracy              0.0128
2025-04-30 03:34:06,129 simple_logger.py log_once [line:28] INFO val_loss                      2.2376
2025-04-30 03:34:06,129 simple_logger.py log_once [line:28] INFO mean_val_loss                 2.2376
2025-04-30 03:34:06,129 simple_logger.py log_once [line:28] INFO std_val_loss                  0.0151
2025-04-30 03:34:06,129 fedbase.py run [line:323] INFO expense           12279620.0
2025-04-30 03:34:06,129 fedbase.py run [line:324] INFO Eval Time Cost:               5.2165s
2025-04-30 03:34:06,129 asyncbase.py iterate [line:68] INFO Select clients [0, 1, 2, 3, 4, 5, 6, 7, 8, 9, 10, 11, 12, 13, 14, 15, 16, 17, 18, 19] at time 988.
2025-04-30 03:34:47,454 asyncbase.py iterate [line:73] INFO Receive new models from clients [14, 12, 3, 13, 18, 9, 16, 0, 6, 19, 5, 1, 4, 10, 17] at time 994
2025-04-30 03:34:47,455 asyncbase.py iterate [line:73] INFO Receive new models from clients [2, 15, 11, 7, 8] at time 995
2025-04-30 03:34:47,494 fedbase.py run [line:318] INFO --------------Round 128--------------
2025-04-30 03:34:47,494 simple_logger.py log_once [line:14] INFO Current_time:995
2025-04-30 03:34:52,644 simple_logger.py log_once [line:28] INFO test_accuracy                 0.1959
2025-04-30 03:34:52,644 simple_logger.py log_once [line:28] INFO test_loss                     2.2239
2025-04-30 03:34:52,644 simple_logger.py log_once [line:28] INFO val_accuracy                  0.1889
2025-04-30 03:34:52,644 simple_logger.py log_once [line:28] INFO mean_val_accuracy             0.1889
2025-04-30 03:34:52,644 simple_logger.py log_once [line:28] INFO std_val_accuracy              0.0128
2025-04-30 03:34:52,644 simple_logger.py log_once [line:28] INFO val_loss                      2.2376
2025-04-30 03:34:52,644 simple_logger.py log_once [line:28] INFO mean_val_loss                 2.2376
2025-04-30 03:34:52,645 simple_logger.py log_once [line:28] INFO std_val_loss                  0.0151
2025-04-30 03:34:52,645 fedbase.py run [line:323] INFO expense           12314020.0
2025-04-30 03:34:52,645 fedbase.py run [line:324] INFO Eval Time Cost:               5.1504s
2025-04-30 03:34:52,645 asyncbase.py iterate [line:68] INFO Select clients [0, 1, 2, 3, 4, 5, 6, 7, 8, 9, 10, 11, 12, 13, 14, 15, 16, 17, 18, 19] at time 996.
2025-04-30 03:35:30,322 asyncbase.py iterate [line:73] INFO Receive new models from clients [12, 11, 15, 16, 4, 13, 17, 18, 14, 19, 9, 3, 7, 6, 8, 0, 1, 10, 2] at time 1002
2025-04-30 03:35:30,322 asyncbase.py iterate [line:73] INFO Receive new models from clients [5] at time 1003
2025-04-30 03:35:30,359 fedbase.py run [line:318] INFO --------------Round 129--------------
2025-04-30 03:35:30,359 simple_logger.py log_once [line:14] INFO Current_time:1003
2025-04-30 03:35:35,512 simple_logger.py log_once [line:28] INFO test_accuracy                 0.1959
2025-04-30 03:35:35,513 simple_logger.py log_once [line:28] INFO test_loss                     2.2238
2025-04-30 03:35:35,513 simple_logger.py log_once [line:28] INFO val_accuracy                  0.1889
2025-04-30 03:35:35,513 simple_logger.py log_once [line:28] INFO mean_val_accuracy             0.1889
2025-04-30 03:35:35,513 simple_logger.py log_once [line:28] INFO std_val_accuracy              0.0128
2025-04-30 03:35:35,513 simple_logger.py log_once [line:28] INFO val_loss                      2.2376
2025-04-30 03:35:35,513 simple_logger.py log_once [line:28] INFO mean_val_loss                 2.2376
2025-04-30 03:35:35,513 simple_logger.py log_once [line:28] INFO std_val_loss                  0.0151
2025-04-30 03:35:35,513 fedbase.py run [line:323] INFO expense           12348420.0
2025-04-30 03:35:35,513 fedbase.py run [line:324] INFO Eval Time Cost:               5.1541s
2025-04-30 03:35:35,513 asyncbase.py iterate [line:68] INFO Select clients [0, 1, 2, 3, 4, 5, 6, 7, 8, 9, 10, 11, 12, 13, 14, 15, 16, 17, 18, 19] at time 1004.
2025-04-30 03:36:12,502 asyncbase.py iterate [line:73] INFO Receive new models from clients [17, 7, 9, 8, 1, 2, 4, 10, 15, 6, 12, 14, 11, 0, 18, 13] at time 1010
2025-04-30 03:36:12,502 asyncbase.py iterate [line:73] INFO Receive new models from clients [19, 16, 5, 3] at time 1011
2025-04-30 03:36:12,538 fedbase.py run [line:318] INFO --------------Round 130--------------
2025-04-30 03:36:12,539 simple_logger.py log_once [line:14] INFO Current_time:1011
2025-04-30 03:36:17,617 simple_logger.py log_once [line:28] INFO test_accuracy                 0.1959
2025-04-30 03:36:17,617 simple_logger.py log_once [line:28] INFO test_loss                     2.2238
2025-04-30 03:36:17,617 simple_logger.py log_once [line:28] INFO val_accuracy                  0.1889
2025-04-30 03:36:17,617 simple_logger.py log_once [line:28] INFO mean_val_accuracy             0.1889
2025-04-30 03:36:17,617 simple_logger.py log_once [line:28] INFO std_val_accuracy              0.0128
2025-04-30 03:36:17,617 simple_logger.py log_once [line:28] INFO val_loss                      2.2376
2025-04-30 03:36:17,617 simple_logger.py log_once [line:28] INFO mean_val_loss                 2.2376
2025-04-30 03:36:17,617 simple_logger.py log_once [line:28] INFO std_val_loss                  0.0151
2025-04-30 03:36:17,617 fedbase.py run [line:323] INFO expense           12382820.0
2025-04-30 03:36:17,617 fedbase.py run [line:324] INFO Eval Time Cost:               5.0787s
2025-04-30 03:36:17,617 asyncbase.py iterate [line:68] INFO Select clients [0, 1, 2, 3, 4, 5, 6, 7, 8, 9, 10, 11, 12, 13, 14, 15, 16, 17, 18, 19] at time 1012.
2025-04-30 03:36:53,604 asyncbase.py iterate [line:73] INFO Receive new models from clients [16, 4, 18, 17, 5, 19, 7, 1, 0, 3, 11, 6, 15, 9, 10, 8, 2] at time 1018
2025-04-30 03:36:53,605 asyncbase.py iterate [line:73] INFO Receive new models from clients [14, 12, 13] at time 1019
2025-04-30 03:36:53,640 fedbase.py run [line:318] INFO --------------Round 131--------------
2025-04-30 03:36:53,640 simple_logger.py log_once [line:14] INFO Current_time:1019
2025-04-30 03:36:58,764 simple_logger.py log_once [line:28] INFO test_accuracy                 0.1959
2025-04-30 03:36:58,765 simple_logger.py log_once [line:28] INFO test_loss                     2.2239
2025-04-30 03:36:58,765 simple_logger.py log_once [line:28] INFO val_accuracy                  0.1889
2025-04-30 03:36:58,765 simple_logger.py log_once [line:28] INFO mean_val_accuracy             0.1889
2025-04-30 03:36:58,765 simple_logger.py log_once [line:28] INFO std_val_accuracy              0.0128
2025-04-30 03:36:58,765 simple_logger.py log_once [line:28] INFO val_loss                      2.2376
2025-04-30 03:36:58,765 simple_logger.py log_once [line:28] INFO mean_val_loss                 2.2376
2025-04-30 03:36:58,765 simple_logger.py log_once [line:28] INFO std_val_loss                  0.0151
2025-04-30 03:36:58,765 fedbase.py run [line:323] INFO expense           12417220.0
2025-04-30 03:36:58,765 fedbase.py run [line:324] INFO Eval Time Cost:               5.1253s
2025-04-30 03:36:58,765 asyncbase.py iterate [line:68] INFO Select clients [0, 1, 2, 3, 4, 5, 6, 7, 8, 9, 10, 11, 12, 13, 14, 15, 16, 17, 18, 19] at time 1020.
2025-04-30 03:37:34,935 asyncbase.py iterate [line:73] INFO Receive new models from clients [16, 0, 3, 5, 14, 2, 9, 10, 19, 18, 13, 1, 7, 17, 8, 15] at time 1026
2025-04-30 03:37:34,935 asyncbase.py iterate [line:73] INFO Receive new models from clients [6, 11, 4, 12] at time 1027
2025-04-30 03:37:34,971 fedbase.py run [line:318] INFO --------------Round 132--------------
2025-04-30 03:37:34,971 simple_logger.py log_once [line:14] INFO Current_time:1027
2025-04-30 03:37:40,075 simple_logger.py log_once [line:28] INFO test_accuracy                 0.1959
2025-04-30 03:37:40,075 simple_logger.py log_once [line:28] INFO test_loss                     2.2239
2025-04-30 03:37:40,075 simple_logger.py log_once [line:28] INFO val_accuracy                  0.1889
2025-04-30 03:37:40,075 simple_logger.py log_once [line:28] INFO mean_val_accuracy             0.1889
2025-04-30 03:37:40,075 simple_logger.py log_once [line:28] INFO std_val_accuracy              0.0128
2025-04-30 03:37:40,075 simple_logger.py log_once [line:28] INFO val_loss                      2.2375
2025-04-30 03:37:40,075 simple_logger.py log_once [line:28] INFO mean_val_loss                 2.2375
2025-04-30 03:37:40,075 simple_logger.py log_once [line:28] INFO std_val_loss                  0.0151
2025-04-30 03:37:40,075 fedbase.py run [line:323] INFO expense           12451620.0
2025-04-30 03:37:40,075 fedbase.py run [line:324] INFO Eval Time Cost:               5.1039s
2025-04-30 03:37:40,075 asyncbase.py iterate [line:68] INFO Select clients [0, 1, 2, 3, 4, 5, 6, 7, 8, 9, 10, 11, 12, 13, 14, 15, 16, 17, 18, 19] at time 1028.
2025-04-30 03:38:15,940 asyncbase.py iterate [line:73] INFO Receive new models from clients [10, 4, 8, 1, 18, 3, 6, 7, 12, 9, 19, 5, 16, 14, 13, 0, 2, 11] at time 1034
2025-04-30 03:38:15,941 asyncbase.py iterate [line:73] INFO Receive new models from clients [15, 17] at time 1035
2025-04-30 03:38:15,976 fedbase.py run [line:318] INFO --------------Round 133--------------
2025-04-30 03:38:15,976 simple_logger.py log_once [line:14] INFO Current_time:1035
2025-04-30 03:38:21,094 simple_logger.py log_once [line:28] INFO test_accuracy                 0.1959
2025-04-30 03:38:21,094 simple_logger.py log_once [line:28] INFO test_loss                     2.2239
2025-04-30 03:38:21,094 simple_logger.py log_once [line:28] INFO val_accuracy                  0.1889
2025-04-30 03:38:21,094 simple_logger.py log_once [line:28] INFO mean_val_accuracy             0.1889
2025-04-30 03:38:21,094 simple_logger.py log_once [line:28] INFO std_val_accuracy              0.0128
2025-04-30 03:38:21,094 simple_logger.py log_once [line:28] INFO val_loss                      2.2375
2025-04-30 03:38:21,094 simple_logger.py log_once [line:28] INFO mean_val_loss                 2.2375
2025-04-30 03:38:21,094 simple_logger.py log_once [line:28] INFO std_val_loss                  0.0151
2025-04-30 03:38:21,094 fedbase.py run [line:323] INFO expense           12486020.0
2025-04-30 03:38:21,095 fedbase.py run [line:324] INFO Eval Time Cost:               5.1180s
2025-04-30 03:38:21,095 asyncbase.py iterate [line:68] INFO Select clients [0, 1, 2, 3, 4, 5, 6, 7, 8, 9, 10, 11, 12, 13, 14, 15, 16, 17, 18, 19] at time 1036.
2025-04-30 03:38:55,592 asyncbase.py iterate [line:73] INFO Receive new models from clients [8, 9, 17, 14, 2, 15, 10, 7, 16, 11, 0, 5, 18, 13, 19, 6, 4, 1] at time 1042
2025-04-30 03:38:55,592 asyncbase.py iterate [line:73] INFO Receive new models from clients [3, 12] at time 1043
2025-04-30 03:38:55,628 fedbase.py run [line:318] INFO --------------Round 134--------------
2025-04-30 03:38:55,628 simple_logger.py log_once [line:14] INFO Current_time:1043
2025-04-30 03:39:00,706 simple_logger.py log_once [line:28] INFO test_accuracy                 0.1959
2025-04-30 03:39:00,706 simple_logger.py log_once [line:28] INFO test_loss                     2.2239
2025-04-30 03:39:00,706 simple_logger.py log_once [line:28] INFO val_accuracy                  0.1889
2025-04-30 03:39:00,706 simple_logger.py log_once [line:28] INFO mean_val_accuracy             0.1889
2025-04-30 03:39:00,706 simple_logger.py log_once [line:28] INFO std_val_accuracy              0.0128
2025-04-30 03:39:00,706 simple_logger.py log_once [line:28] INFO val_loss                      2.2376
2025-04-30 03:39:00,706 simple_logger.py log_once [line:28] INFO mean_val_loss                 2.2376
2025-04-30 03:39:00,706 simple_logger.py log_once [line:28] INFO std_val_loss                  0.0151
2025-04-30 03:39:00,706 fedbase.py run [line:323] INFO expense           12520420.0
2025-04-30 03:39:00,706 fedbase.py run [line:324] INFO Eval Time Cost:               5.0785s
2025-04-30 03:39:00,706 asyncbase.py iterate [line:68] INFO Select clients [0, 1, 2, 3, 4, 5, 6, 7, 8, 9, 10, 11, 12, 13, 14, 15, 16, 17, 18, 19] at time 1044.
2025-04-30 03:39:34,918 asyncbase.py iterate [line:73] INFO Receive new models from clients [6, 10, 14, 18, 12, 19, 4, 8, 9, 1, 17, 0, 7, 3, 15] at time 1050
2025-04-30 03:39:34,919 asyncbase.py iterate [line:73] INFO Receive new models from clients [5, 2, 16, 11, 13] at time 1051
2025-04-30 03:39:34,957 fedbase.py run [line:318] INFO --------------Round 135--------------
2025-04-30 03:39:34,957 simple_logger.py log_once [line:14] INFO Current_time:1051
2025-04-30 03:39:39,993 simple_logger.py log_once [line:28] INFO test_accuracy                 0.1959
2025-04-30 03:39:39,993 simple_logger.py log_once [line:28] INFO test_loss                     2.2239
2025-04-30 03:39:39,993 simple_logger.py log_once [line:28] INFO val_accuracy                  0.1889
2025-04-30 03:39:39,993 simple_logger.py log_once [line:28] INFO mean_val_accuracy             0.1889
2025-04-30 03:39:39,993 simple_logger.py log_once [line:28] INFO std_val_accuracy              0.0128
2025-04-30 03:39:39,993 simple_logger.py log_once [line:28] INFO val_loss                      2.2376
2025-04-30 03:39:39,993 simple_logger.py log_once [line:28] INFO mean_val_loss                 2.2376
2025-04-30 03:39:39,994 simple_logger.py log_once [line:28] INFO std_val_loss                  0.0151
2025-04-30 03:39:39,994 fedbase.py run [line:323] INFO expense           12554820.0
2025-04-30 03:39:39,994 fedbase.py run [line:324] INFO Eval Time Cost:               5.0363s
2025-04-30 03:39:39,994 asyncbase.py iterate [line:68] INFO Select clients [0, 1, 2, 3, 4, 5, 6, 7, 8, 9, 10, 11, 12, 13, 14, 15, 16, 17, 18, 19] at time 1052.
2025-04-30 03:40:14,205 asyncbase.py iterate [line:73] INFO Receive new models from clients [10, 17, 12, 15, 7, 1, 2, 3, 8, 19, 5, 16, 4, 18, 13, 11, 9, 0, 14] at time 1058
2025-04-30 03:40:14,205 asyncbase.py iterate [line:73] INFO Receive new models from clients [6] at time 1059
2025-04-30 03:40:14,241 fedbase.py run [line:318] INFO --------------Round 136--------------
2025-04-30 03:40:14,241 simple_logger.py log_once [line:14] INFO Current_time:1059
2025-04-30 03:40:19,311 simple_logger.py log_once [line:28] INFO test_accuracy                 0.1959
2025-04-30 03:40:19,311 simple_logger.py log_once [line:28] INFO test_loss                     2.2238
2025-04-30 03:40:19,311 simple_logger.py log_once [line:28] INFO val_accuracy                  0.1889
2025-04-30 03:40:19,312 simple_logger.py log_once [line:28] INFO mean_val_accuracy             0.1889
2025-04-30 03:40:19,312 simple_logger.py log_once [line:28] INFO std_val_accuracy              0.0128
2025-04-30 03:40:19,312 simple_logger.py log_once [line:28] INFO val_loss                      2.2376
2025-04-30 03:40:19,312 simple_logger.py log_once [line:28] INFO mean_val_loss                 2.2376
2025-04-30 03:40:19,312 simple_logger.py log_once [line:28] INFO std_val_loss                  0.0151
2025-04-30 03:40:19,312 fedbase.py run [line:323] INFO expense           12589220.0
2025-04-30 03:40:19,312 fedbase.py run [line:324] INFO Eval Time Cost:               5.0711s
2025-04-30 03:40:19,312 asyncbase.py iterate [line:68] INFO Select clients [0, 1, 2, 3, 4, 5, 6, 7, 8, 9, 10, 11, 12, 13, 14, 15, 16, 17, 18, 19] at time 1060.
2025-04-30 03:40:53,907 asyncbase.py iterate [line:73] INFO Receive new models from clients [19, 2, 15, 7, 10, 0, 16, 8, 1, 4, 6, 5, 12, 17, 9, 11, 3] at time 1066
2025-04-30 03:40:53,908 asyncbase.py iterate [line:73] INFO Receive new models from clients [13, 18, 14] at time 1067
2025-04-30 03:40:53,943 fedbase.py run [line:318] INFO --------------Round 137--------------
2025-04-30 03:40:53,943 simple_logger.py log_once [line:14] INFO Current_time:1067
2025-04-30 03:40:59,042 simple_logger.py log_once [line:28] INFO test_accuracy                 0.1959
2025-04-30 03:40:59,042 simple_logger.py log_once [line:28] INFO test_loss                     2.2239
2025-04-30 03:40:59,042 simple_logger.py log_once [line:28] INFO val_accuracy                  0.1889
2025-04-30 03:40:59,042 simple_logger.py log_once [line:28] INFO mean_val_accuracy             0.1889
2025-04-30 03:40:59,042 simple_logger.py log_once [line:28] INFO std_val_accuracy              0.0128
2025-04-30 03:40:59,042 simple_logger.py log_once [line:28] INFO val_loss                      2.2376
2025-04-30 03:40:59,042 simple_logger.py log_once [line:28] INFO mean_val_loss                 2.2376
2025-04-30 03:40:59,042 simple_logger.py log_once [line:28] INFO std_val_loss                  0.0151
2025-04-30 03:40:59,043 fedbase.py run [line:323] INFO expense           12623620.0
2025-04-30 03:40:59,043 fedbase.py run [line:324] INFO Eval Time Cost:               5.0994s
2025-04-30 03:40:59,043 asyncbase.py iterate [line:68] INFO Select clients [0, 1, 2, 3, 4, 5, 6, 7, 8, 9, 10, 11, 12, 13, 14, 15, 16, 17, 18, 19] at time 1068.
2025-04-30 03:41:33,430 asyncbase.py iterate [line:73] INFO Receive new models from clients [6, 16, 9, 4, 1, 0, 12, 5, 10, 13, 18, 2, 19, 8, 11, 14] at time 1074
2025-04-30 03:41:33,431 asyncbase.py iterate [line:73] INFO Receive new models from clients [3, 15, 7, 17] at time 1075
2025-04-30 03:41:33,466 fedbase.py run [line:318] INFO --------------Round 138--------------
2025-04-30 03:41:33,467 simple_logger.py log_once [line:14] INFO Current_time:1075
2025-04-30 03:41:38,574 simple_logger.py log_once [line:28] INFO test_accuracy                 0.1959
2025-04-30 03:41:38,574 simple_logger.py log_once [line:28] INFO test_loss                     2.2239
2025-04-30 03:41:38,575 simple_logger.py log_once [line:28] INFO val_accuracy                  0.1889
2025-04-30 03:41:38,575 simple_logger.py log_once [line:28] INFO mean_val_accuracy             0.1889
2025-04-30 03:41:38,575 simple_logger.py log_once [line:28] INFO std_val_accuracy              0.0128
2025-04-30 03:41:38,575 simple_logger.py log_once [line:28] INFO val_loss                      2.2376
2025-04-30 03:41:38,575 simple_logger.py log_once [line:28] INFO mean_val_loss                 2.2376
2025-04-30 03:41:38,575 simple_logger.py log_once [line:28] INFO std_val_loss                  0.0151
2025-04-30 03:41:38,575 fedbase.py run [line:323] INFO expense           12658020.0
2025-04-30 03:41:38,575 fedbase.py run [line:324] INFO Eval Time Cost:               5.1083s
2025-04-30 03:41:38,575 asyncbase.py iterate [line:68] INFO Select clients [0, 1, 2, 3, 4, 5, 6, 7, 8, 9, 10, 11, 12, 13, 14, 15, 16, 17, 18, 19] at time 1076.
2025-04-30 03:42:13,583 asyncbase.py iterate [line:73] INFO Receive new models from clients [17, 15, 16, 1, 13, 8, 3, 19, 18, 6, 12, 14, 0, 11, 9, 7, 2] at time 1082
2025-04-30 03:42:13,583 asyncbase.py iterate [line:73] INFO Receive new models from clients [5, 10, 4] at time 1083
2025-04-30 03:42:13,619 fedbase.py run [line:318] INFO --------------Round 139--------------
2025-04-30 03:42:13,620 simple_logger.py log_once [line:14] INFO Current_time:1083
2025-04-30 03:42:19,040 simple_logger.py log_once [line:28] INFO test_accuracy                 0.1959
2025-04-30 03:42:19,041 simple_logger.py log_once [line:28] INFO test_loss                     2.2238
2025-04-30 03:42:19,041 simple_logger.py log_once [line:28] INFO val_accuracy                  0.1889
2025-04-30 03:42:19,041 simple_logger.py log_once [line:28] INFO mean_val_accuracy             0.1889
2025-04-30 03:42:19,042 simple_logger.py log_once [line:28] INFO std_val_accuracy              0.0128
2025-04-30 03:42:19,042 simple_logger.py log_once [line:28] INFO val_loss                      2.2376
2025-04-30 03:42:19,042 simple_logger.py log_once [line:28] INFO mean_val_loss                 2.2376
2025-04-30 03:42:19,042 simple_logger.py log_once [line:28] INFO std_val_loss                  0.0151
2025-04-30 03:42:19,042 fedbase.py run [line:323] INFO expense           12692420.0
2025-04-30 03:42:19,042 fedbase.py run [line:324] INFO Eval Time Cost:               5.4223s
2025-04-30 03:42:19,042 asyncbase.py iterate [line:68] INFO Select clients [0, 1, 2, 3, 4, 5, 6, 7, 8, 9, 10, 11, 12, 13, 14, 15, 16, 17, 18, 19] at time 1084.
2025-04-30 03:42:53,542 asyncbase.py iterate [line:73] INFO Receive new models from clients [11, 7, 0, 13, 15, 9, 17, 12, 5, 10, 3, 14, 4, 1, 8, 16, 19, 2] at time 1090
2025-04-30 03:42:53,543 asyncbase.py iterate [line:73] INFO Receive new models from clients [6, 18] at time 1091
2025-04-30 03:42:53,578 fedbase.py run [line:318] INFO --------------Round 140--------------
2025-04-30 03:42:53,578 simple_logger.py log_once [line:14] INFO Current_time:1091
2025-04-30 03:42:58,653 simple_logger.py log_once [line:28] INFO test_accuracy                 0.1959
2025-04-30 03:42:58,653 simple_logger.py log_once [line:28] INFO test_loss                     2.2239
2025-04-30 03:42:58,653 simple_logger.py log_once [line:28] INFO val_accuracy                  0.1889
2025-04-30 03:42:58,653 simple_logger.py log_once [line:28] INFO mean_val_accuracy             0.1889
2025-04-30 03:42:58,653 simple_logger.py log_once [line:28] INFO std_val_accuracy              0.0128
2025-04-30 03:42:58,653 simple_logger.py log_once [line:28] INFO val_loss                      2.2376
2025-04-30 03:42:58,653 simple_logger.py log_once [line:28] INFO mean_val_loss                 2.2376
2025-04-30 03:42:58,653 simple_logger.py log_once [line:28] INFO std_val_loss                  0.0151
2025-04-30 03:42:58,653 fedbase.py run [line:323] INFO expense           12726820.0
2025-04-30 03:42:58,653 fedbase.py run [line:324] INFO Eval Time Cost:               5.0754s
2025-04-30 03:42:58,654 asyncbase.py iterate [line:68] INFO Select clients [0, 1, 2, 3, 4, 5, 6, 7, 8, 9, 10, 11, 12, 13, 14, 15, 16, 17, 18, 19] at time 1092.
2025-04-30 03:43:32,543 asyncbase.py iterate [line:73] INFO Receive new models from clients [7, 15, 11, 17, 19, 5, 8, 0, 9, 10, 6, 12, 3, 2, 13, 4, 14, 16, 18, 1] at time 1098
2025-04-30 03:43:32,578 fedbase.py run [line:318] INFO --------------Round 141--------------
2025-04-30 03:43:32,578 simple_logger.py log_once [line:14] INFO Current_time:1098
2025-04-30 03:43:37,641 simple_logger.py log_once [line:28] INFO test_accuracy                 0.1959
2025-04-30 03:43:37,641 simple_logger.py log_once [line:28] INFO test_loss                     2.2238
2025-04-30 03:43:37,641 simple_logger.py log_once [line:28] INFO val_accuracy                  0.1889
2025-04-30 03:43:37,641 simple_logger.py log_once [line:28] INFO mean_val_accuracy             0.1889
2025-04-30 03:43:37,641 simple_logger.py log_once [line:28] INFO std_val_accuracy              0.0128
2025-04-30 03:43:37,641 simple_logger.py log_once [line:28] INFO val_loss                      2.2376
2025-04-30 03:43:37,642 simple_logger.py log_once [line:28] INFO mean_val_loss                 2.2376
2025-04-30 03:43:37,642 simple_logger.py log_once [line:28] INFO std_val_loss                  0.0151
2025-04-30 03:43:37,642 fedbase.py run [line:323] INFO expense           12761220.0
2025-04-30 03:43:37,642 fedbase.py run [line:324] INFO Eval Time Cost:               5.0633s
2025-04-30 03:43:37,642 asyncbase.py iterate [line:68] INFO Select clients [0, 1, 2, 3, 4, 5, 6, 7, 8, 9, 10, 11, 12, 13, 14, 15, 16, 17, 18, 19] at time 1099.
2025-04-30 03:44:11,561 asyncbase.py iterate [line:73] INFO Receive new models from clients [8, 19, 3, 13, 16, 18, 4, 17, 0, 12, 9, 5, 1, 15, 7, 11, 10, 14, 6] at time 1105
2025-04-30 03:44:11,562 asyncbase.py iterate [line:73] INFO Receive new models from clients [2] at time 1106
2025-04-30 03:44:11,597 fedbase.py run [line:318] INFO --------------Round 142--------------
2025-04-30 03:44:11,597 simple_logger.py log_once [line:14] INFO Current_time:1106
2025-04-30 03:44:16,658 simple_logger.py log_once [line:28] INFO test_accuracy                 0.1959
2025-04-30 03:44:16,658 simple_logger.py log_once [line:28] INFO test_loss                     2.2239
2025-04-30 03:44:16,658 simple_logger.py log_once [line:28] INFO val_accuracy                  0.1889
2025-04-30 03:44:16,658 simple_logger.py log_once [line:28] INFO mean_val_accuracy             0.1889
2025-04-30 03:44:16,658 simple_logger.py log_once [line:28] INFO std_val_accuracy              0.0128
2025-04-30 03:44:16,658 simple_logger.py log_once [line:28] INFO val_loss                      2.2375
2025-04-30 03:44:16,658 simple_logger.py log_once [line:28] INFO mean_val_loss                 2.2375
2025-04-30 03:44:16,658 simple_logger.py log_once [line:28] INFO std_val_loss                  0.0151
2025-04-30 03:44:16,658 fedbase.py run [line:323] INFO expense           12795620.0
2025-04-30 03:44:16,658 fedbase.py run [line:324] INFO Eval Time Cost:               5.0616s
2025-04-30 03:44:16,658 asyncbase.py iterate [line:68] INFO Select clients [0, 1, 2, 3, 4, 5, 6, 7, 8, 9, 10, 11, 12, 13, 14, 15, 16, 17, 18, 19] at time 1107.
2025-04-30 03:44:50,847 asyncbase.py iterate [line:73] INFO Receive new models from clients [1, 19, 5, 2, 12, 7, 16, 8, 17, 10, 14, 13, 18, 4, 15, 9, 0, 3, 6] at time 1113
2025-04-30 03:44:50,848 asyncbase.py iterate [line:73] INFO Receive new models from clients [11] at time 1114
2025-04-30 03:44:50,885 fedbase.py run [line:318] INFO --------------Round 143--------------
2025-04-30 03:44:50,885 simple_logger.py log_once [line:14] INFO Current_time:1114
2025-04-30 03:44:55,986 simple_logger.py log_once [line:28] INFO test_accuracy                 0.1959
2025-04-30 03:44:55,986 simple_logger.py log_once [line:28] INFO test_loss                     2.2238
2025-04-30 03:44:55,986 simple_logger.py log_once [line:28] INFO val_accuracy                  0.1889
2025-04-30 03:44:55,986 simple_logger.py log_once [line:28] INFO mean_val_accuracy             0.1889
2025-04-30 03:44:55,986 simple_logger.py log_once [line:28] INFO std_val_accuracy              0.0128
2025-04-30 03:44:55,986 simple_logger.py log_once [line:28] INFO val_loss                      2.2376
2025-04-30 03:44:55,986 simple_logger.py log_once [line:28] INFO mean_val_loss                 2.2376
2025-04-30 03:44:55,986 simple_logger.py log_once [line:28] INFO std_val_loss                  0.0152
2025-04-30 03:44:55,986 fedbase.py run [line:323] INFO expense           12830020.0
2025-04-30 03:44:55,986 fedbase.py run [line:324] INFO Eval Time Cost:               5.1014s
2025-04-30 03:44:55,986 asyncbase.py iterate [line:68] INFO Select clients [0, 1, 2, 3, 4, 5, 6, 7, 8, 9, 10, 11, 12, 13, 14, 15, 16, 17, 18, 19] at time 1115.
2025-04-30 03:45:30,233 asyncbase.py iterate [line:73] INFO Receive new models from clients [14, 7, 9, 6, 4, 1, 18, 3, 11, 5, 17, 8, 16, 2, 12, 15] at time 1121
2025-04-30 03:45:30,233 asyncbase.py iterate [line:73] INFO Receive new models from clients [13, 10, 0, 19] at time 1122
2025-04-30 03:45:30,268 fedbase.py run [line:318] INFO --------------Round 144--------------
2025-04-30 03:45:30,268 simple_logger.py log_once [line:14] INFO Current_time:1122
2025-04-30 03:45:35,467 simple_logger.py log_once [line:28] INFO test_accuracy                 0.1959
2025-04-30 03:45:35,467 simple_logger.py log_once [line:28] INFO test_loss                     2.2239
2025-04-30 03:45:35,467 simple_logger.py log_once [line:28] INFO val_accuracy                  0.1889
2025-04-30 03:45:35,467 simple_logger.py log_once [line:28] INFO mean_val_accuracy             0.1889
2025-04-30 03:45:35,467 simple_logger.py log_once [line:28] INFO std_val_accuracy              0.0128
2025-04-30 03:45:35,467 simple_logger.py log_once [line:28] INFO val_loss                      2.2375
2025-04-30 03:45:35,467 simple_logger.py log_once [line:28] INFO mean_val_loss                 2.2375
2025-04-30 03:45:35,467 simple_logger.py log_once [line:28] INFO std_val_loss                  0.0151
2025-04-30 03:45:35,467 fedbase.py run [line:323] INFO expense           12864420.0
2025-04-30 03:45:35,467 fedbase.py run [line:324] INFO Eval Time Cost:               5.1993s
2025-04-30 03:45:35,468 asyncbase.py iterate [line:68] INFO Select clients [0, 1, 2, 3, 4, 5, 6, 7, 8, 9, 10, 11, 12, 13, 14, 15, 16, 17, 18, 19] at time 1123.
2025-04-30 03:46:09,673 asyncbase.py iterate [line:73] INFO Receive new models from clients [9, 2, 1, 10, 8, 12, 16, 17, 13, 19, 14, 11, 4, 6, 15, 5, 18, 7, 0, 3] at time 1129
2025-04-30 03:46:09,708 fedbase.py run [line:318] INFO --------------Round 145--------------
2025-04-30 03:46:09,708 simple_logger.py log_once [line:14] INFO Current_time:1129
2025-04-30 03:46:14,812 simple_logger.py log_once [line:28] INFO test_accuracy                 0.1959
2025-04-30 03:46:14,812 simple_logger.py log_once [line:28] INFO test_loss                     2.2239
2025-04-30 03:46:14,812 simple_logger.py log_once [line:28] INFO val_accuracy                  0.1889
2025-04-30 03:46:14,812 simple_logger.py log_once [line:28] INFO mean_val_accuracy             0.1889
2025-04-30 03:46:14,812 simple_logger.py log_once [line:28] INFO std_val_accuracy              0.0128
2025-04-30 03:46:14,812 simple_logger.py log_once [line:28] INFO val_loss                      2.2376
2025-04-30 03:46:14,812 simple_logger.py log_once [line:28] INFO mean_val_loss                 2.2376
2025-04-30 03:46:14,812 simple_logger.py log_once [line:28] INFO std_val_loss                  0.0151
2025-04-30 03:46:14,813 fedbase.py run [line:323] INFO expense           12898820.0
2025-04-30 03:46:14,813 fedbase.py run [line:324] INFO Eval Time Cost:               5.1043s
2025-04-30 03:46:14,813 asyncbase.py iterate [line:68] INFO Select clients [0, 1, 2, 3, 4, 5, 6, 7, 8, 9, 10, 11, 12, 13, 14, 15, 16, 17, 18, 19] at time 1130.
2025-04-30 03:46:49,116 asyncbase.py iterate [line:73] INFO Receive new models from clients [10, 15, 16, 1, 7, 8, 12, 19, 17, 6, 9, 3, 13, 4, 18, 14, 0, 11, 5] at time 1136
2025-04-30 03:46:49,116 asyncbase.py iterate [line:73] INFO Receive new models from clients [2] at time 1137
2025-04-30 03:46:49,151 fedbase.py run [line:318] INFO --------------Round 146--------------
2025-04-30 03:46:49,151 simple_logger.py log_once [line:14] INFO Current_time:1137
2025-04-30 03:46:54,272 simple_logger.py log_once [line:28] INFO test_accuracy                 0.1959
2025-04-30 03:46:54,272 simple_logger.py log_once [line:28] INFO test_loss                     2.2238
2025-04-30 03:46:54,272 simple_logger.py log_once [line:28] INFO val_accuracy                  0.1889
2025-04-30 03:46:54,272 simple_logger.py log_once [line:28] INFO mean_val_accuracy             0.1889
2025-04-30 03:46:54,272 simple_logger.py log_once [line:28] INFO std_val_accuracy              0.0128
2025-04-30 03:46:54,272 simple_logger.py log_once [line:28] INFO val_loss                      2.2376
2025-04-30 03:46:54,272 simple_logger.py log_once [line:28] INFO mean_val_loss                 2.2376
2025-04-30 03:46:54,272 simple_logger.py log_once [line:28] INFO std_val_loss                  0.0152
2025-04-30 03:46:54,272 fedbase.py run [line:323] INFO expense           12933220.0
2025-04-30 03:46:54,272 fedbase.py run [line:324] INFO Eval Time Cost:               5.1210s
2025-04-30 03:46:54,272 asyncbase.py iterate [line:68] INFO Select clients [0, 1, 2, 3, 4, 5, 6, 7, 8, 9, 10, 11, 12, 13, 14, 15, 16, 17, 18, 19] at time 1138.
2025-04-30 03:47:28,897 asyncbase.py iterate [line:73] INFO Receive new models from clients [0, 8, 4, 14, 13, 5, 1, 19, 3, 7, 15, 11, 12, 10, 16, 18, 2, 17, 9] at time 1144
2025-04-30 03:47:28,897 asyncbase.py iterate [line:73] INFO Receive new models from clients [6] at time 1145
2025-04-30 03:47:28,934 fedbase.py run [line:318] INFO --------------Round 147--------------
2025-04-30 03:47:28,935 simple_logger.py log_once [line:14] INFO Current_time:1145
2025-04-30 03:47:33,986 simple_logger.py log_once [line:28] INFO test_accuracy                 0.1959
2025-04-30 03:47:33,986 simple_logger.py log_once [line:28] INFO test_loss                     2.2238
2025-04-30 03:47:33,986 simple_logger.py log_once [line:28] INFO val_accuracy                  0.1889
2025-04-30 03:47:33,986 simple_logger.py log_once [line:28] INFO mean_val_accuracy             0.1889
2025-04-30 03:47:33,986 simple_logger.py log_once [line:28] INFO std_val_accuracy              0.0128
2025-04-30 03:47:33,986 simple_logger.py log_once [line:28] INFO val_loss                      2.2376
2025-04-30 03:47:33,986 simple_logger.py log_once [line:28] INFO mean_val_loss                 2.2376
2025-04-30 03:47:33,986 simple_logger.py log_once [line:28] INFO std_val_loss                  0.0151
2025-04-30 03:47:33,987 fedbase.py run [line:323] INFO expense           12967620.0
2025-04-30 03:47:33,987 fedbase.py run [line:324] INFO Eval Time Cost:               5.0520s
2025-04-30 03:47:33,987 asyncbase.py iterate [line:68] INFO Select clients [0, 1, 2, 3, 4, 5, 6, 7, 8, 9, 10, 11, 12, 13, 14, 15, 16, 17, 18, 19] at time 1146.
2025-04-30 03:48:07,990 asyncbase.py iterate [line:73] INFO Receive new models from clients [10, 0, 4, 15, 13, 7, 2, 18, 6, 11, 19, 5, 3, 17, 9, 14, 12, 1] at time 1152
2025-04-30 03:48:07,990 asyncbase.py iterate [line:73] INFO Receive new models from clients [16, 8] at time 1153
2025-04-30 03:48:08,026 fedbase.py run [line:318] INFO --------------Round 148--------------
2025-04-30 03:48:08,026 simple_logger.py log_once [line:14] INFO Current_time:1153
2025-04-30 03:48:13,102 simple_logger.py log_once [line:28] INFO test_accuracy                 0.1959
2025-04-30 03:48:13,102 simple_logger.py log_once [line:28] INFO test_loss                     2.2238
2025-04-30 03:48:13,102 simple_logger.py log_once [line:28] INFO val_accuracy                  0.1889
2025-04-30 03:48:13,103 simple_logger.py log_once [line:28] INFO mean_val_accuracy             0.1889
2025-04-30 03:48:13,103 simple_logger.py log_once [line:28] INFO std_val_accuracy              0.0128
2025-04-30 03:48:13,103 simple_logger.py log_once [line:28] INFO val_loss                      2.2376
2025-04-30 03:48:13,103 simple_logger.py log_once [line:28] INFO mean_val_loss                 2.2376
2025-04-30 03:48:13,103 simple_logger.py log_once [line:28] INFO std_val_loss                  0.0152
2025-04-30 03:48:13,103 fedbase.py run [line:323] INFO expense           13002020.0
2025-04-30 03:48:13,103 fedbase.py run [line:324] INFO Eval Time Cost:               5.0771s
2025-04-30 03:48:13,103 asyncbase.py iterate [line:68] INFO Select clients [0, 1, 2, 3, 4, 5, 6, 7, 8, 9, 10, 11, 12, 13, 14, 15, 16, 17, 18, 19] at time 1154.
2025-04-30 03:48:47,114 asyncbase.py iterate [line:73] INFO Receive new models from clients [19, 15, 4, 13, 10, 1, 8, 12, 2, 16, 18, 7, 6, 9, 5, 14, 0] at time 1160
2025-04-30 03:48:47,115 asyncbase.py iterate [line:73] INFO Receive new models from clients [3, 17, 11] at time 1161
2025-04-30 03:48:47,150 fedbase.py run [line:318] INFO --------------Round 149--------------
2025-04-30 03:48:47,150 simple_logger.py log_once [line:14] INFO Current_time:1161
2025-04-30 03:48:52,227 simple_logger.py log_once [line:28] INFO test_accuracy                 0.1959
2025-04-30 03:48:52,227 simple_logger.py log_once [line:28] INFO test_loss                     2.2238
2025-04-30 03:48:52,227 simple_logger.py log_once [line:28] INFO val_accuracy                  0.1889
2025-04-30 03:48:52,227 simple_logger.py log_once [line:28] INFO mean_val_accuracy             0.1889
2025-04-30 03:48:52,227 simple_logger.py log_once [line:28] INFO std_val_accuracy              0.0128
2025-04-30 03:48:52,228 simple_logger.py log_once [line:28] INFO val_loss                      2.2376
2025-04-30 03:48:52,228 simple_logger.py log_once [line:28] INFO mean_val_loss                 2.2376
2025-04-30 03:48:52,228 simple_logger.py log_once [line:28] INFO std_val_loss                  0.0152
2025-04-30 03:48:52,228 fedbase.py run [line:323] INFO expense           13036420.0
2025-04-30 03:48:52,228 fedbase.py run [line:324] INFO Eval Time Cost:               5.0776s
2025-04-30 03:48:52,228 asyncbase.py iterate [line:68] INFO Select clients [0, 1, 2, 3, 4, 5, 6, 7, 8, 9, 10, 11, 12, 13, 14, 15, 16, 17, 18, 19] at time 1162.
2025-04-30 03:49:26,860 asyncbase.py iterate [line:73] INFO Receive new models from clients [8, 13, 5, 11, 17, 6, 14, 7, 12, 3, 1, 0, 15, 16, 19, 4, 10] at time 1168
2025-04-30 03:49:26,860 asyncbase.py iterate [line:73] INFO Receive new models from clients [2, 9, 18] at time 1169
2025-04-30 03:49:26,896 fedbase.py run [line:318] INFO --------------Round 150--------------
2025-04-30 03:49:26,896 simple_logger.py log_once [line:14] INFO Current_time:1169
2025-04-30 03:49:32,032 simple_logger.py log_once [line:28] INFO test_accuracy                 0.1959
2025-04-30 03:49:32,032 simple_logger.py log_once [line:28] INFO test_loss                     2.2238
2025-04-30 03:49:32,032 simple_logger.py log_once [line:28] INFO val_accuracy                  0.1889
2025-04-30 03:49:32,032 simple_logger.py log_once [line:28] INFO mean_val_accuracy             0.1889
2025-04-30 03:49:32,032 simple_logger.py log_once [line:28] INFO std_val_accuracy              0.0128
2025-04-30 03:49:32,032 simple_logger.py log_once [line:28] INFO val_loss                      2.2376
2025-04-30 03:49:32,033 simple_logger.py log_once [line:28] INFO mean_val_loss                 2.2376
2025-04-30 03:49:32,033 simple_logger.py log_once [line:28] INFO std_val_loss                  0.0151
2025-04-30 03:49:32,033 fedbase.py run [line:323] INFO expense           13070820.0
2025-04-30 03:49:32,033 fedbase.py run [line:324] INFO Eval Time Cost:               5.1369s
2025-04-30 03:49:32,033 asyncbase.py iterate [line:68] INFO Select clients [0, 1, 2, 3, 4, 5, 6, 7, 8, 9, 10, 11, 12, 13, 14, 15, 16, 17, 18, 19] at time 1170.
2025-04-30 03:50:07,320 asyncbase.py iterate [line:73] INFO Receive new models from clients [16, 2, 18, 12, 14, 10, 13, 0, 1, 15, 4, 9, 8, 6, 19, 5, 7, 17, 3, 11] at time 1176
2025-04-30 03:50:07,355 fedbase.py run [line:318] INFO --------------Round 151--------------
2025-04-30 03:50:07,355 simple_logger.py log_once [line:14] INFO Current_time:1176
2025-04-30 03:50:12,460 simple_logger.py log_once [line:28] INFO test_accuracy                 0.1959
2025-04-30 03:50:12,460 simple_logger.py log_once [line:28] INFO test_loss                     2.2239
2025-04-30 03:50:12,460 simple_logger.py log_once [line:28] INFO val_accuracy                  0.1889
2025-04-30 03:50:12,460 simple_logger.py log_once [line:28] INFO mean_val_accuracy             0.1889
2025-04-30 03:50:12,460 simple_logger.py log_once [line:28] INFO std_val_accuracy              0.0128
2025-04-30 03:50:12,461 simple_logger.py log_once [line:28] INFO val_loss                      2.2376
2025-04-30 03:50:12,461 simple_logger.py log_once [line:28] INFO mean_val_loss                 2.2376
2025-04-30 03:50:12,461 simple_logger.py log_once [line:28] INFO std_val_loss                  0.0151
2025-04-30 03:50:12,461 fedbase.py run [line:323] INFO expense           13105220.0
2025-04-30 03:50:12,461 fedbase.py run [line:324] INFO Eval Time Cost:               5.1054s
2025-04-30 03:50:12,461 asyncbase.py iterate [line:68] INFO Select clients [0, 1, 2, 3, 4, 5, 6, 7, 8, 9, 10, 11, 12, 13, 14, 15, 16, 17, 18, 19] at time 1177.
2025-04-30 03:50:47,221 asyncbase.py iterate [line:73] INFO Receive new models from clients [12, 0, 5, 6, 14, 13, 8, 15, 1, 7, 18, 16, 2, 9, 10, 19, 11, 4] at time 1183
2025-04-30 03:50:47,221 asyncbase.py iterate [line:73] INFO Receive new models from clients [17, 3] at time 1184
2025-04-30 03:50:47,258 fedbase.py run [line:318] INFO --------------Round 152--------------
2025-04-30 03:50:47,258 simple_logger.py log_once [line:14] INFO Current_time:1184
2025-04-30 03:50:52,328 simple_logger.py log_once [line:28] INFO test_accuracy                 0.1959
2025-04-30 03:50:52,328 simple_logger.py log_once [line:28] INFO test_loss                     2.2239
2025-04-30 03:50:52,328 simple_logger.py log_once [line:28] INFO val_accuracy                  0.1889
2025-04-30 03:50:52,328 simple_logger.py log_once [line:28] INFO mean_val_accuracy             0.1889
2025-04-30 03:50:52,328 simple_logger.py log_once [line:28] INFO std_val_accuracy              0.0128
2025-04-30 03:50:52,328 simple_logger.py log_once [line:28] INFO val_loss                      2.2376
2025-04-30 03:50:52,328 simple_logger.py log_once [line:28] INFO mean_val_loss                 2.2376
2025-04-30 03:50:52,328 simple_logger.py log_once [line:28] INFO std_val_loss                  0.0151
2025-04-30 03:50:52,328 fedbase.py run [line:323] INFO expense           13139620.0
2025-04-30 03:50:52,328 fedbase.py run [line:324] INFO Eval Time Cost:               5.0707s
2025-04-30 03:50:52,328 asyncbase.py iterate [line:68] INFO Select clients [0, 1, 2, 3, 4, 5, 6, 7, 8, 9, 10, 11, 12, 13, 14, 15, 16, 17, 18, 19] at time 1185.
2025-04-30 03:51:26,236 asyncbase.py iterate [line:73] INFO Receive new models from clients [13, 6, 3, 18, 4, 1, 5, 7, 0, 11, 14, 9, 12, 15, 10, 17, 8, 2, 16] at time 1191
2025-04-30 03:51:26,236 asyncbase.py iterate [line:73] INFO Receive new models from clients [19] at time 1192
2025-04-30 03:51:26,271 fedbase.py run [line:318] INFO --------------Round 153--------------
2025-04-30 03:51:26,272 simple_logger.py log_once [line:14] INFO Current_time:1192
2025-04-30 03:51:31,356 simple_logger.py log_once [line:28] INFO test_accuracy                 0.1959
2025-04-30 03:51:31,357 simple_logger.py log_once [line:28] INFO test_loss                     2.2238
2025-04-30 03:51:31,357 simple_logger.py log_once [line:28] INFO val_accuracy                  0.1889
2025-04-30 03:51:31,357 simple_logger.py log_once [line:28] INFO mean_val_accuracy             0.1889
2025-04-30 03:51:31,357 simple_logger.py log_once [line:28] INFO std_val_accuracy              0.0128
2025-04-30 03:51:31,357 simple_logger.py log_once [line:28] INFO val_loss                      2.2376
2025-04-30 03:51:31,357 simple_logger.py log_once [line:28] INFO mean_val_loss                 2.2376
2025-04-30 03:51:31,357 simple_logger.py log_once [line:28] INFO std_val_loss                  0.0151
2025-04-30 03:51:31,357 fedbase.py run [line:323] INFO expense           13174020.0
2025-04-30 03:51:31,357 fedbase.py run [line:324] INFO Eval Time Cost:               5.0856s
2025-04-30 03:51:31,357 asyncbase.py iterate [line:68] INFO Select clients [0, 1, 2, 3, 4, 5, 6, 7, 8, 9, 10, 11, 12, 13, 14, 15, 16, 17, 18, 19] at time 1193.
2025-04-30 03:52:06,241 asyncbase.py iterate [line:73] INFO Receive new models from clients [3, 2, 10, 7, 19, 4, 5, 1, 14, 16, 9, 6, 12, 8, 15, 13, 0, 11] at time 1199
2025-04-30 03:52:06,241 asyncbase.py iterate [line:73] INFO Receive new models from clients [17, 18] at time 1200
2025-04-30 03:52:06,277 fedbase.py run [line:318] INFO --------------Round 154--------------
2025-04-30 03:52:06,277 simple_logger.py log_once [line:14] INFO Current_time:1200
2025-04-30 03:52:11,365 simple_logger.py log_once [line:28] INFO test_accuracy                 0.1959
2025-04-30 03:52:11,366 simple_logger.py log_once [line:28] INFO test_loss                     2.2239
2025-04-30 03:52:11,366 simple_logger.py log_once [line:28] INFO val_accuracy                  0.1889
2025-04-30 03:52:11,366 simple_logger.py log_once [line:28] INFO mean_val_accuracy             0.1889
2025-04-30 03:52:11,366 simple_logger.py log_once [line:28] INFO std_val_accuracy              0.0128
2025-04-30 03:52:11,366 simple_logger.py log_once [line:28] INFO val_loss                      2.2376
2025-04-30 03:52:11,366 simple_logger.py log_once [line:28] INFO mean_val_loss                 2.2376
2025-04-30 03:52:11,366 simple_logger.py log_once [line:28] INFO std_val_loss                  0.0151
2025-04-30 03:52:11,366 fedbase.py run [line:323] INFO expense           13208420.0
2025-04-30 03:52:11,366 fedbase.py run [line:324] INFO Eval Time Cost:               5.0893s
2025-04-30 03:52:11,366 asyncbase.py iterate [line:68] INFO Select clients [0, 1, 2, 3, 4, 5, 6, 7, 8, 9, 10, 11, 12, 13, 14, 15, 16, 17, 18, 19] at time 1201.
2025-04-30 03:52:45,630 asyncbase.py iterate [line:73] INFO Receive new models from clients [10, 6, 11, 18, 13, 15, 16, 19, 0, 1, 8, 12, 9, 5, 14, 17, 3] at time 1207
2025-04-30 03:52:45,630 asyncbase.py iterate [line:73] INFO Receive new models from clients [7, 2, 4] at time 1208
2025-04-30 03:52:45,666 fedbase.py run [line:318] INFO --------------Round 155--------------
2025-04-30 03:52:45,666 simple_logger.py log_once [line:14] INFO Current_time:1208
2025-04-30 03:52:50,753 simple_logger.py log_once [line:28] INFO test_accuracy                 0.1959
2025-04-30 03:52:50,753 simple_logger.py log_once [line:28] INFO test_loss                     2.2239
2025-04-30 03:52:50,753 simple_logger.py log_once [line:28] INFO val_accuracy                  0.1889
2025-04-30 03:52:50,753 simple_logger.py log_once [line:28] INFO mean_val_accuracy             0.1889
2025-04-30 03:52:50,753 simple_logger.py log_once [line:28] INFO std_val_accuracy              0.0128
2025-04-30 03:52:50,753 simple_logger.py log_once [line:28] INFO val_loss                      2.2376
2025-04-30 03:52:50,753 simple_logger.py log_once [line:28] INFO mean_val_loss                 2.2376
2025-04-30 03:52:50,753 simple_logger.py log_once [line:28] INFO std_val_loss                  0.0151
2025-04-30 03:52:50,753 fedbase.py run [line:323] INFO expense           13242820.0
2025-04-30 03:52:50,753 fedbase.py run [line:324] INFO Eval Time Cost:               5.0875s
2025-04-30 03:52:50,753 asyncbase.py iterate [line:68] INFO Select clients [0, 1, 2, 3, 4, 5, 6, 7, 8, 9, 10, 11, 12, 13, 14, 15, 16, 17, 18, 19] at time 1209.
2025-04-30 03:53:25,147 asyncbase.py iterate [line:73] INFO Receive new models from clients [16, 19, 0, 13, 6, 7, 14, 12, 2, 1, 5, 8, 10, 15, 9, 3, 4, 11] at time 1215
2025-04-30 03:53:25,147 asyncbase.py iterate [line:73] INFO Receive new models from clients [18, 17] at time 1216
2025-04-30 03:53:25,183 fedbase.py run [line:318] INFO --------------Round 156--------------
2025-04-30 03:53:25,183 simple_logger.py log_once [line:14] INFO Current_time:1216
2025-04-30 03:53:30,308 simple_logger.py log_once [line:28] INFO test_accuracy                 0.1959
2025-04-30 03:53:30,308 simple_logger.py log_once [line:28] INFO test_loss                     2.2239
2025-04-30 03:53:30,308 simple_logger.py log_once [line:28] INFO val_accuracy                  0.1889
2025-04-30 03:53:30,308 simple_logger.py log_once [line:28] INFO mean_val_accuracy             0.1889
2025-04-30 03:53:30,308 simple_logger.py log_once [line:28] INFO std_val_accuracy              0.0128
2025-04-30 03:53:30,308 simple_logger.py log_once [line:28] INFO val_loss                      2.2376
2025-04-30 03:53:30,308 simple_logger.py log_once [line:28] INFO mean_val_loss                 2.2376
2025-04-30 03:53:30,308 simple_logger.py log_once [line:28] INFO std_val_loss                  0.0151
2025-04-30 03:53:30,308 fedbase.py run [line:323] INFO expense           13277220.0
2025-04-30 03:53:30,308 fedbase.py run [line:324] INFO Eval Time Cost:               5.1252s
2025-04-30 03:53:30,309 asyncbase.py iterate [line:68] INFO Select clients [0, 1, 2, 3, 4, 5, 6, 7, 8, 9, 10, 11, 12, 13, 14, 15, 16, 17, 18, 19] at time 1217.
2025-04-30 03:54:04,786 asyncbase.py iterate [line:73] INFO Receive new models from clients [0, 14, 19, 1, 13, 15, 10, 18, 11, 2, 8, 16, 17, 12, 5, 3, 7, 4] at time 1223
2025-04-30 03:54:04,786 asyncbase.py iterate [line:73] INFO Receive new models from clients [6, 9] at time 1224
2025-04-30 03:54:04,821 fedbase.py run [line:318] INFO --------------Round 157--------------
2025-04-30 03:54:04,821 simple_logger.py log_once [line:14] INFO Current_time:1224
2025-04-30 03:54:09,981 simple_logger.py log_once [line:28] INFO test_accuracy                 0.1959
2025-04-30 03:54:09,981 simple_logger.py log_once [line:28] INFO test_loss                     2.2239
2025-04-30 03:54:09,981 simple_logger.py log_once [line:28] INFO val_accuracy                  0.1889
2025-04-30 03:54:09,981 simple_logger.py log_once [line:28] INFO mean_val_accuracy             0.1889
2025-04-30 03:54:09,981 simple_logger.py log_once [line:28] INFO std_val_accuracy              0.0128
2025-04-30 03:54:09,981 simple_logger.py log_once [line:28] INFO val_loss                      2.2376
2025-04-30 03:54:09,981 simple_logger.py log_once [line:28] INFO mean_val_loss                 2.2376
2025-04-30 03:54:09,981 simple_logger.py log_once [line:28] INFO std_val_loss                  0.0151
2025-04-30 03:54:09,981 fedbase.py run [line:323] INFO expense           13311620.0
2025-04-30 03:54:09,981 fedbase.py run [line:324] INFO Eval Time Cost:               5.1599s
2025-04-30 03:54:09,981 asyncbase.py iterate [line:68] INFO Select clients [0, 1, 2, 3, 4, 5, 6, 7, 8, 9, 10, 11, 12, 13, 14, 15, 16, 17, 18, 19] at time 1225.
2025-04-30 03:54:44,368 asyncbase.py iterate [line:73] INFO Receive new models from clients [11, 10, 12, 7, 18, 5, 13, 4, 19, 16, 2, 1, 3, 9, 6, 0, 15] at time 1231
2025-04-30 03:54:44,368 asyncbase.py iterate [line:73] INFO Receive new models from clients [8, 17, 14] at time 1232
2025-04-30 03:54:44,404 fedbase.py run [line:318] INFO --------------Round 158--------------
2025-04-30 03:54:44,404 simple_logger.py log_once [line:14] INFO Current_time:1232
2025-04-30 03:54:49,509 simple_logger.py log_once [line:28] INFO test_accuracy                 0.1959
2025-04-30 03:54:49,509 simple_logger.py log_once [line:28] INFO test_loss                     2.2239
2025-04-30 03:54:49,509 simple_logger.py log_once [line:28] INFO val_accuracy                  0.1889
2025-04-30 03:54:49,509 simple_logger.py log_once [line:28] INFO mean_val_accuracy             0.1889
2025-04-30 03:54:49,509 simple_logger.py log_once [line:28] INFO std_val_accuracy              0.0128
2025-04-30 03:54:49,509 simple_logger.py log_once [line:28] INFO val_loss                      2.2376
2025-04-30 03:54:49,510 simple_logger.py log_once [line:28] INFO mean_val_loss                 2.2376
2025-04-30 03:54:49,510 simple_logger.py log_once [line:28] INFO std_val_loss                  0.0151
2025-04-30 03:54:49,510 fedbase.py run [line:323] INFO expense           13346020.0
2025-04-30 03:54:49,510 fedbase.py run [line:324] INFO Eval Time Cost:               5.1053s
2025-04-30 03:54:49,510 asyncbase.py iterate [line:68] INFO Select clients [0, 1, 2, 3, 4, 5, 6, 7, 8, 9, 10, 11, 12, 13, 14, 15, 16, 17, 18, 19] at time 1233.
2025-04-30 03:55:23,823 asyncbase.py iterate [line:73] INFO Receive new models from clients [18, 10, 13, 5, 2, 8, 6, 3, 12, 9, 16, 14, 15, 17, 4, 11, 19, 1, 0] at time 1239
2025-04-30 03:55:23,823 asyncbase.py iterate [line:73] INFO Receive new models from clients [7] at time 1240
2025-04-30 03:55:23,858 fedbase.py run [line:318] INFO --------------Round 159--------------
2025-04-30 03:55:23,858 simple_logger.py log_once [line:14] INFO Current_time:1240
2025-04-30 03:55:28,974 simple_logger.py log_once [line:28] INFO test_accuracy                 0.1959
2025-04-30 03:55:28,975 simple_logger.py log_once [line:28] INFO test_loss                     2.2239
2025-04-30 03:55:28,975 simple_logger.py log_once [line:28] INFO val_accuracy                  0.1889
2025-04-30 03:55:28,975 simple_logger.py log_once [line:28] INFO mean_val_accuracy             0.1889
2025-04-30 03:55:28,975 simple_logger.py log_once [line:28] INFO std_val_accuracy              0.0128
2025-04-30 03:55:28,975 simple_logger.py log_once [line:28] INFO val_loss                      2.2376
2025-04-30 03:55:28,975 simple_logger.py log_once [line:28] INFO mean_val_loss                 2.2376
2025-04-30 03:55:28,975 simple_logger.py log_once [line:28] INFO std_val_loss                  0.0151
2025-04-30 03:55:28,975 fedbase.py run [line:323] INFO expense           13380420.0
2025-04-30 03:55:28,975 fedbase.py run [line:324] INFO Eval Time Cost:               5.1166s
2025-04-30 03:55:28,975 asyncbase.py iterate [line:68] INFO Select clients [0, 1, 2, 3, 4, 5, 6, 7, 8, 9, 10, 11, 12, 13, 14, 15, 16, 17, 18, 19] at time 1241.
2025-04-30 03:56:03,247 asyncbase.py iterate [line:73] INFO Receive new models from clients [17, 4, 9, 11, 16, 14, 3, 2, 5, 10, 12, 15, 6, 19, 7, 0, 18, 13] at time 1247
2025-04-30 03:56:03,248 asyncbase.py iterate [line:73] INFO Receive new models from clients [8, 1] at time 1248
2025-04-30 03:56:03,284 fedbase.py run [line:318] INFO --------------Round 160--------------
2025-04-30 03:56:03,284 simple_logger.py log_once [line:14] INFO Current_time:1248
2025-04-30 03:56:08,396 simple_logger.py log_once [line:28] INFO test_accuracy                 0.1959
2025-04-30 03:56:08,396 simple_logger.py log_once [line:28] INFO test_loss                     2.2239
2025-04-30 03:56:08,396 simple_logger.py log_once [line:28] INFO val_accuracy                  0.1889
2025-04-30 03:56:08,396 simple_logger.py log_once [line:28] INFO mean_val_accuracy             0.1889
2025-04-30 03:56:08,396 simple_logger.py log_once [line:28] INFO std_val_accuracy              0.0128
2025-04-30 03:56:08,396 simple_logger.py log_once [line:28] INFO val_loss                      2.2376
2025-04-30 03:56:08,396 simple_logger.py log_once [line:28] INFO mean_val_loss                 2.2376
2025-04-30 03:56:08,396 simple_logger.py log_once [line:28] INFO std_val_loss                  0.0151
2025-04-30 03:56:08,396 fedbase.py run [line:323] INFO expense           13414820.0
2025-04-30 03:56:08,396 fedbase.py run [line:324] INFO Eval Time Cost:               5.1124s
2025-04-30 03:56:08,397 asyncbase.py iterate [line:68] INFO Select clients [0, 1, 2, 3, 4, 5, 6, 7, 8, 9, 10, 11, 12, 13, 14, 15, 16, 17, 18, 19] at time 1249.
2025-04-30 03:56:42,825 asyncbase.py iterate [line:73] INFO Receive new models from clients [0, 5, 17, 19, 11, 8, 12, 15, 3, 7, 2, 4, 13, 10, 16, 9, 1, 6, 14, 18] at time 1255
2025-04-30 03:56:42,860 fedbase.py run [line:318] INFO --------------Round 161--------------
2025-04-30 03:56:42,861 simple_logger.py log_once [line:14] INFO Current_time:1255
2025-04-30 03:56:47,957 simple_logger.py log_once [line:28] INFO test_accuracy                 0.1959
2025-04-30 03:56:47,957 simple_logger.py log_once [line:28] INFO test_loss                     2.2239
2025-04-30 03:56:47,957 simple_logger.py log_once [line:28] INFO val_accuracy                  0.1889
2025-04-30 03:56:47,957 simple_logger.py log_once [line:28] INFO mean_val_accuracy             0.1889
2025-04-30 03:56:47,957 simple_logger.py log_once [line:28] INFO std_val_accuracy              0.0128
2025-04-30 03:56:47,957 simple_logger.py log_once [line:28] INFO val_loss                      2.2376
2025-04-30 03:56:47,957 simple_logger.py log_once [line:28] INFO mean_val_loss                 2.2376
2025-04-30 03:56:47,958 simple_logger.py log_once [line:28] INFO std_val_loss                  0.0151
2025-04-30 03:56:47,958 fedbase.py run [line:323] INFO expense           13449220.0
2025-04-30 03:56:47,958 fedbase.py run [line:324] INFO Eval Time Cost:               5.0970s
2025-04-30 03:56:47,958 asyncbase.py iterate [line:68] INFO Select clients [0, 1, 2, 3, 4, 5, 6, 7, 8, 9, 10, 11, 12, 13, 14, 15, 16, 17, 18, 19] at time 1256.
2025-04-30 03:57:22,378 asyncbase.py iterate [line:73] INFO Receive new models from clients [3, 7, 13, 9, 8, 15, 10, 6, 11, 18, 4, 5, 12, 19, 1] at time 1262
2025-04-30 03:57:22,379 asyncbase.py iterate [line:73] INFO Receive new models from clients [14, 16, 0, 17, 2] at time 1263
2025-04-30 03:57:22,415 fedbase.py run [line:318] INFO --------------Round 162--------------
2025-04-30 03:57:22,415 simple_logger.py log_once [line:14] INFO Current_time:1263
2025-04-30 03:57:27,927 simple_logger.py log_once [line:28] INFO test_accuracy                 0.1959
2025-04-30 03:57:27,927 simple_logger.py log_once [line:28] INFO test_loss                     2.2240
2025-04-30 03:57:27,927 simple_logger.py log_once [line:28] INFO val_accuracy                  0.1889
2025-04-30 03:57:27,927 simple_logger.py log_once [line:28] INFO mean_val_accuracy             0.1889
2025-04-30 03:57:27,928 simple_logger.py log_once [line:28] INFO std_val_accuracy              0.0128
2025-04-30 03:57:27,928 simple_logger.py log_once [line:28] INFO val_loss                      2.2376
2025-04-30 03:57:27,928 simple_logger.py log_once [line:28] INFO mean_val_loss                 2.2376
2025-04-30 03:57:27,928 simple_logger.py log_once [line:28] INFO std_val_loss                  0.0151
2025-04-30 03:57:27,928 fedbase.py run [line:323] INFO expense           13483620.0
2025-04-30 03:57:27,928 fedbase.py run [line:324] INFO Eval Time Cost:               5.5127s
2025-04-30 03:57:27,928 asyncbase.py iterate [line:68] INFO Select clients [0, 1, 2, 3, 4, 5, 6, 7, 8, 9, 10, 11, 12, 13, 14, 15, 16, 17, 18, 19] at time 1264.
2025-04-30 03:58:02,580 asyncbase.py iterate [line:73] INFO Receive new models from clients [14, 15, 6, 12, 9, 0, 3, 7, 5, 4, 13, 10, 11, 18, 8, 19, 16] at time 1270
2025-04-30 03:58:02,581 asyncbase.py iterate [line:73] INFO Receive new models from clients [17, 1, 2] at time 1271
2025-04-30 03:58:02,616 fedbase.py run [line:318] INFO --------------Round 163--------------
2025-04-30 03:58:02,616 simple_logger.py log_once [line:14] INFO Current_time:1271
2025-04-30 03:58:07,724 simple_logger.py log_once [line:28] INFO test_accuracy                 0.1959
2025-04-30 03:58:07,724 simple_logger.py log_once [line:28] INFO test_loss                     2.2239
2025-04-30 03:58:07,724 simple_logger.py log_once [line:28] INFO val_accuracy                  0.1889
2025-04-30 03:58:07,725 simple_logger.py log_once [line:28] INFO mean_val_accuracy             0.1889
2025-04-30 03:58:07,725 simple_logger.py log_once [line:28] INFO std_val_accuracy              0.0128
2025-04-30 03:58:07,725 simple_logger.py log_once [line:28] INFO val_loss                      2.2376
2025-04-30 03:58:07,725 simple_logger.py log_once [line:28] INFO mean_val_loss                 2.2375
2025-04-30 03:58:07,725 simple_logger.py log_once [line:28] INFO std_val_loss                  0.0151
2025-04-30 03:58:07,725 fedbase.py run [line:323] INFO expense           13518020.0
2025-04-30 03:58:07,725 fedbase.py run [line:324] INFO Eval Time Cost:               5.1086s
2025-04-30 03:58:07,725 asyncbase.py iterate [line:68] INFO Select clients [0, 1, 2, 3, 4, 5, 6, 7, 8, 9, 10, 11, 12, 13, 14, 15, 16, 17, 18, 19] at time 1272.
2025-04-30 03:58:42,248 asyncbase.py iterate [line:73] INFO Receive new models from clients [6, 18, 1, 15, 0, 9, 13, 10, 12, 7, 17, 16, 3, 8, 11, 19, 2] at time 1278
2025-04-30 03:58:42,248 asyncbase.py iterate [line:73] INFO Receive new models from clients [4, 14, 5] at time 1279
2025-04-30 03:58:42,284 fedbase.py run [line:318] INFO --------------Round 164--------------
2025-04-30 03:58:42,284 simple_logger.py log_once [line:14] INFO Current_time:1279
2025-04-30 03:58:47,505 simple_logger.py log_once [line:28] INFO test_accuracy                 0.1959
2025-04-30 03:58:47,505 simple_logger.py log_once [line:28] INFO test_loss                     2.2239
2025-04-30 03:58:47,505 simple_logger.py log_once [line:28] INFO val_accuracy                  0.1889
2025-04-30 03:58:47,505 simple_logger.py log_once [line:28] INFO mean_val_accuracy             0.1889
2025-04-30 03:58:47,505 simple_logger.py log_once [line:28] INFO std_val_accuracy              0.0128
2025-04-30 03:58:47,505 simple_logger.py log_once [line:28] INFO val_loss                      2.2376
2025-04-30 03:58:47,505 simple_logger.py log_once [line:28] INFO mean_val_loss                 2.2376
2025-04-30 03:58:47,505 simple_logger.py log_once [line:28] INFO std_val_loss                  0.0151
2025-04-30 03:58:47,505 fedbase.py run [line:323] INFO expense           13552420.0
2025-04-30 03:58:47,505 fedbase.py run [line:324] INFO Eval Time Cost:               5.2212s
2025-04-30 03:58:47,505 asyncbase.py iterate [line:68] INFO Select clients [0, 1, 2, 3, 4, 5, 6, 7, 8, 9, 10, 11, 12, 13, 14, 15, 16, 17, 18, 19] at time 1280.
2025-04-30 03:59:22,508 asyncbase.py iterate [line:73] INFO Receive new models from clients [18, 9, 15, 7, 16, 12, 6, 2, 14, 3, 11, 4, 5, 17, 8, 10] at time 1286
2025-04-30 03:59:22,508 asyncbase.py iterate [line:73] INFO Receive new models from clients [0, 1, 19, 13] at time 1287
2025-04-30 03:59:22,544 fedbase.py run [line:318] INFO --------------Round 165--------------
2025-04-30 03:59:22,544 simple_logger.py log_once [line:14] INFO Current_time:1287
2025-04-30 03:59:27,593 simple_logger.py log_once [line:28] INFO test_accuracy                 0.1959
2025-04-30 03:59:27,593 simple_logger.py log_once [line:28] INFO test_loss                     2.2239
2025-04-30 03:59:27,593 simple_logger.py log_once [line:28] INFO val_accuracy                  0.1889
2025-04-30 03:59:27,593 simple_logger.py log_once [line:28] INFO mean_val_accuracy             0.1889
2025-04-30 03:59:27,593 simple_logger.py log_once [line:28] INFO std_val_accuracy              0.0128
2025-04-30 03:59:27,593 simple_logger.py log_once [line:28] INFO val_loss                      2.2376
2025-04-30 03:59:27,594 simple_logger.py log_once [line:28] INFO mean_val_loss                 2.2376
2025-04-30 03:59:27,594 simple_logger.py log_once [line:28] INFO std_val_loss                  0.0151
2025-04-30 03:59:27,594 fedbase.py run [line:323] INFO expense           13586820.0
2025-04-30 03:59:27,594 fedbase.py run [line:324] INFO Eval Time Cost:               5.0499s
2025-04-30 03:59:27,594 asyncbase.py iterate [line:68] INFO Select clients [0, 1, 2, 3, 4, 5, 6, 7, 8, 9, 10, 11, 12, 13, 14, 15, 16, 17, 18, 19] at time 1288.
2025-04-30 04:00:03,164 asyncbase.py iterate [line:73] INFO Receive new models from clients [4, 5, 9, 18, 12, 10, 15, 14, 13, 17, 0, 6, 3, 11, 19, 7, 2, 8] at time 1294
2025-04-30 04:00:03,164 asyncbase.py iterate [line:73] INFO Receive new models from clients [1, 16] at time 1295
2025-04-30 04:00:03,199 fedbase.py run [line:318] INFO --------------Round 166--------------
2025-04-30 04:00:03,200 simple_logger.py log_once [line:14] INFO Current_time:1295
2025-04-30 04:00:08,298 simple_logger.py log_once [line:28] INFO test_accuracy                 0.1959
2025-04-30 04:00:08,298 simple_logger.py log_once [line:28] INFO test_loss                     2.2238
2025-04-30 04:00:08,298 simple_logger.py log_once [line:28] INFO val_accuracy                  0.1889
2025-04-30 04:00:08,298 simple_logger.py log_once [line:28] INFO mean_val_accuracy             0.1889
2025-04-30 04:00:08,298 simple_logger.py log_once [line:28] INFO std_val_accuracy              0.0128
2025-04-30 04:00:08,298 simple_logger.py log_once [line:28] INFO val_loss                      2.2376
2025-04-30 04:00:08,298 simple_logger.py log_once [line:28] INFO mean_val_loss                 2.2376
2025-04-30 04:00:08,298 simple_logger.py log_once [line:28] INFO std_val_loss                  0.0151
2025-04-30 04:00:08,298 fedbase.py run [line:323] INFO expense           13621220.0
2025-04-30 04:00:08,298 fedbase.py run [line:324] INFO Eval Time Cost:               5.0988s
2025-04-30 04:00:08,299 asyncbase.py iterate [line:68] INFO Select clients [0, 1, 2, 3, 4, 5, 6, 7, 8, 9, 10, 11, 12, 13, 14, 15, 16, 17, 18, 19] at time 1296.
2025-04-30 04:00:42,516 asyncbase.py iterate [line:73] INFO Receive new models from clients [14, 10, 0, 12, 9, 7, 6, 8, 2, 11, 4, 17, 5, 15, 18, 19, 1, 3, 13] at time 1302
2025-04-30 04:00:42,516 asyncbase.py iterate [line:73] INFO Receive new models from clients [16] at time 1303
2025-04-30 04:00:42,551 fedbase.py run [line:318] INFO --------------Round 167--------------
2025-04-30 04:00:42,551 simple_logger.py log_once [line:14] INFO Current_time:1303
2025-04-30 04:00:47,657 simple_logger.py log_once [line:28] INFO test_accuracy                 0.1959
2025-04-30 04:00:47,658 simple_logger.py log_once [line:28] INFO test_loss                     2.2238
2025-04-30 04:00:47,658 simple_logger.py log_once [line:28] INFO val_accuracy                  0.1889
2025-04-30 04:00:47,658 simple_logger.py log_once [line:28] INFO mean_val_accuracy             0.1889
2025-04-30 04:00:47,658 simple_logger.py log_once [line:28] INFO std_val_accuracy              0.0128
2025-04-30 04:00:47,658 simple_logger.py log_once [line:28] INFO val_loss                      2.2376
2025-04-30 04:00:47,658 simple_logger.py log_once [line:28] INFO mean_val_loss                 2.2376
2025-04-30 04:00:47,658 simple_logger.py log_once [line:28] INFO std_val_loss                  0.0151
2025-04-30 04:00:47,658 fedbase.py run [line:323] INFO expense           13655620.0
2025-04-30 04:00:47,658 fedbase.py run [line:324] INFO Eval Time Cost:               5.1067s
2025-04-30 04:00:47,658 asyncbase.py iterate [line:68] INFO Select clients [0, 1, 2, 3, 4, 5, 6, 7, 8, 9, 10, 11, 12, 13, 14, 15, 16, 17, 18, 19] at time 1304.
2025-04-30 04:01:22,404 asyncbase.py iterate [line:73] INFO Receive new models from clients [1, 2, 12, 7, 14, 9, 4, 0, 13, 6, 11, 8, 10, 17, 3, 16, 19, 5] at time 1310
2025-04-30 04:01:22,404 asyncbase.py iterate [line:73] INFO Receive new models from clients [15, 18] at time 1311
2025-04-30 04:01:22,442 fedbase.py run [line:318] INFO --------------Round 168--------------
2025-04-30 04:01:22,442 simple_logger.py log_once [line:14] INFO Current_time:1311
2025-04-30 04:01:27,533 simple_logger.py log_once [line:28] INFO test_accuracy                 0.1959
2025-04-30 04:01:27,533 simple_logger.py log_once [line:28] INFO test_loss                     2.2239
2025-04-30 04:01:27,533 simple_logger.py log_once [line:28] INFO val_accuracy                  0.1889
2025-04-30 04:01:27,533 simple_logger.py log_once [line:28] INFO mean_val_accuracy             0.1889
2025-04-30 04:01:27,533 simple_logger.py log_once [line:28] INFO std_val_accuracy              0.0128
2025-04-30 04:01:27,533 simple_logger.py log_once [line:28] INFO val_loss                      2.2376
2025-04-30 04:01:27,533 simple_logger.py log_once [line:28] INFO mean_val_loss                 2.2376
2025-04-30 04:01:27,533 simple_logger.py log_once [line:28] INFO std_val_loss                  0.0151
2025-04-30 04:01:27,533 fedbase.py run [line:323] INFO expense           13690020.0
2025-04-30 04:01:27,533 fedbase.py run [line:324] INFO Eval Time Cost:               5.0912s
2025-04-30 04:01:27,533 asyncbase.py iterate [line:68] INFO Select clients [0, 1, 2, 3, 4, 5, 6, 7, 8, 9, 10, 11, 12, 13, 14, 15, 16, 17, 18, 19] at time 1312.
2025-04-30 04:02:01,523 asyncbase.py iterate [line:73] INFO Receive new models from clients [13, 2, 12, 3, 15, 8, 4, 5, 18, 1, 6, 14, 7, 17, 9, 10, 19, 11, 16, 0] at time 1318
2025-04-30 04:02:01,557 fedbase.py run [line:318] INFO --------------Round 169--------------
2025-04-30 04:02:01,558 simple_logger.py log_once [line:14] INFO Current_time:1318
2025-04-30 04:02:06,654 simple_logger.py log_once [line:28] INFO test_accuracy                 0.1959
2025-04-30 04:02:06,654 simple_logger.py log_once [line:28] INFO test_loss                     2.2238
2025-04-30 04:02:06,654 simple_logger.py log_once [line:28] INFO val_accuracy                  0.1889
2025-04-30 04:02:06,654 simple_logger.py log_once [line:28] INFO mean_val_accuracy             0.1889
2025-04-30 04:02:06,654 simple_logger.py log_once [line:28] INFO std_val_accuracy              0.0128
2025-04-30 04:02:06,655 simple_logger.py log_once [line:28] INFO val_loss                      2.2376
2025-04-30 04:02:06,655 simple_logger.py log_once [line:28] INFO mean_val_loss                 2.2376
2025-04-30 04:02:06,655 simple_logger.py log_once [line:28] INFO std_val_loss                  0.0151
2025-04-30 04:02:06,655 fedbase.py run [line:323] INFO expense           13724420.0
2025-04-30 04:02:06,655 fedbase.py run [line:324] INFO Eval Time Cost:               5.0972s
2025-04-30 04:02:06,655 asyncbase.py iterate [line:68] INFO Select clients [0, 1, 2, 3, 4, 5, 6, 7, 8, 9, 10, 11, 12, 13, 14, 15, 16, 17, 18, 19] at time 1319.
2025-04-30 04:02:40,920 asyncbase.py iterate [line:73] INFO Receive new models from clients [10, 17, 15, 4, 3, 5, 13, 0, 11, 1, 8, 9, 16] at time 1325
2025-04-30 04:02:40,921 asyncbase.py iterate [line:73] INFO Receive new models from clients [7, 2, 6, 19, 12, 18, 14] at time 1326
2025-04-30 04:02:40,956 fedbase.py run [line:318] INFO --------------Round 170--------------
2025-04-30 04:02:40,956 simple_logger.py log_once [line:14] INFO Current_time:1326
2025-04-30 04:02:46,026 simple_logger.py log_once [line:28] INFO test_accuracy                 0.1959
2025-04-30 04:02:46,027 simple_logger.py log_once [line:28] INFO test_loss                     2.2238
2025-04-30 04:02:46,027 simple_logger.py log_once [line:28] INFO val_accuracy                  0.1889
2025-04-30 04:02:46,027 simple_logger.py log_once [line:28] INFO mean_val_accuracy             0.1889
2025-04-30 04:02:46,027 simple_logger.py log_once [line:28] INFO std_val_accuracy              0.0128
2025-04-30 04:02:46,027 simple_logger.py log_once [line:28] INFO val_loss                      2.2376
2025-04-30 04:02:46,027 simple_logger.py log_once [line:28] INFO mean_val_loss                 2.2376
2025-04-30 04:02:46,027 simple_logger.py log_once [line:28] INFO std_val_loss                  0.0151
2025-04-30 04:02:46,027 fedbase.py run [line:323] INFO expense           13758820.0
2025-04-30 04:02:46,027 fedbase.py run [line:324] INFO Eval Time Cost:               5.0713s
2025-04-30 04:02:46,027 asyncbase.py iterate [line:68] INFO Select clients [0, 1, 2, 3, 4, 5, 6, 7, 8, 9, 10, 11, 12, 13, 14, 15, 16, 17, 18, 19] at time 1327.
2025-04-30 04:03:22,298 asyncbase.py iterate [line:73] INFO Receive new models from clients [17, 7, 13, 9, 11, 3, 0, 12, 2, 15, 5, 18, 8, 16, 1, 4, 19, 14] at time 1333
2025-04-30 04:03:22,299 asyncbase.py iterate [line:73] INFO Receive new models from clients [10, 6] at time 1334
2025-04-30 04:03:22,335 fedbase.py run [line:318] INFO --------------Round 171--------------
2025-04-30 04:03:22,335 simple_logger.py log_once [line:14] INFO Current_time:1334
2025-04-30 04:03:27,403 simple_logger.py log_once [line:28] INFO test_accuracy                 0.1959
2025-04-30 04:03:27,403 simple_logger.py log_once [line:28] INFO test_loss                     2.2238
2025-04-30 04:03:27,403 simple_logger.py log_once [line:28] INFO val_accuracy                  0.1889
2025-04-30 04:03:27,403 simple_logger.py log_once [line:28] INFO mean_val_accuracy             0.1889
2025-04-30 04:03:27,403 simple_logger.py log_once [line:28] INFO std_val_accuracy              0.0128
2025-04-30 04:03:27,403 simple_logger.py log_once [line:28] INFO val_loss                      2.2376
2025-04-30 04:03:27,403 simple_logger.py log_once [line:28] INFO mean_val_loss                 2.2376
2025-04-30 04:03:27,403 simple_logger.py log_once [line:28] INFO std_val_loss                  0.0151
2025-04-30 04:03:27,403 fedbase.py run [line:323] INFO expense           13793220.0
2025-04-30 04:03:27,403 fedbase.py run [line:324] INFO Eval Time Cost:               5.0683s
2025-04-30 04:03:27,403 asyncbase.py iterate [line:68] INFO Select clients [0, 1, 2, 3, 4, 5, 6, 7, 8, 9, 10, 11, 12, 13, 14, 15, 16, 17, 18, 19] at time 1335.
2025-04-30 04:04:02,094 asyncbase.py iterate [line:73] INFO Receive new models from clients [0, 18, 15, 11, 10, 12, 19, 2, 16, 4, 6, 13, 3, 17, 7, 14, 1, 5] at time 1341
2025-04-30 04:04:02,095 asyncbase.py iterate [line:73] INFO Receive new models from clients [8, 9] at time 1342
2025-04-30 04:04:02,131 fedbase.py run [line:318] INFO --------------Round 172--------------
2025-04-30 04:04:02,131 simple_logger.py log_once [line:14] INFO Current_time:1342
2025-04-30 04:04:07,241 simple_logger.py log_once [line:28] INFO test_accuracy                 0.1959
2025-04-30 04:04:07,241 simple_logger.py log_once [line:28] INFO test_loss                     2.2239
2025-04-30 04:04:07,241 simple_logger.py log_once [line:28] INFO val_accuracy                  0.1889
2025-04-30 04:04:07,241 simple_logger.py log_once [line:28] INFO mean_val_accuracy             0.1889
2025-04-30 04:04:07,241 simple_logger.py log_once [line:28] INFO std_val_accuracy              0.0128
2025-04-30 04:04:07,241 simple_logger.py log_once [line:28] INFO val_loss                      2.2376
2025-04-30 04:04:07,241 simple_logger.py log_once [line:28] INFO mean_val_loss                 2.2376
2025-04-30 04:04:07,242 simple_logger.py log_once [line:28] INFO std_val_loss                  0.0151
2025-04-30 04:04:07,242 fedbase.py run [line:323] INFO expense           13827620.0
2025-04-30 04:04:07,242 fedbase.py run [line:324] INFO Eval Time Cost:               5.1108s
2025-04-30 04:04:07,242 asyncbase.py iterate [line:68] INFO Select clients [0, 1, 2, 3, 4, 5, 6, 7, 8, 9, 10, 11, 12, 13, 14, 15, 16, 17, 18, 19] at time 1343.
2025-04-30 04:04:41,624 asyncbase.py iterate [line:73] INFO Receive new models from clients [10, 4, 2, 9, 13, 7, 0, 16, 5, 19, 15, 3, 12, 14, 1, 6, 18, 8] at time 1349
2025-04-30 04:04:41,625 asyncbase.py iterate [line:73] INFO Receive new models from clients [17, 11] at time 1350
2025-04-30 04:04:41,661 fedbase.py run [line:318] INFO --------------Round 173--------------
2025-04-30 04:04:41,662 simple_logger.py log_once [line:14] INFO Current_time:1350
2025-04-30 04:04:46,747 simple_logger.py log_once [line:28] INFO test_accuracy                 0.1959
2025-04-30 04:04:46,747 simple_logger.py log_once [line:28] INFO test_loss                     2.2239
2025-04-30 04:04:46,747 simple_logger.py log_once [line:28] INFO val_accuracy                  0.1889
2025-04-30 04:04:46,747 simple_logger.py log_once [line:28] INFO mean_val_accuracy             0.1889
2025-04-30 04:04:46,747 simple_logger.py log_once [line:28] INFO std_val_accuracy              0.0128
2025-04-30 04:04:46,747 simple_logger.py log_once [line:28] INFO val_loss                      2.2376
2025-04-30 04:04:46,747 simple_logger.py log_once [line:28] INFO mean_val_loss                 2.2376
2025-04-30 04:04:46,747 simple_logger.py log_once [line:28] INFO std_val_loss                  0.0151
2025-04-30 04:04:46,747 fedbase.py run [line:323] INFO expense           13862020.0
2025-04-30 04:04:46,747 fedbase.py run [line:324] INFO Eval Time Cost:               5.0856s
2025-04-30 04:04:46,747 asyncbase.py iterate [line:68] INFO Select clients [0, 1, 2, 3, 4, 5, 6, 7, 8, 9, 10, 11, 12, 13, 14, 15, 16, 17, 18, 19] at time 1351.
2025-04-30 04:05:21,091 asyncbase.py iterate [line:73] INFO Receive new models from clients [7, 18, 16, 10, 2, 19, 3, 11, 1, 12, 14, 13, 4, 0, 6, 15, 5] at time 1357
2025-04-30 04:05:21,091 asyncbase.py iterate [line:73] INFO Receive new models from clients [8, 17, 9] at time 1358
2025-04-30 04:05:21,127 fedbase.py run [line:318] INFO --------------Round 174--------------
2025-04-30 04:05:21,127 simple_logger.py log_once [line:14] INFO Current_time:1358
2025-04-30 04:05:26,227 simple_logger.py log_once [line:28] INFO test_accuracy                 0.1959
2025-04-30 04:05:26,227 simple_logger.py log_once [line:28] INFO test_loss                     2.2239
2025-04-30 04:05:26,227 simple_logger.py log_once [line:28] INFO val_accuracy                  0.1889
2025-04-30 04:05:26,227 simple_logger.py log_once [line:28] INFO mean_val_accuracy             0.1889
2025-04-30 04:05:26,227 simple_logger.py log_once [line:28] INFO std_val_accuracy              0.0128
2025-04-30 04:05:26,227 simple_logger.py log_once [line:28] INFO val_loss                      2.2376
2025-04-30 04:05:26,227 simple_logger.py log_once [line:28] INFO mean_val_loss                 2.2376
2025-04-30 04:05:26,227 simple_logger.py log_once [line:28] INFO std_val_loss                  0.0151
2025-04-30 04:05:26,228 fedbase.py run [line:323] INFO expense           13896420.0
2025-04-30 04:05:26,228 fedbase.py run [line:324] INFO Eval Time Cost:               5.1001s
2025-04-30 04:05:26,228 asyncbase.py iterate [line:68] INFO Select clients [0, 1, 2, 3, 4, 5, 6, 7, 8, 9, 10, 11, 12, 13, 14, 15, 16, 17, 18, 19] at time 1359.
2025-04-30 04:06:00,709 asyncbase.py iterate [line:73] INFO Receive new models from clients [15, 2, 9, 13, 14, 7, 1, 11, 0, 12, 16, 8, 5, 19, 3, 10] at time 1365
2025-04-30 04:06:00,709 asyncbase.py iterate [line:73] INFO Receive new models from clients [4, 18, 6, 17] at time 1366
2025-04-30 04:06:00,744 fedbase.py run [line:318] INFO --------------Round 175--------------
2025-04-30 04:06:00,744 simple_logger.py log_once [line:14] INFO Current_time:1366
2025-04-30 04:06:05,820 simple_logger.py log_once [line:28] INFO test_accuracy                 0.1959
2025-04-30 04:06:05,820 simple_logger.py log_once [line:28] INFO test_loss                     2.2238
2025-04-30 04:06:05,820 simple_logger.py log_once [line:28] INFO val_accuracy                  0.1889
2025-04-30 04:06:05,820 simple_logger.py log_once [line:28] INFO mean_val_accuracy             0.1889
2025-04-30 04:06:05,820 simple_logger.py log_once [line:28] INFO std_val_accuracy              0.0128
2025-04-30 04:06:05,820 simple_logger.py log_once [line:28] INFO val_loss                      2.2376
2025-04-30 04:06:05,820 simple_logger.py log_once [line:28] INFO mean_val_loss                 2.2376
2025-04-30 04:06:05,820 simple_logger.py log_once [line:28] INFO std_val_loss                  0.0151
2025-04-30 04:06:05,820 fedbase.py run [line:323] INFO expense           13930820.0
2025-04-30 04:06:05,820 fedbase.py run [line:324] INFO Eval Time Cost:               5.0759s
2025-04-30 04:06:05,821 asyncbase.py iterate [line:68] INFO Select clients [0, 1, 2, 3, 4, 5, 6, 7, 8, 9, 10, 11, 12, 13, 14, 15, 16, 17, 18, 19] at time 1367.
2025-04-30 04:06:40,039 asyncbase.py iterate [line:73] INFO Receive new models from clients [8, 3, 2, 13, 19, 14, 18, 5, 9, 15, 0, 17, 11, 16, 4, 7] at time 1373
2025-04-30 04:06:40,040 asyncbase.py iterate [line:73] INFO Receive new models from clients [1, 12, 6, 10] at time 1374
2025-04-30 04:06:40,076 fedbase.py run [line:318] INFO --------------Round 176--------------
2025-04-30 04:06:40,076 simple_logger.py log_once [line:14] INFO Current_time:1374
2025-04-30 04:06:45,185 simple_logger.py log_once [line:28] INFO test_accuracy                 0.1959
2025-04-30 04:06:45,185 simple_logger.py log_once [line:28] INFO test_loss                     2.2238
2025-04-30 04:06:45,185 simple_logger.py log_once [line:28] INFO val_accuracy                  0.1889
2025-04-30 04:06:45,185 simple_logger.py log_once [line:28] INFO mean_val_accuracy             0.1889
2025-04-30 04:06:45,185 simple_logger.py log_once [line:28] INFO std_val_accuracy              0.0128
2025-04-30 04:06:45,185 simple_logger.py log_once [line:28] INFO val_loss                      2.2376
2025-04-30 04:06:45,185 simple_logger.py log_once [line:28] INFO mean_val_loss                 2.2376
2025-04-30 04:06:45,185 simple_logger.py log_once [line:28] INFO std_val_loss                  0.0151
2025-04-30 04:06:45,185 fedbase.py run [line:323] INFO expense           13965220.0
2025-04-30 04:06:45,185 fedbase.py run [line:324] INFO Eval Time Cost:               5.1096s
2025-04-30 04:06:45,185 asyncbase.py iterate [line:68] INFO Select clients [0, 1, 2, 3, 4, 5, 6, 7, 8, 9, 10, 11, 12, 13, 14, 15, 16, 17, 18, 19] at time 1375.
2025-04-30 04:07:19,223 asyncbase.py iterate [line:73] INFO Receive new models from clients [2, 10, 14, 9, 3, 17, 5, 4, 11, 16, 19, 18, 0, 8, 7, 15, 6, 1, 12, 13] at time 1381
2025-04-30 04:07:19,260 fedbase.py run [line:318] INFO --------------Round 177--------------
2025-04-30 04:07:19,260 simple_logger.py log_once [line:14] INFO Current_time:1381
2025-04-30 04:07:24,444 simple_logger.py log_once [line:28] INFO test_accuracy                 0.1959
2025-04-30 04:07:24,444 simple_logger.py log_once [line:28] INFO test_loss                     2.2238
2025-04-30 04:07:24,444 simple_logger.py log_once [line:28] INFO val_accuracy                  0.1889
2025-04-30 04:07:24,444 simple_logger.py log_once [line:28] INFO mean_val_accuracy             0.1889
2025-04-30 04:07:24,444 simple_logger.py log_once [line:28] INFO std_val_accuracy              0.0128
2025-04-30 04:07:24,444 simple_logger.py log_once [line:28] INFO val_loss                      2.2376
2025-04-30 04:07:24,444 simple_logger.py log_once [line:28] INFO mean_val_loss                 2.2376
2025-04-30 04:07:24,444 simple_logger.py log_once [line:28] INFO std_val_loss                  0.0151
2025-04-30 04:07:24,444 fedbase.py run [line:323] INFO expense           13999620.0
2025-04-30 04:07:24,444 fedbase.py run [line:324] INFO Eval Time Cost:               5.1847s
2025-04-30 04:07:24,445 asyncbase.py iterate [line:68] INFO Select clients [0, 1, 2, 3, 4, 5, 6, 7, 8, 9, 10, 11, 12, 13, 14, 15, 16, 17, 18, 19] at time 1382.
2025-04-30 04:07:58,913 asyncbase.py iterate [line:73] INFO Receive new models from clients [6, 5, 17, 3, 10, 13, 11, 14, 1, 16, 8, 2, 12, 19, 15, 9, 4, 7, 18] at time 1388
2025-04-30 04:07:58,914 asyncbase.py iterate [line:73] INFO Receive new models from clients [0] at time 1389
2025-04-30 04:07:58,950 fedbase.py run [line:318] INFO --------------Round 178--------------
2025-04-30 04:07:58,950 simple_logger.py log_once [line:14] INFO Current_time:1389
2025-04-30 04:08:04,030 simple_logger.py log_once [line:28] INFO test_accuracy                 0.1959
2025-04-30 04:08:04,030 simple_logger.py log_once [line:28] INFO test_loss                     2.2239
2025-04-30 04:08:04,030 simple_logger.py log_once [line:28] INFO val_accuracy                  0.1889
2025-04-30 04:08:04,030 simple_logger.py log_once [line:28] INFO mean_val_accuracy             0.1889
2025-04-30 04:08:04,030 simple_logger.py log_once [line:28] INFO std_val_accuracy              0.0128
2025-04-30 04:08:04,030 simple_logger.py log_once [line:28] INFO val_loss                      2.2376
2025-04-30 04:08:04,030 simple_logger.py log_once [line:28] INFO mean_val_loss                 2.2376
2025-04-30 04:08:04,031 simple_logger.py log_once [line:28] INFO std_val_loss                  0.0151
2025-04-30 04:08:04,031 fedbase.py run [line:323] INFO expense           14034020.0
2025-04-30 04:08:04,031 fedbase.py run [line:324] INFO Eval Time Cost:               5.0803s
2025-04-30 04:08:04,031 asyncbase.py iterate [line:68] INFO Select clients [0, 1, 2, 3, 4, 5, 6, 7, 8, 9, 10, 11, 12, 13, 14, 15, 16, 17, 18, 19] at time 1390.
2025-04-30 04:08:38,887 asyncbase.py iterate [line:73] INFO Receive new models from clients [11, 8, 16, 17, 3, 0, 14, 2, 1, 6, 12, 19, 13, 4, 10, 18, 9, 7, 15, 5] at time 1396
2025-04-30 04:08:38,924 fedbase.py run [line:318] INFO --------------Round 179--------------
2025-04-30 04:08:38,924 simple_logger.py log_once [line:14] INFO Current_time:1396
2025-04-30 04:08:44,052 simple_logger.py log_once [line:28] INFO test_accuracy                 0.1959
2025-04-30 04:08:44,052 simple_logger.py log_once [line:28] INFO test_loss                     2.2238
2025-04-30 04:08:44,052 simple_logger.py log_once [line:28] INFO val_accuracy                  0.1889
2025-04-30 04:08:44,052 simple_logger.py log_once [line:28] INFO mean_val_accuracy             0.1889
2025-04-30 04:08:44,052 simple_logger.py log_once [line:28] INFO std_val_accuracy              0.0128
2025-04-30 04:08:44,052 simple_logger.py log_once [line:28] INFO val_loss                      2.2376
2025-04-30 04:08:44,052 simple_logger.py log_once [line:28] INFO mean_val_loss                 2.2376
2025-04-30 04:08:44,052 simple_logger.py log_once [line:28] INFO std_val_loss                  0.0152
2025-04-30 04:08:44,052 fedbase.py run [line:323] INFO expense           14068420.0
2025-04-30 04:08:44,052 fedbase.py run [line:324] INFO Eval Time Cost:               5.1283s
2025-04-30 04:08:44,053 asyncbase.py iterate [line:68] INFO Select clients [0, 1, 2, 3, 4, 5, 6, 7, 8, 9, 10, 11, 12, 13, 14, 15, 16, 17, 18, 19] at time 1397.
2025-04-30 04:09:19,364 asyncbase.py iterate [line:73] INFO Receive new models from clients [19, 17, 0, 9, 16, 12, 10, 7, 18, 6, 5, 2, 1, 8, 11, 3, 4, 15] at time 1403
2025-04-30 04:09:19,365 asyncbase.py iterate [line:73] INFO Receive new models from clients [14, 13] at time 1404
2025-04-30 04:09:19,400 fedbase.py run [line:318] INFO --------------Round 180--------------
2025-04-30 04:09:19,400 simple_logger.py log_once [line:14] INFO Current_time:1404
2025-04-30 04:09:24,480 simple_logger.py log_once [line:28] INFO test_accuracy                 0.1959
2025-04-30 04:09:24,480 simple_logger.py log_once [line:28] INFO test_loss                     2.2238
2025-04-30 04:09:24,480 simple_logger.py log_once [line:28] INFO val_accuracy                  0.1889
2025-04-30 04:09:24,480 simple_logger.py log_once [line:28] INFO mean_val_accuracy             0.1889
2025-04-30 04:09:24,480 simple_logger.py log_once [line:28] INFO std_val_accuracy              0.0128
2025-04-30 04:09:24,480 simple_logger.py log_once [line:28] INFO val_loss                      2.2376
2025-04-30 04:09:24,480 simple_logger.py log_once [line:28] INFO mean_val_loss                 2.2376
2025-04-30 04:09:24,480 simple_logger.py log_once [line:28] INFO std_val_loss                  0.0151
2025-04-30 04:09:24,480 fedbase.py run [line:323] INFO expense           14102820.0
2025-04-30 04:09:24,480 fedbase.py run [line:324] INFO Eval Time Cost:               5.0802s
2025-04-30 04:09:24,480 asyncbase.py iterate [line:68] INFO Select clients [0, 1, 2, 3, 4, 5, 6, 7, 8, 9, 10, 11, 12, 13, 14, 15, 16, 17, 18, 19] at time 1405.
2025-04-30 04:09:58,571 asyncbase.py iterate [line:73] INFO Receive new models from clients [3, 5, 15, 9, 8, 12, 6, 7, 2, 16, 0, 1, 17, 4, 18, 13, 14, 19, 11] at time 1411
2025-04-30 04:09:58,571 asyncbase.py iterate [line:73] INFO Receive new models from clients [10] at time 1412
2025-04-30 04:09:58,606 fedbase.py run [line:318] INFO --------------Round 181--------------
2025-04-30 04:09:58,606 simple_logger.py log_once [line:14] INFO Current_time:1412
2025-04-30 04:10:03,677 simple_logger.py log_once [line:28] INFO test_accuracy                 0.1959
2025-04-30 04:10:03,677 simple_logger.py log_once [line:28] INFO test_loss                     2.2238
2025-04-30 04:10:03,677 simple_logger.py log_once [line:28] INFO val_accuracy                  0.1889
2025-04-30 04:10:03,677 simple_logger.py log_once [line:28] INFO mean_val_accuracy             0.1889
2025-04-30 04:10:03,677 simple_logger.py log_once [line:28] INFO std_val_accuracy              0.0128
2025-04-30 04:10:03,677 simple_logger.py log_once [line:28] INFO val_loss                      2.2376
2025-04-30 04:10:03,677 simple_logger.py log_once [line:28] INFO mean_val_loss                 2.2376
2025-04-30 04:10:03,677 simple_logger.py log_once [line:28] INFO std_val_loss                  0.0151
2025-04-30 04:10:03,678 fedbase.py run [line:323] INFO expense           14137220.0
2025-04-30 04:10:03,678 fedbase.py run [line:324] INFO Eval Time Cost:               5.0712s
2025-04-30 04:10:03,678 asyncbase.py iterate [line:68] INFO Select clients [0, 1, 2, 3, 4, 5, 6, 7, 8, 9, 10, 11, 12, 13, 14, 15, 16, 17, 18, 19] at time 1413.
2025-04-30 04:10:37,695 asyncbase.py iterate [line:73] INFO Receive new models from clients [19, 14, 15, 5, 11, 3, 9, 2, 12, 0, 6, 13, 10, 7, 8, 1, 18, 16, 17, 4] at time 1419
2025-04-30 04:10:37,731 fedbase.py run [line:318] INFO --------------Round 182--------------
2025-04-30 04:10:37,731 simple_logger.py log_once [line:14] INFO Current_time:1419
2025-04-30 04:10:42,844 simple_logger.py log_once [line:28] INFO test_accuracy                 0.1959
2025-04-30 04:10:42,844 simple_logger.py log_once [line:28] INFO test_loss                     2.2239
2025-04-30 04:10:42,844 simple_logger.py log_once [line:28] INFO val_accuracy                  0.1889
2025-04-30 04:10:42,844 simple_logger.py log_once [line:28] INFO mean_val_accuracy             0.1889
2025-04-30 04:10:42,844 simple_logger.py log_once [line:28] INFO std_val_accuracy              0.0128
2025-04-30 04:10:42,844 simple_logger.py log_once [line:28] INFO val_loss                      2.2376
2025-04-30 04:10:42,844 simple_logger.py log_once [line:28] INFO mean_val_loss                 2.2376
2025-04-30 04:10:42,844 simple_logger.py log_once [line:28] INFO std_val_loss                  0.0151
2025-04-30 04:10:42,844 fedbase.py run [line:323] INFO expense           14171620.0
2025-04-30 04:10:42,844 fedbase.py run [line:324] INFO Eval Time Cost:               5.1135s
2025-04-30 04:10:42,844 asyncbase.py iterate [line:68] INFO Select clients [0, 1, 2, 3, 4, 5, 6, 7, 8, 9, 10, 11, 12, 13, 14, 15, 16, 17, 18, 19] at time 1420.
2025-04-30 04:11:16,899 asyncbase.py iterate [line:73] INFO Receive new models from clients [6, 19, 14, 11, 5, 9, 18, 0, 1, 16, 10, 13, 2, 4, 3, 15, 17, 7, 12] at time 1426
2025-04-30 04:11:16,899 asyncbase.py iterate [line:73] INFO Receive new models from clients [8] at time 1427
2025-04-30 04:11:16,935 fedbase.py run [line:318] INFO --------------Round 183--------------
2025-04-30 04:11:16,935 simple_logger.py log_once [line:14] INFO Current_time:1427
2025-04-30 04:11:22,030 simple_logger.py log_once [line:28] INFO test_accuracy                 0.1959
2025-04-30 04:11:22,030 simple_logger.py log_once [line:28] INFO test_loss                     2.2238
2025-04-30 04:11:22,030 simple_logger.py log_once [line:28] INFO val_accuracy                  0.1889
2025-04-30 04:11:22,030 simple_logger.py log_once [line:28] INFO mean_val_accuracy             0.1889
2025-04-30 04:11:22,030 simple_logger.py log_once [line:28] INFO std_val_accuracy              0.0128
2025-04-30 04:11:22,030 simple_logger.py log_once [line:28] INFO val_loss                      2.2376
2025-04-30 04:11:22,030 simple_logger.py log_once [line:28] INFO mean_val_loss                 2.2376
2025-04-30 04:11:22,030 simple_logger.py log_once [line:28] INFO std_val_loss                  0.0151
2025-04-30 04:11:22,030 fedbase.py run [line:323] INFO expense           14206020.0
2025-04-30 04:11:22,030 fedbase.py run [line:324] INFO Eval Time Cost:               5.0951s
2025-04-30 04:11:22,030 asyncbase.py iterate [line:68] INFO Select clients [0, 1, 2, 3, 4, 5, 6, 7, 8, 9, 10, 11, 12, 13, 14, 15, 16, 17, 18, 19] at time 1428.
2025-04-30 04:11:56,033 asyncbase.py iterate [line:73] INFO Receive new models from clients [19, 5, 15, 9, 13, 2, 11, 16, 6, 17, 7, 8, 3, 18, 0, 14, 12, 4, 1] at time 1434
2025-04-30 04:11:56,034 asyncbase.py iterate [line:73] INFO Receive new models from clients [10] at time 1435
2025-04-30 04:11:56,069 fedbase.py run [line:318] INFO --------------Round 184--------------
2025-04-30 04:11:56,069 simple_logger.py log_once [line:14] INFO Current_time:1435
2025-04-30 04:12:01,225 simple_logger.py log_once [line:28] INFO test_accuracy                 0.1959
2025-04-30 04:12:01,225 simple_logger.py log_once [line:28] INFO test_loss                     2.2238
2025-04-30 04:12:01,225 simple_logger.py log_once [line:28] INFO val_accuracy                  0.1889
2025-04-30 04:12:01,225 simple_logger.py log_once [line:28] INFO mean_val_accuracy             0.1889
2025-04-30 04:12:01,225 simple_logger.py log_once [line:28] INFO std_val_accuracy              0.0128
2025-04-30 04:12:01,225 simple_logger.py log_once [line:28] INFO val_loss                      2.2376
2025-04-30 04:12:01,225 simple_logger.py log_once [line:28] INFO mean_val_loss                 2.2376
2025-04-30 04:12:01,225 simple_logger.py log_once [line:28] INFO std_val_loss                  0.0151
2025-04-30 04:12:01,225 fedbase.py run [line:323] INFO expense           14240420.0
2025-04-30 04:12:01,225 fedbase.py run [line:324] INFO Eval Time Cost:               5.1560s
2025-04-30 04:12:01,226 asyncbase.py iterate [line:68] INFO Select clients [0, 1, 2, 3, 4, 5, 6, 7, 8, 9, 10, 11, 12, 13, 14, 15, 16, 17, 18, 19] at time 1436.
2025-04-30 04:12:36,629 asyncbase.py iterate [line:73] INFO Receive new models from clients [0, 11, 12, 3, 7, 13, 14, 18, 16, 5, 1, 6, 15, 17, 2, 10, 4] at time 1442
2025-04-30 04:12:36,630 asyncbase.py iterate [line:73] INFO Receive new models from clients [19, 9, 8] at time 1443
2025-04-30 04:12:36,665 fedbase.py run [line:318] INFO --------------Round 185--------------
2025-04-30 04:12:36,665 simple_logger.py log_once [line:14] INFO Current_time:1443
2025-04-30 04:12:41,755 simple_logger.py log_once [line:28] INFO test_accuracy                 0.1959
2025-04-30 04:12:41,755 simple_logger.py log_once [line:28] INFO test_loss                     2.2238
2025-04-30 04:12:41,755 simple_logger.py log_once [line:28] INFO val_accuracy                  0.1889
2025-04-30 04:12:41,755 simple_logger.py log_once [line:28] INFO mean_val_accuracy             0.1889
2025-04-30 04:12:41,755 simple_logger.py log_once [line:28] INFO std_val_accuracy              0.0128
2025-04-30 04:12:41,755 simple_logger.py log_once [line:28] INFO val_loss                      2.2376
2025-04-30 04:12:41,755 simple_logger.py log_once [line:28] INFO mean_val_loss                 2.2376
2025-04-30 04:12:41,755 simple_logger.py log_once [line:28] INFO std_val_loss                  0.0152
2025-04-30 04:12:41,755 fedbase.py run [line:323] INFO expense           14274820.0
2025-04-30 04:12:41,755 fedbase.py run [line:324] INFO Eval Time Cost:               5.0906s
2025-04-30 04:12:41,756 asyncbase.py iterate [line:68] INFO Select clients [0, 1, 2, 3, 4, 5, 6, 7, 8, 9, 10, 11, 12, 13, 14, 15, 16, 17, 18, 19] at time 1444.
2025-04-30 04:13:16,259 asyncbase.py iterate [line:73] INFO Receive new models from clients [8, 10, 7, 18, 9, 14, 13, 2, 12, 15, 16, 17, 0, 11, 5, 1] at time 1450
2025-04-30 04:13:16,259 asyncbase.py iterate [line:73] INFO Receive new models from clients [19, 6, 3, 4] at time 1451
2025-04-30 04:13:16,295 fedbase.py run [line:318] INFO --------------Round 186--------------
2025-04-30 04:13:16,295 simple_logger.py log_once [line:14] INFO Current_time:1451
2025-04-30 04:13:21,377 simple_logger.py log_once [line:28] INFO test_accuracy                 0.1959
2025-04-30 04:13:21,377 simple_logger.py log_once [line:28] INFO test_loss                     2.2238
2025-04-30 04:13:21,377 simple_logger.py log_once [line:28] INFO val_accuracy                  0.1889
2025-04-30 04:13:21,377 simple_logger.py log_once [line:28] INFO mean_val_accuracy             0.1889
2025-04-30 04:13:21,377 simple_logger.py log_once [line:28] INFO std_val_accuracy              0.0128
2025-04-30 04:13:21,377 simple_logger.py log_once [line:28] INFO val_loss                      2.2376
2025-04-30 04:13:21,377 simple_logger.py log_once [line:28] INFO mean_val_loss                 2.2376
2025-04-30 04:13:21,377 simple_logger.py log_once [line:28] INFO std_val_loss                  0.0151
2025-04-30 04:13:21,377 fedbase.py run [line:323] INFO expense           14309220.0
2025-04-30 04:13:21,377 fedbase.py run [line:324] INFO Eval Time Cost:               5.0822s
2025-04-30 04:13:21,377 asyncbase.py iterate [line:68] INFO Select clients [0, 1, 2, 3, 4, 5, 6, 7, 8, 9, 10, 11, 12, 13, 14, 15, 16, 17, 18, 19] at time 1452.
2025-04-30 04:13:55,582 asyncbase.py iterate [line:73] INFO Receive new models from clients [12, 19, 14, 4, 0, 2, 16, 3, 5, 17, 10, 6, 8, 1, 13, 11, 7, 18] at time 1458
2025-04-30 04:13:55,582 asyncbase.py iterate [line:73] INFO Receive new models from clients [9, 15] at time 1459
2025-04-30 04:13:55,617 fedbase.py run [line:318] INFO --------------Round 187--------------
2025-04-30 04:13:55,617 simple_logger.py log_once [line:14] INFO Current_time:1459
2025-04-30 04:14:00,723 simple_logger.py log_once [line:28] INFO test_accuracy                 0.1959
2025-04-30 04:14:00,723 simple_logger.py log_once [line:28] INFO test_loss                     2.2239
2025-04-30 04:14:00,723 simple_logger.py log_once [line:28] INFO val_accuracy                  0.1889
2025-04-30 04:14:00,723 simple_logger.py log_once [line:28] INFO mean_val_accuracy             0.1889
2025-04-30 04:14:00,723 simple_logger.py log_once [line:28] INFO std_val_accuracy              0.0128
2025-04-30 04:14:00,723 simple_logger.py log_once [line:28] INFO val_loss                      2.2376
2025-04-30 04:14:00,723 simple_logger.py log_once [line:28] INFO mean_val_loss                 2.2376
2025-04-30 04:14:00,723 simple_logger.py log_once [line:28] INFO std_val_loss                  0.0151
2025-04-30 04:14:00,723 fedbase.py run [line:323] INFO expense           14343620.0
2025-04-30 04:14:00,723 fedbase.py run [line:324] INFO Eval Time Cost:               5.1061s
2025-04-30 04:14:00,724 asyncbase.py iterate [line:68] INFO Select clients [0, 1, 2, 3, 4, 5, 6, 7, 8, 9, 10, 11, 12, 13, 14, 15, 16, 17, 18, 19] at time 1460.
2025-04-30 04:14:37,513 asyncbase.py iterate [line:73] INFO Receive new models from clients [2, 9, 10, 5, 15, 19, 6, 4, 11, 1, 0, 14, 17, 3, 7, 12] at time 1466
2025-04-30 04:14:37,513 asyncbase.py iterate [line:73] INFO Receive new models from clients [16, 13, 18, 8] at time 1467
2025-04-30 04:14:37,550 fedbase.py run [line:318] INFO --------------Round 188--------------
2025-04-30 04:14:37,550 simple_logger.py log_once [line:14] INFO Current_time:1467
2025-04-30 04:14:42,657 simple_logger.py log_once [line:28] INFO test_accuracy                 0.1959
2025-04-30 04:14:42,657 simple_logger.py log_once [line:28] INFO test_loss                     2.2238
2025-04-30 04:14:42,657 simple_logger.py log_once [line:28] INFO val_accuracy                  0.1889
2025-04-30 04:14:42,657 simple_logger.py log_once [line:28] INFO mean_val_accuracy             0.1889
2025-04-30 04:14:42,657 simple_logger.py log_once [line:28] INFO std_val_accuracy              0.0128
2025-04-30 04:14:42,657 simple_logger.py log_once [line:28] INFO val_loss                      2.2376
2025-04-30 04:14:42,657 simple_logger.py log_once [line:28] INFO mean_val_loss                 2.2376
2025-04-30 04:14:42,658 simple_logger.py log_once [line:28] INFO std_val_loss                  0.0151
2025-04-30 04:14:42,658 fedbase.py run [line:323] INFO expense           14378020.0
2025-04-30 04:14:42,658 fedbase.py run [line:324] INFO Eval Time Cost:               5.1075s
2025-04-30 04:14:42,658 asyncbase.py iterate [line:68] INFO Select clients [0, 1, 2, 3, 4, 5, 6, 7, 8, 9, 10, 11, 12, 13, 14, 15, 16, 17, 18, 19] at time 1468.
2025-04-30 04:15:21,247 asyncbase.py iterate [line:73] INFO Receive new models from clients [12, 1, 13, 18, 11, 4, 6, 0, 9, 7, 19, 17, 3, 14, 16, 10, 2, 15] at time 1474
2025-04-30 04:15:21,247 asyncbase.py iterate [line:73] INFO Receive new models from clients [5, 8] at time 1475
2025-04-30 04:15:21,284 fedbase.py run [line:318] INFO --------------Round 189--------------
2025-04-30 04:15:21,284 simple_logger.py log_once [line:14] INFO Current_time:1475
2025-04-30 04:15:26,388 simple_logger.py log_once [line:28] INFO test_accuracy                 0.1959
2025-04-30 04:15:26,388 simple_logger.py log_once [line:28] INFO test_loss                     2.2238
2025-04-30 04:15:26,388 simple_logger.py log_once [line:28] INFO val_accuracy                  0.1889
2025-04-30 04:15:26,388 simple_logger.py log_once [line:28] INFO mean_val_accuracy             0.1889
2025-04-30 04:15:26,388 simple_logger.py log_once [line:28] INFO std_val_accuracy              0.0128
2025-04-30 04:15:26,388 simple_logger.py log_once [line:28] INFO val_loss                      2.2376
2025-04-30 04:15:26,388 simple_logger.py log_once [line:28] INFO mean_val_loss                 2.2376
2025-04-30 04:15:26,388 simple_logger.py log_once [line:28] INFO std_val_loss                  0.0151
2025-04-30 04:15:26,388 fedbase.py run [line:323] INFO expense           14412420.0
2025-04-30 04:15:26,388 fedbase.py run [line:324] INFO Eval Time Cost:               5.1038s
2025-04-30 04:15:26,388 asyncbase.py iterate [line:68] INFO Select clients [0, 1, 2, 3, 4, 5, 6, 7, 8, 9, 10, 11, 12, 13, 14, 15, 16, 17, 18, 19] at time 1476.
2025-04-30 04:16:05,269 asyncbase.py iterate [line:73] INFO Receive new models from clients [9, 13, 2, 0, 4, 14, 10, 16, 17, 8, 18, 6, 7, 15, 11, 1, 3, 5, 12] at time 1482
2025-04-30 04:16:05,270 asyncbase.py iterate [line:73] INFO Receive new models from clients [19] at time 1483
2025-04-30 04:16:05,306 fedbase.py run [line:318] INFO --------------Round 190--------------
2025-04-30 04:16:05,306 simple_logger.py log_once [line:14] INFO Current_time:1483
2025-04-30 04:16:10,415 simple_logger.py log_once [line:28] INFO test_accuracy                 0.1959
2025-04-30 04:16:10,415 simple_logger.py log_once [line:28] INFO test_loss                     2.2239
2025-04-30 04:16:10,415 simple_logger.py log_once [line:28] INFO val_accuracy                  0.1889
2025-04-30 04:16:10,415 simple_logger.py log_once [line:28] INFO mean_val_accuracy             0.1889
2025-04-30 04:16:10,415 simple_logger.py log_once [line:28] INFO std_val_accuracy              0.0128
2025-04-30 04:16:10,415 simple_logger.py log_once [line:28] INFO val_loss                      2.2376
2025-04-30 04:16:10,416 simple_logger.py log_once [line:28] INFO mean_val_loss                 2.2376
2025-04-30 04:16:10,416 simple_logger.py log_once [line:28] INFO std_val_loss                  0.0151
2025-04-30 04:16:10,416 fedbase.py run [line:323] INFO expense           14446820.0
2025-04-30 04:16:10,416 fedbase.py run [line:324] INFO Eval Time Cost:               5.1097s
2025-04-30 04:16:10,416 asyncbase.py iterate [line:68] INFO Select clients [0, 1, 2, 3, 4, 5, 6, 7, 8, 9, 10, 11, 12, 13, 14, 15, 16, 17, 18, 19] at time 1484.
2025-04-30 04:16:50,161 asyncbase.py iterate [line:73] INFO Receive new models from clients [16, 2, 15, 8, 18, 3, 6, 9, 5, 0, 13, 11, 17, 1, 7, 4, 14] at time 1490
2025-04-30 04:16:50,161 asyncbase.py iterate [line:73] INFO Receive new models from clients [10, 12, 19] at time 1491
2025-04-30 04:16:50,198 fedbase.py run [line:318] INFO --------------Round 191--------------
2025-04-30 04:16:50,198 simple_logger.py log_once [line:14] INFO Current_time:1491
2025-04-30 04:16:55,364 simple_logger.py log_once [line:28] INFO test_accuracy                 0.1959
2025-04-30 04:16:55,364 simple_logger.py log_once [line:28] INFO test_loss                     2.2238
2025-04-30 04:16:55,364 simple_logger.py log_once [line:28] INFO val_accuracy                  0.1889
2025-04-30 04:16:55,364 simple_logger.py log_once [line:28] INFO mean_val_accuracy             0.1889
2025-04-30 04:16:55,364 simple_logger.py log_once [line:28] INFO std_val_accuracy              0.0128
2025-04-30 04:16:55,364 simple_logger.py log_once [line:28] INFO val_loss                      2.2376
2025-04-30 04:16:55,364 simple_logger.py log_once [line:28] INFO mean_val_loss                 2.2376
2025-04-30 04:16:55,364 simple_logger.py log_once [line:28] INFO std_val_loss                  0.0151
2025-04-30 04:16:55,364 fedbase.py run [line:323] INFO expense           14481220.0
2025-04-30 04:16:55,364 fedbase.py run [line:324] INFO Eval Time Cost:               5.1658s
2025-04-30 04:16:55,364 asyncbase.py iterate [line:68] INFO Select clients [0, 1, 2, 3, 4, 5, 6, 7, 8, 9, 10, 11, 12, 13, 14, 15, 16, 17, 18, 19] at time 1492.
2025-04-30 04:17:34,234 asyncbase.py iterate [line:73] INFO Receive new models from clients [19, 1, 5, 10, 8, 7, 0, 13, 3, 9, 6, 4, 15, 2, 14] at time 1498
2025-04-30 04:17:34,235 asyncbase.py iterate [line:73] INFO Receive new models from clients [18, 12, 11, 16, 17] at time 1499
2025-04-30 04:17:34,272 fedbase.py run [line:318] INFO --------------Round 192--------------
2025-04-30 04:17:34,272 simple_logger.py log_once [line:14] INFO Current_time:1499
2025-04-30 04:17:39,428 simple_logger.py log_once [line:28] INFO test_accuracy                 0.1959
2025-04-30 04:17:39,428 simple_logger.py log_once [line:28] INFO test_loss                     2.2239
2025-04-30 04:17:39,428 simple_logger.py log_once [line:28] INFO val_accuracy                  0.1889
2025-04-30 04:17:39,428 simple_logger.py log_once [line:28] INFO mean_val_accuracy             0.1889
2025-04-30 04:17:39,429 simple_logger.py log_once [line:28] INFO std_val_accuracy              0.0128
2025-04-30 04:17:39,429 simple_logger.py log_once [line:28] INFO val_loss                      2.2376
2025-04-30 04:17:39,429 simple_logger.py log_once [line:28] INFO mean_val_loss                 2.2376
2025-04-30 04:17:39,429 simple_logger.py log_once [line:28] INFO std_val_loss                  0.0151
2025-04-30 04:17:39,429 fedbase.py run [line:323] INFO expense           14515620.0
2025-04-30 04:17:39,429 fedbase.py run [line:324] INFO Eval Time Cost:               5.1569s
2025-04-30 04:17:39,429 asyncbase.py iterate [line:68] INFO Select clients [0, 1, 2, 3, 4, 5, 6, 7, 8, 9, 10, 11, 12, 13, 14, 15, 16, 17, 18, 19] at time 1500.
2025-04-30 04:18:18,593 asyncbase.py iterate [line:73] INFO Receive new models from clients [12, 4, 16, 9, 0, 2, 13, 19, 6, 11, 14, 1, 8, 17, 15] at time 1506
2025-04-30 04:18:18,593 asyncbase.py iterate [line:73] INFO Receive new models from clients [5, 3, 7, 18, 10] at time 1507
2025-04-30 04:18:18,630 fedbase.py run [line:318] INFO --------------Round 193--------------
2025-04-30 04:18:18,630 simple_logger.py log_once [line:14] INFO Current_time:1507
2025-04-30 04:18:23,766 simple_logger.py log_once [line:28] INFO test_accuracy                 0.1959
2025-04-30 04:18:23,766 simple_logger.py log_once [line:28] INFO test_loss                     2.2239
2025-04-30 04:18:23,766 simple_logger.py log_once [line:28] INFO val_accuracy                  0.1889
2025-04-30 04:18:23,766 simple_logger.py log_once [line:28] INFO mean_val_accuracy             0.1889
2025-04-30 04:18:23,766 simple_logger.py log_once [line:28] INFO std_val_accuracy              0.0128
2025-04-30 04:18:23,766 simple_logger.py log_once [line:28] INFO val_loss                      2.2376
2025-04-30 04:18:23,766 simple_logger.py log_once [line:28] INFO mean_val_loss                 2.2376
2025-04-30 04:18:23,766 simple_logger.py log_once [line:28] INFO std_val_loss                  0.0151
2025-04-30 04:18:23,766 fedbase.py run [line:323] INFO expense           14550020.0
2025-04-30 04:18:23,766 fedbase.py run [line:324] INFO Eval Time Cost:               5.1357s
2025-04-30 04:18:23,766 asyncbase.py iterate [line:68] INFO Select clients [0, 1, 2, 3, 4, 5, 6, 7, 8, 9, 10, 11, 12, 13, 14, 15, 16, 17, 18, 19] at time 1508.
2025-04-30 04:19:02,861 asyncbase.py iterate [line:73] INFO Receive new models from clients [0, 4, 5, 14, 19, 9, 15, 3, 2, 17, 6, 11, 16, 7, 1, 12, 13, 10] at time 1514
2025-04-30 04:19:02,861 asyncbase.py iterate [line:73] INFO Receive new models from clients [8, 18] at time 1515
2025-04-30 04:19:02,897 fedbase.py run [line:318] INFO --------------Round 194--------------
2025-04-30 04:19:02,897 simple_logger.py log_once [line:14] INFO Current_time:1515
2025-04-30 04:19:08,072 simple_logger.py log_once [line:28] INFO test_accuracy                 0.1959
2025-04-30 04:19:08,072 simple_logger.py log_once [line:28] INFO test_loss                     2.2238
2025-04-30 04:19:08,072 simple_logger.py log_once [line:28] INFO val_accuracy                  0.1889
2025-04-30 04:19:08,072 simple_logger.py log_once [line:28] INFO mean_val_accuracy             0.1889
2025-04-30 04:19:08,072 simple_logger.py log_once [line:28] INFO std_val_accuracy              0.0128
2025-04-30 04:19:08,072 simple_logger.py log_once [line:28] INFO val_loss                      2.2376
2025-04-30 04:19:08,072 simple_logger.py log_once [line:28] INFO mean_val_loss                 2.2376
2025-04-30 04:19:08,072 simple_logger.py log_once [line:28] INFO std_val_loss                  0.0152
2025-04-30 04:19:08,072 fedbase.py run [line:323] INFO expense           14584420.0
2025-04-30 04:19:08,072 fedbase.py run [line:324] INFO Eval Time Cost:               5.1752s
2025-04-30 04:19:08,073 asyncbase.py iterate [line:68] INFO Select clients [0, 1, 2, 3, 4, 5, 6, 7, 8, 9, 10, 11, 12, 13, 14, 15, 16, 17, 18, 19] at time 1516.
2025-04-30 04:19:47,039 asyncbase.py iterate [line:73] INFO Receive new models from clients [0, 3, 4, 19, 13, 1, 17, 6, 5, 15, 8, 2, 7, 10, 16, 14, 18, 9] at time 1522
2025-04-30 04:19:47,039 asyncbase.py iterate [line:73] INFO Receive new models from clients [11, 12] at time 1523
2025-04-30 04:19:47,077 fedbase.py run [line:318] INFO --------------Round 195--------------
2025-04-30 04:19:47,077 simple_logger.py log_once [line:14] INFO Current_time:1523
2025-04-30 04:19:52,195 simple_logger.py log_once [line:28] INFO test_accuracy                 0.1959
2025-04-30 04:19:52,195 simple_logger.py log_once [line:28] INFO test_loss                     2.2238
2025-04-30 04:19:52,195 simple_logger.py log_once [line:28] INFO val_accuracy                  0.1889
2025-04-30 04:19:52,195 simple_logger.py log_once [line:28] INFO mean_val_accuracy             0.1889
2025-04-30 04:19:52,195 simple_logger.py log_once [line:28] INFO std_val_accuracy              0.0128
2025-04-30 04:19:52,195 simple_logger.py log_once [line:28] INFO val_loss                      2.2376
2025-04-30 04:19:52,195 simple_logger.py log_once [line:28] INFO mean_val_loss                 2.2376
2025-04-30 04:19:52,195 simple_logger.py log_once [line:28] INFO std_val_loss                  0.0151
2025-04-30 04:19:52,195 fedbase.py run [line:323] INFO expense           14618820.0
2025-04-30 04:19:52,196 fedbase.py run [line:324] INFO Eval Time Cost:               5.1184s
2025-04-30 04:19:52,196 asyncbase.py iterate [line:68] INFO Select clients [0, 1, 2, 3, 4, 5, 6, 7, 8, 9, 10, 11, 12, 13, 14, 15, 16, 17, 18, 19] at time 1524.
2025-04-30 04:20:31,200 asyncbase.py iterate [line:73] INFO Receive new models from clients [16, 18, 6, 13, 19, 5, 12, 17, 10, 11, 15, 8, 0, 9, 4, 7, 2] at time 1530
2025-04-30 04:20:31,201 asyncbase.py iterate [line:73] INFO Receive new models from clients [1, 3, 14] at time 1531
2025-04-30 04:20:31,236 fedbase.py run [line:318] INFO --------------Round 196--------------
2025-04-30 04:20:31,236 simple_logger.py log_once [line:14] INFO Current_time:1531
2025-04-30 04:20:36,364 simple_logger.py log_once [line:28] INFO test_accuracy                 0.1959
2025-04-30 04:20:36,364 simple_logger.py log_once [line:28] INFO test_loss                     2.2238
2025-04-30 04:20:36,364 simple_logger.py log_once [line:28] INFO val_accuracy                  0.1889
2025-04-30 04:20:36,364 simple_logger.py log_once [line:28] INFO mean_val_accuracy             0.1889
2025-04-30 04:20:36,365 simple_logger.py log_once [line:28] INFO std_val_accuracy              0.0128
2025-04-30 04:20:36,365 simple_logger.py log_once [line:28] INFO val_loss                      2.2376
2025-04-30 04:20:36,365 simple_logger.py log_once [line:28] INFO mean_val_loss                 2.2376
2025-04-30 04:20:36,365 simple_logger.py log_once [line:28] INFO std_val_loss                  0.0151
2025-04-30 04:20:36,365 fedbase.py run [line:323] INFO expense           14653220.0
2025-04-30 04:20:36,365 fedbase.py run [line:324] INFO Eval Time Cost:               5.1287s
2025-04-30 04:20:36,365 asyncbase.py iterate [line:68] INFO Select clients [0, 1, 2, 3, 4, 5, 6, 7, 8, 9, 10, 11, 12, 13, 14, 15, 16, 17, 18, 19] at time 1532.
2025-04-30 04:21:15,471 asyncbase.py iterate [line:73] INFO Receive new models from clients [6, 17, 15, 5, 3, 8, 1, 10, 4, 11, 13, 14, 0, 2] at time 1538
2025-04-30 04:21:15,471 asyncbase.py iterate [line:73] INFO Receive new models from clients [9, 16, 18, 19, 12, 7] at time 1539
2025-04-30 04:21:15,510 fedbase.py run [line:318] INFO --------------Round 197--------------
2025-04-30 04:21:15,510 simple_logger.py log_once [line:14] INFO Current_time:1539
2025-04-30 04:21:20,726 simple_logger.py log_once [line:28] INFO test_accuracy                 0.1959
2025-04-30 04:21:20,726 simple_logger.py log_once [line:28] INFO test_loss                     2.2238
2025-04-30 04:21:20,726 simple_logger.py log_once [line:28] INFO val_accuracy                  0.1889
2025-04-30 04:21:20,726 simple_logger.py log_once [line:28] INFO mean_val_accuracy             0.1889
2025-04-30 04:21:20,726 simple_logger.py log_once [line:28] INFO std_val_accuracy              0.0128
2025-04-30 04:21:20,726 simple_logger.py log_once [line:28] INFO val_loss                      2.2376
2025-04-30 04:21:20,726 simple_logger.py log_once [line:28] INFO mean_val_loss                 2.2376
2025-04-30 04:21:20,726 simple_logger.py log_once [line:28] INFO std_val_loss                  0.0151
2025-04-30 04:21:20,726 fedbase.py run [line:323] INFO expense           14687620.0
2025-04-30 04:21:20,726 fedbase.py run [line:324] INFO Eval Time Cost:               5.2164s
2025-04-30 04:21:20,726 asyncbase.py iterate [line:68] INFO Select clients [0, 1, 2, 3, 4, 5, 6, 7, 8, 9, 10, 11, 12, 13, 14, 15, 16, 17, 18, 19] at time 1540.
2025-04-30 04:21:59,838 asyncbase.py iterate [line:73] INFO Receive new models from clients [1, 14, 0, 10, 12, 9, 5, 3, 16, 13, 15, 4, 2, 7, 6, 17] at time 1546
2025-04-30 04:21:59,838 asyncbase.py iterate [line:73] INFO Receive new models from clients [19, 18, 8, 11] at time 1547
2025-04-30 04:21:59,874 fedbase.py run [line:318] INFO --------------Round 198--------------
2025-04-30 04:21:59,875 simple_logger.py log_once [line:14] INFO Current_time:1547
2025-04-30 04:22:04,948 simple_logger.py log_once [line:28] INFO test_accuracy                 0.1959
2025-04-30 04:22:04,948 simple_logger.py log_once [line:28] INFO test_loss                     2.2239
2025-04-30 04:22:04,948 simple_logger.py log_once [line:28] INFO val_accuracy                  0.1889
2025-04-30 04:22:04,948 simple_logger.py log_once [line:28] INFO mean_val_accuracy             0.1889
2025-04-30 04:22:04,948 simple_logger.py log_once [line:28] INFO std_val_accuracy              0.0128
2025-04-30 04:22:04,948 simple_logger.py log_once [line:28] INFO val_loss                      2.2376
2025-04-30 04:22:04,948 simple_logger.py log_once [line:28] INFO mean_val_loss                 2.2376
2025-04-30 04:22:04,948 simple_logger.py log_once [line:28] INFO std_val_loss                  0.0151
2025-04-30 04:22:04,948 fedbase.py run [line:323] INFO expense           14722020.0
2025-04-30 04:22:04,948 fedbase.py run [line:324] INFO Eval Time Cost:               5.0739s
2025-04-30 04:22:04,949 asyncbase.py iterate [line:68] INFO Select clients [0, 1, 2, 3, 4, 5, 6, 7, 8, 9, 10, 11, 12, 13, 14, 15, 16, 17, 18, 19] at time 1548.
2025-04-30 04:22:43,520 asyncbase.py iterate [line:73] INFO Receive new models from clients [14, 13, 10, 7, 19, 17, 0, 4, 1, 11, 5, 2, 12, 16, 15, 8, 9, 3, 6] at time 1554
2025-04-30 04:22:43,520 asyncbase.py iterate [line:73] INFO Receive new models from clients [18] at time 1555
2025-04-30 04:22:43,555 fedbase.py run [line:318] INFO --------------Round 199--------------
2025-04-30 04:22:43,555 simple_logger.py log_once [line:14] INFO Current_time:1555
2025-04-30 04:22:48,650 simple_logger.py log_once [line:28] INFO test_accuracy                 0.1959
2025-04-30 04:22:48,650 simple_logger.py log_once [line:28] INFO test_loss                     2.2239
2025-04-30 04:22:48,650 simple_logger.py log_once [line:28] INFO val_accuracy                  0.1889
2025-04-30 04:22:48,650 simple_logger.py log_once [line:28] INFO mean_val_accuracy             0.1889
2025-04-30 04:22:48,651 simple_logger.py log_once [line:28] INFO std_val_accuracy              0.0128
2025-04-30 04:22:48,651 simple_logger.py log_once [line:28] INFO val_loss                      2.2376
2025-04-30 04:22:48,651 simple_logger.py log_once [line:28] INFO mean_val_loss                 2.2376
2025-04-30 04:22:48,651 simple_logger.py log_once [line:28] INFO std_val_loss                  0.0151
2025-04-30 04:22:48,651 fedbase.py run [line:323] INFO expense           14756420.0
2025-04-30 04:22:48,651 fedbase.py run [line:324] INFO Eval Time Cost:               5.0958s
2025-04-30 04:22:48,651 asyncbase.py iterate [line:68] INFO Select clients [0, 1, 2, 3, 4, 5, 6, 7, 8, 9, 10, 11, 12, 13, 14, 15, 16, 17, 18, 19] at time 1556.
2025-04-30 04:23:27,271 asyncbase.py iterate [line:73] INFO Receive new models from clients [15, 3, 5, 8, 2, 1, 11, 10, 4, 13, 17, 9, 19, 6, 14, 16, 18] at time 1562
2025-04-30 04:23:27,271 asyncbase.py iterate [line:73] INFO Receive new models from clients [7, 0, 12] at time 1563
2025-04-30 04:23:27,306 fedbase.py run [line:318] INFO --------------Round 200--------------
2025-04-30 04:23:27,306 simple_logger.py log_once [line:14] INFO Current_time:1563
2025-04-30 04:23:32,437 simple_logger.py log_once [line:28] INFO test_accuracy                 0.1959
2025-04-30 04:23:32,437 simple_logger.py log_once [line:28] INFO test_loss                     2.2239
2025-04-30 04:23:32,437 simple_logger.py log_once [line:28] INFO val_accuracy                  0.1889
2025-04-30 04:23:32,437 simple_logger.py log_once [line:28] INFO mean_val_accuracy             0.1889
2025-04-30 04:23:32,438 simple_logger.py log_once [line:28] INFO std_val_accuracy              0.0128
2025-04-30 04:23:32,438 simple_logger.py log_once [line:28] INFO val_loss                      2.2376
2025-04-30 04:23:32,438 simple_logger.py log_once [line:28] INFO mean_val_loss                 2.2376
2025-04-30 04:23:32,438 simple_logger.py log_once [line:28] INFO std_val_loss                  0.0151
2025-04-30 04:23:32,438 fedbase.py run [line:323] INFO expense           14790820.0
2025-04-30 04:23:32,438 fedbase.py run [line:324] INFO Eval Time Cost:               5.1314s
2025-04-30 04:23:32,438 asyncbase.py iterate [line:68] INFO Select clients [0, 1, 2, 3, 4, 5, 6, 7, 8, 9, 10, 11, 12, 13, 14, 15, 16, 17, 18, 19] at time 1564.
2025-04-30 04:24:10,238 asyncbase.py iterate [line:73] INFO Receive new models from clients [17, 7, 14, 4, 3, 5, 18, 11, 8, 19, 13, 1, 9, 10, 16, 2] at time 1570
2025-04-30 04:24:10,238 asyncbase.py iterate [line:73] INFO Receive new models from clients [15, 12, 0, 6] at time 1571
2025-04-30 04:24:10,276 fedbase.py run [line:318] INFO --------------Round 201--------------
2025-04-30 04:24:10,276 simple_logger.py log_once [line:14] INFO Current_time:1571
2025-04-30 04:24:15,421 simple_logger.py log_once [line:28] INFO test_accuracy                 0.1959
2025-04-30 04:24:15,421 simple_logger.py log_once [line:28] INFO test_loss                     2.2238
2025-04-30 04:24:15,421 simple_logger.py log_once [line:28] INFO val_accuracy                  0.1889
2025-04-30 04:24:15,421 simple_logger.py log_once [line:28] INFO mean_val_accuracy             0.1889
2025-04-30 04:24:15,421 simple_logger.py log_once [line:28] INFO std_val_accuracy              0.0128
2025-04-30 04:24:15,421 simple_logger.py log_once [line:28] INFO val_loss                      2.2376
2025-04-30 04:24:15,421 simple_logger.py log_once [line:28] INFO mean_val_loss                 2.2376
2025-04-30 04:24:15,422 simple_logger.py log_once [line:28] INFO std_val_loss                  0.0152
2025-04-30 04:24:15,422 fedbase.py run [line:323] INFO expense           14825220.0
2025-04-30 04:24:15,422 fedbase.py run [line:324] INFO Eval Time Cost:               5.1455s
2025-04-30 04:24:15,422 asyncbase.py iterate [line:68] INFO Select clients [0, 1, 2, 3, 4, 5, 6, 7, 8, 9, 10, 11, 12, 13, 14, 15, 16, 17, 18, 19] at time 1572.
2025-04-30 04:24:54,991 asyncbase.py iterate [line:73] INFO Receive new models from clients [3, 13, 2, 10, 4, 16, 6, 5, 9, 18, 19, 0, 8, 17, 12, 11, 15, 7, 1] at time 1578
2025-04-30 04:24:54,992 asyncbase.py iterate [line:73] INFO Receive new models from clients [14] at time 1579
2025-04-30 04:24:55,029 fedbase.py run [line:318] INFO --------------Round 202--------------
2025-04-30 04:24:55,029 simple_logger.py log_once [line:14] INFO Current_time:1579
2025-04-30 04:25:00,150 simple_logger.py log_once [line:28] INFO test_accuracy                 0.1959
2025-04-30 04:25:00,150 simple_logger.py log_once [line:28] INFO test_loss                     2.2238
2025-04-30 04:25:00,151 simple_logger.py log_once [line:28] INFO val_accuracy                  0.1889
2025-04-30 04:25:00,151 simple_logger.py log_once [line:28] INFO mean_val_accuracy             0.1889
2025-04-30 04:25:00,151 simple_logger.py log_once [line:28] INFO std_val_accuracy              0.0128
2025-04-30 04:25:00,151 simple_logger.py log_once [line:28] INFO val_loss                      2.2376
2025-04-30 04:25:00,151 simple_logger.py log_once [line:28] INFO mean_val_loss                 2.2376
2025-04-30 04:25:00,151 simple_logger.py log_once [line:28] INFO std_val_loss                  0.0152
2025-04-30 04:25:00,151 fedbase.py run [line:323] INFO expense           14859620.0
2025-04-30 04:25:00,151 fedbase.py run [line:324] INFO Eval Time Cost:               5.1221s
2025-04-30 04:25:00,151 asyncbase.py iterate [line:68] INFO Select clients [0, 1, 2, 3, 4, 5, 6, 7, 8, 9, 10, 11, 12, 13, 14, 15, 16, 17, 18, 19] at time 1580.
2025-04-30 04:25:39,259 asyncbase.py iterate [line:73] INFO Receive new models from clients [11, 4, 2, 9, 8, 6, 15, 10, 1, 0, 12, 17] at time 1586
2025-04-30 04:25:39,259 asyncbase.py iterate [line:73] INFO Receive new models from clients [18, 7, 19, 5, 3, 13, 16, 14] at time 1587
2025-04-30 04:25:39,296 fedbase.py run [line:318] INFO --------------Round 203--------------
2025-04-30 04:25:39,296 simple_logger.py log_once [line:14] INFO Current_time:1587
2025-04-30 04:25:44,445 simple_logger.py log_once [line:28] INFO test_accuracy                 0.1959
2025-04-30 04:25:44,445 simple_logger.py log_once [line:28] INFO test_loss                     2.2238
2025-04-30 04:25:44,445 simple_logger.py log_once [line:28] INFO val_accuracy                  0.1889
2025-04-30 04:25:44,445 simple_logger.py log_once [line:28] INFO mean_val_accuracy             0.1889
2025-04-30 04:25:44,445 simple_logger.py log_once [line:28] INFO std_val_accuracy              0.0128
2025-04-30 04:25:44,445 simple_logger.py log_once [line:28] INFO val_loss                      2.2376
2025-04-30 04:25:44,445 simple_logger.py log_once [line:28] INFO mean_val_loss                 2.2376
2025-04-30 04:25:44,445 simple_logger.py log_once [line:28] INFO std_val_loss                  0.0152
2025-04-30 04:25:44,445 fedbase.py run [line:323] INFO expense           14894020.0
2025-04-30 04:25:44,445 fedbase.py run [line:324] INFO Eval Time Cost:               5.1494s
2025-04-30 04:25:44,446 asyncbase.py iterate [line:68] INFO Select clients [0, 1, 2, 3, 4, 5, 6, 7, 8, 9, 10, 11, 12, 13, 14, 15, 16, 17, 18, 19] at time 1588.
2025-04-30 04:26:23,111 asyncbase.py iterate [line:73] INFO Receive new models from clients [9, 2, 12, 18, 5, 1, 8, 6, 3, 7, 19, 0, 17, 11, 14, 13, 4, 10, 16] at time 1594
2025-04-30 04:26:23,112 asyncbase.py iterate [line:73] INFO Receive new models from clients [15] at time 1595
2025-04-30 04:26:23,150 fedbase.py run [line:318] INFO --------------Round 204--------------
2025-04-30 04:26:23,150 simple_logger.py log_once [line:14] INFO Current_time:1595
2025-04-30 04:26:28,276 simple_logger.py log_once [line:28] INFO test_accuracy                 0.1959
2025-04-30 04:26:28,276 simple_logger.py log_once [line:28] INFO test_loss                     2.2238
2025-04-30 04:26:28,276 simple_logger.py log_once [line:28] INFO val_accuracy                  0.1889
2025-04-30 04:26:28,276 simple_logger.py log_once [line:28] INFO mean_val_accuracy             0.1889
2025-04-30 04:26:28,276 simple_logger.py log_once [line:28] INFO std_val_accuracy              0.0128
2025-04-30 04:26:28,276 simple_logger.py log_once [line:28] INFO val_loss                      2.2376
2025-04-30 04:26:28,276 simple_logger.py log_once [line:28] INFO mean_val_loss                 2.2376
2025-04-30 04:26:28,276 simple_logger.py log_once [line:28] INFO std_val_loss                  0.0152
2025-04-30 04:26:28,276 fedbase.py run [line:323] INFO expense           14928420.0
2025-04-30 04:26:28,276 fedbase.py run [line:324] INFO Eval Time Cost:               5.1266s
2025-04-30 04:26:28,277 asyncbase.py iterate [line:68] INFO Select clients [0, 1, 2, 3, 4, 5, 6, 7, 8, 9, 10, 11, 12, 13, 14, 15, 16, 17, 18, 19] at time 1596.
2025-04-30 04:27:07,192 asyncbase.py iterate [line:73] INFO Receive new models from clients [19, 0, 4, 17, 12, 1, 11, 2, 3, 18, 15, 13, 5, 16, 7, 8, 6] at time 1602
2025-04-30 04:27:07,192 asyncbase.py iterate [line:73] INFO Receive new models from clients [9, 14, 10] at time 1603
2025-04-30 04:27:07,229 fedbase.py run [line:318] INFO --------------Round 205--------------
2025-04-30 04:27:07,229 simple_logger.py log_once [line:14] INFO Current_time:1603
2025-04-30 04:27:12,318 simple_logger.py log_once [line:28] INFO test_accuracy                 0.1959
2025-04-30 04:27:12,318 simple_logger.py log_once [line:28] INFO test_loss                     2.2239
2025-04-30 04:27:12,318 simple_logger.py log_once [line:28] INFO val_accuracy                  0.1889
2025-04-30 04:27:12,318 simple_logger.py log_once [line:28] INFO mean_val_accuracy             0.1889
2025-04-30 04:27:12,319 simple_logger.py log_once [line:28] INFO std_val_accuracy              0.0128
2025-04-30 04:27:12,319 simple_logger.py log_once [line:28] INFO val_loss                      2.2376
2025-04-30 04:27:12,319 simple_logger.py log_once [line:28] INFO mean_val_loss                 2.2376
2025-04-30 04:27:12,319 simple_logger.py log_once [line:28] INFO std_val_loss                  0.0151
2025-04-30 04:27:12,319 fedbase.py run [line:323] INFO expense           14962820.0
2025-04-30 04:27:12,319 fedbase.py run [line:324] INFO Eval Time Cost:               5.0898s
2025-04-30 04:27:12,319 asyncbase.py iterate [line:68] INFO Select clients [0, 1, 2, 3, 4, 5, 6, 7, 8, 9, 10, 11, 12, 13, 14, 15, 16, 17, 18, 19] at time 1604.
2025-04-30 04:27:51,467 asyncbase.py iterate [line:73] INFO Receive new models from clients [8, 16, 15, 7, 5, 14, 10, 2, 1, 19, 12, 18, 4, 0, 6, 13, 3, 11] at time 1610
2025-04-30 04:27:51,468 asyncbase.py iterate [line:73] INFO Receive new models from clients [17, 9] at time 1611
2025-04-30 04:27:51,503 fedbase.py run [line:318] INFO --------------Round 206--------------
2025-04-30 04:27:51,503 simple_logger.py log_once [line:14] INFO Current_time:1611
2025-04-30 04:27:56,659 simple_logger.py log_once [line:28] INFO test_accuracy                 0.1959
2025-04-30 04:27:56,660 simple_logger.py log_once [line:28] INFO test_loss                     2.2239
2025-04-30 04:27:56,660 simple_logger.py log_once [line:28] INFO val_accuracy                  0.1889
2025-04-30 04:27:56,660 simple_logger.py log_once [line:28] INFO mean_val_accuracy             0.1889
2025-04-30 04:27:56,660 simple_logger.py log_once [line:28] INFO std_val_accuracy              0.0128
2025-04-30 04:27:56,660 simple_logger.py log_once [line:28] INFO val_loss                      2.2376
2025-04-30 04:27:56,660 simple_logger.py log_once [line:28] INFO mean_val_loss                 2.2376
2025-04-30 04:27:56,660 simple_logger.py log_once [line:28] INFO std_val_loss                  0.0151
2025-04-30 04:27:56,660 fedbase.py run [line:323] INFO expense           14997220.0
2025-04-30 04:27:56,660 fedbase.py run [line:324] INFO Eval Time Cost:               5.1568s
2025-04-30 04:27:56,660 asyncbase.py iterate [line:68] INFO Select clients [0, 1, 2, 3, 4, 5, 6, 7, 8, 9, 10, 11, 12, 13, 14, 15, 16, 17, 18, 19] at time 1612.
2025-04-30 04:28:35,474 asyncbase.py iterate [line:73] INFO Receive new models from clients [18, 7, 17, 6, 2, 5, 13, 0, 15, 3, 8, 10, 19, 1, 11, 4, 12, 16, 14] at time 1618
2025-04-30 04:28:35,474 asyncbase.py iterate [line:73] INFO Receive new models from clients [9] at time 1619
2025-04-30 04:28:35,510 fedbase.py run [line:318] INFO --------------Round 207--------------
2025-04-30 04:28:35,510 simple_logger.py log_once [line:14] INFO Current_time:1619
2025-04-30 04:28:40,643 simple_logger.py log_once [line:28] INFO test_accuracy                 0.1959
2025-04-30 04:28:40,643 simple_logger.py log_once [line:28] INFO test_loss                     2.2239
2025-04-30 04:28:40,643 simple_logger.py log_once [line:28] INFO val_accuracy                  0.1889
2025-04-30 04:28:40,643 simple_logger.py log_once [line:28] INFO mean_val_accuracy             0.1889
2025-04-30 04:28:40,643 simple_logger.py log_once [line:28] INFO std_val_accuracy              0.0128
2025-04-30 04:28:40,643 simple_logger.py log_once [line:28] INFO val_loss                      2.2376
2025-04-30 04:28:40,643 simple_logger.py log_once [line:28] INFO mean_val_loss                 2.2376
2025-04-30 04:28:40,644 simple_logger.py log_once [line:28] INFO std_val_loss                  0.0151
2025-04-30 04:28:40,644 fedbase.py run [line:323] INFO expense           15031620.0
2025-04-30 04:28:40,644 fedbase.py run [line:324] INFO Eval Time Cost:               5.1331s
2025-04-30 04:28:40,644 asyncbase.py iterate [line:68] INFO Select clients [0, 1, 2, 3, 4, 5, 6, 7, 8, 9, 10, 11, 12, 13, 14, 15, 16, 17, 18, 19] at time 1620.
2025-04-30 04:29:18,470 asyncbase.py iterate [line:73] INFO Receive new models from clients [1, 13, 8, 18, 5, 19, 4, 16, 12, 0, 15, 6, 3, 2, 17, 14, 9, 10, 11, 7] at time 1626
2025-04-30 04:29:18,506 fedbase.py run [line:318] INFO --------------Round 208--------------
2025-04-30 04:29:18,507 simple_logger.py log_once [line:14] INFO Current_time:1626
2025-04-30 04:29:23,608 simple_logger.py log_once [line:28] INFO test_accuracy                 0.1959
2025-04-30 04:29:23,608 simple_logger.py log_once [line:28] INFO test_loss                     2.2239
2025-04-30 04:29:23,608 simple_logger.py log_once [line:28] INFO val_accuracy                  0.1889
2025-04-30 04:29:23,608 simple_logger.py log_once [line:28] INFO mean_val_accuracy             0.1889
2025-04-30 04:29:23,608 simple_logger.py log_once [line:28] INFO std_val_accuracy              0.0128
2025-04-30 04:29:23,608 simple_logger.py log_once [line:28] INFO val_loss                      2.2376
2025-04-30 04:29:23,608 simple_logger.py log_once [line:28] INFO mean_val_loss                 2.2376
2025-04-30 04:29:23,608 simple_logger.py log_once [line:28] INFO std_val_loss                  0.0151
2025-04-30 04:29:23,608 fedbase.py run [line:323] INFO expense           15066020.0
2025-04-30 04:29:23,608 fedbase.py run [line:324] INFO Eval Time Cost:               5.1015s
2025-04-30 04:29:23,608 asyncbase.py iterate [line:68] INFO Select clients [0, 1, 2, 3, 4, 5, 6, 7, 8, 9, 10, 11, 12, 13, 14, 15, 16, 17, 18, 19] at time 1627.
2025-04-30 04:30:02,996 asyncbase.py iterate [line:73] INFO Receive new models from clients [1, 2, 19, 4, 5, 17, 7, 15, 3, 10, 16, 14, 8, 18, 9, 0, 11, 6, 13] at time 1633
2025-04-30 04:30:02,996 asyncbase.py iterate [line:73] INFO Receive new models from clients [12] at time 1634
2025-04-30 04:30:03,031 fedbase.py run [line:318] INFO --------------Round 209--------------
2025-04-30 04:30:03,031 simple_logger.py log_once [line:14] INFO Current_time:1634
2025-04-30 04:30:08,124 simple_logger.py log_once [line:28] INFO test_accuracy                 0.1959
2025-04-30 04:30:08,124 simple_logger.py log_once [line:28] INFO test_loss                     2.2238
2025-04-30 04:30:08,124 simple_logger.py log_once [line:28] INFO val_accuracy                  0.1889
2025-04-30 04:30:08,124 simple_logger.py log_once [line:28] INFO mean_val_accuracy             0.1889
2025-04-30 04:30:08,124 simple_logger.py log_once [line:28] INFO std_val_accuracy              0.0128
2025-04-30 04:30:08,124 simple_logger.py log_once [line:28] INFO val_loss                      2.2376
2025-04-30 04:30:08,124 simple_logger.py log_once [line:28] INFO mean_val_loss                 2.2376
2025-04-30 04:30:08,124 simple_logger.py log_once [line:28] INFO std_val_loss                  0.0151
2025-04-30 04:30:08,124 fedbase.py run [line:323] INFO expense           15100420.0
2025-04-30 04:30:08,125 fedbase.py run [line:324] INFO Eval Time Cost:               5.0933s
2025-04-30 04:30:08,125 asyncbase.py iterate [line:68] INFO Select clients [0, 1, 2, 3, 4, 5, 6, 7, 8, 9, 10, 11, 12, 13, 14, 15, 16, 17, 18, 19] at time 1635.
2025-04-30 04:30:46,990 asyncbase.py iterate [line:73] INFO Receive new models from clients [5, 11, 10, 3, 13, 18, 6, 2, 15, 7, 19, 8, 14, 9, 17, 1, 16, 0, 12] at time 1641
2025-04-30 04:30:46,991 asyncbase.py iterate [line:73] INFO Receive new models from clients [4] at time 1642
2025-04-30 04:30:47,027 fedbase.py run [line:318] INFO --------------Round 210--------------
2025-04-30 04:30:47,027 simple_logger.py log_once [line:14] INFO Current_time:1642
2025-04-30 04:30:52,186 simple_logger.py log_once [line:28] INFO test_accuracy                 0.1959
2025-04-30 04:30:52,186 simple_logger.py log_once [line:28] INFO test_loss                     2.2239
2025-04-30 04:30:52,186 simple_logger.py log_once [line:28] INFO val_accuracy                  0.1889
2025-04-30 04:30:52,186 simple_logger.py log_once [line:28] INFO mean_val_accuracy             0.1889
2025-04-30 04:30:52,186 simple_logger.py log_once [line:28] INFO std_val_accuracy              0.0128
2025-04-30 04:30:52,186 simple_logger.py log_once [line:28] INFO val_loss                      2.2376
2025-04-30 04:30:52,186 simple_logger.py log_once [line:28] INFO mean_val_loss                 2.2376
2025-04-30 04:30:52,186 simple_logger.py log_once [line:28] INFO std_val_loss                  0.0151
2025-04-30 04:30:52,186 fedbase.py run [line:323] INFO expense           15134820.0
2025-04-30 04:30:52,186 fedbase.py run [line:324] INFO Eval Time Cost:               5.1594s
2025-04-30 04:30:52,186 asyncbase.py iterate [line:68] INFO Select clients [0, 1, 2, 3, 4, 5, 6, 7, 8, 9, 10, 11, 12, 13, 14, 15, 16, 17, 18, 19] at time 1643.
2025-04-30 04:31:32,066 asyncbase.py iterate [line:73] INFO Receive new models from clients [12, 15, 5, 16, 4, 2, 10, 13, 7, 1, 8, 18, 9, 14, 19, 17, 3] at time 1649
2025-04-30 04:31:32,066 asyncbase.py iterate [line:73] INFO Receive new models from clients [0, 6, 11] at time 1650
2025-04-30 04:31:32,104 fedbase.py run [line:318] INFO --------------Round 211--------------
2025-04-30 04:31:32,104 simple_logger.py log_once [line:14] INFO Current_time:1650
2025-04-30 04:31:37,223 simple_logger.py log_once [line:28] INFO test_accuracy                 0.1959
2025-04-30 04:31:37,223 simple_logger.py log_once [line:28] INFO test_loss                     2.2239
2025-04-30 04:31:37,223 simple_logger.py log_once [line:28] INFO val_accuracy                  0.1889
2025-04-30 04:31:37,223 simple_logger.py log_once [line:28] INFO mean_val_accuracy             0.1889
2025-04-30 04:31:37,223 simple_logger.py log_once [line:28] INFO std_val_accuracy              0.0128
2025-04-30 04:31:37,223 simple_logger.py log_once [line:28] INFO val_loss                      2.2375
2025-04-30 04:31:37,223 simple_logger.py log_once [line:28] INFO mean_val_loss                 2.2375
2025-04-30 04:31:37,223 simple_logger.py log_once [line:28] INFO std_val_loss                  0.0151
2025-04-30 04:31:37,223 fedbase.py run [line:323] INFO expense           15169220.0
2025-04-30 04:31:37,223 fedbase.py run [line:324] INFO Eval Time Cost:               5.1198s
2025-04-30 04:31:37,224 asyncbase.py iterate [line:68] INFO Select clients [0, 1, 2, 3, 4, 5, 6, 7, 8, 9, 10, 11, 12, 13, 14, 15, 16, 17, 18, 19] at time 1651.
2025-04-30 04:32:16,492 asyncbase.py iterate [line:73] INFO Receive new models from clients [1, 3, 4, 9, 0, 14, 7, 5, 13, 15, 16, 17, 2, 19, 6, 12, 18, 11, 8, 10] at time 1657
2025-04-30 04:32:16,529 fedbase.py run [line:318] INFO --------------Round 212--------------
2025-04-30 04:32:16,530 simple_logger.py log_once [line:14] INFO Current_time:1657
2025-04-30 04:32:21,658 simple_logger.py log_once [line:28] INFO test_accuracy                 0.1959
2025-04-30 04:32:21,659 simple_logger.py log_once [line:28] INFO test_loss                     2.2238
2025-04-30 04:32:21,659 simple_logger.py log_once [line:28] INFO val_accuracy                  0.1889
2025-04-30 04:32:21,659 simple_logger.py log_once [line:28] INFO mean_val_accuracy             0.1889
2025-04-30 04:32:21,659 simple_logger.py log_once [line:28] INFO std_val_accuracy              0.0128
2025-04-30 04:32:21,659 simple_logger.py log_once [line:28] INFO val_loss                      2.2376
2025-04-30 04:32:21,659 simple_logger.py log_once [line:28] INFO mean_val_loss                 2.2376
2025-04-30 04:32:21,659 simple_logger.py log_once [line:28] INFO std_val_loss                  0.0151
2025-04-30 04:32:21,659 fedbase.py run [line:323] INFO expense           15203620.0
2025-04-30 04:32:21,659 fedbase.py run [line:324] INFO Eval Time Cost:               5.1294s
2025-04-30 04:32:21,659 asyncbase.py iterate [line:68] INFO Select clients [0, 1, 2, 3, 4, 5, 6, 7, 8, 9, 10, 11, 12, 13, 14, 15, 16, 17, 18, 19] at time 1658.
2025-04-30 04:33:00,752 asyncbase.py iterate [line:73] INFO Receive new models from clients [11, 1, 15, 3, 9, 4, 19, 17, 6, 14, 7, 18, 12, 16, 8, 2] at time 1664
2025-04-30 04:33:00,752 asyncbase.py iterate [line:73] INFO Receive new models from clients [10, 5, 0, 13] at time 1665
2025-04-30 04:33:00,787 fedbase.py run [line:318] INFO --------------Round 213--------------
2025-04-30 04:33:00,788 simple_logger.py log_once [line:14] INFO Current_time:1665
2025-04-30 04:33:05,938 simple_logger.py log_once [line:28] INFO test_accuracy                 0.1959
2025-04-30 04:33:05,938 simple_logger.py log_once [line:28] INFO test_loss                     2.2238
2025-04-30 04:33:05,938 simple_logger.py log_once [line:28] INFO val_accuracy                  0.1889
2025-04-30 04:33:05,938 simple_logger.py log_once [line:28] INFO mean_val_accuracy             0.1889
2025-04-30 04:33:05,938 simple_logger.py log_once [line:28] INFO std_val_accuracy              0.0128
2025-04-30 04:33:05,938 simple_logger.py log_once [line:28] INFO val_loss                      2.2376
2025-04-30 04:33:05,938 simple_logger.py log_once [line:28] INFO mean_val_loss                 2.2376
2025-04-30 04:33:05,938 simple_logger.py log_once [line:28] INFO std_val_loss                  0.0151
2025-04-30 04:33:05,939 fedbase.py run [line:323] INFO expense           15238020.0
2025-04-30 04:33:05,939 fedbase.py run [line:324] INFO Eval Time Cost:               5.1509s
2025-04-30 04:33:05,939 asyncbase.py iterate [line:68] INFO Select clients [0, 1, 2, 3, 4, 5, 6, 7, 8, 9, 10, 11, 12, 13, 14, 15, 16, 17, 18, 19] at time 1666.
2025-04-30 04:33:44,528 asyncbase.py iterate [line:73] INFO Receive new models from clients [0, 6, 12, 3, 14, 4, 16, 8, 19, 17, 2, 5, 13, 18, 11, 7, 9] at time 1672
2025-04-30 04:33:44,528 asyncbase.py iterate [line:73] INFO Receive new models from clients [15, 10, 1] at time 1673
2025-04-30 04:33:44,563 fedbase.py run [line:318] INFO --------------Round 214--------------
2025-04-30 04:33:44,563 simple_logger.py log_once [line:14] INFO Current_time:1673
2025-04-30 04:33:49,703 simple_logger.py log_once [line:28] INFO test_accuracy                 0.1959
2025-04-30 04:33:49,703 simple_logger.py log_once [line:28] INFO test_loss                     2.2238
2025-04-30 04:33:49,703 simple_logger.py log_once [line:28] INFO val_accuracy                  0.1889
2025-04-30 04:33:49,703 simple_logger.py log_once [line:28] INFO mean_val_accuracy             0.1889
2025-04-30 04:33:49,703 simple_logger.py log_once [line:28] INFO std_val_accuracy              0.0128
2025-04-30 04:33:49,703 simple_logger.py log_once [line:28] INFO val_loss                      2.2376
2025-04-30 04:33:49,703 simple_logger.py log_once [line:28] INFO mean_val_loss                 2.2376
2025-04-30 04:33:49,704 simple_logger.py log_once [line:28] INFO std_val_loss                  0.0151
2025-04-30 04:33:49,704 fedbase.py run [line:323] INFO expense           15272420.0
2025-04-30 04:33:49,704 fedbase.py run [line:324] INFO Eval Time Cost:               5.1407s
2025-04-30 04:33:49,704 asyncbase.py iterate [line:68] INFO Select clients [0, 1, 2, 3, 4, 5, 6, 7, 8, 9, 10, 11, 12, 13, 14, 15, 16, 17, 18, 19] at time 1674.
2025-04-30 04:34:27,982 asyncbase.py iterate [line:73] INFO Receive new models from clients [18, 1, 17, 15, 11, 9, 8, 5, 13, 6, 16, 0, 3, 10, 7, 2, 4] at time 1680
2025-04-30 04:34:27,982 asyncbase.py iterate [line:73] INFO Receive new models from clients [19, 12, 14] at time 1681
2025-04-30 04:34:28,019 fedbase.py run [line:318] INFO --------------Round 215--------------
2025-04-30 04:34:28,019 simple_logger.py log_once [line:14] INFO Current_time:1681
2025-04-30 04:34:33,120 simple_logger.py log_once [line:28] INFO test_accuracy                 0.1959
2025-04-30 04:34:33,121 simple_logger.py log_once [line:28] INFO test_loss                     2.2238
2025-04-30 04:34:33,121 simple_logger.py log_once [line:28] INFO val_accuracy                  0.1889
2025-04-30 04:34:33,121 simple_logger.py log_once [line:28] INFO mean_val_accuracy             0.1889
2025-04-30 04:34:33,121 simple_logger.py log_once [line:28] INFO std_val_accuracy              0.0128
2025-04-30 04:34:33,121 simple_logger.py log_once [line:28] INFO val_loss                      2.2376
2025-04-30 04:34:33,121 simple_logger.py log_once [line:28] INFO mean_val_loss                 2.2376
2025-04-30 04:34:33,121 simple_logger.py log_once [line:28] INFO std_val_loss                  0.0151
2025-04-30 04:34:33,121 fedbase.py run [line:323] INFO expense           15306820.0
2025-04-30 04:34:33,121 fedbase.py run [line:324] INFO Eval Time Cost:               5.1020s
2025-04-30 04:34:33,121 asyncbase.py iterate [line:68] INFO Select clients [0, 1, 2, 3, 4, 5, 6, 7, 8, 9, 10, 11, 12, 13, 14, 15, 16, 17, 18, 19] at time 1682.
2025-04-30 04:35:12,026 asyncbase.py iterate [line:73] INFO Receive new models from clients [15, 3, 12, 17, 7, 6, 18, 16, 19, 13, 2, 11, 5, 8, 1, 14, 9, 10, 4] at time 1688
2025-04-30 04:35:12,026 asyncbase.py iterate [line:73] INFO Receive new models from clients [0] at time 1689
2025-04-30 04:35:12,062 fedbase.py run [line:318] INFO --------------Round 216--------------
2025-04-30 04:35:12,062 simple_logger.py log_once [line:14] INFO Current_time:1689
2025-04-30 04:35:17,170 simple_logger.py log_once [line:28] INFO test_accuracy                 0.1959
2025-04-30 04:35:17,170 simple_logger.py log_once [line:28] INFO test_loss                     2.2238
2025-04-30 04:35:17,170 simple_logger.py log_once [line:28] INFO val_accuracy                  0.1889
2025-04-30 04:35:17,170 simple_logger.py log_once [line:28] INFO mean_val_accuracy             0.1889
2025-04-30 04:35:17,170 simple_logger.py log_once [line:28] INFO std_val_accuracy              0.0128
2025-04-30 04:35:17,170 simple_logger.py log_once [line:28] INFO val_loss                      2.2376
2025-04-30 04:35:17,170 simple_logger.py log_once [line:28] INFO mean_val_loss                 2.2376
2025-04-30 04:35:17,170 simple_logger.py log_once [line:28] INFO std_val_loss                  0.0152
2025-04-30 04:35:17,170 fedbase.py run [line:323] INFO expense           15341220.0
2025-04-30 04:35:17,170 fedbase.py run [line:324] INFO Eval Time Cost:               5.1083s
2025-04-30 04:35:17,170 asyncbase.py iterate [line:68] INFO Select clients [0, 1, 2, 3, 4, 5, 6, 7, 8, 9, 10, 11, 12, 13, 14, 15, 16, 17, 18, 19] at time 1690.
2025-04-30 04:35:55,858 asyncbase.py iterate [line:73] INFO Receive new models from clients [5, 2, 3, 15, 0, 14, 13, 19, 9, 17, 1, 4, 8, 6, 16, 10] at time 1696
2025-04-30 04:35:55,858 asyncbase.py iterate [line:73] INFO Receive new models from clients [11, 18, 7, 12] at time 1697
2025-04-30 04:35:55,898 fedbase.py run [line:318] INFO --------------Round 217--------------
2025-04-30 04:35:55,899 simple_logger.py log_once [line:14] INFO Current_time:1697
2025-04-30 04:36:01,120 simple_logger.py log_once [line:28] INFO test_accuracy                 0.1959
2025-04-30 04:36:01,120 simple_logger.py log_once [line:28] INFO test_loss                     2.2238
2025-04-30 04:36:01,120 simple_logger.py log_once [line:28] INFO val_accuracy                  0.1889
2025-04-30 04:36:01,120 simple_logger.py log_once [line:28] INFO mean_val_accuracy             0.1889
2025-04-30 04:36:01,120 simple_logger.py log_once [line:28] INFO std_val_accuracy              0.0128
2025-04-30 04:36:01,120 simple_logger.py log_once [line:28] INFO val_loss                      2.2376
2025-04-30 04:36:01,120 simple_logger.py log_once [line:28] INFO mean_val_loss                 2.2376
2025-04-30 04:36:01,120 simple_logger.py log_once [line:28] INFO std_val_loss                  0.0151
2025-04-30 04:36:01,120 fedbase.py run [line:323] INFO expense           15375620.0
2025-04-30 04:36:01,120 fedbase.py run [line:324] INFO Eval Time Cost:               5.2215s
2025-04-30 04:36:01,120 asyncbase.py iterate [line:68] INFO Select clients [0, 1, 2, 3, 4, 5, 6, 7, 8, 9, 10, 11, 12, 13, 14, 15, 16, 17, 18, 19] at time 1698.
2025-04-30 04:36:40,275 asyncbase.py iterate [line:73] INFO Receive new models from clients [2, 14, 12, 0, 16, 10, 15, 8, 18, 13, 3, 9, 19, 6, 17, 7, 11, 4, 1] at time 1704
2025-04-30 04:36:40,275 asyncbase.py iterate [line:73] INFO Receive new models from clients [5] at time 1705
2025-04-30 04:36:40,312 fedbase.py run [line:318] INFO --------------Round 218--------------
2025-04-30 04:36:40,312 simple_logger.py log_once [line:14] INFO Current_time:1705
2025-04-30 04:36:45,401 simple_logger.py log_once [line:28] INFO test_accuracy                 0.1959
2025-04-30 04:36:45,401 simple_logger.py log_once [line:28] INFO test_loss                     2.2239
2025-04-30 04:36:45,401 simple_logger.py log_once [line:28] INFO val_accuracy                  0.1889
2025-04-30 04:36:45,401 simple_logger.py log_once [line:28] INFO mean_val_accuracy             0.1889
2025-04-30 04:36:45,401 simple_logger.py log_once [line:28] INFO std_val_accuracy              0.0128
2025-04-30 04:36:45,401 simple_logger.py log_once [line:28] INFO val_loss                      2.2376
2025-04-30 04:36:45,401 simple_logger.py log_once [line:28] INFO mean_val_loss                 2.2376
2025-04-30 04:36:45,401 simple_logger.py log_once [line:28] INFO std_val_loss                  0.0151
2025-04-30 04:36:45,401 fedbase.py run [line:323] INFO expense           15410020.0
2025-04-30 04:36:45,401 fedbase.py run [line:324] INFO Eval Time Cost:               5.0891s
2025-04-30 04:36:45,401 asyncbase.py iterate [line:68] INFO Select clients [0, 1, 2, 3, 4, 5, 6, 7, 8, 9, 10, 11, 12, 13, 14, 15, 16, 17, 18, 19] at time 1706.
2025-04-30 04:37:25,160 asyncbase.py iterate [line:73] INFO Receive new models from clients [12, 13, 17, 5, 6, 4, 2, 18, 1, 7, 19, 11, 9, 3, 8, 10, 14, 0, 16] at time 1712
2025-04-30 04:37:25,161 asyncbase.py iterate [line:73] INFO Receive new models from clients [15] at time 1713
2025-04-30 04:37:25,196 fedbase.py run [line:318] INFO --------------Round 219--------------
2025-04-30 04:37:25,196 simple_logger.py log_once [line:14] INFO Current_time:1713
2025-04-30 04:37:30,331 simple_logger.py log_once [line:28] INFO test_accuracy                 0.1959
2025-04-30 04:37:30,331 simple_logger.py log_once [line:28] INFO test_loss                     2.2238
2025-04-30 04:37:30,331 simple_logger.py log_once [line:28] INFO val_accuracy                  0.1889
2025-04-30 04:37:30,332 simple_logger.py log_once [line:28] INFO mean_val_accuracy             0.1889
2025-04-30 04:37:30,332 simple_logger.py log_once [line:28] INFO std_val_accuracy              0.0128
2025-04-30 04:37:30,332 simple_logger.py log_once [line:28] INFO val_loss                      2.2376
2025-04-30 04:37:30,332 simple_logger.py log_once [line:28] INFO mean_val_loss                 2.2376
2025-04-30 04:37:30,332 simple_logger.py log_once [line:28] INFO std_val_loss                  0.0151
2025-04-30 04:37:30,332 fedbase.py run [line:323] INFO expense           15444420.0
2025-04-30 04:37:30,332 fedbase.py run [line:324] INFO Eval Time Cost:               5.1357s
2025-04-30 04:37:30,332 asyncbase.py iterate [line:68] INFO Select clients [0, 1, 2, 3, 4, 5, 6, 7, 8, 9, 10, 11, 12, 13, 14, 15, 16, 17, 18, 19] at time 1714.
2025-04-30 04:38:08,862 asyncbase.py iterate [line:73] INFO Receive new models from clients [19, 17, 14, 13, 18, 11, 12, 3, 4, 10, 8, 9, 2, 0, 1, 7, 16, 5] at time 1720
2025-04-30 04:38:08,863 asyncbase.py iterate [line:73] INFO Receive new models from clients [15, 6] at time 1721
2025-04-30 04:38:08,899 fedbase.py run [line:318] INFO --------------Round 220--------------
2025-04-30 04:38:08,899 simple_logger.py log_once [line:14] INFO Current_time:1721
2025-04-30 04:38:14,019 simple_logger.py log_once [line:28] INFO test_accuracy                 0.1959
2025-04-30 04:38:14,019 simple_logger.py log_once [line:28] INFO test_loss                     2.2238
2025-04-30 04:38:14,019 simple_logger.py log_once [line:28] INFO val_accuracy                  0.1889
2025-04-30 04:38:14,020 simple_logger.py log_once [line:28] INFO mean_val_accuracy             0.1889
2025-04-30 04:38:14,020 simple_logger.py log_once [line:28] INFO std_val_accuracy              0.0128
2025-04-30 04:38:14,020 simple_logger.py log_once [line:28] INFO val_loss                      2.2376
2025-04-30 04:38:14,020 simple_logger.py log_once [line:28] INFO mean_val_loss                 2.2376
2025-04-30 04:38:14,020 simple_logger.py log_once [line:28] INFO std_val_loss                  0.0151
2025-04-30 04:38:14,020 fedbase.py run [line:323] INFO expense           15478820.0
2025-04-30 04:38:14,020 fedbase.py run [line:324] INFO Eval Time Cost:               5.1207s
2025-04-30 04:38:14,020 asyncbase.py iterate [line:68] INFO Select clients [0, 1, 2, 3, 4, 5, 6, 7, 8, 9, 10, 11, 12, 13, 14, 15, 16, 17, 18, 19] at time 1722.
2025-04-30 04:38:51,869 asyncbase.py iterate [line:73] INFO Receive new models from clients [15, 10, 3, 18, 4, 0, 5, 7, 14, 2, 12, 17, 13, 19, 16, 1, 8, 6] at time 1728
2025-04-30 04:38:51,869 asyncbase.py iterate [line:73] INFO Receive new models from clients [11, 9] at time 1729
2025-04-30 04:38:51,906 fedbase.py run [line:318] INFO --------------Round 221--------------
2025-04-30 04:38:51,906 simple_logger.py log_once [line:14] INFO Current_time:1729
2025-04-30 04:38:57,026 simple_logger.py log_once [line:28] INFO test_accuracy                 0.1959
2025-04-30 04:38:57,026 simple_logger.py log_once [line:28] INFO test_loss                     2.2238
2025-04-30 04:38:57,026 simple_logger.py log_once [line:28] INFO val_accuracy                  0.1889
2025-04-30 04:38:57,027 simple_logger.py log_once [line:28] INFO mean_val_accuracy             0.1889
2025-04-30 04:38:57,027 simple_logger.py log_once [line:28] INFO std_val_accuracy              0.0128
2025-04-30 04:38:57,027 simple_logger.py log_once [line:28] INFO val_loss                      2.2376
2025-04-30 04:38:57,027 simple_logger.py log_once [line:28] INFO mean_val_loss                 2.2376
2025-04-30 04:38:57,027 simple_logger.py log_once [line:28] INFO std_val_loss                  0.0151
2025-04-30 04:38:57,027 fedbase.py run [line:323] INFO expense           15513220.0
2025-04-30 04:38:57,027 fedbase.py run [line:324] INFO Eval Time Cost:               5.1211s
2025-04-30 04:38:57,027 asyncbase.py iterate [line:68] INFO Select clients [0, 1, 2, 3, 4, 5, 6, 7, 8, 9, 10, 11, 12, 13, 14, 15, 16, 17, 18, 19] at time 1730.
2025-04-30 04:39:36,233 asyncbase.py iterate [line:73] INFO Receive new models from clients [2, 19, 9, 8, 11, 15, 17, 6, 3, 10, 7, 13, 4, 5, 0, 12, 14] at time 1736
2025-04-30 04:39:36,233 asyncbase.py iterate [line:73] INFO Receive new models from clients [1, 16, 18] at time 1737
2025-04-30 04:39:36,271 fedbase.py run [line:318] INFO --------------Round 222--------------
2025-04-30 04:39:36,271 simple_logger.py log_once [line:14] INFO Current_time:1737
2025-04-30 04:39:41,368 simple_logger.py log_once [line:28] INFO test_accuracy                 0.1959
2025-04-30 04:39:41,368 simple_logger.py log_once [line:28] INFO test_loss                     2.2239
2025-04-30 04:39:41,369 simple_logger.py log_once [line:28] INFO val_accuracy                  0.1889
2025-04-30 04:39:41,369 simple_logger.py log_once [line:28] INFO mean_val_accuracy             0.1889
2025-04-30 04:39:41,369 simple_logger.py log_once [line:28] INFO std_val_accuracy              0.0128
2025-04-30 04:39:41,369 simple_logger.py log_once [line:28] INFO val_loss                      2.2376
2025-04-30 04:39:41,369 simple_logger.py log_once [line:28] INFO mean_val_loss                 2.2376
2025-04-30 04:39:41,369 simple_logger.py log_once [line:28] INFO std_val_loss                  0.0152
2025-04-30 04:39:41,369 fedbase.py run [line:323] INFO expense           15547620.0
2025-04-30 04:39:41,369 fedbase.py run [line:324] INFO Eval Time Cost:               5.0979s
2025-04-30 04:39:41,369 asyncbase.py iterate [line:68] INFO Select clients [0, 1, 2, 3, 4, 5, 6, 7, 8, 9, 10, 11, 12, 13, 14, 15, 16, 17, 18, 19] at time 1738.
2025-04-30 04:40:20,713 asyncbase.py iterate [line:73] INFO Receive new models from clients [12, 14, 6, 19, 10, 13, 4, 17, 3, 1, 11, 5, 0, 2, 9, 7, 18, 16, 8] at time 1744
2025-04-30 04:40:20,714 asyncbase.py iterate [line:73] INFO Receive new models from clients [15] at time 1745
2025-04-30 04:40:20,749 fedbase.py run [line:318] INFO --------------Round 223--------------
2025-04-30 04:40:20,749 simple_logger.py log_once [line:14] INFO Current_time:1745
2025-04-30 04:40:25,867 simple_logger.py log_once [line:28] INFO test_accuracy                 0.1959
2025-04-30 04:40:25,867 simple_logger.py log_once [line:28] INFO test_loss                     2.2239
2025-04-30 04:40:25,867 simple_logger.py log_once [line:28] INFO val_accuracy                  0.1889
2025-04-30 04:40:25,867 simple_logger.py log_once [line:28] INFO mean_val_accuracy             0.1889
2025-04-30 04:40:25,867 simple_logger.py log_once [line:28] INFO std_val_accuracy              0.0128
2025-04-30 04:40:25,867 simple_logger.py log_once [line:28] INFO val_loss                      2.2376
2025-04-30 04:40:25,867 simple_logger.py log_once [line:28] INFO mean_val_loss                 2.2376
2025-04-30 04:40:25,867 simple_logger.py log_once [line:28] INFO std_val_loss                  0.0151
2025-04-30 04:40:25,867 fedbase.py run [line:323] INFO expense           15582020.0
2025-04-30 04:40:25,867 fedbase.py run [line:324] INFO Eval Time Cost:               5.1181s
2025-04-30 04:40:25,867 asyncbase.py iterate [line:68] INFO Select clients [0, 1, 2, 3, 4, 5, 6, 7, 8, 9, 10, 11, 12, 13, 14, 15, 16, 17, 18, 19] at time 1746.
2025-04-30 04:41:04,873 asyncbase.py iterate [line:73] INFO Receive new models from clients [16, 2, 11, 5, 7, 10, 14, 8, 0, 9, 1, 17, 6, 12, 18, 3] at time 1752
2025-04-30 04:41:04,874 asyncbase.py iterate [line:73] INFO Receive new models from clients [13, 15, 4, 19] at time 1753
2025-04-30 04:41:04,910 fedbase.py run [line:318] INFO --------------Round 224--------------
2025-04-30 04:41:04,910 simple_logger.py log_once [line:14] INFO Current_time:1753
2025-04-30 04:41:10,003 simple_logger.py log_once [line:28] INFO test_accuracy                 0.1959
2025-04-30 04:41:10,003 simple_logger.py log_once [line:28] INFO test_loss                     2.2238
2025-04-30 04:41:10,003 simple_logger.py log_once [line:28] INFO val_accuracy                  0.1889
2025-04-30 04:41:10,004 simple_logger.py log_once [line:28] INFO mean_val_accuracy             0.1889
2025-04-30 04:41:10,004 simple_logger.py log_once [line:28] INFO std_val_accuracy              0.0128
2025-04-30 04:41:10,004 simple_logger.py log_once [line:28] INFO val_loss                      2.2376
2025-04-30 04:41:10,004 simple_logger.py log_once [line:28] INFO mean_val_loss                 2.2376
2025-04-30 04:41:10,004 simple_logger.py log_once [line:28] INFO std_val_loss                  0.0152
2025-04-30 04:41:10,004 fedbase.py run [line:323] INFO expense           15616420.0
2025-04-30 04:41:10,004 fedbase.py run [line:324] INFO Eval Time Cost:               5.0934s
2025-04-30 04:41:10,004 asyncbase.py iterate [line:68] INFO Select clients [0, 1, 2, 3, 4, 5, 6, 7, 8, 9, 10, 11, 12, 13, 14, 15, 16, 17, 18, 19] at time 1754.
2025-04-30 04:41:48,225 asyncbase.py iterate [line:73] INFO Receive new models from clients [19, 17, 0, 1, 10, 8, 15, 2, 18, 11, 3, 13, 9, 5, 6, 12, 4, 16, 14] at time 1760
2025-04-30 04:41:48,225 asyncbase.py iterate [line:73] INFO Receive new models from clients [7] at time 1761
2025-04-30 04:41:48,266 fedbase.py run [line:318] INFO --------------Round 225--------------
2025-04-30 04:41:48,266 simple_logger.py log_once [line:14] INFO Current_time:1761
2025-04-30 04:41:53,374 simple_logger.py log_once [line:28] INFO test_accuracy                 0.1959
2025-04-30 04:41:53,374 simple_logger.py log_once [line:28] INFO test_loss                     2.2238
2025-04-30 04:41:53,374 simple_logger.py log_once [line:28] INFO val_accuracy                  0.1889
2025-04-30 04:41:53,374 simple_logger.py log_once [line:28] INFO mean_val_accuracy             0.1889
2025-04-30 04:41:53,374 simple_logger.py log_once [line:28] INFO std_val_accuracy              0.0128
2025-04-30 04:41:53,374 simple_logger.py log_once [line:28] INFO val_loss                      2.2376
2025-04-30 04:41:53,374 simple_logger.py log_once [line:28] INFO mean_val_loss                 2.2376
2025-04-30 04:41:53,374 simple_logger.py log_once [line:28] INFO std_val_loss                  0.0151
2025-04-30 04:41:53,375 fedbase.py run [line:323] INFO expense           15650820.0
2025-04-30 04:41:53,375 fedbase.py run [line:324] INFO Eval Time Cost:               5.1083s
2025-04-30 04:41:53,375 asyncbase.py iterate [line:68] INFO Select clients [0, 1, 2, 3, 4, 5, 6, 7, 8, 9, 10, 11, 12, 13, 14, 15, 16, 17, 18, 19] at time 1762.
2025-04-30 04:42:32,238 asyncbase.py iterate [line:73] INFO Receive new models from clients [13, 18, 19, 17, 3, 10, 4, 9, 16, 6, 15, 5, 8, 14, 1, 7, 2, 0, 12] at time 1768
2025-04-30 04:42:32,238 asyncbase.py iterate [line:73] INFO Receive new models from clients [11] at time 1769
2025-04-30 04:42:32,274 fedbase.py run [line:318] INFO --------------Round 226--------------
2025-04-30 04:42:32,274 simple_logger.py log_once [line:14] INFO Current_time:1769
2025-04-30 04:42:37,373 simple_logger.py log_once [line:28] INFO test_accuracy                 0.1959
2025-04-30 04:42:37,373 simple_logger.py log_once [line:28] INFO test_loss                     2.2238
2025-04-30 04:42:37,374 simple_logger.py log_once [line:28] INFO val_accuracy                  0.1889
2025-04-30 04:42:37,374 simple_logger.py log_once [line:28] INFO mean_val_accuracy             0.1889
2025-04-30 04:42:37,374 simple_logger.py log_once [line:28] INFO std_val_accuracy              0.0128
2025-04-30 04:42:37,374 simple_logger.py log_once [line:28] INFO val_loss                      2.2376
2025-04-30 04:42:37,374 simple_logger.py log_once [line:28] INFO mean_val_loss                 2.2376
2025-04-30 04:42:37,374 simple_logger.py log_once [line:28] INFO std_val_loss                  0.0151
2025-04-30 04:42:37,374 fedbase.py run [line:323] INFO expense           15685220.0
2025-04-30 04:42:37,374 fedbase.py run [line:324] INFO Eval Time Cost:               5.0996s
2025-04-30 04:42:37,374 asyncbase.py iterate [line:68] INFO Select clients [0, 1, 2, 3, 4, 5, 6, 7, 8, 9, 10, 11, 12, 13, 14, 15, 16, 17, 18, 19] at time 1770.
2025-04-30 04:43:16,606 asyncbase.py iterate [line:73] INFO Receive new models from clients [15, 10, 5, 1, 16, 7, 19, 13, 6, 11, 9, 12, 17, 2, 0, 18, 8] at time 1776
2025-04-30 04:43:16,606 asyncbase.py iterate [line:73] INFO Receive new models from clients [3, 4, 14] at time 1777
2025-04-30 04:43:16,644 fedbase.py run [line:318] INFO --------------Round 227--------------
2025-04-30 04:43:16,644 simple_logger.py log_once [line:14] INFO Current_time:1777
2025-04-30 04:43:21,748 simple_logger.py log_once [line:28] INFO test_accuracy                 0.1959
2025-04-30 04:43:21,748 simple_logger.py log_once [line:28] INFO test_loss                     2.2239
2025-04-30 04:43:21,748 simple_logger.py log_once [line:28] INFO val_accuracy                  0.1889
2025-04-30 04:43:21,748 simple_logger.py log_once [line:28] INFO mean_val_accuracy             0.1889
2025-04-30 04:43:21,748 simple_logger.py log_once [line:28] INFO std_val_accuracy              0.0128
2025-04-30 04:43:21,748 simple_logger.py log_once [line:28] INFO val_loss                      2.2376
2025-04-30 04:43:21,748 simple_logger.py log_once [line:28] INFO mean_val_loss                 2.2376
2025-04-30 04:43:21,748 simple_logger.py log_once [line:28] INFO std_val_loss                  0.0151
2025-04-30 04:43:21,748 fedbase.py run [line:323] INFO expense           15719620.0
2025-04-30 04:43:21,748 fedbase.py run [line:324] INFO Eval Time Cost:               5.1039s
2025-04-30 04:43:21,748 asyncbase.py iterate [line:68] INFO Select clients [0, 1, 2, 3, 4, 5, 6, 7, 8, 9, 10, 11, 12, 13, 14, 15, 16, 17, 18, 19] at time 1778.
2025-04-30 04:43:58,920 asyncbase.py iterate [line:73] INFO Receive new models from clients [11, 4, 19, 13, 7, 1, 15, 9, 10, 17, 0, 5, 18, 6, 16, 14, 12, 3] at time 1784
2025-04-30 04:43:58,920 asyncbase.py iterate [line:73] INFO Receive new models from clients [2, 8] at time 1785
2025-04-30 04:43:58,957 fedbase.py run [line:318] INFO --------------Round 228--------------
2025-04-30 04:43:58,957 simple_logger.py log_once [line:14] INFO Current_time:1785
2025-04-30 04:44:04,057 simple_logger.py log_once [line:28] INFO test_accuracy                 0.1959
2025-04-30 04:44:04,058 simple_logger.py log_once [line:28] INFO test_loss                     2.2239
2025-04-30 04:44:04,058 simple_logger.py log_once [line:28] INFO val_accuracy                  0.1889
2025-04-30 04:44:04,058 simple_logger.py log_once [line:28] INFO mean_val_accuracy             0.1889
2025-04-30 04:44:04,058 simple_logger.py log_once [line:28] INFO std_val_accuracy              0.0128
2025-04-30 04:44:04,058 simple_logger.py log_once [line:28] INFO val_loss                      2.2375
2025-04-30 04:44:04,058 simple_logger.py log_once [line:28] INFO mean_val_loss                 2.2375
2025-04-30 04:44:04,058 simple_logger.py log_once [line:28] INFO std_val_loss                  0.0151
2025-04-30 04:44:04,058 fedbase.py run [line:323] INFO expense           15754020.0
2025-04-30 04:44:04,058 fedbase.py run [line:324] INFO Eval Time Cost:               5.1010s
2025-04-30 04:44:04,058 asyncbase.py iterate [line:68] INFO Select clients [0, 1, 2, 3, 4, 5, 6, 7, 8, 9, 10, 11, 12, 13, 14, 15, 16, 17, 18, 19] at time 1786.
2025-04-30 04:44:43,268 asyncbase.py iterate [line:73] INFO Receive new models from clients [1, 8, 14, 19, 4, 3, 10, 12, 2, 16, 9, 15, 5, 7, 18, 0, 17, 13, 6] at time 1792
2025-04-30 04:44:43,269 asyncbase.py iterate [line:73] INFO Receive new models from clients [11] at time 1793
2025-04-30 04:44:43,305 fedbase.py run [line:318] INFO --------------Round 229--------------
2025-04-30 04:44:43,305 simple_logger.py log_once [line:14] INFO Current_time:1793
2025-04-30 04:44:48,409 simple_logger.py log_once [line:28] INFO test_accuracy                 0.1959
2025-04-30 04:44:48,409 simple_logger.py log_once [line:28] INFO test_loss                     2.2238
2025-04-30 04:44:48,409 simple_logger.py log_once [line:28] INFO val_accuracy                  0.1889
2025-04-30 04:44:48,410 simple_logger.py log_once [line:28] INFO mean_val_accuracy             0.1889
2025-04-30 04:44:48,410 simple_logger.py log_once [line:28] INFO std_val_accuracy              0.0128
2025-04-30 04:44:48,410 simple_logger.py log_once [line:28] INFO val_loss                      2.2376
2025-04-30 04:44:48,410 simple_logger.py log_once [line:28] INFO mean_val_loss                 2.2376
2025-04-30 04:44:48,410 simple_logger.py log_once [line:28] INFO std_val_loss                  0.0151
2025-04-30 04:44:48,410 fedbase.py run [line:323] INFO expense           15788420.0
2025-04-30 04:44:48,410 fedbase.py run [line:324] INFO Eval Time Cost:               5.1047s
2025-04-30 04:44:48,410 asyncbase.py iterate [line:68] INFO Select clients [0, 1, 2, 3, 4, 5, 6, 7, 8, 9, 10, 11, 12, 13, 14, 15, 16, 17, 18, 19] at time 1794.
2025-04-30 04:45:27,910 asyncbase.py iterate [line:73] INFO Receive new models from clients [6, 4, 15, 0, 18, 5, 16, 3, 2, 11, 19, 12, 7, 13, 14, 10, 8, 9, 17] at time 1800
2025-04-30 04:45:27,911 asyncbase.py iterate [line:73] INFO Receive new models from clients [1] at time 1801
2025-04-30 04:45:27,947 fedbase.py run [line:318] INFO --------------Round 230--------------
2025-04-30 04:45:27,947 simple_logger.py log_once [line:14] INFO Current_time:1801
2025-04-30 04:45:33,084 simple_logger.py log_once [line:28] INFO test_accuracy                 0.1959
2025-04-30 04:45:33,085 simple_logger.py log_once [line:28] INFO test_loss                     2.2239
2025-04-30 04:45:33,085 simple_logger.py log_once [line:28] INFO val_accuracy                  0.1889
2025-04-30 04:45:33,085 simple_logger.py log_once [line:28] INFO mean_val_accuracy             0.1889
2025-04-30 04:45:33,085 simple_logger.py log_once [line:28] INFO std_val_accuracy              0.0128
2025-04-30 04:45:33,085 simple_logger.py log_once [line:28] INFO val_loss                      2.2376
2025-04-30 04:45:33,085 simple_logger.py log_once [line:28] INFO mean_val_loss                 2.2376
2025-04-30 04:45:33,085 simple_logger.py log_once [line:28] INFO std_val_loss                  0.0151
2025-04-30 04:45:33,085 fedbase.py run [line:323] INFO expense           15822820.0
2025-04-30 04:45:33,085 fedbase.py run [line:324] INFO Eval Time Cost:               5.1380s
2025-04-30 04:45:33,085 asyncbase.py iterate [line:68] INFO Select clients [0, 1, 2, 3, 4, 5, 6, 7, 8, 9, 10, 11, 12, 13, 14, 15, 16, 17, 18, 19] at time 1802.
2025-04-30 04:46:11,771 asyncbase.py iterate [line:73] INFO Receive new models from clients [9, 2, 8, 0, 6, 19, 5, 13, 15, 4, 7, 16, 12, 10, 14, 1, 18, 3, 11] at time 1808
2025-04-30 04:46:11,771 asyncbase.py iterate [line:73] INFO Receive new models from clients [17] at time 1809
2025-04-30 04:46:11,808 fedbase.py run [line:318] INFO --------------Round 231--------------
2025-04-30 04:46:11,808 simple_logger.py log_once [line:14] INFO Current_time:1809
2025-04-30 04:46:16,942 simple_logger.py log_once [line:28] INFO test_accuracy                 0.1959
2025-04-30 04:46:16,942 simple_logger.py log_once [line:28] INFO test_loss                     2.2239
2025-04-30 04:46:16,942 simple_logger.py log_once [line:28] INFO val_accuracy                  0.1889
2025-04-30 04:46:16,942 simple_logger.py log_once [line:28] INFO mean_val_accuracy             0.1889
2025-04-30 04:46:16,943 simple_logger.py log_once [line:28] INFO std_val_accuracy              0.0128
2025-04-30 04:46:16,943 simple_logger.py log_once [line:28] INFO val_loss                      2.2376
2025-04-30 04:46:16,943 simple_logger.py log_once [line:28] INFO mean_val_loss                 2.2376
2025-04-30 04:46:16,943 simple_logger.py log_once [line:28] INFO std_val_loss                  0.0151
2025-04-30 04:46:16,943 fedbase.py run [line:323] INFO expense           15857220.0
2025-04-30 04:46:16,943 fedbase.py run [line:324] INFO Eval Time Cost:               5.1345s
2025-04-30 04:46:16,943 asyncbase.py iterate [line:68] INFO Select clients [0, 1, 2, 3, 4, 5, 6, 7, 8, 9, 10, 11, 12, 13, 14, 15, 16, 17, 18, 19] at time 1810.
2025-04-30 04:46:55,960 asyncbase.py iterate [line:73] INFO Receive new models from clients [7, 0, 5, 16, 11, 9, 2, 6, 15, 3, 17, 10, 14, 1, 19, 13, 12, 8, 4, 18] at time 1816
2025-04-30 04:46:55,998 fedbase.py run [line:318] INFO --------------Round 232--------------
2025-04-30 04:46:55,998 simple_logger.py log_once [line:14] INFO Current_time:1816
2025-04-30 04:47:01,103 simple_logger.py log_once [line:28] INFO test_accuracy                 0.1959
2025-04-30 04:47:01,103 simple_logger.py log_once [line:28] INFO test_loss                     2.2239
2025-04-30 04:47:01,103 simple_logger.py log_once [line:28] INFO val_accuracy                  0.1889
2025-04-30 04:47:01,103 simple_logger.py log_once [line:28] INFO mean_val_accuracy             0.1889
2025-04-30 04:47:01,103 simple_logger.py log_once [line:28] INFO std_val_accuracy              0.0128
2025-04-30 04:47:01,103 simple_logger.py log_once [line:28] INFO val_loss                      2.2376
2025-04-30 04:47:01,103 simple_logger.py log_once [line:28] INFO mean_val_loss                 2.2376
2025-04-30 04:47:01,103 simple_logger.py log_once [line:28] INFO std_val_loss                  0.0151
2025-04-30 04:47:01,103 fedbase.py run [line:323] INFO expense           15891620.0
2025-04-30 04:47:01,103 fedbase.py run [line:324] INFO Eval Time Cost:               5.1050s
2025-04-30 04:47:01,103 asyncbase.py iterate [line:68] INFO Select clients [0, 1, 2, 3, 4, 5, 6, 7, 8, 9, 10, 11, 12, 13, 14, 15, 16, 17, 18, 19] at time 1817.
2025-04-30 04:47:40,092 asyncbase.py iterate [line:73] INFO Receive new models from clients [9, 11, 4, 14, 17, 12, 8, 10, 15, 19, 3, 16, 5, 18, 1, 2, 0, 6, 7] at time 1823
2025-04-30 04:47:40,092 asyncbase.py iterate [line:73] INFO Receive new models from clients [13] at time 1824
2025-04-30 04:47:40,130 fedbase.py run [line:318] INFO --------------Round 233--------------
2025-04-30 04:47:40,130 simple_logger.py log_once [line:14] INFO Current_time:1824
2025-04-30 04:47:45,241 simple_logger.py log_once [line:28] INFO test_accuracy                 0.1959
2025-04-30 04:47:45,241 simple_logger.py log_once [line:28] INFO test_loss                     2.2238
2025-04-30 04:47:45,241 simple_logger.py log_once [line:28] INFO val_accuracy                  0.1889
2025-04-30 04:47:45,241 simple_logger.py log_once [line:28] INFO mean_val_accuracy             0.1889
2025-04-30 04:47:45,241 simple_logger.py log_once [line:28] INFO std_val_accuracy              0.0128
2025-04-30 04:47:45,241 simple_logger.py log_once [line:28] INFO val_loss                      2.2376
2025-04-30 04:47:45,241 simple_logger.py log_once [line:28] INFO mean_val_loss                 2.2376
2025-04-30 04:47:45,241 simple_logger.py log_once [line:28] INFO std_val_loss                  0.0151
2025-04-30 04:47:45,241 fedbase.py run [line:323] INFO expense           15926020.0
2025-04-30 04:47:45,241 fedbase.py run [line:324] INFO Eval Time Cost:               5.1114s
2025-04-30 04:47:45,242 asyncbase.py iterate [line:68] INFO Select clients [0, 1, 2, 3, 4, 5, 6, 7, 8, 9, 10, 11, 12, 13, 14, 15, 16, 17, 18, 19] at time 1825.
2025-04-30 04:48:24,554 asyncbase.py iterate [line:73] INFO Receive new models from clients [16, 7, 15, 12, 6, 14, 1, 2, 0, 18, 9, 4, 10, 17] at time 1831
2025-04-30 04:48:24,554 asyncbase.py iterate [line:73] INFO Receive new models from clients [19, 13, 8, 3, 5, 11] at time 1832
2025-04-30 04:48:24,590 fedbase.py run [line:318] INFO --------------Round 234--------------
2025-04-30 04:48:24,590 simple_logger.py log_once [line:14] INFO Current_time:1832
2025-04-30 04:48:29,695 simple_logger.py log_once [line:28] INFO test_accuracy                 0.1959
2025-04-30 04:48:29,695 simple_logger.py log_once [line:28] INFO test_loss                     2.2239
2025-04-30 04:48:29,695 simple_logger.py log_once [line:28] INFO val_accuracy                  0.1889
2025-04-30 04:48:29,695 simple_logger.py log_once [line:28] INFO mean_val_accuracy             0.1889
2025-04-30 04:48:29,695 simple_logger.py log_once [line:28] INFO std_val_accuracy              0.0128
2025-04-30 04:48:29,695 simple_logger.py log_once [line:28] INFO val_loss                      2.2376
2025-04-30 04:48:29,696 simple_logger.py log_once [line:28] INFO mean_val_loss                 2.2376
2025-04-30 04:48:29,696 simple_logger.py log_once [line:28] INFO std_val_loss                  0.0151
2025-04-30 04:48:29,696 fedbase.py run [line:323] INFO expense           15960420.0
2025-04-30 04:48:29,696 fedbase.py run [line:324] INFO Eval Time Cost:               5.1060s
2025-04-30 04:48:29,696 asyncbase.py iterate [line:68] INFO Select clients [0, 1, 2, 3, 4, 5, 6, 7, 8, 9, 10, 11, 12, 13, 14, 15, 16, 17, 18, 19] at time 1833.
2025-04-30 04:49:07,526 asyncbase.py iterate [line:73] INFO Receive new models from clients [19, 8, 2, 7, 5, 11, 4, 10, 13, 1, 9, 17, 0, 3, 18, 12, 15, 14, 16, 6] at time 1839
2025-04-30 04:49:07,563 fedbase.py run [line:318] INFO --------------Round 235--------------
2025-04-30 04:49:07,563 simple_logger.py log_once [line:14] INFO Current_time:1839
2025-04-30 04:49:12,694 simple_logger.py log_once [line:28] INFO test_accuracy                 0.1959
2025-04-30 04:49:12,694 simple_logger.py log_once [line:28] INFO test_loss                     2.2238
2025-04-30 04:49:12,695 simple_logger.py log_once [line:28] INFO val_accuracy                  0.1889
2025-04-30 04:49:12,695 simple_logger.py log_once [line:28] INFO mean_val_accuracy             0.1889
2025-04-30 04:49:12,695 simple_logger.py log_once [line:28] INFO std_val_accuracy              0.0128
2025-04-30 04:49:12,695 simple_logger.py log_once [line:28] INFO val_loss                      2.2376
2025-04-30 04:49:12,695 simple_logger.py log_once [line:28] INFO mean_val_loss                 2.2376
2025-04-30 04:49:12,695 simple_logger.py log_once [line:28] INFO std_val_loss                  0.0151
2025-04-30 04:49:12,695 fedbase.py run [line:323] INFO expense           15994820.0
2025-04-30 04:49:12,695 fedbase.py run [line:324] INFO Eval Time Cost:               5.1319s
2025-04-30 04:49:12,695 asyncbase.py iterate [line:68] INFO Select clients [0, 1, 2, 3, 4, 5, 6, 7, 8, 9, 10, 11, 12, 13, 14, 15, 16, 17, 18, 19] at time 1840.
2025-04-30 04:49:52,457 asyncbase.py iterate [line:73] INFO Receive new models from clients [13, 5, 11, 0, 18, 4, 8, 17, 2, 16, 15, 12, 10, 3, 1, 19, 14] at time 1846
2025-04-30 04:49:52,458 asyncbase.py iterate [line:73] INFO Receive new models from clients [7, 6, 9] at time 1847
2025-04-30 04:49:52,495 fedbase.py run [line:318] INFO --------------Round 236--------------
2025-04-30 04:49:52,495 simple_logger.py log_once [line:14] INFO Current_time:1847
2025-04-30 04:49:57,600 simple_logger.py log_once [line:28] INFO test_accuracy                 0.1959
2025-04-30 04:49:57,600 simple_logger.py log_once [line:28] INFO test_loss                     2.2238
2025-04-30 04:49:57,600 simple_logger.py log_once [line:28] INFO val_accuracy                  0.1889
2025-04-30 04:49:57,600 simple_logger.py log_once [line:28] INFO mean_val_accuracy             0.1889
2025-04-30 04:49:57,600 simple_logger.py log_once [line:28] INFO std_val_accuracy              0.0128
2025-04-30 04:49:57,601 simple_logger.py log_once [line:28] INFO val_loss                      2.2376
2025-04-30 04:49:57,601 simple_logger.py log_once [line:28] INFO mean_val_loss                 2.2376
2025-04-30 04:49:57,601 simple_logger.py log_once [line:28] INFO std_val_loss                  0.0152
2025-04-30 04:49:57,601 fedbase.py run [line:323] INFO expense           16029220.0
2025-04-30 04:49:57,601 fedbase.py run [line:324] INFO Eval Time Cost:               5.1060s
2025-04-30 04:49:57,601 asyncbase.py iterate [line:68] INFO Select clients [0, 1, 2, 3, 4, 5, 6, 7, 8, 9, 10, 11, 12, 13, 14, 15, 16, 17, 18, 19] at time 1848.
2025-04-30 04:50:36,738 asyncbase.py iterate [line:73] INFO Receive new models from clients [18, 19, 10, 12, 8, 13, 9, 4, 6, 3, 17, 11, 5, 2, 1, 7, 16, 15, 0, 14] at time 1854
2025-04-30 04:50:36,773 fedbase.py run [line:318] INFO --------------Round 237--------------
2025-04-30 04:50:36,774 simple_logger.py log_once [line:14] INFO Current_time:1854
2025-04-30 04:50:41,997 simple_logger.py log_once [line:28] INFO test_accuracy                 0.1959
2025-04-30 04:50:41,997 simple_logger.py log_once [line:28] INFO test_loss                     2.2238
2025-04-30 04:50:41,997 simple_logger.py log_once [line:28] INFO val_accuracy                  0.1889
2025-04-30 04:50:41,997 simple_logger.py log_once [line:28] INFO mean_val_accuracy             0.1889
2025-04-30 04:50:41,997 simple_logger.py log_once [line:28] INFO std_val_accuracy              0.0128
2025-04-30 04:50:41,997 simple_logger.py log_once [line:28] INFO val_loss                      2.2376
2025-04-30 04:50:41,997 simple_logger.py log_once [line:28] INFO mean_val_loss                 2.2376
2025-04-30 04:50:41,997 simple_logger.py log_once [line:28] INFO std_val_loss                  0.0152
2025-04-30 04:50:41,997 fedbase.py run [line:323] INFO expense           16063620.0
2025-04-30 04:50:41,997 fedbase.py run [line:324] INFO Eval Time Cost:               5.2240s
2025-04-30 04:50:41,998 asyncbase.py iterate [line:68] INFO Select clients [0, 1, 2, 3, 4, 5, 6, 7, 8, 9, 10, 11, 12, 13, 14, 15, 16, 17, 18, 19] at time 1855.
2025-04-30 04:51:21,183 asyncbase.py iterate [line:73] INFO Receive new models from clients [16, 9, 2, 8, 0, 12, 10, 3, 14, 4, 7, 15, 5, 6, 1, 19, 17] at time 1861
2025-04-30 04:51:21,184 asyncbase.py iterate [line:73] INFO Receive new models from clients [13, 11, 18] at time 1862
2025-04-30 04:51:21,222 fedbase.py run [line:318] INFO --------------Round 238--------------
2025-04-30 04:51:21,222 simple_logger.py log_once [line:14] INFO Current_time:1862
2025-04-30 04:51:26,349 simple_logger.py log_once [line:28] INFO test_accuracy                 0.1959
2025-04-30 04:51:26,349 simple_logger.py log_once [line:28] INFO test_loss                     2.2238
2025-04-30 04:51:26,349 simple_logger.py log_once [line:28] INFO val_accuracy                  0.1889
2025-04-30 04:51:26,349 simple_logger.py log_once [line:28] INFO mean_val_accuracy             0.1889
2025-04-30 04:51:26,349 simple_logger.py log_once [line:28] INFO std_val_accuracy              0.0128
2025-04-30 04:51:26,349 simple_logger.py log_once [line:28] INFO val_loss                      2.2376
2025-04-30 04:51:26,349 simple_logger.py log_once [line:28] INFO mean_val_loss                 2.2376
2025-04-30 04:51:26,349 simple_logger.py log_once [line:28] INFO std_val_loss                  0.0152
2025-04-30 04:51:26,349 fedbase.py run [line:323] INFO expense           16098020.0
2025-04-30 04:51:26,349 fedbase.py run [line:324] INFO Eval Time Cost:               5.1274s
2025-04-30 04:51:26,349 asyncbase.py iterate [line:68] INFO Select clients [0, 1, 2, 3, 4, 5, 6, 7, 8, 9, 10, 11, 12, 13, 14, 15, 16, 17, 18, 19] at time 1863.
2025-04-30 04:52:05,113 asyncbase.py iterate [line:73] INFO Receive new models from clients [11, 17, 9, 19, 4, 0, 16, 5, 12, 10, 2, 7, 8, 3, 14, 18, 15] at time 1869
2025-04-30 04:52:05,114 asyncbase.py iterate [line:73] INFO Receive new models from clients [13, 1, 6] at time 1870
2025-04-30 04:52:05,151 fedbase.py run [line:318] INFO --------------Round 239--------------
2025-04-30 04:52:05,151 simple_logger.py log_once [line:14] INFO Current_time:1870
2025-04-30 04:52:10,248 simple_logger.py log_once [line:28] INFO test_accuracy                 0.1959
2025-04-30 04:52:10,248 simple_logger.py log_once [line:28] INFO test_loss                     2.2238
2025-04-30 04:52:10,248 simple_logger.py log_once [line:28] INFO val_accuracy                  0.1889
2025-04-30 04:52:10,248 simple_logger.py log_once [line:28] INFO mean_val_accuracy             0.1889
2025-04-30 04:52:10,248 simple_logger.py log_once [line:28] INFO std_val_accuracy              0.0128
2025-04-30 04:52:10,248 simple_logger.py log_once [line:28] INFO val_loss                      2.2375
2025-04-30 04:52:10,248 simple_logger.py log_once [line:28] INFO mean_val_loss                 2.2375
2025-04-30 04:52:10,248 simple_logger.py log_once [line:28] INFO std_val_loss                  0.0151
2025-04-30 04:52:10,248 fedbase.py run [line:323] INFO expense           16132420.0
2025-04-30 04:52:10,248 fedbase.py run [line:324] INFO Eval Time Cost:               5.0974s
2025-04-30 04:52:10,248 asyncbase.py iterate [line:68] INFO Select clients [0, 1, 2, 3, 4, 5, 6, 7, 8, 9, 10, 11, 12, 13, 14, 15, 16, 17, 18, 19] at time 1871.
2025-04-30 04:52:49,262 asyncbase.py iterate [line:73] INFO Receive new models from clients [18, 10, 6, 3, 1, 11, 0, 9, 2, 7, 12, 4, 14, 5, 8, 13, 19, 15] at time 1877
2025-04-30 04:52:49,262 asyncbase.py iterate [line:73] INFO Receive new models from clients [16, 17] at time 1878
2025-04-30 04:52:49,298 fedbase.py run [line:318] INFO --------------Round 240--------------
2025-04-30 04:52:49,298 simple_logger.py log_once [line:14] INFO Current_time:1878
2025-04-30 04:52:54,436 simple_logger.py log_once [line:28] INFO test_accuracy                 0.1959
2025-04-30 04:52:54,436 simple_logger.py log_once [line:28] INFO test_loss                     2.2238
2025-04-30 04:52:54,436 simple_logger.py log_once [line:28] INFO val_accuracy                  0.1889
2025-04-30 04:52:54,436 simple_logger.py log_once [line:28] INFO mean_val_accuracy             0.1889
2025-04-30 04:52:54,436 simple_logger.py log_once [line:28] INFO std_val_accuracy              0.0128
2025-04-30 04:52:54,436 simple_logger.py log_once [line:28] INFO val_loss                      2.2376
2025-04-30 04:52:54,436 simple_logger.py log_once [line:28] INFO mean_val_loss                 2.2376
2025-04-30 04:52:54,436 simple_logger.py log_once [line:28] INFO std_val_loss                  0.0151
2025-04-30 04:52:54,436 fedbase.py run [line:323] INFO expense           16166820.0
2025-04-30 04:52:54,437 fedbase.py run [line:324] INFO Eval Time Cost:               5.1384s
2025-04-30 04:52:54,437 asyncbase.py iterate [line:68] INFO Select clients [0, 1, 2, 3, 4, 5, 6, 7, 8, 9, 10, 11, 12, 13, 14, 15, 16, 17, 18, 19] at time 1879.
2025-04-30 04:53:33,190 asyncbase.py iterate [line:73] INFO Receive new models from clients [12, 15, 4, 13, 5, 1, 9, 8, 0, 19, 2, 11, 18, 3, 7, 10, 6] at time 1885
2025-04-30 04:53:33,191 asyncbase.py iterate [line:73] INFO Receive new models from clients [16, 14, 17] at time 1886
2025-04-30 04:53:33,226 fedbase.py run [line:318] INFO --------------Round 241--------------
2025-04-30 04:53:33,226 simple_logger.py log_once [line:14] INFO Current_time:1886
2025-04-30 04:53:38,383 simple_logger.py log_once [line:28] INFO test_accuracy                 0.1959
2025-04-30 04:53:38,383 simple_logger.py log_once [line:28] INFO test_loss                     2.2239
2025-04-30 04:53:38,383 simple_logger.py log_once [line:28] INFO val_accuracy                  0.1889
2025-04-30 04:53:38,383 simple_logger.py log_once [line:28] INFO mean_val_accuracy             0.1889
2025-04-30 04:53:38,383 simple_logger.py log_once [line:28] INFO std_val_accuracy              0.0128
2025-04-30 04:53:38,383 simple_logger.py log_once [line:28] INFO val_loss                      2.2376
2025-04-30 04:53:38,383 simple_logger.py log_once [line:28] INFO mean_val_loss                 2.2376
2025-04-30 04:53:38,383 simple_logger.py log_once [line:28] INFO std_val_loss                  0.0151
2025-04-30 04:53:38,383 fedbase.py run [line:323] INFO expense           16201220.0
2025-04-30 04:53:38,383 fedbase.py run [line:324] INFO Eval Time Cost:               5.1567s
2025-04-30 04:53:38,383 asyncbase.py iterate [line:68] INFO Select clients [0, 1, 2, 3, 4, 5, 6, 7, 8, 9, 10, 11, 12, 13, 14, 15, 16, 17, 18, 19] at time 1887.
2025-04-30 04:54:16,886 asyncbase.py iterate [line:73] INFO Receive new models from clients [10, 8, 16, 14, 17, 9, 7, 5, 13, 4, 0, 3, 19, 18, 12, 2, 15, 6, 1] at time 1893
2025-04-30 04:54:16,886 asyncbase.py iterate [line:73] INFO Receive new models from clients [11] at time 1894
2025-04-30 04:54:16,923 fedbase.py run [line:318] INFO --------------Round 242--------------
2025-04-30 04:54:16,923 simple_logger.py log_once [line:14] INFO Current_time:1894
2025-04-30 04:54:22,003 simple_logger.py log_once [line:28] INFO test_accuracy                 0.1959
2025-04-30 04:54:22,003 simple_logger.py log_once [line:28] INFO test_loss                     2.2239
2025-04-30 04:54:22,004 simple_logger.py log_once [line:28] INFO val_accuracy                  0.1889
2025-04-30 04:54:22,004 simple_logger.py log_once [line:28] INFO mean_val_accuracy             0.1889
2025-04-30 04:54:22,004 simple_logger.py log_once [line:28] INFO std_val_accuracy              0.0128
2025-04-30 04:54:22,004 simple_logger.py log_once [line:28] INFO val_loss                      2.2375
2025-04-30 04:54:22,004 simple_logger.py log_once [line:28] INFO mean_val_loss                 2.2375
2025-04-30 04:54:22,004 simple_logger.py log_once [line:28] INFO std_val_loss                  0.0151
2025-04-30 04:54:22,004 fedbase.py run [line:323] INFO expense           16235620.0
2025-04-30 04:54:22,004 fedbase.py run [line:324] INFO Eval Time Cost:               5.0807s
2025-04-30 04:54:22,004 asyncbase.py iterate [line:68] INFO Select clients [0, 1, 2, 3, 4, 5, 6, 7, 8, 9, 10, 11, 12, 13, 14, 15, 16, 17, 18, 19] at time 1895.
2025-04-30 04:55:00,875 asyncbase.py iterate [line:73] INFO Receive new models from clients [2, 11, 6, 3, 13, 5, 0, 12, 14, 18, 16, 8, 9, 19, 7, 10, 17, 4, 1] at time 1901
2025-04-30 04:55:00,875 asyncbase.py iterate [line:73] INFO Receive new models from clients [15] at time 1902
2025-04-30 04:55:00,913 fedbase.py run [line:318] INFO --------------Round 243--------------
2025-04-30 04:55:00,913 simple_logger.py log_once [line:14] INFO Current_time:1902
2025-04-30 04:55:06,059 simple_logger.py log_once [line:28] INFO test_accuracy                 0.1959
2025-04-30 04:55:06,059 simple_logger.py log_once [line:28] INFO test_loss                     2.2239
2025-04-30 04:55:06,059 simple_logger.py log_once [line:28] INFO val_accuracy                  0.1889
2025-04-30 04:55:06,059 simple_logger.py log_once [line:28] INFO mean_val_accuracy             0.1889
2025-04-30 04:55:06,059 simple_logger.py log_once [line:28] INFO std_val_accuracy              0.0128
2025-04-30 04:55:06,059 simple_logger.py log_once [line:28] INFO val_loss                      2.2375
2025-04-30 04:55:06,059 simple_logger.py log_once [line:28] INFO mean_val_loss                 2.2375
2025-04-30 04:55:06,059 simple_logger.py log_once [line:28] INFO std_val_loss                  0.0152
2025-04-30 04:55:06,059 fedbase.py run [line:323] INFO expense           16270020.0
2025-04-30 04:55:06,059 fedbase.py run [line:324] INFO Eval Time Cost:               5.1466s
2025-04-30 04:55:06,060 asyncbase.py iterate [line:68] INFO Select clients [0, 1, 2, 3, 4, 5, 6, 7, 8, 9, 10, 11, 12, 13, 14, 15, 16, 17, 18, 19] at time 1903.
2025-04-30 04:55:44,666 asyncbase.py iterate [line:73] INFO Receive new models from clients [13, 18, 4, 16, 0, 7, 8, 10, 11, 19, 1, 14, 9, 2, 17, 15, 3, 6] at time 1909
2025-04-30 04:55:44,666 asyncbase.py iterate [line:73] INFO Receive new models from clients [5, 12] at time 1910
2025-04-30 04:55:44,701 fedbase.py run [line:318] INFO --------------Round 244--------------
2025-04-30 04:55:44,701 simple_logger.py log_once [line:14] INFO Current_time:1910
2025-04-30 04:55:49,845 simple_logger.py log_once [line:28] INFO test_accuracy                 0.1959
2025-04-30 04:55:49,845 simple_logger.py log_once [line:28] INFO test_loss                     2.2239
2025-04-30 04:55:49,846 simple_logger.py log_once [line:28] INFO val_accuracy                  0.1889
2025-04-30 04:55:49,846 simple_logger.py log_once [line:28] INFO mean_val_accuracy             0.1889
2025-04-30 04:55:49,846 simple_logger.py log_once [line:28] INFO std_val_accuracy              0.0128
2025-04-30 04:55:49,846 simple_logger.py log_once [line:28] INFO val_loss                      2.2376
2025-04-30 04:55:49,846 simple_logger.py log_once [line:28] INFO mean_val_loss                 2.2375
2025-04-30 04:55:49,846 simple_logger.py log_once [line:28] INFO std_val_loss                  0.0151
2025-04-30 04:55:49,846 fedbase.py run [line:323] INFO expense           16304420.0
2025-04-30 04:55:49,846 fedbase.py run [line:324] INFO Eval Time Cost:               5.1450s
2025-04-30 04:55:49,846 asyncbase.py iterate [line:68] INFO Select clients [0, 1, 2, 3, 4, 5, 6, 7, 8, 9, 10, 11, 12, 13, 14, 15, 16, 17, 18, 19] at time 1911.
2025-04-30 04:56:27,957 asyncbase.py iterate [line:73] INFO Receive new models from clients [17, 19, 11, 6, 15, 10, 2, 14, 12, 9, 13, 1, 3, 8, 0, 16, 7, 18] at time 1917
2025-04-30 04:56:27,957 asyncbase.py iterate [line:73] INFO Receive new models from clients [5, 4] at time 1918
2025-04-30 04:56:27,994 fedbase.py run [line:318] INFO --------------Round 245--------------
2025-04-30 04:56:27,995 simple_logger.py log_once [line:14] INFO Current_time:1918
2025-04-30 04:56:33,111 simple_logger.py log_once [line:28] INFO test_accuracy                 0.1959
2025-04-30 04:56:33,111 simple_logger.py log_once [line:28] INFO test_loss                     2.2238
2025-04-30 04:56:33,111 simple_logger.py log_once [line:28] INFO val_accuracy                  0.1889
2025-04-30 04:56:33,111 simple_logger.py log_once [line:28] INFO mean_val_accuracy             0.1889
2025-04-30 04:56:33,111 simple_logger.py log_once [line:28] INFO std_val_accuracy              0.0128
2025-04-30 04:56:33,111 simple_logger.py log_once [line:28] INFO val_loss                      2.2376
2025-04-30 04:56:33,111 simple_logger.py log_once [line:28] INFO mean_val_loss                 2.2376
2025-04-30 04:56:33,111 simple_logger.py log_once [line:28] INFO std_val_loss                  0.0151
2025-04-30 04:56:33,111 fedbase.py run [line:323] INFO expense           16338820.0
2025-04-30 04:56:33,111 fedbase.py run [line:324] INFO Eval Time Cost:               5.1167s
2025-04-30 04:56:33,111 asyncbase.py iterate [line:68] INFO Select clients [0, 1, 2, 3, 4, 5, 6, 7, 8, 9, 10, 11, 12, 13, 14, 15, 16, 17, 18, 19] at time 1919.
2025-04-30 04:57:12,058 asyncbase.py iterate [line:73] INFO Receive new models from clients [10, 18, 16, 12, 2, 14, 13, 4, 8, 1, 19, 11, 0, 9, 5, 17, 6, 3, 7] at time 1925
2025-04-30 04:57:12,059 asyncbase.py iterate [line:73] INFO Receive new models from clients [15] at time 1926
2025-04-30 04:57:12,096 fedbase.py run [line:318] INFO --------------Round 246--------------
2025-04-30 04:57:12,097 simple_logger.py log_once [line:14] INFO Current_time:1926
2025-04-30 04:57:17,226 simple_logger.py log_once [line:28] INFO test_accuracy                 0.1959
2025-04-30 04:57:17,226 simple_logger.py log_once [line:28] INFO test_loss                     2.2239
2025-04-30 04:57:17,226 simple_logger.py log_once [line:28] INFO val_accuracy                  0.1889
2025-04-30 04:57:17,226 simple_logger.py log_once [line:28] INFO mean_val_accuracy             0.1889
2025-04-30 04:57:17,226 simple_logger.py log_once [line:28] INFO std_val_accuracy              0.0128
2025-04-30 04:57:17,227 simple_logger.py log_once [line:28] INFO val_loss                      2.2376
2025-04-30 04:57:17,227 simple_logger.py log_once [line:28] INFO mean_val_loss                 2.2375
2025-04-30 04:57:17,227 simple_logger.py log_once [line:28] INFO std_val_loss                  0.0151
2025-04-30 04:57:17,227 fedbase.py run [line:323] INFO expense           16373220.0
2025-04-30 04:57:17,227 fedbase.py run [line:324] INFO Eval Time Cost:               5.1301s
2025-04-30 04:57:17,227 asyncbase.py iterate [line:68] INFO Select clients [0, 1, 2, 3, 4, 5, 6, 7, 8, 9, 10, 11, 12, 13, 14, 15, 16, 17, 18, 19] at time 1927.
2025-04-30 04:57:57,088 asyncbase.py iterate [line:73] INFO Receive new models from clients [12, 19, 15, 1, 18, 3, 2, 8, 13, 5, 17, 7, 9, 16, 14, 4, 0] at time 1933
2025-04-30 04:57:57,089 asyncbase.py iterate [line:73] INFO Receive new models from clients [6, 10, 11] at time 1934
2025-04-30 04:57:57,127 fedbase.py run [line:318] INFO --------------Round 247--------------
2025-04-30 04:57:57,127 simple_logger.py log_once [line:14] INFO Current_time:1934
2025-04-30 04:58:02,271 simple_logger.py log_once [line:28] INFO test_accuracy                 0.1959
2025-04-30 04:58:02,272 simple_logger.py log_once [line:28] INFO test_loss                     2.2239
2025-04-30 04:58:02,272 simple_logger.py log_once [line:28] INFO val_accuracy                  0.1889
2025-04-30 04:58:02,272 simple_logger.py log_once [line:28] INFO mean_val_accuracy             0.1889
2025-04-30 04:58:02,272 simple_logger.py log_once [line:28] INFO std_val_accuracy              0.0128
2025-04-30 04:58:02,272 simple_logger.py log_once [line:28] INFO val_loss                      2.2376
2025-04-30 04:58:02,272 simple_logger.py log_once [line:28] INFO mean_val_loss                 2.2376
2025-04-30 04:58:02,272 simple_logger.py log_once [line:28] INFO std_val_loss                  0.0151
2025-04-30 04:58:02,272 fedbase.py run [line:323] INFO expense           16407620.0
2025-04-30 04:58:02,272 fedbase.py run [line:324] INFO Eval Time Cost:               5.1452s
2025-04-30 04:58:02,272 asyncbase.py iterate [line:68] INFO Select clients [0, 1, 2, 3, 4, 5, 6, 7, 8, 9, 10, 11, 12, 13, 14, 15, 16, 17, 18, 19] at time 1935.
2025-04-30 04:58:39,514 asyncbase.py iterate [line:73] INFO Receive new models from clients [10, 11, 1, 0, 2, 13, 9, 5, 4, 6, 17, 3, 16, 8, 12, 14, 19, 18, 15, 7] at time 1941
2025-04-30 04:58:39,554 fedbase.py run [line:318] INFO --------------Round 248--------------
2025-04-30 04:58:39,554 simple_logger.py log_once [line:14] INFO Current_time:1941
2025-04-30 04:58:44,691 simple_logger.py log_once [line:28] INFO test_accuracy                 0.1959
2025-04-30 04:58:44,691 simple_logger.py log_once [line:28] INFO test_loss                     2.2238
2025-04-30 04:58:44,691 simple_logger.py log_once [line:28] INFO val_accuracy                  0.1889
2025-04-30 04:58:44,692 simple_logger.py log_once [line:28] INFO mean_val_accuracy             0.1889
2025-04-30 04:58:44,692 simple_logger.py log_once [line:28] INFO std_val_accuracy              0.0128
2025-04-30 04:58:44,692 simple_logger.py log_once [line:28] INFO val_loss                      2.2376
2025-04-30 04:58:44,692 simple_logger.py log_once [line:28] INFO mean_val_loss                 2.2376
2025-04-30 04:58:44,692 simple_logger.py log_once [line:28] INFO std_val_loss                  0.0152
2025-04-30 04:58:44,692 fedbase.py run [line:323] INFO expense           16442020.0
2025-04-30 04:58:44,692 fedbase.py run [line:324] INFO Eval Time Cost:               5.1382s
2025-04-30 04:58:44,692 asyncbase.py iterate [line:68] INFO Select clients [0, 1, 2, 3, 4, 5, 6, 7, 8, 9, 10, 11, 12, 13, 14, 15, 16, 17, 18, 19] at time 1942.
2025-04-30 04:59:23,451 asyncbase.py iterate [line:73] INFO Receive new models from clients [5, 10, 11, 12, 18, 0, 15, 17, 14, 9, 4, 8, 19, 1, 13, 2, 16, 6] at time 1948
2025-04-30 04:59:23,451 asyncbase.py iterate [line:73] INFO Receive new models from clients [3, 7] at time 1949
2025-04-30 04:59:23,488 fedbase.py run [line:318] INFO --------------Round 249--------------
2025-04-30 04:59:23,488 simple_logger.py log_once [line:14] INFO Current_time:1949
2025-04-30 04:59:28,621 simple_logger.py log_once [line:28] INFO test_accuracy                 0.1959
2025-04-30 04:59:28,621 simple_logger.py log_once [line:28] INFO test_loss                     2.2238
2025-04-30 04:59:28,622 simple_logger.py log_once [line:28] INFO val_accuracy                  0.1889
2025-04-30 04:59:28,622 simple_logger.py log_once [line:28] INFO mean_val_accuracy             0.1889
2025-04-30 04:59:28,622 simple_logger.py log_once [line:28] INFO std_val_accuracy              0.0128
2025-04-30 04:59:28,622 simple_logger.py log_once [line:28] INFO val_loss                      2.2376
2025-04-30 04:59:28,622 simple_logger.py log_once [line:28] INFO mean_val_loss                 2.2376
2025-04-30 04:59:28,622 simple_logger.py log_once [line:28] INFO std_val_loss                  0.0152
2025-04-30 04:59:28,622 fedbase.py run [line:323] INFO expense           16476420.0
2025-04-30 04:59:28,622 fedbase.py run [line:324] INFO Eval Time Cost:               5.1339s
2025-04-30 04:59:28,622 asyncbase.py iterate [line:68] INFO Select clients [0, 1, 2, 3, 4, 5, 6, 7, 8, 9, 10, 11, 12, 13, 14, 15, 16, 17, 18, 19] at time 1950.
2025-04-30 05:00:08,197 asyncbase.py iterate [line:73] INFO Receive new models from clients [8, 1, 12, 11, 15, 4, 5, 0, 17, 16, 14, 18, 13, 6, 2, 3, 7] at time 1956
2025-04-30 05:00:08,197 asyncbase.py iterate [line:73] INFO Receive new models from clients [10, 19, 9] at time 1957
2025-04-30 05:00:08,234 fedbase.py run [line:318] INFO --------------Round 250--------------
2025-04-30 05:00:08,234 simple_logger.py log_once [line:14] INFO Current_time:1957
2025-04-30 05:00:13,490 simple_logger.py log_once [line:28] INFO test_accuracy                 0.1959
2025-04-30 05:00:13,490 simple_logger.py log_once [line:28] INFO test_loss                     2.2238
2025-04-30 05:00:13,490 simple_logger.py log_once [line:28] INFO val_accuracy                  0.1889
2025-04-30 05:00:13,490 simple_logger.py log_once [line:28] INFO mean_val_accuracy             0.1889
2025-04-30 05:00:13,490 simple_logger.py log_once [line:28] INFO std_val_accuracy              0.0128
2025-04-30 05:00:13,490 simple_logger.py log_once [line:28] INFO val_loss                      2.2376
2025-04-30 05:00:13,490 simple_logger.py log_once [line:28] INFO mean_val_loss                 2.2376
2025-04-30 05:00:13,490 simple_logger.py log_once [line:28] INFO std_val_loss                  0.0152
2025-04-30 05:00:13,491 fedbase.py run [line:323] INFO expense           16510820.0
2025-04-30 05:00:13,491 fedbase.py run [line:324] INFO Eval Time Cost:               5.2562s
2025-04-30 05:00:13,491 asyncbase.py iterate [line:68] INFO Select clients [0, 1, 2, 3, 4, 5, 6, 7, 8, 9, 10, 11, 12, 13, 14, 15, 16, 17, 18, 19] at time 1958.
2025-04-30 05:00:52,540 asyncbase.py iterate [line:73] INFO Receive new models from clients [8, 19, 12, 1, 15, 11, 2, 13, 5, 3, 6, 18, 7, 10, 0, 4, 9, 16, 14] at time 1964
2025-04-30 05:00:52,540 asyncbase.py iterate [line:73] INFO Receive new models from clients [17] at time 1965
2025-04-30 05:00:52,576 fedbase.py run [line:318] INFO --------------Round 251--------------
2025-04-30 05:00:52,576 simple_logger.py log_once [line:14] INFO Current_time:1965
2025-04-30 05:00:57,719 simple_logger.py log_once [line:28] INFO test_accuracy                 0.1959
2025-04-30 05:00:57,720 simple_logger.py log_once [line:28] INFO test_loss                     2.2238
2025-04-30 05:00:57,720 simple_logger.py log_once [line:28] INFO val_accuracy                  0.1889
2025-04-30 05:00:57,720 simple_logger.py log_once [line:28] INFO mean_val_accuracy             0.1889
2025-04-30 05:00:57,720 simple_logger.py log_once [line:28] INFO std_val_accuracy              0.0128
2025-04-30 05:00:57,720 simple_logger.py log_once [line:28] INFO val_loss                      2.2376
2025-04-30 05:00:57,720 simple_logger.py log_once [line:28] INFO mean_val_loss                 2.2376
2025-04-30 05:00:57,720 simple_logger.py log_once [line:28] INFO std_val_loss                  0.0151
2025-04-30 05:00:57,720 fedbase.py run [line:323] INFO expense           16545220.0
2025-04-30 05:00:57,720 fedbase.py run [line:324] INFO Eval Time Cost:               5.1442s
2025-04-30 05:00:57,720 asyncbase.py iterate [line:68] INFO Select clients [0, 1, 2, 3, 4, 5, 6, 7, 8, 9, 10, 11, 12, 13, 14, 15, 16, 17, 18, 19] at time 1966.
2025-04-30 05:01:36,678 asyncbase.py iterate [line:73] INFO Receive new models from clients [19, 2, 15, 9, 0, 4, 14, 6, 1, 7, 13, 16, 12, 3, 10, 17, 18, 11, 8] at time 1972
2025-04-30 05:01:36,679 asyncbase.py iterate [line:73] INFO Receive new models from clients [5] at time 1973
2025-04-30 05:01:36,715 fedbase.py run [line:318] INFO --------------Round 252--------------
2025-04-30 05:01:36,715 simple_logger.py log_once [line:14] INFO Current_time:1973
2025-04-30 05:01:41,849 simple_logger.py log_once [line:28] INFO test_accuracy                 0.1959
2025-04-30 05:01:41,849 simple_logger.py log_once [line:28] INFO test_loss                     2.2238
2025-04-30 05:01:41,849 simple_logger.py log_once [line:28] INFO val_accuracy                  0.1889
2025-04-30 05:01:41,849 simple_logger.py log_once [line:28] INFO mean_val_accuracy             0.1889
2025-04-30 05:01:41,849 simple_logger.py log_once [line:28] INFO std_val_accuracy              0.0128
2025-04-30 05:01:41,849 simple_logger.py log_once [line:28] INFO val_loss                      2.2376
2025-04-30 05:01:41,849 simple_logger.py log_once [line:28] INFO mean_val_loss                 2.2376
2025-04-30 05:01:41,849 simple_logger.py log_once [line:28] INFO std_val_loss                  0.0152
2025-04-30 05:01:41,849 fedbase.py run [line:323] INFO expense           16579620.0
2025-04-30 05:01:41,849 fedbase.py run [line:324] INFO Eval Time Cost:               5.1345s
2025-04-30 05:01:41,849 asyncbase.py iterate [line:68] INFO Select clients [0, 1, 2, 3, 4, 5, 6, 7, 8, 9, 10, 11, 12, 13, 14, 15, 16, 17, 18, 19] at time 1974.
2025-04-30 05:02:20,984 asyncbase.py iterate [line:73] INFO Receive new models from clients [5, 16, 6, 15, 9, 2, 8, 12, 17, 19, 10, 13, 0, 7, 11, 1] at time 1980
2025-04-30 05:02:20,984 asyncbase.py iterate [line:73] INFO Receive new models from clients [18, 4, 3, 14] at time 1981
2025-04-30 05:02:21,022 fedbase.py run [line:318] INFO --------------Round 253--------------
2025-04-30 05:02:21,022 simple_logger.py log_once [line:14] INFO Current_time:1981
2025-04-30 05:02:26,155 simple_logger.py log_once [line:28] INFO test_accuracy                 0.1959
2025-04-30 05:02:26,156 simple_logger.py log_once [line:28] INFO test_loss                     2.2239
2025-04-30 05:02:26,156 simple_logger.py log_once [line:28] INFO val_accuracy                  0.1889
2025-04-30 05:02:26,156 simple_logger.py log_once [line:28] INFO mean_val_accuracy             0.1889
2025-04-30 05:02:26,156 simple_logger.py log_once [line:28] INFO std_val_accuracy              0.0128
2025-04-30 05:02:26,156 simple_logger.py log_once [line:28] INFO val_loss                      2.2376
2025-04-30 05:02:26,156 simple_logger.py log_once [line:28] INFO mean_val_loss                 2.2376
2025-04-30 05:02:26,156 simple_logger.py log_once [line:28] INFO std_val_loss                  0.0152
2025-04-30 05:02:26,156 fedbase.py run [line:323] INFO expense           16614020.0
2025-04-30 05:02:26,156 fedbase.py run [line:324] INFO Eval Time Cost:               5.1344s
2025-04-30 05:02:26,156 asyncbase.py iterate [line:68] INFO Select clients [0, 1, 2, 3, 4, 5, 6, 7, 8, 9, 10, 11, 12, 13, 14, 15, 16, 17, 18, 19] at time 1982.
2025-04-30 05:03:05,163 asyncbase.py iterate [line:73] INFO Receive new models from clients [11, 0, 16, 6, 4, 7, 9, 5, 18, 1, 2, 19, 15, 8, 12, 17, 13] at time 1988
2025-04-30 05:03:05,163 asyncbase.py iterate [line:73] INFO Receive new models from clients [14, 3, 10] at time 1989
2025-04-30 05:03:05,203 fedbase.py run [line:318] INFO --------------Round 254--------------
2025-04-30 05:03:05,203 simple_logger.py log_once [line:14] INFO Current_time:1989
2025-04-30 05:03:10,305 simple_logger.py log_once [line:28] INFO test_accuracy                 0.1959
2025-04-30 05:03:10,306 simple_logger.py log_once [line:28] INFO test_loss                     2.2238
2025-04-30 05:03:10,306 simple_logger.py log_once [line:28] INFO val_accuracy                  0.1889
2025-04-30 05:03:10,306 simple_logger.py log_once [line:28] INFO mean_val_accuracy             0.1889
2025-04-30 05:03:10,306 simple_logger.py log_once [line:28] INFO std_val_accuracy              0.0128
2025-04-30 05:03:10,306 simple_logger.py log_once [line:28] INFO val_loss                      2.2376
2025-04-30 05:03:10,306 simple_logger.py log_once [line:28] INFO mean_val_loss                 2.2376
2025-04-30 05:03:10,306 simple_logger.py log_once [line:28] INFO std_val_loss                  0.0151
2025-04-30 05:03:10,306 fedbase.py run [line:323] INFO expense           16648420.0
2025-04-30 05:03:10,306 fedbase.py run [line:324] INFO Eval Time Cost:               5.1030s
2025-04-30 05:03:10,306 asyncbase.py iterate [line:68] INFO Select clients [0, 1, 2, 3, 4, 5, 6, 7, 8, 9, 10, 11, 12, 13, 14, 15, 16, 17, 18, 19] at time 1990.
2025-04-30 05:03:48,040 asyncbase.py iterate [line:73] INFO Receive new models from clients [8, 16, 14, 17, 19, 1, 7, 3, 12, 6, 2, 10, 18, 11, 13, 4, 0, 15] at time 1996
2025-04-30 05:03:48,040 asyncbase.py iterate [line:73] INFO Receive new models from clients [5, 9] at time 1997
2025-04-30 05:03:48,077 fedbase.py run [line:318] INFO --------------Round 255--------------
2025-04-30 05:03:48,077 simple_logger.py log_once [line:14] INFO Current_time:1997
2025-04-30 05:03:53,179 simple_logger.py log_once [line:28] INFO test_accuracy                 0.1959
2025-04-30 05:03:53,179 simple_logger.py log_once [line:28] INFO test_loss                     2.2239
2025-04-30 05:03:53,179 simple_logger.py log_once [line:28] INFO val_accuracy                  0.1889
2025-04-30 05:03:53,180 simple_logger.py log_once [line:28] INFO mean_val_accuracy             0.1889
2025-04-30 05:03:53,180 simple_logger.py log_once [line:28] INFO std_val_accuracy              0.0128
2025-04-30 05:03:53,180 simple_logger.py log_once [line:28] INFO val_loss                      2.2376
2025-04-30 05:03:53,180 simple_logger.py log_once [line:28] INFO mean_val_loss                 2.2376
2025-04-30 05:03:53,180 simple_logger.py log_once [line:28] INFO std_val_loss                  0.0151
2025-04-30 05:03:53,180 fedbase.py run [line:323] INFO expense           16682820.0
2025-04-30 05:03:53,180 fedbase.py run [line:324] INFO Eval Time Cost:               5.1031s
2025-04-30 05:03:53,180 asyncbase.py iterate [line:68] INFO Select clients [0, 1, 2, 3, 4, 5, 6, 7, 8, 9, 10, 11, 12, 13, 14, 15, 16, 17, 18, 19] at time 1998.
2025-04-30 05:04:31,477 asyncbase.py iterate [line:73] INFO Receive new models from clients [11, 3, 8, 17, 13, 9, 18, 6, 12, 7, 2, 5, 4, 0, 10, 1, 19, 15, 14] at time 2004
2025-04-30 05:04:31,478 asyncbase.py iterate [line:73] INFO Receive new models from clients [16] at time 2005
2025-04-30 05:04:31,515 fedbase.py run [line:318] INFO --------------Round 256--------------
2025-04-30 05:04:31,515 simple_logger.py log_once [line:14] INFO Current_time:2005
2025-04-30 05:04:36,629 simple_logger.py log_once [line:28] INFO test_accuracy                 0.1959
2025-04-30 05:04:36,629 simple_logger.py log_once [line:28] INFO test_loss                     2.2239
2025-04-30 05:04:36,629 simple_logger.py log_once [line:28] INFO val_accuracy                  0.1889
2025-04-30 05:04:36,629 simple_logger.py log_once [line:28] INFO mean_val_accuracy             0.1889
2025-04-30 05:04:36,629 simple_logger.py log_once [line:28] INFO std_val_accuracy              0.0128
2025-04-30 05:04:36,629 simple_logger.py log_once [line:28] INFO val_loss                      2.2376
2025-04-30 05:04:36,629 simple_logger.py log_once [line:28] INFO mean_val_loss                 2.2376
2025-04-30 05:04:36,629 simple_logger.py log_once [line:28] INFO std_val_loss                  0.0151
2025-04-30 05:04:36,629 fedbase.py run [line:323] INFO expense           16717220.0
2025-04-30 05:04:36,629 fedbase.py run [line:324] INFO Eval Time Cost:               5.1145s
2025-04-30 05:04:36,629 asyncbase.py iterate [line:68] INFO Select clients [0, 1, 2, 3, 4, 5, 6, 7, 8, 9, 10, 11, 12, 13, 14, 15, 16, 17, 18, 19] at time 2006.
2025-04-30 05:05:14,833 asyncbase.py iterate [line:73] INFO Receive new models from clients [12, 10, 18, 4, 15, 2, 19, 6, 13, 7, 16, 17, 0, 1, 11, 14, 8, 3, 5] at time 2012
2025-04-30 05:05:14,833 asyncbase.py iterate [line:73] INFO Receive new models from clients [9] at time 2013
2025-04-30 05:05:14,870 fedbase.py run [line:318] INFO --------------Round 257--------------
2025-04-30 05:05:14,870 simple_logger.py log_once [line:14] INFO Current_time:2013
2025-04-30 05:05:20,103 simple_logger.py log_once [line:28] INFO test_accuracy                 0.1959
2025-04-30 05:05:20,103 simple_logger.py log_once [line:28] INFO test_loss                     2.2239
2025-04-30 05:05:20,103 simple_logger.py log_once [line:28] INFO val_accuracy                  0.1889
2025-04-30 05:05:20,103 simple_logger.py log_once [line:28] INFO mean_val_accuracy             0.1889
2025-04-30 05:05:20,103 simple_logger.py log_once [line:28] INFO std_val_accuracy              0.0128
2025-04-30 05:05:20,104 simple_logger.py log_once [line:28] INFO val_loss                      2.2375
2025-04-30 05:05:20,104 simple_logger.py log_once [line:28] INFO mean_val_loss                 2.2375
2025-04-30 05:05:20,104 simple_logger.py log_once [line:28] INFO std_val_loss                  0.0151
2025-04-30 05:05:20,104 fedbase.py run [line:323] INFO expense           16751620.0
2025-04-30 05:05:20,104 fedbase.py run [line:324] INFO Eval Time Cost:               5.2338s
2025-04-30 05:05:20,104 asyncbase.py iterate [line:68] INFO Select clients [0, 1, 2, 3, 4, 5, 6, 7, 8, 9, 10, 11, 12, 13, 14, 15, 16, 17, 18, 19] at time 2014.
2025-04-30 05:05:58,919 asyncbase.py iterate [line:73] INFO Receive new models from clients [2, 6, 14, 11, 10, 7, 17, 12, 4, 3, 15, 9, 16, 19, 1, 8] at time 2020
2025-04-30 05:05:58,919 asyncbase.py iterate [line:73] INFO Receive new models from clients [5, 13, 18, 0] at time 2021
2025-04-30 05:05:58,954 fedbase.py run [line:318] INFO --------------Round 258--------------
2025-04-30 05:05:58,954 simple_logger.py log_once [line:14] INFO Current_time:2021
2025-04-30 05:06:04,065 simple_logger.py log_once [line:28] INFO test_accuracy                 0.1959
2025-04-30 05:06:04,065 simple_logger.py log_once [line:28] INFO test_loss                     2.2239
2025-04-30 05:06:04,065 simple_logger.py log_once [line:28] INFO val_accuracy                  0.1889
2025-04-30 05:06:04,065 simple_logger.py log_once [line:28] INFO mean_val_accuracy             0.1889
2025-04-30 05:06:04,065 simple_logger.py log_once [line:28] INFO std_val_accuracy              0.0128
2025-04-30 05:06:04,065 simple_logger.py log_once [line:28] INFO val_loss                      2.2376
2025-04-30 05:06:04,065 simple_logger.py log_once [line:28] INFO mean_val_loss                 2.2376
2025-04-30 05:06:04,065 simple_logger.py log_once [line:28] INFO std_val_loss                  0.0151
2025-04-30 05:06:04,065 fedbase.py run [line:323] INFO expense           16786020.0
2025-04-30 05:06:04,065 fedbase.py run [line:324] INFO Eval Time Cost:               5.1110s
2025-04-30 05:06:04,065 asyncbase.py iterate [line:68] INFO Select clients [0, 1, 2, 3, 4, 5, 6, 7, 8, 9, 10, 11, 12, 13, 14, 15, 16, 17, 18, 19] at time 2022.
2025-04-30 05:06:42,936 asyncbase.py iterate [line:73] INFO Receive new models from clients [3, 2, 16, 10, 11, 13, 0, 6, 8, 1, 9, 4, 18, 15, 17, 5, 14, 19, 7] at time 2028
2025-04-30 05:06:42,937 asyncbase.py iterate [line:73] INFO Receive new models from clients [12] at time 2029
2025-04-30 05:06:42,973 fedbase.py run [line:318] INFO --------------Round 259--------------
2025-04-30 05:06:42,973 simple_logger.py log_once [line:14] INFO Current_time:2029
2025-04-30 05:06:48,066 simple_logger.py log_once [line:28] INFO test_accuracy                 0.1959
2025-04-30 05:06:48,066 simple_logger.py log_once [line:28] INFO test_loss                     2.2239
2025-04-30 05:06:48,067 simple_logger.py log_once [line:28] INFO val_accuracy                  0.1889
2025-04-30 05:06:48,067 simple_logger.py log_once [line:28] INFO mean_val_accuracy             0.1889
2025-04-30 05:06:48,067 simple_logger.py log_once [line:28] INFO std_val_accuracy              0.0128
2025-04-30 05:06:48,067 simple_logger.py log_once [line:28] INFO val_loss                      2.2376
2025-04-30 05:06:48,067 simple_logger.py log_once [line:28] INFO mean_val_loss                 2.2376
2025-04-30 05:06:48,067 simple_logger.py log_once [line:28] INFO std_val_loss                  0.0151
2025-04-30 05:06:48,067 fedbase.py run [line:323] INFO expense           16820420.0
2025-04-30 05:06:48,067 fedbase.py run [line:324] INFO Eval Time Cost:               5.0934s
2025-04-30 05:06:48,067 asyncbase.py iterate [line:68] INFO Select clients [0, 1, 2, 3, 4, 5, 6, 7, 8, 9, 10, 11, 12, 13, 14, 15, 16, 17, 18, 19] at time 2030.
2025-04-30 05:07:26,754 asyncbase.py iterate [line:73] INFO Receive new models from clients [13, 19, 8, 18, 6, 17, 15, 3, 16, 14, 11, 7, 5, 1, 9, 2, 4] at time 2036
2025-04-30 05:07:26,754 asyncbase.py iterate [line:73] INFO Receive new models from clients [10, 0, 12] at time 2037
2025-04-30 05:07:26,792 fedbase.py run [line:318] INFO --------------Round 260--------------
2025-04-30 05:07:26,792 simple_logger.py log_once [line:14] INFO Current_time:2037
2025-04-30 05:07:31,895 simple_logger.py log_once [line:28] INFO test_accuracy                 0.1959
2025-04-30 05:07:31,895 simple_logger.py log_once [line:28] INFO test_loss                     2.2238
2025-04-30 05:07:31,895 simple_logger.py log_once [line:28] INFO val_accuracy                  0.1889
2025-04-30 05:07:31,895 simple_logger.py log_once [line:28] INFO mean_val_accuracy             0.1889
2025-04-30 05:07:31,895 simple_logger.py log_once [line:28] INFO std_val_accuracy              0.0128
2025-04-30 05:07:31,895 simple_logger.py log_once [line:28] INFO val_loss                      2.2376
2025-04-30 05:07:31,895 simple_logger.py log_once [line:28] INFO mean_val_loss                 2.2376
2025-04-30 05:07:31,895 simple_logger.py log_once [line:28] INFO std_val_loss                  0.0151
2025-04-30 05:07:31,895 fedbase.py run [line:323] INFO expense           16854820.0
2025-04-30 05:07:31,895 fedbase.py run [line:324] INFO Eval Time Cost:               5.1033s
2025-04-30 05:07:31,895 asyncbase.py iterate [line:68] INFO Select clients [0, 1, 2, 3, 4, 5, 6, 7, 8, 9, 10, 11, 12, 13, 14, 15, 16, 17, 18, 19] at time 2038.
2025-04-30 05:08:10,188 asyncbase.py iterate [line:73] INFO Receive new models from clients [2, 18, 14, 1, 15, 0, 8, 11, 5, 4, 16, 12, 7, 13, 17, 19, 6, 9, 10] at time 2044
2025-04-30 05:08:10,188 asyncbase.py iterate [line:73] INFO Receive new models from clients [3] at time 2045
2025-04-30 05:08:10,224 fedbase.py run [line:318] INFO --------------Round 261--------------
2025-04-30 05:08:10,224 simple_logger.py log_once [line:14] INFO Current_time:2045
2025-04-30 05:08:15,407 simple_logger.py log_once [line:28] INFO test_accuracy                 0.1959
2025-04-30 05:08:15,407 simple_logger.py log_once [line:28] INFO test_loss                     2.2239
2025-04-30 05:08:15,408 simple_logger.py log_once [line:28] INFO val_accuracy                  0.1889
2025-04-30 05:08:15,408 simple_logger.py log_once [line:28] INFO mean_val_accuracy             0.1889
2025-04-30 05:08:15,408 simple_logger.py log_once [line:28] INFO std_val_accuracy              0.0128
2025-04-30 05:08:15,408 simple_logger.py log_once [line:28] INFO val_loss                      2.2376
2025-04-30 05:08:15,408 simple_logger.py log_once [line:28] INFO mean_val_loss                 2.2376
2025-04-30 05:08:15,408 simple_logger.py log_once [line:28] INFO std_val_loss                  0.0151
2025-04-30 05:08:15,408 fedbase.py run [line:323] INFO expense           16889220.0
2025-04-30 05:08:15,408 fedbase.py run [line:324] INFO Eval Time Cost:               5.1836s
2025-04-30 05:08:15,408 asyncbase.py iterate [line:68] INFO Select clients [0, 1, 2, 3, 4, 5, 6, 7, 8, 9, 10, 11, 12, 13, 14, 15, 16, 17, 18, 19] at time 2046.
2025-04-30 05:08:53,673 asyncbase.py iterate [line:73] INFO Receive new models from clients [9, 15, 5, 7, 19, 4, 6, 10, 1, 12, 3, 8, 13, 0, 18, 17, 2, 11, 16] at time 2052
2025-04-30 05:08:53,673 asyncbase.py iterate [line:73] INFO Receive new models from clients [14] at time 2053
2025-04-30 05:08:53,709 fedbase.py run [line:318] INFO --------------Round 262--------------
2025-04-30 05:08:53,709 simple_logger.py log_once [line:14] INFO Current_time:2053
2025-04-30 05:08:58,836 simple_logger.py log_once [line:28] INFO test_accuracy                 0.1959
2025-04-30 05:08:58,837 simple_logger.py log_once [line:28] INFO test_loss                     2.2238
2025-04-30 05:08:58,837 simple_logger.py log_once [line:28] INFO val_accuracy                  0.1889
2025-04-30 05:08:58,837 simple_logger.py log_once [line:28] INFO mean_val_accuracy             0.1889
2025-04-30 05:08:58,837 simple_logger.py log_once [line:28] INFO std_val_accuracy              0.0128
2025-04-30 05:08:58,837 simple_logger.py log_once [line:28] INFO val_loss                      2.2376
2025-04-30 05:08:58,837 simple_logger.py log_once [line:28] INFO mean_val_loss                 2.2376
2025-04-30 05:08:58,837 simple_logger.py log_once [line:28] INFO std_val_loss                  0.0151
2025-04-30 05:08:58,837 fedbase.py run [line:323] INFO expense           16923620.0
2025-04-30 05:08:58,837 fedbase.py run [line:324] INFO Eval Time Cost:               5.1282s
2025-04-30 05:08:58,837 asyncbase.py iterate [line:68] INFO Select clients [0, 1, 2, 3, 4, 5, 6, 7, 8, 9, 10, 11, 12, 13, 14, 15, 16, 17, 18, 19] at time 2054.
2025-04-30 05:09:37,785 asyncbase.py iterate [line:73] INFO Receive new models from clients [8, 5, 2, 16, 4, 9, 18, 1, 0, 15, 14, 12, 17, 11, 6, 3, 13, 7] at time 2060
2025-04-30 05:09:37,786 asyncbase.py iterate [line:73] INFO Receive new models from clients [19, 10] at time 2061
2025-04-30 05:09:37,822 fedbase.py run [line:318] INFO --------------Round 263--------------
2025-04-30 05:09:37,823 simple_logger.py log_once [line:14] INFO Current_time:2061
2025-04-30 05:09:42,902 simple_logger.py log_once [line:28] INFO test_accuracy                 0.1959
2025-04-30 05:09:42,902 simple_logger.py log_once [line:28] INFO test_loss                     2.2238
2025-04-30 05:09:42,902 simple_logger.py log_once [line:28] INFO val_accuracy                  0.1889
2025-04-30 05:09:42,903 simple_logger.py log_once [line:28] INFO mean_val_accuracy             0.1889
2025-04-30 05:09:42,903 simple_logger.py log_once [line:28] INFO std_val_accuracy              0.0128
2025-04-30 05:09:42,903 simple_logger.py log_once [line:28] INFO val_loss                      2.2376
2025-04-30 05:09:42,903 simple_logger.py log_once [line:28] INFO mean_val_loss                 2.2376
2025-04-30 05:09:42,903 simple_logger.py log_once [line:28] INFO std_val_loss                  0.0151
2025-04-30 05:09:42,903 fedbase.py run [line:323] INFO expense           16958020.0
2025-04-30 05:09:42,903 fedbase.py run [line:324] INFO Eval Time Cost:               5.0803s
2025-04-30 05:09:42,903 asyncbase.py iterate [line:68] INFO Select clients [0, 1, 2, 3, 4, 5, 6, 7, 8, 9, 10, 11, 12, 13, 14, 15, 16, 17, 18, 19] at time 2062.
2025-04-30 05:10:22,127 asyncbase.py iterate [line:73] INFO Receive new models from clients [0, 17, 19, 13, 10, 5, 2, 11, 15, 3, 18, 1, 4, 9, 6, 16, 7] at time 2068
2025-04-30 05:10:22,127 asyncbase.py iterate [line:73] INFO Receive new models from clients [14, 12, 8] at time 2069
2025-04-30 05:10:22,164 fedbase.py run [line:318] INFO --------------Round 264--------------
2025-04-30 05:10:22,164 simple_logger.py log_once [line:14] INFO Current_time:2069
2025-04-30 05:10:27,283 simple_logger.py log_once [line:28] INFO test_accuracy                 0.1959
2025-04-30 05:10:27,284 simple_logger.py log_once [line:28] INFO test_loss                     2.2238
2025-04-30 05:10:27,284 simple_logger.py log_once [line:28] INFO val_accuracy                  0.1889
2025-04-30 05:10:27,284 simple_logger.py log_once [line:28] INFO mean_val_accuracy             0.1889
2025-04-30 05:10:27,284 simple_logger.py log_once [line:28] INFO std_val_accuracy              0.0128
2025-04-30 05:10:27,285 simple_logger.py log_once [line:28] INFO val_loss                      2.2376
2025-04-30 05:10:27,285 simple_logger.py log_once [line:28] INFO mean_val_loss                 2.2376
2025-04-30 05:10:27,285 simple_logger.py log_once [line:28] INFO std_val_loss                  0.0152
2025-04-30 05:10:27,285 fedbase.py run [line:323] INFO expense           16992420.0
2025-04-30 05:10:27,285 fedbase.py run [line:324] INFO Eval Time Cost:               5.1208s
2025-04-30 05:10:27,285 asyncbase.py iterate [line:68] INFO Select clients [0, 1, 2, 3, 4, 5, 6, 7, 8, 9, 10, 11, 12, 13, 14, 15, 16, 17, 18, 19] at time 2070.
2025-04-30 05:11:07,097 asyncbase.py iterate [line:73] INFO Receive new models from clients [7, 4, 1, 12, 17, 18, 16, 9, 19, 13, 15, 5, 8, 0, 10, 11, 2, 6, 3] at time 2076
2025-04-30 05:11:07,097 asyncbase.py iterate [line:73] INFO Receive new models from clients [14] at time 2077
2025-04-30 05:11:07,133 fedbase.py run [line:318] INFO --------------Round 265--------------
2025-04-30 05:11:07,133 simple_logger.py log_once [line:14] INFO Current_time:2077
2025-04-30 05:11:12,270 simple_logger.py log_once [line:28] INFO test_accuracy                 0.1959
2025-04-30 05:11:12,270 simple_logger.py log_once [line:28] INFO test_loss                     2.2239
2025-04-30 05:11:12,270 simple_logger.py log_once [line:28] INFO val_accuracy                  0.1889
2025-04-30 05:11:12,270 simple_logger.py log_once [line:28] INFO mean_val_accuracy             0.1889
2025-04-30 05:11:12,270 simple_logger.py log_once [line:28] INFO std_val_accuracy              0.0128
2025-04-30 05:11:12,270 simple_logger.py log_once [line:28] INFO val_loss                      2.2376
2025-04-30 05:11:12,270 simple_logger.py log_once [line:28] INFO mean_val_loss                 2.2376
2025-04-30 05:11:12,270 simple_logger.py log_once [line:28] INFO std_val_loss                  0.0151
2025-04-30 05:11:12,270 fedbase.py run [line:323] INFO expense           17026820.0
2025-04-30 05:11:12,270 fedbase.py run [line:324] INFO Eval Time Cost:               5.1373s
2025-04-30 05:11:12,271 asyncbase.py iterate [line:68] INFO Select clients [0, 1, 2, 3, 4, 5, 6, 7, 8, 9, 10, 11, 12, 13, 14, 15, 16, 17, 18, 19] at time 2078.
2025-04-30 05:11:50,722 asyncbase.py iterate [line:73] INFO Receive new models from clients [0, 15, 5, 6, 8, 17, 7, 14, 19, 1, 12, 11, 18, 4, 13, 16, 3, 9] at time 2084
2025-04-30 05:11:50,722 asyncbase.py iterate [line:73] INFO Receive new models from clients [2, 10] at time 2085
2025-04-30 05:11:50,760 fedbase.py run [line:318] INFO --------------Round 266--------------
2025-04-30 05:11:50,760 simple_logger.py log_once [line:14] INFO Current_time:2085
2025-04-30 05:11:55,874 simple_logger.py log_once [line:28] INFO test_accuracy                 0.1959
2025-04-30 05:11:55,874 simple_logger.py log_once [line:28] INFO test_loss                     2.2239
2025-04-30 05:11:55,874 simple_logger.py log_once [line:28] INFO val_accuracy                  0.1889
2025-04-30 05:11:55,874 simple_logger.py log_once [line:28] INFO mean_val_accuracy             0.1889
2025-04-30 05:11:55,874 simple_logger.py log_once [line:28] INFO std_val_accuracy              0.0128
2025-04-30 05:11:55,874 simple_logger.py log_once [line:28] INFO val_loss                      2.2376
2025-04-30 05:11:55,874 simple_logger.py log_once [line:28] INFO mean_val_loss                 2.2376
2025-04-30 05:11:55,874 simple_logger.py log_once [line:28] INFO std_val_loss                  0.0151
2025-04-30 05:11:55,874 fedbase.py run [line:323] INFO expense           17061220.0
2025-04-30 05:11:55,874 fedbase.py run [line:324] INFO Eval Time Cost:               5.1144s
2025-04-30 05:11:55,874 asyncbase.py iterate [line:68] INFO Select clients [0, 1, 2, 3, 4, 5, 6, 7, 8, 9, 10, 11, 12, 13, 14, 15, 16, 17, 18, 19] at time 2086.
2025-04-30 05:12:34,381 asyncbase.py iterate [line:73] INFO Receive new models from clients [18, 13, 15, 7, 1, 4, 6, 9, 16, 12, 0, 3, 19, 11, 5, 17, 14, 10] at time 2092
2025-04-30 05:12:34,381 asyncbase.py iterate [line:73] INFO Receive new models from clients [2, 8] at time 2093
2025-04-30 05:12:34,418 fedbase.py run [line:318] INFO --------------Round 267--------------
2025-04-30 05:12:34,418 simple_logger.py log_once [line:14] INFO Current_time:2093
2025-04-30 05:12:39,552 simple_logger.py log_once [line:28] INFO test_accuracy                 0.1959
2025-04-30 05:12:39,552 simple_logger.py log_once [line:28] INFO test_loss                     2.2239
2025-04-30 05:12:39,552 simple_logger.py log_once [line:28] INFO val_accuracy                  0.1889
2025-04-30 05:12:39,552 simple_logger.py log_once [line:28] INFO mean_val_accuracy             0.1889
2025-04-30 05:12:39,552 simple_logger.py log_once [line:28] INFO std_val_accuracy              0.0128
2025-04-30 05:12:39,552 simple_logger.py log_once [line:28] INFO val_loss                      2.2375
2025-04-30 05:12:39,552 simple_logger.py log_once [line:28] INFO mean_val_loss                 2.2375
2025-04-30 05:12:39,552 simple_logger.py log_once [line:28] INFO std_val_loss                  0.0151
2025-04-30 05:12:39,552 fedbase.py run [line:323] INFO expense           17095620.0
2025-04-30 05:12:39,552 fedbase.py run [line:324] INFO Eval Time Cost:               5.1342s
2025-04-30 05:12:39,553 asyncbase.py iterate [line:68] INFO Select clients [0, 1, 2, 3, 4, 5, 6, 7, 8, 9, 10, 11, 12, 13, 14, 15, 16, 17, 18, 19] at time 2094.
2025-04-30 05:13:16,592 asyncbase.py iterate [line:73] INFO Receive new models from clients [12, 14, 16, 3, 18, 4, 2, 15, 1, 10, 13, 19, 0, 6, 17, 8, 5, 7] at time 2100
2025-04-30 05:13:16,592 asyncbase.py iterate [line:73] INFO Receive new models from clients [9, 11] at time 2101
2025-04-30 05:13:16,629 fedbase.py run [line:318] INFO --------------Round 268--------------
2025-04-30 05:13:16,629 simple_logger.py log_once [line:14] INFO Current_time:2101
2025-04-30 05:13:21,792 simple_logger.py log_once [line:28] INFO test_accuracy                 0.1959
2025-04-30 05:13:21,792 simple_logger.py log_once [line:28] INFO test_loss                     2.2238
2025-04-30 05:13:21,792 simple_logger.py log_once [line:28] INFO val_accuracy                  0.1889
2025-04-30 05:13:21,792 simple_logger.py log_once [line:28] INFO mean_val_accuracy             0.1889
2025-04-30 05:13:21,792 simple_logger.py log_once [line:28] INFO std_val_accuracy              0.0128
2025-04-30 05:13:21,792 simple_logger.py log_once [line:28] INFO val_loss                      2.2376
2025-04-30 05:13:21,792 simple_logger.py log_once [line:28] INFO mean_val_loss                 2.2376
2025-04-30 05:13:21,792 simple_logger.py log_once [line:28] INFO std_val_loss                  0.0151
2025-04-30 05:13:21,792 fedbase.py run [line:323] INFO expense           17130020.0
2025-04-30 05:13:21,793 fedbase.py run [line:324] INFO Eval Time Cost:               5.1636s
2025-04-30 05:13:21,793 asyncbase.py iterate [line:68] INFO Select clients [0, 1, 2, 3, 4, 5, 6, 7, 8, 9, 10, 11, 12, 13, 14, 15, 16, 17, 18, 19] at time 2102.
2025-04-30 05:14:01,894 asyncbase.py iterate [line:73] INFO Receive new models from clients [16, 5, 0, 11, 15, 12, 1, 6, 8, 7, 3, 4, 19, 13, 17] at time 2108
2025-04-30 05:14:01,895 asyncbase.py iterate [line:73] INFO Receive new models from clients [9, 10, 14, 2, 18] at time 2109
2025-04-30 05:14:01,931 fedbase.py run [line:318] INFO --------------Round 269--------------
2025-04-30 05:14:01,931 simple_logger.py log_once [line:14] INFO Current_time:2109
2025-04-30 05:14:07,101 simple_logger.py log_once [line:28] INFO test_accuracy                 0.1959
2025-04-30 05:14:07,101 simple_logger.py log_once [line:28] INFO test_loss                     2.2238
2025-04-30 05:14:07,101 simple_logger.py log_once [line:28] INFO val_accuracy                  0.1889
2025-04-30 05:14:07,101 simple_logger.py log_once [line:28] INFO mean_val_accuracy             0.1889
2025-04-30 05:14:07,101 simple_logger.py log_once [line:28] INFO std_val_accuracy              0.0128
2025-04-30 05:14:07,101 simple_logger.py log_once [line:28] INFO val_loss                      2.2376
2025-04-30 05:14:07,101 simple_logger.py log_once [line:28] INFO mean_val_loss                 2.2376
2025-04-30 05:14:07,101 simple_logger.py log_once [line:28] INFO std_val_loss                  0.0151
2025-04-30 05:14:07,101 fedbase.py run [line:323] INFO expense           17164420.0
2025-04-30 05:14:07,101 fedbase.py run [line:324] INFO Eval Time Cost:               5.1703s
2025-04-30 05:14:07,101 asyncbase.py iterate [line:68] INFO Select clients [0, 1, 2, 3, 4, 5, 6, 7, 8, 9, 10, 11, 12, 13, 14, 15, 16, 17, 18, 19] at time 2110.
2025-04-30 05:14:45,991 asyncbase.py iterate [line:73] INFO Receive new models from clients [14, 0, 4, 15, 17, 11, 5, 7, 6, 10, 16, 12, 9, 1, 2, 19, 3, 18] at time 2116
2025-04-30 05:14:45,992 asyncbase.py iterate [line:73] INFO Receive new models from clients [13, 8] at time 2117
2025-04-30 05:14:46,029 fedbase.py run [line:318] INFO --------------Round 270--------------
2025-04-30 05:14:46,029 simple_logger.py log_once [line:14] INFO Current_time:2117
2025-04-30 05:14:51,274 simple_logger.py log_once [line:28] INFO test_accuracy                 0.1959
2025-04-30 05:14:51,274 simple_logger.py log_once [line:28] INFO test_loss                     2.2238
2025-04-30 05:14:51,274 simple_logger.py log_once [line:28] INFO val_accuracy                  0.1889
2025-04-30 05:14:51,274 simple_logger.py log_once [line:28] INFO mean_val_accuracy             0.1889
2025-04-30 05:14:51,274 simple_logger.py log_once [line:28] INFO std_val_accuracy              0.0128
2025-04-30 05:14:51,274 simple_logger.py log_once [line:28] INFO val_loss                      2.2376
2025-04-30 05:14:51,274 simple_logger.py log_once [line:28] INFO mean_val_loss                 2.2376
2025-04-30 05:14:51,274 simple_logger.py log_once [line:28] INFO std_val_loss                  0.0151
2025-04-30 05:14:51,274 fedbase.py run [line:323] INFO expense           17198820.0
2025-04-30 05:14:51,274 fedbase.py run [line:324] INFO Eval Time Cost:               5.2447s
2025-04-30 05:14:51,274 asyncbase.py iterate [line:68] INFO Select clients [0, 1, 2, 3, 4, 5, 6, 7, 8, 9, 10, 11, 12, 13, 14, 15, 16, 17, 18, 19] at time 2118.
2025-04-30 05:15:33,065 asyncbase.py iterate [line:73] INFO Receive new models from clients [7, 8, 19, 16, 0, 15, 6, 12, 18, 1, 5, 11, 14, 17, 9, 10, 4] at time 2124
2025-04-30 05:15:33,065 asyncbase.py iterate [line:73] INFO Receive new models from clients [13, 3, 2] at time 2125
2025-04-30 05:15:33,128 fedbase.py run [line:318] INFO --------------Round 271--------------
2025-04-30 05:15:33,128 simple_logger.py log_once [line:14] INFO Current_time:2125
2025-04-30 05:15:38,578 simple_logger.py log_once [line:28] INFO test_accuracy                 0.1959
2025-04-30 05:15:38,578 simple_logger.py log_once [line:28] INFO test_loss                     2.2238
2025-04-30 05:15:38,578 simple_logger.py log_once [line:28] INFO val_accuracy                  0.1889
2025-04-30 05:15:38,578 simple_logger.py log_once [line:28] INFO mean_val_accuracy             0.1889
2025-04-30 05:15:38,578 simple_logger.py log_once [line:28] INFO std_val_accuracy              0.0128
2025-04-30 05:15:38,578 simple_logger.py log_once [line:28] INFO val_loss                      2.2376
2025-04-30 05:15:38,579 simple_logger.py log_once [line:28] INFO mean_val_loss                 2.2376
2025-04-30 05:15:38,579 simple_logger.py log_once [line:28] INFO std_val_loss                  0.0151
2025-04-30 05:15:38,579 fedbase.py run [line:323] INFO expense           17233220.0
2025-04-30 05:15:38,579 fedbase.py run [line:324] INFO Eval Time Cost:               5.4503s
2025-04-30 05:15:38,579 asyncbase.py iterate [line:68] INFO Select clients [0, 1, 2, 3, 4, 5, 6, 7, 8, 9, 10, 11, 12, 13, 14, 15, 16, 17, 18, 19] at time 2126.
2025-04-30 05:16:17,306 asyncbase.py iterate [line:73] INFO Receive new models from clients [17, 10, 3, 8, 5, 7, 13, 16, 11, 9, 1, 4, 15, 19, 6, 0, 14, 2] at time 2132
2025-04-30 05:16:17,306 asyncbase.py iterate [line:73] INFO Receive new models from clients [12, 18] at time 2133
2025-04-30 05:16:17,342 fedbase.py run [line:318] INFO --------------Round 272--------------
2025-04-30 05:16:17,342 simple_logger.py log_once [line:14] INFO Current_time:2133
2025-04-30 05:16:22,418 simple_logger.py log_once [line:28] INFO test_accuracy                 0.1959
2025-04-30 05:16:22,418 simple_logger.py log_once [line:28] INFO test_loss                     2.2238
2025-04-30 05:16:22,418 simple_logger.py log_once [line:28] INFO val_accuracy                  0.1889
2025-04-30 05:16:22,418 simple_logger.py log_once [line:28] INFO mean_val_accuracy             0.1889
2025-04-30 05:16:22,418 simple_logger.py log_once [line:28] INFO std_val_accuracy              0.0128
2025-04-30 05:16:22,418 simple_logger.py log_once [line:28] INFO val_loss                      2.2376
2025-04-30 05:16:22,418 simple_logger.py log_once [line:28] INFO mean_val_loss                 2.2376
2025-04-30 05:16:22,418 simple_logger.py log_once [line:28] INFO std_val_loss                  0.0152
2025-04-30 05:16:22,419 fedbase.py run [line:323] INFO expense           17267620.0
2025-04-30 05:16:22,419 fedbase.py run [line:324] INFO Eval Time Cost:               5.0762s
2025-04-30 05:16:22,419 asyncbase.py iterate [line:68] INFO Select clients [0, 1, 2, 3, 4, 5, 6, 7, 8, 9, 10, 11, 12, 13, 14, 15, 16, 17, 18, 19] at time 2134.
2025-04-30 05:17:00,968 asyncbase.py iterate [line:73] INFO Receive new models from clients [3, 15, 13, 18, 19, 0, 8, 10, 7, 1, 14, 6, 5, 17, 16, 4, 12, 9, 11] at time 2140
2025-04-30 05:17:00,968 asyncbase.py iterate [line:73] INFO Receive new models from clients [2] at time 2141
2025-04-30 05:17:01,006 fedbase.py run [line:318] INFO --------------Round 273--------------
2025-04-30 05:17:01,006 simple_logger.py log_once [line:14] INFO Current_time:2141
2025-04-30 05:17:06,142 simple_logger.py log_once [line:28] INFO test_accuracy                 0.1959
2025-04-30 05:17:06,142 simple_logger.py log_once [line:28] INFO test_loss                     2.2239
2025-04-30 05:17:06,142 simple_logger.py log_once [line:28] INFO val_accuracy                  0.1889
2025-04-30 05:17:06,142 simple_logger.py log_once [line:28] INFO mean_val_accuracy             0.1889
2025-04-30 05:17:06,142 simple_logger.py log_once [line:28] INFO std_val_accuracy              0.0128
2025-04-30 05:17:06,142 simple_logger.py log_once [line:28] INFO val_loss                      2.2376
2025-04-30 05:17:06,142 simple_logger.py log_once [line:28] INFO mean_val_loss                 2.2376
2025-04-30 05:17:06,143 simple_logger.py log_once [line:28] INFO std_val_loss                  0.0151
2025-04-30 05:17:06,143 fedbase.py run [line:323] INFO expense           17302020.0
2025-04-30 05:17:06,143 fedbase.py run [line:324] INFO Eval Time Cost:               5.1363s
2025-04-30 05:17:06,143 asyncbase.py iterate [line:68] INFO Select clients [0, 1, 2, 3, 4, 5, 6, 7, 8, 9, 10, 11, 12, 13, 14, 15, 16, 17, 18, 19] at time 2142.
2025-04-30 05:17:45,684 asyncbase.py iterate [line:73] INFO Receive new models from clients [1, 16, 11, 9, 18, 15, 12, 19, 14, 7, 3, 8, 0, 6, 17, 5] at time 2148
2025-04-30 05:17:45,684 asyncbase.py iterate [line:73] INFO Receive new models from clients [13, 4, 2, 10] at time 2149
2025-04-30 05:17:45,721 fedbase.py run [line:318] INFO --------------Round 274--------------
2025-04-30 05:17:45,721 simple_logger.py log_once [line:14] INFO Current_time:2149
2025-04-30 05:17:50,880 simple_logger.py log_once [line:28] INFO test_accuracy                 0.1959
2025-04-30 05:17:50,880 simple_logger.py log_once [line:28] INFO test_loss                     2.2239
2025-04-30 05:17:50,880 simple_logger.py log_once [line:28] INFO val_accuracy                  0.1889
2025-04-30 05:17:50,880 simple_logger.py log_once [line:28] INFO mean_val_accuracy             0.1889
2025-04-30 05:17:50,880 simple_logger.py log_once [line:28] INFO std_val_accuracy              0.0128
2025-04-30 05:17:50,880 simple_logger.py log_once [line:28] INFO val_loss                      2.2376
2025-04-30 05:17:50,880 simple_logger.py log_once [line:28] INFO mean_val_loss                 2.2376
2025-04-30 05:17:50,880 simple_logger.py log_once [line:28] INFO std_val_loss                  0.0151
2025-04-30 05:17:50,880 fedbase.py run [line:323] INFO expense           17336420.0
2025-04-30 05:17:50,881 fedbase.py run [line:324] INFO Eval Time Cost:               5.1593s
2025-04-30 05:17:50,881 asyncbase.py iterate [line:68] INFO Select clients [0, 1, 2, 3, 4, 5, 6, 7, 8, 9, 10, 11, 12, 13, 14, 15, 16, 17, 18, 19] at time 2150.
2025-04-30 05:18:28,103 asyncbase.py iterate [line:73] INFO Receive new models from clients [1, 0, 19, 8, 6, 2, 11, 9, 7, 17, 13, 15, 16, 18, 12, 10, 4, 3] at time 2156
2025-04-30 05:18:28,103 asyncbase.py iterate [line:73] INFO Receive new models from clients [14, 5] at time 2157
2025-04-30 05:18:28,139 fedbase.py run [line:318] INFO --------------Round 275--------------
2025-04-30 05:18:28,139 simple_logger.py log_once [line:14] INFO Current_time:2157
2025-04-30 05:18:33,250 simple_logger.py log_once [line:28] INFO test_accuracy                 0.1959
2025-04-30 05:18:33,250 simple_logger.py log_once [line:28] INFO test_loss                     2.2238
2025-04-30 05:18:33,250 simple_logger.py log_once [line:28] INFO val_accuracy                  0.1889
2025-04-30 05:18:33,250 simple_logger.py log_once [line:28] INFO mean_val_accuracy             0.1889
2025-04-30 05:18:33,250 simple_logger.py log_once [line:28] INFO std_val_accuracy              0.0128
2025-04-30 05:18:33,250 simple_logger.py log_once [line:28] INFO val_loss                      2.2376
2025-04-30 05:18:33,250 simple_logger.py log_once [line:28] INFO mean_val_loss                 2.2376
2025-04-30 05:18:33,250 simple_logger.py log_once [line:28] INFO std_val_loss                  0.0151
2025-04-30 05:18:33,250 fedbase.py run [line:323] INFO expense           17370820.0
2025-04-30 05:18:33,250 fedbase.py run [line:324] INFO Eval Time Cost:               5.1116s
2025-04-30 05:18:33,250 asyncbase.py iterate [line:68] INFO Select clients [0, 1, 2, 3, 4, 5, 6, 7, 8, 9, 10, 11, 12, 13, 14, 15, 16, 17, 18, 19] at time 2158.
2025-04-30 05:19:12,056 asyncbase.py iterate [line:73] INFO Receive new models from clients [12, 9, 5, 14, 1, 10, 4, 13, 8, 15, 17, 11, 0] at time 2164
2025-04-30 05:19:12,056 asyncbase.py iterate [line:73] INFO Receive new models from clients [2, 3, 16, 18, 19, 6, 7] at time 2165
2025-04-30 05:19:12,092 fedbase.py run [line:318] INFO --------------Round 276--------------
2025-04-30 05:19:12,092 simple_logger.py log_once [line:14] INFO Current_time:2165
2025-04-30 05:19:17,215 simple_logger.py log_once [line:28] INFO test_accuracy                 0.1959
2025-04-30 05:19:17,215 simple_logger.py log_once [line:28] INFO test_loss                     2.2239
2025-04-30 05:19:17,215 simple_logger.py log_once [line:28] INFO val_accuracy                  0.1889
2025-04-30 05:19:17,215 simple_logger.py log_once [line:28] INFO mean_val_accuracy             0.1889
2025-04-30 05:19:17,215 simple_logger.py log_once [line:28] INFO std_val_accuracy              0.0128
2025-04-30 05:19:17,215 simple_logger.py log_once [line:28] INFO val_loss                      2.2376
2025-04-30 05:19:17,215 simple_logger.py log_once [line:28] INFO mean_val_loss                 2.2376
2025-04-30 05:19:17,215 simple_logger.py log_once [line:28] INFO std_val_loss                  0.0151
2025-04-30 05:19:17,215 fedbase.py run [line:323] INFO expense           17405220.0
2025-04-30 05:19:17,215 fedbase.py run [line:324] INFO Eval Time Cost:               5.1234s
2025-04-30 05:19:17,215 asyncbase.py iterate [line:68] INFO Select clients [0, 1, 2, 3, 4, 5, 6, 7, 8, 9, 10, 11, 12, 13, 14, 15, 16, 17, 18, 19] at time 2166.
2025-04-30 05:19:56,168 asyncbase.py iterate [line:73] INFO Receive new models from clients [16, 11, 5, 2, 15, 0, 19, 18, 1, 17, 8, 9, 13, 10, 7, 4, 12, 3, 14] at time 2172
2025-04-30 05:19:56,169 asyncbase.py iterate [line:73] INFO Receive new models from clients [6] at time 2173
2025-04-30 05:19:56,206 fedbase.py run [line:318] INFO --------------Round 277--------------
2025-04-30 05:19:56,206 simple_logger.py log_once [line:14] INFO Current_time:2173
2025-04-30 05:20:01,324 simple_logger.py log_once [line:28] INFO test_accuracy                 0.1959
2025-04-30 05:20:01,324 simple_logger.py log_once [line:28] INFO test_loss                     2.2238
2025-04-30 05:20:01,324 simple_logger.py log_once [line:28] INFO val_accuracy                  0.1889
2025-04-30 05:20:01,324 simple_logger.py log_once [line:28] INFO mean_val_accuracy             0.1889
2025-04-30 05:20:01,324 simple_logger.py log_once [line:28] INFO std_val_accuracy              0.0128
2025-04-30 05:20:01,324 simple_logger.py log_once [line:28] INFO val_loss                      2.2376
2025-04-30 05:20:01,324 simple_logger.py log_once [line:28] INFO mean_val_loss                 2.2376
2025-04-30 05:20:01,324 simple_logger.py log_once [line:28] INFO std_val_loss                  0.0152
2025-04-30 05:20:01,324 fedbase.py run [line:323] INFO expense           17439620.0
2025-04-30 05:20:01,324 fedbase.py run [line:324] INFO Eval Time Cost:               5.1181s
2025-04-30 05:20:01,324 asyncbase.py iterate [line:68] INFO Select clients [0, 1, 2, 3, 4, 5, 6, 7, 8, 9, 10, 11, 12, 13, 14, 15, 16, 17, 18, 19] at time 2174.
2025-04-30 05:20:39,976 asyncbase.py iterate [line:73] INFO Receive new models from clients [19, 17, 16, 3, 4, 5, 12, 14, 1, 15, 11, 13, 8, 6, 18, 9, 0, 7] at time 2180
2025-04-30 05:20:39,976 asyncbase.py iterate [line:73] INFO Receive new models from clients [2, 10] at time 2181
2025-04-30 05:20:40,014 fedbase.py run [line:318] INFO --------------Round 278--------------
2025-04-30 05:20:40,014 simple_logger.py log_once [line:14] INFO Current_time:2181
2025-04-30 05:20:45,110 simple_logger.py log_once [line:28] INFO test_accuracy                 0.1959
2025-04-30 05:20:45,110 simple_logger.py log_once [line:28] INFO test_loss                     2.2238
2025-04-30 05:20:45,111 simple_logger.py log_once [line:28] INFO val_accuracy                  0.1889
2025-04-30 05:20:45,111 simple_logger.py log_once [line:28] INFO mean_val_accuracy             0.1889
2025-04-30 05:20:45,111 simple_logger.py log_once [line:28] INFO std_val_accuracy              0.0128
2025-04-30 05:20:45,111 simple_logger.py log_once [line:28] INFO val_loss                      2.2376
2025-04-30 05:20:45,111 simple_logger.py log_once [line:28] INFO mean_val_loss                 2.2376
2025-04-30 05:20:45,111 simple_logger.py log_once [line:28] INFO std_val_loss                  0.0151
2025-04-30 05:20:45,111 fedbase.py run [line:323] INFO expense           17474020.0
2025-04-30 05:20:45,111 fedbase.py run [line:324] INFO Eval Time Cost:               5.0970s
2025-04-30 05:20:45,111 asyncbase.py iterate [line:68] INFO Select clients [0, 1, 2, 3, 4, 5, 6, 7, 8, 9, 10, 11, 12, 13, 14, 15, 16, 17, 18, 19] at time 2182.
2025-04-30 05:21:24,142 asyncbase.py iterate [line:73] INFO Receive new models from clients [13, 11, 7, 6, 1, 15, 17, 4, 19, 12, 3, 0, 18, 2] at time 2188
2025-04-30 05:21:24,142 asyncbase.py iterate [line:73] INFO Receive new models from clients [8, 5, 10, 9, 16, 14] at time 2189
2025-04-30 05:21:24,178 fedbase.py run [line:318] INFO --------------Round 279--------------
2025-04-30 05:21:24,178 simple_logger.py log_once [line:14] INFO Current_time:2189
2025-04-30 05:21:29,276 simple_logger.py log_once [line:28] INFO test_accuracy                 0.1959
2025-04-30 05:21:29,276 simple_logger.py log_once [line:28] INFO test_loss                     2.2239
2025-04-30 05:21:29,276 simple_logger.py log_once [line:28] INFO val_accuracy                  0.1889
2025-04-30 05:21:29,276 simple_logger.py log_once [line:28] INFO mean_val_accuracy             0.1889
2025-04-30 05:21:29,276 simple_logger.py log_once [line:28] INFO std_val_accuracy              0.0128
2025-04-30 05:21:29,276 simple_logger.py log_once [line:28] INFO val_loss                      2.2376
2025-04-30 05:21:29,276 simple_logger.py log_once [line:28] INFO mean_val_loss                 2.2376
2025-04-30 05:21:29,276 simple_logger.py log_once [line:28] INFO std_val_loss                  0.0151
2025-04-30 05:21:29,276 fedbase.py run [line:323] INFO expense           17508420.0
2025-04-30 05:21:29,277 fedbase.py run [line:324] INFO Eval Time Cost:               5.0982s
2025-04-30 05:21:29,277 asyncbase.py iterate [line:68] INFO Select clients [0, 1, 2, 3, 4, 5, 6, 7, 8, 9, 10, 11, 12, 13, 14, 15, 16, 17, 18, 19] at time 2190.
2025-04-30 05:22:08,254 asyncbase.py iterate [line:73] INFO Receive new models from clients [8, 2, 12, 16, 7, 3, 11, 19, 9, 14, 4, 0, 15, 17, 5, 10, 1] at time 2196
2025-04-30 05:22:08,255 asyncbase.py iterate [line:73] INFO Receive new models from clients [18, 6, 13] at time 2197
2025-04-30 05:22:08,290 fedbase.py run [line:318] INFO --------------Round 280--------------
2025-04-30 05:22:08,290 simple_logger.py log_once [line:14] INFO Current_time:2197
2025-04-30 05:22:13,404 simple_logger.py log_once [line:28] INFO test_accuracy                 0.1959
2025-04-30 05:22:13,404 simple_logger.py log_once [line:28] INFO test_loss                     2.2238
2025-04-30 05:22:13,404 simple_logger.py log_once [line:28] INFO val_accuracy                  0.1889
2025-04-30 05:22:13,405 simple_logger.py log_once [line:28] INFO mean_val_accuracy             0.1889
2025-04-30 05:22:13,405 simple_logger.py log_once [line:28] INFO std_val_accuracy              0.0128
2025-04-30 05:22:13,405 simple_logger.py log_once [line:28] INFO val_loss                      2.2376
2025-04-30 05:22:13,405 simple_logger.py log_once [line:28] INFO mean_val_loss                 2.2376
2025-04-30 05:22:13,405 simple_logger.py log_once [line:28] INFO std_val_loss                  0.0152
2025-04-30 05:22:13,405 fedbase.py run [line:323] INFO expense           17542820.0
2025-04-30 05:22:13,405 fedbase.py run [line:324] INFO Eval Time Cost:               5.1149s
2025-04-30 05:22:13,405 asyncbase.py iterate [line:68] INFO Select clients [0, 1, 2, 3, 4, 5, 6, 7, 8, 9, 10, 11, 12, 13, 14, 15, 16, 17, 18, 19] at time 2198.
2025-04-30 05:22:51,270 asyncbase.py iterate [line:73] INFO Receive new models from clients [19, 8, 14, 18, 13, 15, 0, 11, 17, 5, 3, 12, 16, 9, 10, 2] at time 2204
2025-04-30 05:22:51,271 asyncbase.py iterate [line:73] INFO Receive new models from clients [1, 6, 7, 4] at time 2205
2025-04-30 05:22:51,306 fedbase.py run [line:318] INFO --------------Round 281--------------
2025-04-30 05:22:51,307 simple_logger.py log_once [line:14] INFO Current_time:2205
2025-04-30 05:22:56,458 simple_logger.py log_once [line:28] INFO test_accuracy                 0.1959
2025-04-30 05:22:56,458 simple_logger.py log_once [line:28] INFO test_loss                     2.2239
2025-04-30 05:22:56,458 simple_logger.py log_once [line:28] INFO val_accuracy                  0.1889
2025-04-30 05:22:56,458 simple_logger.py log_once [line:28] INFO mean_val_accuracy             0.1889
2025-04-30 05:22:56,458 simple_logger.py log_once [line:28] INFO std_val_accuracy              0.0128
2025-04-30 05:22:56,458 simple_logger.py log_once [line:28] INFO val_loss                      2.2376
2025-04-30 05:22:56,458 simple_logger.py log_once [line:28] INFO mean_val_loss                 2.2376
2025-04-30 05:22:56,458 simple_logger.py log_once [line:28] INFO std_val_loss                  0.0152
2025-04-30 05:22:56,459 fedbase.py run [line:323] INFO expense           17577220.0
2025-04-30 05:22:56,459 fedbase.py run [line:324] INFO Eval Time Cost:               5.1520s
2025-04-30 05:22:56,459 asyncbase.py iterate [line:68] INFO Select clients [0, 1, 2, 3, 4, 5, 6, 7, 8, 9, 10, 11, 12, 13, 14, 15, 16, 17, 18, 19] at time 2206.
2025-04-30 05:23:34,997 asyncbase.py iterate [line:73] INFO Receive new models from clients [12, 15, 7, 10, 18, 8, 0, 13, 14, 3, 5, 19, 17, 4, 11, 1, 16, 9, 6, 2] at time 2212
2025-04-30 05:23:35,034 fedbase.py run [line:318] INFO --------------Round 282--------------
2025-04-30 05:23:35,034 simple_logger.py log_once [line:14] INFO Current_time:2212
2025-04-30 05:23:40,158 simple_logger.py log_once [line:28] INFO test_accuracy                 0.1959
2025-04-30 05:23:40,159 simple_logger.py log_once [line:28] INFO test_loss                     2.2239
2025-04-30 05:23:40,159 simple_logger.py log_once [line:28] INFO val_accuracy                  0.1889
2025-04-30 05:23:40,159 simple_logger.py log_once [line:28] INFO mean_val_accuracy             0.1889
2025-04-30 05:23:40,159 simple_logger.py log_once [line:28] INFO std_val_accuracy              0.0128
2025-04-30 05:23:40,159 simple_logger.py log_once [line:28] INFO val_loss                      2.2376
2025-04-30 05:23:40,159 simple_logger.py log_once [line:28] INFO mean_val_loss                 2.2376
2025-04-30 05:23:40,159 simple_logger.py log_once [line:28] INFO std_val_loss                  0.0152
2025-04-30 05:23:40,159 fedbase.py run [line:323] INFO expense           17611620.0
2025-04-30 05:23:40,159 fedbase.py run [line:324] INFO Eval Time Cost:               5.1251s
2025-04-30 05:23:40,159 asyncbase.py iterate [line:68] INFO Select clients [0, 1, 2, 3, 4, 5, 6, 7, 8, 9, 10, 11, 12, 13, 14, 15, 16, 17, 18, 19] at time 2213.
2025-04-30 05:24:19,570 asyncbase.py iterate [line:73] INFO Receive new models from clients [2, 10, 9, 19, 0, 18, 15, 8, 1, 17, 4, 5, 16, 13, 11, 3, 6, 12, 14] at time 2219
2025-04-30 05:24:19,571 asyncbase.py iterate [line:73] INFO Receive new models from clients [7] at time 2220
2025-04-30 05:24:19,606 fedbase.py run [line:318] INFO --------------Round 283--------------
2025-04-30 05:24:19,606 simple_logger.py log_once [line:14] INFO Current_time:2220
2025-04-30 05:24:24,689 simple_logger.py log_once [line:28] INFO test_accuracy                 0.1959
2025-04-30 05:24:24,689 simple_logger.py log_once [line:28] INFO test_loss                     2.2239
2025-04-30 05:24:24,689 simple_logger.py log_once [line:28] INFO val_accuracy                  0.1889
2025-04-30 05:24:24,689 simple_logger.py log_once [line:28] INFO mean_val_accuracy             0.1889
2025-04-30 05:24:24,689 simple_logger.py log_once [line:28] INFO std_val_accuracy              0.0128
2025-04-30 05:24:24,689 simple_logger.py log_once [line:28] INFO val_loss                      2.2376
2025-04-30 05:24:24,689 simple_logger.py log_once [line:28] INFO mean_val_loss                 2.2376
2025-04-30 05:24:24,689 simple_logger.py log_once [line:28] INFO std_val_loss                  0.0151
2025-04-30 05:24:24,689 fedbase.py run [line:323] INFO expense           17646020.0
2025-04-30 05:24:24,689 fedbase.py run [line:324] INFO Eval Time Cost:               5.0833s
2025-04-30 05:24:24,689 asyncbase.py iterate [line:68] INFO Select clients [0, 1, 2, 3, 4, 5, 6, 7, 8, 9, 10, 11, 12, 13, 14, 15, 16, 17, 18, 19] at time 2221.
2025-04-30 05:25:04,048 asyncbase.py iterate [line:73] INFO Receive new models from clients [17, 14, 10, 18, 11, 7, 16, 12, 4, 1, 13, 15, 6, 19, 5, 8, 3, 9] at time 2227
2025-04-30 05:25:04,049 asyncbase.py iterate [line:73] INFO Receive new models from clients [2, 0] at time 2228
2025-04-30 05:25:04,086 fedbase.py run [line:318] INFO --------------Round 284--------------
2025-04-30 05:25:04,086 simple_logger.py log_once [line:14] INFO Current_time:2228
2025-04-30 05:25:09,263 simple_logger.py log_once [line:28] INFO test_accuracy                 0.1959
2025-04-30 05:25:09,263 simple_logger.py log_once [line:28] INFO test_loss                     2.2239
2025-04-30 05:25:09,263 simple_logger.py log_once [line:28] INFO val_accuracy                  0.1889
2025-04-30 05:25:09,263 simple_logger.py log_once [line:28] INFO mean_val_accuracy             0.1889
2025-04-30 05:25:09,263 simple_logger.py log_once [line:28] INFO std_val_accuracy              0.0128
2025-04-30 05:25:09,264 simple_logger.py log_once [line:28] INFO val_loss                      2.2375
2025-04-30 05:25:09,264 simple_logger.py log_once [line:28] INFO mean_val_loss                 2.2375
2025-04-30 05:25:09,264 simple_logger.py log_once [line:28] INFO std_val_loss                  0.0151
2025-04-30 05:25:09,264 fedbase.py run [line:323] INFO expense           17680420.0
2025-04-30 05:25:09,264 fedbase.py run [line:324] INFO Eval Time Cost:               5.1776s
2025-04-30 05:25:09,264 asyncbase.py iterate [line:68] INFO Select clients [0, 1, 2, 3, 4, 5, 6, 7, 8, 9, 10, 11, 12, 13, 14, 15, 16, 17, 18, 19] at time 2229.
2025-04-30 05:25:48,571 asyncbase.py iterate [line:73] INFO Receive new models from clients [11, 5, 13, 18, 4, 10, 8, 14, 9, 2, 7, 19, 6, 1, 15, 3, 0, 17, 16, 12] at time 2235
2025-04-30 05:25:48,609 fedbase.py run [line:318] INFO --------------Round 285--------------
2025-04-30 05:25:48,609 simple_logger.py log_once [line:14] INFO Current_time:2235
2025-04-30 05:25:53,694 simple_logger.py log_once [line:28] INFO test_accuracy                 0.1959
2025-04-30 05:25:53,695 simple_logger.py log_once [line:28] INFO test_loss                     2.2239
2025-04-30 05:25:53,695 simple_logger.py log_once [line:28] INFO val_accuracy                  0.1889
2025-04-30 05:25:53,695 simple_logger.py log_once [line:28] INFO mean_val_accuracy             0.1889
2025-04-30 05:25:53,695 simple_logger.py log_once [line:28] INFO std_val_accuracy              0.0128
2025-04-30 05:25:53,695 simple_logger.py log_once [line:28] INFO val_loss                      2.2375
2025-04-30 05:25:53,695 simple_logger.py log_once [line:28] INFO mean_val_loss                 2.2375
2025-04-30 05:25:53,695 simple_logger.py log_once [line:28] INFO std_val_loss                  0.0151
2025-04-30 05:25:53,695 fedbase.py run [line:323] INFO expense           17714820.0
2025-04-30 05:25:53,695 fedbase.py run [line:324] INFO Eval Time Cost:               5.0863s
2025-04-30 05:25:53,695 asyncbase.py iterate [line:68] INFO Select clients [0, 1, 2, 3, 4, 5, 6, 7, 8, 9, 10, 11, 12, 13, 14, 15, 16, 17, 18, 19] at time 2236.
2025-04-30 05:26:32,874 asyncbase.py iterate [line:73] INFO Receive new models from clients [16, 17, 7, 10, 3, 6, 2, 15, 13, 5, 8, 1, 18, 19, 11, 4, 9] at time 2242
2025-04-30 05:26:32,874 asyncbase.py iterate [line:73] INFO Receive new models from clients [0, 14, 12] at time 2243
2025-04-30 05:26:32,910 fedbase.py run [line:318] INFO --------------Round 286--------------
2025-04-30 05:26:32,910 simple_logger.py log_once [line:14] INFO Current_time:2243
2025-04-30 05:26:38,064 simple_logger.py log_once [line:28] INFO test_accuracy                 0.1959
2025-04-30 05:26:38,064 simple_logger.py log_once [line:28] INFO test_loss                     2.2239
2025-04-30 05:26:38,064 simple_logger.py log_once [line:28] INFO val_accuracy                  0.1889
2025-04-30 05:26:38,064 simple_logger.py log_once [line:28] INFO mean_val_accuracy             0.1889
2025-04-30 05:26:38,064 simple_logger.py log_once [line:28] INFO std_val_accuracy              0.0128
2025-04-30 05:26:38,064 simple_logger.py log_once [line:28] INFO val_loss                      2.2375
2025-04-30 05:26:38,064 simple_logger.py log_once [line:28] INFO mean_val_loss                 2.2375
2025-04-30 05:26:38,064 simple_logger.py log_once [line:28] INFO std_val_loss                  0.0151
2025-04-30 05:26:38,064 fedbase.py run [line:323] INFO expense           17749220.0
2025-04-30 05:26:38,065 fedbase.py run [line:324] INFO Eval Time Cost:               5.1549s
2025-04-30 05:26:38,065 asyncbase.py iterate [line:68] INFO Select clients [0, 1, 2, 3, 4, 5, 6, 7, 8, 9, 10, 11, 12, 13, 14, 15, 16, 17, 18, 19] at time 2244.
2025-04-30 05:27:16,948 asyncbase.py iterate [line:73] INFO Receive new models from clients [16, 12, 6, 2, 5, 7, 17, 10, 1, 11, 4, 15, 18, 19, 3, 9, 13, 14, 0] at time 2250
2025-04-30 05:27:16,948 asyncbase.py iterate [line:73] INFO Receive new models from clients [8] at time 2251
2025-04-30 05:27:16,985 fedbase.py run [line:318] INFO --------------Round 287--------------
2025-04-30 05:27:16,985 simple_logger.py log_once [line:14] INFO Current_time:2251
2025-04-30 05:27:22,172 simple_logger.py log_once [line:28] INFO test_accuracy                 0.1959
2025-04-30 05:27:22,172 simple_logger.py log_once [line:28] INFO test_loss                     2.2238
2025-04-30 05:27:22,172 simple_logger.py log_once [line:28] INFO val_accuracy                  0.1889
2025-04-30 05:27:22,172 simple_logger.py log_once [line:28] INFO mean_val_accuracy             0.1889
2025-04-30 05:27:22,172 simple_logger.py log_once [line:28] INFO std_val_accuracy              0.0128
2025-04-30 05:27:22,172 simple_logger.py log_once [line:28] INFO val_loss                      2.2376
2025-04-30 05:27:22,172 simple_logger.py log_once [line:28] INFO mean_val_loss                 2.2376
2025-04-30 05:27:22,172 simple_logger.py log_once [line:28] INFO std_val_loss                  0.0152
2025-04-30 05:27:22,172 fedbase.py run [line:323] INFO expense           17783620.0
2025-04-30 05:27:22,172 fedbase.py run [line:324] INFO Eval Time Cost:               5.1870s
2025-04-30 05:27:22,172 asyncbase.py iterate [line:68] INFO Select clients [0, 1, 2, 3, 4, 5, 6, 7, 8, 9, 10, 11, 12, 13, 14, 15, 16, 17, 18, 19] at time 2252.
2025-04-30 05:28:00,248 asyncbase.py iterate [line:73] INFO Receive new models from clients [17, 6, 1, 2, 0, 5, 16, 11, 14, 18, 12, 19, 9, 13, 7, 10] at time 2258
2025-04-30 05:28:00,248 asyncbase.py iterate [line:73] INFO Receive new models from clients [15, 4, 8, 3] at time 2259
2025-04-30 05:28:00,285 fedbase.py run [line:318] INFO --------------Round 288--------------
2025-04-30 05:28:00,285 simple_logger.py log_once [line:14] INFO Current_time:2259
2025-04-30 05:28:05,475 simple_logger.py log_once [line:28] INFO test_accuracy                 0.1959
2025-04-30 05:28:05,475 simple_logger.py log_once [line:28] INFO test_loss                     2.2238
2025-04-30 05:28:05,475 simple_logger.py log_once [line:28] INFO val_accuracy                  0.1889
2025-04-30 05:28:05,475 simple_logger.py log_once [line:28] INFO mean_val_accuracy             0.1889
2025-04-30 05:28:05,476 simple_logger.py log_once [line:28] INFO std_val_accuracy              0.0128
2025-04-30 05:28:05,476 simple_logger.py log_once [line:28] INFO val_loss                      2.2376
2025-04-30 05:28:05,476 simple_logger.py log_once [line:28] INFO mean_val_loss                 2.2376
2025-04-30 05:28:05,476 simple_logger.py log_once [line:28] INFO std_val_loss                  0.0152
2025-04-30 05:28:05,476 fedbase.py run [line:323] INFO expense           17818020.0
2025-04-30 05:28:05,476 fedbase.py run [line:324] INFO Eval Time Cost:               5.1908s
2025-04-30 05:28:05,476 asyncbase.py iterate [line:68] INFO Select clients [0, 1, 2, 3, 4, 5, 6, 7, 8, 9, 10, 11, 12, 13, 14, 15, 16, 17, 18, 19] at time 2260.
2025-04-30 05:28:44,705 asyncbase.py iterate [line:73] INFO Receive new models from clients [0, 1, 7, 18, 14, 10, 8, 13, 16, 4, 11, 19, 12, 9, 6, 15, 17, 2] at time 2266
2025-04-30 05:28:44,705 asyncbase.py iterate [line:73] INFO Receive new models from clients [5, 3] at time 2267
2025-04-30 05:28:44,741 fedbase.py run [line:318] INFO --------------Round 289--------------
2025-04-30 05:28:44,742 simple_logger.py log_once [line:14] INFO Current_time:2267
2025-04-30 05:28:49,883 simple_logger.py log_once [line:28] INFO test_accuracy                 0.1959
2025-04-30 05:28:49,883 simple_logger.py log_once [line:28] INFO test_loss                     2.2238
2025-04-30 05:28:49,883 simple_logger.py log_once [line:28] INFO val_accuracy                  0.1889
2025-04-30 05:28:49,883 simple_logger.py log_once [line:28] INFO mean_val_accuracy             0.1889
2025-04-30 05:28:49,883 simple_logger.py log_once [line:28] INFO std_val_accuracy              0.0128
2025-04-30 05:28:49,883 simple_logger.py log_once [line:28] INFO val_loss                      2.2376
2025-04-30 05:28:49,883 simple_logger.py log_once [line:28] INFO mean_val_loss                 2.2376
2025-04-30 05:28:49,883 simple_logger.py log_once [line:28] INFO std_val_loss                  0.0152
2025-04-30 05:28:49,883 fedbase.py run [line:323] INFO expense           17852420.0
2025-04-30 05:28:49,883 fedbase.py run [line:324] INFO Eval Time Cost:               5.1417s
2025-04-30 05:28:49,883 asyncbase.py iterate [line:68] INFO Select clients [0, 1, 2, 3, 4, 5, 6, 7, 8, 9, 10, 11, 12, 13, 14, 15, 16, 17, 18, 19] at time 2268.
2025-04-30 05:29:28,979 asyncbase.py iterate [line:73] INFO Receive new models from clients [7, 0, 14, 9, 17, 1, 19, 4, 6, 13, 18, 2, 10, 5, 12, 16, 11] at time 2274
2025-04-30 05:29:28,979 asyncbase.py iterate [line:73] INFO Receive new models from clients [3, 15, 8] at time 2275
2025-04-30 05:29:29,016 fedbase.py run [line:318] INFO --------------Round 290--------------
2025-04-30 05:29:29,016 simple_logger.py log_once [line:14] INFO Current_time:2275
2025-04-30 05:29:34,241 simple_logger.py log_once [line:28] INFO test_accuracy                 0.1959
2025-04-30 05:29:34,241 simple_logger.py log_once [line:28] INFO test_loss                     2.2239
2025-04-30 05:29:34,241 simple_logger.py log_once [line:28] INFO val_accuracy                  0.1889
2025-04-30 05:29:34,241 simple_logger.py log_once [line:28] INFO mean_val_accuracy             0.1889
2025-04-30 05:29:34,242 simple_logger.py log_once [line:28] INFO std_val_accuracy              0.0128
2025-04-30 05:29:34,242 simple_logger.py log_once [line:28] INFO val_loss                      2.2376
2025-04-30 05:29:34,242 simple_logger.py log_once [line:28] INFO mean_val_loss                 2.2376
2025-04-30 05:29:34,242 simple_logger.py log_once [line:28] INFO std_val_loss                  0.0151
2025-04-30 05:29:34,242 fedbase.py run [line:323] INFO expense           17886820.0
2025-04-30 05:29:34,242 fedbase.py run [line:324] INFO Eval Time Cost:               5.2255s
2025-04-30 05:29:34,242 asyncbase.py iterate [line:68] INFO Select clients [0, 1, 2, 3, 4, 5, 6, 7, 8, 9, 10, 11, 12, 13, 14, 15, 16, 17, 18, 19] at time 2276.
2025-04-30 05:30:12,882 asyncbase.py iterate [line:73] INFO Receive new models from clients [6, 0, 8, 16, 9, 18, 15, 14, 10, 7, 1, 11, 19, 13, 4, 3, 2, 12] at time 2282
2025-04-30 05:30:12,882 asyncbase.py iterate [line:73] INFO Receive new models from clients [5, 17] at time 2283
2025-04-30 05:30:12,920 fedbase.py run [line:318] INFO --------------Round 291--------------
2025-04-30 05:30:12,920 simple_logger.py log_once [line:14] INFO Current_time:2283
2025-04-30 05:30:18,052 simple_logger.py log_once [line:28] INFO test_accuracy                 0.1959
2025-04-30 05:30:18,052 simple_logger.py log_once [line:28] INFO test_loss                     2.2239
2025-04-30 05:30:18,053 simple_logger.py log_once [line:28] INFO val_accuracy                  0.1889
2025-04-30 05:30:18,053 simple_logger.py log_once [line:28] INFO mean_val_accuracy             0.1889
2025-04-30 05:30:18,053 simple_logger.py log_once [line:28] INFO std_val_accuracy              0.0128
2025-04-30 05:30:18,053 simple_logger.py log_once [line:28] INFO val_loss                      2.2376
2025-04-30 05:30:18,053 simple_logger.py log_once [line:28] INFO mean_val_loss                 2.2376
2025-04-30 05:30:18,053 simple_logger.py log_once [line:28] INFO std_val_loss                  0.0151
2025-04-30 05:30:18,053 fedbase.py run [line:323] INFO expense           17921220.0
2025-04-30 05:30:18,053 fedbase.py run [line:324] INFO Eval Time Cost:               5.1329s
2025-04-30 05:30:18,053 asyncbase.py iterate [line:68] INFO Select clients [0, 1, 2, 3, 4, 5, 6, 7, 8, 9, 10, 11, 12, 13, 14, 15, 16, 17, 18, 19] at time 2284.
2025-04-30 05:30:57,423 asyncbase.py iterate [line:73] INFO Receive new models from clients [6, 9, 18, 3, 16, 14, 8, 2, 13, 1, 10, 19, 17, 11, 12, 0, 5, 7] at time 2290
2025-04-30 05:30:57,424 asyncbase.py iterate [line:73] INFO Receive new models from clients [15, 4] at time 2291
2025-04-30 05:30:57,461 fedbase.py run [line:318] INFO --------------Round 292--------------
2025-04-30 05:30:57,461 simple_logger.py log_once [line:14] INFO Current_time:2291
2025-04-30 05:31:02,541 simple_logger.py log_once [line:28] INFO test_accuracy                 0.1959
2025-04-30 05:31:02,541 simple_logger.py log_once [line:28] INFO test_loss                     2.2239
2025-04-30 05:31:02,541 simple_logger.py log_once [line:28] INFO val_accuracy                  0.1889
2025-04-30 05:31:02,541 simple_logger.py log_once [line:28] INFO mean_val_accuracy             0.1889
2025-04-30 05:31:02,541 simple_logger.py log_once [line:28] INFO std_val_accuracy              0.0128
2025-04-30 05:31:02,541 simple_logger.py log_once [line:28] INFO val_loss                      2.2375
2025-04-30 05:31:02,541 simple_logger.py log_once [line:28] INFO mean_val_loss                 2.2375
2025-04-30 05:31:02,542 simple_logger.py log_once [line:28] INFO std_val_loss                  0.0151
2025-04-30 05:31:02,542 fedbase.py run [line:323] INFO expense           17955620.0
2025-04-30 05:31:02,542 fedbase.py run [line:324] INFO Eval Time Cost:               5.0806s
2025-04-30 05:31:02,542 asyncbase.py iterate [line:68] INFO Select clients [0, 1, 2, 3, 4, 5, 6, 7, 8, 9, 10, 11, 12, 13, 14, 15, 16, 17, 18, 19] at time 2292.
2025-04-30 05:31:41,479 asyncbase.py iterate [line:73] INFO Receive new models from clients [0, 14, 12, 13, 4, 1, 9, 5, 8, 19, 18, 17, 10, 16, 6, 15, 11] at time 2298
2025-04-30 05:31:41,479 asyncbase.py iterate [line:73] INFO Receive new models from clients [7, 2, 3] at time 2299
2025-04-30 05:31:41,514 fedbase.py run [line:318] INFO --------------Round 293--------------
2025-04-30 05:31:41,514 simple_logger.py log_once [line:14] INFO Current_time:2299
2025-04-30 05:31:46,615 simple_logger.py log_once [line:28] INFO test_accuracy                 0.1959
2025-04-30 05:31:46,615 simple_logger.py log_once [line:28] INFO test_loss                     2.2240
2025-04-30 05:31:46,615 simple_logger.py log_once [line:28] INFO val_accuracy                  0.1889
2025-04-30 05:31:46,615 simple_logger.py log_once [line:28] INFO mean_val_accuracy             0.1889
2025-04-30 05:31:46,615 simple_logger.py log_once [line:28] INFO std_val_accuracy              0.0128
2025-04-30 05:31:46,615 simple_logger.py log_once [line:28] INFO val_loss                      2.2375
2025-04-30 05:31:46,615 simple_logger.py log_once [line:28] INFO mean_val_loss                 2.2375
2025-04-30 05:31:46,615 simple_logger.py log_once [line:28] INFO std_val_loss                  0.0151
2025-04-30 05:31:46,615 fedbase.py run [line:323] INFO expense           17990020.0
2025-04-30 05:31:46,615 fedbase.py run [line:324] INFO Eval Time Cost:               5.1009s
2025-04-30 05:31:46,615 asyncbase.py iterate [line:68] INFO Select clients [0, 1, 2, 3, 4, 5, 6, 7, 8, 9, 10, 11, 12, 13, 14, 15, 16, 17, 18, 19] at time 2300.
2025-04-30 05:32:25,253 asyncbase.py iterate [line:73] INFO Receive new models from clients [17, 6, 7, 9, 1, 5, 12, 16, 18, 14, 0, 8, 3, 2, 10, 15, 4, 13, 19] at time 2306
2025-04-30 05:32:25,254 asyncbase.py iterate [line:73] INFO Receive new models from clients [11] at time 2307
2025-04-30 05:32:25,290 fedbase.py run [line:318] INFO --------------Round 294--------------
2025-04-30 05:32:25,291 simple_logger.py log_once [line:14] INFO Current_time:2307
2025-04-30 05:32:30,424 simple_logger.py log_once [line:28] INFO test_accuracy                 0.1959
2025-04-30 05:32:30,425 simple_logger.py log_once [line:28] INFO test_loss                     2.2239
2025-04-30 05:32:30,425 simple_logger.py log_once [line:28] INFO val_accuracy                  0.1889
2025-04-30 05:32:30,425 simple_logger.py log_once [line:28] INFO mean_val_accuracy             0.1889
2025-04-30 05:32:30,425 simple_logger.py log_once [line:28] INFO std_val_accuracy              0.0128
2025-04-30 05:32:30,425 simple_logger.py log_once [line:28] INFO val_loss                      2.2376
2025-04-30 05:32:30,425 simple_logger.py log_once [line:28] INFO mean_val_loss                 2.2376
2025-04-30 05:32:30,425 simple_logger.py log_once [line:28] INFO std_val_loss                  0.0152
2025-04-30 05:32:30,425 fedbase.py run [line:323] INFO expense           18024420.0
2025-04-30 05:32:30,425 fedbase.py run [line:324] INFO Eval Time Cost:               5.1345s
2025-04-30 05:32:30,425 asyncbase.py iterate [line:68] INFO Select clients [0, 1, 2, 3, 4, 5, 6, 7, 8, 9, 10, 11, 12, 13, 14, 15, 16, 17, 18, 19] at time 2308.
2025-04-30 05:33:08,256 asyncbase.py iterate [line:73] INFO Receive new models from clients [10, 15, 5, 3, 6, 19, 7, 9, 4, 18, 11, 8, 2, 12, 17, 0, 16, 13] at time 2314
2025-04-30 05:33:08,256 asyncbase.py iterate [line:73] INFO Receive new models from clients [1, 14] at time 2315
2025-04-30 05:33:08,294 fedbase.py run [line:318] INFO --------------Round 295--------------
2025-04-30 05:33:08,294 simple_logger.py log_once [line:14] INFO Current_time:2315
2025-04-30 05:33:13,422 simple_logger.py log_once [line:28] INFO test_accuracy                 0.1959
2025-04-30 05:33:13,422 simple_logger.py log_once [line:28] INFO test_loss                     2.2238
2025-04-30 05:33:13,422 simple_logger.py log_once [line:28] INFO val_accuracy                  0.1889
2025-04-30 05:33:13,422 simple_logger.py log_once [line:28] INFO mean_val_accuracy             0.1889
2025-04-30 05:33:13,422 simple_logger.py log_once [line:28] INFO std_val_accuracy              0.0128
2025-04-30 05:33:13,422 simple_logger.py log_once [line:28] INFO val_loss                      2.2376
2025-04-30 05:33:13,422 simple_logger.py log_once [line:28] INFO mean_val_loss                 2.2376
2025-04-30 05:33:13,422 simple_logger.py log_once [line:28] INFO std_val_loss                  0.0152
2025-04-30 05:33:13,422 fedbase.py run [line:323] INFO expense           18058820.0
2025-04-30 05:33:13,422 fedbase.py run [line:324] INFO Eval Time Cost:               5.1285s
2025-04-30 05:33:13,423 asyncbase.py iterate [line:68] INFO Select clients [0, 1, 2, 3, 4, 5, 6, 7, 8, 9, 10, 11, 12, 13, 14, 15, 16, 17, 18, 19] at time 2316.
2025-04-30 05:33:52,302 asyncbase.py iterate [line:73] INFO Receive new models from clients [8, 12, 5, 18, 16, 4, 14, 17, 15, 0, 7, 13, 3, 1, 6, 2, 9] at time 2322
2025-04-30 05:33:52,302 asyncbase.py iterate [line:73] INFO Receive new models from clients [19, 10, 11] at time 2323
2025-04-30 05:33:52,337 fedbase.py run [line:318] INFO --------------Round 296--------------
2025-04-30 05:33:52,337 simple_logger.py log_once [line:14] INFO Current_time:2323
2025-04-30 05:33:57,422 simple_logger.py log_once [line:28] INFO test_accuracy                 0.1959
2025-04-30 05:33:57,423 simple_logger.py log_once [line:28] INFO test_loss                     2.2239
2025-04-30 05:33:57,423 simple_logger.py log_once [line:28] INFO val_accuracy                  0.1889
2025-04-30 05:33:57,423 simple_logger.py log_once [line:28] INFO mean_val_accuracy             0.1889
2025-04-30 05:33:57,423 simple_logger.py log_once [line:28] INFO std_val_accuracy              0.0128
2025-04-30 05:33:57,423 simple_logger.py log_once [line:28] INFO val_loss                      2.2375
2025-04-30 05:33:57,423 simple_logger.py log_once [line:28] INFO mean_val_loss                 2.2375
2025-04-30 05:33:57,423 simple_logger.py log_once [line:28] INFO std_val_loss                  0.0152
2025-04-30 05:33:57,423 fedbase.py run [line:323] INFO expense           18093220.0
2025-04-30 05:33:57,423 fedbase.py run [line:324] INFO Eval Time Cost:               5.0857s
2025-04-30 05:33:57,423 asyncbase.py iterate [line:68] INFO Select clients [0, 1, 2, 3, 4, 5, 6, 7, 8, 9, 10, 11, 12, 13, 14, 15, 16, 17, 18, 19] at time 2324.
2025-04-30 05:34:36,223 asyncbase.py iterate [line:73] INFO Receive new models from clients [2, 19, 0, 7, 11, 18, 4, 12, 15, 10, 6, 3, 5, 16, 1, 17, 8, 9, 13] at time 2330
2025-04-30 05:34:36,224 asyncbase.py iterate [line:73] INFO Receive new models from clients [14] at time 2331
2025-04-30 05:34:36,259 fedbase.py run [line:318] INFO --------------Round 297--------------
2025-04-30 05:34:36,259 simple_logger.py log_once [line:14] INFO Current_time:2331
2025-04-30 05:34:41,372 simple_logger.py log_once [line:28] INFO test_accuracy                 0.1959
2025-04-30 05:34:41,372 simple_logger.py log_once [line:28] INFO test_loss                     2.2239
2025-04-30 05:34:41,372 simple_logger.py log_once [line:28] INFO val_accuracy                  0.1889
2025-04-30 05:34:41,372 simple_logger.py log_once [line:28] INFO mean_val_accuracy             0.1889
2025-04-30 05:34:41,372 simple_logger.py log_once [line:28] INFO std_val_accuracy              0.0128
2025-04-30 05:34:41,372 simple_logger.py log_once [line:28] INFO val_loss                      2.2375
2025-04-30 05:34:41,372 simple_logger.py log_once [line:28] INFO mean_val_loss                 2.2375
2025-04-30 05:34:41,372 simple_logger.py log_once [line:28] INFO std_val_loss                  0.0151
2025-04-30 05:34:41,373 fedbase.py run [line:323] INFO expense           18127620.0
2025-04-30 05:34:41,373 fedbase.py run [line:324] INFO Eval Time Cost:               5.1135s
2025-04-30 05:34:41,373 asyncbase.py iterate [line:68] INFO Select clients [0, 1, 2, 3, 4, 5, 6, 7, 8, 9, 10, 11, 12, 13, 14, 15, 16, 17, 18, 19] at time 2332.
2025-04-30 05:35:20,014 asyncbase.py iterate [line:73] INFO Receive new models from clients [0, 14, 9, 15, 8, 1, 17, 18, 10, 6, 3, 12, 19, 2, 7, 16, 11, 5] at time 2338
2025-04-30 05:35:20,014 asyncbase.py iterate [line:73] INFO Receive new models from clients [13, 4] at time 2339
2025-04-30 05:35:20,051 fedbase.py run [line:318] INFO --------------Round 298--------------
2025-04-30 05:35:20,052 simple_logger.py log_once [line:14] INFO Current_time:2339
2025-04-30 05:35:25,178 simple_logger.py log_once [line:28] INFO test_accuracy                 0.1959
2025-04-30 05:35:25,178 simple_logger.py log_once [line:28] INFO test_loss                     2.2238
2025-04-30 05:35:25,178 simple_logger.py log_once [line:28] INFO val_accuracy                  0.1889
2025-04-30 05:35:25,179 simple_logger.py log_once [line:28] INFO mean_val_accuracy             0.1889
2025-04-30 05:35:25,179 simple_logger.py log_once [line:28] INFO std_val_accuracy              0.0128
2025-04-30 05:35:25,179 simple_logger.py log_once [line:28] INFO val_loss                      2.2376
2025-04-30 05:35:25,179 simple_logger.py log_once [line:28] INFO mean_val_loss                 2.2376
2025-04-30 05:35:25,179 simple_logger.py log_once [line:28] INFO std_val_loss                  0.0151
2025-04-30 05:35:25,179 fedbase.py run [line:323] INFO expense           18162020.0
2025-04-30 05:35:25,179 fedbase.py run [line:324] INFO Eval Time Cost:               5.1272s
2025-04-30 05:35:25,179 asyncbase.py iterate [line:68] INFO Select clients [0, 1, 2, 3, 4, 5, 6, 7, 8, 9, 10, 11, 12, 13, 14, 15, 16, 17, 18, 19] at time 2340.
2025-04-30 05:36:03,826 asyncbase.py iterate [line:73] INFO Receive new models from clients [14, 1, 12, 13, 16, 7, 15, 18, 17, 6, 2, 11, 10, 4, 3, 5, 19, 0, 9] at time 2346
2025-04-30 05:36:03,826 asyncbase.py iterate [line:73] INFO Receive new models from clients [8] at time 2347
2025-04-30 05:36:03,863 fedbase.py run [line:318] INFO --------------Round 299--------------
2025-04-30 05:36:03,863 simple_logger.py log_once [line:14] INFO Current_time:2347
2025-04-30 05:36:08,974 simple_logger.py log_once [line:28] INFO test_accuracy                 0.1959
2025-04-30 05:36:08,974 simple_logger.py log_once [line:28] INFO test_loss                     2.2238
2025-04-30 05:36:08,974 simple_logger.py log_once [line:28] INFO val_accuracy                  0.1889
2025-04-30 05:36:08,974 simple_logger.py log_once [line:28] INFO mean_val_accuracy             0.1889
2025-04-30 05:36:08,974 simple_logger.py log_once [line:28] INFO std_val_accuracy              0.0128
2025-04-30 05:36:08,974 simple_logger.py log_once [line:28] INFO val_loss                      2.2376
2025-04-30 05:36:08,974 simple_logger.py log_once [line:28] INFO mean_val_loss                 2.2376
2025-04-30 05:36:08,974 simple_logger.py log_once [line:28] INFO std_val_loss                  0.0151
2025-04-30 05:36:08,974 fedbase.py run [line:323] INFO expense           18196420.0
2025-04-30 05:36:08,974 fedbase.py run [line:324] INFO Eval Time Cost:               5.1108s
2025-04-30 05:36:08,974 asyncbase.py iterate [line:68] INFO Select clients [0, 1, 2, 3, 4, 5, 6, 7, 8, 9, 10, 11, 12, 13, 14, 15, 16, 17, 18, 19] at time 2348.
2025-04-30 05:36:48,783 asyncbase.py iterate [line:73] INFO Receive new models from clients [1, 7, 8, 16, 2, 0, 14, 9, 12, 6, 13, 19, 3, 18, 5] at time 2354
2025-04-30 05:36:48,784 asyncbase.py iterate [line:73] INFO Receive new models from clients [15, 17, 10, 4, 11] at time 2355
2025-04-30 05:36:48,820 fedbase.py run [line:318] INFO --------------Round 300--------------
2025-04-30 05:36:48,820 simple_logger.py log_once [line:14] INFO Current_time:2355
2025-04-30 05:36:53,945 simple_logger.py log_once [line:28] INFO test_accuracy                 0.1959
2025-04-30 05:36:53,945 simple_logger.py log_once [line:28] INFO test_loss                     2.2239
2025-04-30 05:36:53,945 simple_logger.py log_once [line:28] INFO val_accuracy                  0.1889
2025-04-30 05:36:53,945 simple_logger.py log_once [line:28] INFO mean_val_accuracy             0.1889
2025-04-30 05:36:53,945 simple_logger.py log_once [line:28] INFO std_val_accuracy              0.0128
2025-04-30 05:36:53,945 simple_logger.py log_once [line:28] INFO val_loss                      2.2375
2025-04-30 05:36:53,946 simple_logger.py log_once [line:28] INFO mean_val_loss                 2.2375
2025-04-30 05:36:53,946 simple_logger.py log_once [line:28] INFO std_val_loss                  0.0151
2025-04-30 05:36:53,946 fedbase.py run [line:323] INFO expense           18230820.0
2025-04-30 05:36:53,946 fedbase.py run [line:324] INFO Eval Time Cost:               5.1258s
2025-04-30 05:36:53,946 fedbase.py run [line:332] INFO =================End==================
2025-04-30 05:36:53,946 fedbase.py run [line:333] INFO Total Time Cost:              13965.8861s
