2025-04-30 01:42:40,914 fflow.py init [line:792] INFO PROCESS ID:	7073
2025-04-30 01:42:40,914 fflow.py init [line:793] INFO Initializing devices: cuda:0 will be used for this running.
2025-04-30 01:42:40,914 fflow.py init [line:796] INFO BENCHMARK:	flgo.benchmark.svhn_classification
2025-04-30 01:42:40,914 fflow.py init [line:797] INFO TASK:			./svhn_result_20
2025-04-30 01:42:40,915 fflow.py init [line:798] INFO MODEL:		flgo.benchmark.svhn_classification.model.cnn
2025-04-30 01:42:40,915 fflow.py init [line:799] INFO ALGORITHM:	tucker
2025-04-30 01:42:40,915 fflow.py init [line:800] INFO LRate:		0.0001
2025-04-30 01:42:40,915 fflow.py init [line:801] INFO COMPRESS:		tucker
2025-04-30 01:42:40,915 fflow.py init [line:807] INFO GAMMA:		12
2025-04-30 01:42:44,142 fflow.py init [line:853] INFO SCENE:		horizontal FL with 1 <class 'tucker.Server'>, 20 <class 'tucker.Client'>
2025-04-30 01:42:44,316 fflow.py init [line:870] INFO SIMULATOR:	<class 'flgo.simulator.default_simulator.Simulator'>
2025-04-30 01:42:44,317 fflow.py init [line:883] INFO Ready to start.
2025-04-30 01:42:44,317 fedbase.py run [line:306] INFO --------------Initial Evaluation--------------
2025-04-30 01:42:44,317 simple_logger.py log_once [line:14] INFO Current_time:0
2025-04-30 01:42:49,589 simple_logger.py log_once [line:28] INFO test_accuracy                 0.1109
2025-04-30 01:42:49,589 simple_logger.py log_once [line:28] INFO test_loss                     2.3008
2025-04-30 01:42:49,589 simple_logger.py log_once [line:28] INFO val_accuracy                  0.1208
2025-04-30 01:42:49,589 simple_logger.py log_once [line:28] INFO mean_val_accuracy             0.1208
2025-04-30 01:42:49,589 simple_logger.py log_once [line:28] INFO std_val_accuracy              0.0132
2025-04-30 01:42:49,589 simple_logger.py log_once [line:28] INFO val_loss                      2.2998
2025-04-30 01:42:49,589 simple_logger.py log_once [line:28] INFO mean_val_loss                 2.2998
2025-04-30 01:42:49,589 simple_logger.py log_once [line:28] INFO std_val_loss                  0.0018
2025-04-30 01:42:49,589 fedbase.py run [line:309] INFO expense     0
2025-04-30 01:42:49,589 fedbase.py run [line:310] INFO Eval Time Cost:               5.2721s
2025-04-30 01:42:49,589 asyncbase.py iterate [line:68] INFO Select clients [0, 1, 2, 3, 4, 5, 6, 7, 8, 9, 10, 11, 12, 13, 14, 15, 16, 17, 18, 19] at time 1.
2025-04-30 01:43:04,020 asyncbase.py iterate [line:73] INFO Receive new models from clients [14, 2, 8, 18, 7, 10, 19, 5, 17, 6, 15, 3, 12, 0, 16, 1, 4, 13, 11, 9] at time 2
2025-04-30 01:43:04,205 fedbase.py run [line:318] INFO --------------Round 1--------------
2025-04-30 01:43:04,205 simple_logger.py log_once [line:14] INFO Current_time:2
2025-04-30 01:43:09,363 simple_logger.py log_once [line:28] INFO test_accuracy                 0.1959
2025-04-30 01:43:09,364 simple_logger.py log_once [line:28] INFO test_loss                     2.2231
2025-04-30 01:43:09,364 simple_logger.py log_once [line:28] INFO val_accuracy                  0.1889
2025-04-30 01:43:09,364 simple_logger.py log_once [line:28] INFO mean_val_accuracy             0.1889
2025-04-30 01:43:09,364 simple_logger.py log_once [line:28] INFO std_val_accuracy              0.0128
2025-04-30 01:43:09,364 simple_logger.py log_once [line:28] INFO val_loss                      2.2338
2025-04-30 01:43:09,364 simple_logger.py log_once [line:28] INFO mean_val_loss                 2.2338
2025-04-30 01:43:09,364 simple_logger.py log_once [line:28] INFO std_val_loss                  0.0129
2025-04-30 01:43:09,364 fedbase.py run [line:323] INFO expense           3989810.0
2025-04-30 01:43:09,364 fedbase.py run [line:324] INFO Eval Time Cost:               5.1588s
2025-04-30 01:43:09,364 asyncbase.py iterate [line:68] INFO Select clients [0, 1, 2, 3, 4, 5, 6, 7, 8, 9, 10, 11, 12, 13, 14, 15, 16, 17, 18, 19] at time 3.
2025-04-30 01:43:24,682 asyncbase.py iterate [line:73] INFO Receive new models from clients [10, 9, 14, 6, 11, 15, 5, 12, 13, 8, 3, 0, 2, 18, 4, 16, 19, 7, 17, 1] at time 4
2025-04-30 01:43:24,720 tucker.py package_handler [line:154] INFO next round3 update basic
2025-04-30 01:43:24,721 fedbase.py run [line:318] INFO --------------Round 2--------------
2025-04-30 01:43:24,721 simple_logger.py log_once [line:14] INFO Current_time:4
2025-04-30 01:43:29,907 simple_logger.py log_once [line:28] INFO test_accuracy                 0.1960
2025-04-30 01:43:29,907 simple_logger.py log_once [line:28] INFO test_loss                     2.2007
2025-04-30 01:43:29,907 simple_logger.py log_once [line:28] INFO val_accuracy                  0.1891
2025-04-30 01:43:29,907 simple_logger.py log_once [line:28] INFO mean_val_accuracy             0.1891
2025-04-30 01:43:29,907 simple_logger.py log_once [line:28] INFO std_val_accuracy              0.0128
2025-04-30 01:43:29,907 simple_logger.py log_once [line:28] INFO val_loss                      2.2126
2025-04-30 01:43:29,907 simple_logger.py log_once [line:28] INFO mean_val_loss                 2.2126
2025-04-30 01:43:29,907 simple_logger.py log_once [line:28] INFO std_val_loss                  0.0147
2025-04-30 01:43:29,908 fedbase.py run [line:323] INFO expense           4024210.0
2025-04-30 01:43:29,908 fedbase.py run [line:324] INFO Eval Time Cost:               5.1862s
2025-04-30 01:43:29,908 asyncbase.py iterate [line:68] INFO Select clients [0, 1, 2, 3, 4, 5, 6, 7, 8, 9, 10, 11, 12, 13, 14, 15, 16, 17, 18, 19] at time 5.
2025-04-30 01:43:43,441 asyncbase.py iterate [line:73] INFO Receive new models from clients [19, 8, 10, 4, 7, 6, 0, 9, 17, 15, 12, 2, 3, 13, 11, 14, 1, 18, 5] at time 11
2025-04-30 01:43:43,441 asyncbase.py iterate [line:73] INFO Receive new models from clients [16] at time 12
2025-04-30 01:43:43,563 fedbase.py run [line:318] INFO --------------Round 3--------------
2025-04-30 01:43:43,563 simple_logger.py log_once [line:14] INFO Current_time:12
2025-04-30 01:43:48,733 simple_logger.py log_once [line:28] INFO test_accuracy                 0.3210
2025-04-30 01:43:48,734 simple_logger.py log_once [line:28] INFO test_loss                     2.0431
2025-04-30 01:43:48,734 simple_logger.py log_once [line:28] INFO val_accuracy                  0.2974
2025-04-30 01:43:48,734 simple_logger.py log_once [line:28] INFO mean_val_accuracy             0.2974
2025-04-30 01:43:48,734 simple_logger.py log_once [line:28] INFO std_val_accuracy              0.0167
2025-04-30 01:43:48,734 simple_logger.py log_once [line:28] INFO val_loss                      2.0651
2025-04-30 01:43:48,734 simple_logger.py log_once [line:28] INFO mean_val_loss                 2.0651
2025-04-30 01:43:48,734 simple_logger.py log_once [line:28] INFO std_val_loss                  0.0185
2025-04-30 01:43:48,734 fedbase.py run [line:323] INFO expense           8014020.0
2025-04-30 01:43:48,734 fedbase.py run [line:324] INFO Eval Time Cost:               5.1713s
2025-04-30 01:43:48,734 asyncbase.py iterate [line:68] INFO Select clients [0, 1, 2, 3, 4, 5, 6, 7, 8, 9, 10, 11, 12, 13, 14, 15, 16, 17, 18, 19] at time 13.
2025-04-30 01:44:04,573 asyncbase.py iterate [line:73] INFO Receive new models from clients [19, 11, 5, 4, 2, 1, 0, 13, 10, 9, 7, 12, 17, 6, 3, 16, 18, 14, 15, 8] at time 14
2025-04-30 01:44:04,609 fedbase.py run [line:318] INFO --------------Round 4--------------
2025-04-30 01:44:04,609 simple_logger.py log_once [line:14] INFO Current_time:14
2025-04-30 01:44:09,846 simple_logger.py log_once [line:28] INFO test_accuracy                 0.4016
2025-04-30 01:44:09,846 simple_logger.py log_once [line:28] INFO test_loss                     1.9144
2025-04-30 01:44:09,846 simple_logger.py log_once [line:28] INFO val_accuracy                  0.3855
2025-04-30 01:44:09,846 simple_logger.py log_once [line:28] INFO mean_val_accuracy             0.3855
2025-04-30 01:44:09,846 simple_logger.py log_once [line:28] INFO std_val_accuracy              0.0224
2025-04-30 01:44:09,846 simple_logger.py log_once [line:28] INFO val_loss                      1.9422
2025-04-30 01:44:09,846 simple_logger.py log_once [line:28] INFO mean_val_loss                 1.9422
2025-04-30 01:44:09,847 simple_logger.py log_once [line:28] INFO std_val_loss                  0.0205
2025-04-30 01:44:09,847 fedbase.py run [line:323] INFO expense           8048420.0
2025-04-30 01:44:09,847 fedbase.py run [line:324] INFO Eval Time Cost:               5.2378s
2025-04-30 01:44:09,847 asyncbase.py iterate [line:68] INFO Select clients [0, 1, 2, 3, 4, 5, 6, 7, 8, 9, 10, 11, 12, 13, 14, 15, 16, 17, 18, 19] at time 15.
2025-04-30 01:44:27,095 asyncbase.py iterate [line:73] INFO Receive new models from clients [16, 15, 5, 9, 14, 12, 13, 3, 1, 0, 17, 18, 8, 10, 2, 6, 4, 11, 7] at time 21
2025-04-30 01:44:27,095 asyncbase.py iterate [line:73] INFO Receive new models from clients [19] at time 22
2025-04-30 01:44:27,134 fedbase.py run [line:318] INFO --------------Round 5--------------
2025-04-30 01:44:27,134 simple_logger.py log_once [line:14] INFO Current_time:22
2025-04-30 01:44:32,351 simple_logger.py log_once [line:28] INFO test_accuracy                 0.4462
2025-04-30 01:44:32,351 simple_logger.py log_once [line:28] INFO test_loss                     1.8045
2025-04-30 01:44:32,351 simple_logger.py log_once [line:28] INFO val_accuracy                  0.4329
2025-04-30 01:44:32,351 simple_logger.py log_once [line:28] INFO mean_val_accuracy             0.4329
2025-04-30 01:44:32,351 simple_logger.py log_once [line:28] INFO std_val_accuracy              0.0243
2025-04-30 01:44:32,351 simple_logger.py log_once [line:28] INFO val_loss                      1.8351
2025-04-30 01:44:32,351 simple_logger.py log_once [line:28] INFO mean_val_loss                 1.8351
2025-04-30 01:44:32,351 simple_logger.py log_once [line:28] INFO std_val_loss                  0.0248
2025-04-30 01:44:32,351 fedbase.py run [line:323] INFO expense           8082820.0
2025-04-30 01:44:32,351 fedbase.py run [line:324] INFO Eval Time Cost:               5.2174s
2025-04-30 01:44:32,352 asyncbase.py iterate [line:68] INFO Select clients [0, 1, 2, 3, 4, 5, 6, 7, 8, 9, 10, 11, 12, 13, 14, 15, 16, 17, 18, 19] at time 23.
2025-04-30 01:44:48,305 asyncbase.py iterate [line:73] INFO Receive new models from clients [6, 5, 9, 13, 2, 8, 1, 16, 12, 18, 11, 7, 4, 17, 10, 0, 15, 14] at time 29
2025-04-30 01:44:48,306 asyncbase.py iterate [line:73] INFO Receive new models from clients [3, 19] at time 30
2025-04-30 01:44:48,345 fedbase.py run [line:318] INFO --------------Round 6--------------
2025-04-30 01:44:48,345 simple_logger.py log_once [line:14] INFO Current_time:30
2025-04-30 01:44:53,583 simple_logger.py log_once [line:28] INFO test_accuracy                 0.4825
2025-04-30 01:44:53,583 simple_logger.py log_once [line:28] INFO test_loss                     1.7082
2025-04-30 01:44:53,583 simple_logger.py log_once [line:28] INFO val_accuracy                  0.4656
2025-04-30 01:44:53,584 simple_logger.py log_once [line:28] INFO mean_val_accuracy             0.4656
2025-04-30 01:44:53,584 simple_logger.py log_once [line:28] INFO std_val_accuracy              0.0253
2025-04-30 01:44:53,584 simple_logger.py log_once [line:28] INFO val_loss                      1.7384
2025-04-30 01:44:53,584 simple_logger.py log_once [line:28] INFO mean_val_loss                 1.7384
2025-04-30 01:44:53,584 simple_logger.py log_once [line:28] INFO std_val_loss                  0.0288
2025-04-30 01:44:53,584 fedbase.py run [line:323] INFO expense           8117220.0
2025-04-30 01:44:53,584 fedbase.py run [line:324] INFO Eval Time Cost:               5.2385s
2025-04-30 01:44:53,584 asyncbase.py iterate [line:68] INFO Select clients [0, 1, 2, 3, 4, 5, 6, 7, 8, 9, 10, 11, 12, 13, 14, 15, 16, 17, 18, 19] at time 31.
2025-04-30 01:45:09,420 asyncbase.py iterate [line:73] INFO Receive new models from clients [11, 6, 9, 4, 7, 18, 2, 5, 10, 8, 1, 0, 15, 13, 14, 3, 16, 12, 19] at time 37
2025-04-30 01:45:09,420 asyncbase.py iterate [line:73] INFO Receive new models from clients [17] at time 38
2025-04-30 01:45:09,460 fedbase.py run [line:318] INFO --------------Round 7--------------
2025-04-30 01:45:09,460 simple_logger.py log_once [line:14] INFO Current_time:38
2025-04-30 01:45:14,686 simple_logger.py log_once [line:28] INFO test_accuracy                 0.5224
2025-04-30 01:45:14,686 simple_logger.py log_once [line:28] INFO test_loss                     1.6264
2025-04-30 01:45:14,686 simple_logger.py log_once [line:28] INFO val_accuracy                  0.5111
2025-04-30 01:45:14,686 simple_logger.py log_once [line:28] INFO mean_val_accuracy             0.5111
2025-04-30 01:45:14,686 simple_logger.py log_once [line:28] INFO std_val_accuracy              0.0245
2025-04-30 01:45:14,686 simple_logger.py log_once [line:28] INFO val_loss                      1.6548
2025-04-30 01:45:14,686 simple_logger.py log_once [line:28] INFO mean_val_loss                 1.6548
2025-04-30 01:45:14,686 simple_logger.py log_once [line:28] INFO std_val_loss                  0.0317
2025-04-30 01:45:14,687 fedbase.py run [line:323] INFO expense           8151620.0
2025-04-30 01:45:14,687 fedbase.py run [line:324] INFO Eval Time Cost:               5.2266s
2025-04-30 01:45:14,687 asyncbase.py iterate [line:68] INFO Select clients [0, 1, 2, 3, 4, 5, 6, 7, 8, 9, 10, 11, 12, 13, 14, 15, 16, 17, 18, 19] at time 39.
2025-04-30 01:45:31,093 asyncbase.py iterate [line:73] INFO Receive new models from clients [3, 11, 18, 16, 14, 17, 8, 19, 0, 7, 12, 5, 6, 1, 4, 15, 9] at time 45
2025-04-30 01:45:31,093 asyncbase.py iterate [line:73] INFO Receive new models from clients [2, 10, 13] at time 46
2025-04-30 01:45:31,133 fedbase.py run [line:318] INFO --------------Round 8--------------
2025-04-30 01:45:31,134 simple_logger.py log_once [line:14] INFO Current_time:46
2025-04-30 01:45:36,355 simple_logger.py log_once [line:28] INFO test_accuracy                 0.5405
2025-04-30 01:45:36,355 simple_logger.py log_once [line:28] INFO test_loss                     1.5472
2025-04-30 01:45:36,355 simple_logger.py log_once [line:28] INFO val_accuracy                  0.5299
2025-04-30 01:45:36,356 simple_logger.py log_once [line:28] INFO mean_val_accuracy             0.5299
2025-04-30 01:45:36,356 simple_logger.py log_once [line:28] INFO std_val_accuracy              0.0235
2025-04-30 01:45:36,356 simple_logger.py log_once [line:28] INFO val_loss                      1.5738
2025-04-30 01:45:36,356 simple_logger.py log_once [line:28] INFO mean_val_loss                 1.5738
2025-04-30 01:45:36,356 simple_logger.py log_once [line:28] INFO std_val_loss                  0.0343
2025-04-30 01:45:36,356 fedbase.py run [line:323] INFO expense           8186020.0
2025-04-30 01:45:36,356 fedbase.py run [line:324] INFO Eval Time Cost:               5.2223s
2025-04-30 01:45:36,356 asyncbase.py iterate [line:68] INFO Select clients [0, 1, 2, 3, 4, 5, 6, 7, 8, 9, 10, 11, 12, 13, 14, 15, 16, 17, 18, 19] at time 47.
2025-04-30 01:45:53,732 asyncbase.py iterate [line:73] INFO Receive new models from clients [14, 13, 3, 7, 4, 5, 9, 17, 6, 18, 19, 16, 12, 15, 10, 2] at time 53
2025-04-30 01:45:53,732 asyncbase.py iterate [line:73] INFO Receive new models from clients [8, 11, 0, 1] at time 54
2025-04-30 01:45:53,770 fedbase.py run [line:318] INFO --------------Round 9--------------
2025-04-30 01:45:53,770 simple_logger.py log_once [line:14] INFO Current_time:54
2025-04-30 01:45:58,987 simple_logger.py log_once [line:28] INFO test_accuracy                 0.5608
2025-04-30 01:45:58,987 simple_logger.py log_once [line:28] INFO test_loss                     1.4851
2025-04-30 01:45:58,987 simple_logger.py log_once [line:28] INFO val_accuracy                  0.5475
2025-04-30 01:45:58,987 simple_logger.py log_once [line:28] INFO mean_val_accuracy             0.5475
2025-04-30 01:45:58,987 simple_logger.py log_once [line:28] INFO std_val_accuracy              0.0220
2025-04-30 01:45:58,987 simple_logger.py log_once [line:28] INFO val_loss                      1.5088
2025-04-30 01:45:58,987 simple_logger.py log_once [line:28] INFO mean_val_loss                 1.5088
2025-04-30 01:45:58,987 simple_logger.py log_once [line:28] INFO std_val_loss                  0.0363
2025-04-30 01:45:58,987 fedbase.py run [line:323] INFO expense           8220420.0
2025-04-30 01:45:58,987 fedbase.py run [line:324] INFO Eval Time Cost:               5.2176s
2025-04-30 01:45:58,988 asyncbase.py iterate [line:68] INFO Select clients [0, 1, 2, 3, 4, 5, 6, 7, 8, 9, 10, 11, 12, 13, 14, 15, 16, 17, 18, 19] at time 55.
2025-04-30 01:46:15,421 asyncbase.py iterate [line:73] INFO Receive new models from clients [13, 2, 5, 0, 19, 6, 17, 14, 9, 15, 11, 4, 10, 3, 7, 1, 8, 16, 12, 18] at time 61
2025-04-30 01:46:15,461 fedbase.py run [line:318] INFO --------------Round 10--------------
2025-04-30 01:46:15,461 simple_logger.py log_once [line:14] INFO Current_time:61
2025-04-30 01:46:20,708 simple_logger.py log_once [line:28] INFO test_accuracy                 0.5795
2025-04-30 01:46:20,708 simple_logger.py log_once [line:28] INFO test_loss                     1.4285
2025-04-30 01:46:20,708 simple_logger.py log_once [line:28] INFO val_accuracy                  0.5727
2025-04-30 01:46:20,708 simple_logger.py log_once [line:28] INFO mean_val_accuracy             0.5727
2025-04-30 01:46:20,708 simple_logger.py log_once [line:28] INFO std_val_accuracy              0.0222
2025-04-30 01:46:20,708 simple_logger.py log_once [line:28] INFO val_loss                      1.4495
2025-04-30 01:46:20,708 simple_logger.py log_once [line:28] INFO mean_val_loss                 1.4495
2025-04-30 01:46:20,708 simple_logger.py log_once [line:28] INFO std_val_loss                  0.0378
2025-04-30 01:46:20,708 fedbase.py run [line:323] INFO expense           8254820.0
2025-04-30 01:46:20,708 fedbase.py run [line:324] INFO Eval Time Cost:               5.2472s
2025-04-30 01:46:20,708 asyncbase.py iterate [line:68] INFO Select clients [0, 1, 2, 3, 4, 5, 6, 7, 8, 9, 10, 11, 12, 13, 14, 15, 16, 17, 18, 19] at time 62.
2025-04-30 01:46:36,761 asyncbase.py iterate [line:73] INFO Receive new models from clients [9, 15, 8, 3, 11, 19, 2, 10, 17, 6, 5, 13, 12, 4, 16, 1] at time 68
2025-04-30 01:46:36,762 asyncbase.py iterate [line:73] INFO Receive new models from clients [7, 14, 0, 18] at time 69
2025-04-30 01:46:36,802 fedbase.py run [line:318] INFO --------------Round 11--------------
2025-04-30 01:46:36,802 simple_logger.py log_once [line:14] INFO Current_time:69
2025-04-30 01:46:42,150 simple_logger.py log_once [line:28] INFO test_accuracy                 0.5948
2025-04-30 01:46:42,150 simple_logger.py log_once [line:28] INFO test_loss                     1.3762
2025-04-30 01:46:42,150 simple_logger.py log_once [line:28] INFO val_accuracy                  0.5881
2025-04-30 01:46:42,150 simple_logger.py log_once [line:28] INFO mean_val_accuracy             0.5881
2025-04-30 01:46:42,150 simple_logger.py log_once [line:28] INFO std_val_accuracy              0.0208
2025-04-30 01:46:42,150 simple_logger.py log_once [line:28] INFO val_loss                      1.3948
2025-04-30 01:46:42,150 simple_logger.py log_once [line:28] INFO mean_val_loss                 1.3948
2025-04-30 01:46:42,150 simple_logger.py log_once [line:28] INFO std_val_loss                  0.0385
2025-04-30 01:46:42,150 fedbase.py run [line:323] INFO expense           8289220.0
2025-04-30 01:46:42,150 fedbase.py run [line:324] INFO Eval Time Cost:               5.3486s
2025-04-30 01:46:42,151 asyncbase.py iterate [line:68] INFO Select clients [0, 1, 2, 3, 4, 5, 6, 7, 8, 9, 10, 11, 12, 13, 14, 15, 16, 17, 18, 19] at time 70.
2025-04-30 01:46:58,130 asyncbase.py iterate [line:73] INFO Receive new models from clients [12, 16, 1, 5, 3, 17, 6, 4, 14, 2, 11, 7, 8, 19, 15, 10, 13, 18] at time 76
2025-04-30 01:46:58,130 asyncbase.py iterate [line:73] INFO Receive new models from clients [9, 0] at time 77
2025-04-30 01:46:58,167 fedbase.py run [line:318] INFO --------------Round 12--------------
2025-04-30 01:46:58,168 simple_logger.py log_once [line:14] INFO Current_time:77
2025-04-30 01:47:03,418 simple_logger.py log_once [line:28] INFO test_accuracy                 0.6076
2025-04-30 01:47:03,418 simple_logger.py log_once [line:28] INFO test_loss                     1.3312
2025-04-30 01:47:03,419 simple_logger.py log_once [line:28] INFO val_accuracy                  0.6004
2025-04-30 01:47:03,419 simple_logger.py log_once [line:28] INFO mean_val_accuracy             0.6004
2025-04-30 01:47:03,419 simple_logger.py log_once [line:28] INFO std_val_accuracy              0.0224
2025-04-30 01:47:03,419 simple_logger.py log_once [line:28] INFO val_loss                      1.3477
2025-04-30 01:47:03,419 simple_logger.py log_once [line:28] INFO mean_val_loss                 1.3477
2025-04-30 01:47:03,419 simple_logger.py log_once [line:28] INFO std_val_loss                  0.0402
2025-04-30 01:47:03,419 fedbase.py run [line:323] INFO expense           8323620.0
2025-04-30 01:47:03,419 fedbase.py run [line:324] INFO Eval Time Cost:               5.2514s
2025-04-30 01:47:03,419 asyncbase.py iterate [line:68] INFO Select clients [0, 1, 2, 3, 4, 5, 6, 7, 8, 9, 10, 11, 12, 13, 14, 15, 16, 17, 18, 19] at time 78.
2025-04-30 01:47:19,022 asyncbase.py iterate [line:73] INFO Receive new models from clients [14, 7, 17, 6, 10, 12, 2, 3, 0, 9, 18, 19, 13, 1, 16, 5, 4] at time 84
2025-04-30 01:47:19,023 asyncbase.py iterate [line:73] INFO Receive new models from clients [11, 15, 8] at time 85
2025-04-30 01:47:19,060 fedbase.py run [line:318] INFO --------------Round 13--------------
2025-04-30 01:47:19,061 simple_logger.py log_once [line:14] INFO Current_time:85
2025-04-30 01:47:24,314 simple_logger.py log_once [line:28] INFO test_accuracy                 0.6155
2025-04-30 01:47:24,314 simple_logger.py log_once [line:28] INFO test_loss                     1.2907
2025-04-30 01:47:24,314 simple_logger.py log_once [line:28] INFO val_accuracy                  0.6101
2025-04-30 01:47:24,314 simple_logger.py log_once [line:28] INFO mean_val_accuracy             0.6101
2025-04-30 01:47:24,314 simple_logger.py log_once [line:28] INFO std_val_accuracy              0.0210
2025-04-30 01:47:24,314 simple_logger.py log_once [line:28] INFO val_loss                      1.3043
2025-04-30 01:47:24,314 simple_logger.py log_once [line:28] INFO mean_val_loss                 1.3043
2025-04-30 01:47:24,314 simple_logger.py log_once [line:28] INFO std_val_loss                  0.0410
2025-04-30 01:47:24,314 fedbase.py run [line:323] INFO expense           8358020.0
2025-04-30 01:47:24,314 fedbase.py run [line:324] INFO Eval Time Cost:               5.2537s
2025-04-30 01:47:24,314 asyncbase.py iterate [line:68] INFO Select clients [0, 1, 2, 3, 4, 5, 6, 7, 8, 9, 10, 11, 12, 13, 14, 15, 16, 17, 18, 19] at time 86.
2025-04-30 01:47:40,664 asyncbase.py iterate [line:73] INFO Receive new models from clients [10, 6, 19, 5, 8, 17, 15, 18, 1, 0, 16, 13, 2, 7, 4, 14, 12, 9] at time 92
2025-04-30 01:47:40,664 asyncbase.py iterate [line:73] INFO Receive new models from clients [3, 11] at time 93
2025-04-30 01:47:40,702 fedbase.py run [line:318] INFO --------------Round 14--------------
2025-04-30 01:47:40,702 simple_logger.py log_once [line:14] INFO Current_time:93
2025-04-30 01:47:45,939 simple_logger.py log_once [line:28] INFO test_accuracy                 0.6265
2025-04-30 01:47:45,940 simple_logger.py log_once [line:28] INFO test_loss                     1.2510
2025-04-30 01:47:45,940 simple_logger.py log_once [line:28] INFO val_accuracy                  0.6199
2025-04-30 01:47:45,940 simple_logger.py log_once [line:28] INFO mean_val_accuracy             0.6199
2025-04-30 01:47:45,940 simple_logger.py log_once [line:28] INFO std_val_accuracy              0.0175
2025-04-30 01:47:45,940 simple_logger.py log_once [line:28] INFO val_loss                      1.2628
2025-04-30 01:47:45,940 simple_logger.py log_once [line:28] INFO mean_val_loss                 1.2628
2025-04-30 01:47:45,940 simple_logger.py log_once [line:28] INFO std_val_loss                  0.0413
2025-04-30 01:47:45,940 fedbase.py run [line:323] INFO expense           8392420.0
2025-04-30 01:47:45,940 fedbase.py run [line:324] INFO Eval Time Cost:               5.2382s
2025-04-30 01:47:45,940 asyncbase.py iterate [line:68] INFO Select clients [0, 1, 2, 3, 4, 5, 6, 7, 8, 9, 10, 11, 12, 13, 14, 15, 16, 17, 18, 19] at time 94.
2025-04-30 01:48:02,090 asyncbase.py iterate [line:73] INFO Receive new models from clients [1, 17, 10, 0, 5, 9, 8, 6, 3, 15, 19, 4, 18, 2, 7, 12, 16, 11] at time 100
2025-04-30 01:48:02,090 asyncbase.py iterate [line:73] INFO Receive new models from clients [13, 14] at time 101
2025-04-30 01:48:02,130 fedbase.py run [line:318] INFO --------------Round 15--------------
2025-04-30 01:48:02,130 simple_logger.py log_once [line:14] INFO Current_time:101
2025-04-30 01:48:07,348 simple_logger.py log_once [line:28] INFO test_accuracy                 0.6352
2025-04-30 01:48:07,348 simple_logger.py log_once [line:28] INFO test_loss                     1.2174
2025-04-30 01:48:07,348 simple_logger.py log_once [line:28] INFO val_accuracy                  0.6366
2025-04-30 01:48:07,348 simple_logger.py log_once [line:28] INFO mean_val_accuracy             0.6366
2025-04-30 01:48:07,348 simple_logger.py log_once [line:28] INFO std_val_accuracy              0.0216
2025-04-30 01:48:07,349 simple_logger.py log_once [line:28] INFO val_loss                      1.2272
2025-04-30 01:48:07,349 simple_logger.py log_once [line:28] INFO mean_val_loss                 1.2272
2025-04-30 01:48:07,349 simple_logger.py log_once [line:28] INFO std_val_loss                  0.0426
2025-04-30 01:48:07,349 fedbase.py run [line:323] INFO expense           8426820.0
2025-04-30 01:48:07,349 fedbase.py run [line:324] INFO Eval Time Cost:               5.2190s
2025-04-30 01:48:07,349 asyncbase.py iterate [line:68] INFO Select clients [0, 1, 2, 3, 4, 5, 6, 7, 8, 9, 10, 11, 12, 13, 14, 15, 16, 17, 18, 19] at time 102.
2025-04-30 01:48:23,152 asyncbase.py iterate [line:73] INFO Receive new models from clients [5, 18, 7, 15, 16, 10, 3, 14, 4, 11, 8, 0, 1, 19, 17, 2, 9, 13] at time 108
2025-04-30 01:48:23,152 asyncbase.py iterate [line:73] INFO Receive new models from clients [6, 12] at time 109
2025-04-30 01:48:23,191 fedbase.py run [line:318] INFO --------------Round 16--------------
2025-04-30 01:48:23,191 simple_logger.py log_once [line:14] INFO Current_time:109
2025-04-30 01:48:28,442 simple_logger.py log_once [line:28] INFO test_accuracy                 0.6464
2025-04-30 01:48:28,442 simple_logger.py log_once [line:28] INFO test_loss                     1.1855
2025-04-30 01:48:28,442 simple_logger.py log_once [line:28] INFO val_accuracy                  0.6447
2025-04-30 01:48:28,442 simple_logger.py log_once [line:28] INFO mean_val_accuracy             0.6447
2025-04-30 01:48:28,442 simple_logger.py log_once [line:28] INFO std_val_accuracy              0.0202
2025-04-30 01:48:28,443 simple_logger.py log_once [line:28] INFO val_loss                      1.1934
2025-04-30 01:48:28,443 simple_logger.py log_once [line:28] INFO mean_val_loss                 1.1934
2025-04-30 01:48:28,443 simple_logger.py log_once [line:28] INFO std_val_loss                  0.0421
2025-04-30 01:48:28,443 fedbase.py run [line:323] INFO expense           8461220.0
2025-04-30 01:48:28,443 fedbase.py run [line:324] INFO Eval Time Cost:               5.2516s
2025-04-30 01:48:28,443 asyncbase.py iterate [line:68] INFO Select clients [0, 1, 2, 3, 4, 5, 6, 7, 8, 9, 10, 11, 12, 13, 14, 15, 16, 17, 18, 19] at time 110.
2025-04-30 01:48:43,811 asyncbase.py iterate [line:73] INFO Receive new models from clients [2, 18, 8, 7, 5, 12, 1, 15, 13, 16, 3, 10, 4, 11, 19, 9] at time 116
2025-04-30 01:48:43,811 asyncbase.py iterate [line:73] INFO Receive new models from clients [6, 17, 14, 0] at time 117
2025-04-30 01:48:43,850 fedbase.py run [line:318] INFO --------------Round 17--------------
2025-04-30 01:48:43,850 simple_logger.py log_once [line:14] INFO Current_time:117
2025-04-30 01:48:49,131 simple_logger.py log_once [line:28] INFO test_accuracy                 0.6550
2025-04-30 01:48:49,131 simple_logger.py log_once [line:28] INFO test_loss                     1.1567
2025-04-30 01:48:49,131 simple_logger.py log_once [line:28] INFO val_accuracy                  0.6511
2025-04-30 01:48:49,131 simple_logger.py log_once [line:28] INFO mean_val_accuracy             0.6511
2025-04-30 01:48:49,131 simple_logger.py log_once [line:28] INFO std_val_accuracy              0.0233
2025-04-30 01:48:49,131 simple_logger.py log_once [line:28] INFO val_loss                      1.1631
2025-04-30 01:48:49,131 simple_logger.py log_once [line:28] INFO mean_val_loss                 1.1631
2025-04-30 01:48:49,131 simple_logger.py log_once [line:28] INFO std_val_loss                  0.0438
2025-04-30 01:48:49,131 fedbase.py run [line:323] INFO expense           8495620.0
2025-04-30 01:48:49,131 fedbase.py run [line:324] INFO Eval Time Cost:               5.2810s
2025-04-30 01:48:49,131 asyncbase.py iterate [line:68] INFO Select clients [0, 1, 2, 3, 4, 5, 6, 7, 8, 9, 10, 11, 12, 13, 14, 15, 16, 17, 18, 19] at time 118.
2025-04-30 01:49:05,249 asyncbase.py iterate [line:73] INFO Receive new models from clients [18, 0, 6, 5, 11, 16, 10, 4, 8, 1, 3, 15, 7, 2, 13, 17, 14] at time 124
2025-04-30 01:49:05,249 asyncbase.py iterate [line:73] INFO Receive new models from clients [9, 19, 12] at time 125
2025-04-30 01:49:05,286 fedbase.py run [line:318] INFO --------------Round 18--------------
2025-04-30 01:49:05,286 simple_logger.py log_once [line:14] INFO Current_time:125
2025-04-30 01:49:10,592 simple_logger.py log_once [line:28] INFO test_accuracy                 0.6676
2025-04-30 01:49:10,592 simple_logger.py log_once [line:28] INFO test_loss                     1.1277
2025-04-30 01:49:10,592 simple_logger.py log_once [line:28] INFO val_accuracy                  0.6646
2025-04-30 01:49:10,593 simple_logger.py log_once [line:28] INFO mean_val_accuracy             0.6646
2025-04-30 01:49:10,593 simple_logger.py log_once [line:28] INFO std_val_accuracy              0.0209
2025-04-30 01:49:10,593 simple_logger.py log_once [line:28] INFO val_loss                      1.1324
2025-04-30 01:49:10,593 simple_logger.py log_once [line:28] INFO mean_val_loss                 1.1324
2025-04-30 01:49:10,593 simple_logger.py log_once [line:28] INFO std_val_loss                  0.0443
2025-04-30 01:49:10,593 fedbase.py run [line:323] INFO expense           8530020.0
2025-04-30 01:49:10,593 fedbase.py run [line:324] INFO Eval Time Cost:               5.3067s
2025-04-30 01:49:10,593 asyncbase.py iterate [line:68] INFO Select clients [0, 1, 2, 3, 4, 5, 6, 7, 8, 9, 10, 11, 12, 13, 14, 15, 16, 17, 18, 19] at time 126.
2025-04-30 01:49:26,804 asyncbase.py iterate [line:73] INFO Receive new models from clients [0, 13, 11, 7, 4, 12, 19, 2, 9, 15, 5, 3, 18] at time 132
2025-04-30 01:49:26,804 asyncbase.py iterate [line:73] INFO Receive new models from clients [10, 6, 16, 8, 1, 17, 14] at time 133
2025-04-30 01:49:26,842 fedbase.py run [line:318] INFO --------------Round 19--------------
2025-04-30 01:49:26,842 simple_logger.py log_once [line:14] INFO Current_time:133
2025-04-30 01:49:32,076 simple_logger.py log_once [line:28] INFO test_accuracy                 0.6758
2025-04-30 01:49:32,076 simple_logger.py log_once [line:28] INFO test_loss                     1.1032
2025-04-30 01:49:32,076 simple_logger.py log_once [line:28] INFO val_accuracy                  0.6727
2025-04-30 01:49:32,077 simple_logger.py log_once [line:28] INFO mean_val_accuracy             0.6727
2025-04-30 01:49:32,077 simple_logger.py log_once [line:28] INFO std_val_accuracy              0.0198
2025-04-30 01:49:32,077 simple_logger.py log_once [line:28] INFO val_loss                      1.1067
2025-04-30 01:49:32,077 simple_logger.py log_once [line:28] INFO mean_val_loss                 1.1067
2025-04-30 01:49:32,077 simple_logger.py log_once [line:28] INFO std_val_loss                  0.0456
2025-04-30 01:49:32,077 fedbase.py run [line:323] INFO expense           8564420.0
2025-04-30 01:49:32,077 fedbase.py run [line:324] INFO Eval Time Cost:               5.2350s
2025-04-30 01:49:32,077 asyncbase.py iterate [line:68] INFO Select clients [0, 1, 2, 3, 4, 5, 6, 7, 8, 9, 10, 11, 12, 13, 14, 15, 16, 17, 18, 19] at time 134.
2025-04-30 01:49:48,535 asyncbase.py iterate [line:73] INFO Receive new models from clients [8, 7, 12, 4, 14, 0, 3, 17, 2, 11, 16, 10, 15, 6, 19, 5, 13, 1, 18] at time 140
2025-04-30 01:49:48,536 asyncbase.py iterate [line:73] INFO Receive new models from clients [9] at time 141
2025-04-30 01:49:48,590 fedbase.py run [line:318] INFO --------------Round 20--------------
2025-04-30 01:49:48,590 simple_logger.py log_once [line:14] INFO Current_time:141
2025-04-30 01:49:54,031 simple_logger.py log_once [line:28] INFO test_accuracy                 0.6809
2025-04-30 01:49:54,031 simple_logger.py log_once [line:28] INFO test_loss                     1.0806
2025-04-30 01:49:54,031 simple_logger.py log_once [line:28] INFO val_accuracy                  0.6796
2025-04-30 01:49:54,031 simple_logger.py log_once [line:28] INFO mean_val_accuracy             0.6796
2025-04-30 01:49:54,031 simple_logger.py log_once [line:28] INFO std_val_accuracy              0.0215
2025-04-30 01:49:54,031 simple_logger.py log_once [line:28] INFO val_loss                      1.0819
2025-04-30 01:49:54,031 simple_logger.py log_once [line:28] INFO mean_val_loss                 1.0819
2025-04-30 01:49:54,031 simple_logger.py log_once [line:28] INFO std_val_loss                  0.0455
2025-04-30 01:49:54,031 fedbase.py run [line:323] INFO expense           8598820.0
2025-04-30 01:49:54,031 fedbase.py run [line:324] INFO Eval Time Cost:               5.4415s
2025-04-30 01:49:54,031 asyncbase.py iterate [line:68] INFO Select clients [0, 1, 2, 3, 4, 5, 6, 7, 8, 9, 10, 11, 12, 13, 14, 15, 16, 17, 18, 19] at time 142.
2025-04-30 01:50:10,683 asyncbase.py iterate [line:73] INFO Receive new models from clients [0, 5, 6, 1, 18, 2, 3, 17, 19, 4, 8, 13, 11, 12, 15, 9, 14] at time 148
2025-04-30 01:50:10,683 asyncbase.py iterate [line:73] INFO Receive new models from clients [16, 7, 10] at time 149
2025-04-30 01:50:10,722 fedbase.py run [line:318] INFO --------------Round 21--------------
2025-04-30 01:50:10,723 simple_logger.py log_once [line:14] INFO Current_time:149
2025-04-30 01:50:15,948 simple_logger.py log_once [line:28] INFO test_accuracy                 0.6858
2025-04-30 01:50:15,948 simple_logger.py log_once [line:28] INFO test_loss                     1.0622
2025-04-30 01:50:15,948 simple_logger.py log_once [line:28] INFO val_accuracy                  0.6843
2025-04-30 01:50:15,948 simple_logger.py log_once [line:28] INFO mean_val_accuracy             0.6843
2025-04-30 01:50:15,948 simple_logger.py log_once [line:28] INFO std_val_accuracy              0.0196
2025-04-30 01:50:15,949 simple_logger.py log_once [line:28] INFO val_loss                      1.0622
2025-04-30 01:50:15,949 simple_logger.py log_once [line:28] INFO mean_val_loss                 1.0622
2025-04-30 01:50:15,949 simple_logger.py log_once [line:28] INFO std_val_loss                  0.0460
2025-04-30 01:50:15,949 fedbase.py run [line:323] INFO expense           8633220.0
2025-04-30 01:50:15,949 fedbase.py run [line:324] INFO Eval Time Cost:               5.2261s
2025-04-30 01:50:15,949 asyncbase.py iterate [line:68] INFO Select clients [0, 1, 2, 3, 4, 5, 6, 7, 8, 9, 10, 11, 12, 13, 14, 15, 16, 17, 18, 19] at time 150.
2025-04-30 01:50:31,876 asyncbase.py iterate [line:73] INFO Receive new models from clients [0, 2, 13, 17, 12, 11, 8, 18, 14, 1, 16, 9, 6, 15, 7, 5, 19, 10, 3, 4] at time 156
2025-04-30 01:50:31,914 tucker.py package_handler [line:154] INFO next round23 update basic
2025-04-30 01:50:31,915 fedbase.py run [line:318] INFO --------------Round 22--------------
2025-04-30 01:50:31,915 simple_logger.py log_once [line:14] INFO Current_time:156
2025-04-30 01:50:37,166 simple_logger.py log_once [line:28] INFO test_accuracy                 0.6850
2025-04-30 01:50:37,166 simple_logger.py log_once [line:28] INFO test_loss                     1.0508
2025-04-30 01:50:37,166 simple_logger.py log_once [line:28] INFO val_accuracy                  0.6847
2025-04-30 01:50:37,166 simple_logger.py log_once [line:28] INFO mean_val_accuracy             0.6847
2025-04-30 01:50:37,166 simple_logger.py log_once [line:28] INFO std_val_accuracy              0.0196
2025-04-30 01:50:37,166 simple_logger.py log_once [line:28] INFO val_loss                      1.0481
2025-04-30 01:50:37,166 simple_logger.py log_once [line:28] INFO mean_val_loss                 1.0481
2025-04-30 01:50:37,166 simple_logger.py log_once [line:28] INFO std_val_loss                  0.0484
2025-04-30 01:50:37,167 fedbase.py run [line:323] INFO expense           8667620.0
2025-04-30 01:50:37,167 fedbase.py run [line:324] INFO Eval Time Cost:               5.2515s
2025-04-30 01:50:37,167 asyncbase.py iterate [line:68] INFO Select clients [0, 1, 2, 3, 4, 5, 6, 7, 8, 9, 10, 11, 12, 13, 14, 15, 16, 17, 18, 19] at time 157.
2025-04-30 01:50:51,797 asyncbase.py iterate [line:73] INFO Receive new models from clients [15, 12, 19, 2, 9, 11, 6, 1, 17, 18, 8, 0, 13, 5, 7] at time 163
2025-04-30 01:50:51,798 asyncbase.py iterate [line:73] INFO Receive new models from clients [4, 3, 14, 16, 10] at time 164
2025-04-30 01:50:51,922 fedbase.py run [line:318] INFO --------------Round 23--------------
2025-04-30 01:50:51,922 simple_logger.py log_once [line:14] INFO Current_time:164
2025-04-30 01:50:57,196 simple_logger.py log_once [line:28] INFO test_accuracy                 0.7507
2025-04-30 01:50:57,196 simple_logger.py log_once [line:28] INFO test_loss                     0.8889
2025-04-30 01:50:57,196 simple_logger.py log_once [line:28] INFO val_accuracy                  0.7496
2025-04-30 01:50:57,196 simple_logger.py log_once [line:28] INFO mean_val_accuracy             0.7496
2025-04-30 01:50:57,196 simple_logger.py log_once [line:28] INFO std_val_accuracy              0.0190
2025-04-30 01:50:57,196 simple_logger.py log_once [line:28] INFO val_loss                      0.8812
2025-04-30 01:50:57,196 simple_logger.py log_once [line:28] INFO mean_val_loss                 0.8812
2025-04-30 01:50:57,196 simple_logger.py log_once [line:28] INFO std_val_loss                  0.0466
2025-04-30 01:50:57,196 fedbase.py run [line:323] INFO expense           12657430.0
2025-04-30 01:50:57,196 fedbase.py run [line:324] INFO Eval Time Cost:               5.2742s
2025-04-30 01:50:57,196 asyncbase.py iterate [line:68] INFO Select clients [0, 1, 2, 3, 4, 5, 6, 7, 8, 9, 10, 11, 12, 13, 14, 15, 16, 17, 18, 19] at time 165.
2025-04-30 01:51:13,498 asyncbase.py iterate [line:73] INFO Receive new models from clients [6, 3, 14, 18, 12, 8, 4, 16, 15, 5, 9, 19, 17, 0, 1, 13, 7, 11, 2, 10] at time 166
2025-04-30 01:51:13,551 fedbase.py run [line:318] INFO --------------Round 24--------------
2025-04-30 01:51:13,552 simple_logger.py log_once [line:14] INFO Current_time:166
2025-04-30 01:51:19,065 simple_logger.py log_once [line:28] INFO test_accuracy                 0.7563
2025-04-30 01:51:19,065 simple_logger.py log_once [line:28] INFO test_loss                     0.8713
2025-04-30 01:51:19,065 simple_logger.py log_once [line:28] INFO val_accuracy                  0.7507
2025-04-30 01:51:19,065 simple_logger.py log_once [line:28] INFO mean_val_accuracy             0.7507
2025-04-30 01:51:19,065 simple_logger.py log_once [line:28] INFO std_val_accuracy              0.0210
2025-04-30 01:51:19,065 simple_logger.py log_once [line:28] INFO val_loss                      0.8672
2025-04-30 01:51:19,065 simple_logger.py log_once [line:28] INFO mean_val_loss                 0.8672
2025-04-30 01:51:19,065 simple_logger.py log_once [line:28] INFO std_val_loss                  0.0459
2025-04-30 01:51:19,065 fedbase.py run [line:323] INFO expense           12691830.0
2025-04-30 01:51:19,065 fedbase.py run [line:324] INFO Eval Time Cost:               5.5137s
2025-04-30 01:51:19,065 asyncbase.py iterate [line:68] INFO Select clients [0, 1, 2, 3, 4, 5, 6, 7, 8, 9, 10, 11, 12, 13, 14, 15, 16, 17, 18, 19] at time 167.
2025-04-30 01:51:36,782 asyncbase.py iterate [line:73] INFO Receive new models from clients [6, 3, 12, 17, 10, 5, 8, 16, 13, 15, 14, 4, 19, 7, 0, 9, 1, 2, 18] at time 173
2025-04-30 01:51:36,782 asyncbase.py iterate [line:73] INFO Receive new models from clients [11] at time 174
2025-04-30 01:51:36,821 fedbase.py run [line:318] INFO --------------Round 25--------------
2025-04-30 01:51:36,821 simple_logger.py log_once [line:14] INFO Current_time:174
2025-04-30 01:51:42,082 simple_logger.py log_once [line:28] INFO test_accuracy                 0.7599
2025-04-30 01:51:42,082 simple_logger.py log_once [line:28] INFO test_loss                     0.8596
2025-04-30 01:51:42,082 simple_logger.py log_once [line:28] INFO val_accuracy                  0.7577
2025-04-30 01:51:42,082 simple_logger.py log_once [line:28] INFO mean_val_accuracy             0.7577
2025-04-30 01:51:42,082 simple_logger.py log_once [line:28] INFO std_val_accuracy              0.0210
2025-04-30 01:51:42,082 simple_logger.py log_once [line:28] INFO val_loss                      0.8518
2025-04-30 01:51:42,082 simple_logger.py log_once [line:28] INFO mean_val_loss                 0.8518
2025-04-30 01:51:42,082 simple_logger.py log_once [line:28] INFO std_val_loss                  0.0466
2025-04-30 01:51:42,083 fedbase.py run [line:323] INFO expense           12726230.0
2025-04-30 01:51:42,083 fedbase.py run [line:324] INFO Eval Time Cost:               5.2613s
2025-04-30 01:51:42,083 asyncbase.py iterate [line:68] INFO Select clients [0, 1, 2, 3, 4, 5, 6, 7, 8, 9, 10, 11, 12, 13, 14, 15, 16, 17, 18, 19] at time 175.
2025-04-30 01:51:59,109 asyncbase.py iterate [line:73] INFO Receive new models from clients [17, 6, 9, 10, 0, 14, 19, 12, 18, 2, 11, 15, 3, 1, 5, 4, 13] at time 181
2025-04-30 01:51:59,109 asyncbase.py iterate [line:73] INFO Receive new models from clients [16, 7, 8] at time 182
2025-04-30 01:51:59,146 fedbase.py run [line:318] INFO --------------Round 26--------------
2025-04-30 01:51:59,146 simple_logger.py log_once [line:14] INFO Current_time:182
2025-04-30 01:52:04,341 simple_logger.py log_once [line:28] INFO test_accuracy                 0.7639
2025-04-30 01:52:04,341 simple_logger.py log_once [line:28] INFO test_loss                     0.8463
2025-04-30 01:52:04,341 simple_logger.py log_once [line:28] INFO val_accuracy                  0.7609
2025-04-30 01:52:04,341 simple_logger.py log_once [line:28] INFO mean_val_accuracy             0.7609
2025-04-30 01:52:04,341 simple_logger.py log_once [line:28] INFO std_val_accuracy              0.0188
2025-04-30 01:52:04,341 simple_logger.py log_once [line:28] INFO val_loss                      0.8389
2025-04-30 01:52:04,341 simple_logger.py log_once [line:28] INFO mean_val_loss                 0.8389
2025-04-30 01:52:04,341 simple_logger.py log_once [line:28] INFO std_val_loss                  0.0469
2025-04-30 01:52:04,341 fedbase.py run [line:323] INFO expense           12760630.0
2025-04-30 01:52:04,341 fedbase.py run [line:324] INFO Eval Time Cost:               5.1947s
2025-04-30 01:52:04,341 asyncbase.py iterate [line:68] INFO Select clients [0, 1, 2, 3, 4, 5, 6, 7, 8, 9, 10, 11, 12, 13, 14, 15, 16, 17, 18, 19] at time 183.
2025-04-30 01:52:20,752 asyncbase.py iterate [line:73] INFO Receive new models from clients [17, 6, 16, 14, 1, 10, 18, 19, 15, 0, 3, 2, 8, 11, 5, 4, 7, 12, 13] at time 189
2025-04-30 01:52:20,752 asyncbase.py iterate [line:73] INFO Receive new models from clients [9] at time 190
2025-04-30 01:52:20,790 fedbase.py run [line:318] INFO --------------Round 27--------------
2025-04-30 01:52:20,790 simple_logger.py log_once [line:14] INFO Current_time:190
2025-04-30 01:52:25,985 simple_logger.py log_once [line:28] INFO test_accuracy                 0.7691
2025-04-30 01:52:25,985 simple_logger.py log_once [line:28] INFO test_loss                     0.8342
2025-04-30 01:52:25,985 simple_logger.py log_once [line:28] INFO val_accuracy                  0.7652
2025-04-30 01:52:25,985 simple_logger.py log_once [line:28] INFO mean_val_accuracy             0.7652
2025-04-30 01:52:25,985 simple_logger.py log_once [line:28] INFO std_val_accuracy              0.0205
2025-04-30 01:52:25,985 simple_logger.py log_once [line:28] INFO val_loss                      0.8240
2025-04-30 01:52:25,985 simple_logger.py log_once [line:28] INFO mean_val_loss                 0.8240
2025-04-30 01:52:25,985 simple_logger.py log_once [line:28] INFO std_val_loss                  0.0483
2025-04-30 01:52:25,985 fedbase.py run [line:323] INFO expense           12795030.0
2025-04-30 01:52:25,985 fedbase.py run [line:324] INFO Eval Time Cost:               5.1951s
2025-04-30 01:52:25,986 asyncbase.py iterate [line:68] INFO Select clients [0, 1, 2, 3, 4, 5, 6, 7, 8, 9, 10, 11, 12, 13, 14, 15, 16, 17, 18, 19] at time 191.
2025-04-30 01:52:41,566 asyncbase.py iterate [line:73] INFO Receive new models from clients [3, 12, 17, 5, 7, 11, 13, 16, 6, 1, 15, 10, 0, 14, 8, 18, 4] at time 197
2025-04-30 01:52:41,567 asyncbase.py iterate [line:73] INFO Receive new models from clients [19, 2, 9] at time 198
2025-04-30 01:52:41,603 fedbase.py run [line:318] INFO --------------Round 28--------------
2025-04-30 01:52:41,603 simple_logger.py log_once [line:14] INFO Current_time:198
2025-04-30 01:52:46,788 simple_logger.py log_once [line:28] INFO test_accuracy                 0.7714
2025-04-30 01:52:46,788 simple_logger.py log_once [line:28] INFO test_loss                     0.8244
2025-04-30 01:52:46,788 simple_logger.py log_once [line:28] INFO val_accuracy                  0.7712
2025-04-30 01:52:46,788 simple_logger.py log_once [line:28] INFO mean_val_accuracy             0.7712
2025-04-30 01:52:46,788 simple_logger.py log_once [line:28] INFO std_val_accuracy              0.0204
2025-04-30 01:52:46,788 simple_logger.py log_once [line:28] INFO val_loss                      0.8115
2025-04-30 01:52:46,788 simple_logger.py log_once [line:28] INFO mean_val_loss                 0.8115
2025-04-30 01:52:46,788 simple_logger.py log_once [line:28] INFO std_val_loss                  0.0487
2025-04-30 01:52:46,788 fedbase.py run [line:323] INFO expense           12829430.0
2025-04-30 01:52:46,788 fedbase.py run [line:324] INFO Eval Time Cost:               5.1855s
2025-04-30 01:52:46,788 asyncbase.py iterate [line:68] INFO Select clients [0, 1, 2, 3, 4, 5, 6, 7, 8, 9, 10, 11, 12, 13, 14, 15, 16, 17, 18, 19] at time 199.
2025-04-30 01:53:03,795 asyncbase.py iterate [line:73] INFO Receive new models from clients [9, 12, 3, 17, 5, 10, 4, 11, 19, 18, 1, 7, 15, 13, 6, 16, 0, 2] at time 205
2025-04-30 01:53:03,796 asyncbase.py iterate [line:73] INFO Receive new models from clients [14, 8] at time 206
2025-04-30 01:53:03,832 fedbase.py run [line:318] INFO --------------Round 29--------------
2025-04-30 01:53:03,832 simple_logger.py log_once [line:14] INFO Current_time:206
2025-04-30 01:53:09,092 simple_logger.py log_once [line:28] INFO test_accuracy                 0.7756
2025-04-30 01:53:09,093 simple_logger.py log_once [line:28] INFO test_loss                     0.8132
2025-04-30 01:53:09,093 simple_logger.py log_once [line:28] INFO val_accuracy                  0.7725
2025-04-30 01:53:09,093 simple_logger.py log_once [line:28] INFO mean_val_accuracy             0.7725
2025-04-30 01:53:09,093 simple_logger.py log_once [line:28] INFO std_val_accuracy              0.0201
2025-04-30 01:53:09,093 simple_logger.py log_once [line:28] INFO val_loss                      0.8017
2025-04-30 01:53:09,093 simple_logger.py log_once [line:28] INFO mean_val_loss                 0.8017
2025-04-30 01:53:09,093 simple_logger.py log_once [line:28] INFO std_val_loss                  0.0484
2025-04-30 01:53:09,093 fedbase.py run [line:323] INFO expense           12863830.0
2025-04-30 01:53:09,093 fedbase.py run [line:324] INFO Eval Time Cost:               5.2607s
2025-04-30 01:53:09,093 asyncbase.py iterate [line:68] INFO Select clients [0, 1, 2, 3, 4, 5, 6, 7, 8, 9, 10, 11, 12, 13, 14, 15, 16, 17, 18, 19] at time 207.
2025-04-30 01:53:25,365 asyncbase.py iterate [line:73] INFO Receive new models from clients [10, 6, 8, 9, 12, 14, 1, 4, 11, 5, 2, 16, 7, 13, 18, 19, 0, 17, 15] at time 213
2025-04-30 01:53:25,365 asyncbase.py iterate [line:73] INFO Receive new models from clients [3] at time 214
2025-04-30 01:53:25,403 fedbase.py run [line:318] INFO --------------Round 30--------------
2025-04-30 01:53:25,403 simple_logger.py log_once [line:14] INFO Current_time:214
2025-04-30 01:53:30,630 simple_logger.py log_once [line:28] INFO test_accuracy                 0.7753
2025-04-30 01:53:30,630 simple_logger.py log_once [line:28] INFO test_loss                     0.8068
2025-04-30 01:53:30,630 simple_logger.py log_once [line:28] INFO val_accuracy                  0.7724
2025-04-30 01:53:30,630 simple_logger.py log_once [line:28] INFO mean_val_accuracy             0.7724
2025-04-30 01:53:30,631 simple_logger.py log_once [line:28] INFO std_val_accuracy              0.0195
2025-04-30 01:53:30,631 simple_logger.py log_once [line:28] INFO val_loss                      0.7914
2025-04-30 01:53:30,631 simple_logger.py log_once [line:28] INFO mean_val_loss                 0.7914
2025-04-30 01:53:30,631 simple_logger.py log_once [line:28] INFO std_val_loss                  0.0496
2025-04-30 01:53:30,631 fedbase.py run [line:323] INFO expense           12898230.0
2025-04-30 01:53:30,631 fedbase.py run [line:324] INFO Eval Time Cost:               5.2279s
2025-04-30 01:53:30,631 asyncbase.py iterate [line:68] INFO Select clients [0, 1, 2, 3, 4, 5, 6, 7, 8, 9, 10, 11, 12, 13, 14, 15, 16, 17, 18, 19] at time 215.
2025-04-30 01:53:47,043 asyncbase.py iterate [line:73] INFO Receive new models from clients [6, 7, 13, 4, 8, 5, 14, 2, 0, 19, 16, 12, 15, 18, 10, 11, 3] at time 221
2025-04-30 01:53:47,043 asyncbase.py iterate [line:73] INFO Receive new models from clients [1, 9, 17] at time 222
2025-04-30 01:53:47,079 fedbase.py run [line:318] INFO --------------Round 31--------------
2025-04-30 01:53:47,079 simple_logger.py log_once [line:14] INFO Current_time:222
2025-04-30 01:53:52,350 simple_logger.py log_once [line:28] INFO test_accuracy                 0.7775
2025-04-30 01:53:52,350 simple_logger.py log_once [line:28] INFO test_loss                     0.7983
2025-04-30 01:53:52,350 simple_logger.py log_once [line:28] INFO val_accuracy                  0.7766
2025-04-30 01:53:52,350 simple_logger.py log_once [line:28] INFO mean_val_accuracy             0.7766
2025-04-30 01:53:52,350 simple_logger.py log_once [line:28] INFO std_val_accuracy              0.0194
2025-04-30 01:53:52,351 simple_logger.py log_once [line:28] INFO val_loss                      0.7834
2025-04-30 01:53:52,351 simple_logger.py log_once [line:28] INFO mean_val_loss                 0.7834
2025-04-30 01:53:52,351 simple_logger.py log_once [line:28] INFO std_val_loss                  0.0492
2025-04-30 01:53:52,351 fedbase.py run [line:323] INFO expense           12932630.0
2025-04-30 01:53:52,351 fedbase.py run [line:324] INFO Eval Time Cost:               5.2715s
2025-04-30 01:53:52,351 asyncbase.py iterate [line:68] INFO Select clients [0, 1, 2, 3, 4, 5, 6, 7, 8, 9, 10, 11, 12, 13, 14, 15, 16, 17, 18, 19] at time 223.
2025-04-30 01:54:09,391 asyncbase.py iterate [line:73] INFO Receive new models from clients [10, 8, 19, 14, 5, 1, 0, 13, 16, 9, 7, 15, 17, 6, 18, 4, 2] at time 229
2025-04-30 01:54:09,392 asyncbase.py iterate [line:73] INFO Receive new models from clients [12, 3, 11] at time 230
2025-04-30 01:54:09,431 fedbase.py run [line:318] INFO --------------Round 32--------------
2025-04-30 01:54:09,431 simple_logger.py log_once [line:14] INFO Current_time:230
2025-04-30 01:54:14,650 simple_logger.py log_once [line:28] INFO test_accuracy                 0.7793
2025-04-30 01:54:14,650 simple_logger.py log_once [line:28] INFO test_loss                     0.7904
2025-04-30 01:54:14,650 simple_logger.py log_once [line:28] INFO val_accuracy                  0.7788
2025-04-30 01:54:14,650 simple_logger.py log_once [line:28] INFO mean_val_accuracy             0.7788
2025-04-30 01:54:14,650 simple_logger.py log_once [line:28] INFO std_val_accuracy              0.0198
2025-04-30 01:54:14,650 simple_logger.py log_once [line:28] INFO val_loss                      0.7733
2025-04-30 01:54:14,650 simple_logger.py log_once [line:28] INFO mean_val_loss                 0.7733
2025-04-30 01:54:14,650 simple_logger.py log_once [line:28] INFO std_val_loss                  0.0496
2025-04-30 01:54:14,650 fedbase.py run [line:323] INFO expense           12967030.0
2025-04-30 01:54:14,650 fedbase.py run [line:324] INFO Eval Time Cost:               5.2189s
2025-04-30 01:54:14,650 asyncbase.py iterate [line:68] INFO Select clients [0, 1, 2, 3, 4, 5, 6, 7, 8, 9, 10, 11, 12, 13, 14, 15, 16, 17, 18, 19] at time 231.
2025-04-30 01:54:31,261 asyncbase.py iterate [line:73] INFO Receive new models from clients [1, 14, 7, 3, 5, 16, 10, 17, 12, 19, 9, 0, 18, 13, 11, 6, 2] at time 237
2025-04-30 01:54:31,261 asyncbase.py iterate [line:73] INFO Receive new models from clients [8, 15, 4] at time 238
2025-04-30 01:54:31,297 fedbase.py run [line:318] INFO --------------Round 33--------------
2025-04-30 01:54:31,298 simple_logger.py log_once [line:14] INFO Current_time:238
2025-04-30 01:54:36,500 simple_logger.py log_once [line:28] INFO test_accuracy                 0.7824
2025-04-30 01:54:36,501 simple_logger.py log_once [line:28] INFO test_loss                     0.7817
2025-04-30 01:54:36,501 simple_logger.py log_once [line:28] INFO val_accuracy                  0.7828
2025-04-30 01:54:36,501 simple_logger.py log_once [line:28] INFO mean_val_accuracy             0.7828
2025-04-30 01:54:36,501 simple_logger.py log_once [line:28] INFO std_val_accuracy              0.0189
2025-04-30 01:54:36,501 simple_logger.py log_once [line:28] INFO val_loss                      0.7631
2025-04-30 01:54:36,501 simple_logger.py log_once [line:28] INFO mean_val_loss                 0.7631
2025-04-30 01:54:36,501 simple_logger.py log_once [line:28] INFO std_val_loss                  0.0502
2025-04-30 01:54:36,501 fedbase.py run [line:323] INFO expense           13001430.0
2025-04-30 01:54:36,501 fedbase.py run [line:324] INFO Eval Time Cost:               5.2035s
2025-04-30 01:54:36,501 asyncbase.py iterate [line:68] INFO Select clients [0, 1, 2, 3, 4, 5, 6, 7, 8, 9, 10, 11, 12, 13, 14, 15, 16, 17, 18, 19] at time 239.
2025-04-30 01:54:53,338 asyncbase.py iterate [line:73] INFO Receive new models from clients [4, 19, 1, 6, 3, 16, 5, 7, 13, 10, 8, 18, 17, 11, 15, 9, 0, 14, 2, 12] at time 245
2025-04-30 01:54:53,375 fedbase.py run [line:318] INFO --------------Round 34--------------
2025-04-30 01:54:53,375 simple_logger.py log_once [line:14] INFO Current_time:245
2025-04-30 01:54:58,599 simple_logger.py log_once [line:28] INFO test_accuracy                 0.7838
2025-04-30 01:54:58,599 simple_logger.py log_once [line:28] INFO test_loss                     0.7753
2025-04-30 01:54:58,599 simple_logger.py log_once [line:28] INFO val_accuracy                  0.7850
2025-04-30 01:54:58,599 simple_logger.py log_once [line:28] INFO mean_val_accuracy             0.7850
2025-04-30 01:54:58,599 simple_logger.py log_once [line:28] INFO std_val_accuracy              0.0214
2025-04-30 01:54:58,599 simple_logger.py log_once [line:28] INFO val_loss                      0.7544
2025-04-30 01:54:58,599 simple_logger.py log_once [line:28] INFO mean_val_loss                 0.7544
2025-04-30 01:54:58,600 simple_logger.py log_once [line:28] INFO std_val_loss                  0.0509
2025-04-30 01:54:58,600 fedbase.py run [line:323] INFO expense           13035830.0
2025-04-30 01:54:58,600 fedbase.py run [line:324] INFO Eval Time Cost:               5.2249s
2025-04-30 01:54:58,600 asyncbase.py iterate [line:68] INFO Select clients [0, 1, 2, 3, 4, 5, 6, 7, 8, 9, 10, 11, 12, 13, 14, 15, 16, 17, 18, 19] at time 246.
2025-04-30 01:55:16,127 asyncbase.py iterate [line:73] INFO Receive new models from clients [11, 7, 0, 2, 17, 1, 8, 16, 6, 14, 10, 3, 9, 15, 5, 18, 12, 4, 19] at time 252
2025-04-30 01:55:16,127 asyncbase.py iterate [line:73] INFO Receive new models from clients [13] at time 253
2025-04-30 01:55:16,164 fedbase.py run [line:318] INFO --------------Round 35--------------
2025-04-30 01:55:16,164 simple_logger.py log_once [line:14] INFO Current_time:253
2025-04-30 01:55:21,436 simple_logger.py log_once [line:28] INFO test_accuracy                 0.7856
2025-04-30 01:55:21,437 simple_logger.py log_once [line:28] INFO test_loss                     0.7698
2025-04-30 01:55:21,437 simple_logger.py log_once [line:28] INFO val_accuracy                  0.7877
2025-04-30 01:55:21,437 simple_logger.py log_once [line:28] INFO mean_val_accuracy             0.7877
2025-04-30 01:55:21,437 simple_logger.py log_once [line:28] INFO std_val_accuracy              0.0193
2025-04-30 01:55:21,437 simple_logger.py log_once [line:28] INFO val_loss                      0.7467
2025-04-30 01:55:21,437 simple_logger.py log_once [line:28] INFO mean_val_loss                 0.7467
2025-04-30 01:55:21,437 simple_logger.py log_once [line:28] INFO std_val_loss                  0.0518
2025-04-30 01:55:21,437 fedbase.py run [line:323] INFO expense           13070230.0
2025-04-30 01:55:21,437 fedbase.py run [line:324] INFO Eval Time Cost:               5.2727s
2025-04-30 01:55:21,437 asyncbase.py iterate [line:68] INFO Select clients [0, 1, 2, 3, 4, 5, 6, 7, 8, 9, 10, 11, 12, 13, 14, 15, 16, 17, 18, 19] at time 254.
2025-04-30 01:55:37,215 asyncbase.py iterate [line:73] INFO Receive new models from clients [14, 18, 19, 16, 17, 5, 0, 13, 12, 10, 7, 8, 2, 1, 15, 4] at time 260
2025-04-30 01:55:37,216 asyncbase.py iterate [line:73] INFO Receive new models from clients [9, 3, 6, 11] at time 261
2025-04-30 01:55:37,253 fedbase.py run [line:318] INFO --------------Round 36--------------
2025-04-30 01:55:37,253 simple_logger.py log_once [line:14] INFO Current_time:261
2025-04-30 01:55:42,489 simple_logger.py log_once [line:28] INFO test_accuracy                 0.7861
2025-04-30 01:55:42,489 simple_logger.py log_once [line:28] INFO test_loss                     0.7653
2025-04-30 01:55:42,489 simple_logger.py log_once [line:28] INFO val_accuracy                  0.7892
2025-04-30 01:55:42,489 simple_logger.py log_once [line:28] INFO mean_val_accuracy             0.7892
2025-04-30 01:55:42,489 simple_logger.py log_once [line:28] INFO std_val_accuracy              0.0200
2025-04-30 01:55:42,489 simple_logger.py log_once [line:28] INFO val_loss                      0.7392
2025-04-30 01:55:42,489 simple_logger.py log_once [line:28] INFO mean_val_loss                 0.7392
2025-04-30 01:55:42,489 simple_logger.py log_once [line:28] INFO std_val_loss                  0.0528
2025-04-30 01:55:42,489 fedbase.py run [line:323] INFO expense           13104630.0
2025-04-30 01:55:42,489 fedbase.py run [line:324] INFO Eval Time Cost:               5.2364s
2025-04-30 01:55:42,490 asyncbase.py iterate [line:68] INFO Select clients [0, 1, 2, 3, 4, 5, 6, 7, 8, 9, 10, 11, 12, 13, 14, 15, 16, 17, 18, 19] at time 262.
2025-04-30 01:55:58,656 asyncbase.py iterate [line:73] INFO Receive new models from clients [0, 1, 16, 6, 17, 14, 8, 3, 9, 19, 2, 11, 5, 12, 13, 4, 18, 10, 15] at time 268
2025-04-30 01:55:58,656 asyncbase.py iterate [line:73] INFO Receive new models from clients [7] at time 269
2025-04-30 01:55:58,692 fedbase.py run [line:318] INFO --------------Round 37--------------
2025-04-30 01:55:58,693 simple_logger.py log_once [line:14] INFO Current_time:269
2025-04-30 01:56:03,892 simple_logger.py log_once [line:28] INFO test_accuracy                 0.7900
2025-04-30 01:56:03,892 simple_logger.py log_once [line:28] INFO test_loss                     0.7581
2025-04-30 01:56:03,892 simple_logger.py log_once [line:28] INFO val_accuracy                  0.7907
2025-04-30 01:56:03,892 simple_logger.py log_once [line:28] INFO mean_val_accuracy             0.7907
2025-04-30 01:56:03,892 simple_logger.py log_once [line:28] INFO std_val_accuracy              0.0177
2025-04-30 01:56:03,892 simple_logger.py log_once [line:28] INFO val_loss                      0.7308
2025-04-30 01:56:03,893 simple_logger.py log_once [line:28] INFO mean_val_loss                 0.7308
2025-04-30 01:56:03,893 simple_logger.py log_once [line:28] INFO std_val_loss                  0.0527
2025-04-30 01:56:03,893 fedbase.py run [line:323] INFO expense           13139030.0
2025-04-30 01:56:03,893 fedbase.py run [line:324] INFO Eval Time Cost:               5.2000s
2025-04-30 01:56:03,893 asyncbase.py iterate [line:68] INFO Select clients [0, 1, 2, 3, 4, 5, 6, 7, 8, 9, 10, 11, 12, 13, 14, 15, 16, 17, 18, 19] at time 270.
2025-04-30 01:56:20,286 asyncbase.py iterate [line:73] INFO Receive new models from clients [12, 19, 7, 5, 4, 16, 8, 15, 9, 0, 17, 13, 18, 14, 11, 1, 10] at time 276
2025-04-30 01:56:20,287 asyncbase.py iterate [line:73] INFO Receive new models from clients [6, 3, 2] at time 277
2025-04-30 01:56:20,322 fedbase.py run [line:318] INFO --------------Round 38--------------
2025-04-30 01:56:20,322 simple_logger.py log_once [line:14] INFO Current_time:277
2025-04-30 01:56:25,515 simple_logger.py log_once [line:28] INFO test_accuracy                 0.7902
2025-04-30 01:56:25,516 simple_logger.py log_once [line:28] INFO test_loss                     0.7538
2025-04-30 01:56:25,516 simple_logger.py log_once [line:28] INFO val_accuracy                  0.7913
2025-04-30 01:56:25,516 simple_logger.py log_once [line:28] INFO mean_val_accuracy             0.7913
2025-04-30 01:56:25,516 simple_logger.py log_once [line:28] INFO std_val_accuracy              0.0169
2025-04-30 01:56:25,516 simple_logger.py log_once [line:28] INFO val_loss                      0.7252
2025-04-30 01:56:25,516 simple_logger.py log_once [line:28] INFO mean_val_loss                 0.7252
2025-04-30 01:56:25,516 simple_logger.py log_once [line:28] INFO std_val_loss                  0.0529
2025-04-30 01:56:25,516 fedbase.py run [line:323] INFO expense           13173430.0
2025-04-30 01:56:25,516 fedbase.py run [line:324] INFO Eval Time Cost:               5.1935s
2025-04-30 01:56:25,516 asyncbase.py iterate [line:68] INFO Select clients [0, 1, 2, 3, 4, 5, 6, 7, 8, 9, 10, 11, 12, 13, 14, 15, 16, 17, 18, 19] at time 278.
2025-04-30 01:56:41,124 asyncbase.py iterate [line:73] INFO Receive new models from clients [9, 5, 17, 7, 11, 10, 19, 2, 4, 13, 12, 18, 0, 3, 16, 14, 8, 15] at time 284
2025-04-30 01:56:41,124 asyncbase.py iterate [line:73] INFO Receive new models from clients [6, 1] at time 285
2025-04-30 01:56:41,161 fedbase.py run [line:318] INFO --------------Round 39--------------
2025-04-30 01:56:41,161 simple_logger.py log_once [line:14] INFO Current_time:285
2025-04-30 01:56:46,326 simple_logger.py log_once [line:28] INFO test_accuracy                 0.7928
2025-04-30 01:56:46,326 simple_logger.py log_once [line:28] INFO test_loss                     0.7460
2025-04-30 01:56:46,326 simple_logger.py log_once [line:28] INFO val_accuracy                  0.7956
2025-04-30 01:56:46,326 simple_logger.py log_once [line:28] INFO mean_val_accuracy             0.7956
2025-04-30 01:56:46,326 simple_logger.py log_once [line:28] INFO std_val_accuracy              0.0197
2025-04-30 01:56:46,326 simple_logger.py log_once [line:28] INFO val_loss                      0.7178
2025-04-30 01:56:46,326 simple_logger.py log_once [line:28] INFO mean_val_loss                 0.7178
2025-04-30 01:56:46,326 simple_logger.py log_once [line:28] INFO std_val_loss                  0.0531
2025-04-30 01:56:46,326 fedbase.py run [line:323] INFO expense           13207830.0
2025-04-30 01:56:46,326 fedbase.py run [line:324] INFO Eval Time Cost:               5.1651s
2025-04-30 01:56:46,327 asyncbase.py iterate [line:68] INFO Select clients [0, 1, 2, 3, 4, 5, 6, 7, 8, 9, 10, 11, 12, 13, 14, 15, 16, 17, 18, 19] at time 286.
2025-04-30 01:57:02,426 asyncbase.py iterate [line:73] INFO Receive new models from clients [9, 13, 6, 12, 18, 7, 1, 0, 17, 3, 15, 19, 2, 4, 8, 5, 14, 16, 11, 10] at time 292
2025-04-30 01:57:02,463 fedbase.py run [line:318] INFO --------------Round 40--------------
2025-04-30 01:57:02,463 simple_logger.py log_once [line:14] INFO Current_time:292
2025-04-30 01:57:07,730 simple_logger.py log_once [line:28] INFO test_accuracy                 0.7944
2025-04-30 01:57:07,730 simple_logger.py log_once [line:28] INFO test_loss                     0.7409
2025-04-30 01:57:07,730 simple_logger.py log_once [line:28] INFO val_accuracy                  0.7940
2025-04-30 01:57:07,730 simple_logger.py log_once [line:28] INFO mean_val_accuracy             0.7940
2025-04-30 01:57:07,730 simple_logger.py log_once [line:28] INFO std_val_accuracy              0.0184
2025-04-30 01:57:07,730 simple_logger.py log_once [line:28] INFO val_loss                      0.7126
2025-04-30 01:57:07,730 simple_logger.py log_once [line:28] INFO mean_val_loss                 0.7126
2025-04-30 01:57:07,730 simple_logger.py log_once [line:28] INFO std_val_loss                  0.0530
2025-04-30 01:57:07,730 fedbase.py run [line:323] INFO expense           13242230.0
2025-04-30 01:57:07,730 fedbase.py run [line:324] INFO Eval Time Cost:               5.2667s
2025-04-30 01:57:07,730 asyncbase.py iterate [line:68] INFO Select clients [0, 1, 2, 3, 4, 5, 6, 7, 8, 9, 10, 11, 12, 13, 14, 15, 16, 17, 18, 19] at time 293.
2025-04-30 01:57:24,422 asyncbase.py iterate [line:73] INFO Receive new models from clients [15, 0, 9, 18, 10, 5, 4, 3, 16, 8, 11, 7, 12, 2, 14, 13, 19, 1, 17] at time 299
2025-04-30 01:57:24,422 asyncbase.py iterate [line:73] INFO Receive new models from clients [6] at time 300
2025-04-30 01:57:24,476 fedbase.py run [line:318] INFO --------------Round 41--------------
2025-04-30 01:57:24,476 simple_logger.py log_once [line:14] INFO Current_time:300
2025-04-30 01:57:29,871 simple_logger.py log_once [line:28] INFO test_accuracy                 0.7954
2025-04-30 01:57:29,871 simple_logger.py log_once [line:28] INFO test_loss                     0.7373
2025-04-30 01:57:29,871 simple_logger.py log_once [line:28] INFO val_accuracy                  0.7969
2025-04-30 01:57:29,871 simple_logger.py log_once [line:28] INFO mean_val_accuracy             0.7969
2025-04-30 01:57:29,871 simple_logger.py log_once [line:28] INFO std_val_accuracy              0.0186
2025-04-30 01:57:29,872 simple_logger.py log_once [line:28] INFO val_loss                      0.7077
2025-04-30 01:57:29,872 simple_logger.py log_once [line:28] INFO mean_val_loss                 0.7077
2025-04-30 01:57:29,872 simple_logger.py log_once [line:28] INFO std_val_loss                  0.0534
2025-04-30 01:57:29,872 fedbase.py run [line:323] INFO expense           13276630.0
2025-04-30 01:57:29,872 fedbase.py run [line:324] INFO Eval Time Cost:               5.3958s
2025-04-30 01:57:29,872 asyncbase.py iterate [line:68] INFO Select clients [0, 1, 2, 3, 4, 5, 6, 7, 8, 9, 10, 11, 12, 13, 14, 15, 16, 17, 18, 19] at time 301.
2025-04-30 01:57:46,337 asyncbase.py iterate [line:73] INFO Receive new models from clients [7, 3, 16, 9, 8, 19, 11, 14, 0, 13, 5, 10, 2, 18, 1, 4, 15, 6, 17] at time 307
2025-04-30 01:57:46,337 asyncbase.py iterate [line:73] INFO Receive new models from clients [12] at time 308
2025-04-30 01:57:46,391 fedbase.py run [line:318] INFO --------------Round 42--------------
2025-04-30 01:57:46,391 simple_logger.py log_once [line:14] INFO Current_time:308
2025-04-30 01:57:52,718 simple_logger.py log_once [line:28] INFO test_accuracy                 0.7972
2025-04-30 01:57:52,718 simple_logger.py log_once [line:28] INFO test_loss                     0.7307
2025-04-30 01:57:52,718 simple_logger.py log_once [line:28] INFO val_accuracy                  0.8010
2025-04-30 01:57:52,718 simple_logger.py log_once [line:28] INFO mean_val_accuracy             0.8010
2025-04-30 01:57:52,718 simple_logger.py log_once [line:28] INFO std_val_accuracy              0.0210
2025-04-30 01:57:52,718 simple_logger.py log_once [line:28] INFO val_loss                      0.6996
2025-04-30 01:57:52,719 simple_logger.py log_once [line:28] INFO mean_val_loss                 0.6996
2025-04-30 01:57:52,719 simple_logger.py log_once [line:28] INFO std_val_loss                  0.0540
2025-04-30 01:57:52,719 fedbase.py run [line:323] INFO expense           13311030.0
2025-04-30 01:57:52,719 fedbase.py run [line:324] INFO Eval Time Cost:               6.3276s
2025-04-30 01:57:52,719 asyncbase.py iterate [line:68] INFO Select clients [0, 1, 2, 3, 4, 5, 6, 7, 8, 9, 10, 11, 12, 13, 14, 15, 16, 17, 18, 19] at time 309.
2025-04-30 01:58:09,459 asyncbase.py iterate [line:73] INFO Receive new models from clients [12, 7, 2, 19, 4, 10, 11, 6, 9, 13, 0, 5, 1, 14, 3, 8, 15, 17] at time 315
2025-04-30 01:58:09,460 asyncbase.py iterate [line:73] INFO Receive new models from clients [16, 18] at time 316
2025-04-30 01:58:09,496 fedbase.py run [line:318] INFO --------------Round 43--------------
2025-04-30 01:58:09,496 simple_logger.py log_once [line:14] INFO Current_time:316
2025-04-30 01:58:14,698 simple_logger.py log_once [line:28] INFO test_accuracy                 0.7967
2025-04-30 01:58:14,698 simple_logger.py log_once [line:28] INFO test_loss                     0.7293
2025-04-30 01:58:14,698 simple_logger.py log_once [line:28] INFO val_accuracy                  0.8010
2025-04-30 01:58:14,698 simple_logger.py log_once [line:28] INFO mean_val_accuracy             0.8010
2025-04-30 01:58:14,698 simple_logger.py log_once [line:28] INFO std_val_accuracy              0.0203
2025-04-30 01:58:14,698 simple_logger.py log_once [line:28] INFO val_loss                      0.6960
2025-04-30 01:58:14,698 simple_logger.py log_once [line:28] INFO mean_val_loss                 0.6960
2025-04-30 01:58:14,698 simple_logger.py log_once [line:28] INFO std_val_loss                  0.0547
2025-04-30 01:58:14,698 fedbase.py run [line:323] INFO expense           13345430.0
2025-04-30 01:58:14,698 fedbase.py run [line:324] INFO Eval Time Cost:               5.2027s
2025-04-30 01:58:14,699 asyncbase.py iterate [line:68] INFO Select clients [0, 1, 2, 3, 4, 5, 6, 7, 8, 9, 10, 11, 12, 13, 14, 15, 16, 17, 18, 19] at time 317.
2025-04-30 01:58:31,363 asyncbase.py iterate [line:73] INFO Receive new models from clients [4, 8, 12, 0, 16, 6, 3, 15, 17, 13, 1, 2, 9, 11, 5, 18, 10, 19, 7] at time 323
2025-04-30 01:58:31,363 asyncbase.py iterate [line:73] INFO Receive new models from clients [14] at time 324
2025-04-30 01:58:31,401 fedbase.py run [line:318] INFO --------------Round 44--------------
2025-04-30 01:58:31,401 simple_logger.py log_once [line:14] INFO Current_time:324
2025-04-30 01:58:36,625 simple_logger.py log_once [line:28] INFO test_accuracy                 0.7979
2025-04-30 01:58:36,625 simple_logger.py log_once [line:28] INFO test_loss                     0.7247
2025-04-30 01:58:36,626 simple_logger.py log_once [line:28] INFO val_accuracy                  0.8034
2025-04-30 01:58:36,626 simple_logger.py log_once [line:28] INFO mean_val_accuracy             0.8034
2025-04-30 01:58:36,626 simple_logger.py log_once [line:28] INFO std_val_accuracy              0.0198
2025-04-30 01:58:36,626 simple_logger.py log_once [line:28] INFO val_loss                      0.6898
2025-04-30 01:58:36,626 simple_logger.py log_once [line:28] INFO mean_val_loss                 0.6898
2025-04-30 01:58:36,626 simple_logger.py log_once [line:28] INFO std_val_loss                  0.0554
2025-04-30 01:58:36,626 fedbase.py run [line:323] INFO expense           13379830.0
2025-04-30 01:58:36,626 fedbase.py run [line:324] INFO Eval Time Cost:               5.2244s
2025-04-30 01:58:36,626 asyncbase.py iterate [line:68] INFO Select clients [0, 1, 2, 3, 4, 5, 6, 7, 8, 9, 10, 11, 12, 13, 14, 15, 16, 17, 18, 19] at time 325.
2025-04-30 01:58:52,301 asyncbase.py iterate [line:73] INFO Receive new models from clients [13, 18, 19, 11, 10, 8, 17, 9, 0, 3, 12, 15, 14, 7, 1, 2, 5, 16] at time 331
2025-04-30 01:58:52,302 asyncbase.py iterate [line:73] INFO Receive new models from clients [6, 4] at time 332
2025-04-30 01:58:52,338 fedbase.py run [line:318] INFO --------------Round 45--------------
2025-04-30 01:58:52,338 simple_logger.py log_once [line:14] INFO Current_time:332
2025-04-30 01:58:57,576 simple_logger.py log_once [line:28] INFO test_accuracy                 0.8002
2025-04-30 01:58:57,576 simple_logger.py log_once [line:28] INFO test_loss                     0.7202
2025-04-30 01:58:57,576 simple_logger.py log_once [line:28] INFO val_accuracy                  0.8053
2025-04-30 01:58:57,576 simple_logger.py log_once [line:28] INFO mean_val_accuracy             0.8053
2025-04-30 01:58:57,576 simple_logger.py log_once [line:28] INFO std_val_accuracy              0.0205
2025-04-30 01:58:57,577 simple_logger.py log_once [line:28] INFO val_loss                      0.6856
2025-04-30 01:58:57,577 simple_logger.py log_once [line:28] INFO mean_val_loss                 0.6856
2025-04-30 01:58:57,577 simple_logger.py log_once [line:28] INFO std_val_loss                  0.0558
2025-04-30 01:58:57,577 fedbase.py run [line:323] INFO expense           13414230.0
2025-04-30 01:58:57,577 fedbase.py run [line:324] INFO Eval Time Cost:               5.2385s
2025-04-30 01:58:57,577 asyncbase.py iterate [line:68] INFO Select clients [0, 1, 2, 3, 4, 5, 6, 7, 8, 9, 10, 11, 12, 13, 14, 15, 16, 17, 18, 19] at time 333.
2025-04-30 01:59:14,654 asyncbase.py iterate [line:73] INFO Receive new models from clients [4, 13, 6, 10, 8, 0, 2, 12, 18, 3, 19, 11, 1, 5] at time 339
2025-04-30 01:59:14,655 asyncbase.py iterate [line:73] INFO Receive new models from clients [7, 16, 9, 17, 15, 14] at time 340
2025-04-30 01:59:14,691 fedbase.py run [line:318] INFO --------------Round 46--------------
2025-04-30 01:59:14,691 simple_logger.py log_once [line:14] INFO Current_time:340
2025-04-30 01:59:19,919 simple_logger.py log_once [line:28] INFO test_accuracy                 0.8020
2025-04-30 01:59:19,919 simple_logger.py log_once [line:28] INFO test_loss                     0.7143
2025-04-30 01:59:19,919 simple_logger.py log_once [line:28] INFO val_accuracy                  0.8055
2025-04-30 01:59:19,919 simple_logger.py log_once [line:28] INFO mean_val_accuracy             0.8055
2025-04-30 01:59:19,920 simple_logger.py log_once [line:28] INFO std_val_accuracy              0.0193
2025-04-30 01:59:19,920 simple_logger.py log_once [line:28] INFO val_loss                      0.6794
2025-04-30 01:59:19,920 simple_logger.py log_once [line:28] INFO mean_val_loss                 0.6794
2025-04-30 01:59:19,920 simple_logger.py log_once [line:28] INFO std_val_loss                  0.0551
2025-04-30 01:59:19,920 fedbase.py run [line:323] INFO expense           13448630.0
2025-04-30 01:59:19,920 fedbase.py run [line:324] INFO Eval Time Cost:               5.2286s
2025-04-30 01:59:19,920 asyncbase.py iterate [line:68] INFO Select clients [0, 1, 2, 3, 4, 5, 6, 7, 8, 9, 10, 11, 12, 13, 14, 15, 16, 17, 18, 19] at time 341.
2025-04-30 01:59:37,288 asyncbase.py iterate [line:73] INFO Receive new models from clients [0, 4, 8, 10, 14, 5, 9, 15, 17, 18, 16, 2, 6, 19, 7, 12, 11] at time 347
2025-04-30 01:59:37,288 asyncbase.py iterate [line:73] INFO Receive new models from clients [13, 3, 1] at time 348
2025-04-30 01:59:37,326 fedbase.py run [line:318] INFO --------------Round 47--------------
2025-04-30 01:59:37,327 simple_logger.py log_once [line:14] INFO Current_time:348
2025-04-30 01:59:42,535 simple_logger.py log_once [line:28] INFO test_accuracy                 0.8036
2025-04-30 01:59:42,536 simple_logger.py log_once [line:28] INFO test_loss                     0.7127
2025-04-30 01:59:42,536 simple_logger.py log_once [line:28] INFO val_accuracy                  0.8083
2025-04-30 01:59:42,536 simple_logger.py log_once [line:28] INFO mean_val_accuracy             0.8083
2025-04-30 01:59:42,536 simple_logger.py log_once [line:28] INFO std_val_accuracy              0.0189
2025-04-30 01:59:42,536 simple_logger.py log_once [line:28] INFO val_loss                      0.6746
2025-04-30 01:59:42,536 simple_logger.py log_once [line:28] INFO mean_val_loss                 0.6746
2025-04-30 01:59:42,536 simple_logger.py log_once [line:28] INFO std_val_loss                  0.0559
2025-04-30 01:59:42,536 fedbase.py run [line:323] INFO expense           13483030.0
2025-04-30 01:59:42,536 fedbase.py run [line:324] INFO Eval Time Cost:               5.2094s
2025-04-30 01:59:42,536 asyncbase.py iterate [line:68] INFO Select clients [0, 1, 2, 3, 4, 5, 6, 7, 8, 9, 10, 11, 12, 13, 14, 15, 16, 17, 18, 19] at time 349.
2025-04-30 01:59:58,696 asyncbase.py iterate [line:73] INFO Receive new models from clients [4, 8, 2, 12, 19, 13, 16, 10, 1, 3, 18, 6, 7, 0, 15, 14, 11] at time 355
2025-04-30 01:59:58,697 asyncbase.py iterate [line:73] INFO Receive new models from clients [9, 5, 17] at time 356
2025-04-30 01:59:58,735 fedbase.py run [line:318] INFO --------------Round 48--------------
2025-04-30 01:59:58,735 simple_logger.py log_once [line:14] INFO Current_time:356
2025-04-30 02:00:03,926 simple_logger.py log_once [line:28] INFO test_accuracy                 0.8045
2025-04-30 02:00:03,926 simple_logger.py log_once [line:28] INFO test_loss                     0.7071
2025-04-30 02:00:03,926 simple_logger.py log_once [line:28] INFO val_accuracy                  0.8087
2025-04-30 02:00:03,926 simple_logger.py log_once [line:28] INFO mean_val_accuracy             0.8087
2025-04-30 02:00:03,926 simple_logger.py log_once [line:28] INFO std_val_accuracy              0.0200
2025-04-30 02:00:03,926 simple_logger.py log_once [line:28] INFO val_loss                      0.6697
2025-04-30 02:00:03,926 simple_logger.py log_once [line:28] INFO mean_val_loss                 0.6697
2025-04-30 02:00:03,927 simple_logger.py log_once [line:28] INFO std_val_loss                  0.0561
2025-04-30 02:00:03,927 fedbase.py run [line:323] INFO expense           13517430.0
2025-04-30 02:00:03,927 fedbase.py run [line:324] INFO Eval Time Cost:               5.1919s
2025-04-30 02:00:03,927 asyncbase.py iterate [line:68] INFO Select clients [0, 1, 2, 3, 4, 5, 6, 7, 8, 9, 10, 11, 12, 13, 14, 15, 16, 17, 18, 19] at time 357.
2025-04-30 02:00:19,850 asyncbase.py iterate [line:73] INFO Receive new models from clients [12, 8, 7, 18, 4, 1, 9, 15, 17, 14, 3, 19, 16, 11, 13, 0, 2, 6] at time 363
2025-04-30 02:00:19,850 asyncbase.py iterate [line:73] INFO Receive new models from clients [5, 10] at time 364
2025-04-30 02:00:19,887 fedbase.py run [line:318] INFO --------------Round 49--------------
2025-04-30 02:00:19,887 simple_logger.py log_once [line:14] INFO Current_time:364
2025-04-30 02:00:25,094 simple_logger.py log_once [line:28] INFO test_accuracy                 0.8059
2025-04-30 02:00:25,094 simple_logger.py log_once [line:28] INFO test_loss                     0.7064
2025-04-30 02:00:25,094 simple_logger.py log_once [line:28] INFO val_accuracy                  0.8105
2025-04-30 02:00:25,094 simple_logger.py log_once [line:28] INFO mean_val_accuracy             0.8105
2025-04-30 02:00:25,094 simple_logger.py log_once [line:28] INFO std_val_accuracy              0.0207
2025-04-30 02:00:25,094 simple_logger.py log_once [line:28] INFO val_loss                      0.6666
2025-04-30 02:00:25,094 simple_logger.py log_once [line:28] INFO mean_val_loss                 0.6666
2025-04-30 02:00:25,094 simple_logger.py log_once [line:28] INFO std_val_loss                  0.0566
2025-04-30 02:00:25,094 fedbase.py run [line:323] INFO expense           13551830.0
2025-04-30 02:00:25,094 fedbase.py run [line:324] INFO Eval Time Cost:               5.2075s
2025-04-30 02:00:25,095 asyncbase.py iterate [line:68] INFO Select clients [0, 1, 2, 3, 4, 5, 6, 7, 8, 9, 10, 11, 12, 13, 14, 15, 16, 17, 18, 19] at time 365.
2025-04-30 02:00:42,800 asyncbase.py iterate [line:73] INFO Receive new models from clients [15, 4, 1, 6, 2, 0, 18, 7, 14, 9, 8, 17, 12, 11, 10, 16, 13, 19, 3] at time 371
2025-04-30 02:00:42,800 asyncbase.py iterate [line:73] INFO Receive new models from clients [5] at time 372
2025-04-30 02:00:42,839 fedbase.py run [line:318] INFO --------------Round 50--------------
2025-04-30 02:00:42,839 simple_logger.py log_once [line:14] INFO Current_time:372
2025-04-30 02:00:48,063 simple_logger.py log_once [line:28] INFO test_accuracy                 0.8062
2025-04-30 02:00:48,064 simple_logger.py log_once [line:28] INFO test_loss                     0.7040
2025-04-30 02:00:48,064 simple_logger.py log_once [line:28] INFO val_accuracy                  0.8116
2025-04-30 02:00:48,064 simple_logger.py log_once [line:28] INFO mean_val_accuracy             0.8116
2025-04-30 02:00:48,064 simple_logger.py log_once [line:28] INFO std_val_accuracy              0.0191
2025-04-30 02:00:48,064 simple_logger.py log_once [line:28] INFO val_loss                      0.6629
2025-04-30 02:00:48,064 simple_logger.py log_once [line:28] INFO mean_val_loss                 0.6629
2025-04-30 02:00:48,064 simple_logger.py log_once [line:28] INFO std_val_loss                  0.0565
2025-04-30 02:00:48,064 fedbase.py run [line:323] INFO expense           13586230.0
2025-04-30 02:00:48,064 fedbase.py run [line:324] INFO Eval Time Cost:               5.2251s
2025-04-30 02:00:48,064 asyncbase.py iterate [line:68] INFO Select clients [0, 1, 2, 3, 4, 5, 6, 7, 8, 9, 10, 11, 12, 13, 14, 15, 16, 17, 18, 19] at time 373.
2025-04-30 02:01:04,595 asyncbase.py iterate [line:73] INFO Receive new models from clients [13, 3, 7, 9, 12, 18, 5, 16, 19, 14, 10, 15, 17, 11, 2, 4] at time 379
2025-04-30 02:01:04,595 asyncbase.py iterate [line:73] INFO Receive new models from clients [0, 8, 6, 1] at time 380
2025-04-30 02:01:04,632 fedbase.py run [line:318] INFO --------------Round 51--------------
2025-04-30 02:01:04,632 simple_logger.py log_once [line:14] INFO Current_time:380
2025-04-30 02:01:09,859 simple_logger.py log_once [line:28] INFO test_accuracy                 0.8077
2025-04-30 02:01:09,859 simple_logger.py log_once [line:28] INFO test_loss                     0.6992
2025-04-30 02:01:09,859 simple_logger.py log_once [line:28] INFO val_accuracy                  0.8120
2025-04-30 02:01:09,859 simple_logger.py log_once [line:28] INFO mean_val_accuracy             0.8120
2025-04-30 02:01:09,859 simple_logger.py log_once [line:28] INFO std_val_accuracy              0.0202
2025-04-30 02:01:09,860 simple_logger.py log_once [line:28] INFO val_loss                      0.6582
2025-04-30 02:01:09,860 simple_logger.py log_once [line:28] INFO mean_val_loss                 0.6582
2025-04-30 02:01:09,860 simple_logger.py log_once [line:28] INFO std_val_loss                  0.0576
2025-04-30 02:01:09,860 fedbase.py run [line:323] INFO expense           13620630.0
2025-04-30 02:01:09,860 fedbase.py run [line:324] INFO Eval Time Cost:               5.2273s
2025-04-30 02:01:09,860 asyncbase.py iterate [line:68] INFO Select clients [0, 1, 2, 3, 4, 5, 6, 7, 8, 9, 10, 11, 12, 13, 14, 15, 16, 17, 18, 19] at time 381.
2025-04-30 02:01:26,644 asyncbase.py iterate [line:73] INFO Receive new models from clients [0, 19, 17, 13, 4, 1, 8, 15, 16, 11, 6, 10, 12, 9, 5, 7, 2, 14] at time 387
2025-04-30 02:01:26,644 asyncbase.py iterate [line:73] INFO Receive new models from clients [18, 3] at time 388
2025-04-30 02:01:26,682 fedbase.py run [line:318] INFO --------------Round 52--------------
2025-04-30 02:01:26,682 simple_logger.py log_once [line:14] INFO Current_time:388
2025-04-30 02:01:31,915 simple_logger.py log_once [line:28] INFO test_accuracy                 0.8073
2025-04-30 02:01:31,915 simple_logger.py log_once [line:28] INFO test_loss                     0.6972
2025-04-30 02:01:31,915 simple_logger.py log_once [line:28] INFO val_accuracy                  0.8130
2025-04-30 02:01:31,915 simple_logger.py log_once [line:28] INFO mean_val_accuracy             0.8130
2025-04-30 02:01:31,915 simple_logger.py log_once [line:28] INFO std_val_accuracy              0.0201
2025-04-30 02:01:31,915 simple_logger.py log_once [line:28] INFO val_loss                      0.6546
2025-04-30 02:01:31,915 simple_logger.py log_once [line:28] INFO mean_val_loss                 0.6546
2025-04-30 02:01:31,915 simple_logger.py log_once [line:28] INFO std_val_loss                  0.0574
2025-04-30 02:01:31,915 fedbase.py run [line:323] INFO expense           13655030.0
2025-04-30 02:01:31,915 fedbase.py run [line:324] INFO Eval Time Cost:               5.2329s
2025-04-30 02:01:31,915 asyncbase.py iterate [line:68] INFO Select clients [0, 1, 2, 3, 4, 5, 6, 7, 8, 9, 10, 11, 12, 13, 14, 15, 16, 17, 18, 19] at time 389.
2025-04-30 02:01:48,896 asyncbase.py iterate [line:73] INFO Receive new models from clients [7, 17, 12, 2, 0, 15, 18, 11, 9, 5, 8, 1, 16, 13, 14, 6, 10, 19] at time 395
2025-04-30 02:01:48,896 asyncbase.py iterate [line:73] INFO Receive new models from clients [3, 4] at time 396
2025-04-30 02:01:48,934 fedbase.py run [line:318] INFO --------------Round 53--------------
2025-04-30 02:01:48,934 simple_logger.py log_once [line:14] INFO Current_time:396
2025-04-30 02:01:54,120 simple_logger.py log_once [line:28] INFO test_accuracy                 0.8101
2025-04-30 02:01:54,120 simple_logger.py log_once [line:28] INFO test_loss                     0.6924
2025-04-30 02:01:54,120 simple_logger.py log_once [line:28] INFO val_accuracy                  0.8154
2025-04-30 02:01:54,120 simple_logger.py log_once [line:28] INFO mean_val_accuracy             0.8154
2025-04-30 02:01:54,120 simple_logger.py log_once [line:28] INFO std_val_accuracy              0.0187
2025-04-30 02:01:54,121 simple_logger.py log_once [line:28] INFO val_loss                      0.6513
2025-04-30 02:01:54,121 simple_logger.py log_once [line:28] INFO mean_val_loss                 0.6513
2025-04-30 02:01:54,121 simple_logger.py log_once [line:28] INFO std_val_loss                  0.0563
2025-04-30 02:01:54,121 fedbase.py run [line:323] INFO expense           13689430.0
2025-04-30 02:01:54,121 fedbase.py run [line:324] INFO Eval Time Cost:               5.1870s
2025-04-30 02:01:54,121 asyncbase.py iterate [line:68] INFO Select clients [0, 1, 2, 3, 4, 5, 6, 7, 8, 9, 10, 11, 12, 13, 14, 15, 16, 17, 18, 19] at time 397.
2025-04-30 02:02:09,962 asyncbase.py iterate [line:73] INFO Receive new models from clients [2, 16, 6, 7, 5, 8, 17, 4, 19, 13, 18, 0, 14, 1, 11, 10, 12, 15, 3] at time 403
2025-04-30 02:02:09,962 asyncbase.py iterate [line:73] INFO Receive new models from clients [9] at time 404
2025-04-30 02:02:10,000 fedbase.py run [line:318] INFO --------------Round 54--------------
2025-04-30 02:02:10,000 simple_logger.py log_once [line:14] INFO Current_time:404
2025-04-30 02:02:15,239 simple_logger.py log_once [line:28] INFO test_accuracy                 0.8098
2025-04-30 02:02:15,239 simple_logger.py log_once [line:28] INFO test_loss                     0.6892
2025-04-30 02:02:15,239 simple_logger.py log_once [line:28] INFO val_accuracy                  0.8171
2025-04-30 02:02:15,239 simple_logger.py log_once [line:28] INFO mean_val_accuracy             0.8171
2025-04-30 02:02:15,239 simple_logger.py log_once [line:28] INFO std_val_accuracy              0.0211
2025-04-30 02:02:15,239 simple_logger.py log_once [line:28] INFO val_loss                      0.6474
2025-04-30 02:02:15,239 simple_logger.py log_once [line:28] INFO mean_val_loss                 0.6474
2025-04-30 02:02:15,239 simple_logger.py log_once [line:28] INFO std_val_loss                  0.0574
2025-04-30 02:02:15,239 fedbase.py run [line:323] INFO expense           13723830.0
2025-04-30 02:02:15,239 fedbase.py run [line:324] INFO Eval Time Cost:               5.2388s
2025-04-30 02:02:15,239 asyncbase.py iterate [line:68] INFO Select clients [0, 1, 2, 3, 4, 5, 6, 7, 8, 9, 10, 11, 12, 13, 14, 15, 16, 17, 18, 19] at time 405.
2025-04-30 02:02:32,342 asyncbase.py iterate [line:73] INFO Receive new models from clients [14, 15, 6, 13, 2, 19, 4, 5, 18, 16, 7, 11, 3, 12, 10, 1, 0, 8] at time 411
2025-04-30 02:02:32,343 asyncbase.py iterate [line:73] INFO Receive new models from clients [17, 9] at time 412
2025-04-30 02:02:32,396 fedbase.py run [line:318] INFO --------------Round 55--------------
2025-04-30 02:02:32,396 simple_logger.py log_once [line:14] INFO Current_time:412
2025-04-30 02:02:38,247 simple_logger.py log_once [line:28] INFO test_accuracy                 0.8110
2025-04-30 02:02:38,248 simple_logger.py log_once [line:28] INFO test_loss                     0.6882
2025-04-30 02:02:38,248 simple_logger.py log_once [line:28] INFO val_accuracy                  0.8176
2025-04-30 02:02:38,248 simple_logger.py log_once [line:28] INFO mean_val_accuracy             0.8176
2025-04-30 02:02:38,248 simple_logger.py log_once [line:28] INFO std_val_accuracy              0.0202
2025-04-30 02:02:38,248 simple_logger.py log_once [line:28] INFO val_loss                      0.6432
2025-04-30 02:02:38,248 simple_logger.py log_once [line:28] INFO mean_val_loss                 0.6432
2025-04-30 02:02:38,248 simple_logger.py log_once [line:28] INFO std_val_loss                  0.0581
2025-04-30 02:02:38,248 fedbase.py run [line:323] INFO expense           13758230.0
2025-04-30 02:02:38,248 fedbase.py run [line:324] INFO Eval Time Cost:               5.8518s
2025-04-30 02:02:38,248 asyncbase.py iterate [line:68] INFO Select clients [0, 1, 2, 3, 4, 5, 6, 7, 8, 9, 10, 11, 12, 13, 14, 15, 16, 17, 18, 19] at time 413.
2025-04-30 02:02:54,578 asyncbase.py iterate [line:73] INFO Receive new models from clients [19, 13, 12, 8, 11, 5, 2, 3, 15, 1, 16, 18, 17, 4, 0, 14, 7] at time 419
2025-04-30 02:02:54,578 asyncbase.py iterate [line:73] INFO Receive new models from clients [9, 6, 10] at time 420
2025-04-30 02:02:54,616 fedbase.py run [line:318] INFO --------------Round 56--------------
2025-04-30 02:02:54,617 simple_logger.py log_once [line:14] INFO Current_time:420
2025-04-30 02:02:59,837 simple_logger.py log_once [line:28] INFO test_accuracy                 0.8103
2025-04-30 02:02:59,837 simple_logger.py log_once [line:28] INFO test_loss                     0.6862
2025-04-30 02:02:59,837 simple_logger.py log_once [line:28] INFO val_accuracy                  0.8182
2025-04-30 02:02:59,838 simple_logger.py log_once [line:28] INFO mean_val_accuracy             0.8182
2025-04-30 02:02:59,838 simple_logger.py log_once [line:28] INFO std_val_accuracy              0.0201
2025-04-30 02:02:59,838 simple_logger.py log_once [line:28] INFO val_loss                      0.6403
2025-04-30 02:02:59,838 simple_logger.py log_once [line:28] INFO mean_val_loss                 0.6403
2025-04-30 02:02:59,838 simple_logger.py log_once [line:28] INFO std_val_loss                  0.0587
2025-04-30 02:02:59,838 fedbase.py run [line:323] INFO expense           13792630.0
2025-04-30 02:02:59,838 fedbase.py run [line:324] INFO Eval Time Cost:               5.2213s
2025-04-30 02:02:59,838 asyncbase.py iterate [line:68] INFO Select clients [0, 1, 2, 3, 4, 5, 6, 7, 8, 9, 10, 11, 12, 13, 14, 15, 16, 17, 18, 19] at time 421.
2025-04-30 02:03:17,094 asyncbase.py iterate [line:73] INFO Receive new models from clients [18, 2, 17, 16, 12, 10, 15, 11, 4, 1, 8, 14, 0, 7, 9, 13, 5, 19] at time 427
2025-04-30 02:03:17,094 asyncbase.py iterate [line:73] INFO Receive new models from clients [3, 6] at time 428
2025-04-30 02:03:17,132 fedbase.py run [line:318] INFO --------------Round 57--------------
2025-04-30 02:03:17,132 simple_logger.py log_once [line:14] INFO Current_time:428
2025-04-30 02:03:22,358 simple_logger.py log_once [line:28] INFO test_accuracy                 0.8102
2025-04-30 02:03:22,358 simple_logger.py log_once [line:28] INFO test_loss                     0.6845
2025-04-30 02:03:22,358 simple_logger.py log_once [line:28] INFO val_accuracy                  0.8178
2025-04-30 02:03:22,358 simple_logger.py log_once [line:28] INFO mean_val_accuracy             0.8178
2025-04-30 02:03:22,359 simple_logger.py log_once [line:28] INFO std_val_accuracy              0.0212
2025-04-30 02:03:22,359 simple_logger.py log_once [line:28] INFO val_loss                      0.6379
2025-04-30 02:03:22,359 simple_logger.py log_once [line:28] INFO mean_val_loss                 0.6379
2025-04-30 02:03:22,359 simple_logger.py log_once [line:28] INFO std_val_loss                  0.0593
2025-04-30 02:03:22,359 fedbase.py run [line:323] INFO expense           13827030.0
2025-04-30 02:03:22,359 fedbase.py run [line:324] INFO Eval Time Cost:               5.2269s
2025-04-30 02:03:22,359 asyncbase.py iterate [line:68] INFO Select clients [0, 1, 2, 3, 4, 5, 6, 7, 8, 9, 10, 11, 12, 13, 14, 15, 16, 17, 18, 19] at time 429.
2025-04-30 02:03:38,460 asyncbase.py iterate [line:73] INFO Receive new models from clients [8, 5, 17, 15, 10, 3, 7, 6, 14, 16, 11, 1, 19, 12, 13, 4] at time 435
2025-04-30 02:03:38,461 asyncbase.py iterate [line:73] INFO Receive new models from clients [18, 0, 9, 2] at time 436
2025-04-30 02:03:38,498 fedbase.py run [line:318] INFO --------------Round 58--------------
2025-04-30 02:03:38,498 simple_logger.py log_once [line:14] INFO Current_time:436
2025-04-30 02:03:43,765 simple_logger.py log_once [line:28] INFO test_accuracy                 0.8127
2025-04-30 02:03:43,765 simple_logger.py log_once [line:28] INFO test_loss                     0.6787
2025-04-30 02:03:43,765 simple_logger.py log_once [line:28] INFO val_accuracy                  0.8201
2025-04-30 02:03:43,765 simple_logger.py log_once [line:28] INFO mean_val_accuracy             0.8201
2025-04-30 02:03:43,766 simple_logger.py log_once [line:28] INFO std_val_accuracy              0.0206
2025-04-30 02:03:43,766 simple_logger.py log_once [line:28] INFO val_loss                      0.6333
2025-04-30 02:03:43,766 simple_logger.py log_once [line:28] INFO mean_val_loss                 0.6333
2025-04-30 02:03:43,766 simple_logger.py log_once [line:28] INFO std_val_loss                  0.0587
2025-04-30 02:03:43,766 fedbase.py run [line:323] INFO expense           13861430.0
2025-04-30 02:03:43,766 fedbase.py run [line:324] INFO Eval Time Cost:               5.2681s
2025-04-30 02:03:43,766 asyncbase.py iterate [line:68] INFO Select clients [0, 1, 2, 3, 4, 5, 6, 7, 8, 9, 10, 11, 12, 13, 14, 15, 16, 17, 18, 19] at time 437.
2025-04-30 02:04:00,870 asyncbase.py iterate [line:73] INFO Receive new models from clients [0, 19, 8, 13, 6, 4, 2, 9, 7, 17, 15, 14, 5, 11, 1, 12] at time 443
2025-04-30 02:04:00,870 asyncbase.py iterate [line:73] INFO Receive new models from clients [10, 3, 18, 16] at time 444
2025-04-30 02:04:00,924 fedbase.py run [line:318] INFO --------------Round 59--------------
2025-04-30 02:04:00,924 simple_logger.py log_once [line:14] INFO Current_time:444
2025-04-30 02:04:06,257 simple_logger.py log_once [line:28] INFO test_accuracy                 0.8142
2025-04-30 02:04:06,257 simple_logger.py log_once [line:28] INFO test_loss                     0.6756
2025-04-30 02:04:06,257 simple_logger.py log_once [line:28] INFO val_accuracy                  0.8225
2025-04-30 02:04:06,257 simple_logger.py log_once [line:28] INFO mean_val_accuracy             0.8225
2025-04-30 02:04:06,257 simple_logger.py log_once [line:28] INFO std_val_accuracy              0.0212
2025-04-30 02:04:06,257 simple_logger.py log_once [line:28] INFO val_loss                      0.6303
2025-04-30 02:04:06,257 simple_logger.py log_once [line:28] INFO mean_val_loss                 0.6303
2025-04-30 02:04:06,257 simple_logger.py log_once [line:28] INFO std_val_loss                  0.0583
2025-04-30 02:04:06,257 fedbase.py run [line:323] INFO expense           13895830.0
2025-04-30 02:04:06,257 fedbase.py run [line:324] INFO Eval Time Cost:               5.3328s
2025-04-30 02:04:06,257 asyncbase.py iterate [line:68] INFO Select clients [0, 1, 2, 3, 4, 5, 6, 7, 8, 9, 10, 11, 12, 13, 14, 15, 16, 17, 18, 19] at time 445.
2025-04-30 02:04:23,852 asyncbase.py iterate [line:73] INFO Receive new models from clients [1, 5, 8, 6, 19, 7, 3, 18, 12, 15, 16, 2, 13, 14, 17, 10, 11, 4] at time 451
2025-04-30 02:04:23,852 asyncbase.py iterate [line:73] INFO Receive new models from clients [0, 9] at time 452
2025-04-30 02:04:23,889 fedbase.py run [line:318] INFO --------------Round 60--------------
2025-04-30 02:04:23,890 simple_logger.py log_once [line:14] INFO Current_time:452
2025-04-30 02:04:29,116 simple_logger.py log_once [line:28] INFO test_accuracy                 0.8129
2025-04-30 02:04:29,116 simple_logger.py log_once [line:28] INFO test_loss                     0.6762
2025-04-30 02:04:29,116 simple_logger.py log_once [line:28] INFO val_accuracy                  0.8231
2025-04-30 02:04:29,116 simple_logger.py log_once [line:28] INFO mean_val_accuracy             0.8231
2025-04-30 02:04:29,116 simple_logger.py log_once [line:28] INFO std_val_accuracy              0.0207
2025-04-30 02:04:29,116 simple_logger.py log_once [line:28] INFO val_loss                      0.6279
2025-04-30 02:04:29,116 simple_logger.py log_once [line:28] INFO mean_val_loss                 0.6279
2025-04-30 02:04:29,117 simple_logger.py log_once [line:28] INFO std_val_loss                  0.0592
2025-04-30 02:04:29,117 fedbase.py run [line:323] INFO expense           13930230.0
2025-04-30 02:04:29,117 fedbase.py run [line:324] INFO Eval Time Cost:               5.2271s
2025-04-30 02:04:29,117 asyncbase.py iterate [line:68] INFO Select clients [0, 1, 2, 3, 4, 5, 6, 7, 8, 9, 10, 11, 12, 13, 14, 15, 16, 17, 18, 19] at time 453.
2025-04-30 02:04:44,811 asyncbase.py iterate [line:73] INFO Receive new models from clients [14, 12, 8, 1, 7, 4, 5, 16, 9, 19, 10, 2, 0, 18, 17, 13, 3, 11] at time 459
2025-04-30 02:04:44,812 asyncbase.py iterate [line:73] INFO Receive new models from clients [6, 15] at time 460
2025-04-30 02:04:44,848 fedbase.py run [line:318] INFO --------------Round 61--------------
2025-04-30 02:04:44,848 simple_logger.py log_once [line:14] INFO Current_time:460
2025-04-30 02:04:50,053 simple_logger.py log_once [line:28] INFO test_accuracy                 0.8157
2025-04-30 02:04:50,053 simple_logger.py log_once [line:28] INFO test_loss                     0.6712
2025-04-30 02:04:50,054 simple_logger.py log_once [line:28] INFO val_accuracy                  0.8253
2025-04-30 02:04:50,054 simple_logger.py log_once [line:28] INFO mean_val_accuracy             0.8253
2025-04-30 02:04:50,054 simple_logger.py log_once [line:28] INFO std_val_accuracy              0.0221
2025-04-30 02:04:50,054 simple_logger.py log_once [line:28] INFO val_loss                      0.6237
2025-04-30 02:04:50,054 simple_logger.py log_once [line:28] INFO mean_val_loss                 0.6237
2025-04-30 02:04:50,054 simple_logger.py log_once [line:28] INFO std_val_loss                  0.0592
2025-04-30 02:04:50,054 fedbase.py run [line:323] INFO expense           13964630.0
2025-04-30 02:04:50,054 fedbase.py run [line:324] INFO Eval Time Cost:               5.2055s
2025-04-30 02:04:50,054 asyncbase.py iterate [line:68] INFO Select clients [0, 1, 2, 3, 4, 5, 6, 7, 8, 9, 10, 11, 12, 13, 14, 15, 16, 17, 18, 19] at time 461.
2025-04-30 02:05:06,542 asyncbase.py iterate [line:73] INFO Receive new models from clients [0, 10, 19, 6, 11, 12, 14, 1, 3, 8, 13, 9, 17, 7, 4, 5, 16, 18] at time 467
2025-04-30 02:05:06,542 asyncbase.py iterate [line:73] INFO Receive new models from clients [15, 2] at time 468
2025-04-30 02:05:06,580 fedbase.py run [line:318] INFO --------------Round 62--------------
2025-04-30 02:05:06,580 simple_logger.py log_once [line:14] INFO Current_time:468
2025-04-30 02:05:11,842 simple_logger.py log_once [line:28] INFO test_accuracy                 0.8153
2025-04-30 02:05:11,842 simple_logger.py log_once [line:28] INFO test_loss                     0.6707
2025-04-30 02:05:11,842 simple_logger.py log_once [line:28] INFO val_accuracy                  0.8232
2025-04-30 02:05:11,842 simple_logger.py log_once [line:28] INFO mean_val_accuracy             0.8232
2025-04-30 02:05:11,842 simple_logger.py log_once [line:28] INFO std_val_accuracy              0.0199
2025-04-30 02:05:11,842 simple_logger.py log_once [line:28] INFO val_loss                      0.6211
2025-04-30 02:05:11,842 simple_logger.py log_once [line:28] INFO mean_val_loss                 0.6211
2025-04-30 02:05:11,842 simple_logger.py log_once [line:28] INFO std_val_loss                  0.0597
2025-04-30 02:05:11,842 fedbase.py run [line:323] INFO expense           13999030.0
2025-04-30 02:05:11,842 fedbase.py run [line:324] INFO Eval Time Cost:               5.2623s
2025-04-30 02:05:11,842 asyncbase.py iterate [line:68] INFO Select clients [0, 1, 2, 3, 4, 5, 6, 7, 8, 9, 10, 11, 12, 13, 14, 15, 16, 17, 18, 19] at time 469.
2025-04-30 02:05:28,054 asyncbase.py iterate [line:73] INFO Receive new models from clients [19, 9, 1, 0, 12, 7, 17, 13, 3, 4, 2, 15, 16, 8, 10, 5, 11] at time 475
2025-04-30 02:05:28,054 asyncbase.py iterate [line:73] INFO Receive new models from clients [14, 6, 18] at time 476
2025-04-30 02:05:28,108 fedbase.py run [line:318] INFO --------------Round 63--------------
2025-04-30 02:05:28,108 simple_logger.py log_once [line:14] INFO Current_time:476
2025-04-30 02:05:33,647 simple_logger.py log_once [line:28] INFO test_accuracy                 0.8161
2025-04-30 02:05:33,647 simple_logger.py log_once [line:28] INFO test_loss                     0.6683
2025-04-30 02:05:33,647 simple_logger.py log_once [line:28] INFO val_accuracy                  0.8255
2025-04-30 02:05:33,647 simple_logger.py log_once [line:28] INFO mean_val_accuracy             0.8255
2025-04-30 02:05:33,647 simple_logger.py log_once [line:28] INFO std_val_accuracy              0.0200
2025-04-30 02:05:33,647 simple_logger.py log_once [line:28] INFO val_loss                      0.6181
2025-04-30 02:05:33,647 simple_logger.py log_once [line:28] INFO mean_val_loss                 0.6181
2025-04-30 02:05:33,647 simple_logger.py log_once [line:28] INFO std_val_loss                  0.0594
2025-04-30 02:05:33,647 fedbase.py run [line:323] INFO expense           14033430.0
2025-04-30 02:05:33,647 fedbase.py run [line:324] INFO Eval Time Cost:               5.5395s
2025-04-30 02:05:33,647 asyncbase.py iterate [line:68] INFO Select clients [0, 1, 2, 3, 4, 5, 6, 7, 8, 9, 10, 11, 12, 13, 14, 15, 16, 17, 18, 19] at time 477.
2025-04-30 02:05:50,477 asyncbase.py iterate [line:73] INFO Receive new models from clients [5, 15, 4, 7, 3, 13, 19, 10, 14, 11, 6, 8, 18, 2, 16, 12, 1, 0] at time 483
2025-04-30 02:05:50,478 asyncbase.py iterate [line:73] INFO Receive new models from clients [9, 17] at time 484
2025-04-30 02:05:50,516 fedbase.py run [line:318] INFO --------------Round 64--------------
2025-04-30 02:05:50,516 simple_logger.py log_once [line:14] INFO Current_time:484
2025-04-30 02:05:55,699 simple_logger.py log_once [line:28] INFO test_accuracy                 0.8158
2025-04-30 02:05:55,699 simple_logger.py log_once [line:28] INFO test_loss                     0.6671
2025-04-30 02:05:55,699 simple_logger.py log_once [line:28] INFO val_accuracy                  0.8258
2025-04-30 02:05:55,699 simple_logger.py log_once [line:28] INFO mean_val_accuracy             0.8258
2025-04-30 02:05:55,699 simple_logger.py log_once [line:28] INFO std_val_accuracy              0.0203
2025-04-30 02:05:55,699 simple_logger.py log_once [line:28] INFO val_loss                      0.6169
2025-04-30 02:05:55,699 simple_logger.py log_once [line:28] INFO mean_val_loss                 0.6169
2025-04-30 02:05:55,699 simple_logger.py log_once [line:28] INFO std_val_loss                  0.0596
2025-04-30 02:05:55,699 fedbase.py run [line:323] INFO expense           14067830.0
2025-04-30 02:05:55,700 fedbase.py run [line:324] INFO Eval Time Cost:               5.1835s
2025-04-30 02:05:55,700 asyncbase.py iterate [line:68] INFO Select clients [0, 1, 2, 3, 4, 5, 6, 7, 8, 9, 10, 11, 12, 13, 14, 15, 16, 17, 18, 19] at time 485.
2025-04-30 02:06:12,059 asyncbase.py iterate [line:73] INFO Receive new models from clients [0, 10, 7, 17, 13, 8, 12, 3, 16, 9, 15, 5, 19, 4, 1, 6, 2, 11] at time 491
2025-04-30 02:06:12,060 asyncbase.py iterate [line:73] INFO Receive new models from clients [14, 18] at time 492
2025-04-30 02:06:12,096 fedbase.py run [line:318] INFO --------------Round 65--------------
2025-04-30 02:06:12,096 simple_logger.py log_once [line:14] INFO Current_time:492
2025-04-30 02:06:17,303 simple_logger.py log_once [line:28] INFO test_accuracy                 0.8170
2025-04-30 02:06:17,303 simple_logger.py log_once [line:28] INFO test_loss                     0.6636
2025-04-30 02:06:17,303 simple_logger.py log_once [line:28] INFO val_accuracy                  0.8270
2025-04-30 02:06:17,303 simple_logger.py log_once [line:28] INFO mean_val_accuracy             0.8270
2025-04-30 02:06:17,303 simple_logger.py log_once [line:28] INFO std_val_accuracy              0.0191
2025-04-30 02:06:17,303 simple_logger.py log_once [line:28] INFO val_loss                      0.6130
2025-04-30 02:06:17,303 simple_logger.py log_once [line:28] INFO mean_val_loss                 0.6130
2025-04-30 02:06:17,303 simple_logger.py log_once [line:28] INFO std_val_loss                  0.0600
2025-04-30 02:06:17,303 fedbase.py run [line:323] INFO expense           14102230.0
2025-04-30 02:06:17,303 fedbase.py run [line:324] INFO Eval Time Cost:               5.2069s
2025-04-30 02:06:17,303 asyncbase.py iterate [line:68] INFO Select clients [0, 1, 2, 3, 4, 5, 6, 7, 8, 9, 10, 11, 12, 13, 14, 15, 16, 17, 18, 19] at time 493.
2025-04-30 02:06:33,095 asyncbase.py iterate [line:73] INFO Receive new models from clients [17, 0, 8, 18, 3, 10, 7, 13, 1, 14, 15, 5, 6, 11, 4, 16, 9, 12] at time 499
2025-04-30 02:06:33,096 asyncbase.py iterate [line:73] INFO Receive new models from clients [2, 19] at time 500
2025-04-30 02:06:33,134 fedbase.py run [line:318] INFO --------------Round 66--------------
2025-04-30 02:06:33,134 simple_logger.py log_once [line:14] INFO Current_time:500
2025-04-30 02:06:38,442 simple_logger.py log_once [line:28] INFO test_accuracy                 0.8181
2025-04-30 02:06:38,442 simple_logger.py log_once [line:28] INFO test_loss                     0.6630
2025-04-30 02:06:38,442 simple_logger.py log_once [line:28] INFO val_accuracy                  0.8269
2025-04-30 02:06:38,442 simple_logger.py log_once [line:28] INFO mean_val_accuracy             0.8269
2025-04-30 02:06:38,442 simple_logger.py log_once [line:28] INFO std_val_accuracy              0.0193
2025-04-30 02:06:38,442 simple_logger.py log_once [line:28] INFO val_loss                      0.6117
2025-04-30 02:06:38,442 simple_logger.py log_once [line:28] INFO mean_val_loss                 0.6117
2025-04-30 02:06:38,442 simple_logger.py log_once [line:28] INFO std_val_loss                  0.0598
2025-04-30 02:06:38,442 fedbase.py run [line:323] INFO expense           14136630.0
2025-04-30 02:06:38,443 fedbase.py run [line:324] INFO Eval Time Cost:               5.3088s
2025-04-30 02:06:38,443 asyncbase.py iterate [line:68] INFO Select clients [0, 1, 2, 3, 4, 5, 6, 7, 8, 9, 10, 11, 12, 13, 14, 15, 16, 17, 18, 19] at time 501.
2025-04-30 02:06:53,917 asyncbase.py iterate [line:73] INFO Receive new models from clients [12, 19, 0, 4, 16, 9, 5, 14, 11, 6, 8, 18, 7, 3, 1, 17, 10] at time 507
2025-04-30 02:06:53,917 asyncbase.py iterate [line:73] INFO Receive new models from clients [15, 2, 13] at time 508
2025-04-30 02:06:53,955 fedbase.py run [line:318] INFO --------------Round 67--------------
2025-04-30 02:06:53,955 simple_logger.py log_once [line:14] INFO Current_time:508
2025-04-30 02:06:59,244 simple_logger.py log_once [line:28] INFO test_accuracy                 0.8195
2025-04-30 02:06:59,244 simple_logger.py log_once [line:28] INFO test_loss                     0.6584
2025-04-30 02:06:59,244 simple_logger.py log_once [line:28] INFO val_accuracy                  0.8284
2025-04-30 02:06:59,244 simple_logger.py log_once [line:28] INFO mean_val_accuracy             0.8284
2025-04-30 02:06:59,244 simple_logger.py log_once [line:28] INFO std_val_accuracy              0.0193
2025-04-30 02:06:59,244 simple_logger.py log_once [line:28] INFO val_loss                      0.6072
2025-04-30 02:06:59,244 simple_logger.py log_once [line:28] INFO mean_val_loss                 0.6072
2025-04-30 02:06:59,244 simple_logger.py log_once [line:28] INFO std_val_loss                  0.0599
2025-04-30 02:06:59,244 fedbase.py run [line:323] INFO expense           14171030.0
2025-04-30 02:06:59,244 fedbase.py run [line:324] INFO Eval Time Cost:               5.2896s
2025-04-30 02:06:59,244 asyncbase.py iterate [line:68] INFO Select clients [0, 1, 2, 3, 4, 5, 6, 7, 8, 9, 10, 11, 12, 13, 14, 15, 16, 17, 18, 19] at time 509.
2025-04-30 02:07:17,698 asyncbase.py iterate [line:73] INFO Receive new models from clients [4, 12, 6, 19, 18, 16, 14, 1, 13, 11, 5, 9, 15, 17, 7, 2, 8] at time 515
2025-04-30 02:07:17,699 asyncbase.py iterate [line:73] INFO Receive new models from clients [0, 10, 3] at time 516
2025-04-30 02:07:17,737 fedbase.py run [line:318] INFO --------------Round 68--------------
2025-04-30 02:07:17,737 simple_logger.py log_once [line:14] INFO Current_time:516
2025-04-30 02:07:22,961 simple_logger.py log_once [line:28] INFO test_accuracy                 0.8200
2025-04-30 02:07:22,961 simple_logger.py log_once [line:28] INFO test_loss                     0.6566
2025-04-30 02:07:22,961 simple_logger.py log_once [line:28] INFO val_accuracy                  0.8309
2025-04-30 02:07:22,961 simple_logger.py log_once [line:28] INFO mean_val_accuracy             0.8309
2025-04-30 02:07:22,961 simple_logger.py log_once [line:28] INFO std_val_accuracy              0.0185
2025-04-30 02:07:22,961 simple_logger.py log_once [line:28] INFO val_loss                      0.6041
2025-04-30 02:07:22,962 simple_logger.py log_once [line:28] INFO mean_val_loss                 0.6041
2025-04-30 02:07:22,962 simple_logger.py log_once [line:28] INFO std_val_loss                  0.0595
2025-04-30 02:07:22,962 fedbase.py run [line:323] INFO expense           14205430.0
2025-04-30 02:07:22,962 fedbase.py run [line:324] INFO Eval Time Cost:               5.2248s
2025-04-30 02:07:22,962 asyncbase.py iterate [line:68] INFO Select clients [0, 1, 2, 3, 4, 5, 6, 7, 8, 9, 10, 11, 12, 13, 14, 15, 16, 17, 18, 19] at time 517.
2025-04-30 02:07:40,182 asyncbase.py iterate [line:73] INFO Receive new models from clients [2, 14, 10, 4, 12, 15, 11, 5, 8, 17, 9, 7, 19, 1, 16, 6, 0] at time 523
2025-04-30 02:07:40,183 asyncbase.py iterate [line:73] INFO Receive new models from clients [18, 3, 13] at time 524
2025-04-30 02:07:40,221 fedbase.py run [line:318] INFO --------------Round 69--------------
2025-04-30 02:07:40,221 simple_logger.py log_once [line:14] INFO Current_time:524
2025-04-30 02:07:45,556 simple_logger.py log_once [line:28] INFO test_accuracy                 0.8201
2025-04-30 02:07:45,556 simple_logger.py log_once [line:28] INFO test_loss                     0.6548
2025-04-30 02:07:45,556 simple_logger.py log_once [line:28] INFO val_accuracy                  0.8314
2025-04-30 02:07:45,556 simple_logger.py log_once [line:28] INFO mean_val_accuracy             0.8314
2025-04-30 02:07:45,556 simple_logger.py log_once [line:28] INFO std_val_accuracy              0.0204
2025-04-30 02:07:45,556 simple_logger.py log_once [line:28] INFO val_loss                      0.6016
2025-04-30 02:07:45,556 simple_logger.py log_once [line:28] INFO mean_val_loss                 0.6016
2025-04-30 02:07:45,556 simple_logger.py log_once [line:28] INFO std_val_loss                  0.0603
2025-04-30 02:07:45,556 fedbase.py run [line:323] INFO expense           14239830.0
2025-04-30 02:07:45,556 fedbase.py run [line:324] INFO Eval Time Cost:               5.3349s
2025-04-30 02:07:45,556 asyncbase.py iterate [line:68] INFO Select clients [0, 1, 2, 3, 4, 5, 6, 7, 8, 9, 10, 11, 12, 13, 14, 15, 16, 17, 18, 19] at time 525.
2025-04-30 02:08:02,556 asyncbase.py iterate [line:73] INFO Receive new models from clients [8, 13, 6, 9, 7, 5, 12, 1, 17, 16, 3, 18, 10, 15, 2, 11, 0, 19, 14, 4] at time 531
2025-04-30 02:08:02,595 fedbase.py run [line:318] INFO --------------Round 70--------------
2025-04-30 02:08:02,595 simple_logger.py log_once [line:14] INFO Current_time:531
2025-04-30 02:08:07,821 simple_logger.py log_once [line:28] INFO test_accuracy                 0.8217
2025-04-30 02:08:07,822 simple_logger.py log_once [line:28] INFO test_loss                     0.6527
2025-04-30 02:08:07,822 simple_logger.py log_once [line:28] INFO val_accuracy                  0.8322
2025-04-30 02:08:07,822 simple_logger.py log_once [line:28] INFO mean_val_accuracy             0.8322
2025-04-30 02:08:07,822 simple_logger.py log_once [line:28] INFO std_val_accuracy              0.0193
2025-04-30 02:08:07,822 simple_logger.py log_once [line:28] INFO val_loss                      0.5987
2025-04-30 02:08:07,822 simple_logger.py log_once [line:28] INFO mean_val_loss                 0.5987
2025-04-30 02:08:07,822 simple_logger.py log_once [line:28] INFO std_val_loss                  0.0603
2025-04-30 02:08:07,822 fedbase.py run [line:323] INFO expense           14274230.0
2025-04-30 02:08:07,822 fedbase.py run [line:324] INFO Eval Time Cost:               5.2265s
2025-04-30 02:08:07,822 asyncbase.py iterate [line:68] INFO Select clients [0, 1, 2, 3, 4, 5, 6, 7, 8, 9, 10, 11, 12, 13, 14, 15, 16, 17, 18, 19] at time 532.
2025-04-30 02:08:24,342 asyncbase.py iterate [line:73] INFO Receive new models from clients [12, 3, 5, 7, 8, 13, 10, 4, 9, 0, 14, 1, 2, 11, 6, 15, 16, 17, 19, 18] at time 538
2025-04-30 02:08:24,397 fedbase.py run [line:318] INFO --------------Round 71--------------
2025-04-30 02:08:24,397 simple_logger.py log_once [line:14] INFO Current_time:538
2025-04-30 02:08:30,178 simple_logger.py log_once [line:28] INFO test_accuracy                 0.8218
2025-04-30 02:08:30,178 simple_logger.py log_once [line:28] INFO test_loss                     0.6496
2025-04-30 02:08:30,178 simple_logger.py log_once [line:28] INFO val_accuracy                  0.8307
2025-04-30 02:08:30,178 simple_logger.py log_once [line:28] INFO mean_val_accuracy             0.8307
2025-04-30 02:08:30,178 simple_logger.py log_once [line:28] INFO std_val_accuracy              0.0194
2025-04-30 02:08:30,178 simple_logger.py log_once [line:28] INFO val_loss                      0.5964
2025-04-30 02:08:30,178 simple_logger.py log_once [line:28] INFO mean_val_loss                 0.5964
2025-04-30 02:08:30,178 simple_logger.py log_once [line:28] INFO std_val_loss                  0.0600
2025-04-30 02:08:30,178 fedbase.py run [line:323] INFO expense           14308630.0
2025-04-30 02:08:30,178 fedbase.py run [line:324] INFO Eval Time Cost:               5.7814s
2025-04-30 02:08:30,178 asyncbase.py iterate [line:68] INFO Select clients [0, 1, 2, 3, 4, 5, 6, 7, 8, 9, 10, 11, 12, 13, 14, 15, 16, 17, 18, 19] at time 539.
2025-04-30 02:08:47,397 asyncbase.py iterate [line:73] INFO Receive new models from clients [13, 9, 5, 0, 19, 10, 18, 2, 12, 17, 8, 4, 15, 7, 1, 6, 16] at time 545
2025-04-30 02:08:47,397 asyncbase.py iterate [line:73] INFO Receive new models from clients [11, 14, 3] at time 546
2025-04-30 02:08:47,435 fedbase.py run [line:318] INFO --------------Round 72--------------
2025-04-30 02:08:47,435 simple_logger.py log_once [line:14] INFO Current_time:546
2025-04-30 02:08:52,674 simple_logger.py log_once [line:28] INFO test_accuracy                 0.8227
2025-04-30 02:08:52,674 simple_logger.py log_once [line:28] INFO test_loss                     0.6505
2025-04-30 02:08:52,674 simple_logger.py log_once [line:28] INFO val_accuracy                  0.8335
2025-04-30 02:08:52,674 simple_logger.py log_once [line:28] INFO mean_val_accuracy             0.8335
2025-04-30 02:08:52,674 simple_logger.py log_once [line:28] INFO std_val_accuracy              0.0214
2025-04-30 02:08:52,674 simple_logger.py log_once [line:28] INFO val_loss                      0.5941
2025-04-30 02:08:52,674 simple_logger.py log_once [line:28] INFO mean_val_loss                 0.5941
2025-04-30 02:08:52,675 simple_logger.py log_once [line:28] INFO std_val_loss                  0.0610
2025-04-30 02:08:52,675 fedbase.py run [line:323] INFO expense           14343030.0
2025-04-30 02:08:52,675 fedbase.py run [line:324] INFO Eval Time Cost:               5.2393s
2025-04-30 02:08:52,675 asyncbase.py iterate [line:68] INFO Select clients [0, 1, 2, 3, 4, 5, 6, 7, 8, 9, 10, 11, 12, 13, 14, 15, 16, 17, 18, 19] at time 547.
2025-04-30 02:09:08,589 asyncbase.py iterate [line:73] INFO Receive new models from clients [8, 9, 7, 12, 19, 2, 10, 16, 5, 13, 15, 11, 17, 1, 14, 3, 18, 0] at time 553
2025-04-30 02:09:08,590 asyncbase.py iterate [line:73] INFO Receive new models from clients [4, 6] at time 554
2025-04-30 02:09:08,627 fedbase.py run [line:318] INFO --------------Round 73--------------
2025-04-30 02:09:08,627 simple_logger.py log_once [line:14] INFO Current_time:554
2025-04-30 02:09:13,883 simple_logger.py log_once [line:28] INFO test_accuracy                 0.8221
2025-04-30 02:09:13,883 simple_logger.py log_once [line:28] INFO test_loss                     0.6485
2025-04-30 02:09:13,883 simple_logger.py log_once [line:28] INFO val_accuracy                  0.8318
2025-04-30 02:09:13,883 simple_logger.py log_once [line:28] INFO mean_val_accuracy             0.8318
2025-04-30 02:09:13,883 simple_logger.py log_once [line:28] INFO std_val_accuracy              0.0190
2025-04-30 02:09:13,883 simple_logger.py log_once [line:28] INFO val_loss                      0.5935
2025-04-30 02:09:13,883 simple_logger.py log_once [line:28] INFO mean_val_loss                 0.5935
2025-04-30 02:09:13,883 simple_logger.py log_once [line:28] INFO std_val_loss                  0.0602
2025-04-30 02:09:13,883 fedbase.py run [line:323] INFO expense           14377430.0
2025-04-30 02:09:13,883 fedbase.py run [line:324] INFO Eval Time Cost:               5.2566s
2025-04-30 02:09:13,884 asyncbase.py iterate [line:68] INFO Select clients [0, 1, 2, 3, 4, 5, 6, 7, 8, 9, 10, 11, 12, 13, 14, 15, 16, 17, 18, 19] at time 555.
2025-04-30 02:09:30,894 asyncbase.py iterate [line:73] INFO Receive new models from clients [9, 4, 2, 16, 18, 3, 11, 8, 19, 15, 0, 14, 13, 6, 10, 12, 5, 17, 7, 1] at time 561
2025-04-30 02:09:30,948 fedbase.py run [line:318] INFO --------------Round 74--------------
2025-04-30 02:09:30,948 simple_logger.py log_once [line:14] INFO Current_time:561
2025-04-30 02:09:37,101 simple_logger.py log_once [line:28] INFO test_accuracy                 0.8248
2025-04-30 02:09:37,102 simple_logger.py log_once [line:28] INFO test_loss                     0.6432
2025-04-30 02:09:37,102 simple_logger.py log_once [line:28] INFO val_accuracy                  0.8332
2025-04-30 02:09:37,102 simple_logger.py log_once [line:28] INFO mean_val_accuracy             0.8332
2025-04-30 02:09:37,102 simple_logger.py log_once [line:28] INFO std_val_accuracy              0.0194
2025-04-30 02:09:37,102 simple_logger.py log_once [line:28] INFO val_loss                      0.5888
2025-04-30 02:09:37,102 simple_logger.py log_once [line:28] INFO mean_val_loss                 0.5888
2025-04-30 02:09:37,102 simple_logger.py log_once [line:28] INFO std_val_loss                  0.0603
2025-04-30 02:09:37,102 fedbase.py run [line:323] INFO expense           14411830.0
2025-04-30 02:09:37,102 fedbase.py run [line:324] INFO Eval Time Cost:               6.1538s
2025-04-30 02:09:37,102 asyncbase.py iterate [line:68] INFO Select clients [0, 1, 2, 3, 4, 5, 6, 7, 8, 9, 10, 11, 12, 13, 14, 15, 16, 17, 18, 19] at time 562.
2025-04-30 02:09:53,934 asyncbase.py iterate [line:73] INFO Receive new models from clients [7, 0, 11, 9, 3, 14, 4, 13, 5, 19, 16, 17, 18, 15, 1, 2, 6] at time 568
2025-04-30 02:09:53,934 asyncbase.py iterate [line:73] INFO Receive new models from clients [10, 12, 8] at time 569
2025-04-30 02:09:53,974 fedbase.py run [line:318] INFO --------------Round 75--------------
2025-04-30 02:09:53,974 simple_logger.py log_once [line:14] INFO Current_time:569
2025-04-30 02:09:59,352 simple_logger.py log_once [line:28] INFO test_accuracy                 0.8246
2025-04-30 02:09:59,352 simple_logger.py log_once [line:28] INFO test_loss                     0.6419
2025-04-30 02:09:59,352 simple_logger.py log_once [line:28] INFO val_accuracy                  0.8333
2025-04-30 02:09:59,352 simple_logger.py log_once [line:28] INFO mean_val_accuracy             0.8333
2025-04-30 02:09:59,352 simple_logger.py log_once [line:28] INFO std_val_accuracy              0.0203
2025-04-30 02:09:59,353 simple_logger.py log_once [line:28] INFO val_loss                      0.5871
2025-04-30 02:09:59,353 simple_logger.py log_once [line:28] INFO mean_val_loss                 0.5871
2025-04-30 02:09:59,353 simple_logger.py log_once [line:28] INFO std_val_loss                  0.0607
2025-04-30 02:09:59,353 fedbase.py run [line:323] INFO expense           14446230.0
2025-04-30 02:09:59,353 fedbase.py run [line:324] INFO Eval Time Cost:               5.3789s
2025-04-30 02:09:59,353 asyncbase.py iterate [line:68] INFO Select clients [0, 1, 2, 3, 4, 5, 6, 7, 8, 9, 10, 11, 12, 13, 14, 15, 16, 17, 18, 19] at time 570.
2025-04-30 02:10:15,269 asyncbase.py iterate [line:73] INFO Receive new models from clients [0, 6, 13, 14, 19, 15, 8, 5, 18, 7, 2, 3, 11, 1, 17, 10, 9, 4] at time 576
2025-04-30 02:10:15,270 asyncbase.py iterate [line:73] INFO Receive new models from clients [16, 12] at time 577
2025-04-30 02:10:15,309 fedbase.py run [line:318] INFO --------------Round 76--------------
2025-04-30 02:10:15,309 simple_logger.py log_once [line:14] INFO Current_time:577
2025-04-30 02:10:20,547 simple_logger.py log_once [line:28] INFO test_accuracy                 0.8263
2025-04-30 02:10:20,548 simple_logger.py log_once [line:28] INFO test_loss                     0.6381
2025-04-30 02:10:20,548 simple_logger.py log_once [line:28] INFO val_accuracy                  0.8324
2025-04-30 02:10:20,548 simple_logger.py log_once [line:28] INFO mean_val_accuracy             0.8324
2025-04-30 02:10:20,548 simple_logger.py log_once [line:28] INFO std_val_accuracy              0.0185
2025-04-30 02:10:20,548 simple_logger.py log_once [line:28] INFO val_loss                      0.5844
2025-04-30 02:10:20,548 simple_logger.py log_once [line:28] INFO mean_val_loss                 0.5844
2025-04-30 02:10:20,548 simple_logger.py log_once [line:28] INFO std_val_loss                  0.0602
2025-04-30 02:10:20,548 fedbase.py run [line:323] INFO expense           14480630.0
2025-04-30 02:10:20,548 fedbase.py run [line:324] INFO Eval Time Cost:               5.2388s
2025-04-30 02:10:20,548 asyncbase.py iterate [line:68] INFO Select clients [0, 1, 2, 3, 4, 5, 6, 7, 8, 9, 10, 11, 12, 13, 14, 15, 16, 17, 18, 19] at time 578.
2025-04-30 02:10:36,905 asyncbase.py iterate [line:73] INFO Receive new models from clients [14, 8, 6, 5, 19, 11, 9, 13, 12, 16, 4, 18, 3, 7, 17, 1, 15, 0, 2] at time 584
2025-04-30 02:10:36,906 asyncbase.py iterate [line:73] INFO Receive new models from clients [10] at time 585
2025-04-30 02:10:36,945 fedbase.py run [line:318] INFO --------------Round 77--------------
2025-04-30 02:10:36,945 simple_logger.py log_once [line:14] INFO Current_time:585
2025-04-30 02:10:42,172 simple_logger.py log_once [line:28] INFO test_accuracy                 0.8261
2025-04-30 02:10:42,172 simple_logger.py log_once [line:28] INFO test_loss                     0.6382
2025-04-30 02:10:42,173 simple_logger.py log_once [line:28] INFO val_accuracy                  0.8357
2025-04-30 02:10:42,173 simple_logger.py log_once [line:28] INFO mean_val_accuracy             0.8357
2025-04-30 02:10:42,173 simple_logger.py log_once [line:28] INFO std_val_accuracy              0.0192
2025-04-30 02:10:42,173 simple_logger.py log_once [line:28] INFO val_loss                      0.5827
2025-04-30 02:10:42,173 simple_logger.py log_once [line:28] INFO mean_val_loss                 0.5827
2025-04-30 02:10:42,173 simple_logger.py log_once [line:28] INFO std_val_loss                  0.0603
2025-04-30 02:10:42,174 fedbase.py run [line:323] INFO expense           14515030.0
2025-04-30 02:10:42,174 fedbase.py run [line:324] INFO Eval Time Cost:               5.2288s
2025-04-30 02:10:42,174 asyncbase.py iterate [line:68] INFO Select clients [0, 1, 2, 3, 4, 5, 6, 7, 8, 9, 10, 11, 12, 13, 14, 15, 16, 17, 18, 19] at time 586.
2025-04-30 02:10:59,891 asyncbase.py iterate [line:73] INFO Receive new models from clients [16, 5, 11, 8, 18, 6, 3, 10, 0, 19, 2, 17, 4, 14, 7, 12, 13, 15] at time 592
2025-04-30 02:10:59,892 asyncbase.py iterate [line:73] INFO Receive new models from clients [9, 1] at time 593
2025-04-30 02:10:59,947 fedbase.py run [line:318] INFO --------------Round 78--------------
2025-04-30 02:10:59,948 simple_logger.py log_once [line:14] INFO Current_time:593
2025-04-30 02:11:05,313 simple_logger.py log_once [line:28] INFO test_accuracy                 0.8263
2025-04-30 02:11:05,313 simple_logger.py log_once [line:28] INFO test_loss                     0.6353
2025-04-30 02:11:05,314 simple_logger.py log_once [line:28] INFO val_accuracy                  0.8347
2025-04-30 02:11:05,314 simple_logger.py log_once [line:28] INFO mean_val_accuracy             0.8347
2025-04-30 02:11:05,314 simple_logger.py log_once [line:28] INFO std_val_accuracy              0.0186
2025-04-30 02:11:05,314 simple_logger.py log_once [line:28] INFO val_loss                      0.5799
2025-04-30 02:11:05,314 simple_logger.py log_once [line:28] INFO mean_val_loss                 0.5799
2025-04-30 02:11:05,314 simple_logger.py log_once [line:28] INFO std_val_loss                  0.0609
2025-04-30 02:11:05,314 fedbase.py run [line:323] INFO expense           14549430.0
2025-04-30 02:11:05,314 fedbase.py run [line:324] INFO Eval Time Cost:               5.3663s
2025-04-30 02:11:05,314 asyncbase.py iterate [line:68] INFO Select clients [0, 1, 2, 3, 4, 5, 6, 7, 8, 9, 10, 11, 12, 13, 14, 15, 16, 17, 18, 19] at time 594.
2025-04-30 02:11:22,858 asyncbase.py iterate [line:73] INFO Receive new models from clients [17, 9, 16, 12, 11, 3, 5, 13, 14, 0, 7, 4, 18, 2, 19, 8, 15] at time 600
2025-04-30 02:11:22,859 asyncbase.py iterate [line:73] INFO Receive new models from clients [6, 10, 1] at time 601
2025-04-30 02:11:22,897 fedbase.py run [line:318] INFO --------------Round 79--------------
2025-04-30 02:11:22,897 simple_logger.py log_once [line:14] INFO Current_time:601
2025-04-30 02:11:28,222 simple_logger.py log_once [line:28] INFO test_accuracy                 0.8285
2025-04-30 02:11:28,222 simple_logger.py log_once [line:28] INFO test_loss                     0.6312
2025-04-30 02:11:28,223 simple_logger.py log_once [line:28] INFO val_accuracy                  0.8369
2025-04-30 02:11:28,223 simple_logger.py log_once [line:28] INFO mean_val_accuracy             0.8369
2025-04-30 02:11:28,223 simple_logger.py log_once [line:28] INFO std_val_accuracy              0.0191
2025-04-30 02:11:28,223 simple_logger.py log_once [line:28] INFO val_loss                      0.5757
2025-04-30 02:11:28,223 simple_logger.py log_once [line:28] INFO mean_val_loss                 0.5757
2025-04-30 02:11:28,223 simple_logger.py log_once [line:28] INFO std_val_loss                  0.0603
2025-04-30 02:11:28,223 fedbase.py run [line:323] INFO expense           14583830.0
2025-04-30 02:11:28,223 fedbase.py run [line:324] INFO Eval Time Cost:               5.3262s
2025-04-30 02:11:28,223 asyncbase.py iterate [line:68] INFO Select clients [0, 1, 2, 3, 4, 5, 6, 7, 8, 9, 10, 11, 12, 13, 14, 15, 16, 17, 18, 19] at time 602.
2025-04-30 02:11:46,225 asyncbase.py iterate [line:73] INFO Receive new models from clients [0, 10, 8, 6, 4, 2, 19, 13, 1, 16, 17, 12, 7, 3, 15, 5, 14, 11, 9] at time 608
2025-04-30 02:11:46,225 asyncbase.py iterate [line:73] INFO Receive new models from clients [18] at time 609
2025-04-30 02:11:46,263 fedbase.py run [line:318] INFO --------------Round 80--------------
2025-04-30 02:11:46,263 simple_logger.py log_once [line:14] INFO Current_time:609
2025-04-30 02:11:51,547 simple_logger.py log_once [line:28] INFO test_accuracy                 0.8293
2025-04-30 02:11:51,547 simple_logger.py log_once [line:28] INFO test_loss                     0.6300
2025-04-30 02:11:51,547 simple_logger.py log_once [line:28] INFO val_accuracy                  0.8374
2025-04-30 02:11:51,547 simple_logger.py log_once [line:28] INFO mean_val_accuracy             0.8374
2025-04-30 02:11:51,547 simple_logger.py log_once [line:28] INFO std_val_accuracy              0.0194
2025-04-30 02:11:51,547 simple_logger.py log_once [line:28] INFO val_loss                      0.5742
2025-04-30 02:11:51,547 simple_logger.py log_once [line:28] INFO mean_val_loss                 0.5742
2025-04-30 02:11:51,548 simple_logger.py log_once [line:28] INFO std_val_loss                  0.0605
2025-04-30 02:11:51,548 fedbase.py run [line:323] INFO expense           14618230.0
2025-04-30 02:11:51,548 fedbase.py run [line:324] INFO Eval Time Cost:               5.2849s
2025-04-30 02:11:51,548 asyncbase.py iterate [line:68] INFO Select clients [0, 1, 2, 3, 4, 5, 6, 7, 8, 9, 10, 11, 12, 13, 14, 15, 16, 17, 18, 19] at time 610.
2025-04-30 02:12:07,631 asyncbase.py iterate [line:73] INFO Receive new models from clients [10, 1, 16, 12, 2, 14, 18, 5, 19, 4, 15, 17, 7, 11] at time 616
2025-04-30 02:12:07,632 asyncbase.py iterate [line:73] INFO Receive new models from clients [13, 6, 9, 3, 8, 0] at time 617
2025-04-30 02:12:07,670 fedbase.py run [line:318] INFO --------------Round 81--------------
2025-04-30 02:12:07,670 simple_logger.py log_once [line:14] INFO Current_time:617
2025-04-30 02:12:13,040 simple_logger.py log_once [line:28] INFO test_accuracy                 0.8285
2025-04-30 02:12:13,040 simple_logger.py log_once [line:28] INFO test_loss                     0.6296
2025-04-30 02:12:13,040 simple_logger.py log_once [line:28] INFO val_accuracy                  0.8363
2025-04-30 02:12:13,040 simple_logger.py log_once [line:28] INFO mean_val_accuracy             0.8363
2025-04-30 02:12:13,040 simple_logger.py log_once [line:28] INFO std_val_accuracy              0.0190
2025-04-30 02:12:13,041 simple_logger.py log_once [line:28] INFO val_loss                      0.5735
2025-04-30 02:12:13,041 simple_logger.py log_once [line:28] INFO mean_val_loss                 0.5735
2025-04-30 02:12:13,041 simple_logger.py log_once [line:28] INFO std_val_loss                  0.0606
2025-04-30 02:12:13,041 fedbase.py run [line:323] INFO expense           14652630.0
2025-04-30 02:12:13,041 fedbase.py run [line:324] INFO Eval Time Cost:               5.3705s
2025-04-30 02:12:13,041 asyncbase.py iterate [line:68] INFO Select clients [0, 1, 2, 3, 4, 5, 6, 7, 8, 9, 10, 11, 12, 13, 14, 15, 16, 17, 18, 19] at time 618.
2025-04-30 02:12:29,455 asyncbase.py iterate [line:73] INFO Receive new models from clients [0, 17, 2, 10, 9, 8, 6, 4, 15, 3, 18, 19, 1, 7] at time 624
2025-04-30 02:12:29,455 asyncbase.py iterate [line:73] INFO Receive new models from clients [16, 13, 12, 14, 11, 5] at time 625
2025-04-30 02:12:29,510 fedbase.py run [line:318] INFO --------------Round 82--------------
2025-04-30 02:12:29,510 simple_logger.py log_once [line:14] INFO Current_time:625
2025-04-30 02:12:35,538 simple_logger.py log_once [line:28] INFO test_accuracy                 0.8286
2025-04-30 02:12:35,539 simple_logger.py log_once [line:28] INFO test_loss                     0.6282
2025-04-30 02:12:35,539 simple_logger.py log_once [line:28] INFO val_accuracy                  0.8395
2025-04-30 02:12:35,539 simple_logger.py log_once [line:28] INFO mean_val_accuracy             0.8395
2025-04-30 02:12:35,539 simple_logger.py log_once [line:28] INFO std_val_accuracy              0.0211
2025-04-30 02:12:35,539 simple_logger.py log_once [line:28] INFO val_loss                      0.5706
2025-04-30 02:12:35,539 simple_logger.py log_once [line:28] INFO mean_val_loss                 0.5706
2025-04-30 02:12:35,539 simple_logger.py log_once [line:28] INFO std_val_loss                  0.0613
2025-04-30 02:12:35,539 fedbase.py run [line:323] INFO expense           14687030.0
2025-04-30 02:12:35,539 fedbase.py run [line:324] INFO Eval Time Cost:               6.0293s
2025-04-30 02:12:35,539 asyncbase.py iterate [line:68] INFO Select clients [0, 1, 2, 3, 4, 5, 6, 7, 8, 9, 10, 11, 12, 13, 14, 15, 16, 17, 18, 19] at time 626.
2025-04-30 02:12:51,693 asyncbase.py iterate [line:73] INFO Receive new models from clients [16, 10, 15, 5, 11, 7, 19, 2, 6, 14, 8, 3, 13, 9, 12, 1, 0, 18, 4, 17] at time 632
2025-04-30 02:12:51,734 fedbase.py run [line:318] INFO --------------Round 83--------------
2025-04-30 02:12:51,734 simple_logger.py log_once [line:14] INFO Current_time:632
2025-04-30 02:12:56,973 simple_logger.py log_once [line:28] INFO test_accuracy                 0.8286
2025-04-30 02:12:56,973 simple_logger.py log_once [line:28] INFO test_loss                     0.6267
2025-04-30 02:12:56,973 simple_logger.py log_once [line:28] INFO val_accuracy                  0.8393
2025-04-30 02:12:56,973 simple_logger.py log_once [line:28] INFO mean_val_accuracy             0.8393
2025-04-30 02:12:56,973 simple_logger.py log_once [line:28] INFO std_val_accuracy              0.0225
2025-04-30 02:12:56,974 simple_logger.py log_once [line:28] INFO val_loss                      0.5686
2025-04-30 02:12:56,974 simple_logger.py log_once [line:28] INFO mean_val_loss                 0.5686
2025-04-30 02:12:56,974 simple_logger.py log_once [line:28] INFO std_val_loss                  0.0613
2025-04-30 02:12:56,974 fedbase.py run [line:323] INFO expense           14721430.0
2025-04-30 02:12:56,974 fedbase.py run [line:324] INFO Eval Time Cost:               5.2392s
2025-04-30 02:12:56,974 asyncbase.py iterate [line:68] INFO Select clients [0, 1, 2, 3, 4, 5, 6, 7, 8, 9, 10, 11, 12, 13, 14, 15, 16, 17, 18, 19] at time 633.
2025-04-30 02:13:13,179 asyncbase.py iterate [line:73] INFO Receive new models from clients [19, 15, 18, 1, 16, 12, 13, 10, 6, 8, 2, 0, 5, 4, 17, 11] at time 639
2025-04-30 02:13:13,180 asyncbase.py iterate [line:73] INFO Receive new models from clients [3, 7, 9, 14] at time 640
2025-04-30 02:13:13,219 fedbase.py run [line:318] INFO --------------Round 84--------------
2025-04-30 02:13:13,219 simple_logger.py log_once [line:14] INFO Current_time:640
2025-04-30 02:13:18,449 simple_logger.py log_once [line:28] INFO test_accuracy                 0.8305
2025-04-30 02:13:18,449 simple_logger.py log_once [line:28] INFO test_loss                     0.6245
2025-04-30 02:13:18,449 simple_logger.py log_once [line:28] INFO val_accuracy                  0.8403
2025-04-30 02:13:18,449 simple_logger.py log_once [line:28] INFO mean_val_accuracy             0.8403
2025-04-30 02:13:18,449 simple_logger.py log_once [line:28] INFO std_val_accuracy              0.0207
2025-04-30 02:13:18,449 simple_logger.py log_once [line:28] INFO val_loss                      0.5665
2025-04-30 02:13:18,449 simple_logger.py log_once [line:28] INFO mean_val_loss                 0.5665
2025-04-30 02:13:18,449 simple_logger.py log_once [line:28] INFO std_val_loss                  0.0610
2025-04-30 02:13:18,449 fedbase.py run [line:323] INFO expense           14755830.0
2025-04-30 02:13:18,449 fedbase.py run [line:324] INFO Eval Time Cost:               5.2307s
2025-04-30 02:13:18,450 asyncbase.py iterate [line:68] INFO Select clients [0, 1, 2, 3, 4, 5, 6, 7, 8, 9, 10, 11, 12, 13, 14, 15, 16, 17, 18, 19] at time 641.
2025-04-30 02:13:34,884 asyncbase.py iterate [line:73] INFO Receive new models from clients [4, 2, 0, 9, 6, 17, 1, 8, 16, 3, 19, 13, 10, 7, 14, 11, 12] at time 647
2025-04-30 02:13:34,885 asyncbase.py iterate [line:73] INFO Receive new models from clients [15, 18, 5] at time 648
2025-04-30 02:13:34,923 fedbase.py run [line:318] INFO --------------Round 85--------------
2025-04-30 02:13:34,923 simple_logger.py log_once [line:14] INFO Current_time:648
2025-04-30 02:13:40,241 simple_logger.py log_once [line:28] INFO test_accuracy                 0.8306
2025-04-30 02:13:40,241 simple_logger.py log_once [line:28] INFO test_loss                     0.6233
2025-04-30 02:13:40,241 simple_logger.py log_once [line:28] INFO val_accuracy                  0.8395
2025-04-30 02:13:40,241 simple_logger.py log_once [line:28] INFO mean_val_accuracy             0.8395
2025-04-30 02:13:40,241 simple_logger.py log_once [line:28] INFO std_val_accuracy              0.0199
2025-04-30 02:13:40,241 simple_logger.py log_once [line:28] INFO val_loss                      0.5651
2025-04-30 02:13:40,241 simple_logger.py log_once [line:28] INFO mean_val_loss                 0.5651
2025-04-30 02:13:40,241 simple_logger.py log_once [line:28] INFO std_val_loss                  0.0612
2025-04-30 02:13:40,241 fedbase.py run [line:323] INFO expense           14790230.0
2025-04-30 02:13:40,241 fedbase.py run [line:324] INFO Eval Time Cost:               5.3180s
2025-04-30 02:13:40,241 asyncbase.py iterate [line:68] INFO Select clients [0, 1, 2, 3, 4, 5, 6, 7, 8, 9, 10, 11, 12, 13, 14, 15, 16, 17, 18, 19] at time 649.
2025-04-30 02:13:57,281 asyncbase.py iterate [line:73] INFO Receive new models from clients [19, 10, 14, 3, 4, 11, 12, 15, 18, 8, 2, 0, 9, 1, 17, 6, 5, 7, 16] at time 655
2025-04-30 02:13:57,281 asyncbase.py iterate [line:73] INFO Receive new models from clients [13] at time 656
2025-04-30 02:13:57,319 fedbase.py run [line:318] INFO --------------Round 86--------------
2025-04-30 02:13:57,319 simple_logger.py log_once [line:14] INFO Current_time:656
2025-04-30 02:14:02,542 simple_logger.py log_once [line:28] INFO test_accuracy                 0.8304
2025-04-30 02:14:02,542 simple_logger.py log_once [line:28] INFO test_loss                     0.6226
2025-04-30 02:14:02,542 simple_logger.py log_once [line:28] INFO val_accuracy                  0.8404
2025-04-30 02:14:02,542 simple_logger.py log_once [line:28] INFO mean_val_accuracy             0.8404
2025-04-30 02:14:02,542 simple_logger.py log_once [line:28] INFO std_val_accuracy              0.0210
2025-04-30 02:14:02,542 simple_logger.py log_once [line:28] INFO val_loss                      0.5629
2025-04-30 02:14:02,542 simple_logger.py log_once [line:28] INFO mean_val_loss                 0.5629
2025-04-30 02:14:02,542 simple_logger.py log_once [line:28] INFO std_val_loss                  0.0614
2025-04-30 02:14:02,542 fedbase.py run [line:323] INFO expense           14824630.0
2025-04-30 02:14:02,543 fedbase.py run [line:324] INFO Eval Time Cost:               5.2234s
2025-04-30 02:14:02,543 asyncbase.py iterate [line:68] INFO Select clients [0, 1, 2, 3, 4, 5, 6, 7, 8, 9, 10, 11, 12, 13, 14, 15, 16, 17, 18, 19] at time 657.
2025-04-30 02:14:18,746 asyncbase.py iterate [line:73] INFO Receive new models from clients [13, 11, 18, 12, 9, 6, 16, 19, 2, 4, 17, 10, 14, 5, 15, 0, 3, 7, 8, 1] at time 663
2025-04-30 02:14:18,785 fedbase.py run [line:318] INFO --------------Round 87--------------
2025-04-30 02:14:18,785 simple_logger.py log_once [line:14] INFO Current_time:663
2025-04-30 02:14:24,171 simple_logger.py log_once [line:28] INFO test_accuracy                 0.8309
2025-04-30 02:14:24,171 simple_logger.py log_once [line:28] INFO test_loss                     0.6209
2025-04-30 02:14:24,171 simple_logger.py log_once [line:28] INFO val_accuracy                  0.8403
2025-04-30 02:14:24,171 simple_logger.py log_once [line:28] INFO mean_val_accuracy             0.8403
2025-04-30 02:14:24,171 simple_logger.py log_once [line:28] INFO std_val_accuracy              0.0200
2025-04-30 02:14:24,171 simple_logger.py log_once [line:28] INFO val_loss                      0.5621
2025-04-30 02:14:24,171 simple_logger.py log_once [line:28] INFO mean_val_loss                 0.5621
2025-04-30 02:14:24,171 simple_logger.py log_once [line:28] INFO std_val_loss                  0.0613
2025-04-30 02:14:24,171 fedbase.py run [line:323] INFO expense           14859030.0
2025-04-30 02:14:24,171 fedbase.py run [line:324] INFO Eval Time Cost:               5.3863s
2025-04-30 02:14:24,172 asyncbase.py iterate [line:68] INFO Select clients [0, 1, 2, 3, 4, 5, 6, 7, 8, 9, 10, 11, 12, 13, 14, 15, 16, 17, 18, 19] at time 664.
2025-04-30 02:14:40,794 asyncbase.py iterate [line:73] INFO Receive new models from clients [13, 4, 8, 19, 12, 14, 1, 5, 10, 15, 7, 18, 3, 2, 11, 16, 0, 6, 17] at time 670
2025-04-30 02:14:40,795 asyncbase.py iterate [line:73] INFO Receive new models from clients [9] at time 671
2025-04-30 02:14:40,834 fedbase.py run [line:318] INFO --------------Round 88--------------
2025-04-30 02:14:40,834 simple_logger.py log_once [line:14] INFO Current_time:671
2025-04-30 02:14:46,129 simple_logger.py log_once [line:28] INFO test_accuracy                 0.8325
2025-04-30 02:14:46,129 simple_logger.py log_once [line:28] INFO test_loss                     0.6177
2025-04-30 02:14:46,129 simple_logger.py log_once [line:28] INFO val_accuracy                  0.8432
2025-04-30 02:14:46,129 simple_logger.py log_once [line:28] INFO mean_val_accuracy             0.8432
2025-04-30 02:14:46,129 simple_logger.py log_once [line:28] INFO std_val_accuracy              0.0191
2025-04-30 02:14:46,129 simple_logger.py log_once [line:28] INFO val_loss                      0.5583
2025-04-30 02:14:46,129 simple_logger.py log_once [line:28] INFO mean_val_loss                 0.5583
2025-04-30 02:14:46,129 simple_logger.py log_once [line:28] INFO std_val_loss                  0.0611
2025-04-30 02:14:46,129 fedbase.py run [line:323] INFO expense           14893430.0
2025-04-30 02:14:46,129 fedbase.py run [line:324] INFO Eval Time Cost:               5.2955s
2025-04-30 02:14:46,130 asyncbase.py iterate [line:68] INFO Select clients [0, 1, 2, 3, 4, 5, 6, 7, 8, 9, 10, 11, 12, 13, 14, 15, 16, 17, 18, 19] at time 672.
2025-04-30 02:15:04,161 asyncbase.py iterate [line:73] INFO Receive new models from clients [18, 4, 14, 3, 17, 13, 12, 10, 2, 6, 15, 1, 8, 5, 11, 0, 19, 7] at time 678
2025-04-30 02:15:04,161 asyncbase.py iterate [line:73] INFO Receive new models from clients [16, 9] at time 679
2025-04-30 02:15:04,199 fedbase.py run [line:318] INFO --------------Round 89--------------
2025-04-30 02:15:04,199 simple_logger.py log_once [line:14] INFO Current_time:679
2025-04-30 02:15:09,454 simple_logger.py log_once [line:28] INFO test_accuracy                 0.8325
2025-04-30 02:15:09,454 simple_logger.py log_once [line:28] INFO test_loss                     0.6158
2025-04-30 02:15:09,454 simple_logger.py log_once [line:28] INFO val_accuracy                  0.8439
2025-04-30 02:15:09,454 simple_logger.py log_once [line:28] INFO mean_val_accuracy             0.8439
2025-04-30 02:15:09,454 simple_logger.py log_once [line:28] INFO std_val_accuracy              0.0191
2025-04-30 02:15:09,454 simple_logger.py log_once [line:28] INFO val_loss                      0.5558
2025-04-30 02:15:09,454 simple_logger.py log_once [line:28] INFO mean_val_loss                 0.5558
2025-04-30 02:15:09,454 simple_logger.py log_once [line:28] INFO std_val_loss                  0.0614
2025-04-30 02:15:09,454 fedbase.py run [line:323] INFO expense           14927830.0
2025-04-30 02:15:09,454 fedbase.py run [line:324] INFO Eval Time Cost:               5.2553s
2025-04-30 02:15:09,455 asyncbase.py iterate [line:68] INFO Select clients [0, 1, 2, 3, 4, 5, 6, 7, 8, 9, 10, 11, 12, 13, 14, 15, 16, 17, 18, 19] at time 680.
2025-04-30 02:15:26,537 asyncbase.py iterate [line:73] INFO Receive new models from clients [14, 16, 11, 12, 15, 10, 6, 18, 2, 17, 3, 8, 13, 4, 7, 0, 19, 9, 1, 5] at time 686
2025-04-30 02:15:26,576 fedbase.py run [line:318] INFO --------------Round 90--------------
2025-04-30 02:15:26,576 simple_logger.py log_once [line:14] INFO Current_time:686
2025-04-30 02:15:31,867 simple_logger.py log_once [line:28] INFO test_accuracy                 0.8334
2025-04-30 02:15:31,867 simple_logger.py log_once [line:28] INFO test_loss                     0.6153
2025-04-30 02:15:31,867 simple_logger.py log_once [line:28] INFO val_accuracy                  0.8432
2025-04-30 02:15:31,867 simple_logger.py log_once [line:28] INFO mean_val_accuracy             0.8432
2025-04-30 02:15:31,867 simple_logger.py log_once [line:28] INFO std_val_accuracy              0.0209
2025-04-30 02:15:31,867 simple_logger.py log_once [line:28] INFO val_loss                      0.5548
2025-04-30 02:15:31,867 simple_logger.py log_once [line:28] INFO mean_val_loss                 0.5548
2025-04-30 02:15:31,867 simple_logger.py log_once [line:28] INFO std_val_loss                  0.0611
2025-04-30 02:15:31,867 fedbase.py run [line:323] INFO expense           14962230.0
2025-04-30 02:15:31,867 fedbase.py run [line:324] INFO Eval Time Cost:               5.2910s
2025-04-30 02:15:31,868 asyncbase.py iterate [line:68] INFO Select clients [0, 1, 2, 3, 4, 5, 6, 7, 8, 9, 10, 11, 12, 13, 14, 15, 16, 17, 18, 19] at time 687.
2025-04-30 02:15:48,281 asyncbase.py iterate [line:73] INFO Receive new models from clients [16, 18, 11, 9, 6, 19, 10, 2, 17, 12, 4, 15, 1, 5, 0, 7, 14, 8] at time 693
2025-04-30 02:15:48,282 asyncbase.py iterate [line:73] INFO Receive new models from clients [3, 13] at time 694
2025-04-30 02:15:48,320 fedbase.py run [line:318] INFO --------------Round 91--------------
2025-04-30 02:15:48,321 simple_logger.py log_once [line:14] INFO Current_time:694
2025-04-30 02:15:53,598 simple_logger.py log_once [line:28] INFO test_accuracy                 0.8332
2025-04-30 02:15:53,598 simple_logger.py log_once [line:28] INFO test_loss                     0.6115
2025-04-30 02:15:53,598 simple_logger.py log_once [line:28] INFO val_accuracy                  0.8426
2025-04-30 02:15:53,598 simple_logger.py log_once [line:28] INFO mean_val_accuracy             0.8426
2025-04-30 02:15:53,598 simple_logger.py log_once [line:28] INFO std_val_accuracy              0.0189
2025-04-30 02:15:53,599 simple_logger.py log_once [line:28] INFO val_loss                      0.5519
2025-04-30 02:15:53,599 simple_logger.py log_once [line:28] INFO mean_val_loss                 0.5519
2025-04-30 02:15:53,599 simple_logger.py log_once [line:28] INFO std_val_loss                  0.0613
2025-04-30 02:15:53,599 fedbase.py run [line:323] INFO expense           14996630.0
2025-04-30 02:15:53,599 fedbase.py run [line:324] INFO Eval Time Cost:               5.2782s
2025-04-30 02:15:53,599 asyncbase.py iterate [line:68] INFO Select clients [0, 1, 2, 3, 4, 5, 6, 7, 8, 9, 10, 11, 12, 13, 14, 15, 16, 17, 18, 19] at time 695.
2025-04-30 02:16:11,581 asyncbase.py iterate [line:73] INFO Receive new models from clients [18, 14, 10, 13, 17, 1, 16, 12, 4, 3, 2, 11, 5, 0, 15, 19, 7, 8] at time 701
2025-04-30 02:16:11,581 asyncbase.py iterate [line:73] INFO Receive new models from clients [6, 9] at time 702
2025-04-30 02:16:11,621 fedbase.py run [line:318] INFO --------------Round 92--------------
2025-04-30 02:16:11,621 simple_logger.py log_once [line:14] INFO Current_time:702
2025-04-30 02:16:16,953 simple_logger.py log_once [line:28] INFO test_accuracy                 0.8326
2025-04-30 02:16:16,953 simple_logger.py log_once [line:28] INFO test_loss                     0.6144
2025-04-30 02:16:16,953 simple_logger.py log_once [line:28] INFO val_accuracy                  0.8434
2025-04-30 02:16:16,953 simple_logger.py log_once [line:28] INFO mean_val_accuracy             0.8434
2025-04-30 02:16:16,953 simple_logger.py log_once [line:28] INFO std_val_accuracy              0.0218
2025-04-30 02:16:16,953 simple_logger.py log_once [line:28] INFO val_loss                      0.5526
2025-04-30 02:16:16,953 simple_logger.py log_once [line:28] INFO mean_val_loss                 0.5526
2025-04-30 02:16:16,953 simple_logger.py log_once [line:28] INFO std_val_loss                  0.0617
2025-04-30 02:16:16,953 fedbase.py run [line:323] INFO expense           15031030.0
2025-04-30 02:16:16,953 fedbase.py run [line:324] INFO Eval Time Cost:               5.3324s
2025-04-30 02:16:16,953 asyncbase.py iterate [line:68] INFO Select clients [0, 1, 2, 3, 4, 5, 6, 7, 8, 9, 10, 11, 12, 13, 14, 15, 16, 17, 18, 19] at time 703.
2025-04-30 02:16:34,336 asyncbase.py iterate [line:73] INFO Receive new models from clients [4, 5, 11, 17, 7, 16, 10, 18, 0, 1, 3, 6, 12, 2, 9, 14, 15, 8, 19] at time 709
2025-04-30 02:16:34,336 asyncbase.py iterate [line:73] INFO Receive new models from clients [13] at time 710
2025-04-30 02:16:34,373 fedbase.py run [line:318] INFO --------------Round 93--------------
2025-04-30 02:16:34,374 simple_logger.py log_once [line:14] INFO Current_time:710
2025-04-30 02:16:39,692 simple_logger.py log_once [line:28] INFO test_accuracy                 0.8336
2025-04-30 02:16:39,693 simple_logger.py log_once [line:28] INFO test_loss                     0.6105
2025-04-30 02:16:39,693 simple_logger.py log_once [line:28] INFO val_accuracy                  0.8447
2025-04-30 02:16:39,693 simple_logger.py log_once [line:28] INFO mean_val_accuracy             0.8447
2025-04-30 02:16:39,693 simple_logger.py log_once [line:28] INFO std_val_accuracy              0.0204
2025-04-30 02:16:39,693 simple_logger.py log_once [line:28] INFO val_loss                      0.5484
2025-04-30 02:16:39,693 simple_logger.py log_once [line:28] INFO mean_val_loss                 0.5484
2025-04-30 02:16:39,693 simple_logger.py log_once [line:28] INFO std_val_loss                  0.0610
2025-04-30 02:16:39,693 fedbase.py run [line:323] INFO expense           15065430.0
2025-04-30 02:16:39,693 fedbase.py run [line:324] INFO Eval Time Cost:               5.3193s
2025-04-30 02:16:39,693 asyncbase.py iterate [line:68] INFO Select clients [0, 1, 2, 3, 4, 5, 6, 7, 8, 9, 10, 11, 12, 13, 14, 15, 16, 17, 18, 19] at time 711.
2025-04-30 02:16:56,491 asyncbase.py iterate [line:73] INFO Receive new models from clients [17, 18, 16, 19, 6, 10, 2, 12, 1, 11, 8, 14, 3, 4, 0, 9, 7, 15, 5] at time 717
2025-04-30 02:16:56,492 asyncbase.py iterate [line:73] INFO Receive new models from clients [13] at time 718
2025-04-30 02:16:56,533 fedbase.py run [line:318] INFO --------------Round 94--------------
2025-04-30 02:16:56,533 simple_logger.py log_once [line:14] INFO Current_time:718
2025-04-30 02:17:01,817 simple_logger.py log_once [line:28] INFO test_accuracy                 0.8339
2025-04-30 02:17:01,818 simple_logger.py log_once [line:28] INFO test_loss                     0.6091
2025-04-30 02:17:01,818 simple_logger.py log_once [line:28] INFO val_accuracy                  0.8449
2025-04-30 02:17:01,818 simple_logger.py log_once [line:28] INFO mean_val_accuracy             0.8449
2025-04-30 02:17:01,818 simple_logger.py log_once [line:28] INFO std_val_accuracy              0.0207
2025-04-30 02:17:01,818 simple_logger.py log_once [line:28] INFO val_loss                      0.5472
2025-04-30 02:17:01,819 simple_logger.py log_once [line:28] INFO mean_val_loss                 0.5472
2025-04-30 02:17:01,819 simple_logger.py log_once [line:28] INFO std_val_loss                  0.0615
2025-04-30 02:17:01,819 fedbase.py run [line:323] INFO expense           15099830.0
2025-04-30 02:17:01,819 fedbase.py run [line:324] INFO Eval Time Cost:               5.2858s
2025-04-30 02:17:01,819 asyncbase.py iterate [line:68] INFO Select clients [0, 1, 2, 3, 4, 5, 6, 7, 8, 9, 10, 11, 12, 13, 14, 15, 16, 17, 18, 19] at time 719.
2025-04-30 02:17:19,401 asyncbase.py iterate [line:73] INFO Receive new models from clients [11, 4, 15, 3, 7, 17, 6, 10, 2, 16, 0, 9, 14, 19, 13, 18, 12, 5] at time 725
2025-04-30 02:17:19,401 asyncbase.py iterate [line:73] INFO Receive new models from clients [8, 1] at time 726
2025-04-30 02:17:19,441 fedbase.py run [line:318] INFO --------------Round 95--------------
2025-04-30 02:17:19,441 simple_logger.py log_once [line:14] INFO Current_time:726
2025-04-30 02:17:24,716 simple_logger.py log_once [line:28] INFO test_accuracy                 0.8341
2025-04-30 02:17:24,717 simple_logger.py log_once [line:28] INFO test_loss                     0.6066
2025-04-30 02:17:24,717 simple_logger.py log_once [line:28] INFO val_accuracy                  0.8443
2025-04-30 02:17:24,717 simple_logger.py log_once [line:28] INFO mean_val_accuracy             0.8443
2025-04-30 02:17:24,717 simple_logger.py log_once [line:28] INFO std_val_accuracy              0.0206
2025-04-30 02:17:24,717 simple_logger.py log_once [line:28] INFO val_loss                      0.5454
2025-04-30 02:17:24,717 simple_logger.py log_once [line:28] INFO mean_val_loss                 0.5454
2025-04-30 02:17:24,717 simple_logger.py log_once [line:28] INFO std_val_loss                  0.0612
2025-04-30 02:17:24,717 fedbase.py run [line:323] INFO expense           15134230.0
2025-04-30 02:17:24,717 fedbase.py run [line:324] INFO Eval Time Cost:               5.2762s
2025-04-30 02:17:24,717 asyncbase.py iterate [line:68] INFO Select clients [0, 1, 2, 3, 4, 5, 6, 7, 8, 9, 10, 11, 12, 13, 14, 15, 16, 17, 18, 19] at time 727.
2025-04-30 02:17:41,970 asyncbase.py iterate [line:73] INFO Receive new models from clients [0, 13, 2, 3, 6, 19, 9, 8, 17, 14, 12, 15, 18, 10, 11, 1, 5, 16] at time 733
2025-04-30 02:17:41,970 asyncbase.py iterate [line:73] INFO Receive new models from clients [4, 7] at time 734
2025-04-30 02:17:42,008 fedbase.py run [line:318] INFO --------------Round 96--------------
2025-04-30 02:17:42,009 simple_logger.py log_once [line:14] INFO Current_time:734
2025-04-30 02:17:47,316 simple_logger.py log_once [line:28] INFO test_accuracy                 0.8339
2025-04-30 02:17:47,316 simple_logger.py log_once [line:28] INFO test_loss                     0.6090
2025-04-30 02:17:47,316 simple_logger.py log_once [line:28] INFO val_accuracy                  0.8459
2025-04-30 02:17:47,316 simple_logger.py log_once [line:28] INFO mean_val_accuracy             0.8459
2025-04-30 02:17:47,316 simple_logger.py log_once [line:28] INFO std_val_accuracy              0.0213
2025-04-30 02:17:47,316 simple_logger.py log_once [line:28] INFO val_loss                      0.5451
2025-04-30 02:17:47,316 simple_logger.py log_once [line:28] INFO mean_val_loss                 0.5451
2025-04-30 02:17:47,316 simple_logger.py log_once [line:28] INFO std_val_loss                  0.0621
2025-04-30 02:17:47,316 fedbase.py run [line:323] INFO expense           15168630.0
2025-04-30 02:17:47,317 fedbase.py run [line:324] INFO Eval Time Cost:               5.3079s
2025-04-30 02:17:47,317 asyncbase.py iterate [line:68] INFO Select clients [0, 1, 2, 3, 4, 5, 6, 7, 8, 9, 10, 11, 12, 13, 14, 15, 16, 17, 18, 19] at time 735.
2025-04-30 02:18:04,277 asyncbase.py iterate [line:73] INFO Receive new models from clients [7, 13, 17, 6, 14, 10, 9, 19, 18, 4, 5, 1, 16, 11, 2, 0] at time 741
2025-04-30 02:18:04,278 asyncbase.py iterate [line:73] INFO Receive new models from clients [3, 15, 12, 8] at time 742
2025-04-30 02:18:04,328 fedbase.py run [line:318] INFO --------------Round 97--------------
2025-04-30 02:18:04,328 simple_logger.py log_once [line:14] INFO Current_time:742
2025-04-30 02:18:09,589 simple_logger.py log_once [line:28] INFO test_accuracy                 0.8356
2025-04-30 02:18:09,589 simple_logger.py log_once [line:28] INFO test_loss                     0.6052
2025-04-30 02:18:09,589 simple_logger.py log_once [line:28] INFO val_accuracy                  0.8470
2025-04-30 02:18:09,589 simple_logger.py log_once [line:28] INFO mean_val_accuracy             0.8470
2025-04-30 02:18:09,589 simple_logger.py log_once [line:28] INFO std_val_accuracy              0.0196
2025-04-30 02:18:09,589 simple_logger.py log_once [line:28] INFO val_loss                      0.5421
2025-04-30 02:18:09,589 simple_logger.py log_once [line:28] INFO mean_val_loss                 0.5421
2025-04-30 02:18:09,589 simple_logger.py log_once [line:28] INFO std_val_loss                  0.0617
2025-04-30 02:18:09,589 fedbase.py run [line:323] INFO expense           15203030.0
2025-04-30 02:18:09,590 fedbase.py run [line:324] INFO Eval Time Cost:               5.2615s
2025-04-30 02:18:09,590 asyncbase.py iterate [line:68] INFO Select clients [0, 1, 2, 3, 4, 5, 6, 7, 8, 9, 10, 11, 12, 13, 14, 15, 16, 17, 18, 19] at time 743.
2025-04-30 02:18:27,109 asyncbase.py iterate [line:73] INFO Receive new models from clients [3, 9, 2, 19, 18, 7, 16, 10, 0, 6, 4, 14, 15, 13, 8, 5, 1, 12, 11] at time 749
2025-04-30 02:18:27,110 asyncbase.py iterate [line:73] INFO Receive new models from clients [17] at time 750
2025-04-30 02:18:27,164 fedbase.py run [line:318] INFO --------------Round 98--------------
2025-04-30 02:18:27,164 simple_logger.py log_once [line:14] INFO Current_time:750
2025-04-30 02:18:32,561 simple_logger.py log_once [line:28] INFO test_accuracy                 0.8357
2025-04-30 02:18:32,562 simple_logger.py log_once [line:28] INFO test_loss                     0.6034
2025-04-30 02:18:32,562 simple_logger.py log_once [line:28] INFO val_accuracy                  0.8469
2025-04-30 02:18:32,562 simple_logger.py log_once [line:28] INFO mean_val_accuracy             0.8469
2025-04-30 02:18:32,562 simple_logger.py log_once [line:28] INFO std_val_accuracy              0.0196
2025-04-30 02:18:32,562 simple_logger.py log_once [line:28] INFO val_loss                      0.5406
2025-04-30 02:18:32,562 simple_logger.py log_once [line:28] INFO mean_val_loss                 0.5406
2025-04-30 02:18:32,562 simple_logger.py log_once [line:28] INFO std_val_loss                  0.0616
2025-04-30 02:18:32,562 fedbase.py run [line:323] INFO expense           15237430.0
2025-04-30 02:18:32,562 fedbase.py run [line:324] INFO Eval Time Cost:               5.3981s
2025-04-30 02:18:32,562 asyncbase.py iterate [line:68] INFO Select clients [0, 1, 2, 3, 4, 5, 6, 7, 8, 9, 10, 11, 12, 13, 14, 15, 16, 17, 18, 19] at time 751.
2025-04-30 02:18:49,440 asyncbase.py iterate [line:73] INFO Receive new models from clients [7, 14, 17, 18, 1, 0, 9, 2, 13, 12, 6, 10, 3, 15, 19, 4] at time 757
2025-04-30 02:18:49,440 asyncbase.py iterate [line:73] INFO Receive new models from clients [5, 11, 8, 16] at time 758
2025-04-30 02:18:49,481 fedbase.py run [line:318] INFO --------------Round 99--------------
2025-04-30 02:18:49,481 simple_logger.py log_once [line:14] INFO Current_time:758
2025-04-30 02:18:54,748 simple_logger.py log_once [line:28] INFO test_accuracy                 0.8365
2025-04-30 02:18:54,748 simple_logger.py log_once [line:28] INFO test_loss                     0.6006
2025-04-30 02:18:54,748 simple_logger.py log_once [line:28] INFO val_accuracy                  0.8480
2025-04-30 02:18:54,748 simple_logger.py log_once [line:28] INFO mean_val_accuracy             0.8480
2025-04-30 02:18:54,748 simple_logger.py log_once [line:28] INFO std_val_accuracy              0.0192
2025-04-30 02:18:54,748 simple_logger.py log_once [line:28] INFO val_loss                      0.5385
2025-04-30 02:18:54,748 simple_logger.py log_once [line:28] INFO mean_val_loss                 0.5385
2025-04-30 02:18:54,749 simple_logger.py log_once [line:28] INFO std_val_loss                  0.0617
2025-04-30 02:18:54,749 fedbase.py run [line:323] INFO expense           15271830.0
2025-04-30 02:18:54,749 fedbase.py run [line:324] INFO Eval Time Cost:               5.2679s
2025-04-30 02:18:54,749 asyncbase.py iterate [line:68] INFO Select clients [0, 1, 2, 3, 4, 5, 6, 7, 8, 9, 10, 11, 12, 13, 14, 15, 16, 17, 18, 19] at time 759.
2025-04-30 02:19:11,621 asyncbase.py iterate [line:73] INFO Receive new models from clients [6, 12, 2, 18, 11, 1, 7, 8, 16, 19, 17, 10, 14, 4, 0, 3, 9, 5] at time 765
2025-04-30 02:19:11,622 asyncbase.py iterate [line:73] INFO Receive new models from clients [15, 13] at time 766
2025-04-30 02:19:11,661 fedbase.py run [line:318] INFO --------------Round 100--------------
2025-04-30 02:19:11,661 simple_logger.py log_once [line:14] INFO Current_time:766
2025-04-30 02:19:16,962 simple_logger.py log_once [line:28] INFO test_accuracy                 0.8384
2025-04-30 02:19:16,963 simple_logger.py log_once [line:28] INFO test_loss                     0.5976
2025-04-30 02:19:16,963 simple_logger.py log_once [line:28] INFO val_accuracy                  0.8464
2025-04-30 02:19:16,963 simple_logger.py log_once [line:28] INFO mean_val_accuracy             0.8464
2025-04-30 02:19:16,963 simple_logger.py log_once [line:28] INFO std_val_accuracy              0.0188
2025-04-30 02:19:16,963 simple_logger.py log_once [line:28] INFO val_loss                      0.5368
2025-04-30 02:19:16,963 simple_logger.py log_once [line:28] INFO mean_val_loss                 0.5368
2025-04-30 02:19:16,963 simple_logger.py log_once [line:28] INFO std_val_loss                  0.0607
2025-04-30 02:19:16,963 fedbase.py run [line:323] INFO expense           15306230.0
2025-04-30 02:19:16,963 fedbase.py run [line:324] INFO Eval Time Cost:               5.3019s
2025-04-30 02:19:16,963 asyncbase.py iterate [line:68] INFO Select clients [0, 1, 2, 3, 4, 5, 6, 7, 8, 9, 10, 11, 12, 13, 14, 15, 16, 17, 18, 19] at time 767.
2025-04-30 02:19:33,776 asyncbase.py iterate [line:73] INFO Receive new models from clients [19, 5, 7, 9, 2, 16, 17, 11, 6, 13, 0, 15, 3, 14, 12] at time 773
2025-04-30 02:19:33,776 asyncbase.py iterate [line:73] INFO Receive new models from clients [8, 1, 18, 10, 4] at time 774
2025-04-30 02:19:33,815 fedbase.py run [line:318] INFO --------------Round 101--------------
2025-04-30 02:19:33,815 simple_logger.py log_once [line:14] INFO Current_time:774
2025-04-30 02:19:39,100 simple_logger.py log_once [line:28] INFO test_accuracy                 0.8384
2025-04-30 02:19:39,100 simple_logger.py log_once [line:28] INFO test_loss                     0.5987
2025-04-30 02:19:39,100 simple_logger.py log_once [line:28] INFO val_accuracy                  0.8481
2025-04-30 02:19:39,100 simple_logger.py log_once [line:28] INFO mean_val_accuracy             0.8481
2025-04-30 02:19:39,100 simple_logger.py log_once [line:28] INFO std_val_accuracy              0.0188
2025-04-30 02:19:39,100 simple_logger.py log_once [line:28] INFO val_loss                      0.5355
2025-04-30 02:19:39,100 simple_logger.py log_once [line:28] INFO mean_val_loss                 0.5355
2025-04-30 02:19:39,100 simple_logger.py log_once [line:28] INFO std_val_loss                  0.0609
2025-04-30 02:19:39,100 fedbase.py run [line:323] INFO expense           15340630.0
2025-04-30 02:19:39,100 fedbase.py run [line:324] INFO Eval Time Cost:               5.2856s
2025-04-30 02:19:39,101 asyncbase.py iterate [line:68] INFO Select clients [0, 1, 2, 3, 4, 5, 6, 7, 8, 9, 10, 11, 12, 13, 14, 15, 16, 17, 18, 19] at time 775.
2025-04-30 02:19:55,495 asyncbase.py iterate [line:73] INFO Receive new models from clients [4, 9, 17, 6, 10, 2, 1, 7, 3, 11, 12, 18, 13, 8, 5, 0, 16] at time 781
2025-04-30 02:19:55,495 asyncbase.py iterate [line:73] INFO Receive new models from clients [19, 15, 14] at time 782
2025-04-30 02:19:55,532 fedbase.py run [line:318] INFO --------------Round 102--------------
2025-04-30 02:19:55,532 simple_logger.py log_once [line:14] INFO Current_time:782
2025-04-30 02:20:00,830 simple_logger.py log_once [line:28] INFO test_accuracy                 0.8375
2025-04-30 02:20:00,830 simple_logger.py log_once [line:28] INFO test_loss                     0.5973
2025-04-30 02:20:00,830 simple_logger.py log_once [line:28] INFO val_accuracy                  0.8482
2025-04-30 02:20:00,830 simple_logger.py log_once [line:28] INFO mean_val_accuracy             0.8482
2025-04-30 02:20:00,830 simple_logger.py log_once [line:28] INFO std_val_accuracy              0.0193
2025-04-30 02:20:00,830 simple_logger.py log_once [line:28] INFO val_loss                      0.5337
2025-04-30 02:20:00,830 simple_logger.py log_once [line:28] INFO mean_val_loss                 0.5337
2025-04-30 02:20:00,830 simple_logger.py log_once [line:28] INFO std_val_loss                  0.0610
2025-04-30 02:20:00,830 fedbase.py run [line:323] INFO expense           15375030.0
2025-04-30 02:20:00,830 fedbase.py run [line:324] INFO Eval Time Cost:               5.2981s
2025-04-30 02:20:00,831 asyncbase.py iterate [line:68] INFO Select clients [0, 1, 2, 3, 4, 5, 6, 7, 8, 9, 10, 11, 12, 13, 14, 15, 16, 17, 18, 19] at time 783.
2025-04-30 02:20:18,350 asyncbase.py iterate [line:73] INFO Receive new models from clients [17, 10, 13, 6, 4, 9, 14, 15, 12, 5, 0, 8, 1, 2, 19, 11, 16, 18, 7] at time 789
2025-04-30 02:20:18,350 asyncbase.py iterate [line:73] INFO Receive new models from clients [3] at time 790
2025-04-30 02:20:18,392 fedbase.py run [line:318] INFO --------------Round 103--------------
2025-04-30 02:20:18,392 simple_logger.py log_once [line:14] INFO Current_time:790
2025-04-30 02:20:23,723 simple_logger.py log_once [line:28] INFO test_accuracy                 0.8384
2025-04-30 02:20:23,723 simple_logger.py log_once [line:28] INFO test_loss                     0.5944
2025-04-30 02:20:23,724 simple_logger.py log_once [line:28] INFO val_accuracy                  0.8477
2025-04-30 02:20:23,724 simple_logger.py log_once [line:28] INFO mean_val_accuracy             0.8477
2025-04-30 02:20:23,724 simple_logger.py log_once [line:28] INFO std_val_accuracy              0.0204
2025-04-30 02:20:23,724 simple_logger.py log_once [line:28] INFO val_loss                      0.5326
2025-04-30 02:20:23,724 simple_logger.py log_once [line:28] INFO mean_val_loss                 0.5326
2025-04-30 02:20:23,724 simple_logger.py log_once [line:28] INFO std_val_loss                  0.0606
2025-04-30 02:20:23,724 fedbase.py run [line:323] INFO expense           15409430.0
2025-04-30 02:20:23,724 fedbase.py run [line:324] INFO Eval Time Cost:               5.3318s
2025-04-30 02:20:23,724 asyncbase.py iterate [line:68] INFO Select clients [0, 1, 2, 3, 4, 5, 6, 7, 8, 9, 10, 11, 12, 13, 14, 15, 16, 17, 18, 19] at time 791.
2025-04-30 02:20:41,731 asyncbase.py iterate [line:73] INFO Receive new models from clients [1, 12, 7, 6, 5, 18, 10, 17, 8, 13, 4, 14, 3, 15, 11, 19, 0, 16, 2] at time 797
2025-04-30 02:20:41,732 asyncbase.py iterate [line:73] INFO Receive new models from clients [9] at time 798
2025-04-30 02:20:41,774 fedbase.py run [line:318] INFO --------------Round 104--------------
2025-04-30 02:20:41,774 simple_logger.py log_once [line:14] INFO Current_time:798
2025-04-30 02:20:47,064 simple_logger.py log_once [line:28] INFO test_accuracy                 0.8378
2025-04-30 02:20:47,065 simple_logger.py log_once [line:28] INFO test_loss                     0.5932
2025-04-30 02:20:47,065 simple_logger.py log_once [line:28] INFO val_accuracy                  0.8482
2025-04-30 02:20:47,065 simple_logger.py log_once [line:28] INFO mean_val_accuracy             0.8482
2025-04-30 02:20:47,065 simple_logger.py log_once [line:28] INFO std_val_accuracy              0.0196
2025-04-30 02:20:47,065 simple_logger.py log_once [line:28] INFO val_loss                      0.5293
2025-04-30 02:20:47,065 simple_logger.py log_once [line:28] INFO mean_val_loss                 0.5293
2025-04-30 02:20:47,065 simple_logger.py log_once [line:28] INFO std_val_loss                  0.0614
2025-04-30 02:20:47,065 fedbase.py run [line:323] INFO expense           15443830.0
2025-04-30 02:20:47,065 fedbase.py run [line:324] INFO Eval Time Cost:               5.2911s
2025-04-30 02:20:47,065 asyncbase.py iterate [line:68] INFO Select clients [0, 1, 2, 3, 4, 5, 6, 7, 8, 9, 10, 11, 12, 13, 14, 15, 16, 17, 18, 19] at time 799.
2025-04-30 02:21:05,260 asyncbase.py iterate [line:73] INFO Receive new models from clients [1, 13, 18, 12, 11, 2, 6, 4, 5, 16, 14, 8, 17, 9, 0, 7, 3] at time 805
2025-04-30 02:21:05,260 asyncbase.py iterate [line:73] INFO Receive new models from clients [15, 10, 19] at time 806
2025-04-30 02:21:05,299 fedbase.py run [line:318] INFO --------------Round 105--------------
2025-04-30 02:21:05,299 simple_logger.py log_once [line:14] INFO Current_time:806
2025-04-30 02:21:10,601 simple_logger.py log_once [line:28] INFO test_accuracy                 0.8382
2025-04-30 02:21:10,601 simple_logger.py log_once [line:28] INFO test_loss                     0.5916
2025-04-30 02:21:10,601 simple_logger.py log_once [line:28] INFO val_accuracy                  0.8504
2025-04-30 02:21:10,601 simple_logger.py log_once [line:28] INFO mean_val_accuracy             0.8504
2025-04-30 02:21:10,601 simple_logger.py log_once [line:28] INFO std_val_accuracy              0.0185
2025-04-30 02:21:10,601 simple_logger.py log_once [line:28] INFO val_loss                      0.5280
2025-04-30 02:21:10,601 simple_logger.py log_once [line:28] INFO mean_val_loss                 0.5280
2025-04-30 02:21:10,601 simple_logger.py log_once [line:28] INFO std_val_loss                  0.0608
2025-04-30 02:21:10,601 fedbase.py run [line:323] INFO expense           15478230.0
2025-04-30 02:21:10,601 fedbase.py run [line:324] INFO Eval Time Cost:               5.3025s
2025-04-30 02:21:10,602 asyncbase.py iterate [line:68] INFO Select clients [0, 1, 2, 3, 4, 5, 6, 7, 8, 9, 10, 11, 12, 13, 14, 15, 16, 17, 18, 19] at time 807.
2025-04-30 02:21:27,804 asyncbase.py iterate [line:73] INFO Receive new models from clients [7, 5, 17, 12, 2, 19, 0, 1, 4, 9, 15, 18, 8, 11, 3] at time 813
2025-04-30 02:21:27,805 asyncbase.py iterate [line:73] INFO Receive new models from clients [16, 14, 13, 6, 10] at time 814
2025-04-30 02:21:27,845 fedbase.py run [line:318] INFO --------------Round 106--------------
2025-04-30 02:21:27,846 simple_logger.py log_once [line:14] INFO Current_time:814
2025-04-30 02:21:33,280 simple_logger.py log_once [line:28] INFO test_accuracy                 0.8397
2025-04-30 02:21:33,280 simple_logger.py log_once [line:28] INFO test_loss                     0.5901
2025-04-30 02:21:33,280 simple_logger.py log_once [line:28] INFO val_accuracy                  0.8504
2025-04-30 02:21:33,280 simple_logger.py log_once [line:28] INFO mean_val_accuracy             0.8504
2025-04-30 02:21:33,280 simple_logger.py log_once [line:28] INFO std_val_accuracy              0.0204
2025-04-30 02:21:33,280 simple_logger.py log_once [line:28] INFO val_loss                      0.5265
2025-04-30 02:21:33,280 simple_logger.py log_once [line:28] INFO mean_val_loss                 0.5265
2025-04-30 02:21:33,280 simple_logger.py log_once [line:28] INFO std_val_loss                  0.0607
2025-04-30 02:21:33,280 fedbase.py run [line:323] INFO expense           15512630.0
2025-04-30 02:21:33,280 fedbase.py run [line:324] INFO Eval Time Cost:               5.4347s
2025-04-30 02:21:33,280 asyncbase.py iterate [line:68] INFO Select clients [0, 1, 2, 3, 4, 5, 6, 7, 8, 9, 10, 11, 12, 13, 14, 15, 16, 17, 18, 19] at time 815.
2025-04-30 02:21:49,949 asyncbase.py iterate [line:73] INFO Receive new models from clients [0, 3, 15, 1, 18, 16, 2, 10, 17, 11, 4, 7, 9, 14, 5, 13, 6, 12] at time 821
2025-04-30 02:21:49,950 asyncbase.py iterate [line:73] INFO Receive new models from clients [8, 19] at time 822
2025-04-30 02:21:49,989 fedbase.py run [line:318] INFO --------------Round 107--------------
2025-04-30 02:21:49,989 simple_logger.py log_once [line:14] INFO Current_time:822
2025-04-30 02:21:55,353 simple_logger.py log_once [line:28] INFO test_accuracy                 0.8399
2025-04-30 02:21:55,354 simple_logger.py log_once [line:28] INFO test_loss                     0.5889
2025-04-30 02:21:55,354 simple_logger.py log_once [line:28] INFO val_accuracy                  0.8511
2025-04-30 02:21:55,354 simple_logger.py log_once [line:28] INFO mean_val_accuracy             0.8511
2025-04-30 02:21:55,354 simple_logger.py log_once [line:28] INFO std_val_accuracy              0.0197
2025-04-30 02:21:55,354 simple_logger.py log_once [line:28] INFO val_loss                      0.5246
2025-04-30 02:21:55,354 simple_logger.py log_once [line:28] INFO mean_val_loss                 0.5246
2025-04-30 02:21:55,354 simple_logger.py log_once [line:28] INFO std_val_loss                  0.0606
2025-04-30 02:21:55,354 fedbase.py run [line:323] INFO expense           15547030.0
2025-04-30 02:21:55,355 fedbase.py run [line:324] INFO Eval Time Cost:               5.3652s
2025-04-30 02:21:55,355 asyncbase.py iterate [line:68] INFO Select clients [0, 1, 2, 3, 4, 5, 6, 7, 8, 9, 10, 11, 12, 13, 14, 15, 16, 17, 18, 19] at time 823.
2025-04-30 02:22:13,218 asyncbase.py iterate [line:73] INFO Receive new models from clients [19, 1, 0, 16, 2, 11, 8, 18, 4, 17, 9, 15, 10, 13, 6, 7, 14, 3] at time 829
2025-04-30 02:22:13,219 asyncbase.py iterate [line:73] INFO Receive new models from clients [5, 12] at time 830
2025-04-30 02:22:13,259 fedbase.py run [line:318] INFO --------------Round 108--------------
2025-04-30 02:22:13,260 simple_logger.py log_once [line:14] INFO Current_time:830
2025-04-30 02:22:18,596 simple_logger.py log_once [line:28] INFO test_accuracy                 0.8390
2025-04-30 02:22:18,596 simple_logger.py log_once [line:28] INFO test_loss                     0.5871
2025-04-30 02:22:18,596 simple_logger.py log_once [line:28] INFO val_accuracy                  0.8522
2025-04-30 02:22:18,596 simple_logger.py log_once [line:28] INFO mean_val_accuracy             0.8522
2025-04-30 02:22:18,597 simple_logger.py log_once [line:28] INFO std_val_accuracy              0.0187
2025-04-30 02:22:18,597 simple_logger.py log_once [line:28] INFO val_loss                      0.5222
2025-04-30 02:22:18,597 simple_logger.py log_once [line:28] INFO mean_val_loss                 0.5222
2025-04-30 02:22:18,597 simple_logger.py log_once [line:28] INFO std_val_loss                  0.0604
2025-04-30 02:22:18,597 fedbase.py run [line:323] INFO expense           15581430.0
2025-04-30 02:22:18,597 fedbase.py run [line:324] INFO Eval Time Cost:               5.3372s
2025-04-30 02:22:18,597 asyncbase.py iterate [line:68] INFO Select clients [0, 1, 2, 3, 4, 5, 6, 7, 8, 9, 10, 11, 12, 13, 14, 15, 16, 17, 18, 19] at time 831.
2025-04-30 02:22:36,294 asyncbase.py iterate [line:73] INFO Receive new models from clients [0, 6, 1, 11, 13, 14, 2, 8, 17, 15, 7, 16, 19, 3, 12, 4, 9, 5] at time 837
2025-04-30 02:22:36,294 asyncbase.py iterate [line:73] INFO Receive new models from clients [10, 18] at time 838
2025-04-30 02:22:36,335 fedbase.py run [line:318] INFO --------------Round 109--------------
2025-04-30 02:22:36,335 simple_logger.py log_once [line:14] INFO Current_time:838
2025-04-30 02:22:41,708 simple_logger.py log_once [line:28] INFO test_accuracy                 0.8392
2025-04-30 02:22:41,708 simple_logger.py log_once [line:28] INFO test_loss                     0.5855
2025-04-30 02:22:41,708 simple_logger.py log_once [line:28] INFO val_accuracy                  0.8516
2025-04-30 02:22:41,708 simple_logger.py log_once [line:28] INFO mean_val_accuracy             0.8516
2025-04-30 02:22:41,709 simple_logger.py log_once [line:28] INFO std_val_accuracy              0.0189
2025-04-30 02:22:41,709 simple_logger.py log_once [line:28] INFO val_loss                      0.5209
2025-04-30 02:22:41,709 simple_logger.py log_once [line:28] INFO mean_val_loss                 0.5209
2025-04-30 02:22:41,709 simple_logger.py log_once [line:28] INFO std_val_loss                  0.0606
2025-04-30 02:22:41,709 fedbase.py run [line:323] INFO expense           15615830.0
2025-04-30 02:22:41,709 fedbase.py run [line:324] INFO Eval Time Cost:               5.3733s
2025-04-30 02:22:41,709 asyncbase.py iterate [line:68] INFO Select clients [0, 1, 2, 3, 4, 5, 6, 7, 8, 9, 10, 11, 12, 13, 14, 15, 16, 17, 18, 19] at time 839.
2025-04-30 02:22:58,534 asyncbase.py iterate [line:73] INFO Receive new models from clients [2, 9, 11, 15, 14, 1, 3, 7, 16, 12, 10, 13, 18, 8, 17, 5, 6] at time 845
2025-04-30 02:22:58,534 asyncbase.py iterate [line:73] INFO Receive new models from clients [19, 0, 4] at time 846
2025-04-30 02:22:58,574 fedbase.py run [line:318] INFO --------------Round 110--------------
2025-04-30 02:22:58,574 simple_logger.py log_once [line:14] INFO Current_time:846
2025-04-30 02:23:03,876 simple_logger.py log_once [line:28] INFO test_accuracy                 0.8416
2025-04-30 02:23:03,876 simple_logger.py log_once [line:28] INFO test_loss                     0.5814
2025-04-30 02:23:03,876 simple_logger.py log_once [line:28] INFO val_accuracy                  0.8511
2025-04-30 02:23:03,876 simple_logger.py log_once [line:28] INFO mean_val_accuracy             0.8511
2025-04-30 02:23:03,876 simple_logger.py log_once [line:28] INFO std_val_accuracy              0.0187
2025-04-30 02:23:03,876 simple_logger.py log_once [line:28] INFO val_loss                      0.5185
2025-04-30 02:23:03,876 simple_logger.py log_once [line:28] INFO mean_val_loss                 0.5185
2025-04-30 02:23:03,876 simple_logger.py log_once [line:28] INFO std_val_loss                  0.0597
2025-04-30 02:23:03,876 fedbase.py run [line:323] INFO expense           15650230.0
2025-04-30 02:23:03,876 fedbase.py run [line:324] INFO Eval Time Cost:               5.3018s
2025-04-30 02:23:03,876 asyncbase.py iterate [line:68] INFO Select clients [0, 1, 2, 3, 4, 5, 6, 7, 8, 9, 10, 11, 12, 13, 14, 15, 16, 17, 18, 19] at time 847.
2025-04-30 02:23:20,745 asyncbase.py iterate [line:73] INFO Receive new models from clients [2, 15, 12, 6, 5, 19, 3, 7, 9, 11, 0, 18, 13, 4, 14, 17, 16] at time 853
2025-04-30 02:23:20,745 asyncbase.py iterate [line:73] INFO Receive new models from clients [1, 10, 8] at time 854
2025-04-30 02:23:20,788 fedbase.py run [line:318] INFO --------------Round 111--------------
2025-04-30 02:23:20,788 simple_logger.py log_once [line:14] INFO Current_time:854
2025-04-30 02:23:26,125 simple_logger.py log_once [line:28] INFO test_accuracy                 0.8398
2025-04-30 02:23:26,126 simple_logger.py log_once [line:28] INFO test_loss                     0.5818
2025-04-30 02:23:26,126 simple_logger.py log_once [line:28] INFO val_accuracy                  0.8519
2025-04-30 02:23:26,126 simple_logger.py log_once [line:28] INFO mean_val_accuracy             0.8519
2025-04-30 02:23:26,126 simple_logger.py log_once [line:28] INFO std_val_accuracy              0.0172
2025-04-30 02:23:26,126 simple_logger.py log_once [line:28] INFO val_loss                      0.5181
2025-04-30 02:23:26,126 simple_logger.py log_once [line:28] INFO mean_val_loss                 0.5181
2025-04-30 02:23:26,126 simple_logger.py log_once [line:28] INFO std_val_loss                  0.0599
2025-04-30 02:23:26,126 fedbase.py run [line:323] INFO expense           15684630.0
2025-04-30 02:23:26,126 fedbase.py run [line:324] INFO Eval Time Cost:               5.3376s
2025-04-30 02:23:26,126 asyncbase.py iterate [line:68] INFO Select clients [0, 1, 2, 3, 4, 5, 6, 7, 8, 9, 10, 11, 12, 13, 14, 15, 16, 17, 18, 19] at time 855.
2025-04-30 02:23:44,280 asyncbase.py iterate [line:73] INFO Receive new models from clients [7, 4, 14, 8, 16, 19, 1, 2, 13, 17, 3, 5, 6, 15, 0, 11, 9, 18, 12, 10] at time 861
2025-04-30 02:23:44,321 fedbase.py run [line:318] INFO --------------Round 112--------------
2025-04-30 02:23:44,321 simple_logger.py log_once [line:14] INFO Current_time:861
2025-04-30 02:23:49,610 simple_logger.py log_once [line:28] INFO test_accuracy                 0.8405
2025-04-30 02:23:49,610 simple_logger.py log_once [line:28] INFO test_loss                     0.5809
2025-04-30 02:23:49,610 simple_logger.py log_once [line:28] INFO val_accuracy                  0.8522
2025-04-30 02:23:49,610 simple_logger.py log_once [line:28] INFO mean_val_accuracy             0.8522
2025-04-30 02:23:49,610 simple_logger.py log_once [line:28] INFO std_val_accuracy              0.0171
2025-04-30 02:23:49,611 simple_logger.py log_once [line:28] INFO val_loss                      0.5160
2025-04-30 02:23:49,611 simple_logger.py log_once [line:28] INFO mean_val_loss                 0.5160
2025-04-30 02:23:49,611 simple_logger.py log_once [line:28] INFO std_val_loss                  0.0606
2025-04-30 02:23:49,611 fedbase.py run [line:323] INFO expense           15719030.0
2025-04-30 02:23:49,611 fedbase.py run [line:324] INFO Eval Time Cost:               5.2896s
2025-04-30 02:23:49,611 asyncbase.py iterate [line:68] INFO Select clients [0, 1, 2, 3, 4, 5, 6, 7, 8, 9, 10, 11, 12, 13, 14, 15, 16, 17, 18, 19] at time 862.
2025-04-30 02:24:09,597 asyncbase.py iterate [line:73] INFO Receive new models from clients [17, 13, 14, 6, 10, 1, 11, 18, 2, 19, 7, 12, 0, 16, 15, 3, 9, 8] at time 868
2025-04-30 02:24:09,598 asyncbase.py iterate [line:73] INFO Receive new models from clients [4, 5] at time 869
2025-04-30 02:24:09,639 fedbase.py run [line:318] INFO --------------Round 113--------------
2025-04-30 02:24:09,639 simple_logger.py log_once [line:14] INFO Current_time:869
2025-04-30 02:24:14,998 simple_logger.py log_once [line:28] INFO test_accuracy                 0.8424
2025-04-30 02:24:14,998 simple_logger.py log_once [line:28] INFO test_loss                     0.5793
2025-04-30 02:24:14,998 simple_logger.py log_once [line:28] INFO val_accuracy                  0.8526
2025-04-30 02:24:14,998 simple_logger.py log_once [line:28] INFO mean_val_accuracy             0.8526
2025-04-30 02:24:14,998 simple_logger.py log_once [line:28] INFO std_val_accuracy              0.0184
2025-04-30 02:24:14,998 simple_logger.py log_once [line:28] INFO val_loss                      0.5155
2025-04-30 02:24:14,998 simple_logger.py log_once [line:28] INFO mean_val_loss                 0.5156
2025-04-30 02:24:14,998 simple_logger.py log_once [line:28] INFO std_val_loss                  0.0607
2025-04-30 02:24:14,998 fedbase.py run [line:323] INFO expense           15753430.0
2025-04-30 02:24:14,998 fedbase.py run [line:324] INFO Eval Time Cost:               5.3591s
2025-04-30 02:24:14,999 asyncbase.py iterate [line:68] INFO Select clients [0, 1, 2, 3, 4, 5, 6, 7, 8, 9, 10, 11, 12, 13, 14, 15, 16, 17, 18, 19] at time 870.
2025-04-30 02:24:33,967 asyncbase.py iterate [line:73] INFO Receive new models from clients [15, 3, 14, 2, 12, 6, 4, 10, 8, 5, 16, 0, 17, 18, 19, 9, 1] at time 876
2025-04-30 02:24:33,967 asyncbase.py iterate [line:73] INFO Receive new models from clients [7, 11, 13] at time 877
2025-04-30 02:24:34,007 fedbase.py run [line:318] INFO --------------Round 114--------------
2025-04-30 02:24:34,008 simple_logger.py log_once [line:14] INFO Current_time:877
2025-04-30 02:24:39,289 simple_logger.py log_once [line:28] INFO test_accuracy                 0.8415
2025-04-30 02:24:39,289 simple_logger.py log_once [line:28] INFO test_loss                     0.5781
2025-04-30 02:24:39,289 simple_logger.py log_once [line:28] INFO val_accuracy                  0.8545
2025-04-30 02:24:39,289 simple_logger.py log_once [line:28] INFO mean_val_accuracy             0.8545
2025-04-30 02:24:39,289 simple_logger.py log_once [line:28] INFO std_val_accuracy              0.0178
2025-04-30 02:24:39,289 simple_logger.py log_once [line:28] INFO val_loss                      0.5133
2025-04-30 02:24:39,289 simple_logger.py log_once [line:28] INFO mean_val_loss                 0.5133
2025-04-30 02:24:39,289 simple_logger.py log_once [line:28] INFO std_val_loss                  0.0610
2025-04-30 02:24:39,289 fedbase.py run [line:323] INFO expense           15787830.0
2025-04-30 02:24:39,289 fedbase.py run [line:324] INFO Eval Time Cost:               5.2818s
2025-04-30 02:24:39,290 asyncbase.py iterate [line:68] INFO Select clients [0, 1, 2, 3, 4, 5, 6, 7, 8, 9, 10, 11, 12, 13, 14, 15, 16, 17, 18, 19] at time 878.
2025-04-30 02:24:55,639 asyncbase.py iterate [line:73] INFO Receive new models from clients [0, 7, 17, 16, 4, 9, 13, 12, 18, 19, 11, 5, 8, 6, 2, 14, 3] at time 884
2025-04-30 02:24:55,640 asyncbase.py iterate [line:73] INFO Receive new models from clients [15, 10, 1] at time 885
2025-04-30 02:24:55,679 fedbase.py run [line:318] INFO --------------Round 115--------------
2025-04-30 02:24:55,679 simple_logger.py log_once [line:14] INFO Current_time:885
2025-04-30 02:25:01,026 simple_logger.py log_once [line:28] INFO test_accuracy                 0.8413
2025-04-30 02:25:01,026 simple_logger.py log_once [line:28] INFO test_loss                     0.5764
2025-04-30 02:25:01,026 simple_logger.py log_once [line:28] INFO val_accuracy                  0.8533
2025-04-30 02:25:01,026 simple_logger.py log_once [line:28] INFO mean_val_accuracy             0.8533
2025-04-30 02:25:01,026 simple_logger.py log_once [line:28] INFO std_val_accuracy              0.0187
2025-04-30 02:25:01,026 simple_logger.py log_once [line:28] INFO val_loss                      0.5120
2025-04-30 02:25:01,027 simple_logger.py log_once [line:28] INFO mean_val_loss                 0.5120
2025-04-30 02:25:01,027 simple_logger.py log_once [line:28] INFO std_val_loss                  0.0604
2025-04-30 02:25:01,027 fedbase.py run [line:323] INFO expense           15822230.0
2025-04-30 02:25:01,027 fedbase.py run [line:324] INFO Eval Time Cost:               5.3472s
2025-04-30 02:25:01,027 asyncbase.py iterate [line:68] INFO Select clients [0, 1, 2, 3, 4, 5, 6, 7, 8, 9, 10, 11, 12, 13, 14, 15, 16, 17, 18, 19] at time 886.
2025-04-30 02:25:18,981 asyncbase.py iterate [line:73] INFO Receive new models from clients [13, 8, 9, 6, 2, 16, 4, 1, 19, 17, 7, 10, 3, 11, 18, 0, 14] at time 892
2025-04-30 02:25:18,981 asyncbase.py iterate [line:73] INFO Receive new models from clients [15, 5, 12] at time 893
2025-04-30 02:25:19,020 fedbase.py run [line:318] INFO --------------Round 116--------------
2025-04-30 02:25:19,021 simple_logger.py log_once [line:14] INFO Current_time:893
2025-04-30 02:25:24,317 simple_logger.py log_once [line:28] INFO test_accuracy                 0.8423
2025-04-30 02:25:24,317 simple_logger.py log_once [line:28] INFO test_loss                     0.5751
2025-04-30 02:25:24,317 simple_logger.py log_once [line:28] INFO val_accuracy                  0.8544
2025-04-30 02:25:24,317 simple_logger.py log_once [line:28] INFO mean_val_accuracy             0.8544
2025-04-30 02:25:24,317 simple_logger.py log_once [line:28] INFO std_val_accuracy              0.0180
2025-04-30 02:25:24,317 simple_logger.py log_once [line:28] INFO val_loss                      0.5104
2025-04-30 02:25:24,317 simple_logger.py log_once [line:28] INFO mean_val_loss                 0.5104
2025-04-30 02:25:24,317 simple_logger.py log_once [line:28] INFO std_val_loss                  0.0607
2025-04-30 02:25:24,317 fedbase.py run [line:323] INFO expense           15856630.0
2025-04-30 02:25:24,317 fedbase.py run [line:324] INFO Eval Time Cost:               5.2968s
2025-04-30 02:25:24,318 asyncbase.py iterate [line:68] INFO Select clients [0, 1, 2, 3, 4, 5, 6, 7, 8, 9, 10, 11, 12, 13, 14, 15, 16, 17, 18, 19] at time 894.
2025-04-30 02:25:41,537 asyncbase.py iterate [line:73] INFO Receive new models from clients [13, 9, 18, 17, 10, 7, 8, 0, 1, 14, 12, 2, 4, 11, 16, 19, 6, 5] at time 900
2025-04-30 02:25:41,537 asyncbase.py iterate [line:73] INFO Receive new models from clients [15, 3] at time 901
2025-04-30 02:25:41,594 fedbase.py run [line:318] INFO --------------Round 117--------------
2025-04-30 02:25:41,594 simple_logger.py log_once [line:14] INFO Current_time:901
2025-04-30 02:25:47,266 simple_logger.py log_once [line:28] INFO test_accuracy                 0.8433
2025-04-30 02:25:47,266 simple_logger.py log_once [line:28] INFO test_loss                     0.5733
2025-04-30 02:25:47,266 simple_logger.py log_once [line:28] INFO val_accuracy                  0.8559
2025-04-30 02:25:47,266 simple_logger.py log_once [line:28] INFO mean_val_accuracy             0.8559
2025-04-30 02:25:47,266 simple_logger.py log_once [line:28] INFO std_val_accuracy              0.0188
2025-04-30 02:25:47,266 simple_logger.py log_once [line:28] INFO val_loss                      0.5084
2025-04-30 02:25:47,266 simple_logger.py log_once [line:28] INFO mean_val_loss                 0.5084
2025-04-30 02:25:47,266 simple_logger.py log_once [line:28] INFO std_val_loss                  0.0605
2025-04-30 02:25:47,266 fedbase.py run [line:323] INFO expense           15891030.0
2025-04-30 02:25:47,267 fedbase.py run [line:324] INFO Eval Time Cost:               5.6728s
2025-04-30 02:25:47,267 asyncbase.py iterate [line:68] INFO Select clients [0, 1, 2, 3, 4, 5, 6, 7, 8, 9, 10, 11, 12, 13, 14, 15, 16, 17, 18, 19] at time 902.
2025-04-30 02:26:03,917 asyncbase.py iterate [line:73] INFO Receive new models from clients [19, 2, 14, 17, 16, 18, 7, 13, 15, 10, 9, 8, 12, 4, 5, 11, 0, 1, 6] at time 908
2025-04-30 02:26:03,918 asyncbase.py iterate [line:73] INFO Receive new models from clients [3] at time 909
2025-04-30 02:26:03,958 fedbase.py run [line:318] INFO --------------Round 118--------------
2025-04-30 02:26:03,959 simple_logger.py log_once [line:14] INFO Current_time:909
2025-04-30 02:26:09,240 simple_logger.py log_once [line:28] INFO test_accuracy                 0.8419
2025-04-30 02:26:09,240 simple_logger.py log_once [line:28] INFO test_loss                     0.5743
2025-04-30 02:26:09,240 simple_logger.py log_once [line:28] INFO val_accuracy                  0.8533
2025-04-30 02:26:09,240 simple_logger.py log_once [line:28] INFO mean_val_accuracy             0.8533
2025-04-30 02:26:09,241 simple_logger.py log_once [line:28] INFO std_val_accuracy              0.0200
2025-04-30 02:26:09,241 simple_logger.py log_once [line:28] INFO val_loss                      0.5090
2025-04-30 02:26:09,241 simple_logger.py log_once [line:28] INFO mean_val_loss                 0.5090
2025-04-30 02:26:09,241 simple_logger.py log_once [line:28] INFO std_val_loss                  0.0603
2025-04-30 02:26:09,241 fedbase.py run [line:323] INFO expense           15925430.0
2025-04-30 02:26:09,241 fedbase.py run [line:324] INFO Eval Time Cost:               5.2821s
2025-04-30 02:26:09,241 asyncbase.py iterate [line:68] INFO Select clients [0, 1, 2, 3, 4, 5, 6, 7, 8, 9, 10, 11, 12, 13, 14, 15, 16, 17, 18, 19] at time 910.
2025-04-30 02:26:25,739 asyncbase.py iterate [line:73] INFO Receive new models from clients [15, 2, 13, 6, 17, 7, 8, 4, 18, 5, 11, 1, 16, 10, 14, 12, 3, 19] at time 916
2025-04-30 02:26:25,740 asyncbase.py iterate [line:73] INFO Receive new models from clients [9, 0] at time 917
2025-04-30 02:26:25,778 fedbase.py run [line:318] INFO --------------Round 119--------------
2025-04-30 02:26:25,779 simple_logger.py log_once [line:14] INFO Current_time:917
2025-04-30 02:26:31,165 simple_logger.py log_once [line:28] INFO test_accuracy                 0.8423
2025-04-30 02:26:31,165 simple_logger.py log_once [line:28] INFO test_loss                     0.5716
2025-04-30 02:26:31,165 simple_logger.py log_once [line:28] INFO val_accuracy                  0.8560
2025-04-30 02:26:31,166 simple_logger.py log_once [line:28] INFO mean_val_accuracy             0.8560
2025-04-30 02:26:31,166 simple_logger.py log_once [line:28] INFO std_val_accuracy              0.0182
2025-04-30 02:26:31,166 simple_logger.py log_once [line:28] INFO val_loss                      0.5062
2025-04-30 02:26:31,166 simple_logger.py log_once [line:28] INFO mean_val_loss                 0.5062
2025-04-30 02:26:31,166 simple_logger.py log_once [line:28] INFO std_val_loss                  0.0603
2025-04-30 02:26:31,166 fedbase.py run [line:323] INFO expense           15959830.0
2025-04-30 02:26:31,166 fedbase.py run [line:324] INFO Eval Time Cost:               5.3872s
2025-04-30 02:26:31,166 asyncbase.py iterate [line:68] INFO Select clients [0, 1, 2, 3, 4, 5, 6, 7, 8, 9, 10, 11, 12, 13, 14, 15, 16, 17, 18, 19] at time 918.
2025-04-30 02:26:48,961 asyncbase.py iterate [line:73] INFO Receive new models from clients [5, 13, 1, 3, 19, 14, 15, 17, 11, 4, 7, 16, 10, 2, 18, 8, 9, 6, 12] at time 924
2025-04-30 02:26:48,961 asyncbase.py iterate [line:73] INFO Receive new models from clients [0] at time 925
2025-04-30 02:26:49,000 fedbase.py run [line:318] INFO --------------Round 120--------------
2025-04-30 02:26:49,000 simple_logger.py log_once [line:14] INFO Current_time:925
2025-04-30 02:26:54,861 simple_logger.py log_once [line:28] INFO test_accuracy                 0.8433
2025-04-30 02:26:54,861 simple_logger.py log_once [line:28] INFO test_loss                     0.5720
2025-04-30 02:26:54,861 simple_logger.py log_once [line:28] INFO val_accuracy                  0.8546
2025-04-30 02:26:54,861 simple_logger.py log_once [line:28] INFO mean_val_accuracy             0.8546
2025-04-30 02:26:54,861 simple_logger.py log_once [line:28] INFO std_val_accuracy              0.0179
2025-04-30 02:26:54,861 simple_logger.py log_once [line:28] INFO val_loss                      0.5051
2025-04-30 02:26:54,861 simple_logger.py log_once [line:28] INFO mean_val_loss                 0.5051
2025-04-30 02:26:54,861 simple_logger.py log_once [line:28] INFO std_val_loss                  0.0611
2025-04-30 02:26:54,861 fedbase.py run [line:323] INFO expense           15994230.0
2025-04-30 02:26:54,861 fedbase.py run [line:324] INFO Eval Time Cost:               5.8611s
2025-04-30 02:26:54,861 asyncbase.py iterate [line:68] INFO Select clients [0, 1, 2, 3, 4, 5, 6, 7, 8, 9, 10, 11, 12, 13, 14, 15, 16, 17, 18, 19] at time 926.
2025-04-30 02:27:12,477 asyncbase.py iterate [line:73] INFO Receive new models from clients [17, 16, 4, 7, 19, 1, 0, 13, 3, 12, 2, 14, 8, 18, 9, 11, 6, 10, 15] at time 932
2025-04-30 02:27:12,477 asyncbase.py iterate [line:73] INFO Receive new models from clients [5] at time 933
2025-04-30 02:27:12,516 fedbase.py run [line:318] INFO --------------Round 121--------------
2025-04-30 02:27:12,516 simple_logger.py log_once [line:14] INFO Current_time:933
2025-04-30 02:27:17,827 simple_logger.py log_once [line:28] INFO test_accuracy                 0.8439
2025-04-30 02:27:17,827 simple_logger.py log_once [line:28] INFO test_loss                     0.5679
2025-04-30 02:27:17,827 simple_logger.py log_once [line:28] INFO val_accuracy                  0.8566
2025-04-30 02:27:17,827 simple_logger.py log_once [line:28] INFO mean_val_accuracy             0.8566
2025-04-30 02:27:17,827 simple_logger.py log_once [line:28] INFO std_val_accuracy              0.0178
2025-04-30 02:27:17,827 simple_logger.py log_once [line:28] INFO val_loss                      0.5026
2025-04-30 02:27:17,827 simple_logger.py log_once [line:28] INFO mean_val_loss                 0.5026
2025-04-30 02:27:17,827 simple_logger.py log_once [line:28] INFO std_val_loss                  0.0600
2025-04-30 02:27:17,827 fedbase.py run [line:323] INFO expense           16028630.0
2025-04-30 02:27:17,827 fedbase.py run [line:324] INFO Eval Time Cost:               5.3112s
2025-04-30 02:27:17,827 asyncbase.py iterate [line:68] INFO Select clients [0, 1, 2, 3, 4, 5, 6, 7, 8, 9, 10, 11, 12, 13, 14, 15, 16, 17, 18, 19] at time 934.
2025-04-30 02:27:37,342 asyncbase.py iterate [line:73] INFO Receive new models from clients [18, 0, 15, 3, 12, 8, 4, 16, 19, 1, 2, 14, 10, 5, 17, 9, 6, 11] at time 940
2025-04-30 02:27:37,342 asyncbase.py iterate [line:73] INFO Receive new models from clients [7, 13] at time 941
2025-04-30 02:27:37,381 fedbase.py run [line:318] INFO --------------Round 122--------------
2025-04-30 02:27:37,381 simple_logger.py log_once [line:14] INFO Current_time:941
2025-04-30 02:27:42,708 simple_logger.py log_once [line:28] INFO test_accuracy                 0.8437
2025-04-30 02:27:42,708 simple_logger.py log_once [line:28] INFO test_loss                     0.5677
2025-04-30 02:27:42,708 simple_logger.py log_once [line:28] INFO val_accuracy                  0.8578
2025-04-30 02:27:42,708 simple_logger.py log_once [line:28] INFO mean_val_accuracy             0.8578
2025-04-30 02:27:42,708 simple_logger.py log_once [line:28] INFO std_val_accuracy              0.0187
2025-04-30 02:27:42,708 simple_logger.py log_once [line:28] INFO val_loss                      0.5014
2025-04-30 02:27:42,708 simple_logger.py log_once [line:28] INFO mean_val_loss                 0.5014
2025-04-30 02:27:42,708 simple_logger.py log_once [line:28] INFO std_val_loss                  0.0604
2025-04-30 02:27:42,708 fedbase.py run [line:323] INFO expense           16063030.0
2025-04-30 02:27:42,708 fedbase.py run [line:324] INFO Eval Time Cost:               5.3272s
2025-04-30 02:27:42,708 asyncbase.py iterate [line:68] INFO Select clients [0, 1, 2, 3, 4, 5, 6, 7, 8, 9, 10, 11, 12, 13, 14, 15, 16, 17, 18, 19] at time 942.
2025-04-30 02:27:59,162 asyncbase.py iterate [line:73] INFO Receive new models from clients [5, 4, 3, 16, 12, 0, 8, 7, 14, 17, 15, 1, 10, 18, 2, 9, 11, 19] at time 948
2025-04-30 02:27:59,162 asyncbase.py iterate [line:73] INFO Receive new models from clients [13, 6] at time 949
2025-04-30 02:27:59,205 fedbase.py run [line:318] INFO --------------Round 123--------------
2025-04-30 02:27:59,205 simple_logger.py log_once [line:14] INFO Current_time:949
2025-04-30 02:28:04,531 simple_logger.py log_once [line:28] INFO test_accuracy                 0.8430
2025-04-30 02:28:04,531 simple_logger.py log_once [line:28] INFO test_loss                     0.5669
2025-04-30 02:28:04,531 simple_logger.py log_once [line:28] INFO val_accuracy                  0.8556
2025-04-30 02:28:04,531 simple_logger.py log_once [line:28] INFO mean_val_accuracy             0.8556
2025-04-30 02:28:04,531 simple_logger.py log_once [line:28] INFO std_val_accuracy              0.0177
2025-04-30 02:28:04,531 simple_logger.py log_once [line:28] INFO val_loss                      0.5008
2025-04-30 02:28:04,532 simple_logger.py log_once [line:28] INFO mean_val_loss                 0.5008
2025-04-30 02:28:04,532 simple_logger.py log_once [line:28] INFO std_val_loss                  0.0604
2025-04-30 02:28:04,532 fedbase.py run [line:323] INFO expense           16097430.0
2025-04-30 02:28:04,532 fedbase.py run [line:324] INFO Eval Time Cost:               5.3270s
2025-04-30 02:28:04,532 asyncbase.py iterate [line:68] INFO Select clients [0, 1, 2, 3, 4, 5, 6, 7, 8, 9, 10, 11, 12, 13, 14, 15, 16, 17, 18, 19] at time 950.
2025-04-30 02:28:23,888 asyncbase.py iterate [line:73] INFO Receive new models from clients [12, 8, 6, 14, 1, 15, 19, 7, 16, 9, 3, 5, 11, 10, 2, 17, 13, 18] at time 956
2025-04-30 02:28:23,888 asyncbase.py iterate [line:73] INFO Receive new models from clients [4, 0] at time 957
2025-04-30 02:28:23,928 fedbase.py run [line:318] INFO --------------Round 124--------------
2025-04-30 02:28:23,928 simple_logger.py log_once [line:14] INFO Current_time:957
2025-04-30 02:28:29,271 simple_logger.py log_once [line:28] INFO test_accuracy                 0.8438
2025-04-30 02:28:29,272 simple_logger.py log_once [line:28] INFO test_loss                     0.5675
2025-04-30 02:28:29,272 simple_logger.py log_once [line:28] INFO val_accuracy                  0.8564
2025-04-30 02:28:29,272 simple_logger.py log_once [line:28] INFO mean_val_accuracy             0.8564
2025-04-30 02:28:29,272 simple_logger.py log_once [line:28] INFO std_val_accuracy              0.0186
2025-04-30 02:28:29,272 simple_logger.py log_once [line:28] INFO val_loss                      0.4999
2025-04-30 02:28:29,272 simple_logger.py log_once [line:28] INFO mean_val_loss                 0.4999
2025-04-30 02:28:29,272 simple_logger.py log_once [line:28] INFO std_val_loss                  0.0613
2025-04-30 02:28:29,272 fedbase.py run [line:323] INFO expense           16131830.0
2025-04-30 02:28:29,272 fedbase.py run [line:324] INFO Eval Time Cost:               5.3438s
2025-04-30 02:28:29,272 asyncbase.py iterate [line:68] INFO Select clients [0, 1, 2, 3, 4, 5, 6, 7, 8, 9, 10, 11, 12, 13, 14, 15, 16, 17, 18, 19] at time 958.
2025-04-30 02:28:46,077 asyncbase.py iterate [line:73] INFO Receive new models from clients [17, 15, 14, 9, 6, 11, 13, 4, 7, 3, 19, 16, 8, 1, 18, 2, 0] at time 964
2025-04-30 02:28:46,077 asyncbase.py iterate [line:73] INFO Receive new models from clients [5, 12, 10] at time 965
2025-04-30 02:28:46,118 fedbase.py run [line:318] INFO --------------Round 125--------------
2025-04-30 02:28:46,118 simple_logger.py log_once [line:14] INFO Current_time:965
2025-04-30 02:28:51,476 simple_logger.py log_once [line:28] INFO test_accuracy                 0.8441
2025-04-30 02:28:51,476 simple_logger.py log_once [line:28] INFO test_loss                     0.5662
2025-04-30 02:28:51,476 simple_logger.py log_once [line:28] INFO val_accuracy                  0.8585
2025-04-30 02:28:51,476 simple_logger.py log_once [line:28] INFO mean_val_accuracy             0.8585
2025-04-30 02:28:51,477 simple_logger.py log_once [line:28] INFO std_val_accuracy              0.0177
2025-04-30 02:28:51,477 simple_logger.py log_once [line:28] INFO val_loss                      0.4985
2025-04-30 02:28:51,477 simple_logger.py log_once [line:28] INFO mean_val_loss                 0.4985
2025-04-30 02:28:51,477 simple_logger.py log_once [line:28] INFO std_val_loss                  0.0613
2025-04-30 02:28:51,477 fedbase.py run [line:323] INFO expense           16166230.0
2025-04-30 02:28:51,477 fedbase.py run [line:324] INFO Eval Time Cost:               5.3585s
2025-04-30 02:28:51,477 asyncbase.py iterate [line:68] INFO Select clients [0, 1, 2, 3, 4, 5, 6, 7, 8, 9, 10, 11, 12, 13, 14, 15, 16, 17, 18, 19] at time 966.
2025-04-30 02:29:08,305 asyncbase.py iterate [line:73] INFO Receive new models from clients [0, 7, 5, 4, 16, 9, 14, 17, 19, 13, 8, 11, 1, 18, 12, 15, 6, 3] at time 972
2025-04-30 02:29:08,306 asyncbase.py iterate [line:73] INFO Receive new models from clients [10, 2] at time 973
2025-04-30 02:29:08,345 fedbase.py run [line:318] INFO --------------Round 126--------------
2025-04-30 02:29:08,345 simple_logger.py log_once [line:14] INFO Current_time:973
2025-04-30 02:29:13,700 simple_logger.py log_once [line:28] INFO test_accuracy                 0.8455
2025-04-30 02:29:13,700 simple_logger.py log_once [line:28] INFO test_loss                     0.5628
2025-04-30 02:29:13,700 simple_logger.py log_once [line:28] INFO val_accuracy                  0.8600
2025-04-30 02:29:13,700 simple_logger.py log_once [line:28] INFO mean_val_accuracy             0.8600
2025-04-30 02:29:13,700 simple_logger.py log_once [line:28] INFO std_val_accuracy              0.0191
2025-04-30 02:29:13,700 simple_logger.py log_once [line:28] INFO val_loss                      0.4959
2025-04-30 02:29:13,700 simple_logger.py log_once [line:28] INFO mean_val_loss                 0.4959
2025-04-30 02:29:13,700 simple_logger.py log_once [line:28] INFO std_val_loss                  0.0608
2025-04-30 02:29:13,700 fedbase.py run [line:323] INFO expense           16200630.0
2025-04-30 02:29:13,700 fedbase.py run [line:324] INFO Eval Time Cost:               5.3555s
2025-04-30 02:29:13,701 asyncbase.py iterate [line:68] INFO Select clients [0, 1, 2, 3, 4, 5, 6, 7, 8, 9, 10, 11, 12, 13, 14, 15, 16, 17, 18, 19] at time 974.
2025-04-30 02:29:31,358 asyncbase.py iterate [line:73] INFO Receive new models from clients [5, 2, 10, 16, 1, 14, 11, 15, 19, 17, 12, 18, 4, 13, 3, 7, 0, 6] at time 980
2025-04-30 02:29:31,358 asyncbase.py iterate [line:73] INFO Receive new models from clients [9, 8] at time 981
2025-04-30 02:29:31,401 fedbase.py run [line:318] INFO --------------Round 127--------------
2025-04-30 02:29:31,401 simple_logger.py log_once [line:14] INFO Current_time:981
2025-04-30 02:29:36,740 simple_logger.py log_once [line:28] INFO test_accuracy                 0.8456
2025-04-30 02:29:36,740 simple_logger.py log_once [line:28] INFO test_loss                     0.5615
2025-04-30 02:29:36,740 simple_logger.py log_once [line:28] INFO val_accuracy                  0.8572
2025-04-30 02:29:36,740 simple_logger.py log_once [line:28] INFO mean_val_accuracy             0.8572
2025-04-30 02:29:36,740 simple_logger.py log_once [line:28] INFO std_val_accuracy              0.0183
2025-04-30 02:29:36,740 simple_logger.py log_once [line:28] INFO val_loss                      0.4954
2025-04-30 02:29:36,740 simple_logger.py log_once [line:28] INFO mean_val_loss                 0.4954
2025-04-30 02:29:36,740 simple_logger.py log_once [line:28] INFO std_val_loss                  0.0607
2025-04-30 02:29:36,740 fedbase.py run [line:323] INFO expense           16235030.0
2025-04-30 02:29:36,740 fedbase.py run [line:324] INFO Eval Time Cost:               5.3393s
2025-04-30 02:29:36,740 asyncbase.py iterate [line:68] INFO Select clients [0, 1, 2, 3, 4, 5, 6, 7, 8, 9, 10, 11, 12, 13, 14, 15, 16, 17, 18, 19] at time 982.
2025-04-30 02:29:54,309 asyncbase.py iterate [line:73] INFO Receive new models from clients [14, 12, 3, 13, 18, 9, 16, 0, 6, 19, 5, 1, 4, 10, 17] at time 988
2025-04-30 02:29:54,309 asyncbase.py iterate [line:73] INFO Receive new models from clients [2, 15, 11, 7, 8] at time 989
2025-04-30 02:29:54,348 fedbase.py run [line:318] INFO --------------Round 128--------------
2025-04-30 02:29:54,348 simple_logger.py log_once [line:14] INFO Current_time:989
2025-04-30 02:29:59,664 simple_logger.py log_once [line:28] INFO test_accuracy                 0.8458
2025-04-30 02:29:59,664 simple_logger.py log_once [line:28] INFO test_loss                     0.5614
2025-04-30 02:29:59,664 simple_logger.py log_once [line:28] INFO val_accuracy                  0.8597
2025-04-30 02:29:59,664 simple_logger.py log_once [line:28] INFO mean_val_accuracy             0.8597
2025-04-30 02:29:59,665 simple_logger.py log_once [line:28] INFO std_val_accuracy              0.0183
2025-04-30 02:29:59,665 simple_logger.py log_once [line:28] INFO val_loss                      0.4938
2025-04-30 02:29:59,665 simple_logger.py log_once [line:28] INFO mean_val_loss                 0.4938
2025-04-30 02:29:59,665 simple_logger.py log_once [line:28] INFO std_val_loss                  0.0611
2025-04-30 02:29:59,665 fedbase.py run [line:323] INFO expense           16269430.0
2025-04-30 02:29:59,665 fedbase.py run [line:324] INFO Eval Time Cost:               5.3167s
2025-04-30 02:29:59,665 asyncbase.py iterate [line:68] INFO Select clients [0, 1, 2, 3, 4, 5, 6, 7, 8, 9, 10, 11, 12, 13, 14, 15, 16, 17, 18, 19] at time 990.
2025-04-30 02:30:18,148 asyncbase.py iterate [line:73] INFO Receive new models from clients [12, 11, 15, 16, 4, 13, 17, 18, 14, 19, 9, 3, 7, 6, 8, 0, 1, 10, 2] at time 996
2025-04-30 02:30:18,148 asyncbase.py iterate [line:73] INFO Receive new models from clients [5] at time 997
2025-04-30 02:30:18,189 fedbase.py run [line:318] INFO --------------Round 129--------------
2025-04-30 02:30:18,189 simple_logger.py log_once [line:14] INFO Current_time:997
2025-04-30 02:30:24,832 simple_logger.py log_once [line:28] INFO test_accuracy                 0.8456
2025-04-30 02:30:24,833 simple_logger.py log_once [line:28] INFO test_loss                     0.5600
2025-04-30 02:30:24,833 simple_logger.py log_once [line:28] INFO val_accuracy                  0.8586
2025-04-30 02:30:24,833 simple_logger.py log_once [line:28] INFO mean_val_accuracy             0.8586
2025-04-30 02:30:24,833 simple_logger.py log_once [line:28] INFO std_val_accuracy              0.0177
2025-04-30 02:30:24,833 simple_logger.py log_once [line:28] INFO val_loss                      0.4936
2025-04-30 02:30:24,833 simple_logger.py log_once [line:28] INFO mean_val_loss                 0.4936
2025-04-30 02:30:24,833 simple_logger.py log_once [line:28] INFO std_val_loss                  0.0609
2025-04-30 02:30:24,833 fedbase.py run [line:323] INFO expense           16303830.0
2025-04-30 02:30:24,833 fedbase.py run [line:324] INFO Eval Time Cost:               6.6437s
2025-04-30 02:30:24,833 asyncbase.py iterate [line:68] INFO Select clients [0, 1, 2, 3, 4, 5, 6, 7, 8, 9, 10, 11, 12, 13, 14, 15, 16, 17, 18, 19] at time 998.
2025-04-30 02:30:43,480 asyncbase.py iterate [line:73] INFO Receive new models from clients [17, 7, 9, 8, 1, 2, 4, 10, 15, 6, 12, 14, 11, 0, 18, 13] at time 1004
2025-04-30 02:30:43,480 asyncbase.py iterate [line:73] INFO Receive new models from clients [19, 16, 5, 3] at time 1005
2025-04-30 02:30:43,522 fedbase.py run [line:318] INFO --------------Round 130--------------
2025-04-30 02:30:43,522 simple_logger.py log_once [line:14] INFO Current_time:1005
2025-04-30 02:30:48,698 simple_logger.py log_once [line:28] INFO test_accuracy                 0.8463
2025-04-30 02:30:48,699 simple_logger.py log_once [line:28] INFO test_loss                     0.5593
2025-04-30 02:30:48,699 simple_logger.py log_once [line:28] INFO val_accuracy                  0.8593
2025-04-30 02:30:48,699 simple_logger.py log_once [line:28] INFO mean_val_accuracy             0.8593
2025-04-30 02:30:48,699 simple_logger.py log_once [line:28] INFO std_val_accuracy              0.0169
2025-04-30 02:30:48,699 simple_logger.py log_once [line:28] INFO val_loss                      0.4920
2025-04-30 02:30:48,699 simple_logger.py log_once [line:28] INFO mean_val_loss                 0.4920
2025-04-30 02:30:48,699 simple_logger.py log_once [line:28] INFO std_val_loss                  0.0607
2025-04-30 02:30:48,699 fedbase.py run [line:323] INFO expense           16338230.0
2025-04-30 02:30:48,699 fedbase.py run [line:324] INFO Eval Time Cost:               5.1772s
2025-04-30 02:30:48,699 asyncbase.py iterate [line:68] INFO Select clients [0, 1, 2, 3, 4, 5, 6, 7, 8, 9, 10, 11, 12, 13, 14, 15, 16, 17, 18, 19] at time 1006.
2025-04-30 02:31:07,732 asyncbase.py iterate [line:73] INFO Receive new models from clients [16, 4, 18, 17, 5, 19, 7, 1, 0, 3, 11, 6, 15, 9, 10, 8, 2] at time 1012
2025-04-30 02:31:07,732 asyncbase.py iterate [line:73] INFO Receive new models from clients [14, 12, 13] at time 1013
2025-04-30 02:31:07,772 fedbase.py run [line:318] INFO --------------Round 131--------------
2025-04-30 02:31:07,773 simple_logger.py log_once [line:14] INFO Current_time:1013
2025-04-30 02:31:13,087 simple_logger.py log_once [line:28] INFO test_accuracy                 0.8473
2025-04-30 02:31:13,087 simple_logger.py log_once [line:28] INFO test_loss                     0.5563
2025-04-30 02:31:13,087 simple_logger.py log_once [line:28] INFO val_accuracy                  0.8590
2025-04-30 02:31:13,087 simple_logger.py log_once [line:28] INFO mean_val_accuracy             0.8590
2025-04-30 02:31:13,088 simple_logger.py log_once [line:28] INFO std_val_accuracy              0.0166
2025-04-30 02:31:13,088 simple_logger.py log_once [line:28] INFO val_loss                      0.4899
2025-04-30 02:31:13,088 simple_logger.py log_once [line:28] INFO mean_val_loss                 0.4899
2025-04-30 02:31:13,088 simple_logger.py log_once [line:28] INFO std_val_loss                  0.0604
2025-04-30 02:31:13,088 fedbase.py run [line:323] INFO expense           16372630.0
2025-04-30 02:31:13,088 fedbase.py run [line:324] INFO Eval Time Cost:               5.3152s
2025-04-30 02:31:13,088 asyncbase.py iterate [line:68] INFO Select clients [0, 1, 2, 3, 4, 5, 6, 7, 8, 9, 10, 11, 12, 13, 14, 15, 16, 17, 18, 19] at time 1014.
2025-04-30 02:31:30,540 asyncbase.py iterate [line:73] INFO Receive new models from clients [16, 0, 3, 5, 14, 2, 9, 10, 19, 18, 13, 1, 7, 17, 8, 15] at time 1020
2025-04-30 02:31:30,541 asyncbase.py iterate [line:73] INFO Receive new models from clients [6, 11, 4, 12] at time 1021
2025-04-30 02:31:30,583 fedbase.py run [line:318] INFO --------------Round 132--------------
2025-04-30 02:31:30,583 simple_logger.py log_once [line:14] INFO Current_time:1021
2025-04-30 02:31:35,939 simple_logger.py log_once [line:28] INFO test_accuracy                 0.8470
2025-04-30 02:31:35,939 simple_logger.py log_once [line:28] INFO test_loss                     0.5578
2025-04-30 02:31:35,939 simple_logger.py log_once [line:28] INFO val_accuracy                  0.8601
2025-04-30 02:31:35,939 simple_logger.py log_once [line:28] INFO mean_val_accuracy             0.8601
2025-04-30 02:31:35,939 simple_logger.py log_once [line:28] INFO std_val_accuracy              0.0179
2025-04-30 02:31:35,939 simple_logger.py log_once [line:28] INFO val_loss                      0.4904
2025-04-30 02:31:35,939 simple_logger.py log_once [line:28] INFO mean_val_loss                 0.4904
2025-04-30 02:31:35,939 simple_logger.py log_once [line:28] INFO std_val_loss                  0.0607
2025-04-30 02:31:35,939 fedbase.py run [line:323] INFO expense           16407030.0
2025-04-30 02:31:35,939 fedbase.py run [line:324] INFO Eval Time Cost:               5.3567s
2025-04-30 02:31:35,940 asyncbase.py iterate [line:68] INFO Select clients [0, 1, 2, 3, 4, 5, 6, 7, 8, 9, 10, 11, 12, 13, 14, 15, 16, 17, 18, 19] at time 1022.
2025-04-30 02:31:53,796 asyncbase.py iterate [line:73] INFO Receive new models from clients [10, 4, 8, 1, 18, 3, 6, 7, 12, 9, 19, 5, 16, 14, 13, 0, 2, 11] at time 1028
2025-04-30 02:31:53,796 asyncbase.py iterate [line:73] INFO Receive new models from clients [15, 17] at time 1029
2025-04-30 02:31:53,837 fedbase.py run [line:318] INFO --------------Round 133--------------
2025-04-30 02:31:53,837 simple_logger.py log_once [line:14] INFO Current_time:1029
2025-04-30 02:31:59,159 simple_logger.py log_once [line:28] INFO test_accuracy                 0.8477
2025-04-30 02:31:59,159 simple_logger.py log_once [line:28] INFO test_loss                     0.5539
2025-04-30 02:31:59,159 simple_logger.py log_once [line:28] INFO val_accuracy                  0.8608
2025-04-30 02:31:59,159 simple_logger.py log_once [line:28] INFO mean_val_accuracy             0.8608
2025-04-30 02:31:59,159 simple_logger.py log_once [line:28] INFO std_val_accuracy              0.0186
2025-04-30 02:31:59,159 simple_logger.py log_once [line:28] INFO val_loss                      0.4879
2025-04-30 02:31:59,159 simple_logger.py log_once [line:28] INFO mean_val_loss                 0.4879
2025-04-30 02:31:59,159 simple_logger.py log_once [line:28] INFO std_val_loss                  0.0610
2025-04-30 02:31:59,159 fedbase.py run [line:323] INFO expense           16441430.0
2025-04-30 02:31:59,159 fedbase.py run [line:324] INFO Eval Time Cost:               5.3220s
2025-04-30 02:31:59,160 asyncbase.py iterate [line:68] INFO Select clients [0, 1, 2, 3, 4, 5, 6, 7, 8, 9, 10, 11, 12, 13, 14, 15, 16, 17, 18, 19] at time 1030.
2025-04-30 02:32:16,145 asyncbase.py iterate [line:73] INFO Receive new models from clients [8, 9, 17, 14, 2, 15, 10, 7, 16, 11, 0, 5, 18, 13, 19, 6, 4, 1] at time 1036
2025-04-30 02:32:16,145 asyncbase.py iterate [line:73] INFO Receive new models from clients [3, 12] at time 1037
2025-04-30 02:32:16,185 fedbase.py run [line:318] INFO --------------Round 134--------------
2025-04-30 02:32:16,186 simple_logger.py log_once [line:14] INFO Current_time:1037
2025-04-30 02:32:21,508 simple_logger.py log_once [line:28] INFO test_accuracy                 0.8481
2025-04-30 02:32:21,508 simple_logger.py log_once [line:28] INFO test_loss                     0.5526
2025-04-30 02:32:21,508 simple_logger.py log_once [line:28] INFO val_accuracy                  0.8598
2025-04-30 02:32:21,508 simple_logger.py log_once [line:28] INFO mean_val_accuracy             0.8598
2025-04-30 02:32:21,508 simple_logger.py log_once [line:28] INFO std_val_accuracy              0.0168
2025-04-30 02:32:21,508 simple_logger.py log_once [line:28] INFO val_loss                      0.4868
2025-04-30 02:32:21,508 simple_logger.py log_once [line:28] INFO mean_val_loss                 0.4868
2025-04-30 02:32:21,508 simple_logger.py log_once [line:28] INFO std_val_loss                  0.0603
2025-04-30 02:32:21,508 fedbase.py run [line:323] INFO expense           16475830.0
2025-04-30 02:32:21,508 fedbase.py run [line:324] INFO Eval Time Cost:               5.3228s
2025-04-30 02:32:21,509 asyncbase.py iterate [line:68] INFO Select clients [0, 1, 2, 3, 4, 5, 6, 7, 8, 9, 10, 11, 12, 13, 14, 15, 16, 17, 18, 19] at time 1038.
2025-04-30 02:32:38,728 asyncbase.py iterate [line:73] INFO Receive new models from clients [6, 10, 14, 18, 12, 19, 4, 8, 9, 1, 17, 0, 7, 3, 15] at time 1044
2025-04-30 02:32:38,728 asyncbase.py iterate [line:73] INFO Receive new models from clients [5, 2, 16, 11, 13] at time 1045
2025-04-30 02:32:38,770 fedbase.py run [line:318] INFO --------------Round 135--------------
2025-04-30 02:32:38,770 simple_logger.py log_once [line:14] INFO Current_time:1045
2025-04-30 02:32:44,062 simple_logger.py log_once [line:28] INFO test_accuracy                 0.8472
2025-04-30 02:32:44,062 simple_logger.py log_once [line:28] INFO test_loss                     0.5538
2025-04-30 02:32:44,062 simple_logger.py log_once [line:28] INFO val_accuracy                  0.8601
2025-04-30 02:32:44,062 simple_logger.py log_once [line:28] INFO mean_val_accuracy             0.8601
2025-04-30 02:32:44,063 simple_logger.py log_once [line:28] INFO std_val_accuracy              0.0175
2025-04-30 02:32:44,063 simple_logger.py log_once [line:28] INFO val_loss                      0.4870
2025-04-30 02:32:44,063 simple_logger.py log_once [line:28] INFO mean_val_loss                 0.4870
2025-04-30 02:32:44,063 simple_logger.py log_once [line:28] INFO std_val_loss                  0.0604
2025-04-30 02:32:44,063 fedbase.py run [line:323] INFO expense           16510230.0
2025-04-30 02:32:44,063 fedbase.py run [line:324] INFO Eval Time Cost:               5.2927s
2025-04-30 02:32:44,063 asyncbase.py iterate [line:68] INFO Select clients [0, 1, 2, 3, 4, 5, 6, 7, 8, 9, 10, 11, 12, 13, 14, 15, 16, 17, 18, 19] at time 1046.
2025-04-30 02:33:01,290 asyncbase.py iterate [line:73] INFO Receive new models from clients [10, 17, 12, 15, 7, 1, 2, 3, 8, 19, 5, 16, 4, 18, 13, 11, 9, 0, 14] at time 1052
2025-04-30 02:33:01,290 asyncbase.py iterate [line:73] INFO Receive new models from clients [6] at time 1053
2025-04-30 02:33:01,334 fedbase.py run [line:318] INFO --------------Round 136--------------
2025-04-30 02:33:01,334 simple_logger.py log_once [line:14] INFO Current_time:1053
2025-04-30 02:33:06,870 simple_logger.py log_once [line:28] INFO test_accuracy                 0.8478
2025-04-30 02:33:06,870 simple_logger.py log_once [line:28] INFO test_loss                     0.5523
2025-04-30 02:33:06,870 simple_logger.py log_once [line:28] INFO val_accuracy                  0.8622
2025-04-30 02:33:06,870 simple_logger.py log_once [line:28] INFO mean_val_accuracy             0.8622
2025-04-30 02:33:06,870 simple_logger.py log_once [line:28] INFO std_val_accuracy              0.0178
2025-04-30 02:33:06,870 simple_logger.py log_once [line:28] INFO val_loss                      0.4845
2025-04-30 02:33:06,870 simple_logger.py log_once [line:28] INFO mean_val_loss                 0.4845
2025-04-30 02:33:06,870 simple_logger.py log_once [line:28] INFO std_val_loss                  0.0611
2025-04-30 02:33:06,870 fedbase.py run [line:323] INFO expense           16544630.0
2025-04-30 02:33:06,871 fedbase.py run [line:324] INFO Eval Time Cost:               5.5366s
2025-04-30 02:33:06,871 asyncbase.py iterate [line:68] INFO Select clients [0, 1, 2, 3, 4, 5, 6, 7, 8, 9, 10, 11, 12, 13, 14, 15, 16, 17, 18, 19] at time 1054.
2025-04-30 02:33:25,159 asyncbase.py iterate [line:73] INFO Receive new models from clients [19, 2, 15, 7, 10, 0, 16, 8, 1, 4, 6, 5, 12, 17, 9, 11, 3] at time 1060
2025-04-30 02:33:25,159 asyncbase.py iterate [line:73] INFO Receive new models from clients [13, 18, 14] at time 1061
2025-04-30 02:33:25,200 fedbase.py run [line:318] INFO --------------Round 137--------------
2025-04-30 02:33:25,200 simple_logger.py log_once [line:14] INFO Current_time:1061
2025-04-30 02:33:30,476 simple_logger.py log_once [line:28] INFO test_accuracy                 0.8482
2025-04-30 02:33:30,476 simple_logger.py log_once [line:28] INFO test_loss                     0.5511
2025-04-30 02:33:30,476 simple_logger.py log_once [line:28] INFO val_accuracy                  0.8616
2025-04-30 02:33:30,476 simple_logger.py log_once [line:28] INFO mean_val_accuracy             0.8616
2025-04-30 02:33:30,476 simple_logger.py log_once [line:28] INFO std_val_accuracy              0.0172
2025-04-30 02:33:30,476 simple_logger.py log_once [line:28] INFO val_loss                      0.4841
2025-04-30 02:33:30,476 simple_logger.py log_once [line:28] INFO mean_val_loss                 0.4841
2025-04-30 02:33:30,476 simple_logger.py log_once [line:28] INFO std_val_loss                  0.0608
2025-04-30 02:33:30,476 fedbase.py run [line:323] INFO expense           16579030.0
2025-04-30 02:33:30,476 fedbase.py run [line:324] INFO Eval Time Cost:               5.2765s
2025-04-30 02:33:30,476 asyncbase.py iterate [line:68] INFO Select clients [0, 1, 2, 3, 4, 5, 6, 7, 8, 9, 10, 11, 12, 13, 14, 15, 16, 17, 18, 19] at time 1062.
2025-04-30 02:33:47,310 asyncbase.py iterate [line:73] INFO Receive new models from clients [6, 16, 9, 4, 1, 0, 12, 5, 10, 13, 18, 2, 19, 8, 11, 14] at time 1068
2025-04-30 02:33:47,310 asyncbase.py iterate [line:73] INFO Receive new models from clients [3, 15, 7, 17] at time 1069
2025-04-30 02:33:47,351 fedbase.py run [line:318] INFO --------------Round 138--------------
2025-04-30 02:33:47,351 simple_logger.py log_once [line:14] INFO Current_time:1069
2025-04-30 02:33:52,670 simple_logger.py log_once [line:28] INFO test_accuracy                 0.8475
2025-04-30 02:33:52,671 simple_logger.py log_once [line:28] INFO test_loss                     0.5493
2025-04-30 02:33:52,671 simple_logger.py log_once [line:28] INFO val_accuracy                  0.8624
2025-04-30 02:33:52,671 simple_logger.py log_once [line:28] INFO mean_val_accuracy             0.8624
2025-04-30 02:33:52,671 simple_logger.py log_once [line:28] INFO std_val_accuracy              0.0165
2025-04-30 02:33:52,671 simple_logger.py log_once [line:28] INFO val_loss                      0.4825
2025-04-30 02:33:52,671 simple_logger.py log_once [line:28] INFO mean_val_loss                 0.4825
2025-04-30 02:33:52,671 simple_logger.py log_once [line:28] INFO std_val_loss                  0.0598
2025-04-30 02:33:52,671 fedbase.py run [line:323] INFO expense           16613430.0
2025-04-30 02:33:52,671 fedbase.py run [line:324] INFO Eval Time Cost:               5.3196s
2025-04-30 02:33:52,671 asyncbase.py iterate [line:68] INFO Select clients [0, 1, 2, 3, 4, 5, 6, 7, 8, 9, 10, 11, 12, 13, 14, 15, 16, 17, 18, 19] at time 1070.
2025-04-30 02:34:11,168 asyncbase.py iterate [line:73] INFO Receive new models from clients [17, 15, 16, 1, 13, 8, 3, 19, 18, 6, 12, 14, 0, 11, 9, 7, 2] at time 1076
2025-04-30 02:34:11,169 asyncbase.py iterate [line:73] INFO Receive new models from clients [5, 10, 4] at time 1077
2025-04-30 02:34:11,209 fedbase.py run [line:318] INFO --------------Round 139--------------
2025-04-30 02:34:11,209 simple_logger.py log_once [line:14] INFO Current_time:1077
2025-04-30 02:34:16,534 simple_logger.py log_once [line:28] INFO test_accuracy                 0.8493
2025-04-30 02:34:16,534 simple_logger.py log_once [line:28] INFO test_loss                     0.5461
2025-04-30 02:34:16,534 simple_logger.py log_once [line:28] INFO val_accuracy                  0.8619
2025-04-30 02:34:16,534 simple_logger.py log_once [line:28] INFO mean_val_accuracy             0.8619
2025-04-30 02:34:16,534 simple_logger.py log_once [line:28] INFO std_val_accuracy              0.0169
2025-04-30 02:34:16,534 simple_logger.py log_once [line:28] INFO val_loss                      0.4799
2025-04-30 02:34:16,534 simple_logger.py log_once [line:28] INFO mean_val_loss                 0.4799
2025-04-30 02:34:16,535 simple_logger.py log_once [line:28] INFO std_val_loss                  0.0603
2025-04-30 02:34:16,535 fedbase.py run [line:323] INFO expense           16647830.0
2025-04-30 02:34:16,535 fedbase.py run [line:324] INFO Eval Time Cost:               5.3253s
2025-04-30 02:34:16,535 asyncbase.py iterate [line:68] INFO Select clients [0, 1, 2, 3, 4, 5, 6, 7, 8, 9, 10, 11, 12, 13, 14, 15, 16, 17, 18, 19] at time 1078.
2025-04-30 02:34:34,149 asyncbase.py iterate [line:73] INFO Receive new models from clients [11, 7, 0, 13, 15, 9, 17, 12, 5, 10, 3, 14, 4, 1, 8, 16, 19, 2] at time 1084
2025-04-30 02:34:34,149 asyncbase.py iterate [line:73] INFO Receive new models from clients [6, 18] at time 1085
2025-04-30 02:34:34,188 fedbase.py run [line:318] INFO --------------Round 140--------------
2025-04-30 02:34:34,188 simple_logger.py log_once [line:14] INFO Current_time:1085
2025-04-30 02:34:39,463 simple_logger.py log_once [line:28] INFO test_accuracy                 0.8487
2025-04-30 02:34:39,463 simple_logger.py log_once [line:28] INFO test_loss                     0.5459
2025-04-30 02:34:39,463 simple_logger.py log_once [line:28] INFO val_accuracy                  0.8630
2025-04-30 02:34:39,464 simple_logger.py log_once [line:28] INFO mean_val_accuracy             0.8630
2025-04-30 02:34:39,464 simple_logger.py log_once [line:28] INFO std_val_accuracy              0.0179
2025-04-30 02:34:39,464 simple_logger.py log_once [line:28] INFO val_loss                      0.4786
2025-04-30 02:34:39,464 simple_logger.py log_once [line:28] INFO mean_val_loss                 0.4786
2025-04-30 02:34:39,464 simple_logger.py log_once [line:28] INFO std_val_loss                  0.0599
2025-04-30 02:34:39,464 fedbase.py run [line:323] INFO expense           16682230.0
2025-04-30 02:34:39,464 fedbase.py run [line:324] INFO Eval Time Cost:               5.2762s
2025-04-30 02:34:39,464 asyncbase.py iterate [line:68] INFO Select clients [0, 1, 2, 3, 4, 5, 6, 7, 8, 9, 10, 11, 12, 13, 14, 15, 16, 17, 18, 19] at time 1086.
2025-04-30 02:34:58,149 asyncbase.py iterate [line:73] INFO Receive new models from clients [7, 15, 11, 17, 19, 5, 8, 0, 9, 10, 6, 12, 3, 2, 13, 4, 14, 16, 18, 1] at time 1092
2025-04-30 02:34:58,189 fedbase.py run [line:318] INFO --------------Round 141--------------
2025-04-30 02:34:58,189 simple_logger.py log_once [line:14] INFO Current_time:1092
2025-04-30 02:35:03,480 simple_logger.py log_once [line:28] INFO test_accuracy                 0.8493
2025-04-30 02:35:03,480 simple_logger.py log_once [line:28] INFO test_loss                     0.5458
2025-04-30 02:35:03,480 simple_logger.py log_once [line:28] INFO val_accuracy                  0.8628
2025-04-30 02:35:03,480 simple_logger.py log_once [line:28] INFO mean_val_accuracy             0.8628
2025-04-30 02:35:03,480 simple_logger.py log_once [line:28] INFO std_val_accuracy              0.0177
2025-04-30 02:35:03,480 simple_logger.py log_once [line:28] INFO val_loss                      0.4778
2025-04-30 02:35:03,480 simple_logger.py log_once [line:28] INFO mean_val_loss                 0.4778
2025-04-30 02:35:03,480 simple_logger.py log_once [line:28] INFO std_val_loss                  0.0607
2025-04-30 02:35:03,480 fedbase.py run [line:323] INFO expense           16716630.0
2025-04-30 02:35:03,480 fedbase.py run [line:324] INFO Eval Time Cost:               5.2912s
2025-04-30 02:35:03,480 asyncbase.py iterate [line:68] INFO Select clients [0, 1, 2, 3, 4, 5, 6, 7, 8, 9, 10, 11, 12, 13, 14, 15, 16, 17, 18, 19] at time 1093.
2025-04-30 02:35:21,176 asyncbase.py iterate [line:73] INFO Receive new models from clients [8, 19, 3, 13, 16, 18, 4, 17, 0, 12, 9, 5, 1, 15, 7, 11, 10, 14, 6] at time 1099
2025-04-30 02:35:21,177 asyncbase.py iterate [line:73] INFO Receive new models from clients [2] at time 1100
2025-04-30 02:35:21,219 fedbase.py run [line:318] INFO --------------Round 142--------------
2025-04-30 02:35:21,219 simple_logger.py log_once [line:14] INFO Current_time:1100
2025-04-30 02:35:26,559 simple_logger.py log_once [line:28] INFO test_accuracy                 0.8495
2025-04-30 02:35:26,559 simple_logger.py log_once [line:28] INFO test_loss                     0.5462
2025-04-30 02:35:26,559 simple_logger.py log_once [line:28] INFO val_accuracy                  0.8633
2025-04-30 02:35:26,559 simple_logger.py log_once [line:28] INFO mean_val_accuracy             0.8633
2025-04-30 02:35:26,559 simple_logger.py log_once [line:28] INFO std_val_accuracy              0.0183
2025-04-30 02:35:26,559 simple_logger.py log_once [line:28] INFO val_loss                      0.4777
2025-04-30 02:35:26,559 simple_logger.py log_once [line:28] INFO mean_val_loss                 0.4777
2025-04-30 02:35:26,560 simple_logger.py log_once [line:28] INFO std_val_loss                  0.0610
2025-04-30 02:35:26,560 fedbase.py run [line:323] INFO expense           16751030.0
2025-04-30 02:35:26,560 fedbase.py run [line:324] INFO Eval Time Cost:               5.3404s
2025-04-30 02:35:26,560 asyncbase.py iterate [line:68] INFO Select clients [0, 1, 2, 3, 4, 5, 6, 7, 8, 9, 10, 11, 12, 13, 14, 15, 16, 17, 18, 19] at time 1101.
2025-04-30 02:35:43,997 asyncbase.py iterate [line:73] INFO Receive new models from clients [1, 19, 5, 2, 12, 7, 16, 8, 17, 10, 14, 13, 18, 4, 15, 9, 0, 3, 6] at time 1107
2025-04-30 02:35:43,997 asyncbase.py iterate [line:73] INFO Receive new models from clients [11] at time 1108
2025-04-30 02:35:44,054 fedbase.py run [line:318] INFO --------------Round 143--------------
2025-04-30 02:35:44,055 simple_logger.py log_once [line:14] INFO Current_time:1108
2025-04-30 02:35:50,085 simple_logger.py log_once [line:28] INFO test_accuracy                 0.8510
2025-04-30 02:35:50,085 simple_logger.py log_once [line:28] INFO test_loss                     0.5429
2025-04-30 02:35:50,085 simple_logger.py log_once [line:28] INFO val_accuracy                  0.8633
2025-04-30 02:35:50,085 simple_logger.py log_once [line:28] INFO mean_val_accuracy             0.8633
2025-04-30 02:35:50,086 simple_logger.py log_once [line:28] INFO std_val_accuracy              0.0178
2025-04-30 02:35:50,086 simple_logger.py log_once [line:28] INFO val_loss                      0.4758
2025-04-30 02:35:50,086 simple_logger.py log_once [line:28] INFO mean_val_loss                 0.4758
2025-04-30 02:35:50,086 simple_logger.py log_once [line:28] INFO std_val_loss                  0.0610
2025-04-30 02:35:50,086 fedbase.py run [line:323] INFO expense           16785430.0
2025-04-30 02:35:50,086 fedbase.py run [line:324] INFO Eval Time Cost:               6.0312s
2025-04-30 02:35:50,086 asyncbase.py iterate [line:68] INFO Select clients [0, 1, 2, 3, 4, 5, 6, 7, 8, 9, 10, 11, 12, 13, 14, 15, 16, 17, 18, 19] at time 1109.
2025-04-30 02:36:08,907 asyncbase.py iterate [line:73] INFO Receive new models from clients [14, 7, 9, 6, 4, 1, 18, 3, 11, 5, 17, 8, 16, 2, 12, 15] at time 1115
2025-04-30 02:36:08,908 asyncbase.py iterate [line:73] INFO Receive new models from clients [13, 10, 0, 19] at time 1116
2025-04-30 02:36:08,962 fedbase.py run [line:318] INFO --------------Round 144--------------
2025-04-30 02:36:08,962 simple_logger.py log_once [line:14] INFO Current_time:1116
2025-04-30 02:36:14,648 simple_logger.py log_once [line:28] INFO test_accuracy                 0.8504
2025-04-30 02:36:14,648 simple_logger.py log_once [line:28] INFO test_loss                     0.5425
2025-04-30 02:36:14,648 simple_logger.py log_once [line:28] INFO val_accuracy                  0.8642
2025-04-30 02:36:14,648 simple_logger.py log_once [line:28] INFO mean_val_accuracy             0.8642
2025-04-30 02:36:14,648 simple_logger.py log_once [line:28] INFO std_val_accuracy              0.0174
2025-04-30 02:36:14,648 simple_logger.py log_once [line:28] INFO val_loss                      0.4749
2025-04-30 02:36:14,648 simple_logger.py log_once [line:28] INFO mean_val_loss                 0.4749
2025-04-30 02:36:14,648 simple_logger.py log_once [line:28] INFO std_val_loss                  0.0599
2025-04-30 02:36:14,648 fedbase.py run [line:323] INFO expense           16819830.0
2025-04-30 02:36:14,648 fedbase.py run [line:324] INFO Eval Time Cost:               5.6861s
2025-04-30 02:36:14,648 asyncbase.py iterate [line:68] INFO Select clients [0, 1, 2, 3, 4, 5, 6, 7, 8, 9, 10, 11, 12, 13, 14, 15, 16, 17, 18, 19] at time 1117.
2025-04-30 02:36:31,428 asyncbase.py iterate [line:73] INFO Receive new models from clients [9, 2, 1, 10, 8, 12, 16, 17, 13, 19, 14, 11, 4, 6, 15, 5, 18, 7, 0, 3] at time 1123
2025-04-30 02:36:31,467 fedbase.py run [line:318] INFO --------------Round 145--------------
2025-04-30 02:36:31,467 simple_logger.py log_once [line:14] INFO Current_time:1123
2025-04-30 02:36:36,901 simple_logger.py log_once [line:28] INFO test_accuracy                 0.8504
2025-04-30 02:36:36,901 simple_logger.py log_once [line:28] INFO test_loss                     0.5435
2025-04-30 02:36:36,901 simple_logger.py log_once [line:28] INFO val_accuracy                  0.8634
2025-04-30 02:36:36,901 simple_logger.py log_once [line:28] INFO mean_val_accuracy             0.8634
2025-04-30 02:36:36,901 simple_logger.py log_once [line:28] INFO std_val_accuracy              0.0175
2025-04-30 02:36:36,901 simple_logger.py log_once [line:28] INFO val_loss                      0.4750
2025-04-30 02:36:36,901 simple_logger.py log_once [line:28] INFO mean_val_loss                 0.4750
2025-04-30 02:36:36,901 simple_logger.py log_once [line:28] INFO std_val_loss                  0.0608
2025-04-30 02:36:36,902 fedbase.py run [line:323] INFO expense           16854230.0
2025-04-30 02:36:36,902 fedbase.py run [line:324] INFO Eval Time Cost:               5.4343s
2025-04-30 02:36:36,902 asyncbase.py iterate [line:68] INFO Select clients [0, 1, 2, 3, 4, 5, 6, 7, 8, 9, 10, 11, 12, 13, 14, 15, 16, 17, 18, 19] at time 1124.
2025-04-30 02:36:54,386 asyncbase.py iterate [line:73] INFO Receive new models from clients [10, 15, 16, 1, 7, 8, 12, 19, 17, 6, 9, 3, 13, 4, 18, 14, 0, 11, 5] at time 1130
2025-04-30 02:36:54,386 asyncbase.py iterate [line:73] INFO Receive new models from clients [2] at time 1131
2025-04-30 02:36:54,427 fedbase.py run [line:318] INFO --------------Round 146--------------
2025-04-30 02:36:54,427 simple_logger.py log_once [line:14] INFO Current_time:1131
2025-04-30 02:36:59,734 simple_logger.py log_once [line:28] INFO test_accuracy                 0.8495
2025-04-30 02:36:59,734 simple_logger.py log_once [line:28] INFO test_loss                     0.5433
2025-04-30 02:36:59,734 simple_logger.py log_once [line:28] INFO val_accuracy                  0.8637
2025-04-30 02:36:59,734 simple_logger.py log_once [line:28] INFO mean_val_accuracy             0.8637
2025-04-30 02:36:59,734 simple_logger.py log_once [line:28] INFO std_val_accuracy              0.0170
2025-04-30 02:36:59,734 simple_logger.py log_once [line:28] INFO val_loss                      0.4734
2025-04-30 02:36:59,734 simple_logger.py log_once [line:28] INFO mean_val_loss                 0.4734
2025-04-30 02:36:59,734 simple_logger.py log_once [line:28] INFO std_val_loss                  0.0608
2025-04-30 02:36:59,734 fedbase.py run [line:323] INFO expense           16888630.0
2025-04-30 02:36:59,734 fedbase.py run [line:324] INFO Eval Time Cost:               5.3075s
2025-04-30 02:36:59,734 asyncbase.py iterate [line:68] INFO Select clients [0, 1, 2, 3, 4, 5, 6, 7, 8, 9, 10, 11, 12, 13, 14, 15, 16, 17, 18, 19] at time 1132.
2025-04-30 02:37:17,455 asyncbase.py iterate [line:73] INFO Receive new models from clients [0, 8, 4, 14, 13, 5, 1, 19, 3, 7, 15, 11, 12, 10, 16, 18, 2, 17, 9] at time 1138
2025-04-30 02:37:17,456 asyncbase.py iterate [line:73] INFO Receive new models from clients [6] at time 1139
2025-04-30 02:37:17,494 fedbase.py run [line:318] INFO --------------Round 147--------------
2025-04-30 02:37:17,495 simple_logger.py log_once [line:14] INFO Current_time:1139
2025-04-30 02:37:22,824 simple_logger.py log_once [line:28] INFO test_accuracy                 0.8491
2025-04-30 02:37:22,824 simple_logger.py log_once [line:28] INFO test_loss                     0.5414
2025-04-30 02:37:22,824 simple_logger.py log_once [line:28] INFO val_accuracy                  0.8638
2025-04-30 02:37:22,824 simple_logger.py log_once [line:28] INFO mean_val_accuracy             0.8638
2025-04-30 02:37:22,824 simple_logger.py log_once [line:28] INFO std_val_accuracy              0.0174
2025-04-30 02:37:22,824 simple_logger.py log_once [line:28] INFO val_loss                      0.4719
2025-04-30 02:37:22,824 simple_logger.py log_once [line:28] INFO mean_val_loss                 0.4719
2025-04-30 02:37:22,824 simple_logger.py log_once [line:28] INFO std_val_loss                  0.0600
2025-04-30 02:37:22,824 fedbase.py run [line:323] INFO expense           16923030.0
2025-04-30 02:37:22,825 fedbase.py run [line:324] INFO Eval Time Cost:               5.3299s
2025-04-30 02:37:22,825 asyncbase.py iterate [line:68] INFO Select clients [0, 1, 2, 3, 4, 5, 6, 7, 8, 9, 10, 11, 12, 13, 14, 15, 16, 17, 18, 19] at time 1140.
2025-04-30 02:37:40,519 asyncbase.py iterate [line:73] INFO Receive new models from clients [10, 0, 4, 15, 13, 7, 2, 18, 6, 11, 19, 5, 3, 17, 9, 14, 12, 1] at time 1146
2025-04-30 02:37:40,519 asyncbase.py iterate [line:73] INFO Receive new models from clients [16, 8] at time 1147
2025-04-30 02:37:40,557 fedbase.py run [line:318] INFO --------------Round 148--------------
2025-04-30 02:37:40,557 simple_logger.py log_once [line:14] INFO Current_time:1147
2025-04-30 02:37:45,859 simple_logger.py log_once [line:28] INFO test_accuracy                 0.8504
2025-04-30 02:37:45,859 simple_logger.py log_once [line:28] INFO test_loss                     0.5391
2025-04-30 02:37:45,859 simple_logger.py log_once [line:28] INFO val_accuracy                  0.8654
2025-04-30 02:37:45,859 simple_logger.py log_once [line:28] INFO mean_val_accuracy             0.8654
2025-04-30 02:37:45,859 simple_logger.py log_once [line:28] INFO std_val_accuracy              0.0171
2025-04-30 02:37:45,860 simple_logger.py log_once [line:28] INFO val_loss                      0.4705
2025-04-30 02:37:45,860 simple_logger.py log_once [line:28] INFO mean_val_loss                 0.4705
2025-04-30 02:37:45,860 simple_logger.py log_once [line:28] INFO std_val_loss                  0.0606
2025-04-30 02:37:45,860 fedbase.py run [line:323] INFO expense           16957430.0
2025-04-30 02:37:45,860 fedbase.py run [line:324] INFO Eval Time Cost:               5.3024s
2025-04-30 02:37:45,860 asyncbase.py iterate [line:68] INFO Select clients [0, 1, 2, 3, 4, 5, 6, 7, 8, 9, 10, 11, 12, 13, 14, 15, 16, 17, 18, 19] at time 1148.
2025-04-30 02:38:03,227 asyncbase.py iterate [line:73] INFO Receive new models from clients [19, 15, 4, 13, 10, 1, 8, 12, 2, 16, 18, 7, 6, 9, 5, 14, 0] at time 1154
2025-04-30 02:38:03,227 asyncbase.py iterate [line:73] INFO Receive new models from clients [3, 17, 11] at time 1155
2025-04-30 02:38:03,266 fedbase.py run [line:318] INFO --------------Round 149--------------
2025-04-30 02:38:03,267 simple_logger.py log_once [line:14] INFO Current_time:1155
2025-04-30 02:38:08,614 simple_logger.py log_once [line:28] INFO test_accuracy                 0.8524
2025-04-30 02:38:08,614 simple_logger.py log_once [line:28] INFO test_loss                     0.5363
2025-04-30 02:38:08,614 simple_logger.py log_once [line:28] INFO val_accuracy                  0.8649
2025-04-30 02:38:08,614 simple_logger.py log_once [line:28] INFO mean_val_accuracy             0.8649
2025-04-30 02:38:08,614 simple_logger.py log_once [line:28] INFO std_val_accuracy              0.0159
2025-04-30 02:38:08,614 simple_logger.py log_once [line:28] INFO val_loss                      0.4692
2025-04-30 02:38:08,614 simple_logger.py log_once [line:28] INFO mean_val_loss                 0.4692
2025-04-30 02:38:08,614 simple_logger.py log_once [line:28] INFO std_val_loss                  0.0597
2025-04-30 02:38:08,614 fedbase.py run [line:323] INFO expense           16991830.0
2025-04-30 02:38:08,614 fedbase.py run [line:324] INFO Eval Time Cost:               5.3477s
2025-04-30 02:38:08,614 asyncbase.py iterate [line:68] INFO Select clients [0, 1, 2, 3, 4, 5, 6, 7, 8, 9, 10, 11, 12, 13, 14, 15, 16, 17, 18, 19] at time 1156.
2025-04-30 02:38:26,829 asyncbase.py iterate [line:73] INFO Receive new models from clients [8, 13, 5, 11, 17, 6, 14, 7, 12, 3, 1, 0, 15, 16, 19, 4, 10] at time 1162
2025-04-30 02:38:26,829 asyncbase.py iterate [line:73] INFO Receive new models from clients [2, 9, 18] at time 1163
2025-04-30 02:38:26,868 fedbase.py run [line:318] INFO --------------Round 150--------------
2025-04-30 02:38:26,868 simple_logger.py log_once [line:14] INFO Current_time:1163
2025-04-30 02:38:32,126 simple_logger.py log_once [line:28] INFO test_accuracy                 0.8518
2025-04-30 02:38:32,126 simple_logger.py log_once [line:28] INFO test_loss                     0.5373
2025-04-30 02:38:32,126 simple_logger.py log_once [line:28] INFO val_accuracy                  0.8660
2025-04-30 02:38:32,126 simple_logger.py log_once [line:28] INFO mean_val_accuracy             0.8660
2025-04-30 02:38:32,126 simple_logger.py log_once [line:28] INFO std_val_accuracy              0.0171
2025-04-30 02:38:32,126 simple_logger.py log_once [line:28] INFO val_loss                      0.4692
2025-04-30 02:38:32,126 simple_logger.py log_once [line:28] INFO mean_val_loss                 0.4692
2025-04-30 02:38:32,126 simple_logger.py log_once [line:28] INFO std_val_loss                  0.0601
2025-04-30 02:38:32,127 fedbase.py run [line:323] INFO expense           17026230.0
2025-04-30 02:38:32,127 fedbase.py run [line:324] INFO Eval Time Cost:               5.2584s
2025-04-30 02:38:32,127 asyncbase.py iterate [line:68] INFO Select clients [0, 1, 2, 3, 4, 5, 6, 7, 8, 9, 10, 11, 12, 13, 14, 15, 16, 17, 18, 19] at time 1164.
2025-04-30 02:38:49,391 asyncbase.py iterate [line:73] INFO Receive new models from clients [16, 2, 18, 12, 14, 10, 13, 0, 1, 15, 4, 9, 8, 6, 19, 5, 7, 17, 3, 11] at time 1170
2025-04-30 02:38:49,431 fedbase.py run [line:318] INFO --------------Round 151--------------
2025-04-30 02:38:49,431 simple_logger.py log_once [line:14] INFO Current_time:1170
2025-04-30 02:38:54,720 simple_logger.py log_once [line:28] INFO test_accuracy                 0.8518
2025-04-30 02:38:54,720 simple_logger.py log_once [line:28] INFO test_loss                     0.5362
2025-04-30 02:38:54,720 simple_logger.py log_once [line:28] INFO val_accuracy                  0.8660
2025-04-30 02:38:54,720 simple_logger.py log_once [line:28] INFO mean_val_accuracy             0.8660
2025-04-30 02:38:54,720 simple_logger.py log_once [line:28] INFO std_val_accuracy              0.0166
2025-04-30 02:38:54,720 simple_logger.py log_once [line:28] INFO val_loss                      0.4681
2025-04-30 02:38:54,720 simple_logger.py log_once [line:28] INFO mean_val_loss                 0.4681
2025-04-30 02:38:54,720 simple_logger.py log_once [line:28] INFO std_val_loss                  0.0596
2025-04-30 02:38:54,720 fedbase.py run [line:323] INFO expense           17060630.0
2025-04-30 02:38:54,720 fedbase.py run [line:324] INFO Eval Time Cost:               5.2898s
2025-04-30 02:38:54,721 asyncbase.py iterate [line:68] INFO Select clients [0, 1, 2, 3, 4, 5, 6, 7, 8, 9, 10, 11, 12, 13, 14, 15, 16, 17, 18, 19] at time 1171.
2025-04-30 02:39:12,408 asyncbase.py iterate [line:73] INFO Receive new models from clients [12, 0, 5, 6, 14, 13, 8, 15, 1, 7, 18, 16, 2, 9, 10, 19, 11, 4] at time 1177
2025-04-30 02:39:12,408 asyncbase.py iterate [line:73] INFO Receive new models from clients [17, 3] at time 1178
2025-04-30 02:39:12,449 fedbase.py run [line:318] INFO --------------Round 152--------------
2025-04-30 02:39:12,450 simple_logger.py log_once [line:14] INFO Current_time:1178
2025-04-30 02:39:17,744 simple_logger.py log_once [line:28] INFO test_accuracy                 0.8515
2025-04-30 02:39:17,745 simple_logger.py log_once [line:28] INFO test_loss                     0.5357
2025-04-30 02:39:17,745 simple_logger.py log_once [line:28] INFO val_accuracy                  0.8648
2025-04-30 02:39:17,745 simple_logger.py log_once [line:28] INFO mean_val_accuracy             0.8648
2025-04-30 02:39:17,745 simple_logger.py log_once [line:28] INFO std_val_accuracy              0.0164
2025-04-30 02:39:17,745 simple_logger.py log_once [line:28] INFO val_loss                      0.4682
2025-04-30 02:39:17,745 simple_logger.py log_once [line:28] INFO mean_val_loss                 0.4682
2025-04-30 02:39:17,745 simple_logger.py log_once [line:28] INFO std_val_loss                  0.0596
2025-04-30 02:39:17,745 fedbase.py run [line:323] INFO expense           17095030.0
2025-04-30 02:39:17,745 fedbase.py run [line:324] INFO Eval Time Cost:               5.2956s
2025-04-30 02:39:17,745 asyncbase.py iterate [line:68] INFO Select clients [0, 1, 2, 3, 4, 5, 6, 7, 8, 9, 10, 11, 12, 13, 14, 15, 16, 17, 18, 19] at time 1179.
2025-04-30 02:39:35,738 asyncbase.py iterate [line:73] INFO Receive new models from clients [13, 6, 3, 18, 4, 1, 5, 7, 0, 11, 14, 9, 12, 15, 10, 17, 8, 2, 16] at time 1185
2025-04-30 02:39:35,738 asyncbase.py iterate [line:73] INFO Receive new models from clients [19] at time 1186
2025-04-30 02:39:35,783 fedbase.py run [line:318] INFO --------------Round 153--------------
2025-04-30 02:39:35,783 simple_logger.py log_once [line:14] INFO Current_time:1186
2025-04-30 02:39:41,041 simple_logger.py log_once [line:28] INFO test_accuracy                 0.8516
2025-04-30 02:39:41,042 simple_logger.py log_once [line:28] INFO test_loss                     0.5356
2025-04-30 02:39:41,042 simple_logger.py log_once [line:28] INFO val_accuracy                  0.8653
2025-04-30 02:39:41,042 simple_logger.py log_once [line:28] INFO mean_val_accuracy             0.8653
2025-04-30 02:39:41,042 simple_logger.py log_once [line:28] INFO std_val_accuracy              0.0182
2025-04-30 02:39:41,042 simple_logger.py log_once [line:28] INFO val_loss                      0.4668
2025-04-30 02:39:41,042 simple_logger.py log_once [line:28] INFO mean_val_loss                 0.4668
2025-04-30 02:39:41,042 simple_logger.py log_once [line:28] INFO std_val_loss                  0.0604
2025-04-30 02:39:41,042 fedbase.py run [line:323] INFO expense           17129430.0
2025-04-30 02:39:41,042 fedbase.py run [line:324] INFO Eval Time Cost:               5.2593s
2025-04-30 02:39:41,042 asyncbase.py iterate [line:68] INFO Select clients [0, 1, 2, 3, 4, 5, 6, 7, 8, 9, 10, 11, 12, 13, 14, 15, 16, 17, 18, 19] at time 1187.
2025-04-30 02:39:58,657 asyncbase.py iterate [line:73] INFO Receive new models from clients [3, 2, 10, 7, 19, 4, 5, 1, 14, 16, 9, 6, 12, 8, 15, 13, 0, 11] at time 1193
2025-04-30 02:39:58,658 asyncbase.py iterate [line:73] INFO Receive new models from clients [17, 18] at time 1194
2025-04-30 02:39:58,697 fedbase.py run [line:318] INFO --------------Round 154--------------
2025-04-30 02:39:58,697 simple_logger.py log_once [line:14] INFO Current_time:1194
2025-04-30 02:40:04,008 simple_logger.py log_once [line:28] INFO test_accuracy                 0.8522
2025-04-30 02:40:04,009 simple_logger.py log_once [line:28] INFO test_loss                     0.5333
2025-04-30 02:40:04,009 simple_logger.py log_once [line:28] INFO val_accuracy                  0.8663
2025-04-30 02:40:04,009 simple_logger.py log_once [line:28] INFO mean_val_accuracy             0.8663
2025-04-30 02:40:04,009 simple_logger.py log_once [line:28] INFO std_val_accuracy              0.0166
2025-04-30 02:40:04,009 simple_logger.py log_once [line:28] INFO val_loss                      0.4649
2025-04-30 02:40:04,009 simple_logger.py log_once [line:28] INFO mean_val_loss                 0.4649
2025-04-30 02:40:04,009 simple_logger.py log_once [line:28] INFO std_val_loss                  0.0597
2025-04-30 02:40:04,009 fedbase.py run [line:323] INFO expense           17163830.0
2025-04-30 02:40:04,009 fedbase.py run [line:324] INFO Eval Time Cost:               5.3122s
2025-04-30 02:40:04,009 asyncbase.py iterate [line:68] INFO Select clients [0, 1, 2, 3, 4, 5, 6, 7, 8, 9, 10, 11, 12, 13, 14, 15, 16, 17, 18, 19] at time 1195.
2025-04-30 02:40:21,496 asyncbase.py iterate [line:73] INFO Receive new models from clients [10, 6, 11, 18, 13, 15, 16, 19, 0, 1, 8, 12, 9, 5, 14, 17, 3] at time 1201
2025-04-30 02:40:21,496 asyncbase.py iterate [line:73] INFO Receive new models from clients [7, 2, 4] at time 1202
2025-04-30 02:40:21,534 fedbase.py run [line:318] INFO --------------Round 155--------------
2025-04-30 02:40:21,534 simple_logger.py log_once [line:14] INFO Current_time:1202
2025-04-30 02:40:26,862 simple_logger.py log_once [line:28] INFO test_accuracy                 0.8534
2025-04-30 02:40:26,862 simple_logger.py log_once [line:28] INFO test_loss                     0.5308
2025-04-30 02:40:26,862 simple_logger.py log_once [line:28] INFO val_accuracy                  0.8679
2025-04-30 02:40:26,862 simple_logger.py log_once [line:28] INFO mean_val_accuracy             0.8679
2025-04-30 02:40:26,862 simple_logger.py log_once [line:28] INFO std_val_accuracy              0.0166
2025-04-30 02:40:26,862 simple_logger.py log_once [line:28] INFO val_loss                      0.4629
2025-04-30 02:40:26,862 simple_logger.py log_once [line:28] INFO mean_val_loss                 0.4629
2025-04-30 02:40:26,862 simple_logger.py log_once [line:28] INFO std_val_loss                  0.0598
2025-04-30 02:40:26,862 fedbase.py run [line:323] INFO expense           17198230.0
2025-04-30 02:40:26,862 fedbase.py run [line:324] INFO Eval Time Cost:               5.3282s
2025-04-30 02:40:26,862 asyncbase.py iterate [line:68] INFO Select clients [0, 1, 2, 3, 4, 5, 6, 7, 8, 9, 10, 11, 12, 13, 14, 15, 16, 17, 18, 19] at time 1203.
2025-04-30 02:40:46,654 asyncbase.py iterate [line:73] INFO Receive new models from clients [16, 19, 0, 13, 6, 7, 14, 12, 2, 1, 5, 8, 10, 15, 9, 3, 4, 11] at time 1209
2025-04-30 02:40:46,655 asyncbase.py iterate [line:73] INFO Receive new models from clients [18, 17] at time 1210
2025-04-30 02:40:46,692 fedbase.py run [line:318] INFO --------------Round 156--------------
2025-04-30 02:40:46,693 simple_logger.py log_once [line:14] INFO Current_time:1210
2025-04-30 02:40:52,001 simple_logger.py log_once [line:28] INFO test_accuracy                 0.8536
2025-04-30 02:40:52,002 simple_logger.py log_once [line:28] INFO test_loss                     0.5296
2025-04-30 02:40:52,002 simple_logger.py log_once [line:28] INFO val_accuracy                  0.8665
2025-04-30 02:40:52,002 simple_logger.py log_once [line:28] INFO mean_val_accuracy             0.8665
2025-04-30 02:40:52,002 simple_logger.py log_once [line:28] INFO std_val_accuracy              0.0164
2025-04-30 02:40:52,002 simple_logger.py log_once [line:28] INFO val_loss                      0.4622
2025-04-30 02:40:52,002 simple_logger.py log_once [line:28] INFO mean_val_loss                 0.4622
2025-04-30 02:40:52,002 simple_logger.py log_once [line:28] INFO std_val_loss                  0.0590
2025-04-30 02:40:52,002 fedbase.py run [line:323] INFO expense           17232630.0
2025-04-30 02:40:52,002 fedbase.py run [line:324] INFO Eval Time Cost:               5.3095s
2025-04-30 02:40:52,002 asyncbase.py iterate [line:68] INFO Select clients [0, 1, 2, 3, 4, 5, 6, 7, 8, 9, 10, 11, 12, 13, 14, 15, 16, 17, 18, 19] at time 1211.
2025-04-30 02:41:09,470 asyncbase.py iterate [line:73] INFO Receive new models from clients [0, 14, 19, 1, 13, 15, 10, 18, 11, 2, 8, 16, 17, 12, 5, 3, 7, 4] at time 1217
2025-04-30 02:41:09,471 asyncbase.py iterate [line:73] INFO Receive new models from clients [6, 9] at time 1218
2025-04-30 02:41:09,513 fedbase.py run [line:318] INFO --------------Round 157--------------
2025-04-30 02:41:09,513 simple_logger.py log_once [line:14] INFO Current_time:1218
2025-04-30 02:41:14,805 simple_logger.py log_once [line:28] INFO test_accuracy                 0.8530
2025-04-30 02:41:14,805 simple_logger.py log_once [line:28] INFO test_loss                     0.5302
2025-04-30 02:41:14,805 simple_logger.py log_once [line:28] INFO val_accuracy                  0.8664
2025-04-30 02:41:14,805 simple_logger.py log_once [line:28] INFO mean_val_accuracy             0.8664
2025-04-30 02:41:14,805 simple_logger.py log_once [line:28] INFO std_val_accuracy              0.0159
2025-04-30 02:41:14,805 simple_logger.py log_once [line:28] INFO val_loss                      0.4616
2025-04-30 02:41:14,806 simple_logger.py log_once [line:28] INFO mean_val_loss                 0.4616
2025-04-30 02:41:14,806 simple_logger.py log_once [line:28] INFO std_val_loss                  0.0595
2025-04-30 02:41:14,806 fedbase.py run [line:323] INFO expense           17267030.0
2025-04-30 02:41:14,806 fedbase.py run [line:324] INFO Eval Time Cost:               5.2924s
2025-04-30 02:41:14,806 asyncbase.py iterate [line:68] INFO Select clients [0, 1, 2, 3, 4, 5, 6, 7, 8, 9, 10, 11, 12, 13, 14, 15, 16, 17, 18, 19] at time 1219.
2025-04-30 02:41:33,821 asyncbase.py iterate [line:73] INFO Receive new models from clients [11, 10, 12, 7, 18, 5, 13, 4, 19, 16, 2, 1, 3, 9, 6, 0, 15] at time 1225
2025-04-30 02:41:33,822 asyncbase.py iterate [line:73] INFO Receive new models from clients [8, 17, 14] at time 1226
2025-04-30 02:41:33,861 fedbase.py run [line:318] INFO --------------Round 158--------------
2025-04-30 02:41:33,861 simple_logger.py log_once [line:14] INFO Current_time:1226
2025-04-30 02:41:39,146 simple_logger.py log_once [line:28] INFO test_accuracy                 0.8527
2025-04-30 02:41:39,146 simple_logger.py log_once [line:28] INFO test_loss                     0.5308
2025-04-30 02:41:39,146 simple_logger.py log_once [line:28] INFO val_accuracy                  0.8673
2025-04-30 02:41:39,147 simple_logger.py log_once [line:28] INFO mean_val_accuracy             0.8673
2025-04-30 02:41:39,147 simple_logger.py log_once [line:28] INFO std_val_accuracy              0.0161
2025-04-30 02:41:39,147 simple_logger.py log_once [line:28] INFO val_loss                      0.4616
2025-04-30 02:41:39,147 simple_logger.py log_once [line:28] INFO mean_val_loss                 0.4617
2025-04-30 02:41:39,147 simple_logger.py log_once [line:28] INFO std_val_loss                  0.0602
2025-04-30 02:41:39,147 fedbase.py run [line:323] INFO expense           17301430.0
2025-04-30 02:41:39,147 fedbase.py run [line:324] INFO Eval Time Cost:               5.2854s
2025-04-30 02:41:39,147 asyncbase.py iterate [line:68] INFO Select clients [0, 1, 2, 3, 4, 5, 6, 7, 8, 9, 10, 11, 12, 13, 14, 15, 16, 17, 18, 19] at time 1227.
2025-04-30 02:41:57,055 asyncbase.py iterate [line:73] INFO Receive new models from clients [18, 10, 13, 5, 2, 8, 6, 3, 12, 9, 16, 14, 15, 17, 4, 11, 19, 1, 0] at time 1233
2025-04-30 02:41:57,056 asyncbase.py iterate [line:73] INFO Receive new models from clients [7] at time 1234
2025-04-30 02:41:57,094 fedbase.py run [line:318] INFO --------------Round 159--------------
2025-04-30 02:41:57,094 simple_logger.py log_once [line:14] INFO Current_time:1234
2025-04-30 02:42:02,369 simple_logger.py log_once [line:28] INFO test_accuracy                 0.8538
2025-04-30 02:42:02,370 simple_logger.py log_once [line:28] INFO test_loss                     0.5273
2025-04-30 02:42:02,370 simple_logger.py log_once [line:28] INFO val_accuracy                  0.8663
2025-04-30 02:42:02,370 simple_logger.py log_once [line:28] INFO mean_val_accuracy             0.8663
2025-04-30 02:42:02,370 simple_logger.py log_once [line:28] INFO std_val_accuracy              0.0159
2025-04-30 02:42:02,370 simple_logger.py log_once [line:28] INFO val_loss                      0.4605
2025-04-30 02:42:02,370 simple_logger.py log_once [line:28] INFO mean_val_loss                 0.4605
2025-04-30 02:42:02,370 simple_logger.py log_once [line:28] INFO std_val_loss                  0.0592
2025-04-30 02:42:02,370 fedbase.py run [line:323] INFO expense           17335830.0
2025-04-30 02:42:02,370 fedbase.py run [line:324] INFO Eval Time Cost:               5.2759s
2025-04-30 02:42:02,370 asyncbase.py iterate [line:68] INFO Select clients [0, 1, 2, 3, 4, 5, 6, 7, 8, 9, 10, 11, 12, 13, 14, 15, 16, 17, 18, 19] at time 1235.
2025-04-30 02:42:19,577 asyncbase.py iterate [line:73] INFO Receive new models from clients [17, 4, 9, 11, 16, 14, 3, 2, 5, 10, 12, 15, 6, 19, 7, 0, 18, 13] at time 1241
2025-04-30 02:42:19,577 asyncbase.py iterate [line:73] INFO Receive new models from clients [8, 1] at time 1242
2025-04-30 02:42:19,623 fedbase.py run [line:318] INFO --------------Round 160--------------
2025-04-30 02:42:19,623 simple_logger.py log_once [line:14] INFO Current_time:1242
2025-04-30 02:42:24,918 simple_logger.py log_once [line:28] INFO test_accuracy                 0.8536
2025-04-30 02:42:24,918 simple_logger.py log_once [line:28] INFO test_loss                     0.5278
2025-04-30 02:42:24,918 simple_logger.py log_once [line:28] INFO val_accuracy                  0.8680
2025-04-30 02:42:24,918 simple_logger.py log_once [line:28] INFO mean_val_accuracy             0.8680
2025-04-30 02:42:24,918 simple_logger.py log_once [line:28] INFO std_val_accuracy              0.0169
2025-04-30 02:42:24,918 simple_logger.py log_once [line:28] INFO val_loss                      0.4591
2025-04-30 02:42:24,918 simple_logger.py log_once [line:28] INFO mean_val_loss                 0.4591
2025-04-30 02:42:24,919 simple_logger.py log_once [line:28] INFO std_val_loss                  0.0593
2025-04-30 02:42:24,919 fedbase.py run [line:323] INFO expense           17370230.0
2025-04-30 02:42:24,919 fedbase.py run [line:324] INFO Eval Time Cost:               5.2954s
2025-04-30 02:42:24,919 asyncbase.py iterate [line:68] INFO Select clients [0, 1, 2, 3, 4, 5, 6, 7, 8, 9, 10, 11, 12, 13, 14, 15, 16, 17, 18, 19] at time 1243.
2025-04-30 02:42:44,071 asyncbase.py iterate [line:73] INFO Receive new models from clients [0, 5, 17, 19, 11, 8, 12, 15, 3, 7, 2, 4, 13, 10, 16, 9, 1, 6, 14, 18] at time 1249
2025-04-30 02:42:44,126 fedbase.py run [line:318] INFO --------------Round 161--------------
2025-04-30 02:42:44,126 simple_logger.py log_once [line:14] INFO Current_time:1249
2025-04-30 02:42:49,540 simple_logger.py log_once [line:28] INFO test_accuracy                 0.8542
2025-04-30 02:42:49,540 simple_logger.py log_once [line:28] INFO test_loss                     0.5253
2025-04-30 02:42:49,540 simple_logger.py log_once [line:28] INFO val_accuracy                  0.8682
2025-04-30 02:42:49,540 simple_logger.py log_once [line:28] INFO mean_val_accuracy             0.8682
2025-04-30 02:42:49,540 simple_logger.py log_once [line:28] INFO std_val_accuracy              0.0159
2025-04-30 02:42:49,540 simple_logger.py log_once [line:28] INFO val_loss                      0.4574
2025-04-30 02:42:49,540 simple_logger.py log_once [line:28] INFO mean_val_loss                 0.4574
2025-04-30 02:42:49,540 simple_logger.py log_once [line:28] INFO std_val_loss                  0.0598
2025-04-30 02:42:49,540 fedbase.py run [line:323] INFO expense           17404630.0
2025-04-30 02:42:49,540 fedbase.py run [line:324] INFO Eval Time Cost:               5.4145s
2025-04-30 02:42:49,541 asyncbase.py iterate [line:68] INFO Select clients [0, 1, 2, 3, 4, 5, 6, 7, 8, 9, 10, 11, 12, 13, 14, 15, 16, 17, 18, 19] at time 1250.
2025-04-30 02:43:08,280 asyncbase.py iterate [line:73] INFO Receive new models from clients [3, 7, 13, 9, 8, 15, 10, 6, 11, 18, 4, 5, 12, 19, 1] at time 1256
2025-04-30 02:43:08,281 asyncbase.py iterate [line:73] INFO Receive new models from clients [14, 16, 0, 17, 2] at time 1257
2025-04-30 02:43:08,321 fedbase.py run [line:318] INFO --------------Round 162--------------
2025-04-30 02:43:08,321 simple_logger.py log_once [line:14] INFO Current_time:1257
2025-04-30 02:43:13,776 simple_logger.py log_once [line:28] INFO test_accuracy                 0.8541
2025-04-30 02:43:13,776 simple_logger.py log_once [line:28] INFO test_loss                     0.5256
2025-04-30 02:43:13,776 simple_logger.py log_once [line:28] INFO val_accuracy                  0.8680
2025-04-30 02:43:13,776 simple_logger.py log_once [line:28] INFO mean_val_accuracy             0.8680
2025-04-30 02:43:13,776 simple_logger.py log_once [line:28] INFO std_val_accuracy              0.0174
2025-04-30 02:43:13,776 simple_logger.py log_once [line:28] INFO val_loss                      0.4583
2025-04-30 02:43:13,776 simple_logger.py log_once [line:28] INFO mean_val_loss                 0.4583
2025-04-30 02:43:13,777 simple_logger.py log_once [line:28] INFO std_val_loss                  0.0603
2025-04-30 02:43:13,777 fedbase.py run [line:323] INFO expense           17439030.0
2025-04-30 02:43:13,777 fedbase.py run [line:324] INFO Eval Time Cost:               5.4559s
2025-04-30 02:43:13,777 asyncbase.py iterate [line:68] INFO Select clients [0, 1, 2, 3, 4, 5, 6, 7, 8, 9, 10, 11, 12, 13, 14, 15, 16, 17, 18, 19] at time 1258.
2025-04-30 02:43:31,614 asyncbase.py iterate [line:73] INFO Receive new models from clients [14, 15, 6, 12, 9, 0, 3, 7, 5, 4, 13, 10, 11, 18, 8, 19, 16] at time 1264
2025-04-30 02:43:31,615 asyncbase.py iterate [line:73] INFO Receive new models from clients [17, 1, 2] at time 1265
2025-04-30 02:43:31,655 fedbase.py run [line:318] INFO --------------Round 163--------------
2025-04-30 02:43:31,656 simple_logger.py log_once [line:14] INFO Current_time:1265
2025-04-30 02:43:36,914 simple_logger.py log_once [line:28] INFO test_accuracy                 0.8547
2025-04-30 02:43:36,914 simple_logger.py log_once [line:28] INFO test_loss                     0.5242
2025-04-30 02:43:36,914 simple_logger.py log_once [line:28] INFO val_accuracy                  0.8691
2025-04-30 02:43:36,914 simple_logger.py log_once [line:28] INFO mean_val_accuracy             0.8691
2025-04-30 02:43:36,914 simple_logger.py log_once [line:28] INFO std_val_accuracy              0.0161
2025-04-30 02:43:36,914 simple_logger.py log_once [line:28] INFO val_loss                      0.4559
2025-04-30 02:43:36,914 simple_logger.py log_once [line:28] INFO mean_val_loss                 0.4559
2025-04-30 02:43:36,914 simple_logger.py log_once [line:28] INFO std_val_loss                  0.0595
2025-04-30 02:43:36,914 fedbase.py run [line:323] INFO expense           17473430.0
2025-04-30 02:43:36,915 fedbase.py run [line:324] INFO Eval Time Cost:               5.2589s
2025-04-30 02:43:36,915 asyncbase.py iterate [line:68] INFO Select clients [0, 1, 2, 3, 4, 5, 6, 7, 8, 9, 10, 11, 12, 13, 14, 15, 16, 17, 18, 19] at time 1266.
2025-04-30 02:43:53,913 asyncbase.py iterate [line:73] INFO Receive new models from clients [6, 18, 1, 15, 0, 9, 13, 10, 12, 7, 17, 16, 3, 8, 11, 19, 2] at time 1272
2025-04-30 02:43:53,913 asyncbase.py iterate [line:73] INFO Receive new models from clients [4, 14, 5] at time 1273
2025-04-30 02:43:53,952 fedbase.py run [line:318] INFO --------------Round 164--------------
2025-04-30 02:43:53,952 simple_logger.py log_once [line:14] INFO Current_time:1273
2025-04-30 02:43:59,263 simple_logger.py log_once [line:28] INFO test_accuracy                 0.8547
2025-04-30 02:43:59,263 simple_logger.py log_once [line:28] INFO test_loss                     0.5240
2025-04-30 02:43:59,263 simple_logger.py log_once [line:28] INFO val_accuracy                  0.8695
2025-04-30 02:43:59,263 simple_logger.py log_once [line:28] INFO mean_val_accuracy             0.8695
2025-04-30 02:43:59,263 simple_logger.py log_once [line:28] INFO std_val_accuracy              0.0155
2025-04-30 02:43:59,263 simple_logger.py log_once [line:28] INFO val_loss                      0.4550
2025-04-30 02:43:59,263 simple_logger.py log_once [line:28] INFO mean_val_loss                 0.4550
2025-04-30 02:43:59,263 simple_logger.py log_once [line:28] INFO std_val_loss                  0.0599
2025-04-30 02:43:59,263 fedbase.py run [line:323] INFO expense           17507830.0
2025-04-30 02:43:59,263 fedbase.py run [line:324] INFO Eval Time Cost:               5.3112s
2025-04-30 02:43:59,263 asyncbase.py iterate [line:68] INFO Select clients [0, 1, 2, 3, 4, 5, 6, 7, 8, 9, 10, 11, 12, 13, 14, 15, 16, 17, 18, 19] at time 1274.
2025-04-30 02:44:16,051 asyncbase.py iterate [line:73] INFO Receive new models from clients [18, 9, 15, 7, 16, 12, 6, 2, 14, 3, 11, 4, 5, 17, 8, 10] at time 1280
2025-04-30 02:44:16,052 asyncbase.py iterate [line:73] INFO Receive new models from clients [0, 1, 19, 13] at time 1281
2025-04-30 02:44:16,092 fedbase.py run [line:318] INFO --------------Round 165--------------
2025-04-30 02:44:16,092 simple_logger.py log_once [line:14] INFO Current_time:1281
2025-04-30 02:44:21,507 simple_logger.py log_once [line:28] INFO test_accuracy                 0.8553
2025-04-30 02:44:21,507 simple_logger.py log_once [line:28] INFO test_loss                     0.5225
2025-04-30 02:44:21,507 simple_logger.py log_once [line:28] INFO val_accuracy                  0.8682
2025-04-30 02:44:21,507 simple_logger.py log_once [line:28] INFO mean_val_accuracy             0.8682
2025-04-30 02:44:21,507 simple_logger.py log_once [line:28] INFO std_val_accuracy              0.0150
2025-04-30 02:44:21,507 simple_logger.py log_once [line:28] INFO val_loss                      0.4549
2025-04-30 02:44:21,508 simple_logger.py log_once [line:28] INFO mean_val_loss                 0.4549
2025-04-30 02:44:21,508 simple_logger.py log_once [line:28] INFO std_val_loss                  0.0600
2025-04-30 02:44:21,508 fedbase.py run [line:323] INFO expense           17542230.0
2025-04-30 02:44:21,508 fedbase.py run [line:324] INFO Eval Time Cost:               5.4158s
2025-04-30 02:44:21,508 asyncbase.py iterate [line:68] INFO Select clients [0, 1, 2, 3, 4, 5, 6, 7, 8, 9, 10, 11, 12, 13, 14, 15, 16, 17, 18, 19] at time 1282.
2025-04-30 02:44:39,644 asyncbase.py iterate [line:73] INFO Receive new models from clients [4, 5, 9, 18, 12, 10, 15, 14, 13, 17, 0, 6, 3, 11, 19, 7, 2, 8] at time 1288
2025-04-30 02:44:39,645 asyncbase.py iterate [line:73] INFO Receive new models from clients [1, 16] at time 1289
2025-04-30 02:44:39,686 fedbase.py run [line:318] INFO --------------Round 166--------------
2025-04-30 02:44:39,686 simple_logger.py log_once [line:14] INFO Current_time:1289
2025-04-30 02:44:45,004 simple_logger.py log_once [line:28] INFO test_accuracy                 0.8553
2025-04-30 02:44:45,005 simple_logger.py log_once [line:28] INFO test_loss                     0.5232
2025-04-30 02:44:45,005 simple_logger.py log_once [line:28] INFO val_accuracy                  0.8687
2025-04-30 02:44:45,005 simple_logger.py log_once [line:28] INFO mean_val_accuracy             0.8687
2025-04-30 02:44:45,005 simple_logger.py log_once [line:28] INFO std_val_accuracy              0.0156
2025-04-30 02:44:45,005 simple_logger.py log_once [line:28] INFO val_loss                      0.4540
2025-04-30 02:44:45,005 simple_logger.py log_once [line:28] INFO mean_val_loss                 0.4540
2025-04-30 02:44:45,005 simple_logger.py log_once [line:28] INFO std_val_loss                  0.0596
2025-04-30 02:44:45,005 fedbase.py run [line:323] INFO expense           17576630.0
2025-04-30 02:44:45,005 fedbase.py run [line:324] INFO Eval Time Cost:               5.3190s
2025-04-30 02:44:45,005 asyncbase.py iterate [line:68] INFO Select clients [0, 1, 2, 3, 4, 5, 6, 7, 8, 9, 10, 11, 12, 13, 14, 15, 16, 17, 18, 19] at time 1290.
2025-04-30 02:45:03,216 asyncbase.py iterate [line:73] INFO Receive new models from clients [14, 10, 0, 12, 9, 7, 6, 8, 2, 11, 4, 17, 5, 15, 18, 19, 1, 3, 13] at time 1296
2025-04-30 02:45:03,217 asyncbase.py iterate [line:73] INFO Receive new models from clients [16] at time 1297
2025-04-30 02:45:03,258 fedbase.py run [line:318] INFO --------------Round 167--------------
2025-04-30 02:45:03,258 simple_logger.py log_once [line:14] INFO Current_time:1297
2025-04-30 02:45:08,672 simple_logger.py log_once [line:28] INFO test_accuracy                 0.8557
2025-04-30 02:45:08,672 simple_logger.py log_once [line:28] INFO test_loss                     0.5222
2025-04-30 02:45:08,672 simple_logger.py log_once [line:28] INFO val_accuracy                  0.8691
2025-04-30 02:45:08,672 simple_logger.py log_once [line:28] INFO mean_val_accuracy             0.8691
2025-04-30 02:45:08,672 simple_logger.py log_once [line:28] INFO std_val_accuracy              0.0173
2025-04-30 02:45:08,672 simple_logger.py log_once [line:28] INFO val_loss                      0.4535
2025-04-30 02:45:08,672 simple_logger.py log_once [line:28] INFO mean_val_loss                 0.4535
2025-04-30 02:45:08,672 simple_logger.py log_once [line:28] INFO std_val_loss                  0.0597
2025-04-30 02:45:08,672 fedbase.py run [line:323] INFO expense           17611030.0
2025-04-30 02:45:08,672 fedbase.py run [line:324] INFO Eval Time Cost:               5.4141s
2025-04-30 02:45:08,673 asyncbase.py iterate [line:68] INFO Select clients [0, 1, 2, 3, 4, 5, 6, 7, 8, 9, 10, 11, 12, 13, 14, 15, 16, 17, 18, 19] at time 1298.
2025-04-30 02:45:25,993 asyncbase.py iterate [line:73] INFO Receive new models from clients [1, 2, 12, 7, 14, 9, 4, 0, 13, 6, 11, 8, 10, 17, 3, 16, 19, 5] at time 1304
2025-04-30 02:45:25,994 asyncbase.py iterate [line:73] INFO Receive new models from clients [15, 18] at time 1305
2025-04-30 02:45:26,049 fedbase.py run [line:318] INFO --------------Round 168--------------
2025-04-30 02:45:26,049 simple_logger.py log_once [line:14] INFO Current_time:1305
2025-04-30 02:45:32,587 simple_logger.py log_once [line:28] INFO test_accuracy                 0.8553
2025-04-30 02:45:32,587 simple_logger.py log_once [line:28] INFO test_loss                     0.5225
2025-04-30 02:45:32,588 simple_logger.py log_once [line:28] INFO val_accuracy                  0.8686
2025-04-30 02:45:32,588 simple_logger.py log_once [line:28] INFO mean_val_accuracy             0.8686
2025-04-30 02:45:32,588 simple_logger.py log_once [line:28] INFO std_val_accuracy              0.0170
2025-04-30 02:45:32,588 simple_logger.py log_once [line:28] INFO val_loss                      0.4530
2025-04-30 02:45:32,588 simple_logger.py log_once [line:28] INFO mean_val_loss                 0.4530
2025-04-30 02:45:32,588 simple_logger.py log_once [line:28] INFO std_val_loss                  0.0600
2025-04-30 02:45:32,588 fedbase.py run [line:323] INFO expense           17645430.0
2025-04-30 02:45:32,588 fedbase.py run [line:324] INFO Eval Time Cost:               6.5385s
2025-04-30 02:45:32,588 asyncbase.py iterate [line:68] INFO Select clients [0, 1, 2, 3, 4, 5, 6, 7, 8, 9, 10, 11, 12, 13, 14, 15, 16, 17, 18, 19] at time 1306.
2025-04-30 02:45:50,096 asyncbase.py iterate [line:73] INFO Receive new models from clients [13, 2, 12, 3, 15, 8, 4, 5, 18, 1, 6, 14, 7, 17, 9, 10, 19, 11, 16, 0] at time 1312
2025-04-30 02:45:50,137 fedbase.py run [line:318] INFO --------------Round 169--------------
2025-04-30 02:45:50,137 simple_logger.py log_once [line:14] INFO Current_time:1312
2025-04-30 02:45:55,505 simple_logger.py log_once [line:28] INFO test_accuracy                 0.8556
2025-04-30 02:45:55,505 simple_logger.py log_once [line:28] INFO test_loss                     0.5208
2025-04-30 02:45:55,505 simple_logger.py log_once [line:28] INFO val_accuracy                  0.8687
2025-04-30 02:45:55,505 simple_logger.py log_once [line:28] INFO mean_val_accuracy             0.8687
2025-04-30 02:45:55,505 simple_logger.py log_once [line:28] INFO std_val_accuracy              0.0141
2025-04-30 02:45:55,505 simple_logger.py log_once [line:28] INFO val_loss                      0.4524
2025-04-30 02:45:55,505 simple_logger.py log_once [line:28] INFO mean_val_loss                 0.4524
2025-04-30 02:45:55,505 simple_logger.py log_once [line:28] INFO std_val_loss                  0.0595
2025-04-30 02:45:55,505 fedbase.py run [line:323] INFO expense           17679830.0
2025-04-30 02:45:55,505 fedbase.py run [line:324] INFO Eval Time Cost:               5.3684s
2025-04-30 02:45:55,505 asyncbase.py iterate [line:68] INFO Select clients [0, 1, 2, 3, 4, 5, 6, 7, 8, 9, 10, 11, 12, 13, 14, 15, 16, 17, 18, 19] at time 1313.
2025-04-30 02:46:15,802 asyncbase.py iterate [line:73] INFO Receive new models from clients [10, 17, 15, 4, 3, 5, 13, 0, 11, 1, 8, 9, 16] at time 1319
2025-04-30 02:46:15,802 asyncbase.py iterate [line:73] INFO Receive new models from clients [7, 2, 6, 19, 12, 18, 14] at time 1320
2025-04-30 02:46:15,840 fedbase.py run [line:318] INFO --------------Round 170--------------
2025-04-30 02:46:15,840 simple_logger.py log_once [line:14] INFO Current_time:1320
2025-04-30 02:46:21,095 simple_logger.py log_once [line:28] INFO test_accuracy                 0.8567
2025-04-30 02:46:21,095 simple_logger.py log_once [line:28] INFO test_loss                     0.5187
2025-04-30 02:46:21,095 simple_logger.py log_once [line:28] INFO val_accuracy                  0.8704
2025-04-30 02:46:21,095 simple_logger.py log_once [line:28] INFO mean_val_accuracy             0.8704
2025-04-30 02:46:21,095 simple_logger.py log_once [line:28] INFO std_val_accuracy              0.0157
2025-04-30 02:46:21,095 simple_logger.py log_once [line:28] INFO val_loss                      0.4501
2025-04-30 02:46:21,095 simple_logger.py log_once [line:28] INFO mean_val_loss                 0.4501
2025-04-30 02:46:21,095 simple_logger.py log_once [line:28] INFO std_val_loss                  0.0593
2025-04-30 02:46:21,095 fedbase.py run [line:323] INFO expense           17714230.0
2025-04-30 02:46:21,095 fedbase.py run [line:324] INFO Eval Time Cost:               5.2549s
2025-04-30 02:46:21,095 asyncbase.py iterate [line:68] INFO Select clients [0, 1, 2, 3, 4, 5, 6, 7, 8, 9, 10, 11, 12, 13, 14, 15, 16, 17, 18, 19] at time 1321.
2025-04-30 02:46:37,344 asyncbase.py iterate [line:73] INFO Receive new models from clients [17, 7, 13, 9, 11, 3, 0, 12, 2, 15, 5, 18, 8, 16, 1, 4, 19, 14] at time 1327
2025-04-30 02:46:37,345 asyncbase.py iterate [line:73] INFO Receive new models from clients [10, 6] at time 1328
2025-04-30 02:46:37,386 fedbase.py run [line:318] INFO --------------Round 171--------------
2025-04-30 02:46:37,386 simple_logger.py log_once [line:14] INFO Current_time:1328
2025-04-30 02:46:42,701 simple_logger.py log_once [line:28] INFO test_accuracy                 0.8565
2025-04-30 02:46:42,701 simple_logger.py log_once [line:28] INFO test_loss                     0.5185
2025-04-30 02:46:42,701 simple_logger.py log_once [line:28] INFO val_accuracy                  0.8698
2025-04-30 02:46:42,701 simple_logger.py log_once [line:28] INFO mean_val_accuracy             0.8698
2025-04-30 02:46:42,701 simple_logger.py log_once [line:28] INFO std_val_accuracy              0.0167
2025-04-30 02:46:42,701 simple_logger.py log_once [line:28] INFO val_loss                      0.4493
2025-04-30 02:46:42,701 simple_logger.py log_once [line:28] INFO mean_val_loss                 0.4493
2025-04-30 02:46:42,701 simple_logger.py log_once [line:28] INFO std_val_loss                  0.0590
2025-04-30 02:46:42,702 fedbase.py run [line:323] INFO expense           17748630.0
2025-04-30 02:46:42,702 fedbase.py run [line:324] INFO Eval Time Cost:               5.3151s
2025-04-30 02:46:42,702 asyncbase.py iterate [line:68] INFO Select clients [0, 1, 2, 3, 4, 5, 6, 7, 8, 9, 10, 11, 12, 13, 14, 15, 16, 17, 18, 19] at time 1329.
2025-04-30 02:47:00,331 asyncbase.py iterate [line:73] INFO Receive new models from clients [0, 18, 15, 11, 10, 12, 19, 2, 16, 4, 6, 13, 3, 17, 7, 14, 1, 5] at time 1335
2025-04-30 02:47:00,331 asyncbase.py iterate [line:73] INFO Receive new models from clients [8, 9] at time 1336
2025-04-30 02:47:00,371 fedbase.py run [line:318] INFO --------------Round 172--------------
2025-04-30 02:47:00,371 simple_logger.py log_once [line:14] INFO Current_time:1336
2025-04-30 02:47:05,678 simple_logger.py log_once [line:28] INFO test_accuracy                 0.8573
2025-04-30 02:47:05,678 simple_logger.py log_once [line:28] INFO test_loss                     0.5172
2025-04-30 02:47:05,678 simple_logger.py log_once [line:28] INFO val_accuracy                  0.8717
2025-04-30 02:47:05,678 simple_logger.py log_once [line:28] INFO mean_val_accuracy             0.8717
2025-04-30 02:47:05,678 simple_logger.py log_once [line:28] INFO std_val_accuracy              0.0164
2025-04-30 02:47:05,678 simple_logger.py log_once [line:28] INFO val_loss                      0.4480
2025-04-30 02:47:05,678 simple_logger.py log_once [line:28] INFO mean_val_loss                 0.4480
2025-04-30 02:47:05,678 simple_logger.py log_once [line:28] INFO std_val_loss                  0.0590
2025-04-30 02:47:05,678 fedbase.py run [line:323] INFO expense           17783030.0
2025-04-30 02:47:05,678 fedbase.py run [line:324] INFO Eval Time Cost:               5.3070s
2025-04-30 02:47:05,679 asyncbase.py iterate [line:68] INFO Select clients [0, 1, 2, 3, 4, 5, 6, 7, 8, 9, 10, 11, 12, 13, 14, 15, 16, 17, 18, 19] at time 1337.
2025-04-30 02:47:22,996 asyncbase.py iterate [line:73] INFO Receive new models from clients [10, 4, 2, 9, 13, 7, 0, 16, 5, 19, 15, 3, 12, 14, 1, 6, 18, 8] at time 1343
2025-04-30 02:47:22,996 asyncbase.py iterate [line:73] INFO Receive new models from clients [17, 11] at time 1344
2025-04-30 02:47:23,035 fedbase.py run [line:318] INFO --------------Round 173--------------
2025-04-30 02:47:23,035 simple_logger.py log_once [line:14] INFO Current_time:1344
2025-04-30 02:47:28,329 simple_logger.py log_once [line:28] INFO test_accuracy                 0.8569
2025-04-30 02:47:28,329 simple_logger.py log_once [line:28] INFO test_loss                     0.5164
2025-04-30 02:47:28,329 simple_logger.py log_once [line:28] INFO val_accuracy                  0.8714
2025-04-30 02:47:28,329 simple_logger.py log_once [line:28] INFO mean_val_accuracy             0.8714
2025-04-30 02:47:28,329 simple_logger.py log_once [line:28] INFO std_val_accuracy              0.0154
2025-04-30 02:47:28,329 simple_logger.py log_once [line:28] INFO val_loss                      0.4471
2025-04-30 02:47:28,329 simple_logger.py log_once [line:28] INFO mean_val_loss                 0.4471
2025-04-30 02:47:28,329 simple_logger.py log_once [line:28] INFO std_val_loss                  0.0594
2025-04-30 02:47:28,329 fedbase.py run [line:323] INFO expense           17817430.0
2025-04-30 02:47:28,329 fedbase.py run [line:324] INFO Eval Time Cost:               5.2939s
2025-04-30 02:47:28,329 asyncbase.py iterate [line:68] INFO Select clients [0, 1, 2, 3, 4, 5, 6, 7, 8, 9, 10, 11, 12, 13, 14, 15, 16, 17, 18, 19] at time 1345.
2025-04-30 02:47:45,431 asyncbase.py iterate [line:73] INFO Receive new models from clients [7, 18, 16, 10, 2, 19, 3, 11, 1, 12, 14, 13, 4, 0, 6, 15, 5] at time 1351
2025-04-30 02:47:45,431 asyncbase.py iterate [line:73] INFO Receive new models from clients [8, 17, 9] at time 1352
2025-04-30 02:47:45,471 fedbase.py run [line:318] INFO --------------Round 174--------------
2025-04-30 02:47:45,471 simple_logger.py log_once [line:14] INFO Current_time:1352
2025-04-30 02:47:50,819 simple_logger.py log_once [line:28] INFO test_accuracy                 0.8574
2025-04-30 02:47:50,820 simple_logger.py log_once [line:28] INFO test_loss                     0.5168
2025-04-30 02:47:50,820 simple_logger.py log_once [line:28] INFO val_accuracy                  0.8705
2025-04-30 02:47:50,820 simple_logger.py log_once [line:28] INFO mean_val_accuracy             0.8705
2025-04-30 02:47:50,820 simple_logger.py log_once [line:28] INFO std_val_accuracy              0.0165
2025-04-30 02:47:50,820 simple_logger.py log_once [line:28] INFO val_loss                      0.4471
2025-04-30 02:47:50,820 simple_logger.py log_once [line:28] INFO mean_val_loss                 0.4471
2025-04-30 02:47:50,820 simple_logger.py log_once [line:28] INFO std_val_loss                  0.0590
2025-04-30 02:47:50,820 fedbase.py run [line:323] INFO expense           17851830.0
2025-04-30 02:47:50,820 fedbase.py run [line:324] INFO Eval Time Cost:               5.3494s
2025-04-30 02:47:50,820 asyncbase.py iterate [line:68] INFO Select clients [0, 1, 2, 3, 4, 5, 6, 7, 8, 9, 10, 11, 12, 13, 14, 15, 16, 17, 18, 19] at time 1353.
2025-04-30 02:48:07,985 asyncbase.py iterate [line:73] INFO Receive new models from clients [15, 2, 9, 13, 14, 7, 1, 11, 0, 12, 16, 8, 5, 19, 3, 10] at time 1359
2025-04-30 02:48:07,985 asyncbase.py iterate [line:73] INFO Receive new models from clients [4, 18, 6, 17] at time 1360
2025-04-30 02:48:08,029 fedbase.py run [line:318] INFO --------------Round 175--------------
2025-04-30 02:48:08,029 simple_logger.py log_once [line:14] INFO Current_time:1360
2025-04-30 02:48:13,348 simple_logger.py log_once [line:28] INFO test_accuracy                 0.8565
2025-04-30 02:48:13,348 simple_logger.py log_once [line:28] INFO test_loss                     0.5160
2025-04-30 02:48:13,348 simple_logger.py log_once [line:28] INFO val_accuracy                  0.8706
2025-04-30 02:48:13,348 simple_logger.py log_once [line:28] INFO mean_val_accuracy             0.8706
2025-04-30 02:48:13,348 simple_logger.py log_once [line:28] INFO std_val_accuracy              0.0167
2025-04-30 02:48:13,348 simple_logger.py log_once [line:28] INFO val_loss                      0.4456
2025-04-30 02:48:13,348 simple_logger.py log_once [line:28] INFO mean_val_loss                 0.4456
2025-04-30 02:48:13,348 simple_logger.py log_once [line:28] INFO std_val_loss                  0.0591
2025-04-30 02:48:13,348 fedbase.py run [line:323] INFO expense           17886230.0
2025-04-30 02:48:13,349 fedbase.py run [line:324] INFO Eval Time Cost:               5.3196s
2025-04-30 02:48:13,349 asyncbase.py iterate [line:68] INFO Select clients [0, 1, 2, 3, 4, 5, 6, 7, 8, 9, 10, 11, 12, 13, 14, 15, 16, 17, 18, 19] at time 1361.
2025-04-30 02:48:30,851 asyncbase.py iterate [line:73] INFO Receive new models from clients [8, 3, 2, 13, 19, 14, 18, 5, 9, 15, 0, 17, 11, 16, 4, 7] at time 1367
2025-04-30 02:48:30,852 asyncbase.py iterate [line:73] INFO Receive new models from clients [1, 12, 6, 10] at time 1368
2025-04-30 02:48:30,893 fedbase.py run [line:318] INFO --------------Round 176--------------
2025-04-30 02:48:30,893 simple_logger.py log_once [line:14] INFO Current_time:1368
2025-04-30 02:48:36,200 simple_logger.py log_once [line:28] INFO test_accuracy                 0.8563
2025-04-30 02:48:36,201 simple_logger.py log_once [line:28] INFO test_loss                     0.5156
2025-04-30 02:48:36,201 simple_logger.py log_once [line:28] INFO val_accuracy                  0.8713
2025-04-30 02:48:36,201 simple_logger.py log_once [line:28] INFO mean_val_accuracy             0.8713
2025-04-30 02:48:36,201 simple_logger.py log_once [line:28] INFO std_val_accuracy              0.0175
2025-04-30 02:48:36,201 simple_logger.py log_once [line:28] INFO val_loss                      0.4455
2025-04-30 02:48:36,201 simple_logger.py log_once [line:28] INFO mean_val_loss                 0.4455
2025-04-30 02:48:36,201 simple_logger.py log_once [line:28] INFO std_val_loss                  0.0592
2025-04-30 02:48:36,201 fedbase.py run [line:323] INFO expense           17920630.0
2025-04-30 02:48:36,201 fedbase.py run [line:324] INFO Eval Time Cost:               5.3080s
2025-04-30 02:48:36,201 asyncbase.py iterate [line:68] INFO Select clients [0, 1, 2, 3, 4, 5, 6, 7, 8, 9, 10, 11, 12, 13, 14, 15, 16, 17, 18, 19] at time 1369.
2025-04-30 02:48:54,690 asyncbase.py iterate [line:73] INFO Receive new models from clients [2, 10, 14, 9, 3, 17, 5, 4, 11, 16, 19, 18, 0, 8, 7, 15, 6, 1, 12, 13] at time 1375
2025-04-30 02:48:54,746 fedbase.py run [line:318] INFO --------------Round 177--------------
2025-04-30 02:48:54,746 simple_logger.py log_once [line:14] INFO Current_time:1375
2025-04-30 02:49:00,305 simple_logger.py log_once [line:28] INFO test_accuracy                 0.8574
2025-04-30 02:49:00,306 simple_logger.py log_once [line:28] INFO test_loss                     0.5139
2025-04-30 02:49:00,306 simple_logger.py log_once [line:28] INFO val_accuracy                  0.8716
2025-04-30 02:49:00,306 simple_logger.py log_once [line:28] INFO mean_val_accuracy             0.8716
2025-04-30 02:49:00,306 simple_logger.py log_once [line:28] INFO std_val_accuracy              0.0164
2025-04-30 02:49:00,306 simple_logger.py log_once [line:28] INFO val_loss                      0.4452
2025-04-30 02:49:00,306 simple_logger.py log_once [line:28] INFO mean_val_loss                 0.4452
2025-04-30 02:49:00,306 simple_logger.py log_once [line:28] INFO std_val_loss                  0.0584
2025-04-30 02:49:00,306 fedbase.py run [line:323] INFO expense           17955030.0
2025-04-30 02:49:00,306 fedbase.py run [line:324] INFO Eval Time Cost:               5.5602s
2025-04-30 02:49:00,306 asyncbase.py iterate [line:68] INFO Select clients [0, 1, 2, 3, 4, 5, 6, 7, 8, 9, 10, 11, 12, 13, 14, 15, 16, 17, 18, 19] at time 1376.
2025-04-30 02:49:18,834 asyncbase.py iterate [line:73] INFO Receive new models from clients [6, 5, 17, 3, 10, 13, 11, 14, 1, 16, 8, 2, 12, 19, 15, 9, 4, 7, 18] at time 1382
2025-04-30 02:49:18,834 asyncbase.py iterate [line:73] INFO Receive new models from clients [0] at time 1383
2025-04-30 02:49:18,871 fedbase.py run [line:318] INFO --------------Round 178--------------
2025-04-30 02:49:18,872 simple_logger.py log_once [line:14] INFO Current_time:1383
2025-04-30 02:49:24,276 simple_logger.py log_once [line:28] INFO test_accuracy                 0.8573
2025-04-30 02:49:24,276 simple_logger.py log_once [line:28] INFO test_loss                     0.5138
2025-04-30 02:49:24,276 simple_logger.py log_once [line:28] INFO val_accuracy                  0.8727
2025-04-30 02:49:24,276 simple_logger.py log_once [line:28] INFO mean_val_accuracy             0.8727
2025-04-30 02:49:24,276 simple_logger.py log_once [line:28] INFO std_val_accuracy              0.0168
2025-04-30 02:49:24,276 simple_logger.py log_once [line:28] INFO val_loss                      0.4436
2025-04-30 02:49:24,276 simple_logger.py log_once [line:28] INFO mean_val_loss                 0.4436
2025-04-30 02:49:24,276 simple_logger.py log_once [line:28] INFO std_val_loss                  0.0589
2025-04-30 02:49:24,276 fedbase.py run [line:323] INFO expense           17989430.0
2025-04-30 02:49:24,277 fedbase.py run [line:324] INFO Eval Time Cost:               5.4049s
2025-04-30 02:49:24,277 asyncbase.py iterate [line:68] INFO Select clients [0, 1, 2, 3, 4, 5, 6, 7, 8, 9, 10, 11, 12, 13, 14, 15, 16, 17, 18, 19] at time 1384.
2025-04-30 02:49:41,697 asyncbase.py iterate [line:73] INFO Receive new models from clients [11, 8, 16, 17, 3, 0, 14, 2, 1, 6, 12, 19, 13, 4, 10, 18, 9, 7, 15, 5] at time 1390
2025-04-30 02:49:41,739 fedbase.py run [line:318] INFO --------------Round 179--------------
2025-04-30 02:49:41,739 simple_logger.py log_once [line:14] INFO Current_time:1390
2025-04-30 02:49:46,996 simple_logger.py log_once [line:28] INFO test_accuracy                 0.8576
2025-04-30 02:49:46,997 simple_logger.py log_once [line:28] INFO test_loss                     0.5119
2025-04-30 02:49:46,997 simple_logger.py log_once [line:28] INFO val_accuracy                  0.8723
2025-04-30 02:49:46,997 simple_logger.py log_once [line:28] INFO mean_val_accuracy             0.8723
2025-04-30 02:49:46,997 simple_logger.py log_once [line:28] INFO std_val_accuracy              0.0166
2025-04-30 02:49:46,997 simple_logger.py log_once [line:28] INFO val_loss                      0.4431
2025-04-30 02:49:46,997 simple_logger.py log_once [line:28] INFO mean_val_loss                 0.4431
2025-04-30 02:49:46,997 simple_logger.py log_once [line:28] INFO std_val_loss                  0.0592
2025-04-30 02:49:46,997 fedbase.py run [line:323] INFO expense           18023830.0
2025-04-30 02:49:46,997 fedbase.py run [line:324] INFO Eval Time Cost:               5.2578s
2025-04-30 02:49:46,997 asyncbase.py iterate [line:68] INFO Select clients [0, 1, 2, 3, 4, 5, 6, 7, 8, 9, 10, 11, 12, 13, 14, 15, 16, 17, 18, 19] at time 1391.
2025-04-30 02:50:04,204 asyncbase.py iterate [line:73] INFO Receive new models from clients [19, 17, 0, 9, 16, 12, 10, 7, 18, 6, 5, 2, 1, 8, 11, 3, 4, 15] at time 1397
2025-04-30 02:50:04,205 asyncbase.py iterate [line:73] INFO Receive new models from clients [14, 13] at time 1398
2025-04-30 02:50:04,245 fedbase.py run [line:318] INFO --------------Round 180--------------
2025-04-30 02:50:04,245 simple_logger.py log_once [line:14] INFO Current_time:1398
2025-04-30 02:50:09,510 simple_logger.py log_once [line:28] INFO test_accuracy                 0.8581
2025-04-30 02:50:09,510 simple_logger.py log_once [line:28] INFO test_loss                     0.5109
2025-04-30 02:50:09,510 simple_logger.py log_once [line:28] INFO val_accuracy                  0.8716
2025-04-30 02:50:09,510 simple_logger.py log_once [line:28] INFO mean_val_accuracy             0.8716
2025-04-30 02:50:09,510 simple_logger.py log_once [line:28] INFO std_val_accuracy              0.0174
2025-04-30 02:50:09,510 simple_logger.py log_once [line:28] INFO val_loss                      0.4430
2025-04-30 02:50:09,511 simple_logger.py log_once [line:28] INFO mean_val_loss                 0.4430
2025-04-30 02:50:09,511 simple_logger.py log_once [line:28] INFO std_val_loss                  0.0586
2025-04-30 02:50:09,511 fedbase.py run [line:323] INFO expense           18058230.0
2025-04-30 02:50:09,511 fedbase.py run [line:324] INFO Eval Time Cost:               5.2659s
2025-04-30 02:50:09,511 asyncbase.py iterate [line:68] INFO Select clients [0, 1, 2, 3, 4, 5, 6, 7, 8, 9, 10, 11, 12, 13, 14, 15, 16, 17, 18, 19] at time 1399.
2025-04-30 02:50:27,806 asyncbase.py iterate [line:73] INFO Receive new models from clients [3, 5, 15, 9, 8, 12, 6, 7, 2, 16, 0, 1, 17, 4, 18, 13, 14, 19, 11] at time 1405
2025-04-30 02:50:27,806 asyncbase.py iterate [line:73] INFO Receive new models from clients [10] at time 1406
2025-04-30 02:50:27,844 fedbase.py run [line:318] INFO --------------Round 181--------------
2025-04-30 02:50:27,844 simple_logger.py log_once [line:14] INFO Current_time:1406
2025-04-30 02:50:33,185 simple_logger.py log_once [line:28] INFO test_accuracy                 0.8583
2025-04-30 02:50:33,186 simple_logger.py log_once [line:28] INFO test_loss                     0.5103
2025-04-30 02:50:33,186 simple_logger.py log_once [line:28] INFO val_accuracy                  0.8714
2025-04-30 02:50:33,186 simple_logger.py log_once [line:28] INFO mean_val_accuracy             0.8714
2025-04-30 02:50:33,186 simple_logger.py log_once [line:28] INFO std_val_accuracy              0.0178
2025-04-30 02:50:33,186 simple_logger.py log_once [line:28] INFO val_loss                      0.4418
2025-04-30 02:50:33,186 simple_logger.py log_once [line:28] INFO mean_val_loss                 0.4418
2025-04-30 02:50:33,186 simple_logger.py log_once [line:28] INFO std_val_loss                  0.0586
2025-04-30 02:50:33,186 fedbase.py run [line:323] INFO expense           18092630.0
2025-04-30 02:50:33,186 fedbase.py run [line:324] INFO Eval Time Cost:               5.3422s
2025-04-30 02:50:33,186 asyncbase.py iterate [line:68] INFO Select clients [0, 1, 2, 3, 4, 5, 6, 7, 8, 9, 10, 11, 12, 13, 14, 15, 16, 17, 18, 19] at time 1407.
2025-04-30 02:50:50,550 asyncbase.py iterate [line:73] INFO Receive new models from clients [19, 14, 15, 5, 11, 3, 9, 2, 12, 0, 6, 13, 10, 7, 8, 1, 18, 16, 17, 4] at time 1413
2025-04-30 02:50:50,588 fedbase.py run [line:318] INFO --------------Round 182--------------
2025-04-30 02:50:50,588 simple_logger.py log_once [line:14] INFO Current_time:1413
2025-04-30 02:50:55,925 simple_logger.py log_once [line:28] INFO test_accuracy                 0.8596
2025-04-30 02:50:55,925 simple_logger.py log_once [line:28] INFO test_loss                     0.5096
2025-04-30 02:50:55,925 simple_logger.py log_once [line:28] INFO val_accuracy                  0.8735
2025-04-30 02:50:55,925 simple_logger.py log_once [line:28] INFO mean_val_accuracy             0.8735
2025-04-30 02:50:55,925 simple_logger.py log_once [line:28] INFO std_val_accuracy              0.0167
2025-04-30 02:50:55,925 simple_logger.py log_once [line:28] INFO val_loss                      0.4406
2025-04-30 02:50:55,925 simple_logger.py log_once [line:28] INFO mean_val_loss                 0.4406
2025-04-30 02:50:55,925 simple_logger.py log_once [line:28] INFO std_val_loss                  0.0589
2025-04-30 02:50:55,925 fedbase.py run [line:323] INFO expense           18127030.0
2025-04-30 02:50:55,925 fedbase.py run [line:324] INFO Eval Time Cost:               5.3367s
2025-04-30 02:50:55,925 asyncbase.py iterate [line:68] INFO Select clients [0, 1, 2, 3, 4, 5, 6, 7, 8, 9, 10, 11, 12, 13, 14, 15, 16, 17, 18, 19] at time 1414.
2025-04-30 02:51:13,858 asyncbase.py iterate [line:73] INFO Receive new models from clients [6, 19, 14, 11, 5, 9, 18, 0, 1, 16, 10, 13, 2, 4, 3, 15, 17, 7, 12] at time 1420
2025-04-30 02:51:13,859 asyncbase.py iterate [line:73] INFO Receive new models from clients [8] at time 1421
2025-04-30 02:51:13,898 fedbase.py run [line:318] INFO --------------Round 183--------------
2025-04-30 02:51:13,898 simple_logger.py log_once [line:14] INFO Current_time:1421
2025-04-30 02:51:19,202 simple_logger.py log_once [line:28] INFO test_accuracy                 0.8591
2025-04-30 02:51:19,202 simple_logger.py log_once [line:28] INFO test_loss                     0.5081
2025-04-30 02:51:19,202 simple_logger.py log_once [line:28] INFO val_accuracy                  0.8721
2025-04-30 02:51:19,202 simple_logger.py log_once [line:28] INFO mean_val_accuracy             0.8721
2025-04-30 02:51:19,202 simple_logger.py log_once [line:28] INFO std_val_accuracy              0.0162
2025-04-30 02:51:19,202 simple_logger.py log_once [line:28] INFO val_loss                      0.4395
2025-04-30 02:51:19,202 simple_logger.py log_once [line:28] INFO mean_val_loss                 0.4395
2025-04-30 02:51:19,202 simple_logger.py log_once [line:28] INFO std_val_loss                  0.0580
2025-04-30 02:51:19,202 fedbase.py run [line:323] INFO expense           18161430.0
2025-04-30 02:51:19,203 fedbase.py run [line:324] INFO Eval Time Cost:               5.3042s
2025-04-30 02:51:19,203 asyncbase.py iterate [line:68] INFO Select clients [0, 1, 2, 3, 4, 5, 6, 7, 8, 9, 10, 11, 12, 13, 14, 15, 16, 17, 18, 19] at time 1422.
2025-04-30 02:51:37,445 asyncbase.py iterate [line:73] INFO Receive new models from clients [19, 5, 15, 9, 13, 2, 11, 16, 6, 17, 7, 8, 3, 18, 0, 14, 12, 4, 1] at time 1428
2025-04-30 02:51:37,445 asyncbase.py iterate [line:73] INFO Receive new models from clients [10] at time 1429
2025-04-30 02:51:37,484 fedbase.py run [line:318] INFO --------------Round 184--------------
2025-04-30 02:51:37,484 simple_logger.py log_once [line:14] INFO Current_time:1429
2025-04-30 02:51:42,775 simple_logger.py log_once [line:28] INFO test_accuracy                 0.8589
2025-04-30 02:51:42,775 simple_logger.py log_once [line:28] INFO test_loss                     0.5094
2025-04-30 02:51:42,775 simple_logger.py log_once [line:28] INFO val_accuracy                  0.8743
2025-04-30 02:51:42,775 simple_logger.py log_once [line:28] INFO mean_val_accuracy             0.8743
2025-04-30 02:51:42,775 simple_logger.py log_once [line:28] INFO std_val_accuracy              0.0172
2025-04-30 02:51:42,775 simple_logger.py log_once [line:28] INFO val_loss                      0.4396
2025-04-30 02:51:42,775 simple_logger.py log_once [line:28] INFO mean_val_loss                 0.4396
2025-04-30 02:51:42,775 simple_logger.py log_once [line:28] INFO std_val_loss                  0.0591
2025-04-30 02:51:42,775 fedbase.py run [line:323] INFO expense           18195830.0
2025-04-30 02:51:42,775 fedbase.py run [line:324] INFO Eval Time Cost:               5.2909s
2025-04-30 02:51:42,775 asyncbase.py iterate [line:68] INFO Select clients [0, 1, 2, 3, 4, 5, 6, 7, 8, 9, 10, 11, 12, 13, 14, 15, 16, 17, 18, 19] at time 1430.
2025-04-30 02:52:00,421 asyncbase.py iterate [line:73] INFO Receive new models from clients [0, 11, 12, 3, 7, 13, 14, 18, 16, 5, 1, 6, 15, 17, 2, 10, 4] at time 1436
2025-04-30 02:52:00,421 asyncbase.py iterate [line:73] INFO Receive new models from clients [19, 9, 8] at time 1437
2025-04-30 02:52:00,462 fedbase.py run [line:318] INFO --------------Round 185--------------
2025-04-30 02:52:00,462 simple_logger.py log_once [line:14] INFO Current_time:1437
2025-04-30 02:52:05,773 simple_logger.py log_once [line:28] INFO test_accuracy                 0.8600
2025-04-30 02:52:05,773 simple_logger.py log_once [line:28] INFO test_loss                     0.5067
2025-04-30 02:52:05,773 simple_logger.py log_once [line:28] INFO val_accuracy                  0.8732
2025-04-30 02:52:05,773 simple_logger.py log_once [line:28] INFO mean_val_accuracy             0.8732
2025-04-30 02:52:05,773 simple_logger.py log_once [line:28] INFO std_val_accuracy              0.0172
2025-04-30 02:52:05,773 simple_logger.py log_once [line:28] INFO val_loss                      0.4391
2025-04-30 02:52:05,773 simple_logger.py log_once [line:28] INFO mean_val_loss                 0.4391
2025-04-30 02:52:05,773 simple_logger.py log_once [line:28] INFO std_val_loss                  0.0579
2025-04-30 02:52:05,773 fedbase.py run [line:323] INFO expense           18230230.0
2025-04-30 02:52:05,773 fedbase.py run [line:324] INFO Eval Time Cost:               5.3113s
2025-04-30 02:52:05,774 asyncbase.py iterate [line:68] INFO Select clients [0, 1, 2, 3, 4, 5, 6, 7, 8, 9, 10, 11, 12, 13, 14, 15, 16, 17, 18, 19] at time 1438.
2025-04-30 02:52:23,160 asyncbase.py iterate [line:73] INFO Receive new models from clients [8, 10, 7, 18, 9, 14, 13, 2, 12, 15, 16, 17, 0, 11, 5, 1] at time 1444
2025-04-30 02:52:23,160 asyncbase.py iterate [line:73] INFO Receive new models from clients [19, 6, 3, 4] at time 1445
2025-04-30 02:52:23,200 fedbase.py run [line:318] INFO --------------Round 186--------------
2025-04-30 02:52:23,201 simple_logger.py log_once [line:14] INFO Current_time:1445
2025-04-30 02:52:28,530 simple_logger.py log_once [line:28] INFO test_accuracy                 0.8598
2025-04-30 02:52:28,530 simple_logger.py log_once [line:28] INFO test_loss                     0.5045
2025-04-30 02:52:28,530 simple_logger.py log_once [line:28] INFO val_accuracy                  0.8721
2025-04-30 02:52:28,530 simple_logger.py log_once [line:28] INFO mean_val_accuracy             0.8721
2025-04-30 02:52:28,530 simple_logger.py log_once [line:28] INFO std_val_accuracy              0.0161
2025-04-30 02:52:28,530 simple_logger.py log_once [line:28] INFO val_loss                      0.4378
2025-04-30 02:52:28,530 simple_logger.py log_once [line:28] INFO mean_val_loss                 0.4378
2025-04-30 02:52:28,530 simple_logger.py log_once [line:28] INFO std_val_loss                  0.0572
2025-04-30 02:52:28,530 fedbase.py run [line:323] INFO expense           18264630.0
2025-04-30 02:52:28,530 fedbase.py run [line:324] INFO Eval Time Cost:               5.3298s
2025-04-30 02:52:28,531 asyncbase.py iterate [line:68] INFO Select clients [0, 1, 2, 3, 4, 5, 6, 7, 8, 9, 10, 11, 12, 13, 14, 15, 16, 17, 18, 19] at time 1446.
2025-04-30 02:52:45,231 asyncbase.py iterate [line:73] INFO Receive new models from clients [12, 19, 14, 4, 0, 2, 16, 3, 5, 17, 10, 6, 8, 1, 13, 11, 7, 18] at time 1452
2025-04-30 02:52:45,231 asyncbase.py iterate [line:73] INFO Receive new models from clients [9, 15] at time 1453
2025-04-30 02:52:45,269 fedbase.py run [line:318] INFO --------------Round 187--------------
2025-04-30 02:52:45,269 simple_logger.py log_once [line:14] INFO Current_time:1453
2025-04-30 02:52:50,554 simple_logger.py log_once [line:28] INFO test_accuracy                 0.8607
2025-04-30 02:52:50,554 simple_logger.py log_once [line:28] INFO test_loss                     0.5037
2025-04-30 02:52:50,554 simple_logger.py log_once [line:28] INFO val_accuracy                  0.8746
2025-04-30 02:52:50,554 simple_logger.py log_once [line:28] INFO mean_val_accuracy             0.8746
2025-04-30 02:52:50,554 simple_logger.py log_once [line:28] INFO std_val_accuracy              0.0162
2025-04-30 02:52:50,554 simple_logger.py log_once [line:28] INFO val_loss                      0.4361
2025-04-30 02:52:50,554 simple_logger.py log_once [line:28] INFO mean_val_loss                 0.4361
2025-04-30 02:52:50,554 simple_logger.py log_once [line:28] INFO std_val_loss                  0.0578
2025-04-30 02:52:50,554 fedbase.py run [line:323] INFO expense           18299030.0
2025-04-30 02:52:50,554 fedbase.py run [line:324] INFO Eval Time Cost:               5.2856s
2025-04-30 02:52:50,555 asyncbase.py iterate [line:68] INFO Select clients [0, 1, 2, 3, 4, 5, 6, 7, 8, 9, 10, 11, 12, 13, 14, 15, 16, 17, 18, 19] at time 1454.
2025-04-30 02:53:07,229 asyncbase.py iterate [line:73] INFO Receive new models from clients [2, 9, 10, 5, 15, 19, 6, 4, 11, 1, 0, 14, 17, 3, 7, 12] at time 1460
2025-04-30 02:53:07,229 asyncbase.py iterate [line:73] INFO Receive new models from clients [16, 13, 18, 8] at time 1461
2025-04-30 02:53:07,266 fedbase.py run [line:318] INFO --------------Round 188--------------
2025-04-30 02:53:07,266 simple_logger.py log_once [line:14] INFO Current_time:1461
2025-04-30 02:53:12,572 simple_logger.py log_once [line:28] INFO test_accuracy                 0.8604
2025-04-30 02:53:12,572 simple_logger.py log_once [line:28] INFO test_loss                     0.5035
2025-04-30 02:53:12,572 simple_logger.py log_once [line:28] INFO val_accuracy                  0.8745
2025-04-30 02:53:12,572 simple_logger.py log_once [line:28] INFO mean_val_accuracy             0.8745
2025-04-30 02:53:12,572 simple_logger.py log_once [line:28] INFO std_val_accuracy              0.0178
2025-04-30 02:53:12,572 simple_logger.py log_once [line:28] INFO val_loss                      0.4361
2025-04-30 02:53:12,572 simple_logger.py log_once [line:28] INFO mean_val_loss                 0.4361
2025-04-30 02:53:12,572 simple_logger.py log_once [line:28] INFO std_val_loss                  0.0581
2025-04-30 02:53:12,572 fedbase.py run [line:323] INFO expense           18333430.0
2025-04-30 02:53:12,572 fedbase.py run [line:324] INFO Eval Time Cost:               5.3059s
2025-04-30 02:53:12,572 asyncbase.py iterate [line:68] INFO Select clients [0, 1, 2, 3, 4, 5, 6, 7, 8, 9, 10, 11, 12, 13, 14, 15, 16, 17, 18, 19] at time 1462.
2025-04-30 02:53:29,486 asyncbase.py iterate [line:73] INFO Receive new models from clients [12, 1, 13, 18, 11, 4, 6, 0, 9, 7, 19, 17, 3, 14, 16, 10, 2, 15] at time 1468
2025-04-30 02:53:29,486 asyncbase.py iterate [line:73] INFO Receive new models from clients [5, 8] at time 1469
2025-04-30 02:53:29,540 fedbase.py run [line:318] INFO --------------Round 189--------------
2025-04-30 02:53:29,540 simple_logger.py log_once [line:14] INFO Current_time:1469
2025-04-30 02:53:35,444 simple_logger.py log_once [line:28] INFO test_accuracy                 0.8602
2025-04-30 02:53:35,444 simple_logger.py log_once [line:28] INFO test_loss                     0.5043
2025-04-30 02:53:35,444 simple_logger.py log_once [line:28] INFO val_accuracy                  0.8747
2025-04-30 02:53:35,444 simple_logger.py log_once [line:28] INFO mean_val_accuracy             0.8747
2025-04-30 02:53:35,444 simple_logger.py log_once [line:28] INFO std_val_accuracy              0.0166
2025-04-30 02:53:35,444 simple_logger.py log_once [line:28] INFO val_loss                      0.4356
2025-04-30 02:53:35,444 simple_logger.py log_once [line:28] INFO mean_val_loss                 0.4356
2025-04-30 02:53:35,444 simple_logger.py log_once [line:28] INFO std_val_loss                  0.0579
2025-04-30 02:53:35,444 fedbase.py run [line:323] INFO expense           18367830.0
2025-04-30 02:53:35,444 fedbase.py run [line:324] INFO Eval Time Cost:               5.9039s
2025-04-30 02:53:35,444 asyncbase.py iterate [line:68] INFO Select clients [0, 1, 2, 3, 4, 5, 6, 7, 8, 9, 10, 11, 12, 13, 14, 15, 16, 17, 18, 19] at time 1470.
2025-04-30 02:53:53,128 asyncbase.py iterate [line:73] INFO Receive new models from clients [9, 13, 2, 0, 4, 14, 10, 16, 17, 8, 18, 6, 7, 15, 11, 1, 3, 5, 12] at time 1476
2025-04-30 02:53:53,128 asyncbase.py iterate [line:73] INFO Receive new models from clients [19] at time 1477
2025-04-30 02:53:53,166 fedbase.py run [line:318] INFO --------------Round 190--------------
2025-04-30 02:53:53,166 simple_logger.py log_once [line:14] INFO Current_time:1477
2025-04-30 02:53:58,492 simple_logger.py log_once [line:28] INFO test_accuracy                 0.8608
2025-04-30 02:53:58,492 simple_logger.py log_once [line:28] INFO test_loss                     0.5037
2025-04-30 02:53:58,492 simple_logger.py log_once [line:28] INFO val_accuracy                  0.8735
2025-04-30 02:53:58,492 simple_logger.py log_once [line:28] INFO mean_val_accuracy             0.8735
2025-04-30 02:53:58,492 simple_logger.py log_once [line:28] INFO std_val_accuracy              0.0165
2025-04-30 02:53:58,492 simple_logger.py log_once [line:28] INFO val_loss                      0.4355
2025-04-30 02:53:58,492 simple_logger.py log_once [line:28] INFO mean_val_loss                 0.4355
2025-04-30 02:53:58,492 simple_logger.py log_once [line:28] INFO std_val_loss                  0.0581
2025-04-30 02:53:58,492 fedbase.py run [line:323] INFO expense           18402230.0
2025-04-30 02:53:58,492 fedbase.py run [line:324] INFO Eval Time Cost:               5.3261s
2025-04-30 02:53:58,493 asyncbase.py iterate [line:68] INFO Select clients [0, 1, 2, 3, 4, 5, 6, 7, 8, 9, 10, 11, 12, 13, 14, 15, 16, 17, 18, 19] at time 1478.
2025-04-30 02:54:17,014 asyncbase.py iterate [line:73] INFO Receive new models from clients [16, 2, 15, 8, 18, 3, 6, 9, 5, 0, 13, 11, 17, 1, 7, 4, 14] at time 1484
2025-04-30 02:54:17,014 asyncbase.py iterate [line:73] INFO Receive new models from clients [10, 12, 19] at time 1485
2025-04-30 02:54:17,072 fedbase.py run [line:318] INFO --------------Round 191--------------
2025-04-30 02:54:17,072 simple_logger.py log_once [line:14] INFO Current_time:1485
2025-04-30 02:54:23,051 simple_logger.py log_once [line:28] INFO test_accuracy                 0.8612
2025-04-30 02:54:23,051 simple_logger.py log_once [line:28] INFO test_loss                     0.5020
2025-04-30 02:54:23,051 simple_logger.py log_once [line:28] INFO val_accuracy                  0.8758
2025-04-30 02:54:23,051 simple_logger.py log_once [line:28] INFO mean_val_accuracy             0.8758
2025-04-30 02:54:23,051 simple_logger.py log_once [line:28] INFO std_val_accuracy              0.0164
2025-04-30 02:54:23,051 simple_logger.py log_once [line:28] INFO val_loss                      0.4333
2025-04-30 02:54:23,051 simple_logger.py log_once [line:28] INFO mean_val_loss                 0.4333
2025-04-30 02:54:23,051 simple_logger.py log_once [line:28] INFO std_val_loss                  0.0577
2025-04-30 02:54:23,051 fedbase.py run [line:323] INFO expense           18436630.0
2025-04-30 02:54:23,051 fedbase.py run [line:324] INFO Eval Time Cost:               5.9793s
2025-04-30 02:54:23,051 asyncbase.py iterate [line:68] INFO Select clients [0, 1, 2, 3, 4, 5, 6, 7, 8, 9, 10, 11, 12, 13, 14, 15, 16, 17, 18, 19] at time 1486.
2025-04-30 02:54:40,108 asyncbase.py iterate [line:73] INFO Receive new models from clients [19, 1, 5, 10, 8, 7, 0, 13, 3, 9, 6, 4, 15, 2, 14] at time 1492
2025-04-30 02:54:40,108 asyncbase.py iterate [line:73] INFO Receive new models from clients [18, 12, 11, 16, 17] at time 1493
2025-04-30 02:54:40,150 fedbase.py run [line:318] INFO --------------Round 192--------------
2025-04-30 02:54:40,150 simple_logger.py log_once [line:14] INFO Current_time:1493
2025-04-30 02:54:45,420 simple_logger.py log_once [line:28] INFO test_accuracy                 0.8603
2025-04-30 02:54:45,420 simple_logger.py log_once [line:28] INFO test_loss                     0.5036
2025-04-30 02:54:45,420 simple_logger.py log_once [line:28] INFO val_accuracy                  0.8740
2025-04-30 02:54:45,420 simple_logger.py log_once [line:28] INFO mean_val_accuracy             0.8740
2025-04-30 02:54:45,420 simple_logger.py log_once [line:28] INFO std_val_accuracy              0.0180
2025-04-30 02:54:45,420 simple_logger.py log_once [line:28] INFO val_loss                      0.4337
2025-04-30 02:54:45,421 simple_logger.py log_once [line:28] INFO mean_val_loss                 0.4337
2025-04-30 02:54:45,421 simple_logger.py log_once [line:28] INFO std_val_loss                  0.0581
2025-04-30 02:54:45,421 fedbase.py run [line:323] INFO expense           18471030.0
2025-04-30 02:54:45,421 fedbase.py run [line:324] INFO Eval Time Cost:               5.2710s
2025-04-30 02:54:45,421 asyncbase.py iterate [line:68] INFO Select clients [0, 1, 2, 3, 4, 5, 6, 7, 8, 9, 10, 11, 12, 13, 14, 15, 16, 17, 18, 19] at time 1494.
2025-04-30 02:55:02,588 asyncbase.py iterate [line:73] INFO Receive new models from clients [12, 4, 16, 9, 0, 2, 13, 19, 6, 11, 14, 1, 8, 17, 15] at time 1500
2025-04-30 02:55:02,588 asyncbase.py iterate [line:73] INFO Receive new models from clients [5, 3, 7, 18, 10] at time 1501
2025-04-30 02:55:02,628 fedbase.py run [line:318] INFO --------------Round 193--------------
2025-04-30 02:55:02,628 simple_logger.py log_once [line:14] INFO Current_time:1501
2025-04-30 02:55:07,884 simple_logger.py log_once [line:28] INFO test_accuracy                 0.8599
2025-04-30 02:55:07,884 simple_logger.py log_once [line:28] INFO test_loss                     0.5030
2025-04-30 02:55:07,884 simple_logger.py log_once [line:28] INFO val_accuracy                  0.8751
2025-04-30 02:55:07,884 simple_logger.py log_once [line:28] INFO mean_val_accuracy             0.8751
2025-04-30 02:55:07,884 simple_logger.py log_once [line:28] INFO std_val_accuracy              0.0177
2025-04-30 02:55:07,884 simple_logger.py log_once [line:28] INFO val_loss                      0.4329
2025-04-30 02:55:07,884 simple_logger.py log_once [line:28] INFO mean_val_loss                 0.4329
2025-04-30 02:55:07,884 simple_logger.py log_once [line:28] INFO std_val_loss                  0.0580
2025-04-30 02:55:07,884 fedbase.py run [line:323] INFO expense           18505430.0
2025-04-30 02:55:07,884 fedbase.py run [line:324] INFO Eval Time Cost:               5.2561s
2025-04-30 02:55:07,885 asyncbase.py iterate [line:68] INFO Select clients [0, 1, 2, 3, 4, 5, 6, 7, 8, 9, 10, 11, 12, 13, 14, 15, 16, 17, 18, 19] at time 1502.
2025-04-30 02:55:25,840 asyncbase.py iterate [line:73] INFO Receive new models from clients [0, 4, 5, 14, 19, 9, 15, 3, 2, 17, 6, 11, 16, 7, 1, 12, 13, 10] at time 1508
2025-04-30 02:55:25,840 asyncbase.py iterate [line:73] INFO Receive new models from clients [8, 18] at time 1509
2025-04-30 02:55:25,881 fedbase.py run [line:318] INFO --------------Round 194--------------
2025-04-30 02:55:25,881 simple_logger.py log_once [line:14] INFO Current_time:1509
2025-04-30 02:55:31,194 simple_logger.py log_once [line:28] INFO test_accuracy                 0.8607
2025-04-30 02:55:31,194 simple_logger.py log_once [line:28] INFO test_loss                     0.5040
2025-04-30 02:55:31,194 simple_logger.py log_once [line:28] INFO val_accuracy                  0.8750
2025-04-30 02:55:31,194 simple_logger.py log_once [line:28] INFO mean_val_accuracy             0.8750
2025-04-30 02:55:31,194 simple_logger.py log_once [line:28] INFO std_val_accuracy              0.0179
2025-04-30 02:55:31,194 simple_logger.py log_once [line:28] INFO val_loss                      0.4330
2025-04-30 02:55:31,194 simple_logger.py log_once [line:28] INFO mean_val_loss                 0.4330
2025-04-30 02:55:31,194 simple_logger.py log_once [line:28] INFO std_val_loss                  0.0585
2025-04-30 02:55:31,194 fedbase.py run [line:323] INFO expense           18539830.0
2025-04-30 02:55:31,194 fedbase.py run [line:324] INFO Eval Time Cost:               5.3134s
2025-04-30 02:55:31,194 asyncbase.py iterate [line:68] INFO Select clients [0, 1, 2, 3, 4, 5, 6, 7, 8, 9, 10, 11, 12, 13, 14, 15, 16, 17, 18, 19] at time 1510.
2025-04-30 02:55:49,565 asyncbase.py iterate [line:73] INFO Receive new models from clients [0, 3, 4, 19, 13, 1, 17, 6, 5, 15, 8, 2, 7, 10, 16, 14, 18, 9] at time 1516
2025-04-30 02:55:49,565 asyncbase.py iterate [line:73] INFO Receive new models from clients [11, 12] at time 1517
2025-04-30 02:55:49,607 fedbase.py run [line:318] INFO --------------Round 195--------------
2025-04-30 02:55:49,607 simple_logger.py log_once [line:14] INFO Current_time:1517
2025-04-30 02:55:54,898 simple_logger.py log_once [line:28] INFO test_accuracy                 0.8613
2025-04-30 02:55:54,898 simple_logger.py log_once [line:28] INFO test_loss                     0.5006
2025-04-30 02:55:54,898 simple_logger.py log_once [line:28] INFO val_accuracy                  0.8750
2025-04-30 02:55:54,898 simple_logger.py log_once [line:28] INFO mean_val_accuracy             0.8750
2025-04-30 02:55:54,898 simple_logger.py log_once [line:28] INFO std_val_accuracy              0.0178
2025-04-30 02:55:54,898 simple_logger.py log_once [line:28] INFO val_loss                      0.4313
2025-04-30 02:55:54,898 simple_logger.py log_once [line:28] INFO mean_val_loss                 0.4313
2025-04-30 02:55:54,898 simple_logger.py log_once [line:28] INFO std_val_loss                  0.0576
2025-04-30 02:55:54,898 fedbase.py run [line:323] INFO expense           18574230.0
2025-04-30 02:55:54,898 fedbase.py run [line:324] INFO Eval Time Cost:               5.2908s
2025-04-30 02:55:54,898 asyncbase.py iterate [line:68] INFO Select clients [0, 1, 2, 3, 4, 5, 6, 7, 8, 9, 10, 11, 12, 13, 14, 15, 16, 17, 18, 19] at time 1518.
2025-04-30 02:56:11,664 asyncbase.py iterate [line:73] INFO Receive new models from clients [16, 18, 6, 13, 19, 5, 12, 17, 10, 11, 15, 8, 0, 9, 4, 7, 2] at time 1524
2025-04-30 02:56:11,664 asyncbase.py iterate [line:73] INFO Receive new models from clients [1, 3, 14] at time 1525
2025-04-30 02:56:11,704 fedbase.py run [line:318] INFO --------------Round 196--------------
2025-04-30 02:56:11,704 simple_logger.py log_once [line:14] INFO Current_time:1525
2025-04-30 02:56:16,999 simple_logger.py log_once [line:28] INFO test_accuracy                 0.8616
2025-04-30 02:56:16,999 simple_logger.py log_once [line:28] INFO test_loss                     0.4998
2025-04-30 02:56:17,000 simple_logger.py log_once [line:28] INFO val_accuracy                  0.8762
2025-04-30 02:56:17,000 simple_logger.py log_once [line:28] INFO mean_val_accuracy             0.8762
2025-04-30 02:56:17,000 simple_logger.py log_once [line:28] INFO std_val_accuracy              0.0178
2025-04-30 02:56:17,000 simple_logger.py log_once [line:28] INFO val_loss                      0.4306
2025-04-30 02:56:17,000 simple_logger.py log_once [line:28] INFO mean_val_loss                 0.4306
2025-04-30 02:56:17,000 simple_logger.py log_once [line:28] INFO std_val_loss                  0.0580
2025-04-30 02:56:17,000 fedbase.py run [line:323] INFO expense           18608630.0
2025-04-30 02:56:17,000 fedbase.py run [line:324] INFO Eval Time Cost:               5.2956s
2025-04-30 02:56:17,000 asyncbase.py iterate [line:68] INFO Select clients [0, 1, 2, 3, 4, 5, 6, 7, 8, 9, 10, 11, 12, 13, 14, 15, 16, 17, 18, 19] at time 1526.
2025-04-30 02:56:34,675 asyncbase.py iterate [line:73] INFO Receive new models from clients [6, 17, 15, 5, 3, 8, 1, 10, 4, 11, 13, 14, 0, 2] at time 1532
2025-04-30 02:56:34,676 asyncbase.py iterate [line:73] INFO Receive new models from clients [9, 16, 18, 19, 12, 7] at time 1533
2025-04-30 02:56:34,715 fedbase.py run [line:318] INFO --------------Round 197--------------
2025-04-30 02:56:34,715 simple_logger.py log_once [line:14] INFO Current_time:1533
2025-04-30 02:56:40,055 simple_logger.py log_once [line:28] INFO test_accuracy                 0.8613
2025-04-30 02:56:40,055 simple_logger.py log_once [line:28] INFO test_loss                     0.4991
2025-04-30 02:56:40,055 simple_logger.py log_once [line:28] INFO val_accuracy                  0.8757
2025-04-30 02:56:40,055 simple_logger.py log_once [line:28] INFO mean_val_accuracy             0.8757
2025-04-30 02:56:40,055 simple_logger.py log_once [line:28] INFO std_val_accuracy              0.0166
2025-04-30 02:56:40,055 simple_logger.py log_once [line:28] INFO val_loss                      0.4305
2025-04-30 02:56:40,055 simple_logger.py log_once [line:28] INFO mean_val_loss                 0.4305
2025-04-30 02:56:40,055 simple_logger.py log_once [line:28] INFO std_val_loss                  0.0583
2025-04-30 02:56:40,055 fedbase.py run [line:323] INFO expense           18643030.0
2025-04-30 02:56:40,055 fedbase.py run [line:324] INFO Eval Time Cost:               5.3405s
2025-04-30 02:56:40,055 asyncbase.py iterate [line:68] INFO Select clients [0, 1, 2, 3, 4, 5, 6, 7, 8, 9, 10, 11, 12, 13, 14, 15, 16, 17, 18, 19] at time 1534.
2025-04-30 02:56:57,174 asyncbase.py iterate [line:73] INFO Receive new models from clients [1, 14, 0, 10, 12, 9, 5, 3, 16, 13, 15, 4, 2, 7, 6, 17] at time 1540
2025-04-30 02:56:57,175 asyncbase.py iterate [line:73] INFO Receive new models from clients [19, 18, 8, 11] at time 1541
2025-04-30 02:56:57,213 fedbase.py run [line:318] INFO --------------Round 198--------------
2025-04-30 02:56:57,213 simple_logger.py log_once [line:14] INFO Current_time:1541
2025-04-30 02:57:02,509 simple_logger.py log_once [line:28] INFO test_accuracy                 0.8602
2025-04-30 02:57:02,510 simple_logger.py log_once [line:28] INFO test_loss                     0.5013
2025-04-30 02:57:02,510 simple_logger.py log_once [line:28] INFO val_accuracy                  0.8749
2025-04-30 02:57:02,510 simple_logger.py log_once [line:28] INFO mean_val_accuracy             0.8749
2025-04-30 02:57:02,510 simple_logger.py log_once [line:28] INFO std_val_accuracy              0.0185
2025-04-30 02:57:02,510 simple_logger.py log_once [line:28] INFO val_loss                      0.4315
2025-04-30 02:57:02,510 simple_logger.py log_once [line:28] INFO mean_val_loss                 0.4315
2025-04-30 02:57:02,510 simple_logger.py log_once [line:28] INFO std_val_loss                  0.0576
2025-04-30 02:57:02,510 fedbase.py run [line:323] INFO expense           18677430.0
2025-04-30 02:57:02,510 fedbase.py run [line:324] INFO Eval Time Cost:               5.2973s
2025-04-30 02:57:02,510 asyncbase.py iterate [line:68] INFO Select clients [0, 1, 2, 3, 4, 5, 6, 7, 8, 9, 10, 11, 12, 13, 14, 15, 16, 17, 18, 19] at time 1542.
2025-04-30 02:57:20,195 asyncbase.py iterate [line:73] INFO Receive new models from clients [14, 13, 10, 7, 19, 17, 0, 4, 1, 11, 5, 2, 12, 16, 15, 8, 9, 3, 6] at time 1548
2025-04-30 02:57:20,195 asyncbase.py iterate [line:73] INFO Receive new models from clients [18] at time 1549
2025-04-30 02:57:20,239 fedbase.py run [line:318] INFO --------------Round 199--------------
2025-04-30 02:57:20,239 simple_logger.py log_once [line:14] INFO Current_time:1549
2025-04-30 02:57:25,563 simple_logger.py log_once [line:28] INFO test_accuracy                 0.8612
2025-04-30 02:57:25,564 simple_logger.py log_once [line:28] INFO test_loss                     0.4999
2025-04-30 02:57:25,564 simple_logger.py log_once [line:28] INFO val_accuracy                  0.8750
2025-04-30 02:57:25,564 simple_logger.py log_once [line:28] INFO mean_val_accuracy             0.8750
2025-04-30 02:57:25,564 simple_logger.py log_once [line:28] INFO std_val_accuracy              0.0177
2025-04-30 02:57:25,564 simple_logger.py log_once [line:28] INFO val_loss                      0.4294
2025-04-30 02:57:25,564 simple_logger.py log_once [line:28] INFO mean_val_loss                 0.4294
2025-04-30 02:57:25,564 simple_logger.py log_once [line:28] INFO std_val_loss                  0.0586
2025-04-30 02:57:25,564 fedbase.py run [line:323] INFO expense           18711830.0
2025-04-30 02:57:25,564 fedbase.py run [line:324] INFO Eval Time Cost:               5.3249s
2025-04-30 02:57:25,564 asyncbase.py iterate [line:68] INFO Select clients [0, 1, 2, 3, 4, 5, 6, 7, 8, 9, 10, 11, 12, 13, 14, 15, 16, 17, 18, 19] at time 1550.
2025-04-30 02:57:42,729 asyncbase.py iterate [line:73] INFO Receive new models from clients [15, 3, 5, 8, 2, 1, 11, 10, 4, 13, 17, 9, 19, 6, 14, 16, 18] at time 1556
2025-04-30 02:57:42,729 asyncbase.py iterate [line:73] INFO Receive new models from clients [7, 0, 12] at time 1557
2025-04-30 02:57:42,772 fedbase.py run [line:318] INFO --------------Round 200--------------
2025-04-30 02:57:42,772 simple_logger.py log_once [line:14] INFO Current_time:1557
2025-04-30 02:57:48,006 simple_logger.py log_once [line:28] INFO test_accuracy                 0.8617
2025-04-30 02:57:48,006 simple_logger.py log_once [line:28] INFO test_loss                     0.4981
2025-04-30 02:57:48,006 simple_logger.py log_once [line:28] INFO val_accuracy                  0.8751
2025-04-30 02:57:48,006 simple_logger.py log_once [line:28] INFO mean_val_accuracy             0.8751
2025-04-30 02:57:48,006 simple_logger.py log_once [line:28] INFO std_val_accuracy              0.0183
2025-04-30 02:57:48,006 simple_logger.py log_once [line:28] INFO val_loss                      0.4290
2025-04-30 02:57:48,006 simple_logger.py log_once [line:28] INFO mean_val_loss                 0.4290
2025-04-30 02:57:48,006 simple_logger.py log_once [line:28] INFO std_val_loss                  0.0583
2025-04-30 02:57:48,006 fedbase.py run [line:323] INFO expense           18746230.0
2025-04-30 02:57:48,006 fedbase.py run [line:324] INFO Eval Time Cost:               5.2340s
2025-04-30 02:57:48,006 asyncbase.py iterate [line:68] INFO Select clients [0, 1, 2, 3, 4, 5, 6, 7, 8, 9, 10, 11, 12, 13, 14, 15, 16, 17, 18, 19] at time 1558.
2025-04-30 02:58:05,287 asyncbase.py iterate [line:73] INFO Receive new models from clients [17, 7, 14, 4, 3, 5, 18, 11, 8, 19, 13, 1, 9, 10, 16, 2] at time 1564
2025-04-30 02:58:05,288 asyncbase.py iterate [line:73] INFO Receive new models from clients [15, 12, 0, 6] at time 1565
2025-04-30 02:58:05,328 fedbase.py run [line:318] INFO --------------Round 201--------------
2025-04-30 02:58:05,328 simple_logger.py log_once [line:14] INFO Current_time:1565
2025-04-30 02:58:10,624 simple_logger.py log_once [line:28] INFO test_accuracy                 0.8610
2025-04-30 02:58:10,625 simple_logger.py log_once [line:28] INFO test_loss                     0.4981
2025-04-30 02:58:10,625 simple_logger.py log_once [line:28] INFO val_accuracy                  0.8761
2025-04-30 02:58:10,625 simple_logger.py log_once [line:28] INFO mean_val_accuracy             0.8761
2025-04-30 02:58:10,625 simple_logger.py log_once [line:28] INFO std_val_accuracy              0.0172
2025-04-30 02:58:10,625 simple_logger.py log_once [line:28] INFO val_loss                      0.4286
2025-04-30 02:58:10,625 simple_logger.py log_once [line:28] INFO mean_val_loss                 0.4286
2025-04-30 02:58:10,625 simple_logger.py log_once [line:28] INFO std_val_loss                  0.0581
2025-04-30 02:58:10,625 fedbase.py run [line:323] INFO expense           18780630.0
2025-04-30 02:58:10,625 fedbase.py run [line:324] INFO Eval Time Cost:               5.2970s
2025-04-30 02:58:10,625 asyncbase.py iterate [line:68] INFO Select clients [0, 1, 2, 3, 4, 5, 6, 7, 8, 9, 10, 11, 12, 13, 14, 15, 16, 17, 18, 19] at time 1566.
2025-04-30 02:58:28,748 asyncbase.py iterate [line:73] INFO Receive new models from clients [3, 13, 2, 10, 4, 16, 6, 5, 9, 18, 19, 0, 8, 17, 12, 11, 15, 7, 1] at time 1572
2025-04-30 02:58:28,748 asyncbase.py iterate [line:73] INFO Receive new models from clients [14] at time 1573
2025-04-30 02:58:28,791 fedbase.py run [line:318] INFO --------------Round 202--------------
2025-04-30 02:58:28,792 simple_logger.py log_once [line:14] INFO Current_time:1573
2025-04-30 02:58:34,145 simple_logger.py log_once [line:28] INFO test_accuracy                 0.8619
2025-04-30 02:58:34,146 simple_logger.py log_once [line:28] INFO test_loss                     0.4960
2025-04-30 02:58:34,146 simple_logger.py log_once [line:28] INFO val_accuracy                  0.8753
2025-04-30 02:58:34,146 simple_logger.py log_once [line:28] INFO mean_val_accuracy             0.8753
2025-04-30 02:58:34,146 simple_logger.py log_once [line:28] INFO std_val_accuracy              0.0182
2025-04-30 02:58:34,146 simple_logger.py log_once [line:28] INFO val_loss                      0.4272
2025-04-30 02:58:34,146 simple_logger.py log_once [line:28] INFO mean_val_loss                 0.4272
2025-04-30 02:58:34,146 simple_logger.py log_once [line:28] INFO std_val_loss                  0.0573
2025-04-30 02:58:34,146 fedbase.py run [line:323] INFO expense           18815030.0
2025-04-30 02:58:34,146 fedbase.py run [line:324] INFO Eval Time Cost:               5.3544s
2025-04-30 02:58:34,146 asyncbase.py iterate [line:68] INFO Select clients [0, 1, 2, 3, 4, 5, 6, 7, 8, 9, 10, 11, 12, 13, 14, 15, 16, 17, 18, 19] at time 1574.
2025-04-30 02:58:51,014 asyncbase.py iterate [line:73] INFO Receive new models from clients [11, 4, 2, 9, 8, 6, 15, 10, 1, 0, 12, 17] at time 1580
2025-04-30 02:58:51,015 asyncbase.py iterate [line:73] INFO Receive new models from clients [18, 7, 19, 5, 3, 13, 16, 14] at time 1581
2025-04-30 02:58:51,053 fedbase.py run [line:318] INFO --------------Round 203--------------
2025-04-30 02:58:51,054 simple_logger.py log_once [line:14] INFO Current_time:1581
2025-04-30 02:58:56,373 simple_logger.py log_once [line:28] INFO test_accuracy                 0.8614
2025-04-30 02:58:56,373 simple_logger.py log_once [line:28] INFO test_loss                     0.4991
2025-04-30 02:58:56,373 simple_logger.py log_once [line:28] INFO val_accuracy                  0.8766
2025-04-30 02:58:56,373 simple_logger.py log_once [line:28] INFO mean_val_accuracy             0.8766
2025-04-30 02:58:56,373 simple_logger.py log_once [line:28] INFO std_val_accuracy              0.0161
2025-04-30 02:58:56,373 simple_logger.py log_once [line:28] INFO val_loss                      0.4280
2025-04-30 02:58:56,373 simple_logger.py log_once [line:28] INFO mean_val_loss                 0.4280
2025-04-30 02:58:56,373 simple_logger.py log_once [line:28] INFO std_val_loss                  0.0585
2025-04-30 02:58:56,373 fedbase.py run [line:323] INFO expense           18849430.0
2025-04-30 02:58:56,373 fedbase.py run [line:324] INFO Eval Time Cost:               5.3197s
2025-04-30 02:58:56,373 asyncbase.py iterate [line:68] INFO Select clients [0, 1, 2, 3, 4, 5, 6, 7, 8, 9, 10, 11, 12, 13, 14, 15, 16, 17, 18, 19] at time 1582.
2025-04-30 02:59:13,154 asyncbase.py iterate [line:73] INFO Receive new models from clients [9, 2, 12, 18, 5, 1, 8, 6, 3, 7, 19, 0, 17, 11, 14, 13, 4, 10, 16] at time 1588
2025-04-30 02:59:13,155 asyncbase.py iterate [line:73] INFO Receive new models from clients [15] at time 1589
2025-04-30 02:59:13,196 fedbase.py run [line:318] INFO --------------Round 204--------------
2025-04-30 02:59:13,196 simple_logger.py log_once [line:14] INFO Current_time:1589
2025-04-30 02:59:18,545 simple_logger.py log_once [line:28] INFO test_accuracy                 0.8626
2025-04-30 02:59:18,545 simple_logger.py log_once [line:28] INFO test_loss                     0.4923
2025-04-30 02:59:18,545 simple_logger.py log_once [line:28] INFO val_accuracy                  0.8768
2025-04-30 02:59:18,545 simple_logger.py log_once [line:28] INFO mean_val_accuracy             0.8768
2025-04-30 02:59:18,545 simple_logger.py log_once [line:28] INFO std_val_accuracy              0.0177
2025-04-30 02:59:18,546 simple_logger.py log_once [line:28] INFO val_loss                      0.4256
2025-04-30 02:59:18,546 simple_logger.py log_once [line:28] INFO mean_val_loss                 0.4256
2025-04-30 02:59:18,546 simple_logger.py log_once [line:28] INFO std_val_loss                  0.0573
2025-04-30 02:59:18,546 fedbase.py run [line:323] INFO expense           18883830.0
2025-04-30 02:59:18,546 fedbase.py run [line:324] INFO Eval Time Cost:               5.3499s
2025-04-30 02:59:18,546 asyncbase.py iterate [line:68] INFO Select clients [0, 1, 2, 3, 4, 5, 6, 7, 8, 9, 10, 11, 12, 13, 14, 15, 16, 17, 18, 19] at time 1590.
2025-04-30 02:59:34,747 asyncbase.py iterate [line:73] INFO Receive new models from clients [19, 0, 4, 17, 12, 1, 11, 2, 3, 18, 15, 13, 5, 16, 7, 8, 6] at time 1596
2025-04-30 02:59:34,747 asyncbase.py iterate [line:73] INFO Receive new models from clients [9, 14, 10] at time 1597
2025-04-30 02:59:34,792 fedbase.py run [line:318] INFO --------------Round 205--------------
2025-04-30 02:59:34,792 simple_logger.py log_once [line:14] INFO Current_time:1597
2025-04-30 02:59:40,056 simple_logger.py log_once [line:28] INFO test_accuracy                 0.8622
2025-04-30 02:59:40,056 simple_logger.py log_once [line:28] INFO test_loss                     0.4948
2025-04-30 02:59:40,057 simple_logger.py log_once [line:28] INFO val_accuracy                  0.8769
2025-04-30 02:59:40,057 simple_logger.py log_once [line:28] INFO mean_val_accuracy             0.8769
2025-04-30 02:59:40,057 simple_logger.py log_once [line:28] INFO std_val_accuracy              0.0177
2025-04-30 02:59:40,057 simple_logger.py log_once [line:28] INFO val_loss                      0.4254
2025-04-30 02:59:40,057 simple_logger.py log_once [line:28] INFO mean_val_loss                 0.4254
2025-04-30 02:59:40,057 simple_logger.py log_once [line:28] INFO std_val_loss                  0.0571
2025-04-30 02:59:40,057 fedbase.py run [line:323] INFO expense           18918230.0
2025-04-30 02:59:40,057 fedbase.py run [line:324] INFO Eval Time Cost:               5.2652s
2025-04-30 02:59:40,057 asyncbase.py iterate [line:68] INFO Select clients [0, 1, 2, 3, 4, 5, 6, 7, 8, 9, 10, 11, 12, 13, 14, 15, 16, 17, 18, 19] at time 1598.
2025-04-30 02:59:58,174 asyncbase.py iterate [line:73] INFO Receive new models from clients [8, 16, 15, 7, 5, 14, 10, 2, 1, 19, 12, 18, 4, 0, 6, 13, 3, 11] at time 1604
2025-04-30 02:59:58,174 asyncbase.py iterate [line:73] INFO Receive new models from clients [17, 9] at time 1605
2025-04-30 02:59:58,228 fedbase.py run [line:318] INFO --------------Round 206--------------
2025-04-30 02:59:58,228 simple_logger.py log_once [line:14] INFO Current_time:1605
2025-04-30 03:00:04,320 simple_logger.py log_once [line:28] INFO test_accuracy                 0.8628
2025-04-30 03:00:04,320 simple_logger.py log_once [line:28] INFO test_loss                     0.4912
2025-04-30 03:00:04,320 simple_logger.py log_once [line:28] INFO val_accuracy                  0.8766
2025-04-30 03:00:04,321 simple_logger.py log_once [line:28] INFO mean_val_accuracy             0.8766
2025-04-30 03:00:04,321 simple_logger.py log_once [line:28] INFO std_val_accuracy              0.0180
2025-04-30 03:00:04,321 simple_logger.py log_once [line:28] INFO val_loss                      0.4233
2025-04-30 03:00:04,321 simple_logger.py log_once [line:28] INFO mean_val_loss                 0.4233
2025-04-30 03:00:04,321 simple_logger.py log_once [line:28] INFO std_val_loss                  0.0568
2025-04-30 03:00:04,321 fedbase.py run [line:323] INFO expense           18952630.0
2025-04-30 03:00:04,321 fedbase.py run [line:324] INFO Eval Time Cost:               6.0930s
2025-04-30 03:00:04,321 asyncbase.py iterate [line:68] INFO Select clients [0, 1, 2, 3, 4, 5, 6, 7, 8, 9, 10, 11, 12, 13, 14, 15, 16, 17, 18, 19] at time 1606.
2025-04-30 03:00:22,557 asyncbase.py iterate [line:73] INFO Receive new models from clients [18, 7, 17, 6, 2, 5, 13, 0, 15, 3, 8, 10, 19, 1, 11, 4, 12, 16, 14] at time 1612
2025-04-30 03:00:22,558 asyncbase.py iterate [line:73] INFO Receive new models from clients [9] at time 1613
2025-04-30 03:00:22,596 fedbase.py run [line:318] INFO --------------Round 207--------------
2025-04-30 03:00:22,597 simple_logger.py log_once [line:14] INFO Current_time:1613
2025-04-30 03:00:27,916 simple_logger.py log_once [line:28] INFO test_accuracy                 0.8619
2025-04-30 03:00:27,916 simple_logger.py log_once [line:28] INFO test_loss                     0.4932
2025-04-30 03:00:27,916 simple_logger.py log_once [line:28] INFO val_accuracy                  0.8779
2025-04-30 03:00:27,916 simple_logger.py log_once [line:28] INFO mean_val_accuracy             0.8779
2025-04-30 03:00:27,917 simple_logger.py log_once [line:28] INFO std_val_accuracy              0.0177
2025-04-30 03:00:27,917 simple_logger.py log_once [line:28] INFO val_loss                      0.4235
2025-04-30 03:00:27,917 simple_logger.py log_once [line:28] INFO mean_val_loss                 0.4235
2025-04-30 03:00:27,917 simple_logger.py log_once [line:28] INFO std_val_loss                  0.0570
2025-04-30 03:00:27,917 fedbase.py run [line:323] INFO expense           18987030.0
2025-04-30 03:00:27,917 fedbase.py run [line:324] INFO Eval Time Cost:               5.3201s
2025-04-30 03:00:27,917 asyncbase.py iterate [line:68] INFO Select clients [0, 1, 2, 3, 4, 5, 6, 7, 8, 9, 10, 11, 12, 13, 14, 15, 16, 17, 18, 19] at time 1614.
2025-04-30 03:00:46,096 asyncbase.py iterate [line:73] INFO Receive new models from clients [1, 13, 8, 18, 5, 19, 4, 16, 12, 0, 15, 6, 3, 2, 17, 14, 9, 10, 11, 7] at time 1620
2025-04-30 03:00:46,136 fedbase.py run [line:318] INFO --------------Round 208--------------
2025-04-30 03:00:46,136 simple_logger.py log_once [line:14] INFO Current_time:1620
2025-04-30 03:00:51,417 simple_logger.py log_once [line:28] INFO test_accuracy                 0.8633
2025-04-30 03:00:51,418 simple_logger.py log_once [line:28] INFO test_loss                     0.4917
2025-04-30 03:00:51,418 simple_logger.py log_once [line:28] INFO val_accuracy                  0.8764
2025-04-30 03:00:51,418 simple_logger.py log_once [line:28] INFO mean_val_accuracy             0.8764
2025-04-30 03:00:51,418 simple_logger.py log_once [line:28] INFO std_val_accuracy              0.0168
2025-04-30 03:00:51,418 simple_logger.py log_once [line:28] INFO val_loss                      0.4235
2025-04-30 03:00:51,418 simple_logger.py log_once [line:28] INFO mean_val_loss                 0.4235
2025-04-30 03:00:51,418 simple_logger.py log_once [line:28] INFO std_val_loss                  0.0565
2025-04-30 03:00:51,418 fedbase.py run [line:323] INFO expense           19021430.0
2025-04-30 03:00:51,418 fedbase.py run [line:324] INFO Eval Time Cost:               5.2816s
2025-04-30 03:00:51,418 asyncbase.py iterate [line:68] INFO Select clients [0, 1, 2, 3, 4, 5, 6, 7, 8, 9, 10, 11, 12, 13, 14, 15, 16, 17, 18, 19] at time 1621.
2025-04-30 03:01:08,394 asyncbase.py iterate [line:73] INFO Receive new models from clients [1, 2, 19, 4, 5, 17, 7, 15, 3, 10, 16, 14, 8, 18, 9, 0, 11, 6, 13] at time 1627
2025-04-30 03:01:08,395 asyncbase.py iterate [line:73] INFO Receive new models from clients [12] at time 1628
2025-04-30 03:01:08,434 fedbase.py run [line:318] INFO --------------Round 209--------------
2025-04-30 03:01:08,434 simple_logger.py log_once [line:14] INFO Current_time:1628
2025-04-30 03:01:13,755 simple_logger.py log_once [line:28] INFO test_accuracy                 0.8634
2025-04-30 03:01:13,755 simple_logger.py log_once [line:28] INFO test_loss                     0.4911
2025-04-30 03:01:13,755 simple_logger.py log_once [line:28] INFO val_accuracy                  0.8787
2025-04-30 03:01:13,755 simple_logger.py log_once [line:28] INFO mean_val_accuracy             0.8787
2025-04-30 03:01:13,755 simple_logger.py log_once [line:28] INFO std_val_accuracy              0.0173
2025-04-30 03:01:13,755 simple_logger.py log_once [line:28] INFO val_loss                      0.4223
2025-04-30 03:01:13,755 simple_logger.py log_once [line:28] INFO mean_val_loss                 0.4223
2025-04-30 03:01:13,755 simple_logger.py log_once [line:28] INFO std_val_loss                  0.0564
2025-04-30 03:01:13,755 fedbase.py run [line:323] INFO expense           19055830.0
2025-04-30 03:01:13,755 fedbase.py run [line:324] INFO Eval Time Cost:               5.3212s
2025-04-30 03:01:13,756 asyncbase.py iterate [line:68] INFO Select clients [0, 1, 2, 3, 4, 5, 6, 7, 8, 9, 10, 11, 12, 13, 14, 15, 16, 17, 18, 19] at time 1629.
2025-04-30 03:01:31,923 asyncbase.py iterate [line:73] INFO Receive new models from clients [5, 11, 10, 3, 13, 18, 6, 2, 15, 7, 19, 8, 14, 9, 17, 1, 16, 0, 12] at time 1635
2025-04-30 03:01:31,923 asyncbase.py iterate [line:73] INFO Receive new models from clients [4] at time 1636
2025-04-30 03:01:31,962 fedbase.py run [line:318] INFO --------------Round 210--------------
2025-04-30 03:01:31,962 simple_logger.py log_once [line:14] INFO Current_time:1636
2025-04-30 03:01:37,286 simple_logger.py log_once [line:28] INFO test_accuracy                 0.8624
2025-04-30 03:01:37,287 simple_logger.py log_once [line:28] INFO test_loss                     0.4925
2025-04-30 03:01:37,287 simple_logger.py log_once [line:28] INFO val_accuracy                  0.8775
2025-04-30 03:01:37,287 simple_logger.py log_once [line:28] INFO mean_val_accuracy             0.8775
2025-04-30 03:01:37,287 simple_logger.py log_once [line:28] INFO std_val_accuracy              0.0177
2025-04-30 03:01:37,287 simple_logger.py log_once [line:28] INFO val_loss                      0.4224
2025-04-30 03:01:37,287 simple_logger.py log_once [line:28] INFO mean_val_loss                 0.4224
2025-04-30 03:01:37,287 simple_logger.py log_once [line:28] INFO std_val_loss                  0.0572
2025-04-30 03:01:37,287 fedbase.py run [line:323] INFO expense           19090230.0
2025-04-30 03:01:37,287 fedbase.py run [line:324] INFO Eval Time Cost:               5.3246s
2025-04-30 03:01:37,287 asyncbase.py iterate [line:68] INFO Select clients [0, 1, 2, 3, 4, 5, 6, 7, 8, 9, 10, 11, 12, 13, 14, 15, 16, 17, 18, 19] at time 1637.
2025-04-30 03:01:54,421 asyncbase.py iterate [line:73] INFO Receive new models from clients [12, 15, 5, 16, 4, 2, 10, 13, 7, 1, 8, 18, 9, 14, 19, 17, 3] at time 1643
2025-04-30 03:01:54,422 asyncbase.py iterate [line:73] INFO Receive new models from clients [0, 6, 11] at time 1644
2025-04-30 03:01:54,463 fedbase.py run [line:318] INFO --------------Round 211--------------
2025-04-30 03:01:54,463 simple_logger.py log_once [line:14] INFO Current_time:1644
2025-04-30 03:01:59,777 simple_logger.py log_once [line:28] INFO test_accuracy                 0.8631
2025-04-30 03:01:59,777 simple_logger.py log_once [line:28] INFO test_loss                     0.4921
2025-04-30 03:01:59,777 simple_logger.py log_once [line:28] INFO val_accuracy                  0.8784
2025-04-30 03:01:59,777 simple_logger.py log_once [line:28] INFO mean_val_accuracy             0.8784
2025-04-30 03:01:59,777 simple_logger.py log_once [line:28] INFO std_val_accuracy              0.0180
2025-04-30 03:01:59,777 simple_logger.py log_once [line:28] INFO val_loss                      0.4220
2025-04-30 03:01:59,777 simple_logger.py log_once [line:28] INFO mean_val_loss                 0.4220
2025-04-30 03:01:59,777 simple_logger.py log_once [line:28] INFO std_val_loss                  0.0577
2025-04-30 03:01:59,777 fedbase.py run [line:323] INFO expense           19124630.0
2025-04-30 03:01:59,777 fedbase.py run [line:324] INFO Eval Time Cost:               5.3143s
2025-04-30 03:01:59,778 asyncbase.py iterate [line:68] INFO Select clients [0, 1, 2, 3, 4, 5, 6, 7, 8, 9, 10, 11, 12, 13, 14, 15, 16, 17, 18, 19] at time 1645.
2025-04-30 03:02:16,797 asyncbase.py iterate [line:73] INFO Receive new models from clients [1, 3, 4, 9, 0, 14, 7, 5, 13, 15, 16, 17, 2, 19, 6, 12, 18, 11, 8, 10] at time 1651
2025-04-30 03:02:16,852 fedbase.py run [line:318] INFO --------------Round 212--------------
2025-04-30 03:02:16,852 simple_logger.py log_once [line:14] INFO Current_time:1651
2025-04-30 03:02:22,231 simple_logger.py log_once [line:28] INFO test_accuracy                 0.8647
2025-04-30 03:02:22,231 simple_logger.py log_once [line:28] INFO test_loss                     0.4892
2025-04-30 03:02:22,231 simple_logger.py log_once [line:28] INFO val_accuracy                  0.8776
2025-04-30 03:02:22,232 simple_logger.py log_once [line:28] INFO mean_val_accuracy             0.8776
2025-04-30 03:02:22,232 simple_logger.py log_once [line:28] INFO std_val_accuracy              0.0175
2025-04-30 03:02:22,232 simple_logger.py log_once [line:28] INFO val_loss                      0.4212
2025-04-30 03:02:22,232 simple_logger.py log_once [line:28] INFO mean_val_loss                 0.4212
2025-04-30 03:02:22,232 simple_logger.py log_once [line:28] INFO std_val_loss                  0.0563
2025-04-30 03:02:22,232 fedbase.py run [line:323] INFO expense           19159030.0
2025-04-30 03:02:22,232 fedbase.py run [line:324] INFO Eval Time Cost:               5.3799s
2025-04-30 03:02:22,232 asyncbase.py iterate [line:68] INFO Select clients [0, 1, 2, 3, 4, 5, 6, 7, 8, 9, 10, 11, 12, 13, 14, 15, 16, 17, 18, 19] at time 1652.
2025-04-30 03:02:39,903 asyncbase.py iterate [line:73] INFO Receive new models from clients [11, 1, 15, 3, 9, 4, 19, 17, 6, 14, 7, 18, 12, 16, 8, 2] at time 1658
2025-04-30 03:02:39,904 asyncbase.py iterate [line:73] INFO Receive new models from clients [10, 5, 0, 13] at time 1659
2025-04-30 03:02:39,942 fedbase.py run [line:318] INFO --------------Round 213--------------
2025-04-30 03:02:39,942 simple_logger.py log_once [line:14] INFO Current_time:1659
2025-04-30 03:02:45,277 simple_logger.py log_once [line:28] INFO test_accuracy                 0.8643
2025-04-30 03:02:45,277 simple_logger.py log_once [line:28] INFO test_loss                     0.4872
2025-04-30 03:02:45,277 simple_logger.py log_once [line:28] INFO val_accuracy                  0.8776
2025-04-30 03:02:45,278 simple_logger.py log_once [line:28] INFO mean_val_accuracy             0.8776
2025-04-30 03:02:45,278 simple_logger.py log_once [line:28] INFO std_val_accuracy              0.0164
2025-04-30 03:02:45,278 simple_logger.py log_once [line:28] INFO val_loss                      0.4200
2025-04-30 03:02:45,278 simple_logger.py log_once [line:28] INFO mean_val_loss                 0.4200
2025-04-30 03:02:45,278 simple_logger.py log_once [line:28] INFO std_val_loss                  0.0574
2025-04-30 03:02:45,278 fedbase.py run [line:323] INFO expense           19193430.0
2025-04-30 03:02:45,278 fedbase.py run [line:324] INFO Eval Time Cost:               5.3358s
2025-04-30 03:02:45,278 asyncbase.py iterate [line:68] INFO Select clients [0, 1, 2, 3, 4, 5, 6, 7, 8, 9, 10, 11, 12, 13, 14, 15, 16, 17, 18, 19] at time 1660.
2025-04-30 03:03:02,180 asyncbase.py iterate [line:73] INFO Receive new models from clients [0, 6, 12, 3, 14, 4, 16, 8, 19, 17, 2, 5, 13, 18, 11, 7, 9] at time 1666
2025-04-30 03:03:02,180 asyncbase.py iterate [line:73] INFO Receive new models from clients [15, 10, 1] at time 1667
2025-04-30 03:03:02,222 fedbase.py run [line:318] INFO --------------Round 214--------------
2025-04-30 03:03:02,222 simple_logger.py log_once [line:14] INFO Current_time:1667
2025-04-30 03:03:07,529 simple_logger.py log_once [line:28] INFO test_accuracy                 0.8647
2025-04-30 03:03:07,529 simple_logger.py log_once [line:28] INFO test_loss                     0.4881
2025-04-30 03:03:07,529 simple_logger.py log_once [line:28] INFO val_accuracy                  0.8787
2025-04-30 03:03:07,529 simple_logger.py log_once [line:28] INFO mean_val_accuracy             0.8787
2025-04-30 03:03:07,529 simple_logger.py log_once [line:28] INFO std_val_accuracy              0.0179
2025-04-30 03:03:07,529 simple_logger.py log_once [line:28] INFO val_loss                      0.4193
2025-04-30 03:03:07,529 simple_logger.py log_once [line:28] INFO mean_val_loss                 0.4193
2025-04-30 03:03:07,529 simple_logger.py log_once [line:28] INFO std_val_loss                  0.0571
2025-04-30 03:03:07,529 fedbase.py run [line:323] INFO expense           19227830.0
2025-04-30 03:03:07,529 fedbase.py run [line:324] INFO Eval Time Cost:               5.3069s
2025-04-30 03:03:07,529 asyncbase.py iterate [line:68] INFO Select clients [0, 1, 2, 3, 4, 5, 6, 7, 8, 9, 10, 11, 12, 13, 14, 15, 16, 17, 18, 19] at time 1668.
2025-04-30 03:03:25,148 asyncbase.py iterate [line:73] INFO Receive new models from clients [18, 1, 17, 15, 11, 9, 8, 5, 13, 6, 16, 0, 3, 10, 7, 2, 4] at time 1674
2025-04-30 03:03:25,148 asyncbase.py iterate [line:73] INFO Receive new models from clients [19, 12, 14] at time 1675
2025-04-30 03:03:25,190 fedbase.py run [line:318] INFO --------------Round 215--------------
2025-04-30 03:03:25,190 simple_logger.py log_once [line:14] INFO Current_time:1675
2025-04-30 03:03:30,472 simple_logger.py log_once [line:28] INFO test_accuracy                 0.8640
2025-04-30 03:03:30,472 simple_logger.py log_once [line:28] INFO test_loss                     0.4896
2025-04-30 03:03:30,472 simple_logger.py log_once [line:28] INFO val_accuracy                  0.8784
2025-04-30 03:03:30,472 simple_logger.py log_once [line:28] INFO mean_val_accuracy             0.8784
2025-04-30 03:03:30,472 simple_logger.py log_once [line:28] INFO std_val_accuracy              0.0172
2025-04-30 03:03:30,472 simple_logger.py log_once [line:28] INFO val_loss                      0.4198
2025-04-30 03:03:30,472 simple_logger.py log_once [line:28] INFO mean_val_loss                 0.4198
2025-04-30 03:03:30,472 simple_logger.py log_once [line:28] INFO std_val_loss                  0.0574
2025-04-30 03:03:30,472 fedbase.py run [line:323] INFO expense           19262230.0
2025-04-30 03:03:30,472 fedbase.py run [line:324] INFO Eval Time Cost:               5.2827s
2025-04-30 03:03:30,473 asyncbase.py iterate [line:68] INFO Select clients [0, 1, 2, 3, 4, 5, 6, 7, 8, 9, 10, 11, 12, 13, 14, 15, 16, 17, 18, 19] at time 1676.
2025-04-30 03:03:47,071 asyncbase.py iterate [line:73] INFO Receive new models from clients [15, 3, 12, 17, 7, 6, 18, 16, 19, 13, 2, 11, 5, 8, 1, 14, 9, 10, 4] at time 1682
2025-04-30 03:03:47,072 asyncbase.py iterate [line:73] INFO Receive new models from clients [0] at time 1683
2025-04-30 03:03:47,128 fedbase.py run [line:318] INFO --------------Round 216--------------
2025-04-30 03:03:47,128 simple_logger.py log_once [line:14] INFO Current_time:1683
2025-04-30 03:03:52,667 simple_logger.py log_once [line:28] INFO test_accuracy                 0.8642
2025-04-30 03:03:52,667 simple_logger.py log_once [line:28] INFO test_loss                     0.4875
2025-04-30 03:03:52,667 simple_logger.py log_once [line:28] INFO val_accuracy                  0.8799
2025-04-30 03:03:52,667 simple_logger.py log_once [line:28] INFO mean_val_accuracy             0.8799
2025-04-30 03:03:52,667 simple_logger.py log_once [line:28] INFO std_val_accuracy              0.0184
2025-04-30 03:03:52,667 simple_logger.py log_once [line:28] INFO val_loss                      0.4181
2025-04-30 03:03:52,667 simple_logger.py log_once [line:28] INFO mean_val_loss                 0.4181
2025-04-30 03:03:52,667 simple_logger.py log_once [line:28] INFO std_val_loss                  0.0567
2025-04-30 03:03:52,667 fedbase.py run [line:323] INFO expense           19296630.0
2025-04-30 03:03:52,667 fedbase.py run [line:324] INFO Eval Time Cost:               5.5397s
2025-04-30 03:03:52,668 asyncbase.py iterate [line:68] INFO Select clients [0, 1, 2, 3, 4, 5, 6, 7, 8, 9, 10, 11, 12, 13, 14, 15, 16, 17, 18, 19] at time 1684.
2025-04-30 03:04:10,612 asyncbase.py iterate [line:73] INFO Receive new models from clients [5, 2, 3, 15, 0, 14, 13, 19, 9, 17, 1, 4, 8, 6, 16, 10] at time 1690
2025-04-30 03:04:10,612 asyncbase.py iterate [line:73] INFO Receive new models from clients [11, 18, 7, 12] at time 1691
2025-04-30 03:04:10,653 fedbase.py run [line:318] INFO --------------Round 217--------------
2025-04-30 03:04:10,653 simple_logger.py log_once [line:14] INFO Current_time:1691
2025-04-30 03:04:16,072 simple_logger.py log_once [line:28] INFO test_accuracy                 0.8642
2025-04-30 03:04:16,072 simple_logger.py log_once [line:28] INFO test_loss                     0.4869
2025-04-30 03:04:16,072 simple_logger.py log_once [line:28] INFO val_accuracy                  0.8780
2025-04-30 03:04:16,073 simple_logger.py log_once [line:28] INFO mean_val_accuracy             0.8780
2025-04-30 03:04:16,073 simple_logger.py log_once [line:28] INFO std_val_accuracy              0.0183
2025-04-30 03:04:16,073 simple_logger.py log_once [line:28] INFO val_loss                      0.4178
2025-04-30 03:04:16,073 simple_logger.py log_once [line:28] INFO mean_val_loss                 0.4178
2025-04-30 03:04:16,073 simple_logger.py log_once [line:28] INFO std_val_loss                  0.0569
2025-04-30 03:04:16,073 fedbase.py run [line:323] INFO expense           19331030.0
2025-04-30 03:04:16,073 fedbase.py run [line:324] INFO Eval Time Cost:               5.4200s
2025-04-30 03:04:16,073 asyncbase.py iterate [line:68] INFO Select clients [0, 1, 2, 3, 4, 5, 6, 7, 8, 9, 10, 11, 12, 13, 14, 15, 16, 17, 18, 19] at time 1692.
2025-04-30 03:04:33,705 asyncbase.py iterate [line:73] INFO Receive new models from clients [2, 14, 12, 0, 16, 10, 15, 8, 18, 13, 3, 9, 19, 6, 17, 7, 11, 4, 1] at time 1698
2025-04-30 03:04:33,706 asyncbase.py iterate [line:73] INFO Receive new models from clients [5] at time 1699
2025-04-30 03:04:33,750 fedbase.py run [line:318] INFO --------------Round 218--------------
2025-04-30 03:04:33,750 simple_logger.py log_once [line:14] INFO Current_time:1699
2025-04-30 03:04:39,076 simple_logger.py log_once [line:28] INFO test_accuracy                 0.8652
2025-04-30 03:04:39,076 simple_logger.py log_once [line:28] INFO test_loss                     0.4860
2025-04-30 03:04:39,076 simple_logger.py log_once [line:28] INFO val_accuracy                  0.8779
2025-04-30 03:04:39,076 simple_logger.py log_once [line:28] INFO mean_val_accuracy             0.8779
2025-04-30 03:04:39,076 simple_logger.py log_once [line:28] INFO std_val_accuracy              0.0166
2025-04-30 03:04:39,076 simple_logger.py log_once [line:28] INFO val_loss                      0.4175
2025-04-30 03:04:39,076 simple_logger.py log_once [line:28] INFO mean_val_loss                 0.4175
2025-04-30 03:04:39,076 simple_logger.py log_once [line:28] INFO std_val_loss                  0.0569
2025-04-30 03:04:39,076 fedbase.py run [line:323] INFO expense           19365430.0
2025-04-30 03:04:39,076 fedbase.py run [line:324] INFO Eval Time Cost:               5.3260s
2025-04-30 03:04:39,076 asyncbase.py iterate [line:68] INFO Select clients [0, 1, 2, 3, 4, 5, 6, 7, 8, 9, 10, 11, 12, 13, 14, 15, 16, 17, 18, 19] at time 1700.
2025-04-30 03:04:56,038 asyncbase.py iterate [line:73] INFO Receive new models from clients [12, 13, 17, 5, 6, 4, 2, 18, 1, 7, 19, 11, 9, 3, 8, 10, 14, 0, 16] at time 1706
2025-04-30 03:04:56,038 asyncbase.py iterate [line:73] INFO Receive new models from clients [15] at time 1707
2025-04-30 03:04:56,091 fedbase.py run [line:318] INFO --------------Round 219--------------
2025-04-30 03:04:56,091 simple_logger.py log_once [line:14] INFO Current_time:1707
2025-04-30 03:05:01,597 simple_logger.py log_once [line:28] INFO test_accuracy                 0.8658
2025-04-30 03:05:01,597 simple_logger.py log_once [line:28] INFO test_loss                     0.4861
2025-04-30 03:05:01,597 simple_logger.py log_once [line:28] INFO val_accuracy                  0.8790
2025-04-30 03:05:01,597 simple_logger.py log_once [line:28] INFO mean_val_accuracy             0.8790
2025-04-30 03:05:01,597 simple_logger.py log_once [line:28] INFO std_val_accuracy              0.0180
2025-04-30 03:05:01,597 simple_logger.py log_once [line:28] INFO val_loss                      0.4161
2025-04-30 03:05:01,597 simple_logger.py log_once [line:28] INFO mean_val_loss                 0.4161
2025-04-30 03:05:01,597 simple_logger.py log_once [line:28] INFO std_val_loss                  0.0566
2025-04-30 03:05:01,597 fedbase.py run [line:323] INFO expense           19399830.0
2025-04-30 03:05:01,597 fedbase.py run [line:324] INFO Eval Time Cost:               5.5061s
2025-04-30 03:05:01,597 asyncbase.py iterate [line:68] INFO Select clients [0, 1, 2, 3, 4, 5, 6, 7, 8, 9, 10, 11, 12, 13, 14, 15, 16, 17, 18, 19] at time 1708.
2025-04-30 03:05:19,196 asyncbase.py iterate [line:73] INFO Receive new models from clients [19, 17, 14, 13, 18, 11, 12, 3, 4, 10, 8, 9, 2, 0, 1, 7, 16, 5] at time 1714
2025-04-30 03:05:19,197 asyncbase.py iterate [line:73] INFO Receive new models from clients [15, 6] at time 1715
2025-04-30 03:05:19,253 fedbase.py run [line:318] INFO --------------Round 220--------------
2025-04-30 03:05:19,253 simple_logger.py log_once [line:14] INFO Current_time:1715
2025-04-30 03:05:24,864 simple_logger.py log_once [line:28] INFO test_accuracy                 0.8656
2025-04-30 03:05:24,864 simple_logger.py log_once [line:28] INFO test_loss                     0.4842
2025-04-30 03:05:24,865 simple_logger.py log_once [line:28] INFO val_accuracy                  0.8791
2025-04-30 03:05:24,865 simple_logger.py log_once [line:28] INFO mean_val_accuracy             0.8791
2025-04-30 03:05:24,865 simple_logger.py log_once [line:28] INFO std_val_accuracy              0.0180
2025-04-30 03:05:24,865 simple_logger.py log_once [line:28] INFO val_loss                      0.4153
2025-04-30 03:05:24,865 simple_logger.py log_once [line:28] INFO mean_val_loss                 0.4153
2025-04-30 03:05:24,865 simple_logger.py log_once [line:28] INFO std_val_loss                  0.0565
2025-04-30 03:05:24,865 fedbase.py run [line:323] INFO expense           19434230.0
2025-04-30 03:05:24,865 fedbase.py run [line:324] INFO Eval Time Cost:               5.6119s
2025-04-30 03:05:24,865 asyncbase.py iterate [line:68] INFO Select clients [0, 1, 2, 3, 4, 5, 6, 7, 8, 9, 10, 11, 12, 13, 14, 15, 16, 17, 18, 19] at time 1716.
2025-04-30 03:05:45,058 asyncbase.py iterate [line:73] INFO Receive new models from clients [15, 10, 3, 18, 4, 0, 5, 7, 14, 2, 12, 17, 13, 19, 16, 1, 8, 6] at time 1722
2025-04-30 03:05:45,058 asyncbase.py iterate [line:73] INFO Receive new models from clients [11, 9] at time 1723
2025-04-30 03:05:45,098 fedbase.py run [line:318] INFO --------------Round 221--------------
2025-04-30 03:05:45,098 simple_logger.py log_once [line:14] INFO Current_time:1723
2025-04-30 03:05:50,366 simple_logger.py log_once [line:28] INFO test_accuracy                 0.8644
2025-04-30 03:05:50,366 simple_logger.py log_once [line:28] INFO test_loss                     0.4857
2025-04-30 03:05:50,366 simple_logger.py log_once [line:28] INFO val_accuracy                  0.8795
2025-04-30 03:05:50,366 simple_logger.py log_once [line:28] INFO mean_val_accuracy             0.8795
2025-04-30 03:05:50,366 simple_logger.py log_once [line:28] INFO std_val_accuracy              0.0173
2025-04-30 03:05:50,366 simple_logger.py log_once [line:28] INFO val_loss                      0.4169
2025-04-30 03:05:50,366 simple_logger.py log_once [line:28] INFO mean_val_loss                 0.4169
2025-04-30 03:05:50,366 simple_logger.py log_once [line:28] INFO std_val_loss                  0.0563
2025-04-30 03:05:50,366 fedbase.py run [line:323] INFO expense           19468630.0
2025-04-30 03:05:50,366 fedbase.py run [line:324] INFO Eval Time Cost:               5.2685s
2025-04-30 03:05:50,367 asyncbase.py iterate [line:68] INFO Select clients [0, 1, 2, 3, 4, 5, 6, 7, 8, 9, 10, 11, 12, 13, 14, 15, 16, 17, 18, 19] at time 1724.
2025-04-30 03:06:07,679 asyncbase.py iterate [line:73] INFO Receive new models from clients [2, 19, 9, 8, 11, 15, 17, 6, 3, 10, 7, 13, 4, 5, 0, 12, 14] at time 1730
2025-04-30 03:06:07,679 asyncbase.py iterate [line:73] INFO Receive new models from clients [1, 16, 18] at time 1731
2025-04-30 03:06:07,717 fedbase.py run [line:318] INFO --------------Round 222--------------
2025-04-30 03:06:07,717 simple_logger.py log_once [line:14] INFO Current_time:1731
2025-04-30 03:06:12,986 simple_logger.py log_once [line:28] INFO test_accuracy                 0.8648
2025-04-30 03:06:12,987 simple_logger.py log_once [line:28] INFO test_loss                     0.4869
2025-04-30 03:06:12,987 simple_logger.py log_once [line:28] INFO val_accuracy                  0.8788
2025-04-30 03:06:12,987 simple_logger.py log_once [line:28] INFO mean_val_accuracy             0.8788
2025-04-30 03:06:12,987 simple_logger.py log_once [line:28] INFO std_val_accuracy              0.0191
2025-04-30 03:06:12,987 simple_logger.py log_once [line:28] INFO val_loss                      0.4167
2025-04-30 03:06:12,987 simple_logger.py log_once [line:28] INFO mean_val_loss                 0.4167
2025-04-30 03:06:12,987 simple_logger.py log_once [line:28] INFO std_val_loss                  0.0568
2025-04-30 03:06:12,987 fedbase.py run [line:323] INFO expense           19503030.0
2025-04-30 03:06:12,987 fedbase.py run [line:324] INFO Eval Time Cost:               5.2703s
2025-04-30 03:06:12,987 asyncbase.py iterate [line:68] INFO Select clients [0, 1, 2, 3, 4, 5, 6, 7, 8, 9, 10, 11, 12, 13, 14, 15, 16, 17, 18, 19] at time 1732.
2025-04-30 03:06:30,705 asyncbase.py iterate [line:73] INFO Receive new models from clients [12, 14, 6, 19, 10, 13, 4, 17, 3, 1, 11, 5, 0, 2, 9, 7, 18, 16, 8] at time 1738
2025-04-30 03:06:30,705 asyncbase.py iterate [line:73] INFO Receive new models from clients [15] at time 1739
2025-04-30 03:06:30,746 fedbase.py run [line:318] INFO --------------Round 223--------------
2025-04-30 03:06:30,746 simple_logger.py log_once [line:14] INFO Current_time:1739
2025-04-30 03:06:36,040 simple_logger.py log_once [line:28] INFO test_accuracy                 0.8656
2025-04-30 03:06:36,040 simple_logger.py log_once [line:28] INFO test_loss                     0.4840
2025-04-30 03:06:36,040 simple_logger.py log_once [line:28] INFO val_accuracy                  0.8783
2025-04-30 03:06:36,040 simple_logger.py log_once [line:28] INFO mean_val_accuracy             0.8783
2025-04-30 03:06:36,040 simple_logger.py log_once [line:28] INFO std_val_accuracy              0.0169
2025-04-30 03:06:36,040 simple_logger.py log_once [line:28] INFO val_loss                      0.4155
2025-04-30 03:06:36,040 simple_logger.py log_once [line:28] INFO mean_val_loss                 0.4155
2025-04-30 03:06:36,041 simple_logger.py log_once [line:28] INFO std_val_loss                  0.0562
2025-04-30 03:06:36,041 fedbase.py run [line:323] INFO expense           19537430.0
2025-04-30 03:06:36,041 fedbase.py run [line:324] INFO Eval Time Cost:               5.2946s
2025-04-30 03:06:36,041 asyncbase.py iterate [line:68] INFO Select clients [0, 1, 2, 3, 4, 5, 6, 7, 8, 9, 10, 11, 12, 13, 14, 15, 16, 17, 18, 19] at time 1740.
2025-04-30 03:06:53,865 asyncbase.py iterate [line:73] INFO Receive new models from clients [16, 2, 11, 5, 7, 10, 14, 8, 0, 9, 1, 17, 6, 12, 18, 3] at time 1746
2025-04-30 03:06:53,865 asyncbase.py iterate [line:73] INFO Receive new models from clients [13, 15, 4, 19] at time 1747
2025-04-30 03:06:53,905 fedbase.py run [line:318] INFO --------------Round 224--------------
2025-04-30 03:06:53,906 simple_logger.py log_once [line:14] INFO Current_time:1747
2025-04-30 03:06:59,275 simple_logger.py log_once [line:28] INFO test_accuracy                 0.8648
2025-04-30 03:06:59,275 simple_logger.py log_once [line:28] INFO test_loss                     0.4827
2025-04-30 03:06:59,275 simple_logger.py log_once [line:28] INFO val_accuracy                  0.8802
2025-04-30 03:06:59,275 simple_logger.py log_once [line:28] INFO mean_val_accuracy             0.8802
2025-04-30 03:06:59,276 simple_logger.py log_once [line:28] INFO std_val_accuracy              0.0180
2025-04-30 03:06:59,276 simple_logger.py log_once [line:28] INFO val_loss                      0.4139
2025-04-30 03:06:59,276 simple_logger.py log_once [line:28] INFO mean_val_loss                 0.4139
2025-04-30 03:06:59,276 simple_logger.py log_once [line:28] INFO std_val_loss                  0.0566
2025-04-30 03:06:59,276 fedbase.py run [line:323] INFO expense           19571830.0
2025-04-30 03:06:59,276 fedbase.py run [line:324] INFO Eval Time Cost:               5.3702s
2025-04-30 03:06:59,276 asyncbase.py iterate [line:68] INFO Select clients [0, 1, 2, 3, 4, 5, 6, 7, 8, 9, 10, 11, 12, 13, 14, 15, 16, 17, 18, 19] at time 1748.
2025-04-30 03:07:16,740 asyncbase.py iterate [line:73] INFO Receive new models from clients [19, 17, 0, 1, 10, 8, 15, 2, 18, 11, 3, 13, 9, 5, 6, 12, 4, 16, 14] at time 1754
2025-04-30 03:07:16,741 asyncbase.py iterate [line:73] INFO Receive new models from clients [7] at time 1755
2025-04-30 03:07:16,780 fedbase.py run [line:318] INFO --------------Round 225--------------
2025-04-30 03:07:16,780 simple_logger.py log_once [line:14] INFO Current_time:1755
2025-04-30 03:07:22,045 simple_logger.py log_once [line:28] INFO test_accuracy                 0.8639
2025-04-30 03:07:22,045 simple_logger.py log_once [line:28] INFO test_loss                     0.4871
2025-04-30 03:07:22,045 simple_logger.py log_once [line:28] INFO val_accuracy                  0.8784
2025-04-30 03:07:22,045 simple_logger.py log_once [line:28] INFO mean_val_accuracy             0.8784
2025-04-30 03:07:22,045 simple_logger.py log_once [line:28] INFO std_val_accuracy              0.0183
2025-04-30 03:07:22,045 simple_logger.py log_once [line:28] INFO val_loss                      0.4155
2025-04-30 03:07:22,045 simple_logger.py log_once [line:28] INFO mean_val_loss                 0.4155
2025-04-30 03:07:22,045 simple_logger.py log_once [line:28] INFO std_val_loss                  0.0570
2025-04-30 03:07:22,045 fedbase.py run [line:323] INFO expense           19606230.0
2025-04-30 03:07:22,046 fedbase.py run [line:324] INFO Eval Time Cost:               5.2656s
2025-04-30 03:07:22,046 asyncbase.py iterate [line:68] INFO Select clients [0, 1, 2, 3, 4, 5, 6, 7, 8, 9, 10, 11, 12, 13, 14, 15, 16, 17, 18, 19] at time 1756.
2025-04-30 03:07:39,587 asyncbase.py iterate [line:73] INFO Receive new models from clients [13, 18, 19, 17, 3, 10, 4, 9, 16, 6, 15, 5, 8, 14, 1, 7, 2, 0, 12] at time 1762
2025-04-30 03:07:39,587 asyncbase.py iterate [line:73] INFO Receive new models from clients [11] at time 1763
2025-04-30 03:07:39,628 fedbase.py run [line:318] INFO --------------Round 226--------------
2025-04-30 03:07:39,628 simple_logger.py log_once [line:14] INFO Current_time:1763
2025-04-30 03:07:44,928 simple_logger.py log_once [line:28] INFO test_accuracy                 0.8653
2025-04-30 03:07:44,928 simple_logger.py log_once [line:28] INFO test_loss                     0.4831
2025-04-30 03:07:44,928 simple_logger.py log_once [line:28] INFO val_accuracy                  0.8806
2025-04-30 03:07:44,929 simple_logger.py log_once [line:28] INFO mean_val_accuracy             0.8806
2025-04-30 03:07:44,929 simple_logger.py log_once [line:28] INFO std_val_accuracy              0.0173
2025-04-30 03:07:44,929 simple_logger.py log_once [line:28] INFO val_loss                      0.4132
2025-04-30 03:07:44,929 simple_logger.py log_once [line:28] INFO mean_val_loss                 0.4132
2025-04-30 03:07:44,929 simple_logger.py log_once [line:28] INFO std_val_loss                  0.0568
2025-04-30 03:07:44,929 fedbase.py run [line:323] INFO expense           19640630.0
2025-04-30 03:07:44,929 fedbase.py run [line:324] INFO Eval Time Cost:               5.3009s
2025-04-30 03:07:44,929 asyncbase.py iterate [line:68] INFO Select clients [0, 1, 2, 3, 4, 5, 6, 7, 8, 9, 10, 11, 12, 13, 14, 15, 16, 17, 18, 19] at time 1764.
2025-04-30 03:08:02,922 asyncbase.py iterate [line:73] INFO Receive new models from clients [15, 10, 5, 1, 16, 7, 19, 13, 6, 11, 9, 12, 17, 2, 0, 18, 8] at time 1770
2025-04-30 03:08:02,923 asyncbase.py iterate [line:73] INFO Receive new models from clients [3, 4, 14] at time 1771
2025-04-30 03:08:02,962 fedbase.py run [line:318] INFO --------------Round 227--------------
2025-04-30 03:08:02,962 simple_logger.py log_once [line:14] INFO Current_time:1771
2025-04-30 03:08:08,240 simple_logger.py log_once [line:28] INFO test_accuracy                 0.8652
2025-04-30 03:08:08,240 simple_logger.py log_once [line:28] INFO test_loss                     0.4842
2025-04-30 03:08:08,240 simple_logger.py log_once [line:28] INFO val_accuracy                  0.8788
2025-04-30 03:08:08,240 simple_logger.py log_once [line:28] INFO mean_val_accuracy             0.8788
2025-04-30 03:08:08,240 simple_logger.py log_once [line:28] INFO std_val_accuracy              0.0175
2025-04-30 03:08:08,240 simple_logger.py log_once [line:28] INFO val_loss                      0.4139
2025-04-30 03:08:08,240 simple_logger.py log_once [line:28] INFO mean_val_loss                 0.4139
2025-04-30 03:08:08,240 simple_logger.py log_once [line:28] INFO std_val_loss                  0.0569
2025-04-30 03:08:08,240 fedbase.py run [line:323] INFO expense           19675030.0
2025-04-30 03:08:08,240 fedbase.py run [line:324] INFO Eval Time Cost:               5.2782s
2025-04-30 03:08:08,241 asyncbase.py iterate [line:68] INFO Select clients [0, 1, 2, 3, 4, 5, 6, 7, 8, 9, 10, 11, 12, 13, 14, 15, 16, 17, 18, 19] at time 1772.
2025-04-30 03:08:26,879 asyncbase.py iterate [line:73] INFO Receive new models from clients [11, 4, 19, 13, 7, 1, 15, 9, 10, 17, 0, 5, 18, 6, 16, 14, 12, 3] at time 1778
2025-04-30 03:08:26,880 asyncbase.py iterate [line:73] INFO Receive new models from clients [2, 8] at time 1779
2025-04-30 03:08:26,936 fedbase.py run [line:318] INFO --------------Round 228--------------
2025-04-30 03:08:26,937 simple_logger.py log_once [line:14] INFO Current_time:1779
2025-04-30 03:08:32,470 simple_logger.py log_once [line:28] INFO test_accuracy                 0.8651
2025-04-30 03:08:32,470 simple_logger.py log_once [line:28] INFO test_loss                     0.4835
2025-04-30 03:08:32,471 simple_logger.py log_once [line:28] INFO val_accuracy                  0.8796
2025-04-30 03:08:32,471 simple_logger.py log_once [line:28] INFO mean_val_accuracy             0.8796
2025-04-30 03:08:32,471 simple_logger.py log_once [line:28] INFO std_val_accuracy              0.0183
2025-04-30 03:08:32,471 simple_logger.py log_once [line:28] INFO val_loss                      0.4122
2025-04-30 03:08:32,471 simple_logger.py log_once [line:28] INFO mean_val_loss                 0.4122
2025-04-30 03:08:32,471 simple_logger.py log_once [line:28] INFO std_val_loss                  0.0564
2025-04-30 03:08:32,471 fedbase.py run [line:323] INFO expense           19709430.0
2025-04-30 03:08:32,471 fedbase.py run [line:324] INFO Eval Time Cost:               5.5343s
2025-04-30 03:08:32,471 asyncbase.py iterate [line:68] INFO Select clients [0, 1, 2, 3, 4, 5, 6, 7, 8, 9, 10, 11, 12, 13, 14, 15, 16, 17, 18, 19] at time 1780.
2025-04-30 03:08:50,298 asyncbase.py iterate [line:73] INFO Receive new models from clients [1, 8, 14, 19, 4, 3, 10, 12, 2, 16, 9, 15, 5, 7, 18, 0, 17, 13, 6] at time 1786
2025-04-30 03:08:50,299 asyncbase.py iterate [line:73] INFO Receive new models from clients [11] at time 1787
2025-04-30 03:08:50,339 fedbase.py run [line:318] INFO --------------Round 229--------------
2025-04-30 03:08:50,339 simple_logger.py log_once [line:14] INFO Current_time:1787
2025-04-30 03:08:55,623 simple_logger.py log_once [line:28] INFO test_accuracy                 0.8669
2025-04-30 03:08:55,623 simple_logger.py log_once [line:28] INFO test_loss                     0.4803
2025-04-30 03:08:55,623 simple_logger.py log_once [line:28] INFO val_accuracy                  0.8799
2025-04-30 03:08:55,623 simple_logger.py log_once [line:28] INFO mean_val_accuracy             0.8799
2025-04-30 03:08:55,623 simple_logger.py log_once [line:28] INFO std_val_accuracy              0.0178
2025-04-30 03:08:55,624 simple_logger.py log_once [line:28] INFO val_loss                      0.4109
2025-04-30 03:08:55,624 simple_logger.py log_once [line:28] INFO mean_val_loss                 0.4109
2025-04-30 03:08:55,624 simple_logger.py log_once [line:28] INFO std_val_loss                  0.0561
2025-04-30 03:08:55,624 fedbase.py run [line:323] INFO expense           19743830.0
2025-04-30 03:08:55,624 fedbase.py run [line:324] INFO Eval Time Cost:               5.2844s
2025-04-30 03:08:55,624 asyncbase.py iterate [line:68] INFO Select clients [0, 1, 2, 3, 4, 5, 6, 7, 8, 9, 10, 11, 12, 13, 14, 15, 16, 17, 18, 19] at time 1788.
2025-04-30 03:09:12,943 asyncbase.py iterate [line:73] INFO Receive new models from clients [6, 4, 15, 0, 18, 5, 16, 3, 2, 11, 19, 12, 7, 13, 14, 10, 8, 9, 17] at time 1794
2025-04-30 03:09:12,944 asyncbase.py iterate [line:73] INFO Receive new models from clients [1] at time 1795
2025-04-30 03:09:12,982 fedbase.py run [line:318] INFO --------------Round 230--------------
2025-04-30 03:09:12,982 simple_logger.py log_once [line:14] INFO Current_time:1795
2025-04-30 03:09:18,386 simple_logger.py log_once [line:28] INFO test_accuracy                 0.8668
2025-04-30 03:09:18,386 simple_logger.py log_once [line:28] INFO test_loss                     0.4796
2025-04-30 03:09:18,386 simple_logger.py log_once [line:28] INFO val_accuracy                  0.8820
2025-04-30 03:09:18,386 simple_logger.py log_once [line:28] INFO mean_val_accuracy             0.8820
2025-04-30 03:09:18,386 simple_logger.py log_once [line:28] INFO std_val_accuracy              0.0161
2025-04-30 03:09:18,386 simple_logger.py log_once [line:28] INFO val_loss                      0.4098
2025-04-30 03:09:18,386 simple_logger.py log_once [line:28] INFO mean_val_loss                 0.4098
2025-04-30 03:09:18,386 simple_logger.py log_once [line:28] INFO std_val_loss                  0.0563
2025-04-30 03:09:18,386 fedbase.py run [line:323] INFO expense           19778230.0
2025-04-30 03:09:18,386 fedbase.py run [line:324] INFO Eval Time Cost:               5.4038s
2025-04-30 03:09:18,386 asyncbase.py iterate [line:68] INFO Select clients [0, 1, 2, 3, 4, 5, 6, 7, 8, 9, 10, 11, 12, 13, 14, 15, 16, 17, 18, 19] at time 1796.
2025-04-30 03:09:35,614 asyncbase.py iterate [line:73] INFO Receive new models from clients [9, 2, 8, 0, 6, 19, 5, 13, 15, 4, 7, 16, 12, 10, 14, 1, 18, 3, 11] at time 1802
2025-04-30 03:09:35,614 asyncbase.py iterate [line:73] INFO Receive new models from clients [17] at time 1803
2025-04-30 03:09:35,656 fedbase.py run [line:318] INFO --------------Round 231--------------
2025-04-30 03:09:35,656 simple_logger.py log_once [line:14] INFO Current_time:1803
2025-04-30 03:09:40,977 simple_logger.py log_once [line:28] INFO test_accuracy                 0.8666
2025-04-30 03:09:40,977 simple_logger.py log_once [line:28] INFO test_loss                     0.4817
2025-04-30 03:09:40,978 simple_logger.py log_once [line:28] INFO val_accuracy                  0.8802
2025-04-30 03:09:40,978 simple_logger.py log_once [line:28] INFO mean_val_accuracy             0.8802
2025-04-30 03:09:40,978 simple_logger.py log_once [line:28] INFO std_val_accuracy              0.0173
2025-04-30 03:09:40,978 simple_logger.py log_once [line:28] INFO val_loss                      0.4109
2025-04-30 03:09:40,978 simple_logger.py log_once [line:28] INFO mean_val_loss                 0.4109
2025-04-30 03:09:40,978 simple_logger.py log_once [line:28] INFO std_val_loss                  0.0572
2025-04-30 03:09:40,978 fedbase.py run [line:323] INFO expense           19812630.0
2025-04-30 03:09:40,978 fedbase.py run [line:324] INFO Eval Time Cost:               5.3218s
2025-04-30 03:09:40,978 asyncbase.py iterate [line:68] INFO Select clients [0, 1, 2, 3, 4, 5, 6, 7, 8, 9, 10, 11, 12, 13, 14, 15, 16, 17, 18, 19] at time 1804.
2025-04-30 03:09:57,910 asyncbase.py iterate [line:73] INFO Receive new models from clients [7, 0, 5, 16, 11, 9, 2, 6, 15, 3, 17, 10, 14, 1, 19, 13, 12, 8, 4, 18] at time 1810
2025-04-30 03:09:57,952 fedbase.py run [line:318] INFO --------------Round 232--------------
2025-04-30 03:09:57,952 simple_logger.py log_once [line:14] INFO Current_time:1810
2025-04-30 03:10:03,268 simple_logger.py log_once [line:28] INFO test_accuracy                 0.8670
2025-04-30 03:10:03,268 simple_logger.py log_once [line:28] INFO test_loss                     0.4777
2025-04-30 03:10:03,268 simple_logger.py log_once [line:28] INFO val_accuracy                  0.8809
2025-04-30 03:10:03,268 simple_logger.py log_once [line:28] INFO mean_val_accuracy             0.8809
2025-04-30 03:10:03,268 simple_logger.py log_once [line:28] INFO std_val_accuracy              0.0164
2025-04-30 03:10:03,268 simple_logger.py log_once [line:28] INFO val_loss                      0.4099
2025-04-30 03:10:03,268 simple_logger.py log_once [line:28] INFO mean_val_loss                 0.4099
2025-04-30 03:10:03,268 simple_logger.py log_once [line:28] INFO std_val_loss                  0.0569
2025-04-30 03:10:03,268 fedbase.py run [line:323] INFO expense           19847030.0
2025-04-30 03:10:03,268 fedbase.py run [line:324] INFO Eval Time Cost:               5.3161s
2025-04-30 03:10:03,269 asyncbase.py iterate [line:68] INFO Select clients [0, 1, 2, 3, 4, 5, 6, 7, 8, 9, 10, 11, 12, 13, 14, 15, 16, 17, 18, 19] at time 1811.
2025-04-30 03:10:21,142 asyncbase.py iterate [line:73] INFO Receive new models from clients [9, 11, 4, 14, 17, 12, 8, 10, 15, 19, 3, 16, 5, 18, 1, 2, 0, 6, 7] at time 1817
2025-04-30 03:10:21,142 asyncbase.py iterate [line:73] INFO Receive new models from clients [13] at time 1818
2025-04-30 03:10:21,183 fedbase.py run [line:318] INFO --------------Round 233--------------
2025-04-30 03:10:21,183 simple_logger.py log_once [line:14] INFO Current_time:1818
2025-04-30 03:10:26,492 simple_logger.py log_once [line:28] INFO test_accuracy                 0.8669
2025-04-30 03:10:26,492 simple_logger.py log_once [line:28] INFO test_loss                     0.4796
2025-04-30 03:10:26,492 simple_logger.py log_once [line:28] INFO val_accuracy                  0.8813
2025-04-30 03:10:26,492 simple_logger.py log_once [line:28] INFO mean_val_accuracy             0.8813
2025-04-30 03:10:26,492 simple_logger.py log_once [line:28] INFO std_val_accuracy              0.0175
2025-04-30 03:10:26,492 simple_logger.py log_once [line:28] INFO val_loss                      0.4088
2025-04-30 03:10:26,492 simple_logger.py log_once [line:28] INFO mean_val_loss                 0.4088
2025-04-30 03:10:26,492 simple_logger.py log_once [line:28] INFO std_val_loss                  0.0564
2025-04-30 03:10:26,492 fedbase.py run [line:323] INFO expense           19881430.0
2025-04-30 03:10:26,492 fedbase.py run [line:324] INFO Eval Time Cost:               5.3094s
2025-04-30 03:10:26,492 asyncbase.py iterate [line:68] INFO Select clients [0, 1, 2, 3, 4, 5, 6, 7, 8, 9, 10, 11, 12, 13, 14, 15, 16, 17, 18, 19] at time 1819.
2025-04-30 03:10:44,687 asyncbase.py iterate [line:73] INFO Receive new models from clients [16, 7, 15, 12, 6, 14, 1, 2, 0, 18, 9, 4, 10, 17] at time 1825
2025-04-30 03:10:44,687 asyncbase.py iterate [line:73] INFO Receive new models from clients [19, 13, 8, 3, 5, 11] at time 1826
2025-04-30 03:10:44,727 fedbase.py run [line:318] INFO --------------Round 234--------------
2025-04-30 03:10:44,727 simple_logger.py log_once [line:14] INFO Current_time:1826
2025-04-30 03:10:50,027 simple_logger.py log_once [line:28] INFO test_accuracy                 0.8662
2025-04-30 03:10:50,027 simple_logger.py log_once [line:28] INFO test_loss                     0.4808
2025-04-30 03:10:50,027 simple_logger.py log_once [line:28] INFO val_accuracy                  0.8803
2025-04-30 03:10:50,027 simple_logger.py log_once [line:28] INFO mean_val_accuracy             0.8803
2025-04-30 03:10:50,028 simple_logger.py log_once [line:28] INFO std_val_accuracy              0.0171
2025-04-30 03:10:50,028 simple_logger.py log_once [line:28] INFO val_loss                      0.4090
2025-04-30 03:10:50,028 simple_logger.py log_once [line:28] INFO mean_val_loss                 0.4090
2025-04-30 03:10:50,028 simple_logger.py log_once [line:28] INFO std_val_loss                  0.0560
2025-04-30 03:10:50,028 fedbase.py run [line:323] INFO expense           19915830.0
2025-04-30 03:10:50,028 fedbase.py run [line:324] INFO Eval Time Cost:               5.3008s
2025-04-30 03:10:50,028 asyncbase.py iterate [line:68] INFO Select clients [0, 1, 2, 3, 4, 5, 6, 7, 8, 9, 10, 11, 12, 13, 14, 15, 16, 17, 18, 19] at time 1827.
2025-04-30 03:11:07,358 asyncbase.py iterate [line:73] INFO Receive new models from clients [19, 8, 2, 7, 5, 11, 4, 10, 13, 1, 9, 17, 0, 3, 18, 12, 15, 14, 16, 6] at time 1833
2025-04-30 03:11:07,399 fedbase.py run [line:318] INFO --------------Round 235--------------
2025-04-30 03:11:07,399 simple_logger.py log_once [line:14] INFO Current_time:1833
2025-04-30 03:11:12,751 simple_logger.py log_once [line:28] INFO test_accuracy                 0.8674
2025-04-30 03:11:12,751 simple_logger.py log_once [line:28] INFO test_loss                     0.4784
2025-04-30 03:11:12,752 simple_logger.py log_once [line:28] INFO val_accuracy                  0.8802
2025-04-30 03:11:12,752 simple_logger.py log_once [line:28] INFO mean_val_accuracy             0.8802
2025-04-30 03:11:12,752 simple_logger.py log_once [line:28] INFO std_val_accuracy              0.0185
2025-04-30 03:11:12,752 simple_logger.py log_once [line:28] INFO val_loss                      0.4087
2025-04-30 03:11:12,752 simple_logger.py log_once [line:28] INFO mean_val_loss                 0.4087
2025-04-30 03:11:12,752 simple_logger.py log_once [line:28] INFO std_val_loss                  0.0564
2025-04-30 03:11:12,752 fedbase.py run [line:323] INFO expense           19950230.0
2025-04-30 03:11:12,752 fedbase.py run [line:324] INFO Eval Time Cost:               5.3528s
2025-04-30 03:11:12,752 asyncbase.py iterate [line:68] INFO Select clients [0, 1, 2, 3, 4, 5, 6, 7, 8, 9, 10, 11, 12, 13, 14, 15, 16, 17, 18, 19] at time 1834.
2025-04-30 03:11:29,638 asyncbase.py iterate [line:73] INFO Receive new models from clients [13, 5, 11, 0, 18, 4, 8, 17, 2, 16, 15, 12, 10, 3, 1, 19, 14] at time 1840
2025-04-30 03:11:29,638 asyncbase.py iterate [line:73] INFO Receive new models from clients [7, 6, 9] at time 1841
2025-04-30 03:11:29,679 fedbase.py run [line:318] INFO --------------Round 236--------------
2025-04-30 03:11:29,679 simple_logger.py log_once [line:14] INFO Current_time:1841
2025-04-30 03:11:34,998 simple_logger.py log_once [line:28] INFO test_accuracy                 0.8675
2025-04-30 03:11:34,998 simple_logger.py log_once [line:28] INFO test_loss                     0.4784
2025-04-30 03:11:34,998 simple_logger.py log_once [line:28] INFO val_accuracy                  0.8805
2025-04-30 03:11:34,998 simple_logger.py log_once [line:28] INFO mean_val_accuracy             0.8805
2025-04-30 03:11:34,998 simple_logger.py log_once [line:28] INFO std_val_accuracy              0.0181
2025-04-30 03:11:34,998 simple_logger.py log_once [line:28] INFO val_loss                      0.4078
2025-04-30 03:11:34,998 simple_logger.py log_once [line:28] INFO mean_val_loss                 0.4078
2025-04-30 03:11:34,998 simple_logger.py log_once [line:28] INFO std_val_loss                  0.0559
2025-04-30 03:11:34,998 fedbase.py run [line:323] INFO expense           19984630.0
2025-04-30 03:11:34,998 fedbase.py run [line:324] INFO Eval Time Cost:               5.3191s
2025-04-30 03:11:34,998 asyncbase.py iterate [line:68] INFO Select clients [0, 1, 2, 3, 4, 5, 6, 7, 8, 9, 10, 11, 12, 13, 14, 15, 16, 17, 18, 19] at time 1842.
2025-04-30 03:11:53,145 asyncbase.py iterate [line:73] INFO Receive new models from clients [18, 19, 10, 12, 8, 13, 9, 4, 6, 3, 17, 11, 5, 2, 1, 7, 16, 15, 0, 14] at time 1848
2025-04-30 03:11:53,184 fedbase.py run [line:318] INFO --------------Round 237--------------
2025-04-30 03:11:53,184 simple_logger.py log_once [line:14] INFO Current_time:1848
2025-04-30 03:11:58,633 simple_logger.py log_once [line:28] INFO test_accuracy                 0.8678
2025-04-30 03:11:58,634 simple_logger.py log_once [line:28] INFO test_loss                     0.4778
2025-04-30 03:11:58,634 simple_logger.py log_once [line:28] INFO val_accuracy                  0.8801
2025-04-30 03:11:58,634 simple_logger.py log_once [line:28] INFO mean_val_accuracy             0.8801
2025-04-30 03:11:58,634 simple_logger.py log_once [line:28] INFO std_val_accuracy              0.0176
2025-04-30 03:11:58,634 simple_logger.py log_once [line:28] INFO val_loss                      0.4085
2025-04-30 03:11:58,634 simple_logger.py log_once [line:28] INFO mean_val_loss                 0.4085
2025-04-30 03:11:58,634 simple_logger.py log_once [line:28] INFO std_val_loss                  0.0563
2025-04-30 03:11:58,634 fedbase.py run [line:323] INFO expense           20019030.0
2025-04-30 03:11:58,634 fedbase.py run [line:324] INFO Eval Time Cost:               5.4501s
2025-04-30 03:11:58,634 asyncbase.py iterate [line:68] INFO Select clients [0, 1, 2, 3, 4, 5, 6, 7, 8, 9, 10, 11, 12, 13, 14, 15, 16, 17, 18, 19] at time 1849.
2025-04-30 03:12:16,272 asyncbase.py iterate [line:73] INFO Receive new models from clients [16, 9, 2, 8, 0, 12, 10, 3, 14, 4, 7, 15, 5, 6, 1, 19, 17] at time 1855
2025-04-30 03:12:16,272 asyncbase.py iterate [line:73] INFO Receive new models from clients [13, 11, 18] at time 1856
2025-04-30 03:12:16,312 fedbase.py run [line:318] INFO --------------Round 238--------------
2025-04-30 03:12:16,312 simple_logger.py log_once [line:14] INFO Current_time:1856
2025-04-30 03:12:21,604 simple_logger.py log_once [line:28] INFO test_accuracy                 0.8676
2025-04-30 03:12:21,604 simple_logger.py log_once [line:28] INFO test_loss                     0.4766
2025-04-30 03:12:21,604 simple_logger.py log_once [line:28] INFO val_accuracy                  0.8807
2025-04-30 03:12:21,604 simple_logger.py log_once [line:28] INFO mean_val_accuracy             0.8807
2025-04-30 03:12:21,604 simple_logger.py log_once [line:28] INFO std_val_accuracy              0.0177
2025-04-30 03:12:21,604 simple_logger.py log_once [line:28] INFO val_loss                      0.4062
2025-04-30 03:12:21,604 simple_logger.py log_once [line:28] INFO mean_val_loss                 0.4062
2025-04-30 03:12:21,604 simple_logger.py log_once [line:28] INFO std_val_loss                  0.0566
2025-04-30 03:12:21,605 fedbase.py run [line:323] INFO expense           20053430.0
2025-04-30 03:12:21,605 fedbase.py run [line:324] INFO Eval Time Cost:               5.2926s
2025-04-30 03:12:21,605 asyncbase.py iterate [line:68] INFO Select clients [0, 1, 2, 3, 4, 5, 6, 7, 8, 9, 10, 11, 12, 13, 14, 15, 16, 17, 18, 19] at time 1857.
2025-04-30 03:12:37,878 asyncbase.py iterate [line:73] INFO Receive new models from clients [11, 17, 9, 19, 4, 0, 16, 5, 12, 10, 2, 7, 8, 3, 14, 18, 15] at time 1863
2025-04-30 03:12:37,878 asyncbase.py iterate [line:73] INFO Receive new models from clients [13, 1, 6] at time 1864
2025-04-30 03:12:37,918 fedbase.py run [line:318] INFO --------------Round 239--------------
2025-04-30 03:12:37,918 simple_logger.py log_once [line:14] INFO Current_time:1864
2025-04-30 03:12:43,246 simple_logger.py log_once [line:28] INFO test_accuracy                 0.8671
2025-04-30 03:12:43,246 simple_logger.py log_once [line:28] INFO test_loss                     0.4763
2025-04-30 03:12:43,246 simple_logger.py log_once [line:28] INFO val_accuracy                  0.8802
2025-04-30 03:12:43,246 simple_logger.py log_once [line:28] INFO mean_val_accuracy             0.8802
2025-04-30 03:12:43,246 simple_logger.py log_once [line:28] INFO std_val_accuracy              0.0166
2025-04-30 03:12:43,246 simple_logger.py log_once [line:28] INFO val_loss                      0.4065
2025-04-30 03:12:43,246 simple_logger.py log_once [line:28] INFO mean_val_loss                 0.4065
2025-04-30 03:12:43,246 simple_logger.py log_once [line:28] INFO std_val_loss                  0.0558
2025-04-30 03:12:43,246 fedbase.py run [line:323] INFO expense           20087830.0
2025-04-30 03:12:43,246 fedbase.py run [line:324] INFO Eval Time Cost:               5.3281s
2025-04-30 03:12:43,247 asyncbase.py iterate [line:68] INFO Select clients [0, 1, 2, 3, 4, 5, 6, 7, 8, 9, 10, 11, 12, 13, 14, 15, 16, 17, 18, 19] at time 1865.
2025-04-30 03:13:00,878 asyncbase.py iterate [line:73] INFO Receive new models from clients [18, 10, 6, 3, 1, 11, 0, 9, 2, 7, 12, 4, 14, 5, 8, 13, 19, 15] at time 1871
2025-04-30 03:13:00,879 asyncbase.py iterate [line:73] INFO Receive new models from clients [16, 17] at time 1872
2025-04-30 03:13:00,920 fedbase.py run [line:318] INFO --------------Round 240--------------
2025-04-30 03:13:00,920 simple_logger.py log_once [line:14] INFO Current_time:1872
2025-04-30 03:13:06,255 simple_logger.py log_once [line:28] INFO test_accuracy                 0.8679
2025-04-30 03:13:06,255 simple_logger.py log_once [line:28] INFO test_loss                     0.4757
2025-04-30 03:13:06,255 simple_logger.py log_once [line:28] INFO val_accuracy                  0.8814
2025-04-30 03:13:06,255 simple_logger.py log_once [line:28] INFO mean_val_accuracy             0.8814
2025-04-30 03:13:06,255 simple_logger.py log_once [line:28] INFO std_val_accuracy              0.0179
2025-04-30 03:13:06,256 simple_logger.py log_once [line:28] INFO val_loss                      0.4061
2025-04-30 03:13:06,256 simple_logger.py log_once [line:28] INFO mean_val_loss                 0.4061
2025-04-30 03:13:06,256 simple_logger.py log_once [line:28] INFO std_val_loss                  0.0562
2025-04-30 03:13:06,256 fedbase.py run [line:323] INFO expense           20122230.0
2025-04-30 03:13:06,256 fedbase.py run [line:324] INFO Eval Time Cost:               5.3359s
2025-04-30 03:13:06,256 asyncbase.py iterate [line:68] INFO Select clients [0, 1, 2, 3, 4, 5, 6, 7, 8, 9, 10, 11, 12, 13, 14, 15, 16, 17, 18, 19] at time 1873.
2025-04-30 03:13:23,185 asyncbase.py iterate [line:73] INFO Receive new models from clients [12, 15, 4, 13, 5, 1, 9, 8, 0, 19, 2, 11, 18, 3, 7, 10, 6] at time 1879
2025-04-30 03:13:23,186 asyncbase.py iterate [line:73] INFO Receive new models from clients [16, 14, 17] at time 1880
2025-04-30 03:13:23,225 fedbase.py run [line:318] INFO --------------Round 241--------------
2025-04-30 03:13:23,225 simple_logger.py log_once [line:14] INFO Current_time:1880
2025-04-30 03:13:28,566 simple_logger.py log_once [line:28] INFO test_accuracy                 0.8676
2025-04-30 03:13:28,566 simple_logger.py log_once [line:28] INFO test_loss                     0.4758
2025-04-30 03:13:28,566 simple_logger.py log_once [line:28] INFO val_accuracy                  0.8801
2025-04-30 03:13:28,566 simple_logger.py log_once [line:28] INFO mean_val_accuracy             0.8801
2025-04-30 03:13:28,566 simple_logger.py log_once [line:28] INFO std_val_accuracy              0.0183
2025-04-30 03:13:28,566 simple_logger.py log_once [line:28] INFO val_loss                      0.4064
2025-04-30 03:13:28,566 simple_logger.py log_once [line:28] INFO mean_val_loss                 0.4064
2025-04-30 03:13:28,566 simple_logger.py log_once [line:28] INFO std_val_loss                  0.0557
2025-04-30 03:13:28,566 fedbase.py run [line:323] INFO expense           20156630.0
2025-04-30 03:13:28,566 fedbase.py run [line:324] INFO Eval Time Cost:               5.3414s
2025-04-30 03:13:28,566 asyncbase.py iterate [line:68] INFO Select clients [0, 1, 2, 3, 4, 5, 6, 7, 8, 9, 10, 11, 12, 13, 14, 15, 16, 17, 18, 19] at time 1881.
2025-04-30 03:13:45,811 asyncbase.py iterate [line:73] INFO Receive new models from clients [10, 8, 16, 14, 17, 9, 7, 5, 13, 4, 0, 3, 19, 18, 12, 2, 15, 6, 1] at time 1887
2025-04-30 03:13:45,811 asyncbase.py iterate [line:73] INFO Receive new models from clients [11] at time 1888
2025-04-30 03:13:45,849 fedbase.py run [line:318] INFO --------------Round 242--------------
2025-04-30 03:13:45,849 simple_logger.py log_once [line:14] INFO Current_time:1888
2025-04-30 03:13:51,208 simple_logger.py log_once [line:28] INFO test_accuracy                 0.8674
2025-04-30 03:13:51,208 simple_logger.py log_once [line:28] INFO test_loss                     0.4759
2025-04-30 03:13:51,208 simple_logger.py log_once [line:28] INFO val_accuracy                  0.8820
2025-04-30 03:13:51,208 simple_logger.py log_once [line:28] INFO mean_val_accuracy             0.8820
2025-04-30 03:13:51,208 simple_logger.py log_once [line:28] INFO std_val_accuracy              0.0177
2025-04-30 03:13:51,208 simple_logger.py log_once [line:28] INFO val_loss                      0.4048
2025-04-30 03:13:51,208 simple_logger.py log_once [line:28] INFO mean_val_loss                 0.4048
2025-04-30 03:13:51,208 simple_logger.py log_once [line:28] INFO std_val_loss                  0.0562
2025-04-30 03:13:51,209 fedbase.py run [line:323] INFO expense           20191030.0
2025-04-30 03:13:51,209 fedbase.py run [line:324] INFO Eval Time Cost:               5.3597s
2025-04-30 03:13:51,209 asyncbase.py iterate [line:68] INFO Select clients [0, 1, 2, 3, 4, 5, 6, 7, 8, 9, 10, 11, 12, 13, 14, 15, 16, 17, 18, 19] at time 1889.
2025-04-30 03:14:10,319 asyncbase.py iterate [line:73] INFO Receive new models from clients [2, 11, 6, 3, 13, 5, 0, 12, 14, 18, 16, 8, 9, 19, 7, 10, 17, 4, 1] at time 1895
2025-04-30 03:14:10,320 asyncbase.py iterate [line:73] INFO Receive new models from clients [15] at time 1896
2025-04-30 03:14:10,373 fedbase.py run [line:318] INFO --------------Round 243--------------
2025-04-30 03:14:10,373 simple_logger.py log_once [line:14] INFO Current_time:1896
2025-04-30 03:14:15,682 simple_logger.py log_once [line:28] INFO test_accuracy                 0.8684
2025-04-30 03:14:15,682 simple_logger.py log_once [line:28] INFO test_loss                     0.4726
2025-04-30 03:14:15,682 simple_logger.py log_once [line:28] INFO val_accuracy                  0.8811
2025-04-30 03:14:15,682 simple_logger.py log_once [line:28] INFO mean_val_accuracy             0.8811
2025-04-30 03:14:15,682 simple_logger.py log_once [line:28] INFO std_val_accuracy              0.0184
2025-04-30 03:14:15,682 simple_logger.py log_once [line:28] INFO val_loss                      0.4038
2025-04-30 03:14:15,682 simple_logger.py log_once [line:28] INFO mean_val_loss                 0.4038
2025-04-30 03:14:15,682 simple_logger.py log_once [line:28] INFO std_val_loss                  0.0558
2025-04-30 03:14:15,682 fedbase.py run [line:323] INFO expense           20225430.0
2025-04-30 03:14:15,682 fedbase.py run [line:324] INFO Eval Time Cost:               5.3095s
2025-04-30 03:14:15,682 asyncbase.py iterate [line:68] INFO Select clients [0, 1, 2, 3, 4, 5, 6, 7, 8, 9, 10, 11, 12, 13, 14, 15, 16, 17, 18, 19] at time 1897.
2025-04-30 03:14:33,657 asyncbase.py iterate [line:73] INFO Receive new models from clients [13, 18, 4, 16, 0, 7, 8, 10, 11, 19, 1, 14, 9, 2, 17, 15, 3, 6] at time 1903
2025-04-30 03:14:33,658 asyncbase.py iterate [line:73] INFO Receive new models from clients [5, 12] at time 1904
2025-04-30 03:14:33,713 fedbase.py run [line:318] INFO --------------Round 244--------------
2025-04-30 03:14:33,714 simple_logger.py log_once [line:14] INFO Current_time:1904
2025-04-30 03:14:39,896 simple_logger.py log_once [line:28] INFO test_accuracy                 0.8671
2025-04-30 03:14:39,896 simple_logger.py log_once [line:28] INFO test_loss                     0.4773
2025-04-30 03:14:39,896 simple_logger.py log_once [line:28] INFO val_accuracy                  0.8795
2025-04-30 03:14:39,896 simple_logger.py log_once [line:28] INFO mean_val_accuracy             0.8795
2025-04-30 03:14:39,896 simple_logger.py log_once [line:28] INFO std_val_accuracy              0.0190
2025-04-30 03:14:39,896 simple_logger.py log_once [line:28] INFO val_loss                      0.4057
2025-04-30 03:14:39,896 simple_logger.py log_once [line:28] INFO mean_val_loss                 0.4057
2025-04-30 03:14:39,896 simple_logger.py log_once [line:28] INFO std_val_loss                  0.0560
2025-04-30 03:14:39,896 fedbase.py run [line:323] INFO expense           20259830.0
2025-04-30 03:14:39,896 fedbase.py run [line:324] INFO Eval Time Cost:               6.1828s
2025-04-30 03:14:39,897 asyncbase.py iterate [line:68] INFO Select clients [0, 1, 2, 3, 4, 5, 6, 7, 8, 9, 10, 11, 12, 13, 14, 15, 16, 17, 18, 19] at time 1905.
2025-04-30 03:14:57,731 asyncbase.py iterate [line:73] INFO Receive new models from clients [17, 19, 11, 6, 15, 10, 2, 14, 12, 9, 13, 1, 3, 8, 0, 16, 7, 18] at time 1911
2025-04-30 03:14:57,731 asyncbase.py iterate [line:73] INFO Receive new models from clients [5, 4] at time 1912
2025-04-30 03:14:57,773 fedbase.py run [line:318] INFO --------------Round 245--------------
2025-04-30 03:14:57,773 simple_logger.py log_once [line:14] INFO Current_time:1912
2025-04-30 03:15:03,207 simple_logger.py log_once [line:28] INFO test_accuracy                 0.8686
2025-04-30 03:15:03,207 simple_logger.py log_once [line:28] INFO test_loss                     0.4737
2025-04-30 03:15:03,207 simple_logger.py log_once [line:28] INFO val_accuracy                  0.8811
2025-04-30 03:15:03,207 simple_logger.py log_once [line:28] INFO mean_val_accuracy             0.8811
2025-04-30 03:15:03,207 simple_logger.py log_once [line:28] INFO std_val_accuracy              0.0193
2025-04-30 03:15:03,207 simple_logger.py log_once [line:28] INFO val_loss                      0.4040
2025-04-30 03:15:03,207 simple_logger.py log_once [line:28] INFO mean_val_loss                 0.4040
2025-04-30 03:15:03,207 simple_logger.py log_once [line:28] INFO std_val_loss                  0.0559
2025-04-30 03:15:03,207 fedbase.py run [line:323] INFO expense           20294230.0
2025-04-30 03:15:03,207 fedbase.py run [line:324] INFO Eval Time Cost:               5.4344s
2025-04-30 03:15:03,208 asyncbase.py iterate [line:68] INFO Select clients [0, 1, 2, 3, 4, 5, 6, 7, 8, 9, 10, 11, 12, 13, 14, 15, 16, 17, 18, 19] at time 1913.
2025-04-30 03:15:20,225 asyncbase.py iterate [line:73] INFO Receive new models from clients [10, 18, 16, 12, 2, 14, 13, 4, 8, 1, 19, 11, 0, 9, 5, 17, 6, 3, 7] at time 1919
2025-04-30 03:15:20,225 asyncbase.py iterate [line:73] INFO Receive new models from clients [15] at time 1920
2025-04-30 03:15:20,263 fedbase.py run [line:318] INFO --------------Round 246--------------
2025-04-30 03:15:20,264 simple_logger.py log_once [line:14] INFO Current_time:1920
2025-04-30 03:15:25,579 simple_logger.py log_once [line:28] INFO test_accuracy                 0.8676
2025-04-30 03:15:25,580 simple_logger.py log_once [line:28] INFO test_loss                     0.4734
2025-04-30 03:15:25,580 simple_logger.py log_once [line:28] INFO val_accuracy                  0.8822
2025-04-30 03:15:25,580 simple_logger.py log_once [line:28] INFO mean_val_accuracy             0.8822
2025-04-30 03:15:25,580 simple_logger.py log_once [line:28] INFO std_val_accuracy              0.0188
2025-04-30 03:15:25,580 simple_logger.py log_once [line:28] INFO val_loss                      0.4027
2025-04-30 03:15:25,580 simple_logger.py log_once [line:28] INFO mean_val_loss                 0.4027
2025-04-30 03:15:25,580 simple_logger.py log_once [line:28] INFO std_val_loss                  0.0561
2025-04-30 03:15:25,580 fedbase.py run [line:323] INFO expense           20328630.0
2025-04-30 03:15:25,580 fedbase.py run [line:324] INFO Eval Time Cost:               5.3165s
2025-04-30 03:15:25,580 asyncbase.py iterate [line:68] INFO Select clients [0, 1, 2, 3, 4, 5, 6, 7, 8, 9, 10, 11, 12, 13, 14, 15, 16, 17, 18, 19] at time 1921.
2025-04-30 03:15:42,682 asyncbase.py iterate [line:73] INFO Receive new models from clients [12, 19, 15, 1, 18, 3, 2, 8, 13, 5, 17, 7, 9, 16, 14, 4, 0] at time 1927
2025-04-30 03:15:42,683 asyncbase.py iterate [line:73] INFO Receive new models from clients [6, 10, 11] at time 1928
2025-04-30 03:15:42,725 fedbase.py run [line:318] INFO --------------Round 247--------------
2025-04-30 03:15:42,725 simple_logger.py log_once [line:14] INFO Current_time:1928
2025-04-30 03:15:48,007 simple_logger.py log_once [line:28] INFO test_accuracy                 0.8688
2025-04-30 03:15:48,007 simple_logger.py log_once [line:28] INFO test_loss                     0.4722
2025-04-30 03:15:48,007 simple_logger.py log_once [line:28] INFO val_accuracy                  0.8810
2025-04-30 03:15:48,008 simple_logger.py log_once [line:28] INFO mean_val_accuracy             0.8810
2025-04-30 03:15:48,008 simple_logger.py log_once [line:28] INFO std_val_accuracy              0.0179
2025-04-30 03:15:48,008 simple_logger.py log_once [line:28] INFO val_loss                      0.4036
2025-04-30 03:15:48,008 simple_logger.py log_once [line:28] INFO mean_val_loss                 0.4036
2025-04-30 03:15:48,008 simple_logger.py log_once [line:28] INFO std_val_loss                  0.0561
2025-04-30 03:15:48,008 fedbase.py run [line:323] INFO expense           20363030.0
2025-04-30 03:15:48,008 fedbase.py run [line:324] INFO Eval Time Cost:               5.2830s
2025-04-30 03:15:48,008 asyncbase.py iterate [line:68] INFO Select clients [0, 1, 2, 3, 4, 5, 6, 7, 8, 9, 10, 11, 12, 13, 14, 15, 16, 17, 18, 19] at time 1929.
2025-04-30 03:16:07,323 asyncbase.py iterate [line:73] INFO Receive new models from clients [10, 11, 1, 0, 2, 13, 9, 5, 4, 6, 17, 3, 16, 8, 12, 14, 19, 18, 15, 7] at time 1935
2025-04-30 03:16:07,363 fedbase.py run [line:318] INFO --------------Round 248--------------
2025-04-30 03:16:07,364 simple_logger.py log_once [line:14] INFO Current_time:1935
2025-04-30 03:16:12,731 simple_logger.py log_once [line:28] INFO test_accuracy                 0.8692
2025-04-30 03:16:12,732 simple_logger.py log_once [line:28] INFO test_loss                     0.4709
2025-04-30 03:16:12,732 simple_logger.py log_once [line:28] INFO val_accuracy                  0.8816
2025-04-30 03:16:12,732 simple_logger.py log_once [line:28] INFO mean_val_accuracy             0.8816
2025-04-30 03:16:12,732 simple_logger.py log_once [line:28] INFO std_val_accuracy              0.0182
2025-04-30 03:16:12,732 simple_logger.py log_once [line:28] INFO val_loss                      0.4018
2025-04-30 03:16:12,732 simple_logger.py log_once [line:28] INFO mean_val_loss                 0.4018
2025-04-30 03:16:12,732 simple_logger.py log_once [line:28] INFO std_val_loss                  0.0558
2025-04-30 03:16:12,732 fedbase.py run [line:323] INFO expense           20397430.0
2025-04-30 03:16:12,732 fedbase.py run [line:324] INFO Eval Time Cost:               5.3686s
2025-04-30 03:16:12,732 asyncbase.py iterate [line:68] INFO Select clients [0, 1, 2, 3, 4, 5, 6, 7, 8, 9, 10, 11, 12, 13, 14, 15, 16, 17, 18, 19] at time 1936.
2025-04-30 03:16:30,351 asyncbase.py iterate [line:73] INFO Receive new models from clients [5, 10, 11, 12, 18, 0, 15, 17, 14, 9, 4, 8, 19, 1, 13, 2, 16, 6] at time 1942
2025-04-30 03:16:30,352 asyncbase.py iterate [line:73] INFO Receive new models from clients [3, 7] at time 1943
2025-04-30 03:16:30,392 fedbase.py run [line:318] INFO --------------Round 249--------------
2025-04-30 03:16:30,393 simple_logger.py log_once [line:14] INFO Current_time:1943
2025-04-30 03:16:35,700 simple_logger.py log_once [line:28] INFO test_accuracy                 0.8685
2025-04-30 03:16:35,700 simple_logger.py log_once [line:28] INFO test_loss                     0.4714
2025-04-30 03:16:35,700 simple_logger.py log_once [line:28] INFO val_accuracy                  0.8821
2025-04-30 03:16:35,701 simple_logger.py log_once [line:28] INFO mean_val_accuracy             0.8821
2025-04-30 03:16:35,701 simple_logger.py log_once [line:28] INFO std_val_accuracy              0.0187
2025-04-30 03:16:35,701 simple_logger.py log_once [line:28] INFO val_loss                      0.4022
2025-04-30 03:16:35,701 simple_logger.py log_once [line:28] INFO mean_val_loss                 0.4022
2025-04-30 03:16:35,701 simple_logger.py log_once [line:28] INFO std_val_loss                  0.0565
2025-04-30 03:16:35,701 fedbase.py run [line:323] INFO expense           20431830.0
2025-04-30 03:16:35,701 fedbase.py run [line:324] INFO Eval Time Cost:               5.3086s
2025-04-30 03:16:35,701 asyncbase.py iterate [line:68] INFO Select clients [0, 1, 2, 3, 4, 5, 6, 7, 8, 9, 10, 11, 12, 13, 14, 15, 16, 17, 18, 19] at time 1944.
2025-04-30 03:16:54,094 asyncbase.py iterate [line:73] INFO Receive new models from clients [8, 1, 12, 11, 15, 4, 5, 0, 17, 16, 14, 18, 13, 6, 2, 3, 7] at time 1950
2025-04-30 03:16:54,094 asyncbase.py iterate [line:73] INFO Receive new models from clients [10, 19, 9] at time 1951
2025-04-30 03:16:54,134 fedbase.py run [line:318] INFO --------------Round 250--------------
2025-04-30 03:16:54,134 simple_logger.py log_once [line:14] INFO Current_time:1951
2025-04-30 03:16:59,506 simple_logger.py log_once [line:28] INFO test_accuracy                 0.8688
2025-04-30 03:16:59,506 simple_logger.py log_once [line:28] INFO test_loss                     0.4706
2025-04-30 03:16:59,506 simple_logger.py log_once [line:28] INFO val_accuracy                  0.8821
2025-04-30 03:16:59,506 simple_logger.py log_once [line:28] INFO mean_val_accuracy             0.8821
2025-04-30 03:16:59,506 simple_logger.py log_once [line:28] INFO std_val_accuracy              0.0169
2025-04-30 03:16:59,506 simple_logger.py log_once [line:28] INFO val_loss                      0.4011
2025-04-30 03:16:59,506 simple_logger.py log_once [line:28] INFO mean_val_loss                 0.4011
2025-04-30 03:16:59,506 simple_logger.py log_once [line:28] INFO std_val_loss                  0.0560
2025-04-30 03:16:59,507 fedbase.py run [line:323] INFO expense           20466230.0
2025-04-30 03:16:59,507 fedbase.py run [line:324] INFO Eval Time Cost:               5.3728s
2025-04-30 03:16:59,507 asyncbase.py iterate [line:68] INFO Select clients [0, 1, 2, 3, 4, 5, 6, 7, 8, 9, 10, 11, 12, 13, 14, 15, 16, 17, 18, 19] at time 1952.
2025-04-30 03:17:16,732 asyncbase.py iterate [line:73] INFO Receive new models from clients [8, 19, 12, 1, 15, 11, 2, 13, 5, 3, 6, 18, 7, 10, 0, 4, 9, 16, 14] at time 1958
2025-04-30 03:17:16,732 asyncbase.py iterate [line:73] INFO Receive new models from clients [17] at time 1959
2025-04-30 03:17:16,774 fedbase.py run [line:318] INFO --------------Round 251--------------
2025-04-30 03:17:16,775 simple_logger.py log_once [line:14] INFO Current_time:1959
2025-04-30 03:17:22,109 simple_logger.py log_once [line:28] INFO test_accuracy                 0.8690
2025-04-30 03:17:22,109 simple_logger.py log_once [line:28] INFO test_loss                     0.4706
2025-04-30 03:17:22,109 simple_logger.py log_once [line:28] INFO val_accuracy                  0.8832
2025-04-30 03:17:22,110 simple_logger.py log_once [line:28] INFO mean_val_accuracy             0.8832
2025-04-30 03:17:22,110 simple_logger.py log_once [line:28] INFO std_val_accuracy              0.0171
2025-04-30 03:17:22,110 simple_logger.py log_once [line:28] INFO val_loss                      0.4015
2025-04-30 03:17:22,110 simple_logger.py log_once [line:28] INFO mean_val_loss                 0.4015
2025-04-30 03:17:22,110 simple_logger.py log_once [line:28] INFO std_val_loss                  0.0555
2025-04-30 03:17:22,110 fedbase.py run [line:323] INFO expense           20500630.0
2025-04-30 03:17:22,110 fedbase.py run [line:324] INFO Eval Time Cost:               5.3354s
2025-04-30 03:17:22,110 asyncbase.py iterate [line:68] INFO Select clients [0, 1, 2, 3, 4, 5, 6, 7, 8, 9, 10, 11, 12, 13, 14, 15, 16, 17, 18, 19] at time 1960.
2025-04-30 03:17:38,941 asyncbase.py iterate [line:73] INFO Receive new models from clients [19, 2, 15, 9, 0, 4, 14, 6, 1, 7, 13, 16, 12, 3, 10, 17, 18, 11, 8] at time 1966
2025-04-30 03:17:38,941 asyncbase.py iterate [line:73] INFO Receive new models from clients [5] at time 1967
2025-04-30 03:17:38,980 fedbase.py run [line:318] INFO --------------Round 252--------------
2025-04-30 03:17:38,980 simple_logger.py log_once [line:14] INFO Current_time:1967
2025-04-30 03:17:44,296 simple_logger.py log_once [line:28] INFO test_accuracy                 0.8694
2025-04-30 03:17:44,297 simple_logger.py log_once [line:28] INFO test_loss                     0.4696
2025-04-30 03:17:44,297 simple_logger.py log_once [line:28] INFO val_accuracy                  0.8822
2025-04-30 03:17:44,297 simple_logger.py log_once [line:28] INFO mean_val_accuracy             0.8822
2025-04-30 03:17:44,297 simple_logger.py log_once [line:28] INFO std_val_accuracy              0.0177
2025-04-30 03:17:44,297 simple_logger.py log_once [line:28] INFO val_loss                      0.4000
2025-04-30 03:17:44,297 simple_logger.py log_once [line:28] INFO mean_val_loss                 0.4000
2025-04-30 03:17:44,297 simple_logger.py log_once [line:28] INFO std_val_loss                  0.0562
2025-04-30 03:17:44,297 fedbase.py run [line:323] INFO expense           20535030.0
2025-04-30 03:17:44,297 fedbase.py run [line:324] INFO Eval Time Cost:               5.3169s
2025-04-30 03:17:44,297 asyncbase.py iterate [line:68] INFO Select clients [0, 1, 2, 3, 4, 5, 6, 7, 8, 9, 10, 11, 12, 13, 14, 15, 16, 17, 18, 19] at time 1968.
2025-04-30 03:18:01,416 asyncbase.py iterate [line:73] INFO Receive new models from clients [5, 16, 6, 15, 9, 2, 8, 12, 17, 19, 10, 13, 0, 7, 11, 1] at time 1974
2025-04-30 03:18:01,416 asyncbase.py iterate [line:73] INFO Receive new models from clients [18, 4, 3, 14] at time 1975
2025-04-30 03:18:01,456 fedbase.py run [line:318] INFO --------------Round 253--------------
2025-04-30 03:18:01,456 simple_logger.py log_once [line:14] INFO Current_time:1975
2025-04-30 03:18:06,766 simple_logger.py log_once [line:28] INFO test_accuracy                 0.8688
2025-04-30 03:18:06,767 simple_logger.py log_once [line:28] INFO test_loss                     0.4707
2025-04-30 03:18:06,767 simple_logger.py log_once [line:28] INFO val_accuracy                  0.8828
2025-04-30 03:18:06,767 simple_logger.py log_once [line:28] INFO mean_val_accuracy             0.8828
2025-04-30 03:18:06,767 simple_logger.py log_once [line:28] INFO std_val_accuracy              0.0182
2025-04-30 03:18:06,767 simple_logger.py log_once [line:28] INFO val_loss                      0.4012
2025-04-30 03:18:06,767 simple_logger.py log_once [line:28] INFO mean_val_loss                 0.4012
2025-04-30 03:18:06,767 simple_logger.py log_once [line:28] INFO std_val_loss                  0.0550
2025-04-30 03:18:06,767 fedbase.py run [line:323] INFO expense           20569430.0
2025-04-30 03:18:06,767 fedbase.py run [line:324] INFO Eval Time Cost:               5.3109s
2025-04-30 03:18:06,767 asyncbase.py iterate [line:68] INFO Select clients [0, 1, 2, 3, 4, 5, 6, 7, 8, 9, 10, 11, 12, 13, 14, 15, 16, 17, 18, 19] at time 1976.
2025-04-30 03:18:24,612 asyncbase.py iterate [line:73] INFO Receive new models from clients [11, 0, 16, 6, 4, 7, 9, 5, 18, 1, 2, 19, 15, 8, 12, 17, 13] at time 1982
2025-04-30 03:18:24,613 asyncbase.py iterate [line:73] INFO Receive new models from clients [14, 3, 10] at time 1983
2025-04-30 03:18:24,669 fedbase.py run [line:318] INFO --------------Round 254--------------
2025-04-30 03:18:24,669 simple_logger.py log_once [line:14] INFO Current_time:1983
2025-04-30 03:18:30,003 simple_logger.py log_once [line:28] INFO test_accuracy                 0.8694
2025-04-30 03:18:30,003 simple_logger.py log_once [line:28] INFO test_loss                     0.4715
2025-04-30 03:18:30,003 simple_logger.py log_once [line:28] INFO val_accuracy                  0.8824
2025-04-30 03:18:30,003 simple_logger.py log_once [line:28] INFO mean_val_accuracy             0.8824
2025-04-30 03:18:30,003 simple_logger.py log_once [line:28] INFO std_val_accuracy              0.0182
2025-04-30 03:18:30,003 simple_logger.py log_once [line:28] INFO val_loss                      0.4023
2025-04-30 03:18:30,003 simple_logger.py log_once [line:28] INFO mean_val_loss                 0.4023
2025-04-30 03:18:30,003 simple_logger.py log_once [line:28] INFO std_val_loss                  0.0557
2025-04-30 03:18:30,003 fedbase.py run [line:323] INFO expense           20603830.0
2025-04-30 03:18:30,003 fedbase.py run [line:324] INFO Eval Time Cost:               5.3342s
2025-04-30 03:18:30,004 asyncbase.py iterate [line:68] INFO Select clients [0, 1, 2, 3, 4, 5, 6, 7, 8, 9, 10, 11, 12, 13, 14, 15, 16, 17, 18, 19] at time 1984.
2025-04-30 03:18:46,980 asyncbase.py iterate [line:73] INFO Receive new models from clients [8, 16, 14, 17, 19, 1, 7, 3, 12, 6, 2, 10, 18, 11, 13, 4, 0, 15] at time 1990
2025-04-30 03:18:46,980 asyncbase.py iterate [line:73] INFO Receive new models from clients [5, 9] at time 1991
2025-04-30 03:18:47,018 fedbase.py run [line:318] INFO --------------Round 255--------------
2025-04-30 03:18:47,018 simple_logger.py log_once [line:14] INFO Current_time:1991
2025-04-30 03:18:52,285 simple_logger.py log_once [line:28] INFO test_accuracy                 0.8693
2025-04-30 03:18:52,285 simple_logger.py log_once [line:28] INFO test_loss                     0.4721
2025-04-30 03:18:52,285 simple_logger.py log_once [line:28] INFO val_accuracy                  0.8813
2025-04-30 03:18:52,285 simple_logger.py log_once [line:28] INFO mean_val_accuracy             0.8813
2025-04-30 03:18:52,285 simple_logger.py log_once [line:28] INFO std_val_accuracy              0.0192
2025-04-30 03:18:52,285 simple_logger.py log_once [line:28] INFO val_loss                      0.4006
2025-04-30 03:18:52,285 simple_logger.py log_once [line:28] INFO mean_val_loss                 0.4006
2025-04-30 03:18:52,285 simple_logger.py log_once [line:28] INFO std_val_loss                  0.0558
2025-04-30 03:18:52,285 fedbase.py run [line:323] INFO expense           20638230.0
2025-04-30 03:18:52,285 fedbase.py run [line:324] INFO Eval Time Cost:               5.2670s
2025-04-30 03:18:52,285 asyncbase.py iterate [line:68] INFO Select clients [0, 1, 2, 3, 4, 5, 6, 7, 8, 9, 10, 11, 12, 13, 14, 15, 16, 17, 18, 19] at time 1992.
2025-04-30 03:19:09,559 asyncbase.py iterate [line:73] INFO Receive new models from clients [11, 3, 8, 17, 13, 9, 18, 6, 12, 7, 2, 5, 4, 0, 10, 1, 19, 15, 14] at time 1998
2025-04-30 03:19:09,559 asyncbase.py iterate [line:73] INFO Receive new models from clients [16] at time 1999
2025-04-30 03:19:09,599 fedbase.py run [line:318] INFO --------------Round 256--------------
2025-04-30 03:19:09,599 simple_logger.py log_once [line:14] INFO Current_time:1999
2025-04-30 03:19:15,086 simple_logger.py log_once [line:28] INFO test_accuracy                 0.8696
2025-04-30 03:19:15,087 simple_logger.py log_once [line:28] INFO test_loss                     0.4693
2025-04-30 03:19:15,087 simple_logger.py log_once [line:28] INFO val_accuracy                  0.8836
2025-04-30 03:19:15,087 simple_logger.py log_once [line:28] INFO mean_val_accuracy             0.8836
2025-04-30 03:19:15,087 simple_logger.py log_once [line:28] INFO std_val_accuracy              0.0173
2025-04-30 03:19:15,087 simple_logger.py log_once [line:28] INFO val_loss                      0.3998
2025-04-30 03:19:15,087 simple_logger.py log_once [line:28] INFO mean_val_loss                 0.3998
2025-04-30 03:19:15,087 simple_logger.py log_once [line:28] INFO std_val_loss                  0.0565
2025-04-30 03:19:15,087 fedbase.py run [line:323] INFO expense           20672630.0
2025-04-30 03:19:15,087 fedbase.py run [line:324] INFO Eval Time Cost:               5.4882s
2025-04-30 03:19:15,087 asyncbase.py iterate [line:68] INFO Select clients [0, 1, 2, 3, 4, 5, 6, 7, 8, 9, 10, 11, 12, 13, 14, 15, 16, 17, 18, 19] at time 2000.
2025-04-30 03:19:33,221 asyncbase.py iterate [line:73] INFO Receive new models from clients [12, 10, 18, 4, 15, 2, 19, 6, 13, 7, 16, 17, 0, 1, 11, 14, 8, 3, 5] at time 2006
2025-04-30 03:19:33,221 asyncbase.py iterate [line:73] INFO Receive new models from clients [9] at time 2007
2025-04-30 03:19:33,264 fedbase.py run [line:318] INFO --------------Round 257--------------
2025-04-30 03:19:33,264 simple_logger.py log_once [line:14] INFO Current_time:2007
2025-04-30 03:19:38,601 simple_logger.py log_once [line:28] INFO test_accuracy                 0.8685
2025-04-30 03:19:38,601 simple_logger.py log_once [line:28] INFO test_loss                     0.4697
2025-04-30 03:19:38,601 simple_logger.py log_once [line:28] INFO val_accuracy                  0.8837
2025-04-30 03:19:38,601 simple_logger.py log_once [line:28] INFO mean_val_accuracy             0.8837
2025-04-30 03:19:38,601 simple_logger.py log_once [line:28] INFO std_val_accuracy              0.0170
2025-04-30 03:19:38,601 simple_logger.py log_once [line:28] INFO val_loss                      0.3996
2025-04-30 03:19:38,602 simple_logger.py log_once [line:28] INFO mean_val_loss                 0.3996
2025-04-30 03:19:38,602 simple_logger.py log_once [line:28] INFO std_val_loss                  0.0560
2025-04-30 03:19:38,602 fedbase.py run [line:323] INFO expense           20707030.0
2025-04-30 03:19:38,602 fedbase.py run [line:324] INFO Eval Time Cost:               5.3376s
2025-04-30 03:19:38,602 asyncbase.py iterate [line:68] INFO Select clients [0, 1, 2, 3, 4, 5, 6, 7, 8, 9, 10, 11, 12, 13, 14, 15, 16, 17, 18, 19] at time 2008.
2025-04-30 03:19:56,083 asyncbase.py iterate [line:73] INFO Receive new models from clients [2, 6, 14, 11, 10, 7, 17, 12, 4, 3, 15, 9, 16, 19, 1, 8] at time 2014
2025-04-30 03:19:56,084 asyncbase.py iterate [line:73] INFO Receive new models from clients [5, 13, 18, 0] at time 2015
2025-04-30 03:19:56,125 fedbase.py run [line:318] INFO --------------Round 258--------------
2025-04-30 03:19:56,125 simple_logger.py log_once [line:14] INFO Current_time:2015
2025-04-30 03:20:01,415 simple_logger.py log_once [line:28] INFO test_accuracy                 0.8706
2025-04-30 03:20:01,415 simple_logger.py log_once [line:28] INFO test_loss                     0.4671
2025-04-30 03:20:01,415 simple_logger.py log_once [line:28] INFO val_accuracy                  0.8837
2025-04-30 03:20:01,415 simple_logger.py log_once [line:28] INFO mean_val_accuracy             0.8837
2025-04-30 03:20:01,415 simple_logger.py log_once [line:28] INFO std_val_accuracy              0.0177
2025-04-30 03:20:01,415 simple_logger.py log_once [line:28] INFO val_loss                      0.3987
2025-04-30 03:20:01,415 simple_logger.py log_once [line:28] INFO mean_val_loss                 0.3987
2025-04-30 03:20:01,416 simple_logger.py log_once [line:28] INFO std_val_loss                  0.0560
2025-04-30 03:20:01,416 fedbase.py run [line:323] INFO expense           20741430.0
2025-04-30 03:20:01,416 fedbase.py run [line:324] INFO Eval Time Cost:               5.2907s
2025-04-30 03:20:01,416 asyncbase.py iterate [line:68] INFO Select clients [0, 1, 2, 3, 4, 5, 6, 7, 8, 9, 10, 11, 12, 13, 14, 15, 16, 17, 18, 19] at time 2016.
2025-04-30 03:20:18,752 asyncbase.py iterate [line:73] INFO Receive new models from clients [3, 2, 16, 10, 11, 13, 0, 6, 8, 1, 9, 4, 18, 15, 17, 5, 14, 19, 7] at time 2022
2025-04-30 03:20:18,753 asyncbase.py iterate [line:73] INFO Receive new models from clients [12] at time 2023
2025-04-30 03:20:18,796 fedbase.py run [line:318] INFO --------------Round 259--------------
2025-04-30 03:20:18,796 simple_logger.py log_once [line:14] INFO Current_time:2023
2025-04-30 03:20:24,139 simple_logger.py log_once [line:28] INFO test_accuracy                 0.8699
2025-04-30 03:20:24,140 simple_logger.py log_once [line:28] INFO test_loss                     0.4667
2025-04-30 03:20:24,140 simple_logger.py log_once [line:28] INFO val_accuracy                  0.8835
2025-04-30 03:20:24,140 simple_logger.py log_once [line:28] INFO mean_val_accuracy             0.8835
2025-04-30 03:20:24,140 simple_logger.py log_once [line:28] INFO std_val_accuracy              0.0164
2025-04-30 03:20:24,140 simple_logger.py log_once [line:28] INFO val_loss                      0.3971
2025-04-30 03:20:24,140 simple_logger.py log_once [line:28] INFO mean_val_loss                 0.3971
2025-04-30 03:20:24,140 simple_logger.py log_once [line:28] INFO std_val_loss                  0.0562
2025-04-30 03:20:24,140 fedbase.py run [line:323] INFO expense           20775830.0
2025-04-30 03:20:24,140 fedbase.py run [line:324] INFO Eval Time Cost:               5.3442s
2025-04-30 03:20:24,140 asyncbase.py iterate [line:68] INFO Select clients [0, 1, 2, 3, 4, 5, 6, 7, 8, 9, 10, 11, 12, 13, 14, 15, 16, 17, 18, 19] at time 2024.
2025-04-30 03:20:41,456 asyncbase.py iterate [line:73] INFO Receive new models from clients [13, 19, 8, 18, 6, 17, 15, 3, 16, 14, 11, 7, 5, 1, 9, 2, 4] at time 2030
2025-04-30 03:20:41,456 asyncbase.py iterate [line:73] INFO Receive new models from clients [10, 0, 12] at time 2031
2025-04-30 03:20:41,495 fedbase.py run [line:318] INFO --------------Round 260--------------
2025-04-30 03:20:41,495 simple_logger.py log_once [line:14] INFO Current_time:2031
2025-04-30 03:20:46,832 simple_logger.py log_once [line:28] INFO test_accuracy                 0.8699
2025-04-30 03:20:46,832 simple_logger.py log_once [line:28] INFO test_loss                     0.4661
2025-04-30 03:20:46,832 simple_logger.py log_once [line:28] INFO val_accuracy                  0.8829
2025-04-30 03:20:46,832 simple_logger.py log_once [line:28] INFO mean_val_accuracy             0.8829
2025-04-30 03:20:46,832 simple_logger.py log_once [line:28] INFO std_val_accuracy              0.0174
2025-04-30 03:20:46,832 simple_logger.py log_once [line:28] INFO val_loss                      0.3971
2025-04-30 03:20:46,833 simple_logger.py log_once [line:28] INFO mean_val_loss                 0.3971
2025-04-30 03:20:46,833 simple_logger.py log_once [line:28] INFO std_val_loss                  0.0557
2025-04-30 03:20:46,833 fedbase.py run [line:323] INFO expense           20810230.0
2025-04-30 03:20:46,833 fedbase.py run [line:324] INFO Eval Time Cost:               5.3377s
2025-04-30 03:20:46,833 asyncbase.py iterate [line:68] INFO Select clients [0, 1, 2, 3, 4, 5, 6, 7, 8, 9, 10, 11, 12, 13, 14, 15, 16, 17, 18, 19] at time 2032.
2025-04-30 03:21:03,446 asyncbase.py iterate [line:73] INFO Receive new models from clients [2, 18, 14, 1, 15, 0, 8, 11, 5, 4, 16, 12, 7, 13, 17, 19, 6, 9, 10] at time 2038
2025-04-30 03:21:03,446 asyncbase.py iterate [line:73] INFO Receive new models from clients [3] at time 2039
2025-04-30 03:21:03,486 fedbase.py run [line:318] INFO --------------Round 261--------------
2025-04-30 03:21:03,486 simple_logger.py log_once [line:14] INFO Current_time:2039
2025-04-30 03:21:08,780 simple_logger.py log_once [line:28] INFO test_accuracy                 0.8706
2025-04-30 03:21:08,780 simple_logger.py log_once [line:28] INFO test_loss                     0.4678
2025-04-30 03:21:08,780 simple_logger.py log_once [line:28] INFO val_accuracy                  0.8827
2025-04-30 03:21:08,780 simple_logger.py log_once [line:28] INFO mean_val_accuracy             0.8827
2025-04-30 03:21:08,781 simple_logger.py log_once [line:28] INFO std_val_accuracy              0.0178
2025-04-30 03:21:08,781 simple_logger.py log_once [line:28] INFO val_loss                      0.3966
2025-04-30 03:21:08,781 simple_logger.py log_once [line:28] INFO mean_val_loss                 0.3966
2025-04-30 03:21:08,781 simple_logger.py log_once [line:28] INFO std_val_loss                  0.0557
2025-04-30 03:21:08,781 fedbase.py run [line:323] INFO expense           20844630.0
2025-04-30 03:21:08,781 fedbase.py run [line:324] INFO Eval Time Cost:               5.2951s
2025-04-30 03:21:08,781 asyncbase.py iterate [line:68] INFO Select clients [0, 1, 2, 3, 4, 5, 6, 7, 8, 9, 10, 11, 12, 13, 14, 15, 16, 17, 18, 19] at time 2040.
2025-04-30 03:21:26,849 asyncbase.py iterate [line:73] INFO Receive new models from clients [9, 15, 5, 7, 19, 4, 6, 10, 1, 12, 3, 8, 13, 0, 18, 17, 2, 11, 16] at time 2046
2025-04-30 03:21:26,849 asyncbase.py iterate [line:73] INFO Receive new models from clients [14] at time 2047
2025-04-30 03:21:26,891 fedbase.py run [line:318] INFO --------------Round 262--------------
2025-04-30 03:21:26,891 simple_logger.py log_once [line:14] INFO Current_time:2047
2025-04-30 03:21:32,256 simple_logger.py log_once [line:28] INFO test_accuracy                 0.8701
2025-04-30 03:21:32,257 simple_logger.py log_once [line:28] INFO test_loss                     0.4660
2025-04-30 03:21:32,257 simple_logger.py log_once [line:28] INFO val_accuracy                  0.8835
2025-04-30 03:21:32,257 simple_logger.py log_once [line:28] INFO mean_val_accuracy             0.8835
2025-04-30 03:21:32,257 simple_logger.py log_once [line:28] INFO std_val_accuracy              0.0175
2025-04-30 03:21:32,257 simple_logger.py log_once [line:28] INFO val_loss                      0.3969
2025-04-30 03:21:32,257 simple_logger.py log_once [line:28] INFO mean_val_loss                 0.3969
2025-04-30 03:21:32,257 simple_logger.py log_once [line:28] INFO std_val_loss                  0.0557
2025-04-30 03:21:32,257 fedbase.py run [line:323] INFO expense           20879030.0
2025-04-30 03:21:32,257 fedbase.py run [line:324] INFO Eval Time Cost:               5.3663s
2025-04-30 03:21:32,257 asyncbase.py iterate [line:68] INFO Select clients [0, 1, 2, 3, 4, 5, 6, 7, 8, 9, 10, 11, 12, 13, 14, 15, 16, 17, 18, 19] at time 2048.
2025-04-30 03:21:49,833 asyncbase.py iterate [line:73] INFO Receive new models from clients [8, 5, 2, 16, 4, 9, 18, 1, 0, 15, 14, 12, 17, 11, 6, 3, 13, 7] at time 2054
2025-04-30 03:21:49,833 asyncbase.py iterate [line:73] INFO Receive new models from clients [19, 10] at time 2055
2025-04-30 03:21:49,876 fedbase.py run [line:318] INFO --------------Round 263--------------
2025-04-30 03:21:49,876 simple_logger.py log_once [line:14] INFO Current_time:2055
2025-04-30 03:21:55,165 simple_logger.py log_once [line:28] INFO test_accuracy                 0.8699
2025-04-30 03:21:55,165 simple_logger.py log_once [line:28] INFO test_loss                     0.4651
2025-04-30 03:21:55,165 simple_logger.py log_once [line:28] INFO val_accuracy                  0.8828
2025-04-30 03:21:55,166 simple_logger.py log_once [line:28] INFO mean_val_accuracy             0.8828
2025-04-30 03:21:55,166 simple_logger.py log_once [line:28] INFO std_val_accuracy              0.0176
2025-04-30 03:21:55,166 simple_logger.py log_once [line:28] INFO val_loss                      0.3977
2025-04-30 03:21:55,166 simple_logger.py log_once [line:28] INFO mean_val_loss                 0.3977
2025-04-30 03:21:55,166 simple_logger.py log_once [line:28] INFO std_val_loss                  0.0557
2025-04-30 03:21:55,166 fedbase.py run [line:323] INFO expense           20913430.0
2025-04-30 03:21:55,166 fedbase.py run [line:324] INFO Eval Time Cost:               5.2902s
2025-04-30 03:21:55,166 asyncbase.py iterate [line:68] INFO Select clients [0, 1, 2, 3, 4, 5, 6, 7, 8, 9, 10, 11, 12, 13, 14, 15, 16, 17, 18, 19] at time 2056.
2025-04-30 03:22:13,017 asyncbase.py iterate [line:73] INFO Receive new models from clients [0, 17, 19, 13, 10, 5, 2, 11, 15, 3, 18, 1, 4, 9, 6, 16, 7] at time 2062
2025-04-30 03:22:13,017 asyncbase.py iterate [line:73] INFO Receive new models from clients [14, 12, 8] at time 2063
2025-04-30 03:22:13,055 fedbase.py run [line:318] INFO --------------Round 264--------------
2025-04-30 03:22:13,055 simple_logger.py log_once [line:14] INFO Current_time:2063
2025-04-30 03:22:18,387 simple_logger.py log_once [line:28] INFO test_accuracy                 0.8703
2025-04-30 03:22:18,387 simple_logger.py log_once [line:28] INFO test_loss                     0.4670
2025-04-30 03:22:18,387 simple_logger.py log_once [line:28] INFO val_accuracy                  0.8837
2025-04-30 03:22:18,387 simple_logger.py log_once [line:28] INFO mean_val_accuracy             0.8837
2025-04-30 03:22:18,387 simple_logger.py log_once [line:28] INFO std_val_accuracy              0.0165
2025-04-30 03:22:18,387 simple_logger.py log_once [line:28] INFO val_loss                      0.3975
2025-04-30 03:22:18,387 simple_logger.py log_once [line:28] INFO mean_val_loss                 0.3975
2025-04-30 03:22:18,387 simple_logger.py log_once [line:28] INFO std_val_loss                  0.0558
2025-04-30 03:22:18,387 fedbase.py run [line:323] INFO expense           20947830.0
2025-04-30 03:22:18,387 fedbase.py run [line:324] INFO Eval Time Cost:               5.3320s
2025-04-30 03:22:18,387 asyncbase.py iterate [line:68] INFO Select clients [0, 1, 2, 3, 4, 5, 6, 7, 8, 9, 10, 11, 12, 13, 14, 15, 16, 17, 18, 19] at time 2064.
2025-04-30 03:22:35,460 asyncbase.py iterate [line:73] INFO Receive new models from clients [7, 4, 1, 12, 17, 18, 16, 9, 19, 13, 15, 5, 8, 0, 10, 11, 2, 6, 3] at time 2070
2025-04-30 03:22:35,460 asyncbase.py iterate [line:73] INFO Receive new models from clients [14] at time 2071
2025-04-30 03:22:35,501 fedbase.py run [line:318] INFO --------------Round 265--------------
2025-04-30 03:22:35,501 simple_logger.py log_once [line:14] INFO Current_time:2071
2025-04-30 03:22:40,919 simple_logger.py log_once [line:28] INFO test_accuracy                 0.8714
2025-04-30 03:22:40,919 simple_logger.py log_once [line:28] INFO test_loss                     0.4636
2025-04-30 03:22:40,919 simple_logger.py log_once [line:28] INFO val_accuracy                  0.8851
2025-04-30 03:22:40,919 simple_logger.py log_once [line:28] INFO mean_val_accuracy             0.8851
2025-04-30 03:22:40,919 simple_logger.py log_once [line:28] INFO std_val_accuracy              0.0168
2025-04-30 03:22:40,919 simple_logger.py log_once [line:28] INFO val_loss                      0.3958
2025-04-30 03:22:40,920 simple_logger.py log_once [line:28] INFO mean_val_loss                 0.3958
2025-04-30 03:22:40,920 simple_logger.py log_once [line:28] INFO std_val_loss                  0.0557
2025-04-30 03:22:40,920 fedbase.py run [line:323] INFO expense           20982230.0
2025-04-30 03:22:40,920 fedbase.py run [line:324] INFO Eval Time Cost:               5.4186s
2025-04-30 03:22:40,920 asyncbase.py iterate [line:68] INFO Select clients [0, 1, 2, 3, 4, 5, 6, 7, 8, 9, 10, 11, 12, 13, 14, 15, 16, 17, 18, 19] at time 2072.
2025-04-30 03:22:57,810 asyncbase.py iterate [line:73] INFO Receive new models from clients [0, 15, 5, 6, 8, 17, 7, 14, 19, 1, 12, 11, 18, 4, 13, 16, 3, 9] at time 2078
2025-04-30 03:22:57,810 asyncbase.py iterate [line:73] INFO Receive new models from clients [2, 10] at time 2079
2025-04-30 03:22:57,851 fedbase.py run [line:318] INFO --------------Round 266--------------
2025-04-30 03:22:57,851 simple_logger.py log_once [line:14] INFO Current_time:2079
2025-04-30 03:23:03,181 simple_logger.py log_once [line:28] INFO test_accuracy                 0.8707
2025-04-30 03:23:03,181 simple_logger.py log_once [line:28] INFO test_loss                     0.4667
2025-04-30 03:23:03,182 simple_logger.py log_once [line:28] INFO val_accuracy                  0.8839
2025-04-30 03:23:03,182 simple_logger.py log_once [line:28] INFO mean_val_accuracy             0.8839
2025-04-30 03:23:03,182 simple_logger.py log_once [line:28] INFO std_val_accuracy              0.0192
2025-04-30 03:23:03,182 simple_logger.py log_once [line:28] INFO val_loss                      0.3957
2025-04-30 03:23:03,182 simple_logger.py log_once [line:28] INFO mean_val_loss                 0.3957
2025-04-30 03:23:03,182 simple_logger.py log_once [line:28] INFO std_val_loss                  0.0560
2025-04-30 03:23:03,182 fedbase.py run [line:323] INFO expense           21016630.0
2025-04-30 03:23:03,182 fedbase.py run [line:324] INFO Eval Time Cost:               5.3310s
2025-04-30 03:23:03,182 asyncbase.py iterate [line:68] INFO Select clients [0, 1, 2, 3, 4, 5, 6, 7, 8, 9, 10, 11, 12, 13, 14, 15, 16, 17, 18, 19] at time 2080.
2025-04-30 03:23:19,846 asyncbase.py iterate [line:73] INFO Receive new models from clients [18, 13, 15, 7, 1, 4, 6, 9, 16, 12, 0, 3, 19, 11, 5, 17, 14, 10] at time 2086
2025-04-30 03:23:19,847 asyncbase.py iterate [line:73] INFO Receive new models from clients [2, 8] at time 2087
2025-04-30 03:23:19,885 fedbase.py run [line:318] INFO --------------Round 267--------------
2025-04-30 03:23:19,885 simple_logger.py log_once [line:14] INFO Current_time:2087
2025-04-30 03:23:25,181 simple_logger.py log_once [line:28] INFO test_accuracy                 0.8702
2025-04-30 03:23:25,181 simple_logger.py log_once [line:28] INFO test_loss                     0.4666
2025-04-30 03:23:25,181 simple_logger.py log_once [line:28] INFO val_accuracy                  0.8837
2025-04-30 03:23:25,181 simple_logger.py log_once [line:28] INFO mean_val_accuracy             0.8837
2025-04-30 03:23:25,181 simple_logger.py log_once [line:28] INFO std_val_accuracy              0.0171
2025-04-30 03:23:25,181 simple_logger.py log_once [line:28] INFO val_loss                      0.3953
2025-04-30 03:23:25,181 simple_logger.py log_once [line:28] INFO mean_val_loss                 0.3953
2025-04-30 03:23:25,181 simple_logger.py log_once [line:28] INFO std_val_loss                  0.0555
2025-04-30 03:23:25,181 fedbase.py run [line:323] INFO expense           21051030.0
2025-04-30 03:23:25,181 fedbase.py run [line:324] INFO Eval Time Cost:               5.2965s
2025-04-30 03:23:25,181 asyncbase.py iterate [line:68] INFO Select clients [0, 1, 2, 3, 4, 5, 6, 7, 8, 9, 10, 11, 12, 13, 14, 15, 16, 17, 18, 19] at time 2088.
2025-04-30 03:23:42,084 asyncbase.py iterate [line:73] INFO Receive new models from clients [12, 14, 16, 3, 18, 4, 2, 15, 1, 10, 13, 19, 0, 6, 17, 8, 5, 7] at time 2094
2025-04-30 03:23:42,084 asyncbase.py iterate [line:73] INFO Receive new models from clients [9, 11] at time 2095
2025-04-30 03:23:42,124 fedbase.py run [line:318] INFO --------------Round 268--------------
2025-04-30 03:23:42,125 simple_logger.py log_once [line:14] INFO Current_time:2095
2025-04-30 03:23:47,368 simple_logger.py log_once [line:28] INFO test_accuracy                 0.8711
2025-04-30 03:23:47,369 simple_logger.py log_once [line:28] INFO test_loss                     0.4642
2025-04-30 03:23:47,369 simple_logger.py log_once [line:28] INFO val_accuracy                  0.8837
2025-04-30 03:23:47,369 simple_logger.py log_once [line:28] INFO mean_val_accuracy             0.8837
2025-04-30 03:23:47,369 simple_logger.py log_once [line:28] INFO std_val_accuracy              0.0182
2025-04-30 03:23:47,369 simple_logger.py log_once [line:28] INFO val_loss                      0.3946
2025-04-30 03:23:47,369 simple_logger.py log_once [line:28] INFO mean_val_loss                 0.3946
2025-04-30 03:23:47,369 simple_logger.py log_once [line:28] INFO std_val_loss                  0.0554
2025-04-30 03:23:47,369 fedbase.py run [line:323] INFO expense           21085430.0
2025-04-30 03:23:47,369 fedbase.py run [line:324] INFO Eval Time Cost:               5.2444s
2025-04-30 03:23:47,369 asyncbase.py iterate [line:68] INFO Select clients [0, 1, 2, 3, 4, 5, 6, 7, 8, 9, 10, 11, 12, 13, 14, 15, 16, 17, 18, 19] at time 2096.
2025-04-30 03:24:04,442 asyncbase.py iterate [line:73] INFO Receive new models from clients [16, 5, 0, 11, 15, 12, 1, 6, 8, 7, 3, 4, 19, 13, 17] at time 2102
2025-04-30 03:24:04,442 asyncbase.py iterate [line:73] INFO Receive new models from clients [9, 10, 14, 2, 18] at time 2103
2025-04-30 03:24:04,480 fedbase.py run [line:318] INFO --------------Round 269--------------
2025-04-30 03:24:04,480 simple_logger.py log_once [line:14] INFO Current_time:2103
2025-04-30 03:24:09,862 simple_logger.py log_once [line:28] INFO test_accuracy                 0.8708
2025-04-30 03:24:09,862 simple_logger.py log_once [line:28] INFO test_loss                     0.4642
2025-04-30 03:24:09,862 simple_logger.py log_once [line:28] INFO val_accuracy                  0.8836
2025-04-30 03:24:09,862 simple_logger.py log_once [line:28] INFO mean_val_accuracy             0.8836
2025-04-30 03:24:09,862 simple_logger.py log_once [line:28] INFO std_val_accuracy              0.0158
2025-04-30 03:24:09,862 simple_logger.py log_once [line:28] INFO val_loss                      0.3938
2025-04-30 03:24:09,862 simple_logger.py log_once [line:28] INFO mean_val_loss                 0.3938
2025-04-30 03:24:09,862 simple_logger.py log_once [line:28] INFO std_val_loss                  0.0553
2025-04-30 03:24:09,862 fedbase.py run [line:323] INFO expense           21119830.0
2025-04-30 03:24:09,862 fedbase.py run [line:324] INFO Eval Time Cost:               5.3825s
2025-04-30 03:24:09,863 asyncbase.py iterate [line:68] INFO Select clients [0, 1, 2, 3, 4, 5, 6, 7, 8, 9, 10, 11, 12, 13, 14, 15, 16, 17, 18, 19] at time 2104.
2025-04-30 03:24:27,173 asyncbase.py iterate [line:73] INFO Receive new models from clients [14, 0, 4, 15, 17, 11, 5, 7, 6, 10, 16, 12, 9, 1, 2, 19, 3, 18] at time 2110
2025-04-30 03:24:27,174 asyncbase.py iterate [line:73] INFO Receive new models from clients [13, 8] at time 2111
2025-04-30 03:24:27,213 fedbase.py run [line:318] INFO --------------Round 270--------------
2025-04-30 03:24:27,213 simple_logger.py log_once [line:14] INFO Current_time:2111
2025-04-30 03:24:32,593 simple_logger.py log_once [line:28] INFO test_accuracy                 0.8709
2025-04-30 03:24:32,593 simple_logger.py log_once [line:28] INFO test_loss                     0.4623
2025-04-30 03:24:32,593 simple_logger.py log_once [line:28] INFO val_accuracy                  0.8848
2025-04-30 03:24:32,593 simple_logger.py log_once [line:28] INFO mean_val_accuracy             0.8848
2025-04-30 03:24:32,593 simple_logger.py log_once [line:28] INFO std_val_accuracy              0.0173
2025-04-30 03:24:32,594 simple_logger.py log_once [line:28] INFO val_loss                      0.3934
2025-04-30 03:24:32,594 simple_logger.py log_once [line:28] INFO mean_val_loss                 0.3934
2025-04-30 03:24:32,594 simple_logger.py log_once [line:28] INFO std_val_loss                  0.0550
2025-04-30 03:24:32,594 fedbase.py run [line:323] INFO expense           21154230.0
2025-04-30 03:24:32,594 fedbase.py run [line:324] INFO Eval Time Cost:               5.3805s
2025-04-30 03:24:32,594 asyncbase.py iterate [line:68] INFO Select clients [0, 1, 2, 3, 4, 5, 6, 7, 8, 9, 10, 11, 12, 13, 14, 15, 16, 17, 18, 19] at time 2112.
2025-04-30 03:24:51,719 asyncbase.py iterate [line:73] INFO Receive new models from clients [7, 8, 19, 16, 0, 15, 6, 12, 18, 1, 5, 11, 14, 17, 9, 10, 4] at time 2118
2025-04-30 03:24:51,719 asyncbase.py iterate [line:73] INFO Receive new models from clients [13, 3, 2] at time 2119
2025-04-30 03:24:51,762 fedbase.py run [line:318] INFO --------------Round 271--------------
2025-04-30 03:24:51,763 simple_logger.py log_once [line:14] INFO Current_time:2119
2025-04-30 03:24:57,105 simple_logger.py log_once [line:28] INFO test_accuracy                 0.8704
2025-04-30 03:24:57,105 simple_logger.py log_once [line:28] INFO test_loss                     0.4650
2025-04-30 03:24:57,105 simple_logger.py log_once [line:28] INFO val_accuracy                  0.8870
2025-04-30 03:24:57,105 simple_logger.py log_once [line:28] INFO mean_val_accuracy             0.8870
2025-04-30 03:24:57,105 simple_logger.py log_once [line:28] INFO std_val_accuracy              0.0176
2025-04-30 03:24:57,105 simple_logger.py log_once [line:28] INFO val_loss                      0.3940
2025-04-30 03:24:57,105 simple_logger.py log_once [line:28] INFO mean_val_loss                 0.3940
2025-04-30 03:24:57,105 simple_logger.py log_once [line:28] INFO std_val_loss                  0.0563
2025-04-30 03:24:57,105 fedbase.py run [line:323] INFO expense           21188630.0
2025-04-30 03:24:57,105 fedbase.py run [line:324] INFO Eval Time Cost:               5.3427s
2025-04-30 03:24:57,106 asyncbase.py iterate [line:68] INFO Select clients [0, 1, 2, 3, 4, 5, 6, 7, 8, 9, 10, 11, 12, 13, 14, 15, 16, 17, 18, 19] at time 2120.
2025-04-30 03:25:14,503 asyncbase.py iterate [line:73] INFO Receive new models from clients [17, 10, 3, 8, 5, 7, 13, 16, 11, 9, 1, 4, 15, 19, 6, 0, 14, 2] at time 2126
2025-04-30 03:25:14,504 asyncbase.py iterate [line:73] INFO Receive new models from clients [12, 18] at time 2127
2025-04-30 03:25:14,543 fedbase.py run [line:318] INFO --------------Round 272--------------
2025-04-30 03:25:14,543 simple_logger.py log_once [line:14] INFO Current_time:2127
2025-04-30 03:25:19,923 simple_logger.py log_once [line:28] INFO test_accuracy                 0.8703
2025-04-30 03:25:19,923 simple_logger.py log_once [line:28] INFO test_loss                     0.4638
2025-04-30 03:25:19,923 simple_logger.py log_once [line:28] INFO val_accuracy                  0.8844
2025-04-30 03:25:19,923 simple_logger.py log_once [line:28] INFO mean_val_accuracy             0.8844
2025-04-30 03:25:19,923 simple_logger.py log_once [line:28] INFO std_val_accuracy              0.0172
2025-04-30 03:25:19,923 simple_logger.py log_once [line:28] INFO val_loss                      0.3936
2025-04-30 03:25:19,923 simple_logger.py log_once [line:28] INFO mean_val_loss                 0.3936
2025-04-30 03:25:19,923 simple_logger.py log_once [line:28] INFO std_val_loss                  0.0557
2025-04-30 03:25:19,923 fedbase.py run [line:323] INFO expense           21223030.0
2025-04-30 03:25:19,924 fedbase.py run [line:324] INFO Eval Time Cost:               5.3807s
2025-04-30 03:25:19,924 asyncbase.py iterate [line:68] INFO Select clients [0, 1, 2, 3, 4, 5, 6, 7, 8, 9, 10, 11, 12, 13, 14, 15, 16, 17, 18, 19] at time 2128.
2025-04-30 03:25:37,049 asyncbase.py iterate [line:73] INFO Receive new models from clients [3, 15, 13, 18, 19, 0, 8, 10, 7, 1, 14, 6, 5, 17, 16, 4, 12, 9, 11] at time 2134
2025-04-30 03:25:37,050 asyncbase.py iterate [line:73] INFO Receive new models from clients [2] at time 2135
2025-04-30 03:25:37,091 fedbase.py run [line:318] INFO --------------Round 273--------------
2025-04-30 03:25:37,091 simple_logger.py log_once [line:14] INFO Current_time:2135
2025-04-30 03:25:42,406 simple_logger.py log_once [line:28] INFO test_accuracy                 0.8707
2025-04-30 03:25:42,406 simple_logger.py log_once [line:28] INFO test_loss                     0.4634
2025-04-30 03:25:42,406 simple_logger.py log_once [line:28] INFO val_accuracy                  0.8847
2025-04-30 03:25:42,406 simple_logger.py log_once [line:28] INFO mean_val_accuracy             0.8847
2025-04-30 03:25:42,406 simple_logger.py log_once [line:28] INFO std_val_accuracy              0.0174
2025-04-30 03:25:42,406 simple_logger.py log_once [line:28] INFO val_loss                      0.3932
2025-04-30 03:25:42,406 simple_logger.py log_once [line:28] INFO mean_val_loss                 0.3932
2025-04-30 03:25:42,406 simple_logger.py log_once [line:28] INFO std_val_loss                  0.0552
2025-04-30 03:25:42,407 fedbase.py run [line:323] INFO expense           21257430.0
2025-04-30 03:25:42,407 fedbase.py run [line:324] INFO Eval Time Cost:               5.3159s
2025-04-30 03:25:42,407 asyncbase.py iterate [line:68] INFO Select clients [0, 1, 2, 3, 4, 5, 6, 7, 8, 9, 10, 11, 12, 13, 14, 15, 16, 17, 18, 19] at time 2136.
2025-04-30 03:26:01,029 asyncbase.py iterate [line:73] INFO Receive new models from clients [1, 16, 11, 9, 18, 15, 12, 19, 14, 7, 3, 8, 0, 6, 17, 5] at time 2142
2025-04-30 03:26:01,030 asyncbase.py iterate [line:73] INFO Receive new models from clients [13, 4, 2, 10] at time 2143
2025-04-30 03:26:01,072 fedbase.py run [line:318] INFO --------------Round 274--------------
2025-04-30 03:26:01,072 simple_logger.py log_once [line:14] INFO Current_time:2143
2025-04-30 03:26:06,449 simple_logger.py log_once [line:28] INFO test_accuracy                 0.8716
2025-04-30 03:26:06,449 simple_logger.py log_once [line:28] INFO test_loss                     0.4627
2025-04-30 03:26:06,450 simple_logger.py log_once [line:28] INFO val_accuracy                  0.8854
2025-04-30 03:26:06,450 simple_logger.py log_once [line:28] INFO mean_val_accuracy             0.8854
2025-04-30 03:26:06,450 simple_logger.py log_once [line:28] INFO std_val_accuracy              0.0191
2025-04-30 03:26:06,450 simple_logger.py log_once [line:28] INFO val_loss                      0.3928
2025-04-30 03:26:06,450 simple_logger.py log_once [line:28] INFO mean_val_loss                 0.3928
2025-04-30 03:26:06,450 simple_logger.py log_once [line:28] INFO std_val_loss                  0.0559
2025-04-30 03:26:06,450 fedbase.py run [line:323] INFO expense           21291830.0
2025-04-30 03:26:06,450 fedbase.py run [line:324] INFO Eval Time Cost:               5.3779s
2025-04-30 03:26:06,450 asyncbase.py iterate [line:68] INFO Select clients [0, 1, 2, 3, 4, 5, 6, 7, 8, 9, 10, 11, 12, 13, 14, 15, 16, 17, 18, 19] at time 2144.
2025-04-30 03:26:23,711 asyncbase.py iterate [line:73] INFO Receive new models from clients [1, 0, 19, 8, 6, 2, 11, 9, 7, 17, 13, 15, 16, 18, 12, 10, 4, 3] at time 2150
2025-04-30 03:26:23,711 asyncbase.py iterate [line:73] INFO Receive new models from clients [14, 5] at time 2151
2025-04-30 03:26:23,749 fedbase.py run [line:318] INFO --------------Round 275--------------
2025-04-30 03:26:23,749 simple_logger.py log_once [line:14] INFO Current_time:2151
2025-04-30 03:26:29,049 simple_logger.py log_once [line:28] INFO test_accuracy                 0.8709
2025-04-30 03:26:29,049 simple_logger.py log_once [line:28] INFO test_loss                     0.4643
2025-04-30 03:26:29,049 simple_logger.py log_once [line:28] INFO val_accuracy                  0.8851
2025-04-30 03:26:29,049 simple_logger.py log_once [line:28] INFO mean_val_accuracy             0.8851
2025-04-30 03:26:29,049 simple_logger.py log_once [line:28] INFO std_val_accuracy              0.0178
2025-04-30 03:26:29,049 simple_logger.py log_once [line:28] INFO val_loss                      0.3921
2025-04-30 03:26:29,049 simple_logger.py log_once [line:28] INFO mean_val_loss                 0.3921
2025-04-30 03:26:29,049 simple_logger.py log_once [line:28] INFO std_val_loss                  0.0553
2025-04-30 03:26:29,049 fedbase.py run [line:323] INFO expense           21326230.0
2025-04-30 03:26:29,049 fedbase.py run [line:324] INFO Eval Time Cost:               5.3004s
2025-04-30 03:26:29,049 asyncbase.py iterate [line:68] INFO Select clients [0, 1, 2, 3, 4, 5, 6, 7, 8, 9, 10, 11, 12, 13, 14, 15, 16, 17, 18, 19] at time 2152.
2025-04-30 03:26:46,702 asyncbase.py iterate [line:73] INFO Receive new models from clients [12, 9, 5, 14, 1, 10, 4, 13, 8, 15, 17, 11, 0] at time 2158
2025-04-30 03:26:46,702 asyncbase.py iterate [line:73] INFO Receive new models from clients [2, 3, 16, 18, 19, 6, 7] at time 2159
2025-04-30 03:26:46,744 fedbase.py run [line:318] INFO --------------Round 276--------------
2025-04-30 03:26:46,744 simple_logger.py log_once [line:14] INFO Current_time:2159
2025-04-30 03:26:52,005 simple_logger.py log_once [line:28] INFO test_accuracy                 0.8715
2025-04-30 03:26:52,005 simple_logger.py log_once [line:28] INFO test_loss                     0.4645
2025-04-30 03:26:52,005 simple_logger.py log_once [line:28] INFO val_accuracy                  0.8848
2025-04-30 03:26:52,005 simple_logger.py log_once [line:28] INFO mean_val_accuracy             0.8848
2025-04-30 03:26:52,005 simple_logger.py log_once [line:28] INFO std_val_accuracy              0.0201
2025-04-30 03:26:52,005 simple_logger.py log_once [line:28] INFO val_loss                      0.3924
2025-04-30 03:26:52,005 simple_logger.py log_once [line:28] INFO mean_val_loss                 0.3924
2025-04-30 03:26:52,005 simple_logger.py log_once [line:28] INFO std_val_loss                  0.0561
2025-04-30 03:26:52,006 fedbase.py run [line:323] INFO expense           21360630.0
2025-04-30 03:26:52,006 fedbase.py run [line:324] INFO Eval Time Cost:               5.2616s
2025-04-30 03:26:52,006 asyncbase.py iterate [line:68] INFO Select clients [0, 1, 2, 3, 4, 5, 6, 7, 8, 9, 10, 11, 12, 13, 14, 15, 16, 17, 18, 19] at time 2160.
2025-04-30 03:27:09,970 asyncbase.py iterate [line:73] INFO Receive new models from clients [16, 11, 5, 2, 15, 0, 19, 18, 1, 17, 8, 9, 13, 10, 7, 4, 12, 3, 14] at time 2166
2025-04-30 03:27:09,970 asyncbase.py iterate [line:73] INFO Receive new models from clients [6] at time 2167
2025-04-30 03:27:10,008 fedbase.py run [line:318] INFO --------------Round 277--------------
2025-04-30 03:27:10,009 simple_logger.py log_once [line:14] INFO Current_time:2167
2025-04-30 03:27:15,222 simple_logger.py log_once [line:28] INFO test_accuracy                 0.8719
2025-04-30 03:27:15,222 simple_logger.py log_once [line:28] INFO test_loss                     0.4609
2025-04-30 03:27:15,222 simple_logger.py log_once [line:28] INFO val_accuracy                  0.8857
2025-04-30 03:27:15,222 simple_logger.py log_once [line:28] INFO mean_val_accuracy             0.8857
2025-04-30 03:27:15,222 simple_logger.py log_once [line:28] INFO std_val_accuracy              0.0183
2025-04-30 03:27:15,222 simple_logger.py log_once [line:28] INFO val_loss                      0.3918
2025-04-30 03:27:15,222 simple_logger.py log_once [line:28] INFO mean_val_loss                 0.3918
2025-04-30 03:27:15,223 simple_logger.py log_once [line:28] INFO std_val_loss                  0.0558
2025-04-30 03:27:15,223 fedbase.py run [line:323] INFO expense           21395030.0
2025-04-30 03:27:15,223 fedbase.py run [line:324] INFO Eval Time Cost:               5.2141s
2025-04-30 03:27:15,223 asyncbase.py iterate [line:68] INFO Select clients [0, 1, 2, 3, 4, 5, 6, 7, 8, 9, 10, 11, 12, 13, 14, 15, 16, 17, 18, 19] at time 2168.
2025-04-30 03:27:32,483 asyncbase.py iterate [line:73] INFO Receive new models from clients [19, 17, 16, 3, 4, 5, 12, 14, 1, 15, 11, 13, 8, 6, 18, 9, 0, 7] at time 2174
2025-04-30 03:27:32,483 asyncbase.py iterate [line:73] INFO Receive new models from clients [2, 10] at time 2175
2025-04-30 03:27:32,520 fedbase.py run [line:318] INFO --------------Round 278--------------
2025-04-30 03:27:32,520 simple_logger.py log_once [line:14] INFO Current_time:2175
2025-04-30 03:27:37,767 simple_logger.py log_once [line:28] INFO test_accuracy                 0.8703
2025-04-30 03:27:37,767 simple_logger.py log_once [line:28] INFO test_loss                     0.4628
2025-04-30 03:27:37,767 simple_logger.py log_once [line:28] INFO val_accuracy                  0.8863
2025-04-30 03:27:37,767 simple_logger.py log_once [line:28] INFO mean_val_accuracy             0.8863
2025-04-30 03:27:37,767 simple_logger.py log_once [line:28] INFO std_val_accuracy              0.0162
2025-04-30 03:27:37,767 simple_logger.py log_once [line:28] INFO val_loss                      0.3933
2025-04-30 03:27:37,767 simple_logger.py log_once [line:28] INFO mean_val_loss                 0.3933
2025-04-30 03:27:37,767 simple_logger.py log_once [line:28] INFO std_val_loss                  0.0558
2025-04-30 03:27:37,767 fedbase.py run [line:323] INFO expense           21429430.0
2025-04-30 03:27:37,767 fedbase.py run [line:324] INFO Eval Time Cost:               5.2469s
2025-04-30 03:27:37,768 asyncbase.py iterate [line:68] INFO Select clients [0, 1, 2, 3, 4, 5, 6, 7, 8, 9, 10, 11, 12, 13, 14, 15, 16, 17, 18, 19] at time 2176.
2025-04-30 03:27:54,953 asyncbase.py iterate [line:73] INFO Receive new models from clients [13, 11, 7, 6, 1, 15, 17, 4, 19, 12, 3, 0, 18, 2] at time 2182
2025-04-30 03:27:54,953 asyncbase.py iterate [line:73] INFO Receive new models from clients [8, 5, 10, 9, 16, 14] at time 2183
2025-04-30 03:27:54,991 fedbase.py run [line:318] INFO --------------Round 279--------------
2025-04-30 03:27:54,991 simple_logger.py log_once [line:14] INFO Current_time:2183
2025-04-30 03:28:00,316 simple_logger.py log_once [line:28] INFO test_accuracy                 0.8720
2025-04-30 03:28:00,317 simple_logger.py log_once [line:28] INFO test_loss                     0.4603
2025-04-30 03:28:00,317 simple_logger.py log_once [line:28] INFO val_accuracy                  0.8855
2025-04-30 03:28:00,317 simple_logger.py log_once [line:28] INFO mean_val_accuracy             0.8855
2025-04-30 03:28:00,317 simple_logger.py log_once [line:28] INFO std_val_accuracy              0.0183
2025-04-30 03:28:00,317 simple_logger.py log_once [line:28] INFO val_loss                      0.3913
2025-04-30 03:28:00,317 simple_logger.py log_once [line:28] INFO mean_val_loss                 0.3913
2025-04-30 03:28:00,317 simple_logger.py log_once [line:28] INFO std_val_loss                  0.0560
2025-04-30 03:28:00,317 fedbase.py run [line:323] INFO expense           21463830.0
2025-04-30 03:28:00,317 fedbase.py run [line:324] INFO Eval Time Cost:               5.3259s
2025-04-30 03:28:00,317 asyncbase.py iterate [line:68] INFO Select clients [0, 1, 2, 3, 4, 5, 6, 7, 8, 9, 10, 11, 12, 13, 14, 15, 16, 17, 18, 19] at time 2184.
2025-04-30 03:28:16,502 asyncbase.py iterate [line:73] INFO Receive new models from clients [8, 2, 12, 16, 7, 3, 11, 19, 9, 14, 4, 0, 15, 17, 5, 10, 1] at time 2190
2025-04-30 03:28:16,502 asyncbase.py iterate [line:73] INFO Receive new models from clients [18, 6, 13] at time 2191
2025-04-30 03:28:16,542 fedbase.py run [line:318] INFO --------------Round 280--------------
2025-04-30 03:28:16,542 simple_logger.py log_once [line:14] INFO Current_time:2191
2025-04-30 03:28:21,878 simple_logger.py log_once [line:28] INFO test_accuracy                 0.8726
2025-04-30 03:28:21,879 simple_logger.py log_once [line:28] INFO test_loss                     0.4604
2025-04-30 03:28:21,879 simple_logger.py log_once [line:28] INFO val_accuracy                  0.8859
2025-04-30 03:28:21,879 simple_logger.py log_once [line:28] INFO mean_val_accuracy             0.8859
2025-04-30 03:28:21,879 simple_logger.py log_once [line:28] INFO std_val_accuracy              0.0179
2025-04-30 03:28:21,879 simple_logger.py log_once [line:28] INFO val_loss                      0.3900
2025-04-30 03:28:21,879 simple_logger.py log_once [line:28] INFO mean_val_loss                 0.3900
2025-04-30 03:28:21,879 simple_logger.py log_once [line:28] INFO std_val_loss                  0.0553
2025-04-30 03:28:21,879 fedbase.py run [line:323] INFO expense           21498230.0
2025-04-30 03:28:21,879 fedbase.py run [line:324] INFO Eval Time Cost:               5.3372s
2025-04-30 03:28:21,879 asyncbase.py iterate [line:68] INFO Select clients [0, 1, 2, 3, 4, 5, 6, 7, 8, 9, 10, 11, 12, 13, 14, 15, 16, 17, 18, 19] at time 2192.
2025-04-30 03:28:39,067 asyncbase.py iterate [line:73] INFO Receive new models from clients [19, 8, 14, 18, 13, 15, 0, 11, 17, 5, 3, 12, 16, 9, 10, 2] at time 2198
2025-04-30 03:28:39,068 asyncbase.py iterate [line:73] INFO Receive new models from clients [1, 6, 7, 4] at time 2199
2025-04-30 03:28:39,122 fedbase.py run [line:318] INFO --------------Round 281--------------
2025-04-30 03:28:39,122 simple_logger.py log_once [line:14] INFO Current_time:2199
2025-04-30 03:28:44,961 simple_logger.py log_once [line:28] INFO test_accuracy                 0.8730
2025-04-30 03:28:44,961 simple_logger.py log_once [line:28] INFO test_loss                     0.4595
2025-04-30 03:28:44,961 simple_logger.py log_once [line:28] INFO val_accuracy                  0.8858
2025-04-30 03:28:44,961 simple_logger.py log_once [line:28] INFO mean_val_accuracy             0.8858
2025-04-30 03:28:44,961 simple_logger.py log_once [line:28] INFO std_val_accuracy              0.0175
2025-04-30 03:28:44,961 simple_logger.py log_once [line:28] INFO val_loss                      0.3901
2025-04-30 03:28:44,961 simple_logger.py log_once [line:28] INFO mean_val_loss                 0.3901
2025-04-30 03:28:44,961 simple_logger.py log_once [line:28] INFO std_val_loss                  0.0555
2025-04-30 03:28:44,961 fedbase.py run [line:323] INFO expense           21532630.0
2025-04-30 03:28:44,961 fedbase.py run [line:324] INFO Eval Time Cost:               5.8394s
2025-04-30 03:28:44,962 asyncbase.py iterate [line:68] INFO Select clients [0, 1, 2, 3, 4, 5, 6, 7, 8, 9, 10, 11, 12, 13, 14, 15, 16, 17, 18, 19] at time 2200.
2025-04-30 03:29:02,863 asyncbase.py iterate [line:73] INFO Receive new models from clients [12, 15, 7, 10, 18, 8, 0, 13, 14, 3, 5, 19, 17, 4, 11, 1, 16, 9, 6, 2] at time 2206
2025-04-30 03:29:02,902 fedbase.py run [line:318] INFO --------------Round 282--------------
2025-04-30 03:29:02,902 simple_logger.py log_once [line:14] INFO Current_time:2206
2025-04-30 03:29:08,191 simple_logger.py log_once [line:28] INFO test_accuracy                 0.8721
2025-04-30 03:29:08,191 simple_logger.py log_once [line:28] INFO test_loss                     0.4595
2025-04-30 03:29:08,191 simple_logger.py log_once [line:28] INFO val_accuracy                  0.8863
2025-04-30 03:29:08,191 simple_logger.py log_once [line:28] INFO mean_val_accuracy             0.8863
2025-04-30 03:29:08,191 simple_logger.py log_once [line:28] INFO std_val_accuracy              0.0174
2025-04-30 03:29:08,191 simple_logger.py log_once [line:28] INFO val_loss                      0.3900
2025-04-30 03:29:08,191 simple_logger.py log_once [line:28] INFO mean_val_loss                 0.3900
2025-04-30 03:29:08,191 simple_logger.py log_once [line:28] INFO std_val_loss                  0.0556
2025-04-30 03:29:08,191 fedbase.py run [line:323] INFO expense           21567030.0
2025-04-30 03:29:08,191 fedbase.py run [line:324] INFO Eval Time Cost:               5.2896s
2025-04-30 03:29:08,192 asyncbase.py iterate [line:68] INFO Select clients [0, 1, 2, 3, 4, 5, 6, 7, 8, 9, 10, 11, 12, 13, 14, 15, 16, 17, 18, 19] at time 2207.
2025-04-30 03:29:24,872 asyncbase.py iterate [line:73] INFO Receive new models from clients [2, 10, 9, 19, 0, 18, 15, 8, 1, 17, 4, 5, 16, 13, 11, 3, 6, 12, 14] at time 2213
2025-04-30 03:29:24,873 asyncbase.py iterate [line:73] INFO Receive new models from clients [7] at time 2214
2025-04-30 03:29:24,912 fedbase.py run [line:318] INFO --------------Round 283--------------
2025-04-30 03:29:24,912 simple_logger.py log_once [line:14] INFO Current_time:2214
2025-04-30 03:29:30,167 simple_logger.py log_once [line:28] INFO test_accuracy                 0.8726
2025-04-30 03:29:30,167 simple_logger.py log_once [line:28] INFO test_loss                     0.4606
2025-04-30 03:29:30,168 simple_logger.py log_once [line:28] INFO val_accuracy                  0.8847
2025-04-30 03:29:30,168 simple_logger.py log_once [line:28] INFO mean_val_accuracy             0.8847
2025-04-30 03:29:30,168 simple_logger.py log_once [line:28] INFO std_val_accuracy              0.0198
2025-04-30 03:29:30,168 simple_logger.py log_once [line:28] INFO val_loss                      0.3902
2025-04-30 03:29:30,168 simple_logger.py log_once [line:28] INFO mean_val_loss                 0.3902
2025-04-30 03:29:30,168 simple_logger.py log_once [line:28] INFO std_val_loss                  0.0553
2025-04-30 03:29:30,168 fedbase.py run [line:323] INFO expense           21601430.0
2025-04-30 03:29:30,168 fedbase.py run [line:324] INFO Eval Time Cost:               5.2562s
2025-04-30 03:29:30,168 asyncbase.py iterate [line:68] INFO Select clients [0, 1, 2, 3, 4, 5, 6, 7, 8, 9, 10, 11, 12, 13, 14, 15, 16, 17, 18, 19] at time 2215.
2025-04-30 03:29:47,631 asyncbase.py iterate [line:73] INFO Receive new models from clients [17, 14, 10, 18, 11, 7, 16, 12, 4, 1, 13, 15, 6, 19, 5, 8, 3, 9] at time 2221
2025-04-30 03:29:47,632 asyncbase.py iterate [line:73] INFO Receive new models from clients [2, 0] at time 2222
2025-04-30 03:29:47,670 fedbase.py run [line:318] INFO --------------Round 284--------------
2025-04-30 03:29:47,670 simple_logger.py log_once [line:14] INFO Current_time:2222
2025-04-30 03:29:52,994 simple_logger.py log_once [line:28] INFO test_accuracy                 0.8716
2025-04-30 03:29:52,995 simple_logger.py log_once [line:28] INFO test_loss                     0.4613
2025-04-30 03:29:52,995 simple_logger.py log_once [line:28] INFO val_accuracy                  0.8858
2025-04-30 03:29:52,995 simple_logger.py log_once [line:28] INFO mean_val_accuracy             0.8858
2025-04-30 03:29:52,995 simple_logger.py log_once [line:28] INFO std_val_accuracy              0.0174
2025-04-30 03:29:52,995 simple_logger.py log_once [line:28] INFO val_loss                      0.3897
2025-04-30 03:29:52,995 simple_logger.py log_once [line:28] INFO mean_val_loss                 0.3897
2025-04-30 03:29:52,995 simple_logger.py log_once [line:28] INFO std_val_loss                  0.0553
2025-04-30 03:29:52,995 fedbase.py run [line:323] INFO expense           21635830.0
2025-04-30 03:29:52,995 fedbase.py run [line:324] INFO Eval Time Cost:               5.3252s
2025-04-30 03:29:52,995 asyncbase.py iterate [line:68] INFO Select clients [0, 1, 2, 3, 4, 5, 6, 7, 8, 9, 10, 11, 12, 13, 14, 15, 16, 17, 18, 19] at time 2223.
2025-04-30 03:30:09,768 asyncbase.py iterate [line:73] INFO Receive new models from clients [11, 5, 13, 18, 4, 10, 8, 14, 9, 2, 7, 19, 6, 1, 15, 3, 0, 17, 16, 12] at time 2229
2025-04-30 03:30:09,823 fedbase.py run [line:318] INFO --------------Round 285--------------
2025-04-30 03:30:09,824 simple_logger.py log_once [line:14] INFO Current_time:2229
2025-04-30 03:30:15,230 simple_logger.py log_once [line:28] INFO test_accuracy                 0.8702
2025-04-30 03:30:15,230 simple_logger.py log_once [line:28] INFO test_loss                     0.4621
2025-04-30 03:30:15,230 simple_logger.py log_once [line:28] INFO val_accuracy                  0.8854
2025-04-30 03:30:15,230 simple_logger.py log_once [line:28] INFO mean_val_accuracy             0.8854
2025-04-30 03:30:15,230 simple_logger.py log_once [line:28] INFO std_val_accuracy              0.0166
2025-04-30 03:30:15,230 simple_logger.py log_once [line:28] INFO val_loss                      0.3893
2025-04-30 03:30:15,230 simple_logger.py log_once [line:28] INFO mean_val_loss                 0.3893
2025-04-30 03:30:15,230 simple_logger.py log_once [line:28] INFO std_val_loss                  0.0551
2025-04-30 03:30:15,230 fedbase.py run [line:323] INFO expense           21670230.0
2025-04-30 03:30:15,231 fedbase.py run [line:324] INFO Eval Time Cost:               5.4069s
2025-04-30 03:30:15,231 asyncbase.py iterate [line:68] INFO Select clients [0, 1, 2, 3, 4, 5, 6, 7, 8, 9, 10, 11, 12, 13, 14, 15, 16, 17, 18, 19] at time 2230.
2025-04-30 03:30:33,916 asyncbase.py iterate [line:73] INFO Receive new models from clients [16, 17, 7, 10, 3, 6, 2, 15, 13, 5, 8, 1, 18, 19, 11, 4, 9] at time 2236
2025-04-30 03:30:33,916 asyncbase.py iterate [line:73] INFO Receive new models from clients [0, 14, 12] at time 2237
2025-04-30 03:30:33,953 fedbase.py run [line:318] INFO --------------Round 286--------------
2025-04-30 03:30:33,954 simple_logger.py log_once [line:14] INFO Current_time:2237
2025-04-30 03:30:39,204 simple_logger.py log_once [line:28] INFO test_accuracy                 0.8719
2025-04-30 03:30:39,204 simple_logger.py log_once [line:28] INFO test_loss                     0.4608
2025-04-30 03:30:39,204 simple_logger.py log_once [line:28] INFO val_accuracy                  0.8866
2025-04-30 03:30:39,204 simple_logger.py log_once [line:28] INFO mean_val_accuracy             0.8866
2025-04-30 03:30:39,205 simple_logger.py log_once [line:28] INFO std_val_accuracy              0.0188
2025-04-30 03:30:39,205 simple_logger.py log_once [line:28] INFO val_loss                      0.3896
2025-04-30 03:30:39,205 simple_logger.py log_once [line:28] INFO mean_val_loss                 0.3896
2025-04-30 03:30:39,205 simple_logger.py log_once [line:28] INFO std_val_loss                  0.0562
2025-04-30 03:30:39,205 fedbase.py run [line:323] INFO expense           21704630.0
2025-04-30 03:30:39,205 fedbase.py run [line:324] INFO Eval Time Cost:               5.2512s
2025-04-30 03:30:39,205 asyncbase.py iterate [line:68] INFO Select clients [0, 1, 2, 3, 4, 5, 6, 7, 8, 9, 10, 11, 12, 13, 14, 15, 16, 17, 18, 19] at time 2238.
2025-04-30 03:30:56,684 asyncbase.py iterate [line:73] INFO Receive new models from clients [16, 12, 6, 2, 5, 7, 17, 10, 1, 11, 4, 15, 18, 19, 3, 9, 13, 14, 0] at time 2244
2025-04-30 03:30:56,684 asyncbase.py iterate [line:73] INFO Receive new models from clients [8] at time 2245
2025-04-30 03:30:56,740 fedbase.py run [line:318] INFO --------------Round 287--------------
2025-04-30 03:30:56,740 simple_logger.py log_once [line:14] INFO Current_time:2245
2025-04-30 03:31:02,228 simple_logger.py log_once [line:28] INFO test_accuracy                 0.8721
2025-04-30 03:31:02,228 simple_logger.py log_once [line:28] INFO test_loss                     0.4603
2025-04-30 03:31:02,228 simple_logger.py log_once [line:28] INFO val_accuracy                  0.8854
2025-04-30 03:31:02,228 simple_logger.py log_once [line:28] INFO mean_val_accuracy             0.8854
2025-04-30 03:31:02,228 simple_logger.py log_once [line:28] INFO std_val_accuracy              0.0179
2025-04-30 03:31:02,228 simple_logger.py log_once [line:28] INFO val_loss                      0.3886
2025-04-30 03:31:02,228 simple_logger.py log_once [line:28] INFO mean_val_loss                 0.3886
2025-04-30 03:31:02,229 simple_logger.py log_once [line:28] INFO std_val_loss                  0.0551
2025-04-30 03:31:02,229 fedbase.py run [line:323] INFO expense           21739030.0
2025-04-30 03:31:02,229 fedbase.py run [line:324] INFO Eval Time Cost:               5.4888s
2025-04-30 03:31:02,229 asyncbase.py iterate [line:68] INFO Select clients [0, 1, 2, 3, 4, 5, 6, 7, 8, 9, 10, 11, 12, 13, 14, 15, 16, 17, 18, 19] at time 2246.
2025-04-30 03:31:19,582 asyncbase.py iterate [line:73] INFO Receive new models from clients [17, 6, 1, 2, 0, 5, 16, 11, 14, 18, 12, 19, 9, 13, 7, 10] at time 2252
2025-04-30 03:31:19,582 asyncbase.py iterate [line:73] INFO Receive new models from clients [15, 4, 8, 3] at time 2253
2025-04-30 03:31:19,622 fedbase.py run [line:318] INFO --------------Round 288--------------
2025-04-30 03:31:19,622 simple_logger.py log_once [line:14] INFO Current_time:2253
2025-04-30 03:31:24,910 simple_logger.py log_once [line:28] INFO test_accuracy                 0.8727
2025-04-30 03:31:24,910 simple_logger.py log_once [line:28] INFO test_loss                     0.4582
2025-04-30 03:31:24,910 simple_logger.py log_once [line:28] INFO val_accuracy                  0.8858
2025-04-30 03:31:24,910 simple_logger.py log_once [line:28] INFO mean_val_accuracy             0.8858
2025-04-30 03:31:24,910 simple_logger.py log_once [line:28] INFO std_val_accuracy              0.0171
2025-04-30 03:31:24,910 simple_logger.py log_once [line:28] INFO val_loss                      0.3880
2025-04-30 03:31:24,910 simple_logger.py log_once [line:28] INFO mean_val_loss                 0.3880
2025-04-30 03:31:24,910 simple_logger.py log_once [line:28] INFO std_val_loss                  0.0547
2025-04-30 03:31:24,910 fedbase.py run [line:323] INFO expense           21773430.0
2025-04-30 03:31:24,910 fedbase.py run [line:324] INFO Eval Time Cost:               5.2885s
2025-04-30 03:31:24,910 asyncbase.py iterate [line:68] INFO Select clients [0, 1, 2, 3, 4, 5, 6, 7, 8, 9, 10, 11, 12, 13, 14, 15, 16, 17, 18, 19] at time 2254.
2025-04-30 03:31:42,639 asyncbase.py iterate [line:73] INFO Receive new models from clients [0, 1, 7, 18, 14, 10, 8, 13, 16, 4, 11, 19, 12, 9, 6, 15, 17, 2] at time 2260
2025-04-30 03:31:42,640 asyncbase.py iterate [line:73] INFO Receive new models from clients [5, 3] at time 2261
2025-04-30 03:31:42,679 fedbase.py run [line:318] INFO --------------Round 289--------------
2025-04-30 03:31:42,680 simple_logger.py log_once [line:14] INFO Current_time:2261
2025-04-30 03:31:47,932 simple_logger.py log_once [line:28] INFO test_accuracy                 0.8720
2025-04-30 03:31:47,932 simple_logger.py log_once [line:28] INFO test_loss                     0.4603
2025-04-30 03:31:47,932 simple_logger.py log_once [line:28] INFO val_accuracy                  0.8867
2025-04-30 03:31:47,932 simple_logger.py log_once [line:28] INFO mean_val_accuracy             0.8867
2025-04-30 03:31:47,932 simple_logger.py log_once [line:28] INFO std_val_accuracy              0.0172
2025-04-30 03:31:47,932 simple_logger.py log_once [line:28] INFO val_loss                      0.3884
2025-04-30 03:31:47,932 simple_logger.py log_once [line:28] INFO mean_val_loss                 0.3884
2025-04-30 03:31:47,932 simple_logger.py log_once [line:28] INFO std_val_loss                  0.0549
2025-04-30 03:31:47,932 fedbase.py run [line:323] INFO expense           21807830.0
2025-04-30 03:31:47,932 fedbase.py run [line:324] INFO Eval Time Cost:               5.2527s
2025-04-30 03:31:47,932 asyncbase.py iterate [line:68] INFO Select clients [0, 1, 2, 3, 4, 5, 6, 7, 8, 9, 10, 11, 12, 13, 14, 15, 16, 17, 18, 19] at time 2262.
2025-04-30 03:32:05,424 asyncbase.py iterate [line:73] INFO Receive new models from clients [7, 0, 14, 9, 17, 1, 19, 4, 6, 13, 18, 2, 10, 5, 12, 16, 11] at time 2268
2025-04-30 03:32:05,424 asyncbase.py iterate [line:73] INFO Receive new models from clients [3, 15, 8] at time 2269
2025-04-30 03:32:05,466 fedbase.py run [line:318] INFO --------------Round 290--------------
2025-04-30 03:32:05,466 simple_logger.py log_once [line:14] INFO Current_time:2269
2025-04-30 03:32:10,821 simple_logger.py log_once [line:28] INFO test_accuracy                 0.8726
2025-04-30 03:32:10,821 simple_logger.py log_once [line:28] INFO test_loss                     0.4583
2025-04-30 03:32:10,821 simple_logger.py log_once [line:28] INFO val_accuracy                  0.8870
2025-04-30 03:32:10,821 simple_logger.py log_once [line:28] INFO mean_val_accuracy             0.8870
2025-04-30 03:32:10,821 simple_logger.py log_once [line:28] INFO std_val_accuracy              0.0175
2025-04-30 03:32:10,821 simple_logger.py log_once [line:28] INFO val_loss                      0.3877
2025-04-30 03:32:10,821 simple_logger.py log_once [line:28] INFO mean_val_loss                 0.3877
2025-04-30 03:32:10,821 simple_logger.py log_once [line:28] INFO std_val_loss                  0.0552
2025-04-30 03:32:10,821 fedbase.py run [line:323] INFO expense           21842230.0
2025-04-30 03:32:10,821 fedbase.py run [line:324] INFO Eval Time Cost:               5.3555s
2025-04-30 03:32:10,821 asyncbase.py iterate [line:68] INFO Select clients [0, 1, 2, 3, 4, 5, 6, 7, 8, 9, 10, 11, 12, 13, 14, 15, 16, 17, 18, 19] at time 2270.
2025-04-30 03:32:28,298 asyncbase.py iterate [line:73] INFO Receive new models from clients [6, 0, 8, 16, 9, 18, 15, 14, 10, 7, 1, 11, 19, 13, 4, 3, 2, 12] at time 2276
2025-04-30 03:32:28,298 asyncbase.py iterate [line:73] INFO Receive new models from clients [5, 17] at time 2277
2025-04-30 03:32:28,339 fedbase.py run [line:318] INFO --------------Round 291--------------
2025-04-30 03:32:28,340 simple_logger.py log_once [line:14] INFO Current_time:2277
2025-04-30 03:32:33,594 simple_logger.py log_once [line:28] INFO test_accuracy                 0.8720
2025-04-30 03:32:33,594 simple_logger.py log_once [line:28] INFO test_loss                     0.4596
2025-04-30 03:32:33,594 simple_logger.py log_once [line:28] INFO val_accuracy                  0.8877
2025-04-30 03:32:33,594 simple_logger.py log_once [line:28] INFO mean_val_accuracy             0.8877
2025-04-30 03:32:33,594 simple_logger.py log_once [line:28] INFO std_val_accuracy              0.0186
2025-04-30 03:32:33,594 simple_logger.py log_once [line:28] INFO val_loss                      0.3883
2025-04-30 03:32:33,594 simple_logger.py log_once [line:28] INFO mean_val_loss                 0.3883
2025-04-30 03:32:33,595 simple_logger.py log_once [line:28] INFO std_val_loss                  0.0560
2025-04-30 03:32:33,595 fedbase.py run [line:323] INFO expense           21876630.0
2025-04-30 03:32:33,595 fedbase.py run [line:324] INFO Eval Time Cost:               5.2551s
2025-04-30 03:32:33,595 asyncbase.py iterate [line:68] INFO Select clients [0, 1, 2, 3, 4, 5, 6, 7, 8, 9, 10, 11, 12, 13, 14, 15, 16, 17, 18, 19] at time 2278.
2025-04-30 03:32:50,545 asyncbase.py iterate [line:73] INFO Receive new models from clients [6, 9, 18, 3, 16, 14, 8, 2, 13, 1, 10, 19, 17, 11, 12, 0, 5, 7] at time 2284
2025-04-30 03:32:50,546 asyncbase.py iterate [line:73] INFO Receive new models from clients [15, 4] at time 2285
2025-04-30 03:32:50,584 fedbase.py run [line:318] INFO --------------Round 292--------------
2025-04-30 03:32:50,585 simple_logger.py log_once [line:14] INFO Current_time:2285
2025-04-30 03:32:55,853 simple_logger.py log_once [line:28] INFO test_accuracy                 0.8724
2025-04-30 03:32:55,853 simple_logger.py log_once [line:28] INFO test_loss                     0.4581
2025-04-30 03:32:55,853 simple_logger.py log_once [line:28] INFO val_accuracy                  0.8880
2025-04-30 03:32:55,853 simple_logger.py log_once [line:28] INFO mean_val_accuracy             0.8880
2025-04-30 03:32:55,853 simple_logger.py log_once [line:28] INFO std_val_accuracy              0.0175
2025-04-30 03:32:55,853 simple_logger.py log_once [line:28] INFO val_loss                      0.3865
2025-04-30 03:32:55,853 simple_logger.py log_once [line:28] INFO mean_val_loss                 0.3865
2025-04-30 03:32:55,853 simple_logger.py log_once [line:28] INFO std_val_loss                  0.0560
2025-04-30 03:32:55,853 fedbase.py run [line:323] INFO expense           21911030.0
2025-04-30 03:32:55,853 fedbase.py run [line:324] INFO Eval Time Cost:               5.2687s
2025-04-30 03:32:55,853 asyncbase.py iterate [line:68] INFO Select clients [0, 1, 2, 3, 4, 5, 6, 7, 8, 9, 10, 11, 12, 13, 14, 15, 16, 17, 18, 19] at time 2286.
2025-04-30 03:33:13,181 asyncbase.py iterate [line:73] INFO Receive new models from clients [0, 14, 12, 13, 4, 1, 9, 5, 8, 19, 18, 17, 10, 16, 6, 15, 11] at time 2292
2025-04-30 03:33:13,181 asyncbase.py iterate [line:73] INFO Receive new models from clients [7, 2, 3] at time 2293
2025-04-30 03:33:13,220 fedbase.py run [line:318] INFO --------------Round 293--------------
2025-04-30 03:33:13,220 simple_logger.py log_once [line:14] INFO Current_time:2293
2025-04-30 03:33:18,505 simple_logger.py log_once [line:28] INFO test_accuracy                 0.8732
2025-04-30 03:33:18,505 simple_logger.py log_once [line:28] INFO test_loss                     0.4568
2025-04-30 03:33:18,505 simple_logger.py log_once [line:28] INFO val_accuracy                  0.8866
2025-04-30 03:33:18,505 simple_logger.py log_once [line:28] INFO mean_val_accuracy             0.8866
2025-04-30 03:33:18,505 simple_logger.py log_once [line:28] INFO std_val_accuracy              0.0185
2025-04-30 03:33:18,505 simple_logger.py log_once [line:28] INFO val_loss                      0.3860
2025-04-30 03:33:18,505 simple_logger.py log_once [line:28] INFO mean_val_loss                 0.3860
2025-04-30 03:33:18,505 simple_logger.py log_once [line:28] INFO std_val_loss                  0.0553
2025-04-30 03:33:18,505 fedbase.py run [line:323] INFO expense           21945430.0
2025-04-30 03:33:18,505 fedbase.py run [line:324] INFO Eval Time Cost:               5.2856s
2025-04-30 03:33:18,506 asyncbase.py iterate [line:68] INFO Select clients [0, 1, 2, 3, 4, 5, 6, 7, 8, 9, 10, 11, 12, 13, 14, 15, 16, 17, 18, 19] at time 2294.
2025-04-30 03:33:35,077 asyncbase.py iterate [line:73] INFO Receive new models from clients [17, 6, 7, 9, 1, 5, 12, 16, 18, 14, 0, 8, 3, 2, 10, 15, 4, 13, 19] at time 2300
2025-04-30 03:33:35,077 asyncbase.py iterate [line:73] INFO Receive new models from clients [11] at time 2301
2025-04-30 03:33:35,117 fedbase.py run [line:318] INFO --------------Round 294--------------
2025-04-30 03:33:35,117 simple_logger.py log_once [line:14] INFO Current_time:2301
2025-04-30 03:33:40,424 simple_logger.py log_once [line:28] INFO test_accuracy                 0.8732
2025-04-30 03:33:40,424 simple_logger.py log_once [line:28] INFO test_loss                     0.4574
2025-04-30 03:33:40,424 simple_logger.py log_once [line:28] INFO val_accuracy                  0.8883
2025-04-30 03:33:40,424 simple_logger.py log_once [line:28] INFO mean_val_accuracy             0.8883
2025-04-30 03:33:40,424 simple_logger.py log_once [line:28] INFO std_val_accuracy              0.0168
2025-04-30 03:33:40,424 simple_logger.py log_once [line:28] INFO val_loss                      0.3862
2025-04-30 03:33:40,424 simple_logger.py log_once [line:28] INFO mean_val_loss                 0.3862
2025-04-30 03:33:40,424 simple_logger.py log_once [line:28] INFO std_val_loss                  0.0549
2025-04-30 03:33:40,424 fedbase.py run [line:323] INFO expense           21979830.0
2025-04-30 03:33:40,424 fedbase.py run [line:324] INFO Eval Time Cost:               5.3072s
2025-04-30 03:33:40,424 asyncbase.py iterate [line:68] INFO Select clients [0, 1, 2, 3, 4, 5, 6, 7, 8, 9, 10, 11, 12, 13, 14, 15, 16, 17, 18, 19] at time 2302.
2025-04-30 03:33:57,472 asyncbase.py iterate [line:73] INFO Receive new models from clients [10, 15, 5, 3, 6, 19, 7, 9, 4, 18, 11, 8, 2, 12, 17, 0, 16, 13] at time 2308
2025-04-30 03:33:57,472 asyncbase.py iterate [line:73] INFO Receive new models from clients [1, 14] at time 2309
2025-04-30 03:33:57,508 fedbase.py run [line:318] INFO --------------Round 295--------------
2025-04-30 03:33:57,508 simple_logger.py log_once [line:14] INFO Current_time:2309
2025-04-30 03:34:02,694 simple_logger.py log_once [line:28] INFO test_accuracy                 0.8735
2025-04-30 03:34:02,694 simple_logger.py log_once [line:28] INFO test_loss                     0.4557
2025-04-30 03:34:02,694 simple_logger.py log_once [line:28] INFO val_accuracy                  0.8874
2025-04-30 03:34:02,694 simple_logger.py log_once [line:28] INFO mean_val_accuracy             0.8874
2025-04-30 03:34:02,694 simple_logger.py log_once [line:28] INFO std_val_accuracy              0.0172
2025-04-30 03:34:02,694 simple_logger.py log_once [line:28] INFO val_loss                      0.3851
2025-04-30 03:34:02,694 simple_logger.py log_once [line:28] INFO mean_val_loss                 0.3851
2025-04-30 03:34:02,694 simple_logger.py log_once [line:28] INFO std_val_loss                  0.0549
2025-04-30 03:34:02,695 fedbase.py run [line:323] INFO expense           22014230.0
2025-04-30 03:34:02,695 fedbase.py run [line:324] INFO Eval Time Cost:               5.1862s
2025-04-30 03:34:02,695 asyncbase.py iterate [line:68] INFO Select clients [0, 1, 2, 3, 4, 5, 6, 7, 8, 9, 10, 11, 12, 13, 14, 15, 16, 17, 18, 19] at time 2310.
2025-04-30 03:34:19,915 asyncbase.py iterate [line:73] INFO Receive new models from clients [8, 12, 5, 18, 16, 4, 14, 17, 15, 0, 7, 13, 3, 1, 6, 2, 9] at time 2316
2025-04-30 03:34:19,915 asyncbase.py iterate [line:73] INFO Receive new models from clients [19, 10, 11] at time 2317
2025-04-30 03:34:19,953 fedbase.py run [line:318] INFO --------------Round 296--------------
2025-04-30 03:34:19,953 simple_logger.py log_once [line:14] INFO Current_time:2317
2025-04-30 03:34:25,194 simple_logger.py log_once [line:28] INFO test_accuracy                 0.8730
2025-04-30 03:34:25,194 simple_logger.py log_once [line:28] INFO test_loss                     0.4553
2025-04-30 03:34:25,194 simple_logger.py log_once [line:28] INFO val_accuracy                  0.8884
2025-04-30 03:34:25,195 simple_logger.py log_once [line:28] INFO mean_val_accuracy             0.8884
2025-04-30 03:34:25,195 simple_logger.py log_once [line:28] INFO std_val_accuracy              0.0179
2025-04-30 03:34:25,195 simple_logger.py log_once [line:28] INFO val_loss                      0.3848
2025-04-30 03:34:25,195 simple_logger.py log_once [line:28] INFO mean_val_loss                 0.3848
2025-04-30 03:34:25,195 simple_logger.py log_once [line:28] INFO std_val_loss                  0.0554
2025-04-30 03:34:25,195 fedbase.py run [line:323] INFO expense           22048630.0
2025-04-30 03:34:25,195 fedbase.py run [line:324] INFO Eval Time Cost:               5.2417s
2025-04-30 03:34:25,195 asyncbase.py iterate [line:68] INFO Select clients [0, 1, 2, 3, 4, 5, 6, 7, 8, 9, 10, 11, 12, 13, 14, 15, 16, 17, 18, 19] at time 2318.
2025-04-30 03:34:40,962 asyncbase.py iterate [line:73] INFO Receive new models from clients [2, 19, 0, 7, 11, 18, 4, 12, 15, 10, 6, 3, 5, 16, 1, 17, 8, 9, 13] at time 2324
2025-04-30 03:34:40,962 asyncbase.py iterate [line:73] INFO Receive new models from clients [14] at time 2325
2025-04-30 03:34:40,999 fedbase.py run [line:318] INFO --------------Round 297--------------
2025-04-30 03:34:40,999 simple_logger.py log_once [line:14] INFO Current_time:2325
2025-04-30 03:34:46,129 simple_logger.py log_once [line:28] INFO test_accuracy                 0.8737
2025-04-30 03:34:46,129 simple_logger.py log_once [line:28] INFO test_loss                     0.4551
2025-04-30 03:34:46,130 simple_logger.py log_once [line:28] INFO val_accuracy                  0.8880
2025-04-30 03:34:46,130 simple_logger.py log_once [line:28] INFO mean_val_accuracy             0.8880
2025-04-30 03:34:46,130 simple_logger.py log_once [line:28] INFO std_val_accuracy              0.0169
2025-04-30 03:34:46,130 simple_logger.py log_once [line:28] INFO val_loss                      0.3854
2025-04-30 03:34:46,130 simple_logger.py log_once [line:28] INFO mean_val_loss                 0.3854
2025-04-30 03:34:46,130 simple_logger.py log_once [line:28] INFO std_val_loss                  0.0555
2025-04-30 03:34:46,130 fedbase.py run [line:323] INFO expense           22083030.0
2025-04-30 03:34:46,130 fedbase.py run [line:324] INFO Eval Time Cost:               5.1312s
2025-04-30 03:34:46,130 asyncbase.py iterate [line:68] INFO Select clients [0, 1, 2, 3, 4, 5, 6, 7, 8, 9, 10, 11, 12, 13, 14, 15, 16, 17, 18, 19] at time 2326.
2025-04-30 03:35:01,347 asyncbase.py iterate [line:73] INFO Receive new models from clients [0, 14, 9, 15, 8, 1, 17, 18, 10, 6, 3, 12, 19, 2, 7, 16, 11, 5] at time 2332
2025-04-30 03:35:01,348 asyncbase.py iterate [line:73] INFO Receive new models from clients [13, 4] at time 2333
2025-04-30 03:35:01,387 fedbase.py run [line:318] INFO --------------Round 298--------------
2025-04-30 03:35:01,387 simple_logger.py log_once [line:14] INFO Current_time:2333
2025-04-30 03:35:06,545 simple_logger.py log_once [line:28] INFO test_accuracy                 0.8728
2025-04-30 03:35:06,545 simple_logger.py log_once [line:28] INFO test_loss                     0.4553
2025-04-30 03:35:06,545 simple_logger.py log_once [line:28] INFO val_accuracy                  0.8878
2025-04-30 03:35:06,545 simple_logger.py log_once [line:28] INFO mean_val_accuracy             0.8878
2025-04-30 03:35:06,545 simple_logger.py log_once [line:28] INFO std_val_accuracy              0.0181
2025-04-30 03:35:06,545 simple_logger.py log_once [line:28] INFO val_loss                      0.3853
2025-04-30 03:35:06,545 simple_logger.py log_once [line:28] INFO mean_val_loss                 0.3853
2025-04-30 03:35:06,545 simple_logger.py log_once [line:28] INFO std_val_loss                  0.0557
2025-04-30 03:35:06,546 fedbase.py run [line:323] INFO expense           22117430.0
2025-04-30 03:35:06,546 fedbase.py run [line:324] INFO Eval Time Cost:               5.1585s
2025-04-30 03:35:06,546 asyncbase.py iterate [line:68] INFO Select clients [0, 1, 2, 3, 4, 5, 6, 7, 8, 9, 10, 11, 12, 13, 14, 15, 16, 17, 18, 19] at time 2334.
2025-04-30 03:35:22,541 asyncbase.py iterate [line:73] INFO Receive new models from clients [14, 1, 12, 13, 16, 7, 15, 18, 17, 6, 2, 11, 10, 4, 3, 5, 19, 0, 9] at time 2340
2025-04-30 03:35:22,542 asyncbase.py iterate [line:73] INFO Receive new models from clients [8] at time 2341
2025-04-30 03:35:22,578 fedbase.py run [line:318] INFO --------------Round 299--------------
2025-04-30 03:35:22,578 simple_logger.py log_once [line:14] INFO Current_time:2341
2025-04-30 03:35:27,769 simple_logger.py log_once [line:28] INFO test_accuracy                 0.8735
2025-04-30 03:35:27,769 simple_logger.py log_once [line:28] INFO test_loss                     0.4558
2025-04-30 03:35:27,769 simple_logger.py log_once [line:28] INFO val_accuracy                  0.8881
2025-04-30 03:35:27,769 simple_logger.py log_once [line:28] INFO mean_val_accuracy             0.8881
2025-04-30 03:35:27,769 simple_logger.py log_once [line:28] INFO std_val_accuracy              0.0169
2025-04-30 03:35:27,770 simple_logger.py log_once [line:28] INFO val_loss                      0.3842
2025-04-30 03:35:27,770 simple_logger.py log_once [line:28] INFO mean_val_loss                 0.3842
2025-04-30 03:35:27,770 simple_logger.py log_once [line:28] INFO std_val_loss                  0.0556
2025-04-30 03:35:27,770 fedbase.py run [line:323] INFO expense           22151830.0
2025-04-30 03:35:27,770 fedbase.py run [line:324] INFO Eval Time Cost:               5.1914s
2025-04-30 03:35:27,770 asyncbase.py iterate [line:68] INFO Select clients [0, 1, 2, 3, 4, 5, 6, 7, 8, 9, 10, 11, 12, 13, 14, 15, 16, 17, 18, 19] at time 2342.
2025-04-30 03:35:44,659 asyncbase.py iterate [line:73] INFO Receive new models from clients [1, 7, 8, 16, 2, 0, 14, 9, 12, 6, 13, 19, 3, 18, 5] at time 2348
2025-04-30 03:35:44,660 asyncbase.py iterate [line:73] INFO Receive new models from clients [15, 17, 10, 4, 11] at time 2349
2025-04-30 03:35:44,699 fedbase.py run [line:318] INFO --------------Round 300--------------
2025-04-30 03:35:44,699 simple_logger.py log_once [line:14] INFO Current_time:2349
2025-04-30 03:35:49,931 simple_logger.py log_once [line:28] INFO test_accuracy                 0.8733
2025-04-30 03:35:49,931 simple_logger.py log_once [line:28] INFO test_loss                     0.4570
2025-04-30 03:35:49,931 simple_logger.py log_once [line:28] INFO val_accuracy                  0.8878
2025-04-30 03:35:49,931 simple_logger.py log_once [line:28] INFO mean_val_accuracy             0.8878
2025-04-30 03:35:49,931 simple_logger.py log_once [line:28] INFO std_val_accuracy              0.0189
2025-04-30 03:35:49,931 simple_logger.py log_once [line:28] INFO val_loss                      0.3853
2025-04-30 03:35:49,931 simple_logger.py log_once [line:28] INFO mean_val_loss                 0.3853
2025-04-30 03:35:49,931 simple_logger.py log_once [line:28] INFO std_val_loss                  0.0552
2025-04-30 03:35:49,931 fedbase.py run [line:323] INFO expense           22186230.0
2025-04-30 03:35:49,931 fedbase.py run [line:324] INFO Eval Time Cost:               5.2324s
2025-04-30 03:35:49,931 fedbase.py run [line:332] INFO =================End==================
2025-04-30 03:35:49,931 fedbase.py run [line:333] INFO Total Time Cost:              6785.6144s
