2025-04-25 02:49:45,981 fflow.py init [line:792] INFO PROCESS ID:	81
2025-04-25 02:49:45,981 fflow.py init [line:793] INFO Initializing devices: cuda:0 will be used for this running.
2025-04-25 02:49:45,981 fflow.py init [line:796] INFO BENCHMARK:	flgo.benchmark.mnist_classification
2025-04-25 02:49:45,981 fflow.py init [line:797] INFO TASK:			./mnist_result_20
2025-04-25 02:49:45,981 fflow.py init [line:798] INFO MODEL:		flgo.benchmark.mnist_classification.model.cnn
2025-04-25 02:49:45,981 fflow.py init [line:799] INFO ALGORITHM:	tucker
2025-04-25 02:49:45,981 fflow.py init [line:800] INFO LRate:		0.0001
2025-04-25 02:49:45,981 fflow.py init [line:801] INFO COMPRESS:		tucker
2025-04-25 02:49:45,981 fflow.py init [line:807] INFO GAMMA:		14
2025-04-25 02:49:47,089 fflow.py init [line:853] INFO SCENE:		horizontal FL with 1 <class 'tucker.Server'>, 20 <class 'tucker.Client'>
2025-04-25 02:49:48,850 fflow.py init [line:870] INFO SIMULATOR:	<class 'flgo.simulator.default_simulator.Simulator'>
2025-04-25 02:49:48,851 fflow.py init [line:883] INFO Ready to start.
2025-04-25 02:49:48,851 fedbase.py run [line:306] INFO --------------Initial Evaluation--------------
2025-04-25 02:49:48,851 simple_logger.py log_once [line:14] INFO Current_time:0
2025-04-25 02:49:51,481 simple_logger.py log_once [line:28] INFO test_accuracy                 0.0875
2025-04-25 02:49:51,481 simple_logger.py log_once [line:28] INFO test_loss                     2.3101
2025-04-25 02:49:51,482 simple_logger.py log_once [line:28] INFO val_accuracy                  0.0807
2025-04-25 02:49:51,482 simple_logger.py log_once [line:28] INFO mean_val_accuracy             0.0807
2025-04-25 02:49:51,482 simple_logger.py log_once [line:28] INFO std_val_accuracy              0.0197
2025-04-25 02:49:51,482 simple_logger.py log_once [line:28] INFO val_loss                      2.3117
2025-04-25 02:49:51,482 simple_logger.py log_once [line:28] INFO mean_val_loss                 2.3117
2025-04-25 02:49:51,482 simple_logger.py log_once [line:28] INFO std_val_loss                  0.0059
2025-04-25 02:49:51,482 fedbase.py run [line:309] INFO expense     0
2025-04-25 02:49:51,482 fedbase.py run [line:310] INFO Eval Time Cost:               2.6310s
2025-04-25 02:49:51,482 asyncbase.py iterate [line:68] INFO Select clients [0, 1, 2, 3, 4, 5, 6, 7, 8, 9, 10, 11, 12, 13, 14, 15, 16, 17, 18, 19] at time 1.
2025-04-25 02:50:01,117 asyncbase.py iterate [line:73] INFO Receive new models from clients [8, 7, 6, 11, 15, 5, 2, 18, 9, 14, 16, 17, 10, 19, 12, 0, 1, 3, 4, 13] at time 2
2025-04-25 02:50:01,322 fedbase.py run [line:318] INFO --------------Round 1--------------
2025-04-25 02:50:01,322 simple_logger.py log_once [line:14] INFO Current_time:2
2025-04-25 02:50:03,317 simple_logger.py log_once [line:28] INFO test_accuracy                 0.8335
2025-04-25 02:50:03,317 simple_logger.py log_once [line:28] INFO test_loss                     0.8071
2025-04-25 02:50:03,317 simple_logger.py log_once [line:28] INFO val_accuracy                  0.8218
2025-04-25 02:50:03,317 simple_logger.py log_once [line:28] INFO mean_val_accuracy             0.8218
2025-04-25 02:50:03,317 simple_logger.py log_once [line:28] INFO std_val_accuracy              0.0205
2025-04-25 02:50:03,317 simple_logger.py log_once [line:28] INFO val_loss                      0.8222
2025-04-25 02:50:03,317 simple_logger.py log_once [line:28] INFO mean_val_loss                 0.8222
2025-04-25 02:50:03,318 simple_logger.py log_once [line:28] INFO std_val_loss                  0.0398
2025-04-25 02:50:03,318 fedbase.py run [line:323] INFO expense           8316850.0
2025-04-25 02:50:03,318 fedbase.py run [line:324] INFO Eval Time Cost:               1.9957s
2025-04-25 02:50:03,318 asyncbase.py iterate [line:68] INFO Select clients [0, 1, 2, 3, 4, 5, 6, 7, 8, 9, 10, 11, 12, 13, 14, 15, 16, 17, 18, 19] at time 3.
2025-04-25 02:50:13,985 asyncbase.py iterate [line:73] INFO Receive new models from clients [8, 6, 19, 17, 5, 3, 14, 7, 9, 2, 10, 1, 11, 12, 13, 15, 18, 0, 16, 4] at time 4
2025-04-25 02:50:14,037 fedbase.py run [line:318] INFO --------------Round 2--------------
2025-04-25 02:50:14,037 simple_logger.py log_once [line:14] INFO Current_time:4
2025-04-25 02:50:16,023 simple_logger.py log_once [line:28] INFO test_accuracy                 0.8877
2025-04-25 02:50:16,023 simple_logger.py log_once [line:28] INFO test_loss                     0.5643
2025-04-25 02:50:16,023 simple_logger.py log_once [line:28] INFO val_accuracy                  0.8785
2025-04-25 02:50:16,023 simple_logger.py log_once [line:28] INFO mean_val_accuracy             0.8785
2025-04-25 02:50:16,023 simple_logger.py log_once [line:28] INFO std_val_accuracy              0.0155
2025-04-25 02:50:16,023 simple_logger.py log_once [line:28] INFO val_loss                      0.5787
2025-04-25 02:50:16,023 simple_logger.py log_once [line:28] INFO mean_val_loss                 0.5787
2025-04-25 02:50:16,023 simple_logger.py log_once [line:28] INFO std_val_loss                  0.0382
2025-04-25 02:50:16,023 fedbase.py run [line:323] INFO expense           8340690.0
2025-04-25 02:50:16,023 fedbase.py run [line:324] INFO Eval Time Cost:               1.9865s
2025-04-25 02:50:16,023 asyncbase.py iterate [line:68] INFO Select clients [0, 1, 2, 3, 4, 5, 6, 7, 8, 9, 10, 11, 12, 13, 14, 15, 16, 17, 18, 19] at time 5.
2025-04-25 02:50:25,543 asyncbase.py iterate [line:73] INFO Receive new models from clients [18, 6] at time 17
2025-04-25 02:50:25,543 asyncbase.py iterate [line:73] INFO Receive new models from clients [7, 14, 0, 16, 19, 9, 5] at time 18
2025-04-25 02:50:25,543 asyncbase.py iterate [line:73] INFO Receive new models from clients [3, 4, 13, 15, 17, 2, 8] at time 19
2025-04-25 02:50:25,543 asyncbase.py iterate [line:73] INFO Receive new models from clients [1, 12, 10, 11] at time 20
2025-04-25 02:50:25,649 fedbase.py run [line:318] INFO --------------Round 3--------------
2025-04-25 02:50:25,649 simple_logger.py log_once [line:14] INFO Current_time:20
2025-04-25 02:50:27,643 simple_logger.py log_once [line:28] INFO test_accuracy                 0.9069
2025-04-25 02:50:27,643 simple_logger.py log_once [line:28] INFO test_loss                     0.3475
2025-04-25 02:50:27,643 simple_logger.py log_once [line:28] INFO val_accuracy                  0.9013
2025-04-25 02:50:27,643 simple_logger.py log_once [line:28] INFO mean_val_accuracy             0.9013
2025-04-25 02:50:27,643 simple_logger.py log_once [line:28] INFO std_val_accuracy              0.0138
2025-04-25 02:50:27,644 simple_logger.py log_once [line:28] INFO val_loss                      0.3657
2025-04-25 02:50:27,644 simple_logger.py log_once [line:28] INFO mean_val_loss                 0.3657
2025-04-25 02:50:27,644 simple_logger.py log_once [line:28] INFO std_val_loss                  0.0407
2025-04-25 02:50:27,644 fedbase.py run [line:323] INFO expense           16657540.0
2025-04-25 02:50:27,644 fedbase.py run [line:324] INFO Eval Time Cost:               1.9950s
2025-04-25 02:50:27,644 asyncbase.py iterate [line:68] INFO Select clients [0, 1, 2, 3, 4, 5, 6, 7, 8, 9, 10, 11, 12, 13, 14, 15, 16, 17, 18, 19] at time 21.
2025-04-25 02:50:38,297 asyncbase.py iterate [line:73] INFO Receive new models from clients [12, 7, 13, 17, 3, 9, 4, 18, 6, 1, 14, 16, 10, 11, 0, 15, 8, 19, 2, 5] at time 22
2025-04-25 02:50:38,349 fedbase.py run [line:318] INFO --------------Round 4--------------
2025-04-25 02:50:38,349 simple_logger.py log_once [line:14] INFO Current_time:22
2025-04-25 02:50:40,380 simple_logger.py log_once [line:28] INFO test_accuracy                 0.9197
2025-04-25 02:50:40,380 simple_logger.py log_once [line:28] INFO test_loss                     0.3107
2025-04-25 02:50:40,380 simple_logger.py log_once [line:28] INFO val_accuracy                  0.9108
2025-04-25 02:50:40,380 simple_logger.py log_once [line:28] INFO mean_val_accuracy             0.9108
2025-04-25 02:50:40,380 simple_logger.py log_once [line:28] INFO std_val_accuracy              0.0138
2025-04-25 02:50:40,380 simple_logger.py log_once [line:28] INFO val_loss                      0.3268
2025-04-25 02:50:40,380 simple_logger.py log_once [line:28] INFO mean_val_loss                 0.3268
2025-04-25 02:50:40,381 simple_logger.py log_once [line:28] INFO std_val_loss                  0.0398
2025-04-25 02:50:40,381 fedbase.py run [line:323] INFO expense           16681380.0
2025-04-25 02:50:40,381 fedbase.py run [line:324] INFO Eval Time Cost:               2.0314s
2025-04-25 02:50:40,381 asyncbase.py iterate [line:68] INFO Select clients [0, 1, 2, 3, 4, 5, 6, 7, 8, 9, 10, 11, 12, 13, 14, 15, 16, 17, 18, 19] at time 23.
2025-04-25 02:50:51,120 asyncbase.py iterate [line:73] INFO Receive new models from clients [10, 4] at time 35
2025-04-25 02:50:51,120 asyncbase.py iterate [line:73] INFO Receive new models from clients [5, 2, 19, 13, 6, 14] at time 36
2025-04-25 02:50:51,121 asyncbase.py iterate [line:73] INFO Receive new models from clients [16, 11, 1, 12, 18, 7, 9, 8, 17] at time 37
2025-04-25 02:50:51,121 asyncbase.py iterate [line:73] INFO Receive new models from clients [0, 3, 15] at time 38
2025-04-25 02:50:51,172 fedbase.py run [line:318] INFO --------------Round 5--------------
2025-04-25 02:50:51,172 simple_logger.py log_once [line:14] INFO Current_time:38
2025-04-25 02:50:53,184 simple_logger.py log_once [line:28] INFO test_accuracy                 0.9258
2025-04-25 02:50:53,184 simple_logger.py log_once [line:28] INFO test_loss                     0.2843
2025-04-25 02:50:53,184 simple_logger.py log_once [line:28] INFO val_accuracy                  0.9150
2025-04-25 02:50:53,184 simple_logger.py log_once [line:28] INFO mean_val_accuracy             0.9150
2025-04-25 02:50:53,184 simple_logger.py log_once [line:28] INFO std_val_accuracy              0.0144
2025-04-25 02:50:53,184 simple_logger.py log_once [line:28] INFO val_loss                      0.3012
2025-04-25 02:50:53,184 simple_logger.py log_once [line:28] INFO mean_val_loss                 0.3012
2025-04-25 02:50:53,184 simple_logger.py log_once [line:28] INFO std_val_loss                  0.0398
2025-04-25 02:50:53,184 fedbase.py run [line:323] INFO expense           16705220.0
2025-04-25 02:50:53,184 fedbase.py run [line:324] INFO Eval Time Cost:               2.0121s
2025-04-25 02:50:53,185 asyncbase.py iterate [line:68] INFO Select clients [0, 1, 2, 3, 4, 5, 6, 7, 8, 9, 10, 11, 12, 13, 14, 15, 16, 17, 18, 19] at time 39.
2025-04-25 02:51:04,677 asyncbase.py iterate [line:73] INFO Receive new models from clients [11, 2, 12, 4] at time 51
2025-04-25 02:51:04,678 asyncbase.py iterate [line:73] INFO Receive new models from clients [14, 13, 18, 6, 5, 10, 7] at time 52
2025-04-25 02:51:04,678 asyncbase.py iterate [line:73] INFO Receive new models from clients [17, 15, 9, 0, 8, 3] at time 53
2025-04-25 02:51:04,678 asyncbase.py iterate [line:73] INFO Receive new models from clients [1, 19, 16] at time 54
2025-04-25 02:51:04,756 fedbase.py run [line:318] INFO --------------Round 6--------------
2025-04-25 02:51:04,756 simple_logger.py log_once [line:14] INFO Current_time:54
2025-04-25 02:51:06,770 simple_logger.py log_once [line:28] INFO test_accuracy                 0.9275
2025-04-25 02:51:06,770 simple_logger.py log_once [line:28] INFO test_loss                     0.2647
2025-04-25 02:51:06,770 simple_logger.py log_once [line:28] INFO val_accuracy                  0.9197
2025-04-25 02:51:06,770 simple_logger.py log_once [line:28] INFO mean_val_accuracy             0.9197
2025-04-25 02:51:06,770 simple_logger.py log_once [line:28] INFO std_val_accuracy              0.0193
2025-04-25 02:51:06,770 simple_logger.py log_once [line:28] INFO val_loss                      0.2819
2025-04-25 02:51:06,770 simple_logger.py log_once [line:28] INFO mean_val_loss                 0.2819
2025-04-25 02:51:06,771 simple_logger.py log_once [line:28] INFO std_val_loss                  0.0395
2025-04-25 02:51:06,771 fedbase.py run [line:323] INFO expense           16729060.0
2025-04-25 02:51:06,771 fedbase.py run [line:324] INFO Eval Time Cost:               2.0143s
2025-04-25 02:51:06,771 asyncbase.py iterate [line:68] INFO Select clients [0, 1, 2, 3, 4, 5, 6, 7, 8, 9, 10, 11, 12, 13, 14, 15, 16, 17, 18, 19] at time 55.
2025-04-25 02:51:17,772 asyncbase.py iterate [line:73] INFO Receive new models from clients [1, 3, 12, 8] at time 67
2025-04-25 02:51:17,772 asyncbase.py iterate [line:73] INFO Receive new models from clients [13, 16, 18, 11, 14, 7] at time 68
2025-04-25 02:51:17,772 asyncbase.py iterate [line:73] INFO Receive new models from clients [4, 6, 15, 19, 2, 10, 0, 17] at time 69
2025-04-25 02:51:17,772 asyncbase.py iterate [line:73] INFO Receive new models from clients [9, 5] at time 70
2025-04-25 02:51:17,825 fedbase.py run [line:318] INFO --------------Round 7--------------
2025-04-25 02:51:17,825 simple_logger.py log_once [line:14] INFO Current_time:70
2025-04-25 02:51:19,826 simple_logger.py log_once [line:28] INFO test_accuracy                 0.9325
2025-04-25 02:51:19,826 simple_logger.py log_once [line:28] INFO test_loss                     0.2484
2025-04-25 02:51:19,826 simple_logger.py log_once [line:28] INFO val_accuracy                  0.9242
2025-04-25 02:51:19,826 simple_logger.py log_once [line:28] INFO mean_val_accuracy             0.9242
2025-04-25 02:51:19,826 simple_logger.py log_once [line:28] INFO std_val_accuracy              0.0156
2025-04-25 02:51:19,826 simple_logger.py log_once [line:28] INFO val_loss                      0.2651
2025-04-25 02:51:19,826 simple_logger.py log_once [line:28] INFO mean_val_loss                 0.2651
2025-04-25 02:51:19,826 simple_logger.py log_once [line:28] INFO std_val_loss                  0.0388
2025-04-25 02:51:19,826 fedbase.py run [line:323] INFO expense           16752900.0
2025-04-25 02:51:19,826 fedbase.py run [line:324] INFO Eval Time Cost:               2.0010s
2025-04-25 02:51:19,826 asyncbase.py iterate [line:68] INFO Select clients [0, 1, 2, 3, 4, 5, 6, 7, 8, 9, 10, 11, 12, 13, 14, 15, 16, 17, 18, 19] at time 71.
2025-04-25 02:51:31,288 asyncbase.py iterate [line:73] INFO Receive new models from clients [11, 8, 17] at time 83
2025-04-25 02:51:31,288 asyncbase.py iterate [line:73] INFO Receive new models from clients [0, 5, 13, 7, 6, 19] at time 84
2025-04-25 02:51:31,289 asyncbase.py iterate [line:73] INFO Receive new models from clients [12, 2, 18, 9, 16, 10, 4, 15, 14, 1, 3] at time 85
2025-04-25 02:51:31,343 fedbase.py run [line:318] INFO --------------Round 8--------------
2025-04-25 02:51:31,343 simple_logger.py log_once [line:14] INFO Current_time:85
2025-04-25 02:51:33,367 simple_logger.py log_once [line:28] INFO test_accuracy                 0.9363
2025-04-25 02:51:33,367 simple_logger.py log_once [line:28] INFO test_loss                     0.2347
2025-04-25 02:51:33,367 simple_logger.py log_once [line:28] INFO val_accuracy                  0.9278
2025-04-25 02:51:33,367 simple_logger.py log_once [line:28] INFO mean_val_accuracy             0.9278
2025-04-25 02:51:33,367 simple_logger.py log_once [line:28] INFO std_val_accuracy              0.0175
2025-04-25 02:51:33,367 simple_logger.py log_once [line:28] INFO val_loss                      0.2536
2025-04-25 02:51:33,367 simple_logger.py log_once [line:28] INFO mean_val_loss                 0.2536
2025-04-25 02:51:33,367 simple_logger.py log_once [line:28] INFO std_val_loss                  0.0388
2025-04-25 02:51:33,367 fedbase.py run [line:323] INFO expense           16776740.0
2025-04-25 02:51:33,367 fedbase.py run [line:324] INFO Eval Time Cost:               2.0246s
2025-04-25 02:51:33,368 asyncbase.py iterate [line:68] INFO Select clients [0, 1, 2, 3, 4, 5, 6, 7, 8, 9, 10, 11, 12, 13, 14, 15, 16, 17, 18, 19] at time 86.
2025-04-25 02:51:44,684 asyncbase.py iterate [line:73] INFO Receive new models from clients [11, 5, 19, 7] at time 98
2025-04-25 02:51:44,684 asyncbase.py iterate [line:73] INFO Receive new models from clients [4, 0, 12, 15, 1, 18] at time 99
2025-04-25 02:51:44,685 asyncbase.py iterate [line:73] INFO Receive new models from clients [16, 13, 3, 8, 9, 17, 10, 2, 14, 6] at time 100
2025-04-25 02:51:44,738 fedbase.py run [line:318] INFO --------------Round 9--------------
2025-04-25 02:51:44,738 simple_logger.py log_once [line:14] INFO Current_time:100
2025-04-25 02:51:46,748 simple_logger.py log_once [line:28] INFO test_accuracy                 0.9373
2025-04-25 02:51:46,748 simple_logger.py log_once [line:28] INFO test_loss                     0.2254
2025-04-25 02:51:46,748 simple_logger.py log_once [line:28] INFO val_accuracy                  0.9320
2025-04-25 02:51:46,748 simple_logger.py log_once [line:28] INFO mean_val_accuracy             0.9320
2025-04-25 02:51:46,748 simple_logger.py log_once [line:28] INFO std_val_accuracy              0.0179
2025-04-25 02:51:46,748 simple_logger.py log_once [line:28] INFO val_loss                      0.2428
2025-04-25 02:51:46,748 simple_logger.py log_once [line:28] INFO mean_val_loss                 0.2428
2025-04-25 02:51:46,748 simple_logger.py log_once [line:28] INFO std_val_loss                  0.0386
2025-04-25 02:51:46,748 fedbase.py run [line:323] INFO expense           16800580.0
2025-04-25 02:51:46,749 fedbase.py run [line:324] INFO Eval Time Cost:               2.0100s
2025-04-25 02:51:46,749 asyncbase.py iterate [line:68] INFO Select clients [0, 1, 2, 3, 4, 5, 6, 7, 8, 9, 10, 11, 12, 13, 14, 15, 16, 17, 18, 19] at time 101.
2025-04-25 02:51:59,433 asyncbase.py iterate [line:73] INFO Receive new models from clients [5, 10, 19, 18, 2, 6] at time 113
2025-04-25 02:51:59,433 asyncbase.py iterate [line:73] INFO Receive new models from clients [0, 8, 12, 9, 15, 17, 16] at time 114
2025-04-25 02:51:59,433 asyncbase.py iterate [line:73] INFO Receive new models from clients [4, 13, 7, 14, 3] at time 115
2025-04-25 02:51:59,434 asyncbase.py iterate [line:73] INFO Receive new models from clients [11, 1] at time 116
2025-04-25 02:51:59,486 fedbase.py run [line:318] INFO --------------Round 10--------------
2025-04-25 02:51:59,486 simple_logger.py log_once [line:14] INFO Current_time:116
2025-04-25 02:52:01,510 simple_logger.py log_once [line:28] INFO test_accuracy                 0.9399
2025-04-25 02:52:01,510 simple_logger.py log_once [line:28] INFO test_loss                     0.2133
2025-04-25 02:52:01,510 simple_logger.py log_once [line:28] INFO val_accuracy                  0.9348
2025-04-25 02:52:01,510 simple_logger.py log_once [line:28] INFO mean_val_accuracy             0.9348
2025-04-25 02:52:01,510 simple_logger.py log_once [line:28] INFO std_val_accuracy              0.0171
2025-04-25 02:52:01,510 simple_logger.py log_once [line:28] INFO val_loss                      0.2321
2025-04-25 02:52:01,510 simple_logger.py log_once [line:28] INFO mean_val_loss                 0.2321
2025-04-25 02:52:01,510 simple_logger.py log_once [line:28] INFO std_val_loss                  0.0382
2025-04-25 02:52:01,510 fedbase.py run [line:323] INFO expense           16824420.0
2025-04-25 02:52:01,510 fedbase.py run [line:324] INFO Eval Time Cost:               2.0240s
2025-04-25 02:52:01,510 asyncbase.py iterate [line:68] INFO Select clients [0, 1, 2, 3, 4, 5, 6, 7, 8, 9, 10, 11, 12, 13, 14, 15, 16, 17, 18, 19] at time 117.
2025-04-25 02:52:12,992 asyncbase.py iterate [line:73] INFO Receive new models from clients [13, 1] at time 129
2025-04-25 02:52:12,992 asyncbase.py iterate [line:73] INFO Receive new models from clients [16, 6, 10, 8, 2, 9, 11, 7, 12, 19, 15, 18, 5] at time 130
2025-04-25 02:52:12,993 asyncbase.py iterate [line:73] INFO Receive new models from clients [17, 14, 3, 0] at time 131
2025-04-25 02:52:12,993 asyncbase.py iterate [line:73] INFO Receive new models from clients [4] at time 132
2025-04-25 02:52:13,048 fedbase.py run [line:318] INFO --------------Round 11--------------
2025-04-25 02:52:13,048 simple_logger.py log_once [line:14] INFO Current_time:132
2025-04-25 02:52:15,060 simple_logger.py log_once [line:28] INFO test_accuracy                 0.9426
2025-04-25 02:52:15,061 simple_logger.py log_once [line:28] INFO test_loss                     0.2045
2025-04-25 02:52:15,061 simple_logger.py log_once [line:28] INFO val_accuracy                  0.9378
2025-04-25 02:52:15,061 simple_logger.py log_once [line:28] INFO mean_val_accuracy             0.9378
2025-04-25 02:52:15,061 simple_logger.py log_once [line:28] INFO std_val_accuracy              0.0179
2025-04-25 02:52:15,061 simple_logger.py log_once [line:28] INFO val_loss                      0.2226
2025-04-25 02:52:15,061 simple_logger.py log_once [line:28] INFO mean_val_loss                 0.2226
2025-04-25 02:52:15,061 simple_logger.py log_once [line:28] INFO std_val_loss                  0.0374
2025-04-25 02:52:15,061 fedbase.py run [line:323] INFO expense           16848260.0
2025-04-25 02:52:15,061 fedbase.py run [line:324] INFO Eval Time Cost:               2.0130s
2025-04-25 02:52:15,061 asyncbase.py iterate [line:68] INFO Select clients [0, 1, 2, 3, 4, 5, 6, 7, 8, 9, 10, 11, 12, 13, 14, 15, 16, 17, 18, 19] at time 133.
2025-04-25 02:52:26,790 asyncbase.py iterate [line:73] INFO Receive new models from clients [13, 5] at time 145
2025-04-25 02:52:26,791 asyncbase.py iterate [line:73] INFO Receive new models from clients [8, 3, 14, 1] at time 146
2025-04-25 02:52:26,791 asyncbase.py iterate [line:73] INFO Receive new models from clients [9, 12, 19, 7, 10, 16, 6, 15] at time 147
2025-04-25 02:52:26,791 asyncbase.py iterate [line:73] INFO Receive new models from clients [17, 18, 4, 2, 0, 11] at time 148
2025-04-25 02:52:26,844 fedbase.py run [line:318] INFO --------------Round 12--------------
2025-04-25 02:52:26,844 simple_logger.py log_once [line:14] INFO Current_time:148
2025-04-25 02:52:28,854 simple_logger.py log_once [line:28] INFO test_accuracy                 0.9450
2025-04-25 02:52:28,854 simple_logger.py log_once [line:28] INFO test_loss                     0.1949
2025-04-25 02:52:28,854 simple_logger.py log_once [line:28] INFO val_accuracy                  0.9412
2025-04-25 02:52:28,855 simple_logger.py log_once [line:28] INFO mean_val_accuracy             0.9412
2025-04-25 02:52:28,855 simple_logger.py log_once [line:28] INFO std_val_accuracy              0.0157
2025-04-25 02:52:28,855 simple_logger.py log_once [line:28] INFO val_loss                      0.2133
2025-04-25 02:52:28,855 simple_logger.py log_once [line:28] INFO mean_val_loss                 0.2133
2025-04-25 02:52:28,855 simple_logger.py log_once [line:28] INFO std_val_loss                  0.0368
2025-04-25 02:52:28,855 fedbase.py run [line:323] INFO expense           16872100.0
2025-04-25 02:52:28,855 fedbase.py run [line:324] INFO Eval Time Cost:               2.0104s
2025-04-25 02:52:28,855 asyncbase.py iterate [line:68] INFO Select clients [0, 1, 2, 3, 4, 5, 6, 7, 8, 9, 10, 11, 12, 13, 14, 15, 16, 17, 18, 19] at time 149.
2025-04-25 02:52:40,012 asyncbase.py iterate [line:73] INFO Receive new models from clients [4, 19, 1, 13] at time 161
2025-04-25 02:52:40,013 asyncbase.py iterate [line:73] INFO Receive new models from clients [18, 0, 6, 7, 10] at time 162
2025-04-25 02:52:40,013 asyncbase.py iterate [line:73] INFO Receive new models from clients [11, 14, 15, 17, 12, 9, 5, 2, 16] at time 163
2025-04-25 02:52:40,013 asyncbase.py iterate [line:73] INFO Receive new models from clients [8, 3] at time 164
2025-04-25 02:52:40,067 fedbase.py run [line:318] INFO --------------Round 13--------------
2025-04-25 02:52:40,067 simple_logger.py log_once [line:14] INFO Current_time:164
2025-04-25 02:52:42,077 simple_logger.py log_once [line:28] INFO test_accuracy                 0.9472
2025-04-25 02:52:42,077 simple_logger.py log_once [line:28] INFO test_loss                     0.1877
2025-04-25 02:52:42,077 simple_logger.py log_once [line:28] INFO val_accuracy                  0.9438
2025-04-25 02:52:42,077 simple_logger.py log_once [line:28] INFO mean_val_accuracy             0.9438
2025-04-25 02:52:42,078 simple_logger.py log_once [line:28] INFO std_val_accuracy              0.0149
2025-04-25 02:52:42,078 simple_logger.py log_once [line:28] INFO val_loss                      0.2065
2025-04-25 02:52:42,078 simple_logger.py log_once [line:28] INFO mean_val_loss                 0.2065
2025-04-25 02:52:42,078 simple_logger.py log_once [line:28] INFO std_val_loss                  0.0364
2025-04-25 02:52:42,078 fedbase.py run [line:323] INFO expense           16895940.0
2025-04-25 02:52:42,078 fedbase.py run [line:324] INFO Eval Time Cost:               2.0110s
2025-04-25 02:52:42,078 asyncbase.py iterate [line:68] INFO Select clients [0, 1, 2, 3, 4, 5, 6, 7, 8, 9, 10, 11, 12, 13, 14, 15, 16, 17, 18, 19] at time 165.
2025-04-25 02:52:53,655 asyncbase.py iterate [line:73] INFO Receive new models from clients [14] at time 177
2025-04-25 02:52:53,655 asyncbase.py iterate [line:73] INFO Receive new models from clients [7, 10, 11, 15, 12, 17, 9, 1, 19, 6] at time 178
2025-04-25 02:52:53,656 asyncbase.py iterate [line:73] INFO Receive new models from clients [4, 2, 18, 16, 0, 13, 3, 5, 8] at time 179
2025-04-25 02:52:53,708 fedbase.py run [line:318] INFO --------------Round 14--------------
2025-04-25 02:52:53,708 simple_logger.py log_once [line:14] INFO Current_time:179
2025-04-25 02:52:55,718 simple_logger.py log_once [line:28] INFO test_accuracy                 0.9475
2025-04-25 02:52:55,719 simple_logger.py log_once [line:28] INFO test_loss                     0.1819
2025-04-25 02:52:55,719 simple_logger.py log_once [line:28] INFO val_accuracy                  0.9433
2025-04-25 02:52:55,719 simple_logger.py log_once [line:28] INFO mean_val_accuracy             0.9433
2025-04-25 02:52:55,719 simple_logger.py log_once [line:28] INFO std_val_accuracy              0.0161
2025-04-25 02:52:55,719 simple_logger.py log_once [line:28] INFO val_loss                      0.2015
2025-04-25 02:52:55,719 simple_logger.py log_once [line:28] INFO mean_val_loss                 0.2015
2025-04-25 02:52:55,719 simple_logger.py log_once [line:28] INFO std_val_loss                  0.0361
2025-04-25 02:52:55,719 fedbase.py run [line:323] INFO expense           16919780.0
2025-04-25 02:52:55,719 fedbase.py run [line:324] INFO Eval Time Cost:               2.0106s
2025-04-25 02:52:55,719 asyncbase.py iterate [line:68] INFO Select clients [0, 1, 2, 3, 4, 5, 6, 7, 8, 9, 10, 11, 12, 13, 14, 15, 16, 17, 18, 19] at time 180.
2025-04-25 02:53:07,060 asyncbase.py iterate [line:73] INFO Receive new models from clients [12, 9, 14] at time 192
2025-04-25 02:53:07,061 asyncbase.py iterate [line:73] INFO Receive new models from clients [2, 17, 11, 8, 4, 5, 1, 16] at time 193
2025-04-25 02:53:07,061 asyncbase.py iterate [line:73] INFO Receive new models from clients [19, 15, 13, 0, 18, 10, 7] at time 194
2025-04-25 02:53:07,061 asyncbase.py iterate [line:73] INFO Receive new models from clients [6, 3] at time 195
2025-04-25 02:53:07,114 fedbase.py run [line:318] INFO --------------Round 15--------------
2025-04-25 02:53:07,114 simple_logger.py log_once [line:14] INFO Current_time:195
2025-04-25 02:53:09,108 simple_logger.py log_once [line:28] INFO test_accuracy                 0.9492
2025-04-25 02:53:09,108 simple_logger.py log_once [line:28] INFO test_loss                     0.1760
2025-04-25 02:53:09,108 simple_logger.py log_once [line:28] INFO val_accuracy                  0.9482
2025-04-25 02:53:09,108 simple_logger.py log_once [line:28] INFO mean_val_accuracy             0.9482
2025-04-25 02:53:09,108 simple_logger.py log_once [line:28] INFO std_val_accuracy              0.0146
2025-04-25 02:53:09,108 simple_logger.py log_once [line:28] INFO val_loss                      0.1937
2025-04-25 02:53:09,108 simple_logger.py log_once [line:28] INFO mean_val_loss                 0.1937
2025-04-25 02:53:09,108 simple_logger.py log_once [line:28] INFO std_val_loss                  0.0353
2025-04-25 02:53:09,108 fedbase.py run [line:323] INFO expense           16943620.0
2025-04-25 02:53:09,108 fedbase.py run [line:324] INFO Eval Time Cost:               1.9943s
2025-04-25 02:53:09,108 asyncbase.py iterate [line:68] INFO Select clients [0, 1, 2, 3, 4, 5, 6, 7, 8, 9, 10, 11, 12, 13, 14, 15, 16, 17, 18, 19] at time 196.
2025-04-25 02:53:20,203 asyncbase.py iterate [line:73] INFO Receive new models from clients [7, 4] at time 208
2025-04-25 02:53:20,204 asyncbase.py iterate [line:73] INFO Receive new models from clients [1, 12, 11, 10, 15, 9, 13, 0, 6, 14] at time 209
2025-04-25 02:53:20,204 asyncbase.py iterate [line:73] INFO Receive new models from clients [19, 17, 16, 8, 2, 5, 3, 18] at time 210
2025-04-25 02:53:20,257 fedbase.py run [line:318] INFO --------------Round 16--------------
2025-04-25 02:53:20,257 simple_logger.py log_once [line:14] INFO Current_time:210
2025-04-25 02:53:22,258 simple_logger.py log_once [line:28] INFO test_accuracy                 0.9501
2025-04-25 02:53:22,258 simple_logger.py log_once [line:28] INFO test_loss                     0.1694
2025-04-25 02:53:22,258 simple_logger.py log_once [line:28] INFO val_accuracy                  0.9482
2025-04-25 02:53:22,258 simple_logger.py log_once [line:28] INFO mean_val_accuracy             0.9482
2025-04-25 02:53:22,258 simple_logger.py log_once [line:28] INFO std_val_accuracy              0.0159
2025-04-25 02:53:22,258 simple_logger.py log_once [line:28] INFO val_loss                      0.1878
2025-04-25 02:53:22,258 simple_logger.py log_once [line:28] INFO mean_val_loss                 0.1878
2025-04-25 02:53:22,258 simple_logger.py log_once [line:28] INFO std_val_loss                  0.0354
2025-04-25 02:53:22,258 fedbase.py run [line:323] INFO expense           16967460.0
2025-04-25 02:53:22,259 fedbase.py run [line:324] INFO Eval Time Cost:               2.0010s
2025-04-25 02:53:22,259 asyncbase.py iterate [line:68] INFO Select clients [0, 1, 2, 3, 4, 5, 6, 7, 8, 9, 10, 11, 12, 13, 14, 15, 16, 17, 18, 19] at time 211.
2025-04-25 02:53:34,260 asyncbase.py iterate [line:73] INFO Receive new models from clients [19] at time 223
2025-04-25 02:53:34,261 asyncbase.py iterate [line:73] INFO Receive new models from clients [11, 10, 9, 4, 13, 16, 12, 3] at time 224
2025-04-25 02:53:34,261 asyncbase.py iterate [line:73] INFO Receive new models from clients [1, 5, 2, 8, 6, 15, 0, 7, 17] at time 225
2025-04-25 02:53:34,262 asyncbase.py iterate [line:73] INFO Receive new models from clients [18, 14] at time 226
2025-04-25 02:53:34,339 fedbase.py run [line:318] INFO --------------Round 17--------------
2025-04-25 02:53:34,340 simple_logger.py log_once [line:14] INFO Current_time:226
2025-04-25 02:53:36,615 simple_logger.py log_once [line:28] INFO test_accuracy                 0.9523
2025-04-25 02:53:36,615 simple_logger.py log_once [line:28] INFO test_loss                     0.1641
2025-04-25 02:53:36,615 simple_logger.py log_once [line:28] INFO val_accuracy                  0.9503
2025-04-25 02:53:36,615 simple_logger.py log_once [line:28] INFO mean_val_accuracy             0.9503
2025-04-25 02:53:36,615 simple_logger.py log_once [line:28] INFO std_val_accuracy              0.0163
2025-04-25 02:53:36,616 simple_logger.py log_once [line:28] INFO val_loss                      0.1832
2025-04-25 02:53:36,616 simple_logger.py log_once [line:28] INFO mean_val_loss                 0.1832
2025-04-25 02:53:36,616 simple_logger.py log_once [line:28] INFO std_val_loss                  0.0351
2025-04-25 02:53:36,616 fedbase.py run [line:323] INFO expense           16991300.0
2025-04-25 02:53:36,616 fedbase.py run [line:324] INFO Eval Time Cost:               2.2761s
2025-04-25 02:53:36,616 asyncbase.py iterate [line:68] INFO Select clients [0, 1, 2, 3, 4, 5, 6, 7, 8, 9, 10, 11, 12, 13, 14, 15, 16, 17, 18, 19] at time 227.
2025-04-25 02:53:47,884 asyncbase.py iterate [line:73] INFO Receive new models from clients [16] at time 239
2025-04-25 02:53:47,884 asyncbase.py iterate [line:73] INFO Receive new models from clients [2, 19, 11, 8, 1, 0, 4, 18, 14, 6, 15] at time 240
2025-04-25 02:53:47,885 asyncbase.py iterate [line:73] INFO Receive new models from clients [10, 3, 12, 17] at time 241
2025-04-25 02:53:47,885 asyncbase.py iterate [line:73] INFO Receive new models from clients [9, 7, 13, 5] at time 242
2025-04-25 02:53:47,939 fedbase.py run [line:318] INFO --------------Round 18--------------
2025-04-25 02:53:47,939 simple_logger.py log_once [line:14] INFO Current_time:242
2025-04-25 02:53:49,933 simple_logger.py log_once [line:28] INFO test_accuracy                 0.9529
2025-04-25 02:53:49,933 simple_logger.py log_once [line:28] INFO test_loss                     0.1581
2025-04-25 02:53:49,933 simple_logger.py log_once [line:28] INFO val_accuracy                  0.9520
2025-04-25 02:53:49,933 simple_logger.py log_once [line:28] INFO mean_val_accuracy             0.9520
2025-04-25 02:53:49,933 simple_logger.py log_once [line:28] INFO std_val_accuracy              0.0146
2025-04-25 02:53:49,933 simple_logger.py log_once [line:28] INFO val_loss                      0.1774
2025-04-25 02:53:49,933 simple_logger.py log_once [line:28] INFO mean_val_loss                 0.1774
2025-04-25 02:53:49,933 simple_logger.py log_once [line:28] INFO std_val_loss                  0.0348
2025-04-25 02:53:49,933 fedbase.py run [line:323] INFO expense           17015140.0
2025-04-25 02:53:49,933 fedbase.py run [line:324] INFO Eval Time Cost:               1.9946s
2025-04-25 02:53:49,933 asyncbase.py iterate [line:68] INFO Select clients [0, 1, 2, 3, 4, 5, 6, 7, 8, 9, 10, 11, 12, 13, 14, 15, 16, 17, 18, 19] at time 243.
2025-04-25 02:54:01,523 asyncbase.py iterate [line:73] INFO Receive new models from clients [4, 14, 18, 10] at time 255
2025-04-25 02:54:01,523 asyncbase.py iterate [line:73] INFO Receive new models from clients [5, 8, 19, 9, 17] at time 256
2025-04-25 02:54:01,523 asyncbase.py iterate [line:73] INFO Receive new models from clients [0, 16, 7, 12, 1, 2, 13, 3, 11, 15] at time 257
2025-04-25 02:54:01,523 asyncbase.py iterate [line:73] INFO Receive new models from clients [6] at time 258
2025-04-25 02:54:01,579 fedbase.py run [line:318] INFO --------------Round 19--------------
2025-04-25 02:54:01,579 simple_logger.py log_once [line:14] INFO Current_time:258
2025-04-25 02:54:03,583 simple_logger.py log_once [line:28] INFO test_accuracy                 0.9553
2025-04-25 02:54:03,583 simple_logger.py log_once [line:28] INFO test_loss                     0.1560
2025-04-25 02:54:03,583 simple_logger.py log_once [line:28] INFO val_accuracy                  0.9537
2025-04-25 02:54:03,583 simple_logger.py log_once [line:28] INFO mean_val_accuracy             0.9537
2025-04-25 02:54:03,583 simple_logger.py log_once [line:28] INFO std_val_accuracy              0.0126
2025-04-25 02:54:03,583 simple_logger.py log_once [line:28] INFO val_loss                      0.1734
2025-04-25 02:54:03,583 simple_logger.py log_once [line:28] INFO mean_val_loss                 0.1734
2025-04-25 02:54:03,583 simple_logger.py log_once [line:28] INFO std_val_loss                  0.0335
2025-04-25 02:54:03,583 fedbase.py run [line:323] INFO expense           17038980.0
2025-04-25 02:54:03,583 fedbase.py run [line:324] INFO Eval Time Cost:               2.0044s
2025-04-25 02:54:03,584 asyncbase.py iterate [line:68] INFO Select clients [0, 1, 2, 3, 4, 5, 6, 7, 8, 9, 10, 11, 12, 13, 14, 15, 16, 17, 18, 19] at time 259.
2025-04-25 02:54:14,603 asyncbase.py iterate [line:73] INFO Receive new models from clients [2, 4, 19, 3] at time 271
2025-04-25 02:54:14,604 asyncbase.py iterate [line:73] INFO Receive new models from clients [1, 15, 6, 5, 10] at time 272
2025-04-25 02:54:14,604 asyncbase.py iterate [line:73] INFO Receive new models from clients [13, 7, 11, 8, 0, 12, 9] at time 273
2025-04-25 02:54:14,604 asyncbase.py iterate [line:73] INFO Receive new models from clients [14, 18, 16, 17] at time 274
2025-04-25 02:54:14,663 fedbase.py run [line:318] INFO --------------Round 20--------------
2025-04-25 02:54:14,663 simple_logger.py log_once [line:14] INFO Current_time:274
2025-04-25 02:54:16,674 simple_logger.py log_once [line:28] INFO test_accuracy                 0.9565
2025-04-25 02:54:16,675 simple_logger.py log_once [line:28] INFO test_loss                     0.1502
2025-04-25 02:54:16,675 simple_logger.py log_once [line:28] INFO val_accuracy                  0.9537
2025-04-25 02:54:16,675 simple_logger.py log_once [line:28] INFO mean_val_accuracy             0.9537
2025-04-25 02:54:16,675 simple_logger.py log_once [line:28] INFO std_val_accuracy              0.0140
2025-04-25 02:54:16,675 simple_logger.py log_once [line:28] INFO val_loss                      0.1679
2025-04-25 02:54:16,675 simple_logger.py log_once [line:28] INFO mean_val_loss                 0.1679
2025-04-25 02:54:16,675 simple_logger.py log_once [line:28] INFO std_val_loss                  0.0330
2025-04-25 02:54:16,675 fedbase.py run [line:323] INFO expense           17062820.0
2025-04-25 02:54:16,675 fedbase.py run [line:324] INFO Eval Time Cost:               2.0120s
2025-04-25 02:54:16,675 asyncbase.py iterate [line:68] INFO Select clients [0, 1, 2, 3, 4, 5, 6, 7, 8, 9, 10, 11, 12, 13, 14, 15, 16, 17, 18, 19] at time 275.
2025-04-25 02:54:29,154 asyncbase.py iterate [line:73] INFO Receive new models from clients [18, 5, 0] at time 287
2025-04-25 02:54:29,155 asyncbase.py iterate [line:73] INFO Receive new models from clients [10, 16, 1, 19, 6] at time 288
2025-04-25 02:54:29,155 asyncbase.py iterate [line:73] INFO Receive new models from clients [8, 11, 3, 14, 4, 17, 7, 9, 2] at time 289
2025-04-25 02:54:29,155 asyncbase.py iterate [line:73] INFO Receive new models from clients [12, 15, 13] at time 290
2025-04-25 02:54:29,209 fedbase.py run [line:318] INFO --------------Round 21--------------
2025-04-25 02:54:29,209 simple_logger.py log_once [line:14] INFO Current_time:290
2025-04-25 02:54:31,215 simple_logger.py log_once [line:28] INFO test_accuracy                 0.9564
2025-04-25 02:54:31,215 simple_logger.py log_once [line:28] INFO test_loss                     0.1472
2025-04-25 02:54:31,215 simple_logger.py log_once [line:28] INFO val_accuracy                  0.9535
2025-04-25 02:54:31,215 simple_logger.py log_once [line:28] INFO mean_val_accuracy             0.9535
2025-04-25 02:54:31,215 simple_logger.py log_once [line:28] INFO std_val_accuracy              0.0138
2025-04-25 02:54:31,215 simple_logger.py log_once [line:28] INFO val_loss                      0.1656
2025-04-25 02:54:31,215 simple_logger.py log_once [line:28] INFO mean_val_loss                 0.1656
2025-04-25 02:54:31,215 simple_logger.py log_once [line:28] INFO std_val_loss                  0.0329
2025-04-25 02:54:31,215 fedbase.py run [line:323] INFO expense           17086660.0
2025-04-25 02:54:31,215 fedbase.py run [line:324] INFO Eval Time Cost:               2.0068s
2025-04-25 02:54:31,216 asyncbase.py iterate [line:68] INFO Select clients [0, 1, 2, 3, 4, 5, 6, 7, 8, 9, 10, 11, 12, 13, 14, 15, 16, 17, 18, 19] at time 291.
2025-04-25 02:54:42,295 asyncbase.py iterate [line:73] INFO Receive new models from clients [8, 6, 17, 5, 2, 14] at time 303
2025-04-25 02:54:42,296 asyncbase.py iterate [line:73] INFO Receive new models from clients [11, 1, 12, 13, 7, 3, 9] at time 304
2025-04-25 02:54:42,296 asyncbase.py iterate [line:73] INFO Receive new models from clients [10, 16, 0, 4, 19, 18] at time 305
2025-04-25 02:54:42,296 asyncbase.py iterate [line:73] INFO Receive new models from clients [15] at time 306
2025-04-25 02:54:42,351 fedbase.py run [line:318] INFO --------------Round 22--------------
2025-04-25 02:54:42,351 simple_logger.py log_once [line:14] INFO Current_time:306
2025-04-25 02:54:44,351 simple_logger.py log_once [line:28] INFO test_accuracy                 0.9585
2025-04-25 02:54:44,351 simple_logger.py log_once [line:28] INFO test_loss                     0.1424
2025-04-25 02:54:44,351 simple_logger.py log_once [line:28] INFO val_accuracy                  0.9568
2025-04-25 02:54:44,351 simple_logger.py log_once [line:28] INFO mean_val_accuracy             0.9568
2025-04-25 02:54:44,351 simple_logger.py log_once [line:28] INFO std_val_accuracy              0.0126
2025-04-25 02:54:44,352 simple_logger.py log_once [line:28] INFO val_loss                      0.1601
2025-04-25 02:54:44,352 simple_logger.py log_once [line:28] INFO mean_val_loss                 0.1601
2025-04-25 02:54:44,352 simple_logger.py log_once [line:28] INFO std_val_loss                  0.0324
2025-04-25 02:54:44,352 fedbase.py run [line:323] INFO expense           17110500.0
2025-04-25 02:54:44,352 fedbase.py run [line:324] INFO Eval Time Cost:               2.0008s
2025-04-25 02:54:44,352 asyncbase.py iterate [line:68] INFO Select clients [0, 1, 2, 3, 4, 5, 6, 7, 8, 9, 10, 11, 12, 13, 14, 15, 16, 17, 18, 19] at time 307.
2025-04-25 02:54:56,672 asyncbase.py iterate [line:73] INFO Receive new models from clients [13, 0, 5, 11] at time 319
2025-04-25 02:54:56,672 asyncbase.py iterate [line:73] INFO Receive new models from clients [15, 10, 1, 2, 7, 16, 6, 4, 18] at time 320
2025-04-25 02:54:56,673 asyncbase.py iterate [line:73] INFO Receive new models from clients [14, 17, 19, 8] at time 321
2025-04-25 02:54:56,673 asyncbase.py iterate [line:73] INFO Receive new models from clients [12, 9, 3] at time 322
2025-04-25 02:54:56,726 fedbase.py run [line:318] INFO --------------Round 23--------------
2025-04-25 02:54:56,726 simple_logger.py log_once [line:14] INFO Current_time:322
2025-04-25 02:54:58,728 simple_logger.py log_once [line:28] INFO test_accuracy                 0.9605
2025-04-25 02:54:58,728 simple_logger.py log_once [line:28] INFO test_loss                     0.1406
2025-04-25 02:54:58,728 simple_logger.py log_once [line:28] INFO val_accuracy                  0.9572
2025-04-25 02:54:58,728 simple_logger.py log_once [line:28] INFO mean_val_accuracy             0.9572
2025-04-25 02:54:58,728 simple_logger.py log_once [line:28] INFO std_val_accuracy              0.0116
2025-04-25 02:54:58,728 simple_logger.py log_once [line:28] INFO val_loss                      0.1579
2025-04-25 02:54:58,728 simple_logger.py log_once [line:28] INFO mean_val_loss                 0.1579
2025-04-25 02:54:58,728 simple_logger.py log_once [line:28] INFO std_val_loss                  0.0319
2025-04-25 02:54:58,729 fedbase.py run [line:323] INFO expense           17134340.0
2025-04-25 02:54:58,729 fedbase.py run [line:324] INFO Eval Time Cost:               2.0024s
2025-04-25 02:54:58,729 asyncbase.py iterate [line:68] INFO Select clients [0, 1, 2, 3, 4, 5, 6, 7, 8, 9, 10, 11, 12, 13, 14, 15, 16, 17, 18, 19] at time 323.
2025-04-25 02:55:10,266 asyncbase.py iterate [line:73] INFO Receive new models from clients [3, 19, 10, 14, 16, 11] at time 335
2025-04-25 02:55:10,266 asyncbase.py iterate [line:73] INFO Receive new models from clients [2, 7, 18, 5, 6, 8, 13] at time 336
2025-04-25 02:55:10,267 asyncbase.py iterate [line:73] INFO Receive new models from clients [4, 9, 0, 15, 17] at time 337
2025-04-25 02:55:10,267 asyncbase.py iterate [line:73] INFO Receive new models from clients [1, 12] at time 338
2025-04-25 02:55:10,320 fedbase.py run [line:318] INFO --------------Round 24--------------
2025-04-25 02:55:10,320 simple_logger.py log_once [line:14] INFO Current_time:338
2025-04-25 02:55:12,319 simple_logger.py log_once [line:28] INFO test_accuracy                 0.9609
2025-04-25 02:55:12,319 simple_logger.py log_once [line:28] INFO test_loss                     0.1363
2025-04-25 02:55:12,319 simple_logger.py log_once [line:28] INFO val_accuracy                  0.9580
2025-04-25 02:55:12,319 simple_logger.py log_once [line:28] INFO mean_val_accuracy             0.9580
2025-04-25 02:55:12,319 simple_logger.py log_once [line:28] INFO std_val_accuracy              0.0117
2025-04-25 02:55:12,319 simple_logger.py log_once [line:28] INFO val_loss                      0.1541
2025-04-25 02:55:12,319 simple_logger.py log_once [line:28] INFO mean_val_loss                 0.1541
2025-04-25 02:55:12,319 simple_logger.py log_once [line:28] INFO std_val_loss                  0.0316
2025-04-25 02:55:12,319 fedbase.py run [line:323] INFO expense           17158180.0
2025-04-25 02:55:12,319 fedbase.py run [line:324] INFO Eval Time Cost:               1.9989s
2025-04-25 02:55:12,319 asyncbase.py iterate [line:68] INFO Select clients [0, 1, 2, 3, 4, 5, 6, 7, 8, 9, 10, 11, 12, 13, 14, 15, 16, 17, 18, 19] at time 339.
2025-04-25 02:55:24,151 asyncbase.py iterate [line:73] INFO Receive new models from clients [11, 5, 10, 9, 16] at time 351
2025-04-25 02:55:24,151 asyncbase.py iterate [line:73] INFO Receive new models from clients [14, 3, 1, 6, 12, 18, 15] at time 352
2025-04-25 02:55:24,151 asyncbase.py iterate [line:73] INFO Receive new models from clients [2, 4, 7, 8, 13, 17, 0, 19] at time 353
2025-04-25 02:55:24,203 fedbase.py run [line:318] INFO --------------Round 25--------------
2025-04-25 02:55:24,203 simple_logger.py log_once [line:14] INFO Current_time:353
2025-04-25 02:55:26,207 simple_logger.py log_once [line:28] INFO test_accuracy                 0.9615
2025-04-25 02:55:26,207 simple_logger.py log_once [line:28] INFO test_loss                     0.1320
2025-04-25 02:55:26,207 simple_logger.py log_once [line:28] INFO val_accuracy                  0.9585
2025-04-25 02:55:26,207 simple_logger.py log_once [line:28] INFO mean_val_accuracy             0.9585
2025-04-25 02:55:26,207 simple_logger.py log_once [line:28] INFO std_val_accuracy              0.0122
2025-04-25 02:55:26,207 simple_logger.py log_once [line:28] INFO val_loss                      0.1493
2025-04-25 02:55:26,207 simple_logger.py log_once [line:28] INFO mean_val_loss                 0.1493
2025-04-25 02:55:26,207 simple_logger.py log_once [line:28] INFO std_val_loss                  0.0310
2025-04-25 02:55:26,207 fedbase.py run [line:323] INFO expense           17182020.0
2025-04-25 02:55:26,207 fedbase.py run [line:324] INFO Eval Time Cost:               2.0038s
2025-04-25 02:55:26,207 asyncbase.py iterate [line:68] INFO Select clients [0, 1, 2, 3, 4, 5, 6, 7, 8, 9, 10, 11, 12, 13, 14, 15, 16, 17, 18, 19] at time 354.
2025-04-25 02:55:37,396 asyncbase.py iterate [line:73] INFO Receive new models from clients [14, 4, 7, 18] at time 366
2025-04-25 02:55:37,396 asyncbase.py iterate [line:73] INFO Receive new models from clients [16, 0, 5, 9, 15, 10, 12, 8, 13, 3] at time 367
2025-04-25 02:55:37,396 asyncbase.py iterate [line:73] INFO Receive new models from clients [2, 19, 17, 1, 6, 11] at time 368
2025-04-25 02:55:37,450 fedbase.py run [line:318] INFO --------------Round 26--------------
2025-04-25 02:55:37,450 simple_logger.py log_once [line:14] INFO Current_time:368
2025-04-25 02:55:39,444 simple_logger.py log_once [line:28] INFO test_accuracy                 0.9630
2025-04-25 02:55:39,444 simple_logger.py log_once [line:28] INFO test_loss                     0.1293
2025-04-25 02:55:39,444 simple_logger.py log_once [line:28] INFO val_accuracy                  0.9592
2025-04-25 02:55:39,444 simple_logger.py log_once [line:28] INFO mean_val_accuracy             0.9592
2025-04-25 02:55:39,444 simple_logger.py log_once [line:28] INFO std_val_accuracy              0.0118
2025-04-25 02:55:39,445 simple_logger.py log_once [line:28] INFO val_loss                      0.1473
2025-04-25 02:55:39,445 simple_logger.py log_once [line:28] INFO mean_val_loss                 0.1473
2025-04-25 02:55:39,445 simple_logger.py log_once [line:28] INFO std_val_loss                  0.0312
2025-04-25 02:55:39,445 fedbase.py run [line:323] INFO expense           17205860.0
2025-04-25 02:55:39,445 fedbase.py run [line:324] INFO Eval Time Cost:               1.9947s
2025-04-25 02:55:39,445 asyncbase.py iterate [line:68] INFO Select clients [0, 1, 2, 3, 4, 5, 6, 7, 8, 9, 10, 11, 12, 13, 14, 15, 16, 17, 18, 19] at time 369.
2025-04-25 02:55:50,839 asyncbase.py iterate [line:73] INFO Receive new models from clients [7, 0, 4] at time 381
2025-04-25 02:55:50,840 asyncbase.py iterate [line:73] INFO Receive new models from clients [11, 6, 13, 16, 17, 3, 15, 14] at time 382
2025-04-25 02:55:50,840 asyncbase.py iterate [line:73] INFO Receive new models from clients [19, 8, 1, 10, 18, 12, 5] at time 383
2025-04-25 02:55:50,840 asyncbase.py iterate [line:73] INFO Receive new models from clients [9, 2] at time 384
2025-04-25 02:55:50,894 fedbase.py run [line:318] INFO --------------Round 27--------------
2025-04-25 02:55:50,894 simple_logger.py log_once [line:14] INFO Current_time:384
2025-04-25 02:55:52,921 simple_logger.py log_once [line:28] INFO test_accuracy                 0.9626
2025-04-25 02:55:52,922 simple_logger.py log_once [line:28] INFO test_loss                     0.1275
2025-04-25 02:55:52,922 simple_logger.py log_once [line:28] INFO val_accuracy                  0.9600
2025-04-25 02:55:52,922 simple_logger.py log_once [line:28] INFO mean_val_accuracy             0.9600
2025-04-25 02:55:52,922 simple_logger.py log_once [line:28] INFO std_val_accuracy              0.0111
2025-04-25 02:55:52,922 simple_logger.py log_once [line:28] INFO val_loss                      0.1446
2025-04-25 02:55:52,922 simple_logger.py log_once [line:28] INFO mean_val_loss                 0.1446
2025-04-25 02:55:52,922 simple_logger.py log_once [line:28] INFO std_val_loss                  0.0304
2025-04-25 02:55:52,922 fedbase.py run [line:323] INFO expense           17229700.0
2025-04-25 02:55:52,922 fedbase.py run [line:324] INFO Eval Time Cost:               2.0284s
2025-04-25 02:55:52,922 asyncbase.py iterate [line:68] INFO Select clients [0, 1, 2, 3, 4, 5, 6, 7, 8, 9, 10, 11, 12, 13, 14, 15, 16, 17, 18, 19] at time 385.
2025-04-25 02:56:04,307 asyncbase.py iterate [line:73] INFO Receive new models from clients [17, 15] at time 397
2025-04-25 02:56:04,307 asyncbase.py iterate [line:73] INFO Receive new models from clients [2, 10, 11, 9, 12] at time 398
2025-04-25 02:56:04,308 asyncbase.py iterate [line:73] INFO Receive new models from clients [19, 16, 3, 4, 6, 0, 18, 1, 8] at time 399
2025-04-25 02:56:04,308 asyncbase.py iterate [line:73] INFO Receive new models from clients [7, 13, 5, 14] at time 400
2025-04-25 02:56:04,361 fedbase.py run [line:318] INFO --------------Round 28--------------
2025-04-25 02:56:04,361 simple_logger.py log_once [line:14] INFO Current_time:400
2025-04-25 02:56:06,384 simple_logger.py log_once [line:28] INFO test_accuracy                 0.9642
2025-04-25 02:56:06,384 simple_logger.py log_once [line:28] INFO test_loss                     0.1252
2025-04-25 02:56:06,384 simple_logger.py log_once [line:28] INFO val_accuracy                  0.9605
2025-04-25 02:56:06,384 simple_logger.py log_once [line:28] INFO mean_val_accuracy             0.9605
2025-04-25 02:56:06,384 simple_logger.py log_once [line:28] INFO std_val_accuracy              0.0111
2025-04-25 02:56:06,384 simple_logger.py log_once [line:28] INFO val_loss                      0.1433
2025-04-25 02:56:06,384 simple_logger.py log_once [line:28] INFO mean_val_loss                 0.1433
2025-04-25 02:56:06,384 simple_logger.py log_once [line:28] INFO std_val_loss                  0.0312
2025-04-25 02:56:06,384 fedbase.py run [line:323] INFO expense           17253540.0
2025-04-25 02:56:06,384 fedbase.py run [line:324] INFO Eval Time Cost:               2.0235s
2025-04-25 02:56:06,384 asyncbase.py iterate [line:68] INFO Select clients [0, 1, 2, 3, 4, 5, 6, 7, 8, 9, 10, 11, 12, 13, 14, 15, 16, 17, 18, 19] at time 401.
2025-04-25 02:56:18,176 asyncbase.py iterate [line:73] INFO Receive new models from clients [18] at time 413
2025-04-25 02:56:18,177 asyncbase.py iterate [line:73] INFO Receive new models from clients [3, 2, 5, 6] at time 414
2025-04-25 02:56:18,177 asyncbase.py iterate [line:73] INFO Receive new models from clients [0, 8, 13, 14, 17, 1, 7, 10, 11] at time 415
2025-04-25 02:56:18,177 asyncbase.py iterate [line:73] INFO Receive new models from clients [16, 4, 19, 15, 9, 12] at time 416
2025-04-25 02:56:18,230 fedbase.py run [line:318] INFO --------------Round 29--------------
2025-04-25 02:56:18,230 simple_logger.py log_once [line:14] INFO Current_time:416
2025-04-25 02:56:20,249 simple_logger.py log_once [line:28] INFO test_accuracy                 0.9640
2025-04-25 02:56:20,249 simple_logger.py log_once [line:28] INFO test_loss                     0.1227
2025-04-25 02:56:20,249 simple_logger.py log_once [line:28] INFO val_accuracy                  0.9617
2025-04-25 02:56:20,249 simple_logger.py log_once [line:28] INFO mean_val_accuracy             0.9617
2025-04-25 02:56:20,249 simple_logger.py log_once [line:28] INFO std_val_accuracy              0.0106
2025-04-25 02:56:20,250 simple_logger.py log_once [line:28] INFO val_loss                      0.1393
2025-04-25 02:56:20,250 simple_logger.py log_once [line:28] INFO mean_val_loss                 0.1393
2025-04-25 02:56:20,250 simple_logger.py log_once [line:28] INFO std_val_loss                  0.0298
2025-04-25 02:56:20,250 fedbase.py run [line:323] INFO expense           17277380.0
2025-04-25 02:56:20,250 fedbase.py run [line:324] INFO Eval Time Cost:               2.0201s
2025-04-25 02:56:20,250 asyncbase.py iterate [line:68] INFO Select clients [0, 1, 2, 3, 4, 5, 6, 7, 8, 9, 10, 11, 12, 13, 14, 15, 16, 17, 18, 19] at time 417.
2025-04-25 02:56:31,400 asyncbase.py iterate [line:73] INFO Receive new models from clients [5] at time 429
2025-04-25 02:56:31,401 asyncbase.py iterate [line:73] INFO Receive new models from clients [15, 16, 11, 3] at time 430
2025-04-25 02:56:31,401 asyncbase.py iterate [line:73] INFO Receive new models from clients [0, 8, 12, 7, 14, 4, 2, 9, 6, 19, 1, 18, 13, 17, 10] at time 431
2025-04-25 02:56:31,455 fedbase.py run [line:318] INFO --------------Round 30--------------
2025-04-25 02:56:31,455 simple_logger.py log_once [line:14] INFO Current_time:431
2025-04-25 02:56:33,456 simple_logger.py log_once [line:28] INFO test_accuracy                 0.9650
2025-04-25 02:56:33,457 simple_logger.py log_once [line:28] INFO test_loss                     0.1194
2025-04-25 02:56:33,457 simple_logger.py log_once [line:28] INFO val_accuracy                  0.9627
2025-04-25 02:56:33,457 simple_logger.py log_once [line:28] INFO mean_val_accuracy             0.9627
2025-04-25 02:56:33,457 simple_logger.py log_once [line:28] INFO std_val_accuracy              0.0113
2025-04-25 02:56:33,457 simple_logger.py log_once [line:28] INFO val_loss                      0.1361
2025-04-25 02:56:33,457 simple_logger.py log_once [line:28] INFO mean_val_loss                 0.1361
2025-04-25 02:56:33,457 simple_logger.py log_once [line:28] INFO std_val_loss                  0.0295
2025-04-25 02:56:33,457 fedbase.py run [line:323] INFO expense           17301220.0
2025-04-25 02:56:33,457 fedbase.py run [line:324] INFO Eval Time Cost:               2.0021s
2025-04-25 02:56:33,457 asyncbase.py iterate [line:68] INFO Select clients [0, 1, 2, 3, 4, 5, 6, 7, 8, 9, 10, 11, 12, 13, 14, 15, 16, 17, 18, 19] at time 432.
2025-04-25 02:56:45,060 asyncbase.py iterate [line:73] INFO Receive new models from clients [9, 3, 6] at time 444
2025-04-25 02:56:45,060 asyncbase.py iterate [line:73] INFO Receive new models from clients [17, 2, 15, 4, 13, 8, 11] at time 445
2025-04-25 02:56:45,060 asyncbase.py iterate [line:73] INFO Receive new models from clients [7, 18, 19, 12, 10, 14, 0, 1, 16, 5] at time 446
2025-04-25 02:56:45,113 fedbase.py run [line:318] INFO --------------Round 31--------------
2025-04-25 02:56:45,114 simple_logger.py log_once [line:14] INFO Current_time:446
2025-04-25 02:56:47,111 simple_logger.py log_once [line:28] INFO test_accuracy                 0.9684
2025-04-25 02:56:47,111 simple_logger.py log_once [line:28] INFO test_loss                     0.1157
2025-04-25 02:56:47,111 simple_logger.py log_once [line:28] INFO val_accuracy                  0.9620
2025-04-25 02:56:47,111 simple_logger.py log_once [line:28] INFO mean_val_accuracy             0.9620
2025-04-25 02:56:47,111 simple_logger.py log_once [line:28] INFO std_val_accuracy              0.0108
2025-04-25 02:56:47,111 simple_logger.py log_once [line:28] INFO val_loss                      0.1346
2025-04-25 02:56:47,111 simple_logger.py log_once [line:28] INFO mean_val_loss                 0.1346
2025-04-25 02:56:47,111 simple_logger.py log_once [line:28] INFO std_val_loss                  0.0297
2025-04-25 02:56:47,111 fedbase.py run [line:323] INFO expense           17325060.0
2025-04-25 02:56:47,111 fedbase.py run [line:324] INFO Eval Time Cost:               1.9979s
2025-04-25 02:56:47,112 asyncbase.py iterate [line:68] INFO Select clients [0, 1, 2, 3, 4, 5, 6, 7, 8, 9, 10, 11, 12, 13, 14, 15, 16, 17, 18, 19] at time 447.
2025-04-25 02:56:58,117 asyncbase.py iterate [line:73] INFO Receive new models from clients [18, 3] at time 459
2025-04-25 02:56:58,117 asyncbase.py iterate [line:73] INFO Receive new models from clients [4, 6, 8, 5, 13, 9, 0, 12, 2] at time 460
2025-04-25 02:56:58,118 asyncbase.py iterate [line:73] INFO Receive new models from clients [11, 19, 16, 15, 7] at time 461
2025-04-25 02:56:58,118 asyncbase.py iterate [line:73] INFO Receive new models from clients [17, 14, 10, 1] at time 462
2025-04-25 02:56:58,172 fedbase.py run [line:318] INFO --------------Round 32--------------
2025-04-25 02:56:58,172 simple_logger.py log_once [line:14] INFO Current_time:462
2025-04-25 02:57:00,198 simple_logger.py log_once [line:28] INFO test_accuracy                 0.9680
2025-04-25 02:57:00,199 simple_logger.py log_once [line:28] INFO test_loss                     0.1130
2025-04-25 02:57:00,199 simple_logger.py log_once [line:28] INFO val_accuracy                  0.9627
2025-04-25 02:57:00,199 simple_logger.py log_once [line:28] INFO mean_val_accuracy             0.9627
2025-04-25 02:57:00,199 simple_logger.py log_once [line:28] INFO std_val_accuracy              0.0104
2025-04-25 02:57:00,199 simple_logger.py log_once [line:28] INFO val_loss                      0.1306
2025-04-25 02:57:00,199 simple_logger.py log_once [line:28] INFO mean_val_loss                 0.1306
2025-04-25 02:57:00,199 simple_logger.py log_once [line:28] INFO std_val_loss                  0.0291
2025-04-25 02:57:00,199 fedbase.py run [line:323] INFO expense           17348900.0
2025-04-25 02:57:00,199 fedbase.py run [line:324] INFO Eval Time Cost:               2.0270s
2025-04-25 02:57:00,199 asyncbase.py iterate [line:68] INFO Select clients [0, 1, 2, 3, 4, 5, 6, 7, 8, 9, 10, 11, 12, 13, 14, 15, 16, 17, 18, 19] at time 463.
2025-04-25 02:57:12,342 asyncbase.py iterate [line:73] INFO Receive new models from clients [3, 5, 11, 4] at time 475
2025-04-25 02:57:12,343 asyncbase.py iterate [line:73] INFO Receive new models from clients [0, 7, 14, 19, 8] at time 476
2025-04-25 02:57:12,343 asyncbase.py iterate [line:73] INFO Receive new models from clients [10, 2, 17, 12, 16, 6, 15, 9, 1] at time 477
2025-04-25 02:57:12,343 asyncbase.py iterate [line:73] INFO Receive new models from clients [13, 18] at time 478
2025-04-25 02:57:12,396 fedbase.py run [line:318] INFO --------------Round 33--------------
2025-04-25 02:57:12,396 simple_logger.py log_once [line:14] INFO Current_time:478
2025-04-25 02:57:14,405 simple_logger.py log_once [line:28] INFO test_accuracy                 0.9674
2025-04-25 02:57:14,405 simple_logger.py log_once [line:28] INFO test_loss                     0.1128
2025-04-25 02:57:14,405 simple_logger.py log_once [line:28] INFO val_accuracy                  0.9635
2025-04-25 02:57:14,405 simple_logger.py log_once [line:28] INFO mean_val_accuracy             0.9635
2025-04-25 02:57:14,405 simple_logger.py log_once [line:28] INFO std_val_accuracy              0.0115
2025-04-25 02:57:14,405 simple_logger.py log_once [line:28] INFO val_loss                      0.1301
2025-04-25 02:57:14,405 simple_logger.py log_once [line:28] INFO mean_val_loss                 0.1301
2025-04-25 02:57:14,405 simple_logger.py log_once [line:28] INFO std_val_loss                  0.0291
2025-04-25 02:57:14,405 fedbase.py run [line:323] INFO expense           17372740.0
2025-04-25 02:57:14,405 fedbase.py run [line:324] INFO Eval Time Cost:               2.0089s
2025-04-25 02:57:14,405 asyncbase.py iterate [line:68] INFO Select clients [0, 1, 2, 3, 4, 5, 6, 7, 8, 9, 10, 11, 12, 13, 14, 15, 16, 17, 18, 19] at time 479.
2025-04-25 02:57:25,710 asyncbase.py iterate [line:73] INFO Receive new models from clients [1, 4] at time 491
2025-04-25 02:57:25,710 asyncbase.py iterate [line:73] INFO Receive new models from clients [8, 12, 14, 9, 5, 7, 18, 0, 11, 16, 10] at time 492
2025-04-25 02:57:25,710 asyncbase.py iterate [line:73] INFO Receive new models from clients [13, 17, 6, 2, 15] at time 493
2025-04-25 02:57:25,710 asyncbase.py iterate [line:73] INFO Receive new models from clients [3, 19] at time 494
2025-04-25 02:57:25,763 fedbase.py run [line:318] INFO --------------Round 34--------------
2025-04-25 02:57:25,763 simple_logger.py log_once [line:14] INFO Current_time:494
2025-04-25 02:57:27,784 simple_logger.py log_once [line:28] INFO test_accuracy                 0.9684
2025-04-25 02:57:27,784 simple_logger.py log_once [line:28] INFO test_loss                     0.1107
2025-04-25 02:57:27,784 simple_logger.py log_once [line:28] INFO val_accuracy                  0.9643
2025-04-25 02:57:27,784 simple_logger.py log_once [line:28] INFO mean_val_accuracy             0.9643
2025-04-25 02:57:27,784 simple_logger.py log_once [line:28] INFO std_val_accuracy              0.0108
2025-04-25 02:57:27,784 simple_logger.py log_once [line:28] INFO val_loss                      0.1273
2025-04-25 02:57:27,784 simple_logger.py log_once [line:28] INFO mean_val_loss                 0.1273
2025-04-25 02:57:27,784 simple_logger.py log_once [line:28] INFO std_val_loss                  0.0288
2025-04-25 02:57:27,784 fedbase.py run [line:323] INFO expense           17396580.0
2025-04-25 02:57:27,784 fedbase.py run [line:324] INFO Eval Time Cost:               2.0211s
2025-04-25 02:57:27,784 asyncbase.py iterate [line:68] INFO Select clients [0, 1, 2, 3, 4, 5, 6, 7, 8, 9, 10, 11, 12, 13, 14, 15, 16, 17, 18, 19] at time 495.
2025-04-25 02:57:38,860 asyncbase.py iterate [line:73] INFO Receive new models from clients [3, 11] at time 507
2025-04-25 02:57:38,860 asyncbase.py iterate [line:73] INFO Receive new models from clients [12, 16, 13, 1, 14, 8] at time 508
2025-04-25 02:57:38,861 asyncbase.py iterate [line:73] INFO Receive new models from clients [15, 4, 10, 6, 5, 7, 0, 9, 18] at time 509
2025-04-25 02:57:38,861 asyncbase.py iterate [line:73] INFO Receive new models from clients [17, 19, 2] at time 510
2025-04-25 02:57:38,915 fedbase.py run [line:318] INFO --------------Round 35--------------
2025-04-25 02:57:38,915 simple_logger.py log_once [line:14] INFO Current_time:510
2025-04-25 02:57:40,968 simple_logger.py log_once [line:28] INFO test_accuracy                 0.9687
2025-04-25 02:57:40,968 simple_logger.py log_once [line:28] INFO test_loss                     0.1089
2025-04-25 02:57:40,968 simple_logger.py log_once [line:28] INFO val_accuracy                  0.9645
2025-04-25 02:57:40,968 simple_logger.py log_once [line:28] INFO mean_val_accuracy             0.9645
2025-04-25 02:57:40,968 simple_logger.py log_once [line:28] INFO std_val_accuracy              0.0101
2025-04-25 02:57:40,968 simple_logger.py log_once [line:28] INFO val_loss                      0.1247
2025-04-25 02:57:40,968 simple_logger.py log_once [line:28] INFO mean_val_loss                 0.1247
2025-04-25 02:57:40,968 simple_logger.py log_once [line:28] INFO std_val_loss                  0.0282
2025-04-25 02:57:40,968 fedbase.py run [line:323] INFO expense           17420420.0
2025-04-25 02:57:40,968 fedbase.py run [line:324] INFO Eval Time Cost:               2.0535s
2025-04-25 02:57:40,968 asyncbase.py iterate [line:68] INFO Select clients [0, 1, 2, 3, 4, 5, 6, 7, 8, 9, 10, 11, 12, 13, 14, 15, 16, 17, 18, 19] at time 511.
2025-04-25 02:57:52,116 asyncbase.py iterate [line:73] INFO Receive new models from clients [17, 13] at time 523
2025-04-25 02:57:52,116 asyncbase.py iterate [line:73] INFO Receive new models from clients [3, 11, 0, 9, 15, 10] at time 524
2025-04-25 02:57:52,116 asyncbase.py iterate [line:73] INFO Receive new models from clients [5, 6, 18, 12, 1, 7, 16, 8] at time 525
2025-04-25 02:57:52,117 asyncbase.py iterate [line:73] INFO Receive new models from clients [19, 2, 14, 4] at time 526
2025-04-25 02:57:52,169 fedbase.py run [line:318] INFO --------------Round 36--------------
2025-04-25 02:57:52,169 simple_logger.py log_once [line:14] INFO Current_time:526
2025-04-25 02:57:54,176 simple_logger.py log_once [line:28] INFO test_accuracy                 0.9699
2025-04-25 02:57:54,176 simple_logger.py log_once [line:28] INFO test_loss                     0.1060
2025-04-25 02:57:54,176 simple_logger.py log_once [line:28] INFO val_accuracy                  0.9657
2025-04-25 02:57:54,176 simple_logger.py log_once [line:28] INFO mean_val_accuracy             0.9657
2025-04-25 02:57:54,176 simple_logger.py log_once [line:28] INFO std_val_accuracy              0.0107
2025-04-25 02:57:54,176 simple_logger.py log_once [line:28] INFO val_loss                      0.1232
2025-04-25 02:57:54,176 simple_logger.py log_once [line:28] INFO mean_val_loss                 0.1232
2025-04-25 02:57:54,176 simple_logger.py log_once [line:28] INFO std_val_loss                  0.0288
2025-04-25 02:57:54,176 fedbase.py run [line:323] INFO expense           17444260.0
2025-04-25 02:57:54,176 fedbase.py run [line:324] INFO Eval Time Cost:               2.0071s
2025-04-25 02:57:54,177 asyncbase.py iterate [line:68] INFO Select clients [0, 1, 2, 3, 4, 5, 6, 7, 8, 9, 10, 11, 12, 13, 14, 15, 16, 17, 18, 19] at time 527.
2025-04-25 02:58:05,483 asyncbase.py iterate [line:73] INFO Receive new models from clients [18, 7, 4] at time 539
2025-04-25 02:58:05,483 asyncbase.py iterate [line:73] INFO Receive new models from clients [16, 3, 0, 2, 19, 15, 9, 1, 12, 10] at time 540
2025-04-25 02:58:05,483 asyncbase.py iterate [line:73] INFO Receive new models from clients [13, 6, 14, 5, 11, 17] at time 541
2025-04-25 02:58:05,483 asyncbase.py iterate [line:73] INFO Receive new models from clients [8] at time 542
2025-04-25 02:58:05,536 fedbase.py run [line:318] INFO --------------Round 37--------------
2025-04-25 02:58:05,536 simple_logger.py log_once [line:14] INFO Current_time:542
2025-04-25 02:58:07,542 simple_logger.py log_once [line:28] INFO test_accuracy                 0.9698
2025-04-25 02:58:07,542 simple_logger.py log_once [line:28] INFO test_loss                     0.1054
2025-04-25 02:58:07,542 simple_logger.py log_once [line:28] INFO val_accuracy                  0.9655
2025-04-25 02:58:07,542 simple_logger.py log_once [line:28] INFO mean_val_accuracy             0.9655
2025-04-25 02:58:07,542 simple_logger.py log_once [line:28] INFO std_val_accuracy              0.0096
2025-04-25 02:58:07,542 simple_logger.py log_once [line:28] INFO val_loss                      0.1214
2025-04-25 02:58:07,542 simple_logger.py log_once [line:28] INFO mean_val_loss                 0.1214
2025-04-25 02:58:07,543 simple_logger.py log_once [line:28] INFO std_val_loss                  0.0285
2025-04-25 02:58:07,543 fedbase.py run [line:323] INFO expense           17468100.0
2025-04-25 02:58:07,543 fedbase.py run [line:324] INFO Eval Time Cost:               2.0065s
2025-04-25 02:58:07,543 asyncbase.py iterate [line:68] INFO Select clients [0, 1, 2, 3, 4, 5, 6, 7, 8, 9, 10, 11, 12, 13, 14, 15, 16, 17, 18, 19] at time 543.
2025-04-25 02:58:18,436 asyncbase.py iterate [line:73] INFO Receive new models from clients [1] at time 555
2025-04-25 02:58:18,436 asyncbase.py iterate [line:73] INFO Receive new models from clients [18, 13, 9, 7, 19, 4, 5, 14, 2, 3, 0] at time 556
2025-04-25 02:58:18,437 asyncbase.py iterate [line:73] INFO Receive new models from clients [15, 10, 16] at time 557
2025-04-25 02:58:18,437 asyncbase.py iterate [line:73] INFO Receive new models from clients [6, 11, 8, 17, 12] at time 558
2025-04-25 02:58:18,490 fedbase.py run [line:318] INFO --------------Round 38--------------
2025-04-25 02:58:18,490 simple_logger.py log_once [line:14] INFO Current_time:558
2025-04-25 02:58:20,497 simple_logger.py log_once [line:28] INFO test_accuracy                 0.9714
2025-04-25 02:58:20,498 simple_logger.py log_once [line:28] INFO test_loss                     0.1026
2025-04-25 02:58:20,498 simple_logger.py log_once [line:28] INFO val_accuracy                  0.9665
2025-04-25 02:58:20,498 simple_logger.py log_once [line:28] INFO mean_val_accuracy             0.9665
2025-04-25 02:58:20,498 simple_logger.py log_once [line:28] INFO std_val_accuracy              0.0093
2025-04-25 02:58:20,498 simple_logger.py log_once [line:28] INFO val_loss                      0.1182
2025-04-25 02:58:20,498 simple_logger.py log_once [line:28] INFO mean_val_loss                 0.1182
2025-04-25 02:58:20,498 simple_logger.py log_once [line:28] INFO std_val_loss                  0.0276
2025-04-25 02:58:20,498 fedbase.py run [line:323] INFO expense           17491940.0
2025-04-25 02:58:20,498 fedbase.py run [line:324] INFO Eval Time Cost:               2.0083s
2025-04-25 02:58:20,498 asyncbase.py iterate [line:68] INFO Select clients [0, 1, 2, 3, 4, 5, 6, 7, 8, 9, 10, 11, 12, 13, 14, 15, 16, 17, 18, 19] at time 559.
2025-04-25 02:58:32,380 asyncbase.py iterate [line:73] INFO Receive new models from clients [2, 17] at time 571
2025-04-25 02:58:32,381 asyncbase.py iterate [line:73] INFO Receive new models from clients [7, 4, 19, 6, 0, 16, 18, 13, 8, 1, 9, 11, 10, 15] at time 572
2025-04-25 02:58:32,381 asyncbase.py iterate [line:73] INFO Receive new models from clients [3] at time 573
2025-04-25 02:58:32,381 asyncbase.py iterate [line:73] INFO Receive new models from clients [12, 14, 5] at time 574
2025-04-25 02:58:32,434 fedbase.py run [line:318] INFO --------------Round 39--------------
2025-04-25 02:58:32,434 simple_logger.py log_once [line:14] INFO Current_time:574
2025-04-25 02:58:34,439 simple_logger.py log_once [line:28] INFO test_accuracy                 0.9709
2025-04-25 02:58:34,439 simple_logger.py log_once [line:28] INFO test_loss                     0.1004
2025-04-25 02:58:34,439 simple_logger.py log_once [line:28] INFO val_accuracy                  0.9675
2025-04-25 02:58:34,439 simple_logger.py log_once [line:28] INFO mean_val_accuracy             0.9675
2025-04-25 02:58:34,439 simple_logger.py log_once [line:28] INFO std_val_accuracy              0.0094
2025-04-25 02:58:34,439 simple_logger.py log_once [line:28] INFO val_loss                      0.1167
2025-04-25 02:58:34,439 simple_logger.py log_once [line:28] INFO mean_val_loss                 0.1167
2025-04-25 02:58:34,439 simple_logger.py log_once [line:28] INFO std_val_loss                  0.0281
2025-04-25 02:58:34,439 fedbase.py run [line:323] INFO expense           17515780.0
2025-04-25 02:58:34,439 fedbase.py run [line:324] INFO Eval Time Cost:               2.0054s
2025-04-25 02:58:34,440 asyncbase.py iterate [line:68] INFO Select clients [0, 1, 2, 3, 4, 5, 6, 7, 8, 9, 10, 11, 12, 13, 14, 15, 16, 17, 18, 19] at time 575.
2025-04-25 02:58:45,985 asyncbase.py iterate [line:73] INFO Receive new models from clients [8, 17, 2, 12, 6, 4, 15, 7, 18] at time 588
2025-04-25 02:58:45,985 asyncbase.py iterate [line:73] INFO Receive new models from clients [11, 19, 13, 3, 16, 10, 5, 14, 9, 0] at time 589
2025-04-25 02:58:45,986 asyncbase.py iterate [line:73] INFO Receive new models from clients [1] at time 590
2025-04-25 02:58:46,041 fedbase.py run [line:318] INFO --------------Round 40--------------
2025-04-25 02:58:46,041 simple_logger.py log_once [line:14] INFO Current_time:590
2025-04-25 02:58:48,066 simple_logger.py log_once [line:28] INFO test_accuracy                 0.9712
2025-04-25 02:58:48,066 simple_logger.py log_once [line:28] INFO test_loss                     0.0997
2025-04-25 02:58:48,066 simple_logger.py log_once [line:28] INFO val_accuracy                  0.9673
2025-04-25 02:58:48,066 simple_logger.py log_once [line:28] INFO mean_val_accuracy             0.9673
2025-04-25 02:58:48,066 simple_logger.py log_once [line:28] INFO std_val_accuracy              0.0106
2025-04-25 02:58:48,067 simple_logger.py log_once [line:28] INFO val_loss                      0.1154
2025-04-25 02:58:48,067 simple_logger.py log_once [line:28] INFO mean_val_loss                 0.1154
2025-04-25 02:58:48,067 simple_logger.py log_once [line:28] INFO std_val_loss                  0.0279
2025-04-25 02:58:48,067 fedbase.py run [line:323] INFO expense           17539620.0
2025-04-25 02:58:48,067 fedbase.py run [line:324] INFO Eval Time Cost:               2.0260s
2025-04-25 02:58:48,067 asyncbase.py iterate [line:68] INFO Select clients [0, 1, 2, 3, 4, 5, 6, 7, 8, 9, 10, 11, 12, 13, 14, 15, 16, 17, 18, 19] at time 591.
2025-04-25 02:58:59,922 asyncbase.py iterate [line:73] INFO Receive new models from clients [2] at time 603
2025-04-25 02:58:59,922 asyncbase.py iterate [line:73] INFO Receive new models from clients [18, 14, 19, 15, 16, 7, 17, 4, 1] at time 604
2025-04-25 02:58:59,922 asyncbase.py iterate [line:73] INFO Receive new models from clients [12, 0, 13, 10, 6, 8, 9, 3, 11] at time 605
2025-04-25 02:58:59,923 asyncbase.py iterate [line:73] INFO Receive new models from clients [5] at time 606
2025-04-25 02:58:59,978 fedbase.py run [line:318] INFO --------------Round 41--------------
2025-04-25 02:58:59,979 simple_logger.py log_once [line:14] INFO Current_time:606
2025-04-25 02:59:02,006 simple_logger.py log_once [line:28] INFO test_accuracy                 0.9718
2025-04-25 02:59:02,006 simple_logger.py log_once [line:28] INFO test_loss                     0.0970
2025-04-25 02:59:02,007 simple_logger.py log_once [line:28] INFO val_accuracy                  0.9678
2025-04-25 02:59:02,007 simple_logger.py log_once [line:28] INFO mean_val_accuracy             0.9678
2025-04-25 02:59:02,007 simple_logger.py log_once [line:28] INFO std_val_accuracy              0.0105
2025-04-25 02:59:02,007 simple_logger.py log_once [line:28] INFO val_loss                      0.1135
2025-04-25 02:59:02,007 simple_logger.py log_once [line:28] INFO mean_val_loss                 0.1135
2025-04-25 02:59:02,007 simple_logger.py log_once [line:28] INFO std_val_loss                  0.0270
2025-04-25 02:59:02,007 fedbase.py run [line:323] INFO expense           17563460.0
2025-04-25 02:59:02,007 fedbase.py run [line:324] INFO Eval Time Cost:               2.0284s
2025-04-25 02:59:02,007 asyncbase.py iterate [line:68] INFO Select clients [0, 1, 2, 3, 4, 5, 6, 7, 8, 9, 10, 11, 12, 13, 14, 15, 16, 17, 18, 19] at time 607.
2025-04-25 02:59:13,340 asyncbase.py iterate [line:73] INFO Receive new models from clients [8, 9] at time 619
2025-04-25 02:59:13,340 asyncbase.py iterate [line:73] INFO Receive new models from clients [19, 15, 6, 17, 0, 2, 12] at time 620
2025-04-25 02:59:13,340 asyncbase.py iterate [line:73] INFO Receive new models from clients [10, 7, 14, 5, 4, 1, 16, 3, 11] at time 621
2025-04-25 02:59:13,341 asyncbase.py iterate [line:73] INFO Receive new models from clients [18, 13] at time 622
2025-04-25 02:59:13,393 fedbase.py run [line:318] INFO --------------Round 42--------------
2025-04-25 02:59:13,393 simple_logger.py log_once [line:14] INFO Current_time:622
2025-04-25 02:59:15,387 simple_logger.py log_once [line:28] INFO test_accuracy                 0.9721
2025-04-25 02:59:15,387 simple_logger.py log_once [line:28] INFO test_loss                     0.0962
2025-04-25 02:59:15,387 simple_logger.py log_once [line:28] INFO val_accuracy                  0.9682
2025-04-25 02:59:15,387 simple_logger.py log_once [line:28] INFO mean_val_accuracy             0.9682
2025-04-25 02:59:15,387 simple_logger.py log_once [line:28] INFO std_val_accuracy              0.0090
2025-04-25 02:59:15,387 simple_logger.py log_once [line:28] INFO val_loss                      0.1122
2025-04-25 02:59:15,387 simple_logger.py log_once [line:28] INFO mean_val_loss                 0.1122
2025-04-25 02:59:15,387 simple_logger.py log_once [line:28] INFO std_val_loss                  0.0275
2025-04-25 02:59:15,387 fedbase.py run [line:323] INFO expense           17587300.0
2025-04-25 02:59:15,388 fedbase.py run [line:324] INFO Eval Time Cost:               1.9946s
2025-04-25 02:59:15,388 asyncbase.py iterate [line:68] INFO Select clients [0, 1, 2, 3, 4, 5, 6, 7, 8, 9, 10, 11, 12, 13, 14, 15, 16, 17, 18, 19] at time 623.
2025-04-25 02:59:28,440 asyncbase.py iterate [line:73] INFO Receive new models from clients [0] at time 635
2025-04-25 02:59:28,441 asyncbase.py iterate [line:73] INFO Receive new models from clients [13, 18, 17, 8, 16, 9] at time 636
2025-04-25 02:59:28,441 asyncbase.py iterate [line:73] INFO Receive new models from clients [19, 14, 11, 12, 4, 1, 5, 2, 10, 6] at time 637
2025-04-25 02:59:28,441 asyncbase.py iterate [line:73] INFO Receive new models from clients [3, 7, 15] at time 638
2025-04-25 02:59:28,495 fedbase.py run [line:318] INFO --------------Round 43--------------
2025-04-25 02:59:28,496 simple_logger.py log_once [line:14] INFO Current_time:638
2025-04-25 02:59:30,587 simple_logger.py log_once [line:28] INFO test_accuracy                 0.9726
2025-04-25 02:59:30,587 simple_logger.py log_once [line:28] INFO test_loss                     0.0956
2025-04-25 02:59:30,588 simple_logger.py log_once [line:28] INFO val_accuracy                  0.9692
2025-04-25 02:59:30,588 simple_logger.py log_once [line:28] INFO mean_val_accuracy             0.9692
2025-04-25 02:59:30,588 simple_logger.py log_once [line:28] INFO std_val_accuracy              0.0088
2025-04-25 02:59:30,588 simple_logger.py log_once [line:28] INFO val_loss                      0.1116
2025-04-25 02:59:30,588 simple_logger.py log_once [line:28] INFO mean_val_loss                 0.1116
2025-04-25 02:59:30,588 simple_logger.py log_once [line:28] INFO std_val_loss                  0.0273
2025-04-25 02:59:30,588 fedbase.py run [line:323] INFO expense           17611140.0
2025-04-25 02:59:30,588 fedbase.py run [line:324] INFO Eval Time Cost:               2.0923s
2025-04-25 02:59:30,588 asyncbase.py iterate [line:68] INFO Select clients [0, 1, 2, 3, 4, 5, 6, 7, 8, 9, 10, 11, 12, 13, 14, 15, 16, 17, 18, 19] at time 639.
2025-04-25 02:59:42,824 asyncbase.py iterate [line:73] INFO Receive new models from clients [19] at time 651
2025-04-25 02:59:42,824 asyncbase.py iterate [line:73] INFO Receive new models from clients [1, 6, 8, 16, 2, 12, 4, 11] at time 652
2025-04-25 02:59:42,824 asyncbase.py iterate [line:73] INFO Receive new models from clients [10, 5, 18, 15, 0, 14, 13] at time 653
2025-04-25 02:59:42,825 asyncbase.py iterate [line:73] INFO Receive new models from clients [9, 7, 3, 17] at time 654
2025-04-25 02:59:42,879 fedbase.py run [line:318] INFO --------------Round 44--------------
2025-04-25 02:59:42,879 simple_logger.py log_once [line:14] INFO Current_time:654
2025-04-25 02:59:44,888 simple_logger.py log_once [line:28] INFO test_accuracy                 0.9727
2025-04-25 02:59:44,888 simple_logger.py log_once [line:28] INFO test_loss                     0.0934
2025-04-25 02:59:44,888 simple_logger.py log_once [line:28] INFO val_accuracy                  0.9692
2025-04-25 02:59:44,888 simple_logger.py log_once [line:28] INFO mean_val_accuracy             0.9692
2025-04-25 02:59:44,888 simple_logger.py log_once [line:28] INFO std_val_accuracy              0.0100
2025-04-25 02:59:44,888 simple_logger.py log_once [line:28] INFO val_loss                      0.1096
2025-04-25 02:59:44,888 simple_logger.py log_once [line:28] INFO mean_val_loss                 0.1096
2025-04-25 02:59:44,888 simple_logger.py log_once [line:28] INFO std_val_loss                  0.0268
2025-04-25 02:59:44,889 fedbase.py run [line:323] INFO expense           17634980.0
2025-04-25 02:59:44,889 fedbase.py run [line:324] INFO Eval Time Cost:               2.0093s
2025-04-25 02:59:44,889 asyncbase.py iterate [line:68] INFO Select clients [0, 1, 2, 3, 4, 5, 6, 7, 8, 9, 10, 11, 12, 13, 14, 15, 16, 17, 18, 19] at time 655.
2025-04-25 02:59:56,905 asyncbase.py iterate [line:73] INFO Receive new models from clients [17, 2, 15, 11, 16, 18, 1, 12, 10, 5, 19, 9, 8] at time 668
2025-04-25 02:59:56,906 asyncbase.py iterate [line:73] INFO Receive new models from clients [0, 3, 6, 13, 4, 14] at time 669
2025-04-25 02:59:56,906 asyncbase.py iterate [line:73] INFO Receive new models from clients [7] at time 670
2025-04-25 02:59:56,984 fedbase.py run [line:318] INFO --------------Round 45--------------
2025-04-25 02:59:56,984 simple_logger.py log_once [line:14] INFO Current_time:670
2025-04-25 02:59:59,085 simple_logger.py log_once [line:28] INFO test_accuracy                 0.9730
2025-04-25 02:59:59,085 simple_logger.py log_once [line:28] INFO test_loss                     0.0921
2025-04-25 02:59:59,085 simple_logger.py log_once [line:28] INFO val_accuracy                  0.9698
2025-04-25 02:59:59,085 simple_logger.py log_once [line:28] INFO mean_val_accuracy             0.9698
2025-04-25 02:59:59,085 simple_logger.py log_once [line:28] INFO std_val_accuracy              0.0092
2025-04-25 02:59:59,085 simple_logger.py log_once [line:28] INFO val_loss                      0.1085
2025-04-25 02:59:59,085 simple_logger.py log_once [line:28] INFO mean_val_loss                 0.1085
2025-04-25 02:59:59,085 simple_logger.py log_once [line:28] INFO std_val_loss                  0.0268
2025-04-25 02:59:59,085 fedbase.py run [line:323] INFO expense           17658820.0
2025-04-25 02:59:59,085 fedbase.py run [line:324] INFO Eval Time Cost:               2.1008s
2025-04-25 02:59:59,085 asyncbase.py iterate [line:68] INFO Select clients [0, 1, 2, 3, 4, 5, 6, 7, 8, 9, 10, 11, 12, 13, 14, 15, 16, 17, 18, 19] at time 671.
2025-04-25 03:00:10,564 asyncbase.py iterate [line:73] INFO Receive new models from clients [15, 10, 7] at time 683
2025-04-25 03:00:10,564 asyncbase.py iterate [line:73] INFO Receive new models from clients [14, 16, 1, 0, 12, 4, 3, 8, 9] at time 684
2025-04-25 03:00:10,564 asyncbase.py iterate [line:73] INFO Receive new models from clients [2, 5, 17, 18, 6, 13] at time 685
2025-04-25 03:00:10,565 asyncbase.py iterate [line:73] INFO Receive new models from clients [11, 19] at time 686
2025-04-25 03:00:10,617 fedbase.py run [line:318] INFO --------------Round 46--------------
2025-04-25 03:00:10,617 simple_logger.py log_once [line:14] INFO Current_time:686
2025-04-25 03:00:12,622 simple_logger.py log_once [line:28] INFO test_accuracy                 0.9734
2025-04-25 03:00:12,622 simple_logger.py log_once [line:28] INFO test_loss                     0.0907
2025-04-25 03:00:12,622 simple_logger.py log_once [line:28] INFO val_accuracy                  0.9700
2025-04-25 03:00:12,623 simple_logger.py log_once [line:28] INFO mean_val_accuracy             0.9700
2025-04-25 03:00:12,623 simple_logger.py log_once [line:28] INFO std_val_accuracy              0.0104
2025-04-25 03:00:12,623 simple_logger.py log_once [line:28] INFO val_loss                      0.1071
2025-04-25 03:00:12,623 simple_logger.py log_once [line:28] INFO mean_val_loss                 0.1071
2025-04-25 03:00:12,623 simple_logger.py log_once [line:28] INFO std_val_loss                  0.0267
2025-04-25 03:00:12,623 fedbase.py run [line:323] INFO expense           17682660.0
2025-04-25 03:00:12,623 fedbase.py run [line:324] INFO Eval Time Cost:               2.0056s
2025-04-25 03:00:12,623 asyncbase.py iterate [line:68] INFO Select clients [0, 1, 2, 3, 4, 5, 6, 7, 8, 9, 10, 11, 12, 13, 14, 15, 16, 17, 18, 19] at time 687.
2025-04-25 03:00:24,106 asyncbase.py iterate [line:73] INFO Receive new models from clients [6, 5, 10] at time 699
2025-04-25 03:00:24,107 asyncbase.py iterate [line:73] INFO Receive new models from clients [4, 9, 8, 17, 16, 14, 3, 11, 1, 7, 19] at time 700
2025-04-25 03:00:24,107 asyncbase.py iterate [line:73] INFO Receive new models from clients [2, 18, 0] at time 701
2025-04-25 03:00:24,107 asyncbase.py iterate [line:73] INFO Receive new models from clients [15, 12, 13] at time 702
2025-04-25 03:00:24,160 fedbase.py run [line:318] INFO --------------Round 47--------------
2025-04-25 03:00:24,161 simple_logger.py log_once [line:14] INFO Current_time:702
2025-04-25 03:00:26,173 simple_logger.py log_once [line:28] INFO test_accuracy                 0.9742
2025-04-25 03:00:26,173 simple_logger.py log_once [line:28] INFO test_loss                     0.0898
2025-04-25 03:00:26,173 simple_logger.py log_once [line:28] INFO val_accuracy                  0.9710
2025-04-25 03:00:26,173 simple_logger.py log_once [line:28] INFO mean_val_accuracy             0.9710
2025-04-25 03:00:26,173 simple_logger.py log_once [line:28] INFO std_val_accuracy              0.0092
2025-04-25 03:00:26,173 simple_logger.py log_once [line:28] INFO val_loss                      0.1060
2025-04-25 03:00:26,173 simple_logger.py log_once [line:28] INFO mean_val_loss                 0.1060
2025-04-25 03:00:26,173 simple_logger.py log_once [line:28] INFO std_val_loss                  0.0269
2025-04-25 03:00:26,173 fedbase.py run [line:323] INFO expense           17706500.0
2025-04-25 03:00:26,173 fedbase.py run [line:324] INFO Eval Time Cost:               2.0126s
2025-04-25 03:00:26,173 asyncbase.py iterate [line:68] INFO Select clients [0, 1, 2, 3, 4, 5, 6, 7, 8, 9, 10, 11, 12, 13, 14, 15, 16, 17, 18, 19] at time 703.
2025-04-25 03:00:37,432 asyncbase.py iterate [line:73] INFO Receive new models from clients [9, 10, 7] at time 715
2025-04-25 03:00:37,433 asyncbase.py iterate [line:73] INFO Receive new models from clients [15, 11, 14, 8, 6, 19, 4, 18, 5] at time 716
2025-04-25 03:00:37,433 asyncbase.py iterate [line:73] INFO Receive new models from clients [13, 16, 0, 3, 2, 17, 12] at time 717
2025-04-25 03:00:37,433 asyncbase.py iterate [line:73] INFO Receive new models from clients [1] at time 718
2025-04-25 03:00:37,486 fedbase.py run [line:318] INFO --------------Round 48--------------
2025-04-25 03:00:37,487 simple_logger.py log_once [line:14] INFO Current_time:718
2025-04-25 03:00:39,506 simple_logger.py log_once [line:28] INFO test_accuracy                 0.9742
2025-04-25 03:00:39,506 simple_logger.py log_once [line:28] INFO test_loss                     0.0885
2025-04-25 03:00:39,507 simple_logger.py log_once [line:28] INFO val_accuracy                  0.9712
2025-04-25 03:00:39,507 simple_logger.py log_once [line:28] INFO mean_val_accuracy             0.9712
2025-04-25 03:00:39,507 simple_logger.py log_once [line:28] INFO std_val_accuracy              0.0086
2025-04-25 03:00:39,507 simple_logger.py log_once [line:28] INFO val_loss                      0.1039
2025-04-25 03:00:39,507 simple_logger.py log_once [line:28] INFO mean_val_loss                 0.1039
2025-04-25 03:00:39,507 simple_logger.py log_once [line:28] INFO std_val_loss                  0.0267
2025-04-25 03:00:39,507 fedbase.py run [line:323] INFO expense           17730340.0
2025-04-25 03:00:39,507 fedbase.py run [line:324] INFO Eval Time Cost:               2.0204s
2025-04-25 03:00:39,507 asyncbase.py iterate [line:68] INFO Select clients [0, 1, 2, 3, 4, 5, 6, 7, 8, 9, 10, 11, 12, 13, 14, 15, 16, 17, 18, 19] at time 719.
2025-04-25 03:00:50,678 asyncbase.py iterate [line:73] INFO Receive new models from clients [3, 16, 10, 17] at time 731
2025-04-25 03:00:50,678 asyncbase.py iterate [line:73] INFO Receive new models from clients [7, 8, 11, 2, 5, 14, 19] at time 732
2025-04-25 03:00:50,678 asyncbase.py iterate [line:73] INFO Receive new models from clients [6, 9, 18, 4, 0, 15, 13] at time 733
2025-04-25 03:00:50,679 asyncbase.py iterate [line:73] INFO Receive new models from clients [1, 12] at time 734
2025-04-25 03:00:50,732 fedbase.py run [line:318] INFO --------------Round 49--------------
2025-04-25 03:00:50,732 simple_logger.py log_once [line:14] INFO Current_time:734
2025-04-25 03:00:52,737 simple_logger.py log_once [line:28] INFO test_accuracy                 0.9744
2025-04-25 03:00:52,737 simple_logger.py log_once [line:28] INFO test_loss                     0.0868
2025-04-25 03:00:52,737 simple_logger.py log_once [line:28] INFO val_accuracy                  0.9710
2025-04-25 03:00:52,737 simple_logger.py log_once [line:28] INFO mean_val_accuracy             0.9710
2025-04-25 03:00:52,737 simple_logger.py log_once [line:28] INFO std_val_accuracy              0.0085
2025-04-25 03:00:52,737 simple_logger.py log_once [line:28] INFO val_loss                      0.1031
2025-04-25 03:00:52,737 simple_logger.py log_once [line:28] INFO mean_val_loss                 0.1031
2025-04-25 03:00:52,737 simple_logger.py log_once [line:28] INFO std_val_loss                  0.0263
2025-04-25 03:00:52,737 fedbase.py run [line:323] INFO expense           17754180.0
2025-04-25 03:00:52,737 fedbase.py run [line:324] INFO Eval Time Cost:               2.0051s
2025-04-25 03:00:52,737 asyncbase.py iterate [line:68] INFO Select clients [0, 1, 2, 3, 4, 5, 6, 7, 8, 9, 10, 11, 12, 13, 14, 15, 16, 17, 18, 19] at time 735.
2025-04-25 03:01:04,359 asyncbase.py iterate [line:73] INFO Receive new models from clients [8, 10, 9, 2, 12] at time 747
2025-04-25 03:01:04,359 asyncbase.py iterate [line:73] INFO Receive new models from clients [13, 19, 5, 7, 1, 14, 18] at time 748
2025-04-25 03:01:04,359 asyncbase.py iterate [line:73] INFO Receive new models from clients [4, 16, 6, 17] at time 749
2025-04-25 03:01:04,359 asyncbase.py iterate [line:73] INFO Receive new models from clients [0, 3, 11, 15] at time 750
2025-04-25 03:01:04,413 fedbase.py run [line:318] INFO --------------Round 50--------------
2025-04-25 03:01:04,414 simple_logger.py log_once [line:14] INFO Current_time:750
2025-04-25 03:01:06,456 simple_logger.py log_once [line:28] INFO test_accuracy                 0.9749
2025-04-25 03:01:06,456 simple_logger.py log_once [line:28] INFO test_loss                     0.0855
2025-04-25 03:01:06,457 simple_logger.py log_once [line:28] INFO val_accuracy                  0.9697
2025-04-25 03:01:06,457 simple_logger.py log_once [line:28] INFO mean_val_accuracy             0.9697
2025-04-25 03:01:06,457 simple_logger.py log_once [line:28] INFO std_val_accuracy              0.0094
2025-04-25 03:01:06,457 simple_logger.py log_once [line:28] INFO val_loss                      0.1023
2025-04-25 03:01:06,457 simple_logger.py log_once [line:28] INFO mean_val_loss                 0.1023
2025-04-25 03:01:06,457 simple_logger.py log_once [line:28] INFO std_val_loss                  0.0263
2025-04-25 03:01:06,457 fedbase.py run [line:323] INFO expense           17778020.0
2025-04-25 03:01:06,457 fedbase.py run [line:324] INFO Eval Time Cost:               2.0434s
2025-04-25 03:01:06,457 asyncbase.py iterate [line:68] INFO Select clients [0, 1, 2, 3, 4, 5, 6, 7, 8, 9, 10, 11, 12, 13, 14, 15, 16, 17, 18, 19] at time 751.
2025-04-25 03:01:17,285 asyncbase.py iterate [line:73] INFO Receive new models from clients [17, 4, 1, 10] at time 763
2025-04-25 03:01:17,285 asyncbase.py iterate [line:73] INFO Receive new models from clients [5, 18, 6, 7, 12, 11, 0] at time 764
2025-04-25 03:01:17,285 asyncbase.py iterate [line:73] INFO Receive new models from clients [2, 3, 9, 8, 19, 15] at time 765
2025-04-25 03:01:17,286 asyncbase.py iterate [line:73] INFO Receive new models from clients [13, 14, 16] at time 766
2025-04-25 03:01:17,449 fedbase.py run [line:318] INFO --------------Round 51--------------
2025-04-25 03:01:17,449 simple_logger.py log_once [line:14] INFO Current_time:766
2025-04-25 03:01:19,471 simple_logger.py log_once [line:28] INFO test_accuracy                 0.9765
2025-04-25 03:01:19,471 simple_logger.py log_once [line:28] INFO test_loss                     0.0797
2025-04-25 03:01:19,471 simple_logger.py log_once [line:28] INFO val_accuracy                  0.9713
2025-04-25 03:01:19,471 simple_logger.py log_once [line:28] INFO mean_val_accuracy             0.9713
2025-04-25 03:01:19,471 simple_logger.py log_once [line:28] INFO std_val_accuracy              0.0088
2025-04-25 03:01:19,471 simple_logger.py log_once [line:28] INFO val_loss                      0.0966
2025-04-25 03:01:19,471 simple_logger.py log_once [line:28] INFO mean_val_loss                 0.0966
2025-04-25 03:01:19,471 simple_logger.py log_once [line:28] INFO std_val_loss                  0.0251
2025-04-25 03:01:19,471 fedbase.py run [line:323] INFO expense           26094870.0
2025-04-25 03:01:19,472 fedbase.py run [line:324] INFO Eval Time Cost:               2.0222s
2025-04-25 03:01:19,472 asyncbase.py iterate [line:68] INFO Select clients [0, 1, 2, 3, 4, 5, 6, 7, 8, 9, 10, 11, 12, 13, 14, 15, 16, 17, 18, 19] at time 767.
2025-04-25 03:01:30,689 asyncbase.py iterate [line:73] INFO Receive new models from clients [9, 11, 19, 13, 7, 0, 1, 8, 18, 4, 3, 6, 10, 14, 12, 17, 2, 5, 15, 16] at time 768
2025-04-25 03:01:30,743 fedbase.py run [line:318] INFO --------------Round 52--------------
2025-04-25 03:01:30,743 simple_logger.py log_once [line:14] INFO Current_time:768
2025-04-25 03:01:32,840 simple_logger.py log_once [line:28] INFO test_accuracy                 0.9766
2025-04-25 03:01:32,840 simple_logger.py log_once [line:28] INFO test_loss                     0.0792
2025-04-25 03:01:32,840 simple_logger.py log_once [line:28] INFO val_accuracy                  0.9722
2025-04-25 03:01:32,840 simple_logger.py log_once [line:28] INFO mean_val_accuracy             0.9722
2025-04-25 03:01:32,841 simple_logger.py log_once [line:28] INFO std_val_accuracy              0.0072
2025-04-25 03:01:32,841 simple_logger.py log_once [line:28] INFO val_loss                      0.0954
2025-04-25 03:01:32,841 simple_logger.py log_once [line:28] INFO mean_val_loss                 0.0954
2025-04-25 03:01:32,841 simple_logger.py log_once [line:28] INFO std_val_loss                  0.0244
2025-04-25 03:01:32,841 fedbase.py run [line:323] INFO expense           26118710.0
2025-04-25 03:01:32,841 fedbase.py run [line:324] INFO Eval Time Cost:               2.0977s
2025-04-25 03:01:32,841 asyncbase.py iterate [line:68] INFO Select clients [0, 1, 2, 3, 4, 5, 6, 7, 8, 9, 10, 11, 12, 13, 14, 15, 16, 17, 18, 19] at time 769.
2025-04-25 03:01:44,413 asyncbase.py iterate [line:73] INFO Receive new models from clients [9, 10] at time 781
2025-04-25 03:01:44,413 asyncbase.py iterate [line:73] INFO Receive new models from clients [12, 15, 16, 5, 7, 6, 17, 1] at time 782
2025-04-25 03:01:44,414 asyncbase.py iterate [line:73] INFO Receive new models from clients [2, 3, 11, 18, 14, 13, 0] at time 783
2025-04-25 03:01:44,414 asyncbase.py iterate [line:73] INFO Receive new models from clients [4, 8, 19] at time 784
2025-04-25 03:01:44,467 fedbase.py run [line:318] INFO --------------Round 53--------------
2025-04-25 03:01:44,467 simple_logger.py log_once [line:14] INFO Current_time:784
2025-04-25 03:01:46,515 simple_logger.py log_once [line:28] INFO test_accuracy                 0.9771
2025-04-25 03:01:46,515 simple_logger.py log_once [line:28] INFO test_loss                     0.0785
2025-04-25 03:01:46,516 simple_logger.py log_once [line:28] INFO val_accuracy                  0.9720
2025-04-25 03:01:46,516 simple_logger.py log_once [line:28] INFO mean_val_accuracy             0.9720
2025-04-25 03:01:46,516 simple_logger.py log_once [line:28] INFO std_val_accuracy              0.0073
2025-04-25 03:01:46,516 simple_logger.py log_once [line:28] INFO val_loss                      0.0944
2025-04-25 03:01:46,516 simple_logger.py log_once [line:28] INFO mean_val_loss                 0.0944
2025-04-25 03:01:46,516 simple_logger.py log_once [line:28] INFO std_val_loss                  0.0248
2025-04-25 03:01:46,516 fedbase.py run [line:323] INFO expense           26142550.0
2025-04-25 03:01:46,516 fedbase.py run [line:324] INFO Eval Time Cost:               2.0491s
2025-04-25 03:01:46,516 asyncbase.py iterate [line:68] INFO Select clients [0, 1, 2, 3, 4, 5, 6, 7, 8, 9, 10, 11, 12, 13, 14, 15, 16, 17, 18, 19] at time 785.
2025-04-25 03:01:57,945 asyncbase.py iterate [line:73] INFO Receive new models from clients [14, 19, 16] at time 797
2025-04-25 03:01:57,945 asyncbase.py iterate [line:73] INFO Receive new models from clients [8, 0, 9, 2, 7, 1] at time 798
2025-04-25 03:01:57,946 asyncbase.py iterate [line:73] INFO Receive new models from clients [17, 6, 12, 18, 4, 3, 11, 13, 10] at time 799
2025-04-25 03:01:57,946 asyncbase.py iterate [line:73] INFO Receive new models from clients [15, 5] at time 800
2025-04-25 03:01:57,998 fedbase.py run [line:318] INFO --------------Round 54--------------
2025-04-25 03:01:57,998 simple_logger.py log_once [line:14] INFO Current_time:800
2025-04-25 03:02:00,005 simple_logger.py log_once [line:28] INFO test_accuracy                 0.9765
2025-04-25 03:02:00,005 simple_logger.py log_once [line:28] INFO test_loss                     0.0770
2025-04-25 03:02:00,005 simple_logger.py log_once [line:28] INFO val_accuracy                  0.9720
2025-04-25 03:02:00,006 simple_logger.py log_once [line:28] INFO mean_val_accuracy             0.9720
2025-04-25 03:02:00,006 simple_logger.py log_once [line:28] INFO std_val_accuracy              0.0088
2025-04-25 03:02:00,006 simple_logger.py log_once [line:28] INFO val_loss                      0.0933
2025-04-25 03:02:00,006 simple_logger.py log_once [line:28] INFO mean_val_loss                 0.0933
2025-04-25 03:02:00,006 simple_logger.py log_once [line:28] INFO std_val_loss                  0.0247
2025-04-25 03:02:00,006 fedbase.py run [line:323] INFO expense           26166390.0
2025-04-25 03:02:00,006 fedbase.py run [line:324] INFO Eval Time Cost:               2.0074s
2025-04-25 03:02:00,006 asyncbase.py iterate [line:68] INFO Select clients [0, 1, 2, 3, 4, 5, 6, 7, 8, 9, 10, 11, 12, 13, 14, 15, 16, 17, 18, 19] at time 801.
2025-04-25 03:02:11,544 asyncbase.py iterate [line:73] INFO Receive new models from clients [14, 5, 6] at time 813
2025-04-25 03:02:11,544 asyncbase.py iterate [line:73] INFO Receive new models from clients [15, 3, 0, 2, 7, 12] at time 814
2025-04-25 03:02:11,545 asyncbase.py iterate [line:73] INFO Receive new models from clients [1, 13, 18, 10, 4, 11, 8, 19, 16, 17] at time 815
2025-04-25 03:02:11,545 asyncbase.py iterate [line:73] INFO Receive new models from clients [9] at time 816
2025-04-25 03:02:11,599 fedbase.py run [line:318] INFO --------------Round 55--------------
2025-04-25 03:02:11,599 simple_logger.py log_once [line:14] INFO Current_time:816
2025-04-25 03:02:13,614 simple_logger.py log_once [line:28] INFO test_accuracy                 0.9763
2025-04-25 03:02:13,614 simple_logger.py log_once [line:28] INFO test_loss                     0.0780
2025-04-25 03:02:13,614 simple_logger.py log_once [line:28] INFO val_accuracy                  0.9733
2025-04-25 03:02:13,614 simple_logger.py log_once [line:28] INFO mean_val_accuracy             0.9733
2025-04-25 03:02:13,614 simple_logger.py log_once [line:28] INFO std_val_accuracy              0.0080
2025-04-25 03:02:13,614 simple_logger.py log_once [line:28] INFO val_loss                      0.0925
2025-04-25 03:02:13,614 simple_logger.py log_once [line:28] INFO mean_val_loss                 0.0925
2025-04-25 03:02:13,614 simple_logger.py log_once [line:28] INFO std_val_loss                  0.0250
2025-04-25 03:02:13,614 fedbase.py run [line:323] INFO expense           26190230.0
2025-04-25 03:02:13,614 fedbase.py run [line:324] INFO Eval Time Cost:               2.0154s
2025-04-25 03:02:13,614 asyncbase.py iterate [line:68] INFO Select clients [0, 1, 2, 3, 4, 5, 6, 7, 8, 9, 10, 11, 12, 13, 14, 15, 16, 17, 18, 19] at time 817.
2025-04-25 03:02:24,720 asyncbase.py iterate [line:73] INFO Receive new models from clients [8, 10] at time 829
2025-04-25 03:02:24,721 asyncbase.py iterate [line:73] INFO Receive new models from clients [2, 14, 16, 4, 1, 15, 19, 18, 12] at time 830
2025-04-25 03:02:24,721 asyncbase.py iterate [line:73] INFO Receive new models from clients [6, 11, 9, 5, 3, 17, 0] at time 831
2025-04-25 03:02:24,722 asyncbase.py iterate [line:73] INFO Receive new models from clients [13, 7] at time 832
2025-04-25 03:02:24,800 fedbase.py run [line:318] INFO --------------Round 56--------------
2025-04-25 03:02:24,800 simple_logger.py log_once [line:14] INFO Current_time:832
2025-04-25 03:02:27,019 simple_logger.py log_once [line:28] INFO test_accuracy                 0.9775
2025-04-25 03:02:27,019 simple_logger.py log_once [line:28] INFO test_loss                     0.0753
2025-04-25 03:02:27,020 simple_logger.py log_once [line:28] INFO val_accuracy                  0.9727
2025-04-25 03:02:27,020 simple_logger.py log_once [line:28] INFO mean_val_accuracy             0.9727
2025-04-25 03:02:27,020 simple_logger.py log_once [line:28] INFO std_val_accuracy              0.0081
2025-04-25 03:02:27,020 simple_logger.py log_once [line:28] INFO val_loss                      0.0912
2025-04-25 03:02:27,020 simple_logger.py log_once [line:28] INFO mean_val_loss                 0.0912
2025-04-25 03:02:27,020 simple_logger.py log_once [line:28] INFO std_val_loss                  0.0248
2025-04-25 03:02:27,020 fedbase.py run [line:323] INFO expense           26214070.0
2025-04-25 03:02:27,020 fedbase.py run [line:324] INFO Eval Time Cost:               2.2196s
2025-04-25 03:02:27,020 asyncbase.py iterate [line:68] INFO Select clients [0, 1, 2, 3, 4, 5, 6, 7, 8, 9, 10, 11, 12, 13, 14, 15, 16, 17, 18, 19] at time 833.
2025-04-25 03:02:38,507 asyncbase.py iterate [line:73] INFO Receive new models from clients [17, 15, 18] at time 845
2025-04-25 03:02:38,508 asyncbase.py iterate [line:73] INFO Receive new models from clients [13, 6, 2, 0, 9, 5, 8] at time 846
2025-04-25 03:02:38,508 asyncbase.py iterate [line:73] INFO Receive new models from clients [12, 10, 11, 14, 7, 4, 19, 16, 3] at time 847
2025-04-25 03:02:38,508 asyncbase.py iterate [line:73] INFO Receive new models from clients [1] at time 848
2025-04-25 03:02:38,560 fedbase.py run [line:318] INFO --------------Round 57--------------
2025-04-25 03:02:38,561 simple_logger.py log_once [line:14] INFO Current_time:848
2025-04-25 03:02:40,568 simple_logger.py log_once [line:28] INFO test_accuracy                 0.9781
2025-04-25 03:02:40,568 simple_logger.py log_once [line:28] INFO test_loss                     0.0742
2025-04-25 03:02:40,568 simple_logger.py log_once [line:28] INFO val_accuracy                  0.9730
2025-04-25 03:02:40,568 simple_logger.py log_once [line:28] INFO mean_val_accuracy             0.9730
2025-04-25 03:02:40,568 simple_logger.py log_once [line:28] INFO std_val_accuracy              0.0080
2025-04-25 03:02:40,568 simple_logger.py log_once [line:28] INFO val_loss                      0.0904
2025-04-25 03:02:40,568 simple_logger.py log_once [line:28] INFO mean_val_loss                 0.0904
2025-04-25 03:02:40,568 simple_logger.py log_once [line:28] INFO std_val_loss                  0.0238
2025-04-25 03:02:40,569 fedbase.py run [line:323] INFO expense           26237910.0
2025-04-25 03:02:40,569 fedbase.py run [line:324] INFO Eval Time Cost:               2.0080s
2025-04-25 03:02:40,569 asyncbase.py iterate [line:68] INFO Select clients [0, 1, 2, 3, 4, 5, 6, 7, 8, 9, 10, 11, 12, 13, 14, 15, 16, 17, 18, 19] at time 849.
2025-04-25 03:02:52,026 asyncbase.py iterate [line:73] INFO Receive new models from clients [9, 10, 15] at time 861
2025-04-25 03:02:52,026 asyncbase.py iterate [line:73] INFO Receive new models from clients [11, 8, 0, 14, 7, 4, 1] at time 862
2025-04-25 03:02:52,026 asyncbase.py iterate [line:73] INFO Receive new models from clients [5, 12, 13, 16, 18, 6, 3] at time 863
2025-04-25 03:02:52,026 asyncbase.py iterate [line:73] INFO Receive new models from clients [17, 19, 2] at time 864
2025-04-25 03:02:52,083 fedbase.py run [line:318] INFO --------------Round 58--------------
2025-04-25 03:02:52,083 simple_logger.py log_once [line:14] INFO Current_time:864
2025-04-25 03:02:54,091 simple_logger.py log_once [line:28] INFO test_accuracy                 0.9782
2025-04-25 03:02:54,091 simple_logger.py log_once [line:28] INFO test_loss                     0.0736
2025-04-25 03:02:54,091 simple_logger.py log_once [line:28] INFO val_accuracy                  0.9732
2025-04-25 03:02:54,092 simple_logger.py log_once [line:28] INFO mean_val_accuracy             0.9732
2025-04-25 03:02:54,092 simple_logger.py log_once [line:28] INFO std_val_accuracy              0.0078
2025-04-25 03:02:54,092 simple_logger.py log_once [line:28] INFO val_loss                      0.0892
2025-04-25 03:02:54,092 simple_logger.py log_once [line:28] INFO mean_val_loss                 0.0892
2025-04-25 03:02:54,092 simple_logger.py log_once [line:28] INFO std_val_loss                  0.0238
2025-04-25 03:02:54,092 fedbase.py run [line:323] INFO expense           26261750.0
2025-04-25 03:02:54,092 fedbase.py run [line:324] INFO Eval Time Cost:               2.0092s
2025-04-25 03:02:54,092 asyncbase.py iterate [line:68] INFO Select clients [0, 1, 2, 3, 4, 5, 6, 7, 8, 9, 10, 11, 12, 13, 14, 15, 16, 17, 18, 19] at time 865.
2025-04-25 03:03:05,279 asyncbase.py iterate [line:73] INFO Receive new models from clients [9] at time 877
2025-04-25 03:03:05,280 asyncbase.py iterate [line:73] INFO Receive new models from clients [7, 14, 19, 6, 10, 0, 13, 3] at time 878
2025-04-25 03:03:05,280 asyncbase.py iterate [line:73] INFO Receive new models from clients [5, 17, 4, 16, 18, 8, 15, 1] at time 879
2025-04-25 03:03:05,280 asyncbase.py iterate [line:73] INFO Receive new models from clients [12, 2, 11] at time 880
2025-04-25 03:03:05,332 fedbase.py run [line:318] INFO --------------Round 59--------------
2025-04-25 03:03:05,332 simple_logger.py log_once [line:14] INFO Current_time:880
2025-04-25 03:03:07,333 simple_logger.py log_once [line:28] INFO test_accuracy                 0.9783
2025-04-25 03:03:07,333 simple_logger.py log_once [line:28] INFO test_loss                     0.0732
2025-04-25 03:03:07,333 simple_logger.py log_once [line:28] INFO val_accuracy                  0.9730
2025-04-25 03:03:07,333 simple_logger.py log_once [line:28] INFO mean_val_accuracy             0.9730
2025-04-25 03:03:07,333 simple_logger.py log_once [line:28] INFO std_val_accuracy              0.0086
2025-04-25 03:03:07,333 simple_logger.py log_once [line:28] INFO val_loss                      0.0883
2025-04-25 03:03:07,333 simple_logger.py log_once [line:28] INFO mean_val_loss                 0.0883
2025-04-25 03:03:07,333 simple_logger.py log_once [line:28] INFO std_val_loss                  0.0238
2025-04-25 03:03:07,333 fedbase.py run [line:323] INFO expense           26285590.0
2025-04-25 03:03:07,333 fedbase.py run [line:324] INFO Eval Time Cost:               2.0008s
2025-04-25 03:03:07,333 asyncbase.py iterate [line:68] INFO Select clients [0, 1, 2, 3, 4, 5, 6, 7, 8, 9, 10, 11, 12, 13, 14, 15, 16, 17, 18, 19] at time 881.
2025-04-25 03:03:18,601 asyncbase.py iterate [line:73] INFO Receive new models from clients [0] at time 893
2025-04-25 03:03:18,601 asyncbase.py iterate [line:73] INFO Receive new models from clients [14, 18, 19, 1, 12, 10, 9, 11, 16, 17] at time 894
2025-04-25 03:03:18,602 asyncbase.py iterate [line:73] INFO Receive new models from clients [8, 5, 13, 2, 3, 4, 7, 6] at time 895
2025-04-25 03:03:18,602 asyncbase.py iterate [line:73] INFO Receive new models from clients [15] at time 896
2025-04-25 03:03:18,656 fedbase.py run [line:318] INFO --------------Round 60--------------
2025-04-25 03:03:18,656 simple_logger.py log_once [line:14] INFO Current_time:896
2025-04-25 03:03:20,656 simple_logger.py log_once [line:28] INFO test_accuracy                 0.9781
2025-04-25 03:03:20,656 simple_logger.py log_once [line:28] INFO test_loss                     0.0724
2025-04-25 03:03:20,656 simple_logger.py log_once [line:28] INFO val_accuracy                  0.9740
2025-04-25 03:03:20,656 simple_logger.py log_once [line:28] INFO mean_val_accuracy             0.9740
2025-04-25 03:03:20,656 simple_logger.py log_once [line:28] INFO std_val_accuracy              0.0084
2025-04-25 03:03:20,656 simple_logger.py log_once [line:28] INFO val_loss                      0.0873
2025-04-25 03:03:20,656 simple_logger.py log_once [line:28] INFO mean_val_loss                 0.0873
2025-04-25 03:03:20,656 simple_logger.py log_once [line:28] INFO std_val_loss                  0.0239
2025-04-25 03:03:20,656 fedbase.py run [line:323] INFO expense           26309430.0
2025-04-25 03:03:20,656 fedbase.py run [line:324] INFO Eval Time Cost:               2.0006s
2025-04-25 03:03:20,657 asyncbase.py iterate [line:68] INFO Select clients [0, 1, 2, 3, 4, 5, 6, 7, 8, 9, 10, 11, 12, 13, 14, 15, 16, 17, 18, 19] at time 897.
2025-04-25 03:03:31,742 asyncbase.py iterate [line:73] INFO Receive new models from clients [5, 18, 14, 0, 17, 19, 15, 11] at time 910
2025-04-25 03:03:31,743 asyncbase.py iterate [line:73] INFO Receive new models from clients [13, 8, 4, 6, 9, 16, 7, 3, 12, 2] at time 911
2025-04-25 03:03:31,743 asyncbase.py iterate [line:73] INFO Receive new models from clients [1, 10] at time 912
2025-04-25 03:03:31,799 fedbase.py run [line:318] INFO --------------Round 61--------------
2025-04-25 03:03:31,799 simple_logger.py log_once [line:14] INFO Current_time:912
2025-04-25 03:03:33,804 simple_logger.py log_once [line:28] INFO test_accuracy                 0.9785
2025-04-25 03:03:33,804 simple_logger.py log_once [line:28] INFO test_loss                     0.0712
2025-04-25 03:03:33,804 simple_logger.py log_once [line:28] INFO val_accuracy                  0.9743
2025-04-25 03:03:33,804 simple_logger.py log_once [line:28] INFO mean_val_accuracy             0.9743
2025-04-25 03:03:33,804 simple_logger.py log_once [line:28] INFO std_val_accuracy              0.0078
2025-04-25 03:03:33,804 simple_logger.py log_once [line:28] INFO val_loss                      0.0869
2025-04-25 03:03:33,804 simple_logger.py log_once [line:28] INFO mean_val_loss                 0.0869
2025-04-25 03:03:33,804 simple_logger.py log_once [line:28] INFO std_val_loss                  0.0233
2025-04-25 03:03:33,804 fedbase.py run [line:323] INFO expense           26333270.0
2025-04-25 03:03:33,804 fedbase.py run [line:324] INFO Eval Time Cost:               2.0051s
2025-04-25 03:03:33,804 asyncbase.py iterate [line:68] INFO Select clients [0, 1, 2, 3, 4, 5, 6, 7, 8, 9, 10, 11, 12, 13, 14, 15, 16, 17, 18, 19] at time 913.
2025-04-25 03:03:46,422 asyncbase.py iterate [line:73] INFO Receive new models from clients [19, 12, 7, 16] at time 925
2025-04-25 03:03:46,423 asyncbase.py iterate [line:73] INFO Receive new models from clients [11, 15, 17, 1, 10, 13] at time 926
2025-04-25 03:03:46,423 asyncbase.py iterate [line:73] INFO Receive new models from clients [5, 8, 4, 2, 6] at time 927
2025-04-25 03:03:46,423 asyncbase.py iterate [line:73] INFO Receive new models from clients [14, 0, 18, 9, 3] at time 928
2025-04-25 03:03:46,476 fedbase.py run [line:318] INFO --------------Round 62--------------
2025-04-25 03:03:46,477 simple_logger.py log_once [line:14] INFO Current_time:928
2025-04-25 03:03:48,474 simple_logger.py log_once [line:28] INFO test_accuracy                 0.9783
2025-04-25 03:03:48,474 simple_logger.py log_once [line:28] INFO test_loss                     0.0704
2025-04-25 03:03:48,474 simple_logger.py log_once [line:28] INFO val_accuracy                  0.9733
2025-04-25 03:03:48,475 simple_logger.py log_once [line:28] INFO mean_val_accuracy             0.9733
2025-04-25 03:03:48,475 simple_logger.py log_once [line:28] INFO std_val_accuracy              0.0081
2025-04-25 03:03:48,475 simple_logger.py log_once [line:28] INFO val_loss                      0.0854
2025-04-25 03:03:48,475 simple_logger.py log_once [line:28] INFO mean_val_loss                 0.0854
2025-04-25 03:03:48,475 simple_logger.py log_once [line:28] INFO std_val_loss                  0.0240
2025-04-25 03:03:48,475 fedbase.py run [line:323] INFO expense           26357110.0
2025-04-25 03:03:48,475 fedbase.py run [line:324] INFO Eval Time Cost:               1.9983s
2025-04-25 03:03:48,475 asyncbase.py iterate [line:68] INFO Select clients [0, 1, 2, 3, 4, 5, 6, 7, 8, 9, 10, 11, 12, 13, 14, 15, 16, 17, 18, 19] at time 929.
2025-04-25 03:04:00,789 asyncbase.py iterate [line:73] INFO Receive new models from clients [14, 4, 2] at time 941
2025-04-25 03:04:00,789 asyncbase.py iterate [line:73] INFO Receive new models from clients [18, 19, 6, 8, 13, 5, 7] at time 942
2025-04-25 03:04:00,789 asyncbase.py iterate [line:73] INFO Receive new models from clients [11, 3, 9, 12, 17, 10, 15] at time 943
2025-04-25 03:04:00,789 asyncbase.py iterate [line:73] INFO Receive new models from clients [0, 16, 1] at time 944
2025-04-25 03:04:00,843 fedbase.py run [line:318] INFO --------------Round 63--------------
2025-04-25 03:04:00,843 simple_logger.py log_once [line:14] INFO Current_time:944
2025-04-25 03:04:02,941 simple_logger.py log_once [line:28] INFO test_accuracy                 0.9792
2025-04-25 03:04:02,941 simple_logger.py log_once [line:28] INFO test_loss                     0.0696
2025-04-25 03:04:02,942 simple_logger.py log_once [line:28] INFO val_accuracy                  0.9742
2025-04-25 03:04:02,942 simple_logger.py log_once [line:28] INFO mean_val_accuracy             0.9742
2025-04-25 03:04:02,942 simple_logger.py log_once [line:28] INFO std_val_accuracy              0.0084
2025-04-25 03:04:02,942 simple_logger.py log_once [line:28] INFO val_loss                      0.0848
2025-04-25 03:04:02,942 simple_logger.py log_once [line:28] INFO mean_val_loss                 0.0848
2025-04-25 03:04:02,942 simple_logger.py log_once [line:28] INFO std_val_loss                  0.0234
2025-04-25 03:04:02,942 fedbase.py run [line:323] INFO expense           26380950.0
2025-04-25 03:04:02,942 fedbase.py run [line:324] INFO Eval Time Cost:               2.0990s
2025-04-25 03:04:02,942 asyncbase.py iterate [line:68] INFO Select clients [0, 1, 2, 3, 4, 5, 6, 7, 8, 9, 10, 11, 12, 13, 14, 15, 16, 17, 18, 19] at time 945.
2025-04-25 03:04:13,935 asyncbase.py iterate [line:73] INFO Receive new models from clients [18, 10, 15] at time 957
2025-04-25 03:04:13,935 asyncbase.py iterate [line:73] INFO Receive new models from clients [3, 16, 8, 5, 4, 0, 17, 19] at time 958
2025-04-25 03:04:13,935 asyncbase.py iterate [line:73] INFO Receive new models from clients [12, 2, 7, 14, 1, 11] at time 959
2025-04-25 03:04:13,936 asyncbase.py iterate [line:73] INFO Receive new models from clients [9, 13, 6] at time 960
2025-04-25 03:04:13,987 fedbase.py run [line:318] INFO --------------Round 64--------------
2025-04-25 03:04:13,988 simple_logger.py log_once [line:14] INFO Current_time:960
2025-04-25 03:04:15,973 simple_logger.py log_once [line:28] INFO test_accuracy                 0.9784
2025-04-25 03:04:15,973 simple_logger.py log_once [line:28] INFO test_loss                     0.0687
2025-04-25 03:04:15,973 simple_logger.py log_once [line:28] INFO val_accuracy                  0.9745
2025-04-25 03:04:15,973 simple_logger.py log_once [line:28] INFO mean_val_accuracy             0.9745
2025-04-25 03:04:15,973 simple_logger.py log_once [line:28] INFO std_val_accuracy              0.0081
2025-04-25 03:04:15,973 simple_logger.py log_once [line:28] INFO val_loss                      0.0844
2025-04-25 03:04:15,973 simple_logger.py log_once [line:28] INFO mean_val_loss                 0.0844
2025-04-25 03:04:15,973 simple_logger.py log_once [line:28] INFO std_val_loss                  0.0236
2025-04-25 03:04:15,973 fedbase.py run [line:323] INFO expense           26404790.0
2025-04-25 03:04:15,973 fedbase.py run [line:324] INFO Eval Time Cost:               1.9856s
2025-04-25 03:04:15,973 asyncbase.py iterate [line:68] INFO Select clients [0, 1, 2, 3, 4, 5, 6, 7, 8, 9, 10, 11, 12, 13, 14, 15, 16, 17, 18, 19] at time 961.
2025-04-25 03:04:27,050 asyncbase.py iterate [line:73] INFO Receive new models from clients [11, 18, 0] at time 973
2025-04-25 03:04:27,050 asyncbase.py iterate [line:73] INFO Receive new models from clients [5, 15, 10, 2, 12, 13] at time 974
2025-04-25 03:04:27,051 asyncbase.py iterate [line:73] INFO Receive new models from clients [8, 1, 4, 16, 6, 19, 17, 14, 7, 3, 9] at time 975
2025-04-25 03:04:27,106 fedbase.py run [line:318] INFO --------------Round 65--------------
2025-04-25 03:04:27,106 simple_logger.py log_once [line:14] INFO Current_time:975
2025-04-25 03:04:29,111 simple_logger.py log_once [line:28] INFO test_accuracy                 0.9795
2025-04-25 03:04:29,111 simple_logger.py log_once [line:28] INFO test_loss                     0.0689
2025-04-25 03:04:29,111 simple_logger.py log_once [line:28] INFO val_accuracy                  0.9742
2025-04-25 03:04:29,111 simple_logger.py log_once [line:28] INFO mean_val_accuracy             0.9742
2025-04-25 03:04:29,111 simple_logger.py log_once [line:28] INFO std_val_accuracy              0.0084
2025-04-25 03:04:29,111 simple_logger.py log_once [line:28] INFO val_loss                      0.0840
2025-04-25 03:04:29,111 simple_logger.py log_once [line:28] INFO mean_val_loss                 0.0840
2025-04-25 03:04:29,111 simple_logger.py log_once [line:28] INFO std_val_loss                  0.0230
2025-04-25 03:04:29,111 fedbase.py run [line:323] INFO expense           26428630.0
2025-04-25 03:04:29,111 fedbase.py run [line:324] INFO Eval Time Cost:               2.0053s
2025-04-25 03:04:29,112 asyncbase.py iterate [line:68] INFO Select clients [0, 1, 2, 3, 4, 5, 6, 7, 8, 9, 10, 11, 12, 13, 14, 15, 16, 17, 18, 19] at time 976.
2025-04-25 03:04:40,412 asyncbase.py iterate [line:73] INFO Receive new models from clients [8, 0] at time 988
2025-04-25 03:04:40,412 asyncbase.py iterate [line:73] INFO Receive new models from clients [11, 6, 9, 14, 4, 13, 10] at time 989
2025-04-25 03:04:40,413 asyncbase.py iterate [line:73] INFO Receive new models from clients [16, 2, 17, 15, 12, 7, 5, 19, 18, 3] at time 990
2025-04-25 03:04:40,413 asyncbase.py iterate [line:73] INFO Receive new models from clients [1] at time 991
2025-04-25 03:04:40,467 fedbase.py run [line:318] INFO --------------Round 66--------------
2025-04-25 03:04:40,467 simple_logger.py log_once [line:14] INFO Current_time:991
2025-04-25 03:04:42,470 simple_logger.py log_once [line:28] INFO test_accuracy                 0.9797
2025-04-25 03:04:42,470 simple_logger.py log_once [line:28] INFO test_loss                     0.0675
2025-04-25 03:04:42,470 simple_logger.py log_once [line:28] INFO val_accuracy                  0.9747
2025-04-25 03:04:42,470 simple_logger.py log_once [line:28] INFO mean_val_accuracy             0.9747
2025-04-25 03:04:42,470 simple_logger.py log_once [line:28] INFO std_val_accuracy              0.0079
2025-04-25 03:04:42,470 simple_logger.py log_once [line:28] INFO val_loss                      0.0831
2025-04-25 03:04:42,470 simple_logger.py log_once [line:28] INFO mean_val_loss                 0.0831
2025-04-25 03:04:42,470 simple_logger.py log_once [line:28] INFO std_val_loss                  0.0237
2025-04-25 03:04:42,470 fedbase.py run [line:323] INFO expense           26452470.0
2025-04-25 03:04:42,470 fedbase.py run [line:324] INFO Eval Time Cost:               2.0033s
2025-04-25 03:04:42,470 asyncbase.py iterate [line:68] INFO Select clients [0, 1, 2, 3, 4, 5, 6, 7, 8, 9, 10, 11, 12, 13, 14, 15, 16, 17, 18, 19] at time 992.
2025-04-25 03:04:54,049 asyncbase.py iterate [line:73] INFO Receive new models from clients [17, 9, 8, 12] at time 1004
2025-04-25 03:04:54,049 asyncbase.py iterate [line:73] INFO Receive new models from clients [18, 3, 14, 10, 11, 7, 5, 16, 13] at time 1005
2025-04-25 03:04:54,049 asyncbase.py iterate [line:73] INFO Receive new models from clients [19, 0, 4, 6, 15] at time 1006
2025-04-25 03:04:54,049 asyncbase.py iterate [line:73] INFO Receive new models from clients [2, 1] at time 1007
2025-04-25 03:04:54,104 fedbase.py run [line:318] INFO --------------Round 67--------------
2025-04-25 03:04:54,104 simple_logger.py log_once [line:14] INFO Current_time:1007
2025-04-25 03:04:56,109 simple_logger.py log_once [line:28] INFO test_accuracy                 0.9790
2025-04-25 03:04:56,110 simple_logger.py log_once [line:28] INFO test_loss                     0.0688
2025-04-25 03:04:56,110 simple_logger.py log_once [line:28] INFO val_accuracy                  0.9757
2025-04-25 03:04:56,110 simple_logger.py log_once [line:28] INFO mean_val_accuracy             0.9757
2025-04-25 03:04:56,110 simple_logger.py log_once [line:28] INFO std_val_accuracy              0.0086
2025-04-25 03:04:56,110 simple_logger.py log_once [line:28] INFO val_loss                      0.0832
2025-04-25 03:04:56,110 simple_logger.py log_once [line:28] INFO mean_val_loss                 0.0832
2025-04-25 03:04:56,110 simple_logger.py log_once [line:28] INFO std_val_loss                  0.0240
2025-04-25 03:04:56,110 fedbase.py run [line:323] INFO expense           26476310.0
2025-04-25 03:04:56,110 fedbase.py run [line:324] INFO Eval Time Cost:               2.0062s
2025-04-25 03:04:56,110 asyncbase.py iterate [line:68] INFO Select clients [0, 1, 2, 3, 4, 5, 6, 7, 8, 9, 10, 11, 12, 13, 14, 15, 16, 17, 18, 19] at time 1008.
2025-04-25 03:05:07,151 asyncbase.py iterate [line:73] INFO Receive new models from clients [18, 4] at time 1020
2025-04-25 03:05:07,151 asyncbase.py iterate [line:73] INFO Receive new models from clients [0, 19, 16, 8, 5, 12, 2, 6, 3] at time 1021
2025-04-25 03:05:07,151 asyncbase.py iterate [line:73] INFO Receive new models from clients [13, 14, 10, 17, 11, 1, 7, 15, 9] at time 1022
2025-04-25 03:05:07,203 fedbase.py run [line:318] INFO --------------Round 68--------------
2025-04-25 03:05:07,203 simple_logger.py log_once [line:14] INFO Current_time:1022
2025-04-25 03:05:09,194 simple_logger.py log_once [line:28] INFO test_accuracy                 0.9796
2025-04-25 03:05:09,195 simple_logger.py log_once [line:28] INFO test_loss                     0.0674
2025-04-25 03:05:09,195 simple_logger.py log_once [line:28] INFO val_accuracy                  0.9758
2025-04-25 03:05:09,195 simple_logger.py log_once [line:28] INFO mean_val_accuracy             0.9758
2025-04-25 03:05:09,195 simple_logger.py log_once [line:28] INFO std_val_accuracy              0.0081
2025-04-25 03:05:09,195 simple_logger.py log_once [line:28] INFO val_loss                      0.0812
2025-04-25 03:05:09,195 simple_logger.py log_once [line:28] INFO mean_val_loss                 0.0812
2025-04-25 03:05:09,195 simple_logger.py log_once [line:28] INFO std_val_loss                  0.0235
2025-04-25 03:05:09,195 fedbase.py run [line:323] INFO expense           26500150.0
2025-04-25 03:05:09,195 fedbase.py run [line:324] INFO Eval Time Cost:               1.9916s
2025-04-25 03:05:09,195 asyncbase.py iterate [line:68] INFO Select clients [0, 1, 2, 3, 4, 5, 6, 7, 8, 9, 10, 11, 12, 13, 14, 15, 16, 17, 18, 19] at time 1023.
2025-04-25 03:05:21,542 asyncbase.py iterate [line:73] INFO Receive new models from clients [10, 4, 2, 5, 14] at time 1036
2025-04-25 03:05:21,543 asyncbase.py iterate [line:73] INFO Receive new models from clients [6, 19, 15, 8, 18, 13, 17, 9, 11, 1, 7] at time 1037
2025-04-25 03:05:21,543 asyncbase.py iterate [line:73] INFO Receive new models from clients [3, 12, 0, 16] at time 1038
2025-04-25 03:05:21,622 fedbase.py run [line:318] INFO --------------Round 69--------------
2025-04-25 03:05:21,622 simple_logger.py log_once [line:14] INFO Current_time:1038
2025-04-25 03:05:24,001 simple_logger.py log_once [line:28] INFO test_accuracy                 0.9808
2025-04-25 03:05:24,001 simple_logger.py log_once [line:28] INFO test_loss                     0.0648
2025-04-25 03:05:24,001 simple_logger.py log_once [line:28] INFO val_accuracy                  0.9748
2025-04-25 03:05:24,001 simple_logger.py log_once [line:28] INFO mean_val_accuracy             0.9748
2025-04-25 03:05:24,002 simple_logger.py log_once [line:28] INFO std_val_accuracy              0.0083
2025-04-25 03:05:24,002 simple_logger.py log_once [line:28] INFO val_loss                      0.0807
2025-04-25 03:05:24,002 simple_logger.py log_once [line:28] INFO mean_val_loss                 0.0807
2025-04-25 03:05:24,002 simple_logger.py log_once [line:28] INFO std_val_loss                  0.0226
2025-04-25 03:05:24,002 fedbase.py run [line:323] INFO expense           26523990.0
2025-04-25 03:05:24,002 fedbase.py run [line:324] INFO Eval Time Cost:               2.3794s
2025-04-25 03:05:24,002 asyncbase.py iterate [line:68] INFO Select clients [0, 1, 2, 3, 4, 5, 6, 7, 8, 9, 10, 11, 12, 13, 14, 15, 16, 17, 18, 19] at time 1039.
2025-04-25 03:05:35,596 asyncbase.py iterate [line:73] INFO Receive new models from clients [12] at time 1051
2025-04-25 03:05:35,597 asyncbase.py iterate [line:73] INFO Receive new models from clients [7, 6, 14, 4, 15, 0, 10, 1, 3, 16] at time 1052
2025-04-25 03:05:35,597 asyncbase.py iterate [line:73] INFO Receive new models from clients [2, 13, 17, 8, 19, 18, 11, 9] at time 1053
2025-04-25 03:05:35,597 asyncbase.py iterate [line:73] INFO Receive new models from clients [5] at time 1054
2025-04-25 03:05:35,650 fedbase.py run [line:318] INFO --------------Round 70--------------
2025-04-25 03:05:35,650 simple_logger.py log_once [line:14] INFO Current_time:1054
2025-04-25 03:05:37,650 simple_logger.py log_once [line:28] INFO test_accuracy                 0.9792
2025-04-25 03:05:37,650 simple_logger.py log_once [line:28] INFO test_loss                     0.0652
2025-04-25 03:05:37,650 simple_logger.py log_once [line:28] INFO val_accuracy                  0.9762
2025-04-25 03:05:37,650 simple_logger.py log_once [line:28] INFO mean_val_accuracy             0.9762
2025-04-25 03:05:37,650 simple_logger.py log_once [line:28] INFO std_val_accuracy              0.0084
2025-04-25 03:05:37,650 simple_logger.py log_once [line:28] INFO val_loss                      0.0807
2025-04-25 03:05:37,650 simple_logger.py log_once [line:28] INFO mean_val_loss                 0.0807
2025-04-25 03:05:37,650 simple_logger.py log_once [line:28] INFO std_val_loss                  0.0231
2025-04-25 03:05:37,650 fedbase.py run [line:323] INFO expense           26547830.0
2025-04-25 03:05:37,650 fedbase.py run [line:324] INFO Eval Time Cost:               2.0001s
2025-04-25 03:05:37,651 asyncbase.py iterate [line:68] INFO Select clients [0, 1, 2, 3, 4, 5, 6, 7, 8, 9, 10, 11, 12, 13, 14, 15, 16, 17, 18, 19] at time 1055.
2025-04-25 03:05:48,678 asyncbase.py iterate [line:73] INFO Receive new models from clients [9, 16] at time 1067
2025-04-25 03:05:48,678 asyncbase.py iterate [line:73] INFO Receive new models from clients [4, 11, 5, 15, 2, 17, 12, 3, 8] at time 1068
2025-04-25 03:05:48,678 asyncbase.py iterate [line:73] INFO Receive new models from clients [10, 6, 0, 14, 1, 19, 7, 13] at time 1069
2025-04-25 03:05:48,678 asyncbase.py iterate [line:73] INFO Receive new models from clients [18] at time 1070
2025-04-25 03:05:48,732 fedbase.py run [line:318] INFO --------------Round 71--------------
2025-04-25 03:05:48,732 simple_logger.py log_once [line:14] INFO Current_time:1070
2025-04-25 03:05:50,734 simple_logger.py log_once [line:28] INFO test_accuracy                 0.9804
2025-04-25 03:05:50,734 simple_logger.py log_once [line:28] INFO test_loss                     0.0655
2025-04-25 03:05:50,734 simple_logger.py log_once [line:28] INFO val_accuracy                  0.9763
2025-04-25 03:05:50,734 simple_logger.py log_once [line:28] INFO mean_val_accuracy             0.9763
2025-04-25 03:05:50,734 simple_logger.py log_once [line:28] INFO std_val_accuracy              0.0080
2025-04-25 03:05:50,735 simple_logger.py log_once [line:28] INFO val_loss                      0.0798
2025-04-25 03:05:50,735 simple_logger.py log_once [line:28] INFO mean_val_loss                 0.0798
2025-04-25 03:05:50,735 simple_logger.py log_once [line:28] INFO std_val_loss                  0.0233
2025-04-25 03:05:50,735 fedbase.py run [line:323] INFO expense           26571670.0
2025-04-25 03:05:50,735 fedbase.py run [line:324] INFO Eval Time Cost:               2.0029s
2025-04-25 03:05:50,735 asyncbase.py iterate [line:68] INFO Select clients [0, 1, 2, 3, 4, 5, 6, 7, 8, 9, 10, 11, 12, 13, 14, 15, 16, 17, 18, 19] at time 1071.
2025-04-25 03:06:02,388 asyncbase.py iterate [line:73] INFO Receive new models from clients [0] at time 1083
2025-04-25 03:06:02,389 asyncbase.py iterate [line:73] INFO Receive new models from clients [3, 7, 17, 18, 2, 16, 5, 10, 6] at time 1084
2025-04-25 03:06:02,389 asyncbase.py iterate [line:73] INFO Receive new models from clients [15, 13, 1, 11, 8, 12, 19, 14, 9] at time 1085
2025-04-25 03:06:02,389 asyncbase.py iterate [line:73] INFO Receive new models from clients [4] at time 1086
2025-04-25 03:06:02,444 fedbase.py run [line:318] INFO --------------Round 72--------------
2025-04-25 03:06:02,444 simple_logger.py log_once [line:14] INFO Current_time:1086
2025-04-25 03:06:04,469 simple_logger.py log_once [line:28] INFO test_accuracy                 0.9803
2025-04-25 03:06:04,469 simple_logger.py log_once [line:28] INFO test_loss                     0.0633
2025-04-25 03:06:04,469 simple_logger.py log_once [line:28] INFO val_accuracy                  0.9758
2025-04-25 03:06:04,469 simple_logger.py log_once [line:28] INFO mean_val_accuracy             0.9758
2025-04-25 03:06:04,469 simple_logger.py log_once [line:28] INFO std_val_accuracy              0.0082
2025-04-25 03:06:04,469 simple_logger.py log_once [line:28] INFO val_loss                      0.0792
2025-04-25 03:06:04,469 simple_logger.py log_once [line:28] INFO mean_val_loss                 0.0792
2025-04-25 03:06:04,469 simple_logger.py log_once [line:28] INFO std_val_loss                  0.0227
2025-04-25 03:06:04,469 fedbase.py run [line:323] INFO expense           26595510.0
2025-04-25 03:06:04,469 fedbase.py run [line:324] INFO Eval Time Cost:               2.0254s
2025-04-25 03:06:04,469 asyncbase.py iterate [line:68] INFO Select clients [0, 1, 2, 3, 4, 5, 6, 7, 8, 9, 10, 11, 12, 13, 14, 15, 16, 17, 18, 19] at time 1087.
2025-04-25 03:06:15,596 asyncbase.py iterate [line:73] INFO Receive new models from clients [4] at time 1099
2025-04-25 03:06:15,596 asyncbase.py iterate [line:73] INFO Receive new models from clients [16, 3, 19, 1, 13, 0, 15, 14, 17, 9, 7] at time 1100
2025-04-25 03:06:15,596 asyncbase.py iterate [line:73] INFO Receive new models from clients [12, 6, 11, 5] at time 1101
2025-04-25 03:06:15,596 asyncbase.py iterate [line:73] INFO Receive new models from clients [10, 18, 8, 2] at time 1102
2025-04-25 03:06:15,650 fedbase.py run [line:318] INFO --------------Round 73--------------
2025-04-25 03:06:15,650 simple_logger.py log_once [line:14] INFO Current_time:1102
2025-04-25 03:06:17,662 simple_logger.py log_once [line:28] INFO test_accuracy                 0.9815
2025-04-25 03:06:17,662 simple_logger.py log_once [line:28] INFO test_loss                     0.0628
2025-04-25 03:06:17,662 simple_logger.py log_once [line:28] INFO val_accuracy                  0.9772
2025-04-25 03:06:17,662 simple_logger.py log_once [line:28] INFO mean_val_accuracy             0.9772
2025-04-25 03:06:17,662 simple_logger.py log_once [line:28] INFO std_val_accuracy              0.0075
2025-04-25 03:06:17,662 simple_logger.py log_once [line:28] INFO val_loss                      0.0780
2025-04-25 03:06:17,662 simple_logger.py log_once [line:28] INFO mean_val_loss                 0.0780
2025-04-25 03:06:17,662 simple_logger.py log_once [line:28] INFO std_val_loss                  0.0223
2025-04-25 03:06:17,662 fedbase.py run [line:323] INFO expense           26619350.0
2025-04-25 03:06:17,662 fedbase.py run [line:324] INFO Eval Time Cost:               2.0117s
2025-04-25 03:06:17,662 asyncbase.py iterate [line:68] INFO Select clients [0, 1, 2, 3, 4, 5, 6, 7, 8, 9, 10, 11, 12, 13, 14, 15, 16, 17, 18, 19] at time 1103.
2025-04-25 03:06:29,471 asyncbase.py iterate [line:73] INFO Receive new models from clients [3, 9, 12] at time 1115
2025-04-25 03:06:29,471 asyncbase.py iterate [line:73] INFO Receive new models from clients [8, 2, 1, 16, 11, 13, 7] at time 1116
2025-04-25 03:06:29,471 asyncbase.py iterate [line:73] INFO Receive new models from clients [19, 17, 5, 6, 10, 4, 15, 18, 0] at time 1117
2025-04-25 03:06:29,472 asyncbase.py iterate [line:73] INFO Receive new models from clients [14] at time 1118
2025-04-25 03:06:29,524 fedbase.py run [line:318] INFO --------------Round 74--------------
2025-04-25 03:06:29,524 simple_logger.py log_once [line:14] INFO Current_time:1118
2025-04-25 03:06:31,642 simple_logger.py log_once [line:28] INFO test_accuracy                 0.9809
2025-04-25 03:06:31,642 simple_logger.py log_once [line:28] INFO test_loss                     0.0638
2025-04-25 03:06:31,642 simple_logger.py log_once [line:28] INFO val_accuracy                  0.9775
2025-04-25 03:06:31,642 simple_logger.py log_once [line:28] INFO mean_val_accuracy             0.9775
2025-04-25 03:06:31,642 simple_logger.py log_once [line:28] INFO std_val_accuracy              0.0072
2025-04-25 03:06:31,642 simple_logger.py log_once [line:28] INFO val_loss                      0.0778
2025-04-25 03:06:31,642 simple_logger.py log_once [line:28] INFO mean_val_loss                 0.0778
2025-04-25 03:06:31,642 simple_logger.py log_once [line:28] INFO std_val_loss                  0.0231
2025-04-25 03:06:31,642 fedbase.py run [line:323] INFO expense           26643190.0
2025-04-25 03:06:31,642 fedbase.py run [line:324] INFO Eval Time Cost:               2.1182s
2025-04-25 03:06:31,642 asyncbase.py iterate [line:68] INFO Select clients [0, 1, 2, 3, 4, 5, 6, 7, 8, 9, 10, 11, 12, 13, 14, 15, 16, 17, 18, 19] at time 1119.
2025-04-25 03:06:43,082 asyncbase.py iterate [line:73] INFO Receive new models from clients [9, 8] at time 1131
2025-04-25 03:06:43,082 asyncbase.py iterate [line:73] INFO Receive new models from clients [7, 5, 0, 14, 19, 1, 13, 18, 11, 16, 10] at time 1132
2025-04-25 03:06:43,082 asyncbase.py iterate [line:73] INFO Receive new models from clients [3, 15, 2, 17, 6] at time 1133
2025-04-25 03:06:43,083 asyncbase.py iterate [line:73] INFO Receive new models from clients [4, 12] at time 1134
2025-04-25 03:06:43,137 fedbase.py run [line:318] INFO --------------Round 75--------------
2025-04-25 03:06:43,138 simple_logger.py log_once [line:14] INFO Current_time:1134
2025-04-25 03:06:45,156 simple_logger.py log_once [line:28] INFO test_accuracy                 0.9809
2025-04-25 03:06:45,156 simple_logger.py log_once [line:28] INFO test_loss                     0.0623
2025-04-25 03:06:45,156 simple_logger.py log_once [line:28] INFO val_accuracy                  0.9763
2025-04-25 03:06:45,157 simple_logger.py log_once [line:28] INFO mean_val_accuracy             0.9763
2025-04-25 03:06:45,157 simple_logger.py log_once [line:28] INFO std_val_accuracy              0.0072
2025-04-25 03:06:45,157 simple_logger.py log_once [line:28] INFO val_loss                      0.0771
2025-04-25 03:06:45,157 simple_logger.py log_once [line:28] INFO mean_val_loss                 0.0771
2025-04-25 03:06:45,157 simple_logger.py log_once [line:28] INFO std_val_loss                  0.0225
2025-04-25 03:06:45,157 fedbase.py run [line:323] INFO expense           26667030.0
2025-04-25 03:06:45,157 fedbase.py run [line:324] INFO Eval Time Cost:               2.0193s
2025-04-25 03:06:45,157 asyncbase.py iterate [line:68] INFO Select clients [0, 1, 2, 3, 4, 5, 6, 7, 8, 9, 10, 11, 12, 13, 14, 15, 16, 17, 18, 19] at time 1135.
2025-04-25 03:06:56,632 asyncbase.py iterate [line:73] INFO Receive new models from clients [8, 7, 16] at time 1147
2025-04-25 03:06:56,633 asyncbase.py iterate [line:73] INFO Receive new models from clients [12, 4, 11, 2, 18, 14, 1, 19, 15] at time 1148
2025-04-25 03:06:56,633 asyncbase.py iterate [line:73] INFO Receive new models from clients [10, 9, 0, 13, 3, 6, 17, 5] at time 1149
2025-04-25 03:06:56,686 fedbase.py run [line:318] INFO --------------Round 76--------------
2025-04-25 03:06:56,687 simple_logger.py log_once [line:14] INFO Current_time:1149
2025-04-25 03:06:58,697 simple_logger.py log_once [line:28] INFO test_accuracy                 0.9805
2025-04-25 03:06:58,697 simple_logger.py log_once [line:28] INFO test_loss                     0.0622
2025-04-25 03:06:58,697 simple_logger.py log_once [line:28] INFO val_accuracy                  0.9763
2025-04-25 03:06:58,697 simple_logger.py log_once [line:28] INFO mean_val_accuracy             0.9763
2025-04-25 03:06:58,697 simple_logger.py log_once [line:28] INFO std_val_accuracy              0.0080
2025-04-25 03:06:58,697 simple_logger.py log_once [line:28] INFO val_loss                      0.0765
2025-04-25 03:06:58,697 simple_logger.py log_once [line:28] INFO mean_val_loss                 0.0765
2025-04-25 03:06:58,697 simple_logger.py log_once [line:28] INFO std_val_loss                  0.0220
2025-04-25 03:06:58,697 fedbase.py run [line:323] INFO expense           26690870.0
2025-04-25 03:06:58,697 fedbase.py run [line:324] INFO Eval Time Cost:               2.0107s
2025-04-25 03:06:58,697 asyncbase.py iterate [line:68] INFO Select clients [0, 1, 2, 3, 4, 5, 6, 7, 8, 9, 10, 11, 12, 13, 14, 15, 16, 17, 18, 19] at time 1150.
2025-04-25 03:07:11,799 asyncbase.py iterate [line:73] INFO Receive new models from clients [3, 10, 1] at time 1162
2025-04-25 03:07:11,799 asyncbase.py iterate [line:73] INFO Receive new models from clients [11, 4, 15, 16, 19, 8] at time 1163
2025-04-25 03:07:11,800 asyncbase.py iterate [line:73] INFO Receive new models from clients [0, 2, 13, 17, 18, 5, 14, 6, 9] at time 1164
2025-04-25 03:07:11,800 asyncbase.py iterate [line:73] INFO Receive new models from clients [7, 12] at time 1165
2025-04-25 03:07:11,852 fedbase.py run [line:318] INFO --------------Round 77--------------
2025-04-25 03:07:11,852 simple_logger.py log_once [line:14] INFO Current_time:1165
2025-04-25 03:07:13,886 simple_logger.py log_once [line:28] INFO test_accuracy                 0.9809
2025-04-25 03:07:13,886 simple_logger.py log_once [line:28] INFO test_loss                     0.0615
2025-04-25 03:07:13,886 simple_logger.py log_once [line:28] INFO val_accuracy                  0.9767
2025-04-25 03:07:13,886 simple_logger.py log_once [line:28] INFO mean_val_accuracy             0.9767
2025-04-25 03:07:13,886 simple_logger.py log_once [line:28] INFO std_val_accuracy              0.0071
2025-04-25 03:07:13,886 simple_logger.py log_once [line:28] INFO val_loss                      0.0764
2025-04-25 03:07:13,886 simple_logger.py log_once [line:28] INFO mean_val_loss                 0.0764
2025-04-25 03:07:13,886 simple_logger.py log_once [line:28] INFO std_val_loss                  0.0223
2025-04-25 03:07:13,887 fedbase.py run [line:323] INFO expense           26714710.0
2025-04-25 03:07:13,887 fedbase.py run [line:324] INFO Eval Time Cost:               2.0342s
2025-04-25 03:07:13,887 asyncbase.py iterate [line:68] INFO Select clients [0, 1, 2, 3, 4, 5, 6, 7, 8, 9, 10, 11, 12, 13, 14, 15, 16, 17, 18, 19] at time 1166.
2025-04-25 03:07:26,479 asyncbase.py iterate [line:73] INFO Receive new models from clients [12, 9] at time 1178
2025-04-25 03:07:26,479 asyncbase.py iterate [line:73] INFO Receive new models from clients [3, 5, 15, 2, 0, 16] at time 1179
2025-04-25 03:07:26,479 asyncbase.py iterate [line:73] INFO Receive new models from clients [7, 4, 8, 6, 1, 17, 19, 14, 10, 13] at time 1180
2025-04-25 03:07:26,479 asyncbase.py iterate [line:73] INFO Receive new models from clients [11, 18] at time 1181
2025-04-25 03:07:26,532 fedbase.py run [line:318] INFO --------------Round 78--------------
2025-04-25 03:07:26,532 simple_logger.py log_once [line:14] INFO Current_time:1181
2025-04-25 03:07:28,541 simple_logger.py log_once [line:28] INFO test_accuracy                 0.9810
2025-04-25 03:07:28,541 simple_logger.py log_once [line:28] INFO test_loss                     0.0609
2025-04-25 03:07:28,541 simple_logger.py log_once [line:28] INFO val_accuracy                  0.9775
2025-04-25 03:07:28,541 simple_logger.py log_once [line:28] INFO mean_val_accuracy             0.9775
2025-04-25 03:07:28,541 simple_logger.py log_once [line:28] INFO std_val_accuracy              0.0082
2025-04-25 03:07:28,541 simple_logger.py log_once [line:28] INFO val_loss                      0.0754
2025-04-25 03:07:28,541 simple_logger.py log_once [line:28] INFO mean_val_loss                 0.0754
2025-04-25 03:07:28,541 simple_logger.py log_once [line:28] INFO std_val_loss                  0.0224
2025-04-25 03:07:28,541 fedbase.py run [line:323] INFO expense           26738550.0
2025-04-25 03:07:28,541 fedbase.py run [line:324] INFO Eval Time Cost:               2.0095s
2025-04-25 03:07:28,542 asyncbase.py iterate [line:68] INFO Select clients [0, 1, 2, 3, 4, 5, 6, 7, 8, 9, 10, 11, 12, 13, 14, 15, 16, 17, 18, 19] at time 1182.
2025-04-25 03:07:39,695 asyncbase.py iterate [line:73] INFO Receive new models from clients [14, 10] at time 1194
2025-04-25 03:07:39,695 asyncbase.py iterate [line:73] INFO Receive new models from clients [11, 3, 8, 19, 13, 18, 7, 2, 1, 9] at time 1195
2025-04-25 03:07:39,696 asyncbase.py iterate [line:73] INFO Receive new models from clients [4, 15, 16, 17, 6, 5] at time 1196
2025-04-25 03:07:39,696 asyncbase.py iterate [line:73] INFO Receive new models from clients [12, 0] at time 1197
2025-04-25 03:07:39,774 fedbase.py run [line:318] INFO --------------Round 79--------------
2025-04-25 03:07:39,775 simple_logger.py log_once [line:14] INFO Current_time:1197
2025-04-25 03:07:41,848 simple_logger.py log_once [line:28] INFO test_accuracy                 0.9815
2025-04-25 03:07:41,848 simple_logger.py log_once [line:28] INFO test_loss                     0.0604
2025-04-25 03:07:41,848 simple_logger.py log_once [line:28] INFO val_accuracy                  0.9772
2025-04-25 03:07:41,848 simple_logger.py log_once [line:28] INFO mean_val_accuracy             0.9772
2025-04-25 03:07:41,848 simple_logger.py log_once [line:28] INFO std_val_accuracy              0.0080
2025-04-25 03:07:41,848 simple_logger.py log_once [line:28] INFO val_loss                      0.0748
2025-04-25 03:07:41,848 simple_logger.py log_once [line:28] INFO mean_val_loss                 0.0748
2025-04-25 03:07:41,848 simple_logger.py log_once [line:28] INFO std_val_loss                  0.0221
2025-04-25 03:07:41,848 fedbase.py run [line:323] INFO expense           26762390.0
2025-04-25 03:07:41,848 fedbase.py run [line:324] INFO Eval Time Cost:               2.0737s
2025-04-25 03:07:41,848 asyncbase.py iterate [line:68] INFO Select clients [0, 1, 2, 3, 4, 5, 6, 7, 8, 9, 10, 11, 12, 13, 14, 15, 16, 17, 18, 19] at time 1198.
2025-04-25 03:07:52,862 asyncbase.py iterate [line:73] INFO Receive new models from clients [17, 19, 2, 13, 5] at time 1210
2025-04-25 03:07:52,862 asyncbase.py iterate [line:73] INFO Receive new models from clients [6, 9, 3, 4, 16, 7, 1, 18] at time 1211
2025-04-25 03:07:52,862 asyncbase.py iterate [line:73] INFO Receive new models from clients [0, 11, 10, 14, 15, 8] at time 1212
2025-04-25 03:07:52,863 asyncbase.py iterate [line:73] INFO Receive new models from clients [12] at time 1213
2025-04-25 03:07:52,916 fedbase.py run [line:318] INFO --------------Round 80--------------
2025-04-25 03:07:52,916 simple_logger.py log_once [line:14] INFO Current_time:1213
2025-04-25 03:07:54,945 simple_logger.py log_once [line:28] INFO test_accuracy                 0.9813
2025-04-25 03:07:54,945 simple_logger.py log_once [line:28] INFO test_loss                     0.0599
2025-04-25 03:07:54,945 simple_logger.py log_once [line:28] INFO val_accuracy                  0.9773
2025-04-25 03:07:54,945 simple_logger.py log_once [line:28] INFO mean_val_accuracy             0.9773
2025-04-25 03:07:54,945 simple_logger.py log_once [line:28] INFO std_val_accuracy              0.0072
2025-04-25 03:07:54,945 simple_logger.py log_once [line:28] INFO val_loss                      0.0744
2025-04-25 03:07:54,945 simple_logger.py log_once [line:28] INFO mean_val_loss                 0.0744
2025-04-25 03:07:54,945 simple_logger.py log_once [line:28] INFO std_val_loss                  0.0222
2025-04-25 03:07:54,945 fedbase.py run [line:323] INFO expense           26786230.0
2025-04-25 03:07:54,945 fedbase.py run [line:324] INFO Eval Time Cost:               2.0294s
2025-04-25 03:07:54,946 asyncbase.py iterate [line:68] INFO Select clients [0, 1, 2, 3, 4, 5, 6, 7, 8, 9, 10, 11, 12, 13, 14, 15, 16, 17, 18, 19] at time 1214.
2025-04-25 03:08:06,328 asyncbase.py iterate [line:73] INFO Receive new models from clients [13, 10, 16] at time 1226
2025-04-25 03:08:06,328 asyncbase.py iterate [line:73] INFO Receive new models from clients [3, 7, 0, 17, 2, 19, 9, 12, 14, 8] at time 1227
2025-04-25 03:08:06,329 asyncbase.py iterate [line:73] INFO Receive new models from clients [15, 18, 5, 11, 6] at time 1228
2025-04-25 03:08:06,329 asyncbase.py iterate [line:73] INFO Receive new models from clients [4, 1] at time 1229
2025-04-25 03:08:06,382 fedbase.py run [line:318] INFO --------------Round 81--------------
2025-04-25 03:08:06,382 simple_logger.py log_once [line:14] INFO Current_time:1229
2025-04-25 03:08:08,385 simple_logger.py log_once [line:28] INFO test_accuracy                 0.9817
2025-04-25 03:08:08,385 simple_logger.py log_once [line:28] INFO test_loss                     0.0602
2025-04-25 03:08:08,385 simple_logger.py log_once [line:28] INFO val_accuracy                  0.9780
2025-04-25 03:08:08,385 simple_logger.py log_once [line:28] INFO mean_val_accuracy             0.9780
2025-04-25 03:08:08,385 simple_logger.py log_once [line:28] INFO std_val_accuracy              0.0076
2025-04-25 03:08:08,385 simple_logger.py log_once [line:28] INFO val_loss                      0.0736
2025-04-25 03:08:08,385 simple_logger.py log_once [line:28] INFO mean_val_loss                 0.0736
2025-04-25 03:08:08,385 simple_logger.py log_once [line:28] INFO std_val_loss                  0.0219
2025-04-25 03:08:08,385 fedbase.py run [line:323] INFO expense           26810070.0
2025-04-25 03:08:08,385 fedbase.py run [line:324] INFO Eval Time Cost:               2.0029s
2025-04-25 03:08:08,385 asyncbase.py iterate [line:68] INFO Select clients [0, 1, 2, 3, 4, 5, 6, 7, 8, 9, 10, 11, 12, 13, 14, 15, 16, 17, 18, 19] at time 1230.
2025-04-25 03:08:19,641 asyncbase.py iterate [line:73] INFO Receive new models from clients [7, 5, 2, 3] at time 1242
2025-04-25 03:08:19,641 asyncbase.py iterate [line:73] INFO Receive new models from clients [11, 8, 12, 6, 10, 4, 19, 15] at time 1243
2025-04-25 03:08:19,642 asyncbase.py iterate [line:73] INFO Receive new models from clients [1, 0, 13, 9, 18, 14] at time 1244
2025-04-25 03:08:19,642 asyncbase.py iterate [line:73] INFO Receive new models from clients [17, 16] at time 1245
2025-04-25 03:08:19,695 fedbase.py run [line:318] INFO --------------Round 82--------------
2025-04-25 03:08:19,695 simple_logger.py log_once [line:14] INFO Current_time:1245
2025-04-25 03:08:21,683 simple_logger.py log_once [line:28] INFO test_accuracy                 0.9822
2025-04-25 03:08:21,684 simple_logger.py log_once [line:28] INFO test_loss                     0.0588
2025-04-25 03:08:21,684 simple_logger.py log_once [line:28] INFO val_accuracy                  0.9787
2025-04-25 03:08:21,684 simple_logger.py log_once [line:28] INFO mean_val_accuracy             0.9787
2025-04-25 03:08:21,684 simple_logger.py log_once [line:28] INFO std_val_accuracy              0.0076
2025-04-25 03:08:21,684 simple_logger.py log_once [line:28] INFO val_loss                      0.0734
2025-04-25 03:08:21,684 simple_logger.py log_once [line:28] INFO mean_val_loss                 0.0734
2025-04-25 03:08:21,684 simple_logger.py log_once [line:28] INFO std_val_loss                  0.0222
2025-04-25 03:08:21,684 fedbase.py run [line:323] INFO expense           26833910.0
2025-04-25 03:08:21,684 fedbase.py run [line:324] INFO Eval Time Cost:               1.9894s
2025-04-25 03:08:21,684 asyncbase.py iterate [line:68] INFO Select clients [0, 1, 2, 3, 4, 5, 6, 7, 8, 9, 10, 11, 12, 13, 14, 15, 16, 17, 18, 19] at time 1246.
2025-04-25 03:08:32,744 asyncbase.py iterate [line:73] INFO Receive new models from clients [6, 17, 0] at time 1258
2025-04-25 03:08:32,744 asyncbase.py iterate [line:73] INFO Receive new models from clients [13, 5, 1, 2, 12, 19, 4, 10, 9] at time 1259
2025-04-25 03:08:32,744 asyncbase.py iterate [line:73] INFO Receive new models from clients [7, 16, 3, 18, 14] at time 1260
2025-04-25 03:08:32,745 asyncbase.py iterate [line:73] INFO Receive new models from clients [8, 15, 11] at time 1261
2025-04-25 03:08:32,797 fedbase.py run [line:318] INFO --------------Round 83--------------
2025-04-25 03:08:32,797 simple_logger.py log_once [line:14] INFO Current_time:1261
2025-04-25 03:08:34,787 simple_logger.py log_once [line:28] INFO test_accuracy                 0.9818
2025-04-25 03:08:34,787 simple_logger.py log_once [line:28] INFO test_loss                     0.0595
2025-04-25 03:08:34,787 simple_logger.py log_once [line:28] INFO val_accuracy                  0.9778
2025-04-25 03:08:34,787 simple_logger.py log_once [line:28] INFO mean_val_accuracy             0.9778
2025-04-25 03:08:34,787 simple_logger.py log_once [line:28] INFO std_val_accuracy              0.0079
2025-04-25 03:08:34,787 simple_logger.py log_once [line:28] INFO val_loss                      0.0739
2025-04-25 03:08:34,787 simple_logger.py log_once [line:28] INFO mean_val_loss                 0.0739
2025-04-25 03:08:34,787 simple_logger.py log_once [line:28] INFO std_val_loss                  0.0226
2025-04-25 03:08:34,787 fedbase.py run [line:323] INFO expense           26857750.0
2025-04-25 03:08:34,787 fedbase.py run [line:324] INFO Eval Time Cost:               1.9907s
2025-04-25 03:08:34,788 asyncbase.py iterate [line:68] INFO Select clients [0, 1, 2, 3, 4, 5, 6, 7, 8, 9, 10, 11, 12, 13, 14, 15, 16, 17, 18, 19] at time 1262.
2025-04-25 03:08:46,284 asyncbase.py iterate [line:73] INFO Receive new models from clients [15, 5] at time 1274
2025-04-25 03:08:46,284 asyncbase.py iterate [line:73] INFO Receive new models from clients [3, 18, 12, 6, 11, 13, 2, 19, 14, 16, 7] at time 1275
2025-04-25 03:08:46,285 asyncbase.py iterate [line:73] INFO Receive new models from clients [1, 0, 17, 4, 8, 9, 10] at time 1276
2025-04-25 03:08:46,337 fedbase.py run [line:318] INFO --------------Round 84--------------
2025-04-25 03:08:46,337 simple_logger.py log_once [line:14] INFO Current_time:1276
2025-04-25 03:08:48,321 simple_logger.py log_once [line:28] INFO test_accuracy                 0.9818
2025-04-25 03:08:48,321 simple_logger.py log_once [line:28] INFO test_loss                     0.0594
2025-04-25 03:08:48,321 simple_logger.py log_once [line:28] INFO val_accuracy                  0.9788
2025-04-25 03:08:48,321 simple_logger.py log_once [line:28] INFO mean_val_accuracy             0.9788
2025-04-25 03:08:48,321 simple_logger.py log_once [line:28] INFO std_val_accuracy              0.0077
2025-04-25 03:08:48,321 simple_logger.py log_once [line:28] INFO val_loss                      0.0728
2025-04-25 03:08:48,322 simple_logger.py log_once [line:28] INFO mean_val_loss                 0.0728
2025-04-25 03:08:48,322 simple_logger.py log_once [line:28] INFO std_val_loss                  0.0221
2025-04-25 03:08:48,322 fedbase.py run [line:323] INFO expense           26881590.0
2025-04-25 03:08:48,322 fedbase.py run [line:324] INFO Eval Time Cost:               1.9851s
2025-04-25 03:08:48,322 asyncbase.py iterate [line:68] INFO Select clients [0, 1, 2, 3, 4, 5, 6, 7, 8, 9, 10, 11, 12, 13, 14, 15, 16, 17, 18, 19] at time 1277.
2025-04-25 03:08:59,943 asyncbase.py iterate [line:73] INFO Receive new models from clients [12, 19, 3, 7, 14, 6, 13, 17, 8, 0] at time 1290
2025-04-25 03:08:59,944 asyncbase.py iterate [line:73] INFO Receive new models from clients [11, 15, 4, 5, 9, 1, 18] at time 1291
2025-04-25 03:08:59,944 asyncbase.py iterate [line:73] INFO Receive new models from clients [10, 16, 2] at time 1292
2025-04-25 03:09:00,023 fedbase.py run [line:318] INFO --------------Round 85--------------
2025-04-25 03:09:00,023 simple_logger.py log_once [line:14] INFO Current_time:1292
2025-04-25 03:09:03,105 simple_logger.py log_once [line:28] INFO test_accuracy                 0.9811
2025-04-25 03:09:03,105 simple_logger.py log_once [line:28] INFO test_loss                     0.0580
2025-04-25 03:09:03,106 simple_logger.py log_once [line:28] INFO val_accuracy                  0.9777
2025-04-25 03:09:03,106 simple_logger.py log_once [line:28] INFO mean_val_accuracy             0.9777
2025-04-25 03:09:03,106 simple_logger.py log_once [line:28] INFO std_val_accuracy              0.0073
2025-04-25 03:09:03,106 simple_logger.py log_once [line:28] INFO val_loss                      0.0732
2025-04-25 03:09:03,106 simple_logger.py log_once [line:28] INFO mean_val_loss                 0.0732
2025-04-25 03:09:03,106 simple_logger.py log_once [line:28] INFO std_val_loss                  0.0221
2025-04-25 03:09:03,106 fedbase.py run [line:323] INFO expense           26905430.0
2025-04-25 03:09:03,106 fedbase.py run [line:324] INFO Eval Time Cost:               3.0833s
2025-04-25 03:09:03,106 asyncbase.py iterate [line:68] INFO Select clients [0, 1, 2, 3, 4, 5, 6, 7, 8, 9, 10, 11, 12, 13, 14, 15, 16, 17, 18, 19] at time 1293.
2025-04-25 03:09:14,360 asyncbase.py iterate [line:73] INFO Receive new models from clients [2, 15, 12, 17, 18, 19, 1, 3, 10, 7, 9] at time 1306
2025-04-25 03:09:14,360 asyncbase.py iterate [line:73] INFO Receive new models from clients [6, 0, 8, 14, 16, 11, 5, 4] at time 1307
2025-04-25 03:09:14,361 asyncbase.py iterate [line:73] INFO Receive new models from clients [13] at time 1308
2025-04-25 03:09:14,439 fedbase.py run [line:318] INFO --------------Round 86--------------
2025-04-25 03:09:14,440 simple_logger.py log_once [line:14] INFO Current_time:1308
2025-04-25 03:09:16,664 simple_logger.py log_once [line:28] INFO test_accuracy                 0.9818
2025-04-25 03:09:16,664 simple_logger.py log_once [line:28] INFO test_loss                     0.0573
2025-04-25 03:09:16,664 simple_logger.py log_once [line:28] INFO val_accuracy                  0.9782
2025-04-25 03:09:16,664 simple_logger.py log_once [line:28] INFO mean_val_accuracy             0.9782
2025-04-25 03:09:16,664 simple_logger.py log_once [line:28] INFO std_val_accuracy              0.0075
2025-04-25 03:09:16,664 simple_logger.py log_once [line:28] INFO val_loss                      0.0723
2025-04-25 03:09:16,664 simple_logger.py log_once [line:28] INFO mean_val_loss                 0.0723
2025-04-25 03:09:16,664 simple_logger.py log_once [line:28] INFO std_val_loss                  0.0220
2025-04-25 03:09:16,664 fedbase.py run [line:323] INFO expense           26929270.0
2025-04-25 03:09:16,664 fedbase.py run [line:324] INFO Eval Time Cost:               2.2248s
2025-04-25 03:09:16,664 asyncbase.py iterate [line:68] INFO Select clients [0, 1, 2, 3, 4, 5, 6, 7, 8, 9, 10, 11, 12, 13, 14, 15, 16, 17, 18, 19] at time 1309.
2025-04-25 03:09:28,968 asyncbase.py iterate [line:73] INFO Receive new models from clients [16, 3] at time 1321
2025-04-25 03:09:28,968 asyncbase.py iterate [line:73] INFO Receive new models from clients [11, 4, 0, 10, 13, 6, 7, 2, 5, 18] at time 1322
2025-04-25 03:09:28,969 asyncbase.py iterate [line:73] INFO Receive new models from clients [1, 19, 15, 17, 8, 9] at time 1323
2025-04-25 03:09:28,969 asyncbase.py iterate [line:73] INFO Receive new models from clients [14, 12] at time 1324
2025-04-25 03:09:29,022 fedbase.py run [line:318] INFO --------------Round 87--------------
2025-04-25 03:09:29,022 simple_logger.py log_once [line:14] INFO Current_time:1324
2025-04-25 03:09:31,028 simple_logger.py log_once [line:28] INFO test_accuracy                 0.9822
2025-04-25 03:09:31,028 simple_logger.py log_once [line:28] INFO test_loss                     0.0573
2025-04-25 03:09:31,029 simple_logger.py log_once [line:28] INFO val_accuracy                  0.9790
2025-04-25 03:09:31,029 simple_logger.py log_once [line:28] INFO mean_val_accuracy             0.9790
2025-04-25 03:09:31,029 simple_logger.py log_once [line:28] INFO std_val_accuracy              0.0069
2025-04-25 03:09:31,029 simple_logger.py log_once [line:28] INFO val_loss                      0.0720
2025-04-25 03:09:31,029 simple_logger.py log_once [line:28] INFO mean_val_loss                 0.0720
2025-04-25 03:09:31,029 simple_logger.py log_once [line:28] INFO std_val_loss                  0.0226
2025-04-25 03:09:31,029 fedbase.py run [line:323] INFO expense           26953110.0
2025-04-25 03:09:31,029 fedbase.py run [line:324] INFO Eval Time Cost:               2.0071s
2025-04-25 03:09:31,029 asyncbase.py iterate [line:68] INFO Select clients [0, 1, 2, 3, 4, 5, 6, 7, 8, 9, 10, 11, 12, 13, 14, 15, 16, 17, 18, 19] at time 1325.
2025-04-25 03:09:43,455 asyncbase.py iterate [line:73] INFO Receive new models from clients [12, 14, 5] at time 1337
2025-04-25 03:09:43,455 asyncbase.py iterate [line:73] INFO Receive new models from clients [3, 0, 16, 17, 6, 1, 4, 18, 13] at time 1338
2025-04-25 03:09:43,455 asyncbase.py iterate [line:73] INFO Receive new models from clients [10, 9, 2, 7, 11, 8] at time 1339
2025-04-25 03:09:43,455 asyncbase.py iterate [line:73] INFO Receive new models from clients [15, 19] at time 1340
2025-04-25 03:09:43,508 fedbase.py run [line:318] INFO --------------Round 88--------------
2025-04-25 03:09:43,508 simple_logger.py log_once [line:14] INFO Current_time:1340
2025-04-25 03:09:45,514 simple_logger.py log_once [line:28] INFO test_accuracy                 0.9825
2025-04-25 03:09:45,514 simple_logger.py log_once [line:28] INFO test_loss                     0.0579
2025-04-25 03:09:45,514 simple_logger.py log_once [line:28] INFO val_accuracy                  0.9790
2025-04-25 03:09:45,514 simple_logger.py log_once [line:28] INFO mean_val_accuracy             0.9790
2025-04-25 03:09:45,514 simple_logger.py log_once [line:28] INFO std_val_accuracy              0.0071
2025-04-25 03:09:45,514 simple_logger.py log_once [line:28] INFO val_loss                      0.0710
2025-04-25 03:09:45,514 simple_logger.py log_once [line:28] INFO mean_val_loss                 0.0710
2025-04-25 03:09:45,514 simple_logger.py log_once [line:28] INFO std_val_loss                  0.0217
2025-04-25 03:09:45,514 fedbase.py run [line:323] INFO expense           26976950.0
2025-04-25 03:09:45,515 fedbase.py run [line:324] INFO Eval Time Cost:               2.0065s
2025-04-25 03:09:45,515 asyncbase.py iterate [line:68] INFO Select clients [0, 1, 2, 3, 4, 5, 6, 7, 8, 9, 10, 11, 12, 13, 14, 15, 16, 17, 18, 19] at time 1341.
2025-04-25 03:09:56,869 asyncbase.py iterate [line:73] INFO Receive new models from clients [11, 19] at time 1353
2025-04-25 03:09:56,869 asyncbase.py iterate [line:73] INFO Receive new models from clients [6, 15, 18, 13, 3, 14, 12, 9] at time 1354
2025-04-25 03:09:56,870 asyncbase.py iterate [line:73] INFO Receive new models from clients [17, 7, 10, 0, 4, 8] at time 1355
2025-04-25 03:09:56,870 asyncbase.py iterate [line:73] INFO Receive new models from clients [5, 1, 2, 16] at time 1356
2025-04-25 03:09:56,923 fedbase.py run [line:318] INFO --------------Round 89--------------
2025-04-25 03:09:56,923 simple_logger.py log_once [line:14] INFO Current_time:1356
2025-04-25 03:09:58,951 simple_logger.py log_once [line:28] INFO test_accuracy                 0.9827
2025-04-25 03:09:58,951 simple_logger.py log_once [line:28] INFO test_loss                     0.0565
2025-04-25 03:09:58,951 simple_logger.py log_once [line:28] INFO val_accuracy                  0.9795
2025-04-25 03:09:58,951 simple_logger.py log_once [line:28] INFO mean_val_accuracy             0.9795
2025-04-25 03:09:58,951 simple_logger.py log_once [line:28] INFO std_val_accuracy              0.0076
2025-04-25 03:09:58,952 simple_logger.py log_once [line:28] INFO val_loss                      0.0711
2025-04-25 03:09:58,952 simple_logger.py log_once [line:28] INFO mean_val_loss                 0.0711
2025-04-25 03:09:58,952 simple_logger.py log_once [line:28] INFO std_val_loss                  0.0210
2025-04-25 03:09:58,952 fedbase.py run [line:323] INFO expense           27000790.0
2025-04-25 03:09:58,952 fedbase.py run [line:324] INFO Eval Time Cost:               2.0287s
2025-04-25 03:09:58,952 asyncbase.py iterate [line:68] INFO Select clients [0, 1, 2, 3, 4, 5, 6, 7, 8, 9, 10, 11, 12, 13, 14, 15, 16, 17, 18, 19] at time 1357.
2025-04-25 03:10:10,337 asyncbase.py iterate [line:73] INFO Receive new models from clients [6, 18, 17, 14] at time 1369
2025-04-25 03:10:10,337 asyncbase.py iterate [line:73] INFO Receive new models from clients [11, 15, 13, 10, 4, 5, 7, 0, 1, 2] at time 1370
2025-04-25 03:10:10,337 asyncbase.py iterate [line:73] INFO Receive new models from clients [9, 19, 12, 3, 16] at time 1371
2025-04-25 03:10:10,338 asyncbase.py iterate [line:73] INFO Receive new models from clients [8] at time 1372
2025-04-25 03:10:10,393 fedbase.py run [line:318] INFO --------------Round 90--------------
2025-04-25 03:10:10,393 simple_logger.py log_once [line:14] INFO Current_time:1372
2025-04-25 03:10:12,406 simple_logger.py log_once [line:28] INFO test_accuracy                 0.9825
2025-04-25 03:10:12,406 simple_logger.py log_once [line:28] INFO test_loss                     0.0566
2025-04-25 03:10:12,406 simple_logger.py log_once [line:28] INFO val_accuracy                  0.9793
2025-04-25 03:10:12,406 simple_logger.py log_once [line:28] INFO mean_val_accuracy             0.9793
2025-04-25 03:10:12,406 simple_logger.py log_once [line:28] INFO std_val_accuracy              0.0076
2025-04-25 03:10:12,407 simple_logger.py log_once [line:28] INFO val_loss                      0.0704
2025-04-25 03:10:12,407 simple_logger.py log_once [line:28] INFO mean_val_loss                 0.0704
2025-04-25 03:10:12,407 simple_logger.py log_once [line:28] INFO std_val_loss                  0.0208
2025-04-25 03:10:12,407 fedbase.py run [line:323] INFO expense           27024630.0
2025-04-25 03:10:12,407 fedbase.py run [line:324] INFO Eval Time Cost:               2.0140s
2025-04-25 03:10:12,407 asyncbase.py iterate [line:68] INFO Select clients [0, 1, 2, 3, 4, 5, 6, 7, 8, 9, 10, 11, 12, 13, 14, 15, 16, 17, 18, 19] at time 1373.
2025-04-25 03:10:23,776 asyncbase.py iterate [line:73] INFO Receive new models from clients [15, 3, 7, 14] at time 1385
2025-04-25 03:10:23,776 asyncbase.py iterate [line:73] INFO Receive new models from clients [17, 8, 6, 4, 18, 1, 10, 9, 12, 19, 0] at time 1386
2025-04-25 03:10:23,777 asyncbase.py iterate [line:73] INFO Receive new models from clients [2, 11, 5, 16, 13] at time 1387
2025-04-25 03:10:23,830 fedbase.py run [line:318] INFO --------------Round 91--------------
2025-04-25 03:10:23,830 simple_logger.py log_once [line:14] INFO Current_time:1387
2025-04-25 03:10:25,815 simple_logger.py log_once [line:28] INFO test_accuracy                 0.9828
2025-04-25 03:10:25,815 simple_logger.py log_once [line:28] INFO test_loss                     0.0563
2025-04-25 03:10:25,815 simple_logger.py log_once [line:28] INFO val_accuracy                  0.9792
2025-04-25 03:10:25,815 simple_logger.py log_once [line:28] INFO mean_val_accuracy             0.9792
2025-04-25 03:10:25,815 simple_logger.py log_once [line:28] INFO std_val_accuracy              0.0078
2025-04-25 03:10:25,815 simple_logger.py log_once [line:28] INFO val_loss                      0.0697
2025-04-25 03:10:25,816 simple_logger.py log_once [line:28] INFO mean_val_loss                 0.0697
2025-04-25 03:10:25,816 simple_logger.py log_once [line:28] INFO std_val_loss                  0.0213
2025-04-25 03:10:25,816 fedbase.py run [line:323] INFO expense           27048470.0
2025-04-25 03:10:25,816 fedbase.py run [line:324] INFO Eval Time Cost:               1.9856s
2025-04-25 03:10:25,816 asyncbase.py iterate [line:68] INFO Select clients [0, 1, 2, 3, 4, 5, 6, 7, 8, 9, 10, 11, 12, 13, 14, 15, 16, 17, 18, 19] at time 1388.
2025-04-25 03:10:36,951 asyncbase.py iterate [line:73] INFO Receive new models from clients [1, 17, 18] at time 1400
2025-04-25 03:10:36,951 asyncbase.py iterate [line:73] INFO Receive new models from clients [13, 3, 12, 11, 14, 8, 5, 16] at time 1401
2025-04-25 03:10:36,952 asyncbase.py iterate [line:73] INFO Receive new models from clients [0, 4, 6, 9, 15, 19, 10, 2] at time 1402
2025-04-25 03:10:36,952 asyncbase.py iterate [line:73] INFO Receive new models from clients [7] at time 1403
2025-04-25 03:10:37,005 fedbase.py run [line:318] INFO --------------Round 92--------------
2025-04-25 03:10:37,005 simple_logger.py log_once [line:14] INFO Current_time:1403
2025-04-25 03:10:39,038 simple_logger.py log_once [line:28] INFO test_accuracy                 0.9831
2025-04-25 03:10:39,039 simple_logger.py log_once [line:28] INFO test_loss                     0.0553
2025-04-25 03:10:39,039 simple_logger.py log_once [line:28] INFO val_accuracy                  0.9792
2025-04-25 03:10:39,039 simple_logger.py log_once [line:28] INFO mean_val_accuracy             0.9792
2025-04-25 03:10:39,039 simple_logger.py log_once [line:28] INFO std_val_accuracy              0.0075
2025-04-25 03:10:39,039 simple_logger.py log_once [line:28] INFO val_loss                      0.0700
2025-04-25 03:10:39,039 simple_logger.py log_once [line:28] INFO mean_val_loss                 0.0700
2025-04-25 03:10:39,039 simple_logger.py log_once [line:28] INFO std_val_loss                  0.0218
2025-04-25 03:10:39,039 fedbase.py run [line:323] INFO expense           27072310.0
2025-04-25 03:10:39,039 fedbase.py run [line:324] INFO Eval Time Cost:               2.0344s
2025-04-25 03:10:39,039 asyncbase.py iterate [line:68] INFO Select clients [0, 1, 2, 3, 4, 5, 6, 7, 8, 9, 10, 11, 12, 13, 14, 15, 16, 17, 18, 19] at time 1404.
2025-04-25 03:10:50,513 asyncbase.py iterate [line:73] INFO Receive new models from clients [3, 6] at time 1416
2025-04-25 03:10:50,513 asyncbase.py iterate [line:73] INFO Receive new models from clients [4, 17, 11, 19, 5, 13, 16] at time 1417
2025-04-25 03:10:50,514 asyncbase.py iterate [line:73] INFO Receive new models from clients [2, 1, 15, 10, 9, 7, 8, 0] at time 1418
2025-04-25 03:10:50,514 asyncbase.py iterate [line:73] INFO Receive new models from clients [18, 14, 12] at time 1419
2025-04-25 03:10:50,568 fedbase.py run [line:318] INFO --------------Round 93--------------
2025-04-25 03:10:50,568 simple_logger.py log_once [line:14] INFO Current_time:1419
2025-04-25 03:10:52,565 simple_logger.py log_once [line:28] INFO test_accuracy                 0.9828
2025-04-25 03:10:52,565 simple_logger.py log_once [line:28] INFO test_loss                     0.0555
2025-04-25 03:10:52,565 simple_logger.py log_once [line:28] INFO val_accuracy                  0.9800
2025-04-25 03:10:52,565 simple_logger.py log_once [line:28] INFO mean_val_accuracy             0.9800
2025-04-25 03:10:52,565 simple_logger.py log_once [line:28] INFO std_val_accuracy              0.0071
2025-04-25 03:10:52,565 simple_logger.py log_once [line:28] INFO val_loss                      0.0687
2025-04-25 03:10:52,565 simple_logger.py log_once [line:28] INFO mean_val_loss                 0.0687
2025-04-25 03:10:52,565 simple_logger.py log_once [line:28] INFO std_val_loss                  0.0217
2025-04-25 03:10:52,565 fedbase.py run [line:323] INFO expense           27096150.0
2025-04-25 03:10:52,565 fedbase.py run [line:324] INFO Eval Time Cost:               1.9974s
2025-04-25 03:10:52,566 asyncbase.py iterate [line:68] INFO Select clients [0, 1, 2, 3, 4, 5, 6, 7, 8, 9, 10, 11, 12, 13, 14, 15, 16, 17, 18, 19] at time 1420.
2025-04-25 03:11:04,954 asyncbase.py iterate [line:73] INFO Receive new models from clients [2, 6, 13, 19] at time 1432
2025-04-25 03:11:04,954 asyncbase.py iterate [line:73] INFO Receive new models from clients [8, 12, 15, 5, 10, 18] at time 1433
2025-04-25 03:11:04,955 asyncbase.py iterate [line:73] INFO Receive new models from clients [4, 11, 9, 3, 16, 14, 17, 0] at time 1434
2025-04-25 03:11:04,955 asyncbase.py iterate [line:73] INFO Receive new models from clients [1, 7] at time 1435
2025-04-25 03:11:05,008 fedbase.py run [line:318] INFO --------------Round 94--------------
2025-04-25 03:11:05,008 simple_logger.py log_once [line:14] INFO Current_time:1435
2025-04-25 03:11:07,016 simple_logger.py log_once [line:28] INFO test_accuracy                 0.9828
2025-04-25 03:11:07,016 simple_logger.py log_once [line:28] INFO test_loss                     0.0554
2025-04-25 03:11:07,016 simple_logger.py log_once [line:28] INFO val_accuracy                  0.9802
2025-04-25 03:11:07,016 simple_logger.py log_once [line:28] INFO mean_val_accuracy             0.9802
2025-04-25 03:11:07,016 simple_logger.py log_once [line:28] INFO std_val_accuracy              0.0073
2025-04-25 03:11:07,016 simple_logger.py log_once [line:28] INFO val_loss                      0.0690
2025-04-25 03:11:07,016 simple_logger.py log_once [line:28] INFO mean_val_loss                 0.0690
2025-04-25 03:11:07,016 simple_logger.py log_once [line:28] INFO std_val_loss                  0.0222
2025-04-25 03:11:07,016 fedbase.py run [line:323] INFO expense           27119990.0
2025-04-25 03:11:07,017 fedbase.py run [line:324] INFO Eval Time Cost:               2.0085s
2025-04-25 03:11:07,017 asyncbase.py iterate [line:68] INFO Select clients [0, 1, 2, 3, 4, 5, 6, 7, 8, 9, 10, 11, 12, 13, 14, 15, 16, 17, 18, 19] at time 1436.
2025-04-25 03:11:18,627 asyncbase.py iterate [line:73] INFO Receive new models from clients [18, 12, 4, 11] at time 1448
2025-04-25 03:11:18,628 asyncbase.py iterate [line:73] INFO Receive new models from clients [8, 19, 17, 3, 0, 13, 16, 10, 15, 2] at time 1449
2025-04-25 03:11:18,628 asyncbase.py iterate [line:73] INFO Receive new models from clients [1, 6, 7, 5, 14] at time 1450
2025-04-25 03:11:18,628 asyncbase.py iterate [line:73] INFO Receive new models from clients [9] at time 1451
2025-04-25 03:11:18,682 fedbase.py run [line:318] INFO --------------Round 95--------------
2025-04-25 03:11:18,682 simple_logger.py log_once [line:14] INFO Current_time:1451
2025-04-25 03:11:20,710 simple_logger.py log_once [line:28] INFO test_accuracy                 0.9820
2025-04-25 03:11:20,710 simple_logger.py log_once [line:28] INFO test_loss                     0.0543
2025-04-25 03:11:20,710 simple_logger.py log_once [line:28] INFO val_accuracy                  0.9807
2025-04-25 03:11:20,710 simple_logger.py log_once [line:28] INFO mean_val_accuracy             0.9807
2025-04-25 03:11:20,710 simple_logger.py log_once [line:28] INFO std_val_accuracy              0.0068
2025-04-25 03:11:20,710 simple_logger.py log_once [line:28] INFO val_loss                      0.0679
2025-04-25 03:11:20,710 simple_logger.py log_once [line:28] INFO mean_val_loss                 0.0679
2025-04-25 03:11:20,710 simple_logger.py log_once [line:28] INFO std_val_loss                  0.0217
2025-04-25 03:11:20,710 fedbase.py run [line:323] INFO expense           27143830.0
2025-04-25 03:11:20,710 fedbase.py run [line:324] INFO Eval Time Cost:               2.0285s
2025-04-25 03:11:20,710 asyncbase.py iterate [line:68] INFO Select clients [0, 1, 2, 3, 4, 5, 6, 7, 8, 9, 10, 11, 12, 13, 14, 15, 16, 17, 18, 19] at time 1452.
2025-04-25 03:11:33,662 asyncbase.py iterate [line:73] INFO Receive new models from clients [10, 14, 0, 16] at time 1464
2025-04-25 03:11:33,662 asyncbase.py iterate [line:73] INFO Receive new models from clients [3, 7, 2, 13, 19, 18] at time 1465
2025-04-25 03:11:33,662 asyncbase.py iterate [line:73] INFO Receive new models from clients [4, 15, 8, 6, 12, 9, 11, 5] at time 1466
2025-04-25 03:11:33,663 asyncbase.py iterate [line:73] INFO Receive new models from clients [17, 1] at time 1467
2025-04-25 03:11:33,716 fedbase.py run [line:318] INFO --------------Round 96--------------
2025-04-25 03:11:33,716 simple_logger.py log_once [line:14] INFO Current_time:1467
2025-04-25 03:11:35,803 simple_logger.py log_once [line:28] INFO test_accuracy                 0.9826
2025-04-25 03:11:35,804 simple_logger.py log_once [line:28] INFO test_loss                     0.0539
2025-04-25 03:11:35,804 simple_logger.py log_once [line:28] INFO val_accuracy                  0.9798
2025-04-25 03:11:35,804 simple_logger.py log_once [line:28] INFO mean_val_accuracy             0.9798
2025-04-25 03:11:35,804 simple_logger.py log_once [line:28] INFO std_val_accuracy              0.0065
2025-04-25 03:11:35,804 simple_logger.py log_once [line:28] INFO val_loss                      0.0686
2025-04-25 03:11:35,804 simple_logger.py log_once [line:28] INFO mean_val_loss                 0.0686
2025-04-25 03:11:35,804 simple_logger.py log_once [line:28] INFO std_val_loss                  0.0213
2025-04-25 03:11:35,804 fedbase.py run [line:323] INFO expense           27167670.0
2025-04-25 03:11:35,804 fedbase.py run [line:324] INFO Eval Time Cost:               2.0881s
2025-04-25 03:11:35,804 asyncbase.py iterate [line:68] INFO Select clients [0, 1, 2, 3, 4, 5, 6, 7, 8, 9, 10, 11, 12, 13, 14, 15, 16, 17, 18, 19] at time 1468.
2025-04-25 03:11:47,020 asyncbase.py iterate [line:73] INFO Receive new models from clients [18, 12] at time 1480
2025-04-25 03:11:47,021 asyncbase.py iterate [line:73] INFO Receive new models from clients [16, 10, 11, 19, 9, 15, 13, 0, 14] at time 1481
2025-04-25 03:11:47,021 asyncbase.py iterate [line:73] INFO Receive new models from clients [6, 3, 2, 5, 8] at time 1482
2025-04-25 03:11:47,021 asyncbase.py iterate [line:73] INFO Receive new models from clients [1, 4, 17, 7] at time 1483
2025-04-25 03:11:47,075 fedbase.py run [line:318] INFO --------------Round 97--------------
2025-04-25 03:11:47,075 simple_logger.py log_once [line:14] INFO Current_time:1483
2025-04-25 03:11:49,067 simple_logger.py log_once [line:28] INFO test_accuracy                 0.9831
2025-04-25 03:11:49,067 simple_logger.py log_once [line:28] INFO test_loss                     0.0546
2025-04-25 03:11:49,067 simple_logger.py log_once [line:28] INFO val_accuracy                  0.9795
2025-04-25 03:11:49,067 simple_logger.py log_once [line:28] INFO mean_val_accuracy             0.9795
2025-04-25 03:11:49,067 simple_logger.py log_once [line:28] INFO std_val_accuracy              0.0073
2025-04-25 03:11:49,067 simple_logger.py log_once [line:28] INFO val_loss                      0.0679
2025-04-25 03:11:49,067 simple_logger.py log_once [line:28] INFO mean_val_loss                 0.0679
2025-04-25 03:11:49,067 simple_logger.py log_once [line:28] INFO std_val_loss                  0.0215
2025-04-25 03:11:49,068 fedbase.py run [line:323] INFO expense           27191510.0
2025-04-25 03:11:49,068 fedbase.py run [line:324] INFO Eval Time Cost:               1.9926s
2025-04-25 03:11:49,068 asyncbase.py iterate [line:68] INFO Select clients [0, 1, 2, 3, 4, 5, 6, 7, 8, 9, 10, 11, 12, 13, 14, 15, 16, 17, 18, 19] at time 1484.
2025-04-25 03:12:01,968 asyncbase.py iterate [line:73] INFO Receive new models from clients [11, 7, 2] at time 1496
2025-04-25 03:12:01,968 asyncbase.py iterate [line:73] INFO Receive new models from clients [0, 16, 14, 1, 5, 19, 17, 3] at time 1497
2025-04-25 03:12:01,968 asyncbase.py iterate [line:73] INFO Receive new models from clients [10, 8, 12, 4, 15, 13, 9] at time 1498
2025-04-25 03:12:01,969 asyncbase.py iterate [line:73] INFO Receive new models from clients [18, 6] at time 1499
2025-04-25 03:12:02,046 fedbase.py run [line:318] INFO --------------Round 98--------------
2025-04-25 03:12:02,047 simple_logger.py log_once [line:14] INFO Current_time:1499
2025-04-25 03:12:04,343 simple_logger.py log_once [line:28] INFO test_accuracy                 0.9831
2025-04-25 03:12:04,343 simple_logger.py log_once [line:28] INFO test_loss                     0.0532
2025-04-25 03:12:04,344 simple_logger.py log_once [line:28] INFO val_accuracy                  0.9797
2025-04-25 03:12:04,344 simple_logger.py log_once [line:28] INFO mean_val_accuracy             0.9797
2025-04-25 03:12:04,344 simple_logger.py log_once [line:28] INFO std_val_accuracy              0.0073
2025-04-25 03:12:04,344 simple_logger.py log_once [line:28] INFO val_loss                      0.0676
2025-04-25 03:12:04,344 simple_logger.py log_once [line:28] INFO mean_val_loss                 0.0676
2025-04-25 03:12:04,344 simple_logger.py log_once [line:28] INFO std_val_loss                  0.0212
2025-04-25 03:12:04,344 fedbase.py run [line:323] INFO expense           27215350.0
2025-04-25 03:12:04,344 fedbase.py run [line:324] INFO Eval Time Cost:               2.2974s
2025-04-25 03:12:04,344 asyncbase.py iterate [line:68] INFO Select clients [0, 1, 2, 3, 4, 5, 6, 7, 8, 9, 10, 11, 12, 13, 14, 15, 16, 17, 18, 19] at time 1500.
2025-04-25 03:12:16,018 asyncbase.py iterate [line:73] INFO Receive new models from clients [13, 14] at time 1512
2025-04-25 03:12:16,018 asyncbase.py iterate [line:73] INFO Receive new models from clients [4, 3, 10, 6, 8, 19, 2, 5, 15] at time 1513
2025-04-25 03:12:16,018 asyncbase.py iterate [line:73] INFO Receive new models from clients [9, 17, 0, 12, 16, 11, 18, 7, 1] at time 1514
2025-04-25 03:12:16,071 fedbase.py run [line:318] INFO --------------Round 99--------------
2025-04-25 03:12:16,071 simple_logger.py log_once [line:14] INFO Current_time:1514
2025-04-25 03:12:18,082 simple_logger.py log_once [line:28] INFO test_accuracy                 0.9823
2025-04-25 03:12:18,083 simple_logger.py log_once [line:28] INFO test_loss                     0.0536
2025-04-25 03:12:18,083 simple_logger.py log_once [line:28] INFO val_accuracy                  0.9805
2025-04-25 03:12:18,083 simple_logger.py log_once [line:28] INFO mean_val_accuracy             0.9805
2025-04-25 03:12:18,083 simple_logger.py log_once [line:28] INFO std_val_accuracy              0.0069
2025-04-25 03:12:18,083 simple_logger.py log_once [line:28] INFO val_loss                      0.0675
2025-04-25 03:12:18,083 simple_logger.py log_once [line:28] INFO mean_val_loss                 0.0675
2025-04-25 03:12:18,083 simple_logger.py log_once [line:28] INFO std_val_loss                  0.0214
2025-04-25 03:12:18,083 fedbase.py run [line:323] INFO expense           27239190.0
2025-04-25 03:12:18,083 fedbase.py run [line:324] INFO Eval Time Cost:               2.0120s
2025-04-25 03:12:18,083 asyncbase.py iterate [line:68] INFO Select clients [0, 1, 2, 3, 4, 5, 6, 7, 8, 9, 10, 11, 12, 13, 14, 15, 16, 17, 18, 19] at time 1515.
2025-04-25 03:12:29,752 asyncbase.py iterate [line:73] INFO Receive new models from clients [0, 19, 6, 5, 15, 4] at time 1527
2025-04-25 03:12:29,752 asyncbase.py iterate [line:73] INFO Receive new models from clients [3, 7, 9, 14, 17] at time 1528
2025-04-25 03:12:29,752 asyncbase.py iterate [line:73] INFO Receive new models from clients [11, 10, 2, 16, 12, 8, 18] at time 1529
2025-04-25 03:12:29,753 asyncbase.py iterate [line:73] INFO Receive new models from clients [1, 13] at time 1530
2025-04-25 03:12:29,805 fedbase.py run [line:318] INFO --------------Round 100--------------
2025-04-25 03:12:29,805 simple_logger.py log_once [line:14] INFO Current_time:1530
2025-04-25 03:12:31,846 simple_logger.py log_once [line:28] INFO test_accuracy                 0.9829
2025-04-25 03:12:31,847 simple_logger.py log_once [line:28] INFO test_loss                     0.0525
2025-04-25 03:12:31,847 simple_logger.py log_once [line:28] INFO val_accuracy                  0.9802
2025-04-25 03:12:31,847 simple_logger.py log_once [line:28] INFO mean_val_accuracy             0.9802
2025-04-25 03:12:31,847 simple_logger.py log_once [line:28] INFO std_val_accuracy              0.0067
2025-04-25 03:12:31,847 simple_logger.py log_once [line:28] INFO val_loss                      0.0667
2025-04-25 03:12:31,847 simple_logger.py log_once [line:28] INFO mean_val_loss                 0.0667
2025-04-25 03:12:31,847 simple_logger.py log_once [line:28] INFO std_val_loss                  0.0215
2025-04-25 03:12:31,847 fedbase.py run [line:323] INFO expense           27263030.0
2025-04-25 03:12:31,847 fedbase.py run [line:324] INFO Eval Time Cost:               2.0419s
2025-04-25 03:12:31,847 asyncbase.py iterate [line:68] INFO Select clients [0, 1, 2, 3, 4, 5, 6, 7, 8, 9, 10, 11, 12, 13, 14, 15, 16, 17, 18, 19] at time 1531.
2025-04-25 03:12:43,373 asyncbase.py iterate [line:73] INFO Receive new models from clients [5] at time 1543
2025-04-25 03:12:43,374 asyncbase.py iterate [line:73] INFO Receive new models from clients [0, 10, 12, 18, 19, 9, 13, 3, 8] at time 1544
2025-04-25 03:12:43,374 asyncbase.py iterate [line:73] INFO Receive new models from clients [7, 2, 15, 16, 14, 6, 1, 4, 11, 17] at time 1545
2025-04-25 03:12:43,427 fedbase.py run [line:318] INFO --------------Round 101--------------
2025-04-25 03:12:43,427 simple_logger.py log_once [line:14] INFO Current_time:1545
2025-04-25 03:12:45,438 simple_logger.py log_once [line:28] INFO test_accuracy                 0.9831
2025-04-25 03:12:45,438 simple_logger.py log_once [line:28] INFO test_loss                     0.0535
2025-04-25 03:12:45,438 simple_logger.py log_once [line:28] INFO val_accuracy                  0.9812
2025-04-25 03:12:45,438 simple_logger.py log_once [line:28] INFO mean_val_accuracy             0.9812
2025-04-25 03:12:45,438 simple_logger.py log_once [line:28] INFO std_val_accuracy              0.0063
2025-04-25 03:12:45,438 simple_logger.py log_once [line:28] INFO val_loss                      0.0669
2025-04-25 03:12:45,438 simple_logger.py log_once [line:28] INFO mean_val_loss                 0.0669
2025-04-25 03:12:45,438 simple_logger.py log_once [line:28] INFO std_val_loss                  0.0210
2025-04-25 03:12:45,438 fedbase.py run [line:323] INFO expense           27286870.0
2025-04-25 03:12:45,438 fedbase.py run [line:324] INFO Eval Time Cost:               2.0111s
2025-04-25 03:12:45,439 asyncbase.py iterate [line:68] INFO Select clients [0, 1, 2, 3, 4, 5, 6, 7, 8, 9, 10, 11, 12, 13, 14, 15, 16, 17, 18, 19] at time 1546.
2025-04-25 03:12:57,326 asyncbase.py iterate [line:73] INFO Receive new models from clients [19] at time 1558
2025-04-25 03:12:57,326 asyncbase.py iterate [line:73] INFO Receive new models from clients [13, 18, 1, 15, 2, 3, 9, 5, 4, 17, 11] at time 1559
2025-04-25 03:12:57,326 asyncbase.py iterate [line:73] INFO Receive new models from clients [7, 14, 16, 0, 12, 10] at time 1560
2025-04-25 03:12:57,326 asyncbase.py iterate [line:73] INFO Receive new models from clients [6, 8] at time 1561
2025-04-25 03:12:57,379 fedbase.py run [line:318] INFO --------------Round 102--------------
2025-04-25 03:12:57,379 simple_logger.py log_once [line:14] INFO Current_time:1561
2025-04-25 03:12:59,388 simple_logger.py log_once [line:28] INFO test_accuracy                 0.9830
2025-04-25 03:12:59,388 simple_logger.py log_once [line:28] INFO test_loss                     0.0516
2025-04-25 03:12:59,388 simple_logger.py log_once [line:28] INFO val_accuracy                  0.9810
2025-04-25 03:12:59,388 simple_logger.py log_once [line:28] INFO mean_val_accuracy             0.9810
2025-04-25 03:12:59,388 simple_logger.py log_once [line:28] INFO std_val_accuracy              0.0062
2025-04-25 03:12:59,388 simple_logger.py log_once [line:28] INFO val_loss                      0.0661
2025-04-25 03:12:59,388 simple_logger.py log_once [line:28] INFO mean_val_loss                 0.0661
2025-04-25 03:12:59,388 simple_logger.py log_once [line:28] INFO std_val_loss                  0.0208
2025-04-25 03:12:59,388 fedbase.py run [line:323] INFO expense           27310710.0
2025-04-25 03:12:59,388 fedbase.py run [line:324] INFO Eval Time Cost:               2.0092s
2025-04-25 03:12:59,388 asyncbase.py iterate [line:68] INFO Select clients [0, 1, 2, 3, 4, 5, 6, 7, 8, 9, 10, 11, 12, 13, 14, 15, 16, 17, 18, 19] at time 1562.
2025-04-25 03:13:10,752 asyncbase.py iterate [line:73] INFO Receive new models from clients [0, 16, 12] at time 1574
2025-04-25 03:13:10,753 asyncbase.py iterate [line:73] INFO Receive new models from clients [18, 19, 3, 17, 10, 7, 14] at time 1575
2025-04-25 03:13:10,753 asyncbase.py iterate [line:73] INFO Receive new models from clients [2, 11, 8, 15, 6, 13, 4, 1, 5, 9] at time 1576
2025-04-25 03:13:10,805 fedbase.py run [line:318] INFO --------------Round 103--------------
2025-04-25 03:13:10,805 simple_logger.py log_once [line:14] INFO Current_time:1576
2025-04-25 03:13:12,824 simple_logger.py log_once [line:28] INFO test_accuracy                 0.9834
2025-04-25 03:13:12,824 simple_logger.py log_once [line:28] INFO test_loss                     0.0520
2025-04-25 03:13:12,824 simple_logger.py log_once [line:28] INFO val_accuracy                  0.9807
2025-04-25 03:13:12,824 simple_logger.py log_once [line:28] INFO mean_val_accuracy             0.9807
2025-04-25 03:13:12,824 simple_logger.py log_once [line:28] INFO std_val_accuracy              0.0070
2025-04-25 03:13:12,824 simple_logger.py log_once [line:28] INFO val_loss                      0.0660
2025-04-25 03:13:12,824 simple_logger.py log_once [line:28] INFO mean_val_loss                 0.0660
2025-04-25 03:13:12,824 simple_logger.py log_once [line:28] INFO std_val_loss                  0.0207
2025-04-25 03:13:12,824 fedbase.py run [line:323] INFO expense           27334550.0
2025-04-25 03:13:12,824 fedbase.py run [line:324] INFO Eval Time Cost:               2.0192s
2025-04-25 03:13:12,824 asyncbase.py iterate [line:68] INFO Select clients [0, 1, 2, 3, 4, 5, 6, 7, 8, 9, 10, 11, 12, 13, 14, 15, 16, 17, 18, 19] at time 1577.
2025-04-25 03:13:24,039 asyncbase.py iterate [line:73] INFO Receive new models from clients [11, 13, 9] at time 1589
2025-04-25 03:13:24,039 asyncbase.py iterate [line:73] INFO Receive new models from clients [6, 10, 3, 14, 7, 16, 1, 4, 0] at time 1590
2025-04-25 03:13:24,039 asyncbase.py iterate [line:73] INFO Receive new models from clients [17, 2] at time 1591
2025-04-25 03:13:24,039 asyncbase.py iterate [line:73] INFO Receive new models from clients [12, 8, 18, 19, 5, 15] at time 1592
2025-04-25 03:13:24,093 fedbase.py run [line:318] INFO --------------Round 104--------------
2025-04-25 03:13:24,093 simple_logger.py log_once [line:14] INFO Current_time:1592
2025-04-25 03:13:26,113 simple_logger.py log_once [line:28] INFO test_accuracy                 0.9835
2025-04-25 03:13:26,113 simple_logger.py log_once [line:28] INFO test_loss                     0.0515
2025-04-25 03:13:26,113 simple_logger.py log_once [line:28] INFO val_accuracy                  0.9802
2025-04-25 03:13:26,113 simple_logger.py log_once [line:28] INFO mean_val_accuracy             0.9802
2025-04-25 03:13:26,113 simple_logger.py log_once [line:28] INFO std_val_accuracy              0.0071
2025-04-25 03:13:26,113 simple_logger.py log_once [line:28] INFO val_loss                      0.0662
2025-04-25 03:13:26,113 simple_logger.py log_once [line:28] INFO mean_val_loss                 0.0662
2025-04-25 03:13:26,113 simple_logger.py log_once [line:28] INFO std_val_loss                  0.0206
2025-04-25 03:13:26,113 fedbase.py run [line:323] INFO expense           27358390.0
2025-04-25 03:13:26,113 fedbase.py run [line:324] INFO Eval Time Cost:               2.0204s
2025-04-25 03:13:26,113 asyncbase.py iterate [line:68] INFO Select clients [0, 1, 2, 3, 4, 5, 6, 7, 8, 9, 10, 11, 12, 13, 14, 15, 16, 17, 18, 19] at time 1593.
2025-04-25 03:13:37,936 asyncbase.py iterate [line:73] INFO Receive new models from clients [17, 11] at time 1605
2025-04-25 03:13:37,937 asyncbase.py iterate [line:73] INFO Receive new models from clients [2, 10, 13, 5, 19, 0, 15] at time 1606
2025-04-25 03:13:37,937 asyncbase.py iterate [line:73] INFO Receive new models from clients [7, 1, 16, 6, 4, 3, 12, 18, 14, 9] at time 1607
2025-04-25 03:13:37,937 asyncbase.py iterate [line:73] INFO Receive new models from clients [8] at time 1608
2025-04-25 03:13:37,989 fedbase.py run [line:318] INFO --------------Round 105--------------
2025-04-25 03:13:37,989 simple_logger.py log_once [line:14] INFO Current_time:1608
2025-04-25 03:13:39,984 simple_logger.py log_once [line:28] INFO test_accuracy                 0.9831
2025-04-25 03:13:39,984 simple_logger.py log_once [line:28] INFO test_loss                     0.0511
2025-04-25 03:13:39,984 simple_logger.py log_once [line:28] INFO val_accuracy                  0.9808
2025-04-25 03:13:39,984 simple_logger.py log_once [line:28] INFO mean_val_accuracy             0.9808
2025-04-25 03:13:39,984 simple_logger.py log_once [line:28] INFO std_val_accuracy              0.0065
2025-04-25 03:13:39,984 simple_logger.py log_once [line:28] INFO val_loss                      0.0656
2025-04-25 03:13:39,984 simple_logger.py log_once [line:28] INFO mean_val_loss                 0.0656
2025-04-25 03:13:39,984 simple_logger.py log_once [line:28] INFO std_val_loss                  0.0205
2025-04-25 03:13:39,984 fedbase.py run [line:323] INFO expense           27382230.0
2025-04-25 03:13:39,984 fedbase.py run [line:324] INFO Eval Time Cost:               1.9952s
2025-04-25 03:13:39,985 asyncbase.py iterate [line:68] INFO Select clients [0, 1, 2, 3, 4, 5, 6, 7, 8, 9, 10, 11, 12, 13, 14, 15, 16, 17, 18, 19] at time 1609.
2025-04-25 03:13:51,143 asyncbase.py iterate [line:73] INFO Receive new models from clients [6, 7] at time 1621
2025-04-25 03:13:51,143 asyncbase.py iterate [line:73] INFO Receive new models from clients [2, 13, 1, 8, 19, 5, 14] at time 1622
2025-04-25 03:13:51,143 asyncbase.py iterate [line:73] INFO Receive new models from clients [10, 18, 12, 9, 0, 16, 17, 3] at time 1623
2025-04-25 03:13:51,143 asyncbase.py iterate [line:73] INFO Receive new models from clients [11, 15, 4] at time 1624
2025-04-25 03:13:51,197 fedbase.py run [line:318] INFO --------------Round 106--------------
2025-04-25 03:13:51,197 simple_logger.py log_once [line:14] INFO Current_time:1624
2025-04-25 03:13:53,272 simple_logger.py log_once [line:28] INFO test_accuracy                 0.9827
2025-04-25 03:13:53,272 simple_logger.py log_once [line:28] INFO test_loss                     0.0508
2025-04-25 03:13:53,272 simple_logger.py log_once [line:28] INFO val_accuracy                  0.9803
2025-04-25 03:13:53,272 simple_logger.py log_once [line:28] INFO mean_val_accuracy             0.9803
2025-04-25 03:13:53,272 simple_logger.py log_once [line:28] INFO std_val_accuracy              0.0063
2025-04-25 03:13:53,273 simple_logger.py log_once [line:28] INFO val_loss                      0.0659
2025-04-25 03:13:53,273 simple_logger.py log_once [line:28] INFO mean_val_loss                 0.0659
2025-04-25 03:13:53,273 simple_logger.py log_once [line:28] INFO std_val_loss                  0.0209
2025-04-25 03:13:53,273 fedbase.py run [line:323] INFO expense           27406070.0
2025-04-25 03:13:53,273 fedbase.py run [line:324] INFO Eval Time Cost:               2.0761s
2025-04-25 03:13:53,273 asyncbase.py iterate [line:68] INFO Select clients [0, 1, 2, 3, 4, 5, 6, 7, 8, 9, 10, 11, 12, 13, 14, 15, 16, 17, 18, 19] at time 1625.
2025-04-25 03:14:04,848 asyncbase.py iterate [line:73] INFO Receive new models from clients [16] at time 1637
2025-04-25 03:14:04,849 asyncbase.py iterate [line:73] INFO Receive new models from clients [0, 15, 3, 7, 6, 18, 13, 10, 11, 12] at time 1638
2025-04-25 03:14:04,849 asyncbase.py iterate [line:73] INFO Receive new models from clients [14, 17, 9, 2, 8, 4, 19, 1, 5] at time 1639
2025-04-25 03:14:04,903 fedbase.py run [line:318] INFO --------------Round 107--------------
2025-04-25 03:14:04,903 simple_logger.py log_once [line:14] INFO Current_time:1639
2025-04-25 03:14:07,002 simple_logger.py log_once [line:28] INFO test_accuracy                 0.9829
2025-04-25 03:14:07,003 simple_logger.py log_once [line:28] INFO test_loss                     0.0505
2025-04-25 03:14:07,003 simple_logger.py log_once [line:28] INFO val_accuracy                  0.9808
2025-04-25 03:14:07,003 simple_logger.py log_once [line:28] INFO mean_val_accuracy             0.9808
2025-04-25 03:14:07,003 simple_logger.py log_once [line:28] INFO std_val_accuracy              0.0063
2025-04-25 03:14:07,003 simple_logger.py log_once [line:28] INFO val_loss                      0.0660
2025-04-25 03:14:07,003 simple_logger.py log_once [line:28] INFO mean_val_loss                 0.0660
2025-04-25 03:14:07,003 simple_logger.py log_once [line:28] INFO std_val_loss                  0.0210
2025-04-25 03:14:07,003 fedbase.py run [line:323] INFO expense           27429910.0
2025-04-25 03:14:07,003 fedbase.py run [line:324] INFO Eval Time Cost:               2.1001s
2025-04-25 03:14:07,003 asyncbase.py iterate [line:68] INFO Select clients [0, 1, 2, 3, 4, 5, 6, 7, 8, 9, 10, 11, 12, 13, 14, 15, 16, 17, 18, 19] at time 1640.
2025-04-25 03:14:19,884 asyncbase.py iterate [line:73] INFO Receive new models from clients [6, 12, 5] at time 1652
2025-04-25 03:14:19,885 asyncbase.py iterate [line:73] INFO Receive new models from clients [8, 13, 14, 19, 3, 0, 11, 4, 18] at time 1653
2025-04-25 03:14:19,885 asyncbase.py iterate [line:73] INFO Receive new models from clients [16, 15, 7, 1, 9, 2] at time 1654
2025-04-25 03:14:19,885 asyncbase.py iterate [line:73] INFO Receive new models from clients [10, 17] at time 1655
2025-04-25 03:14:19,939 fedbase.py run [line:318] INFO --------------Round 108--------------
2025-04-25 03:14:19,939 simple_logger.py log_once [line:14] INFO Current_time:1655
2025-04-25 03:14:21,948 simple_logger.py log_once [line:28] INFO test_accuracy                 0.9834
2025-04-25 03:14:21,948 simple_logger.py log_once [line:28] INFO test_loss                     0.0509
2025-04-25 03:14:21,948 simple_logger.py log_once [line:28] INFO val_accuracy                  0.9820
2025-04-25 03:14:21,948 simple_logger.py log_once [line:28] INFO mean_val_accuracy             0.9820
2025-04-25 03:14:21,948 simple_logger.py log_once [line:28] INFO std_val_accuracy              0.0054
2025-04-25 03:14:21,948 simple_logger.py log_once [line:28] INFO val_loss                      0.0644
2025-04-25 03:14:21,948 simple_logger.py log_once [line:28] INFO mean_val_loss                 0.0644
2025-04-25 03:14:21,948 simple_logger.py log_once [line:28] INFO std_val_loss                  0.0206
2025-04-25 03:14:21,948 fedbase.py run [line:323] INFO expense           27453750.0
2025-04-25 03:14:21,948 fedbase.py run [line:324] INFO Eval Time Cost:               2.0094s
2025-04-25 03:14:21,948 asyncbase.py iterate [line:68] INFO Select clients [0, 1, 2, 3, 4, 5, 6, 7, 8, 9, 10, 11, 12, 13, 14, 15, 16, 17, 18, 19] at time 1656.
2025-04-25 03:14:34,072 asyncbase.py iterate [line:73] INFO Receive new models from clients [19] at time 1668
2025-04-25 03:14:34,072 asyncbase.py iterate [line:73] INFO Receive new models from clients [18, 4, 15, 1, 0, 12, 6, 16, 5, 9, 8] at time 1669
2025-04-25 03:14:34,073 asyncbase.py iterate [line:73] INFO Receive new models from clients [17, 2, 10, 3, 13, 7, 14] at time 1670
2025-04-25 03:14:34,073 asyncbase.py iterate [line:73] INFO Receive new models from clients [11] at time 1671
2025-04-25 03:14:34,127 fedbase.py run [line:318] INFO --------------Round 109--------------
2025-04-25 03:14:34,128 simple_logger.py log_once [line:14] INFO Current_time:1671
2025-04-25 03:14:36,154 simple_logger.py log_once [line:28] INFO test_accuracy                 0.9834
2025-04-25 03:14:36,154 simple_logger.py log_once [line:28] INFO test_loss                     0.0499
2025-04-25 03:14:36,154 simple_logger.py log_once [line:28] INFO val_accuracy                  0.9813
2025-04-25 03:14:36,154 simple_logger.py log_once [line:28] INFO mean_val_accuracy             0.9813
2025-04-25 03:14:36,154 simple_logger.py log_once [line:28] INFO std_val_accuracy              0.0062
2025-04-25 03:14:36,154 simple_logger.py log_once [line:28] INFO val_loss                      0.0646
2025-04-25 03:14:36,154 simple_logger.py log_once [line:28] INFO mean_val_loss                 0.0646
2025-04-25 03:14:36,154 simple_logger.py log_once [line:28] INFO std_val_loss                  0.0211
2025-04-25 03:14:36,154 fedbase.py run [line:323] INFO expense           27477590.0
2025-04-25 03:14:36,154 fedbase.py run [line:324] INFO Eval Time Cost:               2.0266s
2025-04-25 03:14:36,154 asyncbase.py iterate [line:68] INFO Select clients [0, 1, 2, 3, 4, 5, 6, 7, 8, 9, 10, 11, 12, 13, 14, 15, 16, 17, 18, 19] at time 1672.
2025-04-25 03:14:47,765 asyncbase.py iterate [line:73] INFO Receive new models from clients [6, 16] at time 1684
2025-04-25 03:14:47,765 asyncbase.py iterate [line:73] INFO Receive new models from clients [12, 14, 1, 19, 9, 4, 0, 8, 15, 7, 3] at time 1685
2025-04-25 03:14:47,766 asyncbase.py iterate [line:73] INFO Receive new models from clients [10, 2, 5, 17, 18, 11] at time 1686
2025-04-25 03:14:47,766 asyncbase.py iterate [line:73] INFO Receive new models from clients [13] at time 1687
2025-04-25 03:14:47,821 fedbase.py run [line:318] INFO --------------Round 110--------------
2025-04-25 03:14:47,822 simple_logger.py log_once [line:14] INFO Current_time:1687
2025-04-25 03:14:49,828 simple_logger.py log_once [line:28] INFO test_accuracy                 0.9834
2025-04-25 03:14:49,828 simple_logger.py log_once [line:28] INFO test_loss                     0.0498
2025-04-25 03:14:49,828 simple_logger.py log_once [line:28] INFO val_accuracy                  0.9820
2025-04-25 03:14:49,828 simple_logger.py log_once [line:28] INFO mean_val_accuracy             0.9820
2025-04-25 03:14:49,828 simple_logger.py log_once [line:28] INFO std_val_accuracy              0.0059
2025-04-25 03:14:49,829 simple_logger.py log_once [line:28] INFO val_loss                      0.0644
2025-04-25 03:14:49,829 simple_logger.py log_once [line:28] INFO mean_val_loss                 0.0644
2025-04-25 03:14:49,829 simple_logger.py log_once [line:28] INFO std_val_loss                  0.0209
2025-04-25 03:14:49,829 fedbase.py run [line:323] INFO expense           27501430.0
2025-04-25 03:14:49,829 fedbase.py run [line:324] INFO Eval Time Cost:               2.0071s
2025-04-25 03:14:49,829 asyncbase.py iterate [line:68] INFO Select clients [0, 1, 2, 3, 4, 5, 6, 7, 8, 9, 10, 11, 12, 13, 14, 15, 16, 17, 18, 19] at time 1688.
2025-04-25 03:15:00,906 asyncbase.py iterate [line:73] INFO Receive new models from clients [19, 18, 12, 2, 14] at time 1700
2025-04-25 03:15:00,906 asyncbase.py iterate [line:73] INFO Receive new models from clients [5, 17, 6, 10, 3] at time 1701
2025-04-25 03:15:00,906 asyncbase.py iterate [line:73] INFO Receive new models from clients [9, 7, 1, 0, 13, 15, 11, 8] at time 1702
2025-04-25 03:15:00,907 asyncbase.py iterate [line:73] INFO Receive new models from clients [4, 16] at time 1703
2025-04-25 03:15:00,961 fedbase.py run [line:318] INFO --------------Round 111--------------
2025-04-25 03:15:00,961 simple_logger.py log_once [line:14] INFO Current_time:1703
2025-04-25 03:15:02,976 simple_logger.py log_once [line:28] INFO test_accuracy                 0.9833
2025-04-25 03:15:02,976 simple_logger.py log_once [line:28] INFO test_loss                     0.0507
2025-04-25 03:15:02,976 simple_logger.py log_once [line:28] INFO val_accuracy                  0.9808
2025-04-25 03:15:02,976 simple_logger.py log_once [line:28] INFO mean_val_accuracy             0.9808
2025-04-25 03:15:02,976 simple_logger.py log_once [line:28] INFO std_val_accuracy              0.0064
2025-04-25 03:15:02,976 simple_logger.py log_once [line:28] INFO val_loss                      0.0647
2025-04-25 03:15:02,976 simple_logger.py log_once [line:28] INFO mean_val_loss                 0.0647
2025-04-25 03:15:02,976 simple_logger.py log_once [line:28] INFO std_val_loss                  0.0214
2025-04-25 03:15:02,976 fedbase.py run [line:323] INFO expense           27525270.0
2025-04-25 03:15:02,976 fedbase.py run [line:324] INFO Eval Time Cost:               2.0156s
2025-04-25 03:15:02,977 asyncbase.py iterate [line:68] INFO Select clients [0, 1, 2, 3, 4, 5, 6, 7, 8, 9, 10, 11, 12, 13, 14, 15, 16, 17, 18, 19] at time 1704.
2025-04-25 03:15:14,077 asyncbase.py iterate [line:73] INFO Receive new models from clients [11] at time 1716
2025-04-25 03:15:14,077 asyncbase.py iterate [line:73] INFO Receive new models from clients [19, 15, 10, 17, 1, 3, 9] at time 1717
2025-04-25 03:15:14,077 asyncbase.py iterate [line:73] INFO Receive new models from clients [4, 13, 18, 12, 2, 5, 6, 0, 16, 7] at time 1718
2025-04-25 03:15:14,077 asyncbase.py iterate [line:73] INFO Receive new models from clients [8, 14] at time 1719
2025-04-25 03:15:14,130 fedbase.py run [line:318] INFO --------------Round 112--------------
2025-04-25 03:15:14,130 simple_logger.py log_once [line:14] INFO Current_time:1719
2025-04-25 03:15:16,134 simple_logger.py log_once [line:28] INFO test_accuracy                 0.9840
2025-04-25 03:15:16,134 simple_logger.py log_once [line:28] INFO test_loss                     0.0493
2025-04-25 03:15:16,134 simple_logger.py log_once [line:28] INFO val_accuracy                  0.9813
2025-04-25 03:15:16,134 simple_logger.py log_once [line:28] INFO mean_val_accuracy             0.9813
2025-04-25 03:15:16,134 simple_logger.py log_once [line:28] INFO std_val_accuracy              0.0058
2025-04-25 03:15:16,134 simple_logger.py log_once [line:28] INFO val_loss                      0.0646
2025-04-25 03:15:16,134 simple_logger.py log_once [line:28] INFO mean_val_loss                 0.0646
2025-04-25 03:15:16,134 simple_logger.py log_once [line:28] INFO std_val_loss                  0.0207
2025-04-25 03:15:16,134 fedbase.py run [line:323] INFO expense           27549110.0
2025-04-25 03:15:16,134 fedbase.py run [line:324] INFO Eval Time Cost:               2.0043s
2025-04-25 03:15:16,134 asyncbase.py iterate [line:68] INFO Select clients [0, 1, 2, 3, 4, 5, 6, 7, 8, 9, 10, 11, 12, 13, 14, 15, 16, 17, 18, 19] at time 1720.
2025-04-25 03:15:27,367 asyncbase.py iterate [line:73] INFO Receive new models from clients [13, 8, 9] at time 1732
2025-04-25 03:15:27,368 asyncbase.py iterate [line:73] INFO Receive new models from clients [1, 7, 19, 14, 11, 12, 4, 0, 17, 18] at time 1733
2025-04-25 03:15:27,368 asyncbase.py iterate [line:73] INFO Receive new models from clients [16, 10, 2, 6, 15, 3, 5] at time 1734
2025-04-25 03:15:27,421 fedbase.py run [line:318] INFO --------------Round 113--------------
2025-04-25 03:15:27,421 simple_logger.py log_once [line:14] INFO Current_time:1734
2025-04-25 03:15:29,439 simple_logger.py log_once [line:28] INFO test_accuracy                 0.9833
2025-04-25 03:15:29,439 simple_logger.py log_once [line:28] INFO test_loss                     0.0496
2025-04-25 03:15:29,439 simple_logger.py log_once [line:28] INFO val_accuracy                  0.9817
2025-04-25 03:15:29,439 simple_logger.py log_once [line:28] INFO mean_val_accuracy             0.9817
2025-04-25 03:15:29,439 simple_logger.py log_once [line:28] INFO std_val_accuracy              0.0055
2025-04-25 03:15:29,439 simple_logger.py log_once [line:28] INFO val_loss                      0.0636
2025-04-25 03:15:29,439 simple_logger.py log_once [line:28] INFO mean_val_loss                 0.0636
2025-04-25 03:15:29,439 simple_logger.py log_once [line:28] INFO std_val_loss                  0.0205
2025-04-25 03:15:29,440 fedbase.py run [line:323] INFO expense           27572950.0
2025-04-25 03:15:29,440 fedbase.py run [line:324] INFO Eval Time Cost:               2.0183s
2025-04-25 03:15:29,440 asyncbase.py iterate [line:68] INFO Select clients [0, 1, 2, 3, 4, 5, 6, 7, 8, 9, 10, 11, 12, 13, 14, 15, 16, 17, 18, 19] at time 1735.
2025-04-25 03:15:41,539 asyncbase.py iterate [line:73] INFO Receive new models from clients [10, 4, 19] at time 1747
2025-04-25 03:15:41,539 asyncbase.py iterate [line:73] INFO Receive new models from clients [13, 3, 14, 5, 11, 12, 1, 6, 0] at time 1748
2025-04-25 03:15:41,540 asyncbase.py iterate [line:73] INFO Receive new models from clients [7, 9, 8, 2, 16, 15] at time 1749
2025-04-25 03:15:41,540 asyncbase.py iterate [line:73] INFO Receive new models from clients [17, 18] at time 1750
2025-04-25 03:15:41,595 fedbase.py run [line:318] INFO --------------Round 114--------------
2025-04-25 03:15:41,595 simple_logger.py log_once [line:14] INFO Current_time:1750
2025-04-25 03:15:43,615 simple_logger.py log_once [line:28] INFO test_accuracy                 0.9834
2025-04-25 03:15:43,615 simple_logger.py log_once [line:28] INFO test_loss                     0.0496
2025-04-25 03:15:43,615 simple_logger.py log_once [line:28] INFO val_accuracy                  0.9823
2025-04-25 03:15:43,615 simple_logger.py log_once [line:28] INFO mean_val_accuracy             0.9823
2025-04-25 03:15:43,615 simple_logger.py log_once [line:28] INFO std_val_accuracy              0.0057
2025-04-25 03:15:43,615 simple_logger.py log_once [line:28] INFO val_loss                      0.0628
2025-04-25 03:15:43,615 simple_logger.py log_once [line:28] INFO mean_val_loss                 0.0628
2025-04-25 03:15:43,615 simple_logger.py log_once [line:28] INFO std_val_loss                  0.0204
2025-04-25 03:15:43,615 fedbase.py run [line:323] INFO expense           27596790.0
2025-04-25 03:15:43,616 fedbase.py run [line:324] INFO Eval Time Cost:               2.0208s
2025-04-25 03:15:43,616 asyncbase.py iterate [line:68] INFO Select clients [0, 1, 2, 3, 4, 5, 6, 7, 8, 9, 10, 11, 12, 13, 14, 15, 16, 17, 18, 19] at time 1751.
2025-04-25 03:15:55,945 asyncbase.py iterate [line:73] INFO Receive new models from clients [7] at time 1763
2025-04-25 03:15:55,945 asyncbase.py iterate [line:73] INFO Receive new models from clients [5, 9, 14, 15, 16, 19, 11, 2, 10, 13, 8] at time 1764
2025-04-25 03:15:55,945 asyncbase.py iterate [line:73] INFO Receive new models from clients [6, 4, 12, 18, 17, 3, 1] at time 1765
2025-04-25 03:15:55,946 asyncbase.py iterate [line:73] INFO Receive new models from clients [0] at time 1766
2025-04-25 03:15:55,999 fedbase.py run [line:318] INFO --------------Round 115--------------
2025-04-25 03:15:55,999 simple_logger.py log_once [line:14] INFO Current_time:1766
2025-04-25 03:15:58,030 simple_logger.py log_once [line:28] INFO test_accuracy                 0.9832
2025-04-25 03:15:58,030 simple_logger.py log_once [line:28] INFO test_loss                     0.0493
2025-04-25 03:15:58,030 simple_logger.py log_once [line:28] INFO val_accuracy                  0.9815
2025-04-25 03:15:58,030 simple_logger.py log_once [line:28] INFO mean_val_accuracy             0.9815
2025-04-25 03:15:58,031 simple_logger.py log_once [line:28] INFO std_val_accuracy              0.0069
2025-04-25 03:15:58,031 simple_logger.py log_once [line:28] INFO val_loss                      0.0639
2025-04-25 03:15:58,031 simple_logger.py log_once [line:28] INFO mean_val_loss                 0.0639
2025-04-25 03:15:58,031 simple_logger.py log_once [line:28] INFO std_val_loss                  0.0213
2025-04-25 03:15:58,031 fedbase.py run [line:323] INFO expense           27620630.0
2025-04-25 03:15:58,031 fedbase.py run [line:324] INFO Eval Time Cost:               2.0319s
2025-04-25 03:15:58,031 asyncbase.py iterate [line:68] INFO Select clients [0, 1, 2, 3, 4, 5, 6, 7, 8, 9, 10, 11, 12, 13, 14, 15, 16, 17, 18, 19] at time 1767.
2025-04-25 03:16:10,074 asyncbase.py iterate [line:73] INFO Receive new models from clients [17, 2, 11, 19] at time 1779
2025-04-25 03:16:10,074 asyncbase.py iterate [line:73] INFO Receive new models from clients [16, 10, 12, 5, 7, 8, 14] at time 1780
2025-04-25 03:16:10,075 asyncbase.py iterate [line:73] INFO Receive new models from clients [18, 9, 0, 4, 13, 1, 15] at time 1781
2025-04-25 03:16:10,075 asyncbase.py iterate [line:73] INFO Receive new models from clients [6, 3] at time 1782
2025-04-25 03:16:10,128 fedbase.py run [line:318] INFO --------------Round 116--------------
2025-04-25 03:16:10,128 simple_logger.py log_once [line:14] INFO Current_time:1782
2025-04-25 03:16:12,159 simple_logger.py log_once [line:28] INFO test_accuracy                 0.9838
2025-04-25 03:16:12,159 simple_logger.py log_once [line:28] INFO test_loss                     0.0494
2025-04-25 03:16:12,159 simple_logger.py log_once [line:28] INFO val_accuracy                  0.9813
2025-04-25 03:16:12,159 simple_logger.py log_once [line:28] INFO mean_val_accuracy             0.9813
2025-04-25 03:16:12,159 simple_logger.py log_once [line:28] INFO std_val_accuracy              0.0070
2025-04-25 03:16:12,160 simple_logger.py log_once [line:28] INFO val_loss                      0.0639
2025-04-25 03:16:12,160 simple_logger.py log_once [line:28] INFO mean_val_loss                 0.0639
2025-04-25 03:16:12,160 simple_logger.py log_once [line:28] INFO std_val_loss                  0.0212
2025-04-25 03:16:12,160 fedbase.py run [line:323] INFO expense           27644470.0
2025-04-25 03:16:12,160 fedbase.py run [line:324] INFO Eval Time Cost:               2.0315s
2025-04-25 03:16:12,160 asyncbase.py iterate [line:68] INFO Select clients [0, 1, 2, 3, 4, 5, 6, 7, 8, 9, 10, 11, 12, 13, 14, 15, 16, 17, 18, 19] at time 1783.
2025-04-25 03:16:23,814 asyncbase.py iterate [line:73] INFO Receive new models from clients [3, 11, 19] at time 1795
2025-04-25 03:16:23,815 asyncbase.py iterate [line:73] INFO Receive new models from clients [12, 5, 14, 9, 17, 0, 15, 1, 2, 4, 18] at time 1796
2025-04-25 03:16:23,815 asyncbase.py iterate [line:73] INFO Receive new models from clients [16, 6, 8, 7, 10] at time 1797
2025-04-25 03:16:23,816 asyncbase.py iterate [line:73] INFO Receive new models from clients [13] at time 1798
2025-04-25 03:16:23,894 fedbase.py run [line:318] INFO --------------Round 117--------------
2025-04-25 03:16:23,894 simple_logger.py log_once [line:14] INFO Current_time:1798
2025-04-25 03:16:26,608 simple_logger.py log_once [line:28] INFO test_accuracy                 0.9841
2025-04-25 03:16:26,608 simple_logger.py log_once [line:28] INFO test_loss                     0.0488
2025-04-25 03:16:26,608 simple_logger.py log_once [line:28] INFO val_accuracy                  0.9833
2025-04-25 03:16:26,608 simple_logger.py log_once [line:28] INFO mean_val_accuracy             0.9833
2025-04-25 03:16:26,608 simple_logger.py log_once [line:28] INFO std_val_accuracy              0.0058
2025-04-25 03:16:26,609 simple_logger.py log_once [line:28] INFO val_loss                      0.0619
2025-04-25 03:16:26,609 simple_logger.py log_once [line:28] INFO mean_val_loss                 0.0619
2025-04-25 03:16:26,609 simple_logger.py log_once [line:28] INFO std_val_loss                  0.0200
2025-04-25 03:16:26,609 fedbase.py run [line:323] INFO expense           27668310.0
2025-04-25 03:16:26,609 fedbase.py run [line:324] INFO Eval Time Cost:               2.7143s
2025-04-25 03:16:26,609 asyncbase.py iterate [line:68] INFO Select clients [0, 1, 2, 3, 4, 5, 6, 7, 8, 9, 10, 11, 12, 13, 14, 15, 16, 17, 18, 19] at time 1799.
2025-04-25 03:16:38,162 asyncbase.py iterate [line:73] INFO Receive new models from clients [15, 0, 14, 7, 1] at time 1811
2025-04-25 03:16:38,162 asyncbase.py iterate [line:73] INFO Receive new models from clients [18, 19, 11, 3] at time 1812
2025-04-25 03:16:38,163 asyncbase.py iterate [line:73] INFO Receive new models from clients [9, 6, 17, 4, 12, 8, 13, 16, 5, 2] at time 1813
2025-04-25 03:16:38,163 asyncbase.py iterate [line:73] INFO Receive new models from clients [10] at time 1814
2025-04-25 03:16:38,218 fedbase.py run [line:318] INFO --------------Round 118--------------
2025-04-25 03:16:38,218 simple_logger.py log_once [line:14] INFO Current_time:1814
2025-04-25 03:16:40,331 simple_logger.py log_once [line:28] INFO test_accuracy                 0.9844
2025-04-25 03:16:40,331 simple_logger.py log_once [line:28] INFO test_loss                     0.0478
2025-04-25 03:16:40,331 simple_logger.py log_once [line:28] INFO val_accuracy                  0.9815
2025-04-25 03:16:40,332 simple_logger.py log_once [line:28] INFO mean_val_accuracy             0.9815
2025-04-25 03:16:40,332 simple_logger.py log_once [line:28] INFO std_val_accuracy              0.0060
2025-04-25 03:16:40,332 simple_logger.py log_once [line:28] INFO val_loss                      0.0624
2025-04-25 03:16:40,332 simple_logger.py log_once [line:28] INFO mean_val_loss                 0.0624
2025-04-25 03:16:40,332 simple_logger.py log_once [line:28] INFO std_val_loss                  0.0208
2025-04-25 03:16:40,332 fedbase.py run [line:323] INFO expense           27692150.0
2025-04-25 03:16:40,332 fedbase.py run [line:324] INFO Eval Time Cost:               2.1144s
2025-04-25 03:16:40,332 asyncbase.py iterate [line:68] INFO Select clients [0, 1, 2, 3, 4, 5, 6, 7, 8, 9, 10, 11, 12, 13, 14, 15, 16, 17, 18, 19] at time 1815.
2025-04-25 03:16:52,048 asyncbase.py iterate [line:73] INFO Receive new models from clients [15, 19] at time 1827
2025-04-25 03:16:52,048 asyncbase.py iterate [line:73] INFO Receive new models from clients [7, 11, 14, 0, 3, 5, 8, 10, 17, 2] at time 1828
2025-04-25 03:16:52,048 asyncbase.py iterate [line:73] INFO Receive new models from clients [13, 18, 4, 9] at time 1829
2025-04-25 03:16:52,049 asyncbase.py iterate [line:73] INFO Receive new models from clients [6, 1, 12, 16] at time 1830
2025-04-25 03:16:52,102 fedbase.py run [line:318] INFO --------------Round 119--------------
2025-04-25 03:16:52,103 simple_logger.py log_once [line:14] INFO Current_time:1830
2025-04-25 03:16:54,110 simple_logger.py log_once [line:28] INFO test_accuracy                 0.9837
2025-04-25 03:16:54,110 simple_logger.py log_once [line:28] INFO test_loss                     0.0483
2025-04-25 03:16:54,110 simple_logger.py log_once [line:28] INFO val_accuracy                  0.9813
2025-04-25 03:16:54,110 simple_logger.py log_once [line:28] INFO mean_val_accuracy             0.9813
2025-04-25 03:16:54,110 simple_logger.py log_once [line:28] INFO std_val_accuracy              0.0068
2025-04-25 03:16:54,110 simple_logger.py log_once [line:28] INFO val_loss                      0.0630
2025-04-25 03:16:54,110 simple_logger.py log_once [line:28] INFO mean_val_loss                 0.0630
2025-04-25 03:16:54,110 simple_logger.py log_once [line:28] INFO std_val_loss                  0.0209
2025-04-25 03:16:54,110 fedbase.py run [line:323] INFO expense           27715990.0
2025-04-25 03:16:54,110 fedbase.py run [line:324] INFO Eval Time Cost:               2.0075s
2025-04-25 03:16:54,110 asyncbase.py iterate [line:68] INFO Select clients [0, 1, 2, 3, 4, 5, 6, 7, 8, 9, 10, 11, 12, 13, 14, 15, 16, 17, 18, 19] at time 1831.
2025-04-25 03:17:05,135 asyncbase.py iterate [line:73] INFO Receive new models from clients [6] at time 1843
2025-04-25 03:17:05,136 asyncbase.py iterate [line:73] INFO Receive new models from clients [11, 5, 0, 4, 2, 1, 10, 18, 8] at time 1844
2025-04-25 03:17:05,136 asyncbase.py iterate [line:73] INFO Receive new models from clients [14, 17, 16, 12, 9, 3] at time 1845
2025-04-25 03:17:05,136 asyncbase.py iterate [line:73] INFO Receive new models from clients [15, 13, 7, 19] at time 1846
2025-04-25 03:17:05,191 fedbase.py run [line:318] INFO --------------Round 120--------------
2025-04-25 03:17:05,191 simple_logger.py log_once [line:14] INFO Current_time:1846
2025-04-25 03:17:07,221 simple_logger.py log_once [line:28] INFO test_accuracy                 0.9841
2025-04-25 03:17:07,221 simple_logger.py log_once [line:28] INFO test_loss                     0.0473
2025-04-25 03:17:07,221 simple_logger.py log_once [line:28] INFO val_accuracy                  0.9820
2025-04-25 03:17:07,221 simple_logger.py log_once [line:28] INFO mean_val_accuracy             0.9820
2025-04-25 03:17:07,221 simple_logger.py log_once [line:28] INFO std_val_accuracy              0.0058
2025-04-25 03:17:07,221 simple_logger.py log_once [line:28] INFO val_loss                      0.0622
2025-04-25 03:17:07,222 simple_logger.py log_once [line:28] INFO mean_val_loss                 0.0622
2025-04-25 03:17:07,222 simple_logger.py log_once [line:28] INFO std_val_loss                  0.0206
2025-04-25 03:17:07,222 fedbase.py run [line:323] INFO expense           27739830.0
2025-04-25 03:17:07,222 fedbase.py run [line:324] INFO Eval Time Cost:               2.0303s
2025-04-25 03:17:07,222 asyncbase.py iterate [line:68] INFO Select clients [0, 1, 2, 3, 4, 5, 6, 7, 8, 9, 10, 11, 12, 13, 14, 15, 16, 17, 18, 19] at time 1847.
2025-04-25 03:17:18,423 asyncbase.py iterate [line:73] INFO Receive new models from clients [5] at time 1859
2025-04-25 03:17:18,423 asyncbase.py iterate [line:73] INFO Receive new models from clients [12, 1, 17, 6, 15, 11, 10, 19] at time 1860
2025-04-25 03:17:18,424 asyncbase.py iterate [line:73] INFO Receive new models from clients [0, 2, 4, 16, 8, 14, 18, 13, 7] at time 1861
2025-04-25 03:17:18,424 asyncbase.py iterate [line:73] INFO Receive new models from clients [9, 3] at time 1862
2025-04-25 03:17:18,479 fedbase.py run [line:318] INFO --------------Round 121--------------
2025-04-25 03:17:18,479 simple_logger.py log_once [line:14] INFO Current_time:1862
2025-04-25 03:17:20,495 simple_logger.py log_once [line:28] INFO test_accuracy                 0.9834
2025-04-25 03:17:20,495 simple_logger.py log_once [line:28] INFO test_loss                     0.0486
2025-04-25 03:17:20,495 simple_logger.py log_once [line:28] INFO val_accuracy                  0.9828
2025-04-25 03:17:20,495 simple_logger.py log_once [line:28] INFO mean_val_accuracy             0.9828
2025-04-25 03:17:20,495 simple_logger.py log_once [line:28] INFO std_val_accuracy              0.0049
2025-04-25 03:17:20,495 simple_logger.py log_once [line:28] INFO val_loss                      0.0619
2025-04-25 03:17:20,495 simple_logger.py log_once [line:28] INFO mean_val_loss                 0.0619
2025-04-25 03:17:20,495 simple_logger.py log_once [line:28] INFO std_val_loss                  0.0205
2025-04-25 03:17:20,495 fedbase.py run [line:323] INFO expense           27763670.0
2025-04-25 03:17:20,495 fedbase.py run [line:324] INFO Eval Time Cost:               2.0165s
2025-04-25 03:17:20,495 asyncbase.py iterate [line:68] INFO Select clients [0, 1, 2, 3, 4, 5, 6, 7, 8, 9, 10, 11, 12, 13, 14, 15, 16, 17, 18, 19] at time 1863.
2025-04-25 03:17:32,159 asyncbase.py iterate [line:73] INFO Receive new models from clients [8, 19] at time 1875
2025-04-25 03:17:32,159 asyncbase.py iterate [line:73] INFO Receive new models from clients [18, 11, 6, 13, 1, 7, 4, 16, 2] at time 1876
2025-04-25 03:17:32,159 asyncbase.py iterate [line:73] INFO Receive new models from clients [12, 3, 9, 17, 0, 14, 15, 5, 10] at time 1877
2025-04-25 03:17:32,213 fedbase.py run [line:318] INFO --------------Round 122--------------
2025-04-25 03:17:32,213 simple_logger.py log_once [line:14] INFO Current_time:1877
2025-04-25 03:17:34,240 simple_logger.py log_once [line:28] INFO test_accuracy                 0.9840
2025-04-25 03:17:34,240 simple_logger.py log_once [line:28] INFO test_loss                     0.0475
2025-04-25 03:17:34,240 simple_logger.py log_once [line:28] INFO val_accuracy                  0.9827
2025-04-25 03:17:34,240 simple_logger.py log_once [line:28] INFO mean_val_accuracy             0.9827
2025-04-25 03:17:34,240 simple_logger.py log_once [line:28] INFO std_val_accuracy              0.0049
2025-04-25 03:17:34,240 simple_logger.py log_once [line:28] INFO val_loss                      0.0609
2025-04-25 03:17:34,240 simple_logger.py log_once [line:28] INFO mean_val_loss                 0.0609
2025-04-25 03:17:34,240 simple_logger.py log_once [line:28] INFO std_val_loss                  0.0202
2025-04-25 03:17:34,240 fedbase.py run [line:323] INFO expense           27787510.0
2025-04-25 03:17:34,241 fedbase.py run [line:324] INFO Eval Time Cost:               2.0276s
2025-04-25 03:17:34,241 asyncbase.py iterate [line:68] INFO Select clients [0, 1, 2, 3, 4, 5, 6, 7, 8, 9, 10, 11, 12, 13, 14, 15, 16, 17, 18, 19] at time 1878.
2025-04-25 03:17:45,702 asyncbase.py iterate [line:73] INFO Receive new models from clients [2, 12, 3, 14, 17, 19] at time 1890
2025-04-25 03:17:45,703 asyncbase.py iterate [line:73] INFO Receive new models from clients [0, 5, 13, 16, 4, 9] at time 1891
2025-04-25 03:17:45,703 asyncbase.py iterate [line:73] INFO Receive new models from clients [6, 7, 11, 15, 1, 8] at time 1892
2025-04-25 03:17:45,703 asyncbase.py iterate [line:73] INFO Receive new models from clients [10, 18] at time 1893
2025-04-25 03:17:45,758 fedbase.py run [line:318] INFO --------------Round 123--------------
2025-04-25 03:17:45,759 simple_logger.py log_once [line:14] INFO Current_time:1893
2025-04-25 03:17:47,770 simple_logger.py log_once [line:28] INFO test_accuracy                 0.9845
2025-04-25 03:17:47,770 simple_logger.py log_once [line:28] INFO test_loss                     0.0469
2025-04-25 03:17:47,770 simple_logger.py log_once [line:28] INFO val_accuracy                  0.9830
2025-04-25 03:17:47,771 simple_logger.py log_once [line:28] INFO mean_val_accuracy             0.9830
2025-04-25 03:17:47,771 simple_logger.py log_once [line:28] INFO std_val_accuracy              0.0050
2025-04-25 03:17:47,771 simple_logger.py log_once [line:28] INFO val_loss                      0.0613
2025-04-25 03:17:47,771 simple_logger.py log_once [line:28] INFO mean_val_loss                 0.0613
2025-04-25 03:17:47,771 simple_logger.py log_once [line:28] INFO std_val_loss                  0.0203
2025-04-25 03:17:47,771 fedbase.py run [line:323] INFO expense           27811350.0
2025-04-25 03:17:47,771 fedbase.py run [line:324] INFO Eval Time Cost:               2.0122s
2025-04-25 03:17:47,771 asyncbase.py iterate [line:68] INFO Select clients [0, 1, 2, 3, 4, 5, 6, 7, 8, 9, 10, 11, 12, 13, 14, 15, 16, 17, 18, 19] at time 1894.
2025-04-25 03:17:59,198 asyncbase.py iterate [line:73] INFO Receive new models from clients [5] at time 1906
2025-04-25 03:17:59,199 asyncbase.py iterate [line:73] INFO Receive new models from clients [19, 4, 8, 9, 17, 7, 13, 2, 10, 18] at time 1907
2025-04-25 03:17:59,199 asyncbase.py iterate [line:73] INFO Receive new models from clients [11, 16, 3, 1, 15, 12, 6] at time 1908
2025-04-25 03:17:59,199 asyncbase.py iterate [line:73] INFO Receive new models from clients [0, 14] at time 1909
2025-04-25 03:17:59,255 fedbase.py run [line:318] INFO --------------Round 124--------------
2025-04-25 03:17:59,255 simple_logger.py log_once [line:14] INFO Current_time:1909
2025-04-25 03:18:01,295 simple_logger.py log_once [line:28] INFO test_accuracy                 0.9847
2025-04-25 03:18:01,295 simple_logger.py log_once [line:28] INFO test_loss                     0.0473
2025-04-25 03:18:01,295 simple_logger.py log_once [line:28] INFO val_accuracy                  0.9825
2025-04-25 03:18:01,295 simple_logger.py log_once [line:28] INFO mean_val_accuracy             0.9825
2025-04-25 03:18:01,295 simple_logger.py log_once [line:28] INFO std_val_accuracy              0.0057
2025-04-25 03:18:01,295 simple_logger.py log_once [line:28] INFO val_loss                      0.0614
2025-04-25 03:18:01,295 simple_logger.py log_once [line:28] INFO mean_val_loss                 0.0614
2025-04-25 03:18:01,295 simple_logger.py log_once [line:28] INFO std_val_loss                  0.0204
2025-04-25 03:18:01,295 fedbase.py run [line:323] INFO expense           27835190.0
2025-04-25 03:18:01,295 fedbase.py run [line:324] INFO Eval Time Cost:               2.0406s
2025-04-25 03:18:01,296 asyncbase.py iterate [line:68] INFO Select clients [0, 1, 2, 3, 4, 5, 6, 7, 8, 9, 10, 11, 12, 13, 14, 15, 16, 17, 18, 19] at time 1910.
2025-04-25 03:18:12,580 asyncbase.py iterate [line:73] INFO Receive new models from clients [12, 16, 2] at time 1922
2025-04-25 03:18:12,581 asyncbase.py iterate [line:73] INFO Receive new models from clients [15, 6, 4, 13, 3, 10, 0, 5] at time 1923
2025-04-25 03:18:12,581 asyncbase.py iterate [line:73] INFO Receive new models from clients [19, 14, 1, 17, 8, 18, 9] at time 1924
2025-04-25 03:18:12,581 asyncbase.py iterate [line:73] INFO Receive new models from clients [11, 7] at time 1925
2025-04-25 03:18:12,634 fedbase.py run [line:318] INFO --------------Round 125--------------
2025-04-25 03:18:12,634 simple_logger.py log_once [line:14] INFO Current_time:1925
2025-04-25 03:18:14,649 simple_logger.py log_once [line:28] INFO test_accuracy                 0.9838
2025-04-25 03:18:14,649 simple_logger.py log_once [line:28] INFO test_loss                     0.0479
2025-04-25 03:18:14,649 simple_logger.py log_once [line:28] INFO val_accuracy                  0.9827
2025-04-25 03:18:14,649 simple_logger.py log_once [line:28] INFO mean_val_accuracy             0.9827
2025-04-25 03:18:14,649 simple_logger.py log_once [line:28] INFO std_val_accuracy              0.0052
2025-04-25 03:18:14,649 simple_logger.py log_once [line:28] INFO val_loss                      0.0613
2025-04-25 03:18:14,649 simple_logger.py log_once [line:28] INFO mean_val_loss                 0.0613
2025-04-25 03:18:14,649 simple_logger.py log_once [line:28] INFO std_val_loss                  0.0202
2025-04-25 03:18:14,649 fedbase.py run [line:323] INFO expense           27859030.0
2025-04-25 03:18:14,649 fedbase.py run [line:324] INFO Eval Time Cost:               2.0155s
2025-04-25 03:18:14,650 asyncbase.py iterate [line:68] INFO Select clients [0, 1, 2, 3, 4, 5, 6, 7, 8, 9, 10, 11, 12, 13, 14, 15, 16, 17, 18, 19] at time 1926.
2025-04-25 03:18:25,987 asyncbase.py iterate [line:73] INFO Receive new models from clients [19, 12] at time 1938
2025-04-25 03:18:25,988 asyncbase.py iterate [line:73] INFO Receive new models from clients [9, 18, 6, 14, 7, 15, 2, 17] at time 1939
2025-04-25 03:18:25,988 asyncbase.py iterate [line:73] INFO Receive new models from clients [16, 0, 8, 5, 11, 3, 1, 4, 13] at time 1940
2025-04-25 03:18:25,988 asyncbase.py iterate [line:73] INFO Receive new models from clients [10] at time 1941
2025-04-25 03:18:26,041 fedbase.py run [line:318] INFO --------------Round 126--------------
2025-04-25 03:18:26,041 simple_logger.py log_once [line:14] INFO Current_time:1941
2025-04-25 03:18:28,055 simple_logger.py log_once [line:28] INFO test_accuracy                 0.9843
2025-04-25 03:18:28,055 simple_logger.py log_once [line:28] INFO test_loss                     0.0472
2025-04-25 03:18:28,055 simple_logger.py log_once [line:28] INFO val_accuracy                  0.9833
2025-04-25 03:18:28,055 simple_logger.py log_once [line:28] INFO mean_val_accuracy             0.9833
2025-04-25 03:18:28,055 simple_logger.py log_once [line:28] INFO std_val_accuracy              0.0057
2025-04-25 03:18:28,055 simple_logger.py log_once [line:28] INFO val_loss                      0.0613
2025-04-25 03:18:28,055 simple_logger.py log_once [line:28] INFO mean_val_loss                 0.0613
2025-04-25 03:18:28,055 simple_logger.py log_once [line:28] INFO std_val_loss                  0.0210
2025-04-25 03:18:28,055 fedbase.py run [line:323] INFO expense           27882870.0
2025-04-25 03:18:28,055 fedbase.py run [line:324] INFO Eval Time Cost:               2.0144s
2025-04-25 03:18:28,056 asyncbase.py iterate [line:68] INFO Select clients [0, 1, 2, 3, 4, 5, 6, 7, 8, 9, 10, 11, 12, 13, 14, 15, 16, 17, 18, 19] at time 1942.
2025-04-25 03:18:39,725 asyncbase.py iterate [line:73] INFO Receive new models from clients [19, 4, 16, 2, 11, 18] at time 1954
2025-04-25 03:18:39,726 asyncbase.py iterate [line:73] INFO Receive new models from clients [13, 3, 17, 15, 10, 1] at time 1955
2025-04-25 03:18:39,726 asyncbase.py iterate [line:73] INFO Receive new models from clients [12, 0, 14, 7, 8, 5, 9] at time 1956
2025-04-25 03:18:39,726 asyncbase.py iterate [line:73] INFO Receive new models from clients [6] at time 1957
2025-04-25 03:18:39,779 fedbase.py run [line:318] INFO --------------Round 127--------------
2025-04-25 03:18:39,779 simple_logger.py log_once [line:14] INFO Current_time:1957
2025-04-25 03:18:41,812 simple_logger.py log_once [line:28] INFO test_accuracy                 0.9849
2025-04-25 03:18:41,813 simple_logger.py log_once [line:28] INFO test_loss                     0.0470
2025-04-25 03:18:41,813 simple_logger.py log_once [line:28] INFO val_accuracy                  0.9820
2025-04-25 03:18:41,813 simple_logger.py log_once [line:28] INFO mean_val_accuracy             0.9820
2025-04-25 03:18:41,813 simple_logger.py log_once [line:28] INFO std_val_accuracy              0.0051
2025-04-25 03:18:41,813 simple_logger.py log_once [line:28] INFO val_loss                      0.0611
2025-04-25 03:18:41,813 simple_logger.py log_once [line:28] INFO mean_val_loss                 0.0611
2025-04-25 03:18:41,813 simple_logger.py log_once [line:28] INFO std_val_loss                  0.0210
2025-04-25 03:18:41,813 fedbase.py run [line:323] INFO expense           27906710.0
2025-04-25 03:18:41,813 fedbase.py run [line:324] INFO Eval Time Cost:               2.0341s
2025-04-25 03:18:41,813 asyncbase.py iterate [line:68] INFO Select clients [0, 1, 2, 3, 4, 5, 6, 7, 8, 9, 10, 11, 12, 13, 14, 15, 16, 17, 18, 19] at time 1958.
2025-04-25 03:18:54,090 asyncbase.py iterate [line:73] INFO Receive new models from clients [2, 14, 10] at time 1970
2025-04-25 03:18:54,090 asyncbase.py iterate [line:73] INFO Receive new models from clients [0, 17, 16, 18, 15, 4] at time 1971
2025-04-25 03:18:54,091 asyncbase.py iterate [line:73] INFO Receive new models from clients [19, 9, 13, 8, 6, 3, 7, 11] at time 1972
2025-04-25 03:18:54,091 asyncbase.py iterate [line:73] INFO Receive new models from clients [5, 12, 1] at time 1973
2025-04-25 03:18:54,144 fedbase.py run [line:318] INFO --------------Round 128--------------
2025-04-25 03:18:54,145 simple_logger.py log_once [line:14] INFO Current_time:1973
2025-04-25 03:18:56,155 simple_logger.py log_once [line:28] INFO test_accuracy                 0.9843
2025-04-25 03:18:56,155 simple_logger.py log_once [line:28] INFO test_loss                     0.0464
2025-04-25 03:18:56,155 simple_logger.py log_once [line:28] INFO val_accuracy                  0.9827
2025-04-25 03:18:56,155 simple_logger.py log_once [line:28] INFO mean_val_accuracy             0.9827
2025-04-25 03:18:56,155 simple_logger.py log_once [line:28] INFO std_val_accuracy              0.0059
2025-04-25 03:18:56,155 simple_logger.py log_once [line:28] INFO val_loss                      0.0616
2025-04-25 03:18:56,156 simple_logger.py log_once [line:28] INFO mean_val_loss                 0.0616
2025-04-25 03:18:56,156 simple_logger.py log_once [line:28] INFO std_val_loss                  0.0206
2025-04-25 03:18:56,156 fedbase.py run [line:323] INFO expense           27930550.0
2025-04-25 03:18:56,156 fedbase.py run [line:324] INFO Eval Time Cost:               2.0111s
2025-04-25 03:18:56,156 asyncbase.py iterate [line:68] INFO Select clients [0, 1, 2, 3, 4, 5, 6, 7, 8, 9, 10, 11, 12, 13, 14, 15, 16, 17, 18, 19] at time 1974.
2025-04-25 03:19:06,828 asyncbase.py iterate [line:73] INFO Receive new models from clients [1] at time 1986
2025-04-25 03:19:06,828 asyncbase.py iterate [line:73] INFO Receive new models from clients [5, 14, 0, 18, 8, 10, 7, 2, 19] at time 1987
2025-04-25 03:19:06,829 asyncbase.py iterate [line:73] INFO Receive new models from clients [3, 12, 15, 17, 13, 4, 16] at time 1988
2025-04-25 03:19:06,829 asyncbase.py iterate [line:73] INFO Receive new models from clients [6, 9, 11] at time 1989
2025-04-25 03:19:06,887 fedbase.py run [line:318] INFO --------------Round 129--------------
2025-04-25 03:19:06,888 simple_logger.py log_once [line:14] INFO Current_time:1989
2025-04-25 03:19:09,007 simple_logger.py log_once [line:28] INFO test_accuracy                 0.9840
2025-04-25 03:19:09,007 simple_logger.py log_once [line:28] INFO test_loss                     0.0459
2025-04-25 03:19:09,007 simple_logger.py log_once [line:28] INFO val_accuracy                  0.9817
2025-04-25 03:19:09,007 simple_logger.py log_once [line:28] INFO mean_val_accuracy             0.9817
2025-04-25 03:19:09,007 simple_logger.py log_once [line:28] INFO std_val_accuracy              0.0063
2025-04-25 03:19:09,007 simple_logger.py log_once [line:28] INFO val_loss                      0.0607
2025-04-25 03:19:09,007 simple_logger.py log_once [line:28] INFO mean_val_loss                 0.0607
2025-04-25 03:19:09,007 simple_logger.py log_once [line:28] INFO std_val_loss                  0.0199
2025-04-25 03:19:09,007 fedbase.py run [line:323] INFO expense           27954390.0
2025-04-25 03:19:09,008 fedbase.py run [line:324] INFO Eval Time Cost:               2.1199s
2025-04-25 03:19:09,008 asyncbase.py iterate [line:68] INFO Select clients [0, 1, 2, 3, 4, 5, 6, 7, 8, 9, 10, 11, 12, 13, 14, 15, 16, 17, 18, 19] at time 1990.
2025-04-25 03:19:20,166 asyncbase.py iterate [line:73] INFO Receive new models from clients [6] at time 2002
2025-04-25 03:19:20,166 asyncbase.py iterate [line:73] INFO Receive new models from clients [3, 14, 19, 15, 2, 9, 17, 1, 16, 4, 18, 11] at time 2003
2025-04-25 03:19:20,166 asyncbase.py iterate [line:73] INFO Receive new models from clients [0, 5, 10, 7] at time 2004
2025-04-25 03:19:20,166 asyncbase.py iterate [line:73] INFO Receive new models from clients [13, 8, 12] at time 2005
2025-04-25 03:19:20,219 fedbase.py run [line:318] INFO --------------Round 130--------------
2025-04-25 03:19:20,219 simple_logger.py log_once [line:14] INFO Current_time:2005
2025-04-25 03:19:22,249 simple_logger.py log_once [line:28] INFO test_accuracy                 0.9843
2025-04-25 03:19:22,249 simple_logger.py log_once [line:28] INFO test_loss                     0.0476
2025-04-25 03:19:22,249 simple_logger.py log_once [line:28] INFO val_accuracy                  0.9827
2025-04-25 03:19:22,249 simple_logger.py log_once [line:28] INFO mean_val_accuracy             0.9827
2025-04-25 03:19:22,249 simple_logger.py log_once [line:28] INFO std_val_accuracy              0.0055
2025-04-25 03:19:22,249 simple_logger.py log_once [line:28] INFO val_loss                      0.0609
2025-04-25 03:19:22,250 simple_logger.py log_once [line:28] INFO mean_val_loss                 0.0609
2025-04-25 03:19:22,250 simple_logger.py log_once [line:28] INFO std_val_loss                  0.0206
2025-04-25 03:19:22,250 fedbase.py run [line:323] INFO expense           27978230.0
2025-04-25 03:19:22,250 fedbase.py run [line:324] INFO Eval Time Cost:               2.0302s
2025-04-25 03:19:22,250 asyncbase.py iterate [line:68] INFO Select clients [0, 1, 2, 3, 4, 5, 6, 7, 8, 9, 10, 11, 12, 13, 14, 15, 16, 17, 18, 19] at time 2006.
2025-04-25 03:19:33,942 asyncbase.py iterate [line:73] INFO Receive new models from clients [13, 16, 2] at time 2018
2025-04-25 03:19:33,942 asyncbase.py iterate [line:73] INFO Receive new models from clients [4, 11, 3, 5, 18, 19, 0, 1, 6, 9, 12, 7] at time 2019
2025-04-25 03:19:33,943 asyncbase.py iterate [line:73] INFO Receive new models from clients [17, 8, 15, 10] at time 2020
2025-04-25 03:19:33,943 asyncbase.py iterate [line:73] INFO Receive new models from clients [14] at time 2021
2025-04-25 03:19:34,021 fedbase.py run [line:318] INFO --------------Round 131--------------
2025-04-25 03:19:34,022 simple_logger.py log_once [line:14] INFO Current_time:2021
2025-04-25 03:19:36,840 simple_logger.py log_once [line:28] INFO test_accuracy                 0.9853
2025-04-25 03:19:36,841 simple_logger.py log_once [line:28] INFO test_loss                     0.0459
2025-04-25 03:19:36,841 simple_logger.py log_once [line:28] INFO val_accuracy                  0.9833
2025-04-25 03:19:36,841 simple_logger.py log_once [line:28] INFO mean_val_accuracy             0.9833
2025-04-25 03:19:36,841 simple_logger.py log_once [line:28] INFO std_val_accuracy              0.0054
2025-04-25 03:19:36,841 simple_logger.py log_once [line:28] INFO val_loss                      0.0598
2025-04-25 03:19:36,841 simple_logger.py log_once [line:28] INFO mean_val_loss                 0.0598
2025-04-25 03:19:36,841 simple_logger.py log_once [line:28] INFO std_val_loss                  0.0200
2025-04-25 03:19:36,841 fedbase.py run [line:323] INFO expense           28002070.0
2025-04-25 03:19:36,841 fedbase.py run [line:324] INFO Eval Time Cost:               2.8193s
2025-04-25 03:19:36,841 asyncbase.py iterate [line:68] INFO Select clients [0, 1, 2, 3, 4, 5, 6, 7, 8, 9, 10, 11, 12, 13, 14, 15, 16, 17, 18, 19] at time 2022.
2025-04-25 03:19:48,130 asyncbase.py iterate [line:73] INFO Receive new models from clients [16, 7, 19, 10] at time 2034
2025-04-25 03:19:48,130 asyncbase.py iterate [line:73] INFO Receive new models from clients [6, 1, 15, 0, 11, 9, 8, 17, 18, 4, 5] at time 2035
2025-04-25 03:19:48,131 asyncbase.py iterate [line:73] INFO Receive new models from clients [13, 2, 3, 12] at time 2036
2025-04-25 03:19:48,131 asyncbase.py iterate [line:73] INFO Receive new models from clients [14] at time 2037
2025-04-25 03:19:48,184 fedbase.py run [line:318] INFO --------------Round 132--------------
2025-04-25 03:19:48,184 simple_logger.py log_once [line:14] INFO Current_time:2037
2025-04-25 03:19:50,190 simple_logger.py log_once [line:28] INFO test_accuracy                 0.9855
2025-04-25 03:19:50,190 simple_logger.py log_once [line:28] INFO test_loss                     0.0455
2025-04-25 03:19:50,190 simple_logger.py log_once [line:28] INFO val_accuracy                  0.9832
2025-04-25 03:19:50,190 simple_logger.py log_once [line:28] INFO mean_val_accuracy             0.9832
2025-04-25 03:19:50,190 simple_logger.py log_once [line:28] INFO std_val_accuracy              0.0053
2025-04-25 03:19:50,190 simple_logger.py log_once [line:28] INFO val_loss                      0.0599
2025-04-25 03:19:50,190 simple_logger.py log_once [line:28] INFO mean_val_loss                 0.0599
2025-04-25 03:19:50,191 simple_logger.py log_once [line:28] INFO std_val_loss                  0.0204
2025-04-25 03:19:50,191 fedbase.py run [line:323] INFO expense           28025910.0
2025-04-25 03:19:50,191 fedbase.py run [line:324] INFO Eval Time Cost:               2.0068s
2025-04-25 03:19:50,191 asyncbase.py iterate [line:68] INFO Select clients [0, 1, 2, 3, 4, 5, 6, 7, 8, 9, 10, 11, 12, 13, 14, 15, 16, 17, 18, 19] at time 2038.
2025-04-25 03:20:01,445 asyncbase.py iterate [line:73] INFO Receive new models from clients [18] at time 2050
2025-04-25 03:20:01,445 asyncbase.py iterate [line:73] INFO Receive new models from clients [3, 0, 2, 15, 8, 5, 9, 16] at time 2051
2025-04-25 03:20:01,445 asyncbase.py iterate [line:73] INFO Receive new models from clients [7, 6, 19, 14, 4, 13, 12, 1, 11, 10] at time 2052
2025-04-25 03:20:01,446 asyncbase.py iterate [line:73] INFO Receive new models from clients [17] at time 2053
2025-04-25 03:20:01,499 fedbase.py run [line:318] INFO --------------Round 133--------------
2025-04-25 03:20:01,499 simple_logger.py log_once [line:14] INFO Current_time:2053
2025-04-25 03:20:03,504 simple_logger.py log_once [line:28] INFO test_accuracy                 0.9846
2025-04-25 03:20:03,504 simple_logger.py log_once [line:28] INFO test_loss                     0.0460
2025-04-25 03:20:03,505 simple_logger.py log_once [line:28] INFO val_accuracy                  0.9837
2025-04-25 03:20:03,505 simple_logger.py log_once [line:28] INFO mean_val_accuracy             0.9837
2025-04-25 03:20:03,505 simple_logger.py log_once [line:28] INFO std_val_accuracy              0.0052
2025-04-25 03:20:03,505 simple_logger.py log_once [line:28] INFO val_loss                      0.0591
2025-04-25 03:20:03,505 simple_logger.py log_once [line:28] INFO mean_val_loss                 0.0591
2025-04-25 03:20:03,505 simple_logger.py log_once [line:28] INFO std_val_loss                  0.0201
2025-04-25 03:20:03,505 fedbase.py run [line:323] INFO expense           28049750.0
2025-04-25 03:20:03,505 fedbase.py run [line:324] INFO Eval Time Cost:               2.0064s
2025-04-25 03:20:03,506 asyncbase.py iterate [line:68] INFO Select clients [0, 1, 2, 3, 4, 5, 6, 7, 8, 9, 10, 11, 12, 13, 14, 15, 16, 17, 18, 19] at time 2054.
2025-04-25 03:20:14,650 asyncbase.py iterate [line:73] INFO Receive new models from clients [17, 10, 15, 3, 16, 1, 2, 8] at time 2067
2025-04-25 03:20:14,650 asyncbase.py iterate [line:73] INFO Receive new models from clients [14, 12, 11, 4, 7, 0, 18, 19, 9, 5, 13] at time 2068
2025-04-25 03:20:14,650 asyncbase.py iterate [line:73] INFO Receive new models from clients [6] at time 2069
2025-04-25 03:20:14,703 fedbase.py run [line:318] INFO --------------Round 134--------------
2025-04-25 03:20:14,703 simple_logger.py log_once [line:14] INFO Current_time:2069
2025-04-25 03:20:16,701 simple_logger.py log_once [line:28] INFO test_accuracy                 0.9849
2025-04-25 03:20:16,701 simple_logger.py log_once [line:28] INFO test_loss                     0.0450
2025-04-25 03:20:16,702 simple_logger.py log_once [line:28] INFO val_accuracy                  0.9838
2025-04-25 03:20:16,702 simple_logger.py log_once [line:28] INFO mean_val_accuracy             0.9838
2025-04-25 03:20:16,702 simple_logger.py log_once [line:28] INFO std_val_accuracy              0.0053
2025-04-25 03:20:16,702 simple_logger.py log_once [line:28] INFO val_loss                      0.0592
2025-04-25 03:20:16,702 simple_logger.py log_once [line:28] INFO mean_val_loss                 0.0592
2025-04-25 03:20:16,702 simple_logger.py log_once [line:28] INFO std_val_loss                  0.0206
2025-04-25 03:20:16,702 fedbase.py run [line:323] INFO expense           28073590.0
2025-04-25 03:20:16,702 fedbase.py run [line:324] INFO Eval Time Cost:               1.9994s
2025-04-25 03:20:16,702 asyncbase.py iterate [line:68] INFO Select clients [0, 1, 2, 3, 4, 5, 6, 7, 8, 9, 10, 11, 12, 13, 14, 15, 16, 17, 18, 19] at time 2070.
2025-04-25 03:20:27,847 asyncbase.py iterate [line:73] INFO Receive new models from clients [12, 18] at time 2082
2025-04-25 03:20:27,847 asyncbase.py iterate [line:73] INFO Receive new models from clients [16, 7, 1, 8, 19, 15, 17, 11] at time 2083
2025-04-25 03:20:27,847 asyncbase.py iterate [line:73] INFO Receive new models from clients [2, 4, 13, 0, 10, 6, 9, 5] at time 2084
2025-04-25 03:20:27,847 asyncbase.py iterate [line:73] INFO Receive new models from clients [3, 14] at time 2085
2025-04-25 03:20:27,901 fedbase.py run [line:318] INFO --------------Round 135--------------
2025-04-25 03:20:27,901 simple_logger.py log_once [line:14] INFO Current_time:2085
2025-04-25 03:20:29,921 simple_logger.py log_once [line:28] INFO test_accuracy                 0.9842
2025-04-25 03:20:29,921 simple_logger.py log_once [line:28] INFO test_loss                     0.0459
2025-04-25 03:20:29,921 simple_logger.py log_once [line:28] INFO val_accuracy                  0.9825
2025-04-25 03:20:29,921 simple_logger.py log_once [line:28] INFO mean_val_accuracy             0.9825
2025-04-25 03:20:29,921 simple_logger.py log_once [line:28] INFO std_val_accuracy              0.0059
2025-04-25 03:20:29,921 simple_logger.py log_once [line:28] INFO val_loss                      0.0609
2025-04-25 03:20:29,922 simple_logger.py log_once [line:28] INFO mean_val_loss                 0.0609
2025-04-25 03:20:29,922 simple_logger.py log_once [line:28] INFO std_val_loss                  0.0214
2025-04-25 03:20:29,922 fedbase.py run [line:323] INFO expense           28097430.0
2025-04-25 03:20:29,922 fedbase.py run [line:324] INFO Eval Time Cost:               2.0210s
2025-04-25 03:20:29,922 asyncbase.py iterate [line:68] INFO Select clients [0, 1, 2, 3, 4, 5, 6, 7, 8, 9, 10, 11, 12, 13, 14, 15, 16, 17, 18, 19] at time 2086.
2025-04-25 03:20:41,564 asyncbase.py iterate [line:73] INFO Receive new models from clients [11] at time 2098
2025-04-25 03:20:41,564 asyncbase.py iterate [line:73] INFO Receive new models from clients [10, 18, 19, 13, 1] at time 2099
2025-04-25 03:20:41,565 asyncbase.py iterate [line:73] INFO Receive new models from clients [0, 4, 5, 2, 15, 6, 17, 8, 16, 14, 7, 3] at time 2100
2025-04-25 03:20:41,565 asyncbase.py iterate [line:73] INFO Receive new models from clients [9, 12] at time 2101
2025-04-25 03:20:41,619 fedbase.py run [line:318] INFO --------------Round 136--------------
2025-04-25 03:20:41,619 simple_logger.py log_once [line:14] INFO Current_time:2101
2025-04-25 03:20:43,648 simple_logger.py log_once [line:28] INFO test_accuracy                 0.9852
2025-04-25 03:20:43,648 simple_logger.py log_once [line:28] INFO test_loss                     0.0450
2025-04-25 03:20:43,648 simple_logger.py log_once [line:28] INFO val_accuracy                  0.9835
2025-04-25 03:20:43,648 simple_logger.py log_once [line:28] INFO mean_val_accuracy             0.9835
2025-04-25 03:20:43,648 simple_logger.py log_once [line:28] INFO std_val_accuracy              0.0057
2025-04-25 03:20:43,648 simple_logger.py log_once [line:28] INFO val_loss                      0.0591
2025-04-25 03:20:43,648 simple_logger.py log_once [line:28] INFO mean_val_loss                 0.0591
2025-04-25 03:20:43,648 simple_logger.py log_once [line:28] INFO std_val_loss                  0.0210
2025-04-25 03:20:43,648 fedbase.py run [line:323] INFO expense           28121270.0
2025-04-25 03:20:43,648 fedbase.py run [line:324] INFO Eval Time Cost:               2.0294s
2025-04-25 03:20:43,648 asyncbase.py iterate [line:68] INFO Select clients [0, 1, 2, 3, 4, 5, 6, 7, 8, 9, 10, 11, 12, 13, 14, 15, 16, 17, 18, 19] at time 2102.
2025-04-25 03:20:55,081 asyncbase.py iterate [line:73] INFO Receive new models from clients [2, 11, 13, 7] at time 2114
2025-04-25 03:20:55,082 asyncbase.py iterate [line:73] INFO Receive new models from clients [4, 14, 18, 10, 16, 9, 12, 8, 5, 0] at time 2115
2025-04-25 03:20:55,082 asyncbase.py iterate [line:73] INFO Receive new models from clients [17, 1, 15, 6] at time 2116
2025-04-25 03:20:55,082 asyncbase.py iterate [line:73] INFO Receive new models from clients [3, 19] at time 2117
2025-04-25 03:20:55,134 fedbase.py run [line:318] INFO --------------Round 137--------------
2025-04-25 03:20:55,134 simple_logger.py log_once [line:14] INFO Current_time:2117
2025-04-25 03:20:57,121 simple_logger.py log_once [line:28] INFO test_accuracy                 0.9849
2025-04-25 03:20:57,121 simple_logger.py log_once [line:28] INFO test_loss                     0.0451
2025-04-25 03:20:57,121 simple_logger.py log_once [line:28] INFO val_accuracy                  0.9838
2025-04-25 03:20:57,121 simple_logger.py log_once [line:28] INFO mean_val_accuracy             0.9838
2025-04-25 03:20:57,122 simple_logger.py log_once [line:28] INFO std_val_accuracy              0.0051
2025-04-25 03:20:57,122 simple_logger.py log_once [line:28] INFO val_loss                      0.0589
2025-04-25 03:20:57,122 simple_logger.py log_once [line:28] INFO mean_val_loss                 0.0589
2025-04-25 03:20:57,122 simple_logger.py log_once [line:28] INFO std_val_loss                  0.0207
2025-04-25 03:20:57,122 fedbase.py run [line:323] INFO expense           28145110.0
2025-04-25 03:20:57,122 fedbase.py run [line:324] INFO Eval Time Cost:               1.9873s
2025-04-25 03:20:57,122 asyncbase.py iterate [line:68] INFO Select clients [0, 1, 2, 3, 4, 5, 6, 7, 8, 9, 10, 11, 12, 13, 14, 15, 16, 17, 18, 19] at time 2118.
2025-04-25 03:21:08,321 asyncbase.py iterate [line:73] INFO Receive new models from clients [6] at time 2130
2025-04-25 03:21:08,321 asyncbase.py iterate [line:73] INFO Receive new models from clients [13, 10, 1, 7, 5, 8, 3, 17, 12] at time 2131
2025-04-25 03:21:08,321 asyncbase.py iterate [line:73] INFO Receive new models from clients [11, 0, 18, 2, 9, 4, 19, 16] at time 2132
2025-04-25 03:21:08,322 asyncbase.py iterate [line:73] INFO Receive new models from clients [15, 14] at time 2133
2025-04-25 03:21:08,377 fedbase.py run [line:318] INFO --------------Round 138--------------
2025-04-25 03:21:08,377 simple_logger.py log_once [line:14] INFO Current_time:2133
2025-04-25 03:21:10,376 simple_logger.py log_once [line:28] INFO test_accuracy                 0.9850
2025-04-25 03:21:10,376 simple_logger.py log_once [line:28] INFO test_loss                     0.0450
2025-04-25 03:21:10,376 simple_logger.py log_once [line:28] INFO val_accuracy                  0.9840
2025-04-25 03:21:10,376 simple_logger.py log_once [line:28] INFO mean_val_accuracy             0.9840
2025-04-25 03:21:10,376 simple_logger.py log_once [line:28] INFO std_val_accuracy              0.0051
2025-04-25 03:21:10,376 simple_logger.py log_once [line:28] INFO val_loss                      0.0590
2025-04-25 03:21:10,376 simple_logger.py log_once [line:28] INFO mean_val_loss                 0.0590
2025-04-25 03:21:10,376 simple_logger.py log_once [line:28] INFO std_val_loss                  0.0210
2025-04-25 03:21:10,376 fedbase.py run [line:323] INFO expense           28168950.0
2025-04-25 03:21:10,376 fedbase.py run [line:324] INFO Eval Time Cost:               1.9993s
2025-04-25 03:21:10,377 asyncbase.py iterate [line:68] INFO Select clients [0, 1, 2, 3, 4, 5, 6, 7, 8, 9, 10, 11, 12, 13, 14, 15, 16, 17, 18, 19] at time 2134.
2025-04-25 03:21:22,302 asyncbase.py iterate [line:73] INFO Receive new models from clients [7, 17] at time 2146
2025-04-25 03:21:22,302 asyncbase.py iterate [line:73] INFO Receive new models from clients [8, 13, 10, 5, 0, 18, 12, 3, 19] at time 2147
2025-04-25 03:21:22,302 asyncbase.py iterate [line:73] INFO Receive new models from clients [16, 2, 11, 14, 15, 1, 9, 4] at time 2148
2025-04-25 03:21:22,302 asyncbase.py iterate [line:73] INFO Receive new models from clients [6] at time 2149
2025-04-25 03:21:22,357 fedbase.py run [line:318] INFO --------------Round 139--------------
2025-04-25 03:21:22,358 simple_logger.py log_once [line:14] INFO Current_time:2149
2025-04-25 03:21:24,384 simple_logger.py log_once [line:28] INFO test_accuracy                 0.9848
2025-04-25 03:21:24,385 simple_logger.py log_once [line:28] INFO test_loss                     0.0448
2025-04-25 03:21:24,385 simple_logger.py log_once [line:28] INFO val_accuracy                  0.9837
2025-04-25 03:21:24,385 simple_logger.py log_once [line:28] INFO mean_val_accuracy             0.9837
2025-04-25 03:21:24,385 simple_logger.py log_once [line:28] INFO std_val_accuracy              0.0052
2025-04-25 03:21:24,385 simple_logger.py log_once [line:28] INFO val_loss                      0.0585
2025-04-25 03:21:24,385 simple_logger.py log_once [line:28] INFO mean_val_loss                 0.0585
2025-04-25 03:21:24,385 simple_logger.py log_once [line:28] INFO std_val_loss                  0.0204
2025-04-25 03:21:24,385 fedbase.py run [line:323] INFO expense           28192790.0
2025-04-25 03:21:24,385 fedbase.py run [line:324] INFO Eval Time Cost:               2.0274s
2025-04-25 03:21:24,385 asyncbase.py iterate [line:68] INFO Select clients [0, 1, 2, 3, 4, 5, 6, 7, 8, 9, 10, 11, 12, 13, 14, 15, 16, 17, 18, 19] at time 2150.
2025-04-25 03:21:35,955 asyncbase.py iterate [line:73] INFO Receive new models from clients [9, 8, 6] at time 2162
2025-04-25 03:21:35,955 asyncbase.py iterate [line:73] INFO Receive new models from clients [3, 11, 4, 2, 7, 1, 5, 0, 10] at time 2163
2025-04-25 03:21:35,956 asyncbase.py iterate [line:73] INFO Receive new models from clients [14, 18, 19, 13, 12, 16, 15, 17] at time 2164
2025-04-25 03:21:36,009 fedbase.py run [line:318] INFO --------------Round 140--------------
2025-04-25 03:21:36,009 simple_logger.py log_once [line:14] INFO Current_time:2164
2025-04-25 03:21:38,099 simple_logger.py log_once [line:28] INFO test_accuracy                 0.9851
2025-04-25 03:21:38,099 simple_logger.py log_once [line:28] INFO test_loss                     0.0440
2025-04-25 03:21:38,100 simple_logger.py log_once [line:28] INFO val_accuracy                  0.9835
2025-04-25 03:21:38,100 simple_logger.py log_once [line:28] INFO mean_val_accuracy             0.9835
2025-04-25 03:21:38,100 simple_logger.py log_once [line:28] INFO std_val_accuracy              0.0053
2025-04-25 03:21:38,100 simple_logger.py log_once [line:28] INFO val_loss                      0.0582
2025-04-25 03:21:38,100 simple_logger.py log_once [line:28] INFO mean_val_loss                 0.0582
2025-04-25 03:21:38,100 simple_logger.py log_once [line:28] INFO std_val_loss                  0.0203
2025-04-25 03:21:38,100 fedbase.py run [line:323] INFO expense           28216630.0
2025-04-25 03:21:38,100 fedbase.py run [line:324] INFO Eval Time Cost:               2.0907s
2025-04-25 03:21:38,100 asyncbase.py iterate [line:68] INFO Select clients [0, 1, 2, 3, 4, 5, 6, 7, 8, 9, 10, 11, 12, 13, 14, 15, 16, 17, 18, 19] at time 2165.
2025-04-25 03:21:49,342 asyncbase.py iterate [line:73] INFO Receive new models from clients [17, 13] at time 2177
2025-04-25 03:21:49,342 asyncbase.py iterate [line:73] INFO Receive new models from clients [1, 5, 2, 15, 9, 11, 18] at time 2178
2025-04-25 03:21:49,342 asyncbase.py iterate [line:73] INFO Receive new models from clients [8, 4, 10, 16, 14, 0, 7, 6, 19] at time 2179
2025-04-25 03:21:49,343 asyncbase.py iterate [line:73] INFO Receive new models from clients [12, 3] at time 2180
2025-04-25 03:21:49,399 fedbase.py run [line:318] INFO --------------Round 141--------------
2025-04-25 03:21:49,399 simple_logger.py log_once [line:14] INFO Current_time:2180
2025-04-25 03:21:51,424 simple_logger.py log_once [line:28] INFO test_accuracy                 0.9848
2025-04-25 03:21:51,424 simple_logger.py log_once [line:28] INFO test_loss                     0.0444
2025-04-25 03:21:51,424 simple_logger.py log_once [line:28] INFO val_accuracy                  0.9840
2025-04-25 03:21:51,424 simple_logger.py log_once [line:28] INFO mean_val_accuracy             0.9840
2025-04-25 03:21:51,424 simple_logger.py log_once [line:28] INFO std_val_accuracy              0.0054
2025-04-25 03:21:51,424 simple_logger.py log_once [line:28] INFO val_loss                      0.0592
2025-04-25 03:21:51,424 simple_logger.py log_once [line:28] INFO mean_val_loss                 0.0592
2025-04-25 03:21:51,424 simple_logger.py log_once [line:28] INFO std_val_loss                  0.0208
2025-04-25 03:21:51,424 fedbase.py run [line:323] INFO expense           28240470.0
2025-04-25 03:21:51,424 fedbase.py run [line:324] INFO Eval Time Cost:               2.0258s
2025-04-25 03:21:51,425 asyncbase.py iterate [line:68] INFO Select clients [0, 1, 2, 3, 4, 5, 6, 7, 8, 9, 10, 11, 12, 13, 14, 15, 16, 17, 18, 19] at time 2181.
2025-04-25 03:22:03,327 asyncbase.py iterate [line:73] INFO Receive new models from clients [8, 15, 1, 11, 12] at time 2193
2025-04-25 03:22:03,327 asyncbase.py iterate [line:73] INFO Receive new models from clients [13, 3, 2, 5, 0] at time 2194
2025-04-25 03:22:03,327 asyncbase.py iterate [line:73] INFO Receive new models from clients [6, 9, 7, 18, 14, 10, 17, 19] at time 2195
2025-04-25 03:22:03,328 asyncbase.py iterate [line:73] INFO Receive new models from clients [16, 4] at time 2196
2025-04-25 03:22:03,383 fedbase.py run [line:318] INFO --------------Round 142--------------
2025-04-25 03:22:03,383 simple_logger.py log_once [line:14] INFO Current_time:2196
2025-04-25 03:22:05,405 simple_logger.py log_once [line:28] INFO test_accuracy                 0.9860
2025-04-25 03:22:05,405 simple_logger.py log_once [line:28] INFO test_loss                     0.0441
2025-04-25 03:22:05,406 simple_logger.py log_once [line:28] INFO val_accuracy                  0.9832
2025-04-25 03:22:05,406 simple_logger.py log_once [line:28] INFO mean_val_accuracy             0.9832
2025-04-25 03:22:05,406 simple_logger.py log_once [line:28] INFO std_val_accuracy              0.0050
2025-04-25 03:22:05,406 simple_logger.py log_once [line:28] INFO val_loss                      0.0589
2025-04-25 03:22:05,406 simple_logger.py log_once [line:28] INFO mean_val_loss                 0.0589
2025-04-25 03:22:05,406 simple_logger.py log_once [line:28] INFO std_val_loss                  0.0206
2025-04-25 03:22:05,406 fedbase.py run [line:323] INFO expense           28264310.0
2025-04-25 03:22:05,407 fedbase.py run [line:324] INFO Eval Time Cost:               2.0239s
2025-04-25 03:22:05,407 asyncbase.py iterate [line:68] INFO Select clients [0, 1, 2, 3, 4, 5, 6, 7, 8, 9, 10, 11, 12, 13, 14, 15, 16, 17, 18, 19] at time 2197.
2025-04-25 03:22:17,238 asyncbase.py iterate [line:73] INFO Receive new models from clients [5] at time 2209
2025-04-25 03:22:17,238 asyncbase.py iterate [line:73] INFO Receive new models from clients [2, 10, 4, 8, 3, 19, 7, 16, 1] at time 2210
2025-04-25 03:22:17,239 asyncbase.py iterate [line:73] INFO Receive new models from clients [9, 15, 11, 13, 0, 17, 6, 18] at time 2211
2025-04-25 03:22:17,239 asyncbase.py iterate [line:73] INFO Receive new models from clients [14, 12] at time 2212
2025-04-25 03:22:17,292 fedbase.py run [line:318] INFO --------------Round 143--------------
2025-04-25 03:22:17,292 simple_logger.py log_once [line:14] INFO Current_time:2212
2025-04-25 03:22:19,292 simple_logger.py log_once [line:28] INFO test_accuracy                 0.9857
2025-04-25 03:22:19,292 simple_logger.py log_once [line:28] INFO test_loss                     0.0438
2025-04-25 03:22:19,293 simple_logger.py log_once [line:28] INFO val_accuracy                  0.9837
2025-04-25 03:22:19,293 simple_logger.py log_once [line:28] INFO mean_val_accuracy             0.9837
2025-04-25 03:22:19,293 simple_logger.py log_once [line:28] INFO std_val_accuracy              0.0046
2025-04-25 03:22:19,293 simple_logger.py log_once [line:28] INFO val_loss                      0.0582
2025-04-25 03:22:19,293 simple_logger.py log_once [line:28] INFO mean_val_loss                 0.0582
2025-04-25 03:22:19,293 simple_logger.py log_once [line:28] INFO std_val_loss                  0.0202
2025-04-25 03:22:19,293 fedbase.py run [line:323] INFO expense           28288150.0
2025-04-25 03:22:19,293 fedbase.py run [line:324] INFO Eval Time Cost:               2.0008s
2025-04-25 03:22:19,293 asyncbase.py iterate [line:68] INFO Select clients [0, 1, 2, 3, 4, 5, 6, 7, 8, 9, 10, 11, 12, 13, 14, 15, 16, 17, 18, 19] at time 2213.
2025-04-25 03:22:30,397 asyncbase.py iterate [line:73] INFO Receive new models from clients [6, 18, 16, 19] at time 2225
2025-04-25 03:22:30,398 asyncbase.py iterate [line:73] INFO Receive new models from clients [12, 7, 11, 8, 17, 13] at time 2226
2025-04-25 03:22:30,398 asyncbase.py iterate [line:73] INFO Receive new models from clients [2, 0, 5, 14, 1, 15, 9, 10] at time 2227
2025-04-25 03:22:30,398 asyncbase.py iterate [line:73] INFO Receive new models from clients [3, 4] at time 2228
2025-04-25 03:22:30,452 fedbase.py run [line:318] INFO --------------Round 144--------------
2025-04-25 03:22:30,452 simple_logger.py log_once [line:14] INFO Current_time:2228
2025-04-25 03:22:32,457 simple_logger.py log_once [line:28] INFO test_accuracy                 0.9859
2025-04-25 03:22:32,457 simple_logger.py log_once [line:28] INFO test_loss                     0.0440
2025-04-25 03:22:32,457 simple_logger.py log_once [line:28] INFO val_accuracy                  0.9837
2025-04-25 03:22:32,457 simple_logger.py log_once [line:28] INFO mean_val_accuracy             0.9837
2025-04-25 03:22:32,457 simple_logger.py log_once [line:28] INFO std_val_accuracy              0.0047
2025-04-25 03:22:32,457 simple_logger.py log_once [line:28] INFO val_loss                      0.0575
2025-04-25 03:22:32,457 simple_logger.py log_once [line:28] INFO mean_val_loss                 0.0575
2025-04-25 03:22:32,457 simple_logger.py log_once [line:28] INFO std_val_loss                  0.0203
2025-04-25 03:22:32,457 fedbase.py run [line:323] INFO expense           28311990.0
2025-04-25 03:22:32,457 fedbase.py run [line:324] INFO Eval Time Cost:               2.0051s
2025-04-25 03:22:32,457 asyncbase.py iterate [line:68] INFO Select clients [0, 1, 2, 3, 4, 5, 6, 7, 8, 9, 10, 11, 12, 13, 14, 15, 16, 17, 18, 19] at time 2229.
2025-04-25 03:22:44,159 asyncbase.py iterate [line:73] INFO Receive new models from clients [0] at time 2241
2025-04-25 03:22:44,160 asyncbase.py iterate [line:73] INFO Receive new models from clients [13, 2, 17, 9, 15, 6, 18, 14] at time 2242
2025-04-25 03:22:44,160 asyncbase.py iterate [line:73] INFO Receive new models from clients [12, 19, 3, 4, 5, 7, 8, 11, 1, 16] at time 2243
2025-04-25 03:22:44,160 asyncbase.py iterate [line:73] INFO Receive new models from clients [10] at time 2244
2025-04-25 03:22:44,214 fedbase.py run [line:318] INFO --------------Round 145--------------
2025-04-25 03:22:44,214 simple_logger.py log_once [line:14] INFO Current_time:2244
2025-04-25 03:22:46,226 simple_logger.py log_once [line:28] INFO test_accuracy                 0.9858
2025-04-25 03:22:46,226 simple_logger.py log_once [line:28] INFO test_loss                     0.0432
2025-04-25 03:22:46,226 simple_logger.py log_once [line:28] INFO val_accuracy                  0.9837
2025-04-25 03:22:46,226 simple_logger.py log_once [line:28] INFO mean_val_accuracy             0.9837
2025-04-25 03:22:46,226 simple_logger.py log_once [line:28] INFO std_val_accuracy              0.0047
2025-04-25 03:22:46,226 simple_logger.py log_once [line:28] INFO val_loss                      0.0582
2025-04-25 03:22:46,226 simple_logger.py log_once [line:28] INFO mean_val_loss                 0.0582
2025-04-25 03:22:46,226 simple_logger.py log_once [line:28] INFO std_val_loss                  0.0198
2025-04-25 03:22:46,226 fedbase.py run [line:323] INFO expense           28335830.0
2025-04-25 03:22:46,226 fedbase.py run [line:324] INFO Eval Time Cost:               2.0125s
2025-04-25 03:22:46,226 asyncbase.py iterate [line:68] INFO Select clients [0, 1, 2, 3, 4, 5, 6, 7, 8, 9, 10, 11, 12, 13, 14, 15, 16, 17, 18, 19] at time 2245.
2025-04-25 03:22:58,133 asyncbase.py iterate [line:73] INFO Receive new models from clients [12, 18, 13] at time 2257
2025-04-25 03:22:58,133 asyncbase.py iterate [line:73] INFO Receive new models from clients [3, 5, 2, 1, 4, 15] at time 2258
2025-04-25 03:22:58,134 asyncbase.py iterate [line:73] INFO Receive new models from clients [16, 9, 11, 8, 0, 17, 14, 6, 7, 10] at time 2259
2025-04-25 03:22:58,134 asyncbase.py iterate [line:73] INFO Receive new models from clients [19] at time 2260
2025-04-25 03:22:58,187 fedbase.py run [line:318] INFO --------------Round 146--------------
2025-04-25 03:22:58,187 simple_logger.py log_once [line:14] INFO Current_time:2260
2025-04-25 03:23:00,184 simple_logger.py log_once [line:28] INFO test_accuracy                 0.9857
2025-04-25 03:23:00,185 simple_logger.py log_once [line:28] INFO test_loss                     0.0430
2025-04-25 03:23:00,185 simple_logger.py log_once [line:28] INFO val_accuracy                  0.9840
2025-04-25 03:23:00,185 simple_logger.py log_once [line:28] INFO mean_val_accuracy             0.9840
2025-04-25 03:23:00,185 simple_logger.py log_once [line:28] INFO std_val_accuracy              0.0049
2025-04-25 03:23:00,185 simple_logger.py log_once [line:28] INFO val_loss                      0.0584
2025-04-25 03:23:00,185 simple_logger.py log_once [line:28] INFO mean_val_loss                 0.0584
2025-04-25 03:23:00,185 simple_logger.py log_once [line:28] INFO std_val_loss                  0.0194
2025-04-25 03:23:00,185 fedbase.py run [line:323] INFO expense           28359670.0
2025-04-25 03:23:00,185 fedbase.py run [line:324] INFO Eval Time Cost:               1.9984s
2025-04-25 03:23:00,185 asyncbase.py iterate [line:68] INFO Select clients [0, 1, 2, 3, 4, 5, 6, 7, 8, 9, 10, 11, 12, 13, 14, 15, 16, 17, 18, 19] at time 2261.
2025-04-25 03:23:12,085 asyncbase.py iterate [line:73] INFO Receive new models from clients [11, 13] at time 2273
2025-04-25 03:23:12,085 asyncbase.py iterate [line:73] INFO Receive new models from clients [17, 16, 3, 1, 15, 9, 7, 0, 6, 4] at time 2274
2025-04-25 03:23:12,086 asyncbase.py iterate [line:73] INFO Receive new models from clients [8, 18, 12, 5, 14, 2, 19] at time 2275
2025-04-25 03:23:12,086 asyncbase.py iterate [line:73] INFO Receive new models from clients [10] at time 2276
2025-04-25 03:23:12,139 fedbase.py run [line:318] INFO --------------Round 147--------------
2025-04-25 03:23:12,139 simple_logger.py log_once [line:14] INFO Current_time:2276
2025-04-25 03:23:14,132 simple_logger.py log_once [line:28] INFO test_accuracy                 0.9861
2025-04-25 03:23:14,132 simple_logger.py log_once [line:28] INFO test_loss                     0.0436
2025-04-25 03:23:14,132 simple_logger.py log_once [line:28] INFO val_accuracy                  0.9845
2025-04-25 03:23:14,132 simple_logger.py log_once [line:28] INFO mean_val_accuracy             0.9845
2025-04-25 03:23:14,132 simple_logger.py log_once [line:28] INFO std_val_accuracy              0.0044
2025-04-25 03:23:14,132 simple_logger.py log_once [line:28] INFO val_loss                      0.0574
2025-04-25 03:23:14,132 simple_logger.py log_once [line:28] INFO mean_val_loss                 0.0574
2025-04-25 03:23:14,132 simple_logger.py log_once [line:28] INFO std_val_loss                  0.0199
2025-04-25 03:23:14,132 fedbase.py run [line:323] INFO expense           28383510.0
2025-04-25 03:23:14,132 fedbase.py run [line:324] INFO Eval Time Cost:               1.9935s
2025-04-25 03:23:14,132 asyncbase.py iterate [line:68] INFO Select clients [0, 1, 2, 3, 4, 5, 6, 7, 8, 9, 10, 11, 12, 13, 14, 15, 16, 17, 18, 19] at time 2277.
2025-04-25 03:23:25,391 asyncbase.py iterate [line:73] INFO Receive new models from clients [6, 7] at time 2289
2025-04-25 03:23:25,392 asyncbase.py iterate [line:73] INFO Receive new models from clients [2, 0, 1, 3, 5, 19, 4, 13] at time 2290
2025-04-25 03:23:25,392 asyncbase.py iterate [line:73] INFO Receive new models from clients [16, 11, 9, 18, 12] at time 2291
2025-04-25 03:23:25,392 asyncbase.py iterate [line:73] INFO Receive new models from clients [17, 8, 15, 10, 14] at time 2292
2025-04-25 03:23:25,448 fedbase.py run [line:318] INFO --------------Round 148--------------
2025-04-25 03:23:25,448 simple_logger.py log_once [line:14] INFO Current_time:2292
2025-04-25 03:23:27,466 simple_logger.py log_once [line:28] INFO test_accuracy                 0.9862
2025-04-25 03:23:27,466 simple_logger.py log_once [line:28] INFO test_loss                     0.0431
2025-04-25 03:23:27,466 simple_logger.py log_once [line:28] INFO val_accuracy                  0.9840
2025-04-25 03:23:27,466 simple_logger.py log_once [line:28] INFO mean_val_accuracy             0.9840
2025-04-25 03:23:27,466 simple_logger.py log_once [line:28] INFO std_val_accuracy              0.0047
2025-04-25 03:23:27,466 simple_logger.py log_once [line:28] INFO val_loss                      0.0571
2025-04-25 03:23:27,466 simple_logger.py log_once [line:28] INFO mean_val_loss                 0.0571
2025-04-25 03:23:27,466 simple_logger.py log_once [line:28] INFO std_val_loss                  0.0197
2025-04-25 03:23:27,466 fedbase.py run [line:323] INFO expense           28407350.0
2025-04-25 03:23:27,466 fedbase.py run [line:324] INFO Eval Time Cost:               2.0183s
2025-04-25 03:23:27,466 asyncbase.py iterate [line:68] INFO Select clients [0, 1, 2, 3, 4, 5, 6, 7, 8, 9, 10, 11, 12, 13, 14, 15, 16, 17, 18, 19] at time 2293.
2025-04-25 03:23:38,771 asyncbase.py iterate [line:73] INFO Receive new models from clients [10, 19, 16, 18] at time 2305
2025-04-25 03:23:38,771 asyncbase.py iterate [line:73] INFO Receive new models from clients [11, 7, 1, 8, 6, 14, 4, 13, 3] at time 2306
2025-04-25 03:23:38,771 asyncbase.py iterate [line:73] INFO Receive new models from clients [15, 12, 17, 5, 2] at time 2307
2025-04-25 03:23:38,771 asyncbase.py iterate [line:73] INFO Receive new models from clients [0, 9] at time 2308
2025-04-25 03:23:38,825 fedbase.py run [line:318] INFO --------------Round 149--------------
2025-04-25 03:23:38,826 simple_logger.py log_once [line:14] INFO Current_time:2308
2025-04-25 03:23:40,831 simple_logger.py log_once [line:28] INFO test_accuracy                 0.9854
2025-04-25 03:23:40,831 simple_logger.py log_once [line:28] INFO test_loss                     0.0434
2025-04-25 03:23:40,831 simple_logger.py log_once [line:28] INFO val_accuracy                  0.9838
2025-04-25 03:23:40,831 simple_logger.py log_once [line:28] INFO mean_val_accuracy             0.9838
2025-04-25 03:23:40,831 simple_logger.py log_once [line:28] INFO std_val_accuracy              0.0053
2025-04-25 03:23:40,831 simple_logger.py log_once [line:28] INFO val_loss                      0.0575
2025-04-25 03:23:40,831 simple_logger.py log_once [line:28] INFO mean_val_loss                 0.0575
2025-04-25 03:23:40,831 simple_logger.py log_once [line:28] INFO std_val_loss                  0.0207
2025-04-25 03:23:40,831 fedbase.py run [line:323] INFO expense           28431190.0
2025-04-25 03:23:40,831 fedbase.py run [line:324] INFO Eval Time Cost:               2.0059s
2025-04-25 03:23:40,832 asyncbase.py iterate [line:68] INFO Select clients [0, 1, 2, 3, 4, 5, 6, 7, 8, 9, 10, 11, 12, 13, 14, 15, 16, 17, 18, 19] at time 2309.
2025-04-25 03:23:52,663 asyncbase.py iterate [line:73] INFO Receive new models from clients [7, 17] at time 2321
2025-04-25 03:23:52,663 asyncbase.py iterate [line:73] INFO Receive new models from clients [14, 2, 6, 8, 1, 18, 19, 16, 5, 12] at time 2322
2025-04-25 03:23:52,663 asyncbase.py iterate [line:73] INFO Receive new models from clients [4, 3, 10, 0, 9, 13] at time 2323
2025-04-25 03:23:52,664 asyncbase.py iterate [line:73] INFO Receive new models from clients [11, 15] at time 2324
2025-04-25 03:23:52,716 fedbase.py run [line:318] INFO --------------Round 150--------------
2025-04-25 03:23:52,716 simple_logger.py log_once [line:14] INFO Current_time:2324
2025-04-25 03:23:54,732 simple_logger.py log_once [line:28] INFO test_accuracy                 0.9857
2025-04-25 03:23:54,732 simple_logger.py log_once [line:28] INFO test_loss                     0.0430
2025-04-25 03:23:54,732 simple_logger.py log_once [line:28] INFO val_accuracy                  0.9848
2025-04-25 03:23:54,732 simple_logger.py log_once [line:28] INFO mean_val_accuracy             0.9848
2025-04-25 03:23:54,732 simple_logger.py log_once [line:28] INFO std_val_accuracy              0.0054
2025-04-25 03:23:54,732 simple_logger.py log_once [line:28] INFO val_loss                      0.0572
2025-04-25 03:23:54,732 simple_logger.py log_once [line:28] INFO mean_val_loss                 0.0572
2025-04-25 03:23:54,733 simple_logger.py log_once [line:28] INFO std_val_loss                  0.0202
2025-04-25 03:23:54,733 fedbase.py run [line:323] INFO expense           28455030.0
2025-04-25 03:23:54,733 fedbase.py run [line:324] INFO Eval Time Cost:               2.0168s
2025-04-25 03:23:54,733 asyncbase.py iterate [line:68] INFO Select clients [0, 1, 2, 3, 4, 5, 6, 7, 8, 9, 10, 11, 12, 13, 14, 15, 16, 17, 18, 19] at time 2325.
2025-04-25 03:24:06,202 asyncbase.py iterate [line:73] INFO Receive new models from clients [9, 7, 2] at time 2337
2025-04-25 03:24:06,203 asyncbase.py iterate [line:73] INFO Receive new models from clients [19, 3, 16, 10, 17, 13, 15, 18, 11, 4, 1] at time 2338
2025-04-25 03:24:06,203 asyncbase.py iterate [line:73] INFO Receive new models from clients [0, 5, 8, 6, 14, 12] at time 2339
2025-04-25 03:24:06,281 fedbase.py run [line:318] INFO --------------Round 151--------------
2025-04-25 03:24:06,282 simple_logger.py log_once [line:14] INFO Current_time:2339
2025-04-25 03:24:09,093 simple_logger.py log_once [line:28] INFO test_accuracy                 0.9856
2025-04-25 03:24:09,093 simple_logger.py log_once [line:28] INFO test_loss                     0.0432
2025-04-25 03:24:09,093 simple_logger.py log_once [line:28] INFO val_accuracy                  0.9843
2025-04-25 03:24:09,093 simple_logger.py log_once [line:28] INFO mean_val_accuracy             0.9843
2025-04-25 03:24:09,093 simple_logger.py log_once [line:28] INFO std_val_accuracy              0.0054
2025-04-25 03:24:09,093 simple_logger.py log_once [line:28] INFO val_loss                      0.0576
2025-04-25 03:24:09,093 simple_logger.py log_once [line:28] INFO mean_val_loss                 0.0576
2025-04-25 03:24:09,093 simple_logger.py log_once [line:28] INFO std_val_loss                  0.0208
2025-04-25 03:24:09,093 fedbase.py run [line:323] INFO expense           28478870.0
2025-04-25 03:24:09,093 fedbase.py run [line:324] INFO Eval Time Cost:               2.8118s
2025-04-25 03:24:09,094 asyncbase.py iterate [line:68] INFO Select clients [0, 1, 2, 3, 4, 5, 6, 7, 8, 9, 10, 11, 12, 13, 14, 15, 16, 17, 18, 19] at time 2340.
2025-04-25 03:24:20,130 asyncbase.py iterate [line:73] INFO Receive new models from clients [4, 12] at time 2352
2025-04-25 03:24:20,130 asyncbase.py iterate [line:73] INFO Receive new models from clients [10, 5, 13, 16, 14, 6, 15, 18] at time 2353
2025-04-25 03:24:20,130 asyncbase.py iterate [line:73] INFO Receive new models from clients [11, 9, 7, 2, 1, 3] at time 2354
2025-04-25 03:24:20,130 asyncbase.py iterate [line:73] INFO Receive new models from clients [8, 19, 17, 0] at time 2355
2025-04-25 03:24:20,182 fedbase.py run [line:318] INFO --------------Round 152--------------
2025-04-25 03:24:20,183 simple_logger.py log_once [line:14] INFO Current_time:2355
2025-04-25 03:24:22,196 simple_logger.py log_once [line:28] INFO test_accuracy                 0.9854
2025-04-25 03:24:22,196 simple_logger.py log_once [line:28] INFO test_loss                     0.0427
2025-04-25 03:24:22,196 simple_logger.py log_once [line:28] INFO val_accuracy                  0.9840
2025-04-25 03:24:22,196 simple_logger.py log_once [line:28] INFO mean_val_accuracy             0.9840
2025-04-25 03:24:22,196 simple_logger.py log_once [line:28] INFO std_val_accuracy              0.0055
2025-04-25 03:24:22,196 simple_logger.py log_once [line:28] INFO val_loss                      0.0572
2025-04-25 03:24:22,196 simple_logger.py log_once [line:28] INFO mean_val_loss                 0.0572
2025-04-25 03:24:22,196 simple_logger.py log_once [line:28] INFO std_val_loss                  0.0207
2025-04-25 03:24:22,196 fedbase.py run [line:323] INFO expense           28502710.0
2025-04-25 03:24:22,196 fedbase.py run [line:324] INFO Eval Time Cost:               2.0137s
2025-04-25 03:24:22,196 asyncbase.py iterate [line:68] INFO Select clients [0, 1, 2, 3, 4, 5, 6, 7, 8, 9, 10, 11, 12, 13, 14, 15, 16, 17, 18, 19] at time 2356.
2025-04-25 03:24:33,688 asyncbase.py iterate [line:73] INFO Receive new models from clients [16] at time 2368
2025-04-25 03:24:33,688 asyncbase.py iterate [line:73] INFO Receive new models from clients [15, 3, 9, 12, 14, 17, 18, 8] at time 2369
2025-04-25 03:24:33,688 asyncbase.py iterate [line:73] INFO Receive new models from clients [5, 6, 11, 4, 7, 2, 0, 1, 19, 10, 13] at time 2370
2025-04-25 03:24:33,740 fedbase.py run [line:318] INFO --------------Round 153--------------
2025-04-25 03:24:33,741 simple_logger.py log_once [line:14] INFO Current_time:2370
2025-04-25 03:24:35,748 simple_logger.py log_once [line:28] INFO test_accuracy                 0.9858
2025-04-25 03:24:35,748 simple_logger.py log_once [line:28] INFO test_loss                     0.0425
2025-04-25 03:24:35,748 simple_logger.py log_once [line:28] INFO val_accuracy                  0.9843
2025-04-25 03:24:35,748 simple_logger.py log_once [line:28] INFO mean_val_accuracy             0.9843
2025-04-25 03:24:35,748 simple_logger.py log_once [line:28] INFO std_val_accuracy              0.0059
2025-04-25 03:24:35,748 simple_logger.py log_once [line:28] INFO val_loss                      0.0569
2025-04-25 03:24:35,748 simple_logger.py log_once [line:28] INFO mean_val_loss                 0.0569
2025-04-25 03:24:35,748 simple_logger.py log_once [line:28] INFO std_val_loss                  0.0202
2025-04-25 03:24:35,748 fedbase.py run [line:323] INFO expense           28526550.0
2025-04-25 03:24:35,748 fedbase.py run [line:324] INFO Eval Time Cost:               2.0076s
2025-04-25 03:24:35,748 asyncbase.py iterate [line:68] INFO Select clients [0, 1, 2, 3, 4, 5, 6, 7, 8, 9, 10, 11, 12, 13, 14, 15, 16, 17, 18, 19] at time 2371.
2025-04-25 03:24:47,211 asyncbase.py iterate [line:73] INFO Receive new models from clients [0] at time 2383
2025-04-25 03:24:47,211 asyncbase.py iterate [line:73] INFO Receive new models from clients [16, 11, 4, 1, 18, 12, 2, 10] at time 2384
2025-04-25 03:24:47,211 asyncbase.py iterate [line:73] INFO Receive new models from clients [13, 3, 14, 9, 17, 15, 8, 5, 7, 6] at time 2385
2025-04-25 03:24:47,212 asyncbase.py iterate [line:73] INFO Receive new models from clients [19] at time 2386
2025-04-25 03:24:47,264 fedbase.py run [line:318] INFO --------------Round 154--------------
2025-04-25 03:24:47,264 simple_logger.py log_once [line:14] INFO Current_time:2386
2025-04-25 03:24:49,276 simple_logger.py log_once [line:28] INFO test_accuracy                 0.9868
2025-04-25 03:24:49,277 simple_logger.py log_once [line:28] INFO test_loss                     0.0426
2025-04-25 03:24:49,277 simple_logger.py log_once [line:28] INFO val_accuracy                  0.9843
2025-04-25 03:24:49,277 simple_logger.py log_once [line:28] INFO mean_val_accuracy             0.9843
2025-04-25 03:24:49,277 simple_logger.py log_once [line:28] INFO std_val_accuracy              0.0047
2025-04-25 03:24:49,277 simple_logger.py log_once [line:28] INFO val_loss                      0.0566
2025-04-25 03:24:49,277 simple_logger.py log_once [line:28] INFO mean_val_loss                 0.0566
2025-04-25 03:24:49,277 simple_logger.py log_once [line:28] INFO std_val_loss                  0.0203
2025-04-25 03:24:49,277 fedbase.py run [line:323] INFO expense           28550390.0
2025-04-25 03:24:49,277 fedbase.py run [line:324] INFO Eval Time Cost:               2.0127s
2025-04-25 03:24:49,277 asyncbase.py iterate [line:68] INFO Select clients [0, 1, 2, 3, 4, 5, 6, 7, 8, 9, 10, 11, 12, 13, 14, 15, 16, 17, 18, 19] at time 2387.
2025-04-25 03:25:00,594 asyncbase.py iterate [line:73] INFO Receive new models from clients [4, 14, 13, 16, 5, 2] at time 2399
2025-04-25 03:25:00,595 asyncbase.py iterate [line:73] INFO Receive new models from clients [12, 19, 8, 15, 7, 11, 0] at time 2400
2025-04-25 03:25:00,595 asyncbase.py iterate [line:73] INFO Receive new models from clients [10, 3, 9, 6, 18, 17] at time 2401
2025-04-25 03:25:00,595 asyncbase.py iterate [line:73] INFO Receive new models from clients [1] at time 2402
2025-04-25 03:25:00,649 fedbase.py run [line:318] INFO --------------Round 155--------------
2025-04-25 03:25:00,649 simple_logger.py log_once [line:14] INFO Current_time:2402
2025-04-25 03:25:02,645 simple_logger.py log_once [line:28] INFO test_accuracy                 0.9863
2025-04-25 03:25:02,645 simple_logger.py log_once [line:28] INFO test_loss                     0.0423
2025-04-25 03:25:02,645 simple_logger.py log_once [line:28] INFO val_accuracy                  0.9843
2025-04-25 03:25:02,645 simple_logger.py log_once [line:28] INFO mean_val_accuracy             0.9843
2025-04-25 03:25:02,645 simple_logger.py log_once [line:28] INFO std_val_accuracy              0.0047
2025-04-25 03:25:02,645 simple_logger.py log_once [line:28] INFO val_loss                      0.0569
2025-04-25 03:25:02,645 simple_logger.py log_once [line:28] INFO mean_val_loss                 0.0569
2025-04-25 03:25:02,645 simple_logger.py log_once [line:28] INFO std_val_loss                  0.0201
2025-04-25 03:25:02,645 fedbase.py run [line:323] INFO expense           28574230.0
2025-04-25 03:25:02,645 fedbase.py run [line:324] INFO Eval Time Cost:               1.9965s
2025-04-25 03:25:02,646 asyncbase.py iterate [line:68] INFO Select clients [0, 1, 2, 3, 4, 5, 6, 7, 8, 9, 10, 11, 12, 13, 14, 15, 16, 17, 18, 19] at time 2403.
2025-04-25 03:25:14,061 asyncbase.py iterate [line:73] INFO Receive new models from clients [15] at time 2415
2025-04-25 03:25:14,062 asyncbase.py iterate [line:73] INFO Receive new models from clients [8, 2, 16, 19, 10, 4, 1, 5] at time 2416
2025-04-25 03:25:14,062 asyncbase.py iterate [line:73] INFO Receive new models from clients [18, 12, 3, 13, 17, 0, 14, 9, 7] at time 2417
2025-04-25 03:25:14,062 asyncbase.py iterate [line:73] INFO Receive new models from clients [11, 6] at time 2418
2025-04-25 03:25:14,114 fedbase.py run [line:318] INFO --------------Round 156--------------
2025-04-25 03:25:14,115 simple_logger.py log_once [line:14] INFO Current_time:2418
2025-04-25 03:25:16,126 simple_logger.py log_once [line:28] INFO test_accuracy                 0.9857
2025-04-25 03:25:16,127 simple_logger.py log_once [line:28] INFO test_loss                     0.0432
2025-04-25 03:25:16,127 simple_logger.py log_once [line:28] INFO val_accuracy                  0.9847
2025-04-25 03:25:16,127 simple_logger.py log_once [line:28] INFO mean_val_accuracy             0.9847
2025-04-25 03:25:16,127 simple_logger.py log_once [line:28] INFO std_val_accuracy              0.0057
2025-04-25 03:25:16,127 simple_logger.py log_once [line:28] INFO val_loss                      0.0570
2025-04-25 03:25:16,127 simple_logger.py log_once [line:28] INFO mean_val_loss                 0.0570
2025-04-25 03:25:16,127 simple_logger.py log_once [line:28] INFO std_val_loss                  0.0209
2025-04-25 03:25:16,127 fedbase.py run [line:323] INFO expense           28598070.0
2025-04-25 03:25:16,127 fedbase.py run [line:324] INFO Eval Time Cost:               2.0125s
2025-04-25 03:25:16,127 asyncbase.py iterate [line:68] INFO Select clients [0, 1, 2, 3, 4, 5, 6, 7, 8, 9, 10, 11, 12, 13, 14, 15, 16, 17, 18, 19] at time 2419.
2025-04-25 03:25:27,715 asyncbase.py iterate [line:73] INFO Receive new models from clients [14, 5] at time 2431
2025-04-25 03:25:27,715 asyncbase.py iterate [line:73] INFO Receive new models from clients [12, 19, 4, 9, 13, 8, 2] at time 2432
2025-04-25 03:25:27,715 asyncbase.py iterate [line:73] INFO Receive new models from clients [16, 17, 10, 15, 6, 18, 0, 3, 7, 11, 1] at time 2433
2025-04-25 03:25:27,769 fedbase.py run [line:318] INFO --------------Round 157--------------
2025-04-25 03:25:27,769 simple_logger.py log_once [line:14] INFO Current_time:2433
2025-04-25 03:25:29,777 simple_logger.py log_once [line:28] INFO test_accuracy                 0.9852
2025-04-25 03:25:29,777 simple_logger.py log_once [line:28] INFO test_loss                     0.0423
2025-04-25 03:25:29,777 simple_logger.py log_once [line:28] INFO val_accuracy                  0.9842
2025-04-25 03:25:29,777 simple_logger.py log_once [line:28] INFO mean_val_accuracy             0.9842
2025-04-25 03:25:29,777 simple_logger.py log_once [line:28] INFO std_val_accuracy              0.0050
2025-04-25 03:25:29,777 simple_logger.py log_once [line:28] INFO val_loss                      0.0568
2025-04-25 03:25:29,777 simple_logger.py log_once [line:28] INFO mean_val_loss                 0.0568
2025-04-25 03:25:29,777 simple_logger.py log_once [line:28] INFO std_val_loss                  0.0206
2025-04-25 03:25:29,777 fedbase.py run [line:323] INFO expense           28621910.0
2025-04-25 03:25:29,777 fedbase.py run [line:324] INFO Eval Time Cost:               2.0077s
2025-04-25 03:25:29,777 asyncbase.py iterate [line:68] INFO Select clients [0, 1, 2, 3, 4, 5, 6, 7, 8, 9, 10, 11, 12, 13, 14, 15, 16, 17, 18, 19] at time 2434.
2025-04-25 03:25:41,372 asyncbase.py iterate [line:73] INFO Receive new models from clients [2, 17] at time 2446
2025-04-25 03:25:41,372 asyncbase.py iterate [line:73] INFO Receive new models from clients [13, 6, 0, 11, 9, 7, 14, 15] at time 2447
2025-04-25 03:25:41,373 asyncbase.py iterate [line:73] INFO Receive new models from clients [5, 16, 3, 10, 19, 8, 12] at time 2448
2025-04-25 03:25:41,373 asyncbase.py iterate [line:73] INFO Receive new models from clients [4, 18, 1] at time 2449
2025-04-25 03:25:41,428 fedbase.py run [line:318] INFO --------------Round 158--------------
2025-04-25 03:25:41,428 simple_logger.py log_once [line:14] INFO Current_time:2449
2025-04-25 03:25:43,414 simple_logger.py log_once [line:28] INFO test_accuracy                 0.9870
2025-04-25 03:25:43,414 simple_logger.py log_once [line:28] INFO test_loss                     0.0414
2025-04-25 03:25:43,414 simple_logger.py log_once [line:28] INFO val_accuracy                  0.9840
2025-04-25 03:25:43,414 simple_logger.py log_once [line:28] INFO mean_val_accuracy             0.9840
2025-04-25 03:25:43,414 simple_logger.py log_once [line:28] INFO std_val_accuracy              0.0050
2025-04-25 03:25:43,414 simple_logger.py log_once [line:28] INFO val_loss                      0.0564
2025-04-25 03:25:43,415 simple_logger.py log_once [line:28] INFO mean_val_loss                 0.0564
2025-04-25 03:25:43,415 simple_logger.py log_once [line:28] INFO std_val_loss                  0.0202
2025-04-25 03:25:43,415 fedbase.py run [line:323] INFO expense           28645750.0
2025-04-25 03:25:43,415 fedbase.py run [line:324] INFO Eval Time Cost:               1.9863s
2025-04-25 03:25:43,415 asyncbase.py iterate [line:68] INFO Select clients [0, 1, 2, 3, 4, 5, 6, 7, 8, 9, 10, 11, 12, 13, 14, 15, 16, 17, 18, 19] at time 2450.
2025-04-25 03:25:55,547 asyncbase.py iterate [line:73] INFO Receive new models from clients [2, 17, 8] at time 2462
2025-04-25 03:25:55,548 asyncbase.py iterate [line:73] INFO Receive new models from clients [3, 15, 19, 9, 14, 0, 10] at time 2463
2025-04-25 03:25:55,548 asyncbase.py iterate [line:73] INFO Receive new models from clients [5, 6, 7, 4, 13, 18, 16, 11, 1, 12] at time 2464
2025-04-25 03:25:55,600 fedbase.py run [line:318] INFO --------------Round 159--------------
2025-04-25 03:25:55,600 simple_logger.py log_once [line:14] INFO Current_time:2464
2025-04-25 03:25:57,592 simple_logger.py log_once [line:28] INFO test_accuracy                 0.9866
2025-04-25 03:25:57,592 simple_logger.py log_once [line:28] INFO test_loss                     0.0415
2025-04-25 03:25:57,593 simple_logger.py log_once [line:28] INFO val_accuracy                  0.9845
2025-04-25 03:25:57,593 simple_logger.py log_once [line:28] INFO mean_val_accuracy             0.9845
2025-04-25 03:25:57,593 simple_logger.py log_once [line:28] INFO std_val_accuracy              0.0053
2025-04-25 03:25:57,593 simple_logger.py log_once [line:28] INFO val_loss                      0.0563
2025-04-25 03:25:57,593 simple_logger.py log_once [line:28] INFO mean_val_loss                 0.0563
2025-04-25 03:25:57,593 simple_logger.py log_once [line:28] INFO std_val_loss                  0.0204
2025-04-25 03:25:57,593 fedbase.py run [line:323] INFO expense           28669590.0
2025-04-25 03:25:57,593 fedbase.py run [line:324] INFO Eval Time Cost:               1.9925s
2025-04-25 03:25:57,593 asyncbase.py iterate [line:68] INFO Select clients [0, 1, 2, 3, 4, 5, 6, 7, 8, 9, 10, 11, 12, 13, 14, 15, 16, 17, 18, 19] at time 2465.
2025-04-25 03:26:09,005 asyncbase.py iterate [line:73] INFO Receive new models from clients [1, 0, 19] at time 2477
2025-04-25 03:26:09,005 asyncbase.py iterate [line:73] INFO Receive new models from clients [12, 10, 6, 7, 3, 13] at time 2478
2025-04-25 03:26:09,006 asyncbase.py iterate [line:73] INFO Receive new models from clients [2, 5, 18, 14, 17, 9, 8, 11, 16] at time 2479
2025-04-25 03:26:09,006 asyncbase.py iterate [line:73] INFO Receive new models from clients [4, 15] at time 2480
2025-04-25 03:26:09,058 fedbase.py run [line:318] INFO --------------Round 160--------------
2025-04-25 03:26:09,058 simple_logger.py log_once [line:14] INFO Current_time:2480
2025-04-25 03:26:11,065 simple_logger.py log_once [line:28] INFO test_accuracy                 0.9859
2025-04-25 03:26:11,065 simple_logger.py log_once [line:28] INFO test_loss                     0.0419
2025-04-25 03:26:11,065 simple_logger.py log_once [line:28] INFO val_accuracy                  0.9845
2025-04-25 03:26:11,065 simple_logger.py log_once [line:28] INFO mean_val_accuracy             0.9845
2025-04-25 03:26:11,065 simple_logger.py log_once [line:28] INFO std_val_accuracy              0.0046
2025-04-25 03:26:11,065 simple_logger.py log_once [line:28] INFO val_loss                      0.0567
2025-04-25 03:26:11,065 simple_logger.py log_once [line:28] INFO mean_val_loss                 0.0567
2025-04-25 03:26:11,065 simple_logger.py log_once [line:28] INFO std_val_loss                  0.0201
2025-04-25 03:26:11,065 fedbase.py run [line:323] INFO expense           28693430.0
2025-04-25 03:26:11,066 fedbase.py run [line:324] INFO Eval Time Cost:               2.0071s
2025-04-25 03:26:11,066 asyncbase.py iterate [line:68] INFO Select clients [0, 1, 2, 3, 4, 5, 6, 7, 8, 9, 10, 11, 12, 13, 14, 15, 16, 17, 18, 19] at time 2481.
2025-04-25 03:26:23,784 asyncbase.py iterate [line:73] INFO Receive new models from clients [6] at time 2493
2025-04-25 03:26:23,784 asyncbase.py iterate [line:73] INFO Receive new models from clients [0, 17, 10, 3, 12, 2, 4] at time 2494
2025-04-25 03:26:23,785 asyncbase.py iterate [line:73] INFO Receive new models from clients [16, 15, 18, 19, 7, 9, 14] at time 2495
2025-04-25 03:26:23,785 asyncbase.py iterate [line:73] INFO Receive new models from clients [13, 5, 8, 11, 1] at time 2496
2025-04-25 03:26:23,839 fedbase.py run [line:318] INFO --------------Round 161--------------
2025-04-25 03:26:23,839 simple_logger.py log_once [line:14] INFO Current_time:2496
2025-04-25 03:26:25,835 simple_logger.py log_once [line:28] INFO test_accuracy                 0.9861
2025-04-25 03:26:25,835 simple_logger.py log_once [line:28] INFO test_loss                     0.0417
2025-04-25 03:26:25,835 simple_logger.py log_once [line:28] INFO val_accuracy                  0.9852
2025-04-25 03:26:25,835 simple_logger.py log_once [line:28] INFO mean_val_accuracy             0.9852
2025-04-25 03:26:25,835 simple_logger.py log_once [line:28] INFO std_val_accuracy              0.0049
2025-04-25 03:26:25,836 simple_logger.py log_once [line:28] INFO val_loss                      0.0554
2025-04-25 03:26:25,836 simple_logger.py log_once [line:28] INFO mean_val_loss                 0.0554
2025-04-25 03:26:25,836 simple_logger.py log_once [line:28] INFO std_val_loss                  0.0204
2025-04-25 03:26:25,836 fedbase.py run [line:323] INFO expense           28717270.0
2025-04-25 03:26:25,836 fedbase.py run [line:324] INFO Eval Time Cost:               1.9970s
2025-04-25 03:26:25,836 asyncbase.py iterate [line:68] INFO Select clients [0, 1, 2, 3, 4, 5, 6, 7, 8, 9, 10, 11, 12, 13, 14, 15, 16, 17, 18, 19] at time 2497.
2025-04-25 03:26:37,113 asyncbase.py iterate [line:73] INFO Receive new models from clients [12] at time 2509
2025-04-25 03:26:37,113 asyncbase.py iterate [line:73] INFO Receive new models from clients [9, 10, 18, 11, 3, 15, 1, 13, 6] at time 2510
2025-04-25 03:26:37,113 asyncbase.py iterate [line:73] INFO Receive new models from clients [8, 14, 17, 0, 16, 5, 19] at time 2511
2025-04-25 03:26:37,114 asyncbase.py iterate [line:73] INFO Receive new models from clients [7, 4, 2] at time 2512
2025-04-25 03:26:37,165 fedbase.py run [line:318] INFO --------------Round 162--------------
2025-04-25 03:26:37,165 simple_logger.py log_once [line:14] INFO Current_time:2512
2025-04-25 03:26:39,251 simple_logger.py log_once [line:28] INFO test_accuracy                 0.9867
2025-04-25 03:26:39,251 simple_logger.py log_once [line:28] INFO test_loss                     0.0418
2025-04-25 03:26:39,251 simple_logger.py log_once [line:28] INFO val_accuracy                  0.9852
2025-04-25 03:26:39,251 simple_logger.py log_once [line:28] INFO mean_val_accuracy             0.9852
2025-04-25 03:26:39,251 simple_logger.py log_once [line:28] INFO std_val_accuracy              0.0047
2025-04-25 03:26:39,252 simple_logger.py log_once [line:28] INFO val_loss                      0.0560
2025-04-25 03:26:39,252 simple_logger.py log_once [line:28] INFO mean_val_loss                 0.0560
2025-04-25 03:26:39,252 simple_logger.py log_once [line:28] INFO std_val_loss                  0.0199
2025-04-25 03:26:39,252 fedbase.py run [line:323] INFO expense           28741110.0
2025-04-25 03:26:39,252 fedbase.py run [line:324] INFO Eval Time Cost:               2.0865s
2025-04-25 03:26:39,252 asyncbase.py iterate [line:68] INFO Select clients [0, 1, 2, 3, 4, 5, 6, 7, 8, 9, 10, 11, 12, 13, 14, 15, 16, 17, 18, 19] at time 2513.
2025-04-25 03:26:50,124 asyncbase.py iterate [line:73] INFO Receive new models from clients [17, 14, 8] at time 2525
2025-04-25 03:26:50,125 asyncbase.py iterate [line:73] INFO Receive new models from clients [0, 1, 10, 3, 2, 15] at time 2526
2025-04-25 03:26:50,125 asyncbase.py iterate [line:73] INFO Receive new models from clients [6, 9, 12, 16, 13, 18, 19] at time 2527
2025-04-25 03:26:50,125 asyncbase.py iterate [line:73] INFO Receive new models from clients [5, 7, 11, 4] at time 2528
2025-04-25 03:26:50,176 fedbase.py run [line:318] INFO --------------Round 163--------------
2025-04-25 03:26:50,177 simple_logger.py log_once [line:14] INFO Current_time:2528
2025-04-25 03:26:52,160 simple_logger.py log_once [line:28] INFO test_accuracy                 0.9858
2025-04-25 03:26:52,160 simple_logger.py log_once [line:28] INFO test_loss                     0.0417
2025-04-25 03:26:52,160 simple_logger.py log_once [line:28] INFO val_accuracy                  0.9852
2025-04-25 03:26:52,160 simple_logger.py log_once [line:28] INFO mean_val_accuracy             0.9852
2025-04-25 03:26:52,161 simple_logger.py log_once [line:28] INFO std_val_accuracy              0.0055
2025-04-25 03:26:52,161 simple_logger.py log_once [line:28] INFO val_loss                      0.0552
2025-04-25 03:26:52,161 simple_logger.py log_once [line:28] INFO mean_val_loss                 0.0552
2025-04-25 03:26:52,161 simple_logger.py log_once [line:28] INFO std_val_loss                  0.0197
2025-04-25 03:26:52,161 fedbase.py run [line:323] INFO expense           28764950.0
2025-04-25 03:26:52,161 fedbase.py run [line:324] INFO Eval Time Cost:               1.9843s
2025-04-25 03:26:52,161 asyncbase.py iterate [line:68] INFO Select clients [0, 1, 2, 3, 4, 5, 6, 7, 8, 9, 10, 11, 12, 13, 14, 15, 16, 17, 18, 19] at time 2529.
2025-04-25 03:27:03,398 asyncbase.py iterate [line:73] INFO Receive new models from clients [5] at time 2541
2025-04-25 03:27:03,398 asyncbase.py iterate [line:73] INFO Receive new models from clients [3, 17, 13, 18, 0, 8, 6, 11, 12, 15, 7] at time 2542
2025-04-25 03:27:03,399 asyncbase.py iterate [line:73] INFO Receive new models from clients [16, 10, 1, 2] at time 2543
2025-04-25 03:27:03,399 asyncbase.py iterate [line:73] INFO Receive new models from clients [14, 4, 9, 19] at time 2544
2025-04-25 03:27:03,455 fedbase.py run [line:318] INFO --------------Round 164--------------
2025-04-25 03:27:03,455 simple_logger.py log_once [line:14] INFO Current_time:2544
2025-04-25 03:27:05,443 simple_logger.py log_once [line:28] INFO test_accuracy                 0.9864
2025-04-25 03:27:05,443 simple_logger.py log_once [line:28] INFO test_loss                     0.0410
2025-04-25 03:27:05,443 simple_logger.py log_once [line:28] INFO val_accuracy                  0.9847
2025-04-25 03:27:05,443 simple_logger.py log_once [line:28] INFO mean_val_accuracy             0.9847
2025-04-25 03:27:05,443 simple_logger.py log_once [line:28] INFO std_val_accuracy              0.0049
2025-04-25 03:27:05,443 simple_logger.py log_once [line:28] INFO val_loss                      0.0555
2025-04-25 03:27:05,443 simple_logger.py log_once [line:28] INFO mean_val_loss                 0.0555
2025-04-25 03:27:05,443 simple_logger.py log_once [line:28] INFO std_val_loss                  0.0201
2025-04-25 03:27:05,443 fedbase.py run [line:323] INFO expense           28788790.0
2025-04-25 03:27:05,443 fedbase.py run [line:324] INFO Eval Time Cost:               1.9883s
2025-04-25 03:27:05,443 asyncbase.py iterate [line:68] INFO Select clients [0, 1, 2, 3, 4, 5, 6, 7, 8, 9, 10, 11, 12, 13, 14, 15, 16, 17, 18, 19] at time 2545.
2025-04-25 03:27:16,777 asyncbase.py iterate [line:73] INFO Receive new models from clients [11, 3, 4, 7, 14] at time 2557
2025-04-25 03:27:16,777 asyncbase.py iterate [line:73] INFO Receive new models from clients [12, 16, 10, 2, 13, 9, 6, 1] at time 2558
2025-04-25 03:27:16,778 asyncbase.py iterate [line:73] INFO Receive new models from clients [18, 17, 8, 19, 5, 15] at time 2559
2025-04-25 03:27:16,778 asyncbase.py iterate [line:73] INFO Receive new models from clients [0] at time 2560
2025-04-25 03:27:16,833 fedbase.py run [line:318] INFO --------------Round 165--------------
2025-04-25 03:27:16,834 simple_logger.py log_once [line:14] INFO Current_time:2560
2025-04-25 03:27:18,835 simple_logger.py log_once [line:28] INFO test_accuracy                 0.9868
2025-04-25 03:27:18,835 simple_logger.py log_once [line:28] INFO test_loss                     0.0407
2025-04-25 03:27:18,835 simple_logger.py log_once [line:28] INFO val_accuracy                  0.9848
2025-04-25 03:27:18,835 simple_logger.py log_once [line:28] INFO mean_val_accuracy             0.9848
2025-04-25 03:27:18,835 simple_logger.py log_once [line:28] INFO std_val_accuracy              0.0050
2025-04-25 03:27:18,835 simple_logger.py log_once [line:28] INFO val_loss                      0.0556
2025-04-25 03:27:18,835 simple_logger.py log_once [line:28] INFO mean_val_loss                 0.0556
2025-04-25 03:27:18,835 simple_logger.py log_once [line:28] INFO std_val_loss                  0.0201
2025-04-25 03:27:18,835 fedbase.py run [line:323] INFO expense           28812630.0
2025-04-25 03:27:18,835 fedbase.py run [line:324] INFO Eval Time Cost:               2.0018s
2025-04-25 03:27:18,836 asyncbase.py iterate [line:68] INFO Select clients [0, 1, 2, 3, 4, 5, 6, 7, 8, 9, 10, 11, 12, 13, 14, 15, 16, 17, 18, 19] at time 2561.
2025-04-25 03:27:31,365 asyncbase.py iterate [line:73] INFO Receive new models from clients [2, 15, 4, 3] at time 2573
2025-04-25 03:27:31,365 asyncbase.py iterate [line:73] INFO Receive new models from clients [9, 5, 1, 11, 16, 13, 18, 0, 8, 14, 10, 7] at time 2574
2025-04-25 03:27:31,366 asyncbase.py iterate [line:73] INFO Receive new models from clients [12, 19, 6] at time 2575
2025-04-25 03:27:31,366 asyncbase.py iterate [line:73] INFO Receive new models from clients [17] at time 2576
2025-04-25 03:27:31,419 fedbase.py run [line:318] INFO --------------Round 166--------------
2025-04-25 03:27:31,420 simple_logger.py log_once [line:14] INFO Current_time:2576
2025-04-25 03:27:33,449 simple_logger.py log_once [line:28] INFO test_accuracy                 0.9867
2025-04-25 03:27:33,449 simple_logger.py log_once [line:28] INFO test_loss                     0.0417
2025-04-25 03:27:33,449 simple_logger.py log_once [line:28] INFO val_accuracy                  0.9857
2025-04-25 03:27:33,449 simple_logger.py log_once [line:28] INFO mean_val_accuracy             0.9857
2025-04-25 03:27:33,449 simple_logger.py log_once [line:28] INFO std_val_accuracy              0.0046
2025-04-25 03:27:33,449 simple_logger.py log_once [line:28] INFO val_loss                      0.0550
2025-04-25 03:27:33,449 simple_logger.py log_once [line:28] INFO mean_val_loss                 0.0550
2025-04-25 03:27:33,449 simple_logger.py log_once [line:28] INFO std_val_loss                  0.0196
2025-04-25 03:27:33,449 fedbase.py run [line:323] INFO expense           28836470.0
2025-04-25 03:27:33,449 fedbase.py run [line:324] INFO Eval Time Cost:               2.0298s
2025-04-25 03:27:33,450 asyncbase.py iterate [line:68] INFO Select clients [0, 1, 2, 3, 4, 5, 6, 7, 8, 9, 10, 11, 12, 13, 14, 15, 16, 17, 18, 19] at time 2577.
2025-04-25 03:27:45,079 asyncbase.py iterate [line:73] INFO Receive new models from clients [3, 0, 12] at time 2589
2025-04-25 03:27:45,079 asyncbase.py iterate [line:73] INFO Receive new models from clients [16, 19, 14, 1, 18] at time 2590
2025-04-25 03:27:45,079 asyncbase.py iterate [line:73] INFO Receive new models from clients [10, 13, 6, 7, 9, 17, 2, 8, 15, 5] at time 2591
2025-04-25 03:27:45,079 asyncbase.py iterate [line:73] INFO Receive new models from clients [11, 4] at time 2592
2025-04-25 03:27:45,131 fedbase.py run [line:318] INFO --------------Round 167--------------
2025-04-25 03:27:45,132 simple_logger.py log_once [line:14] INFO Current_time:2592
2025-04-25 03:27:47,146 simple_logger.py log_once [line:28] INFO test_accuracy                 0.9865
2025-04-25 03:27:47,146 simple_logger.py log_once [line:28] INFO test_loss                     0.0412
2025-04-25 03:27:47,146 simple_logger.py log_once [line:28] INFO val_accuracy                  0.9850
2025-04-25 03:27:47,146 simple_logger.py log_once [line:28] INFO mean_val_accuracy             0.9850
2025-04-25 03:27:47,146 simple_logger.py log_once [line:28] INFO std_val_accuracy              0.0061
2025-04-25 03:27:47,146 simple_logger.py log_once [line:28] INFO val_loss                      0.0549
2025-04-25 03:27:47,146 simple_logger.py log_once [line:28] INFO mean_val_loss                 0.0549
2025-04-25 03:27:47,146 simple_logger.py log_once [line:28] INFO std_val_loss                  0.0203
2025-04-25 03:27:47,146 fedbase.py run [line:323] INFO expense           28860310.0
2025-04-25 03:27:47,146 fedbase.py run [line:324] INFO Eval Time Cost:               2.0146s
2025-04-25 03:27:47,146 asyncbase.py iterate [line:68] INFO Select clients [0, 1, 2, 3, 4, 5, 6, 7, 8, 9, 10, 11, 12, 13, 14, 15, 16, 17, 18, 19] at time 2593.
2025-04-25 03:27:58,217 asyncbase.py iterate [line:73] INFO Receive new models from clients [4, 17] at time 2605
2025-04-25 03:27:58,218 asyncbase.py iterate [line:73] INFO Receive new models from clients [2, 19, 5, 16, 18, 8, 7, 15, 11] at time 2606
2025-04-25 03:27:58,218 asyncbase.py iterate [line:73] INFO Receive new models from clients [10, 14, 12, 9, 3] at time 2607
2025-04-25 03:27:58,218 asyncbase.py iterate [line:73] INFO Receive new models from clients [1, 13, 6, 0] at time 2608
2025-04-25 03:27:58,270 fedbase.py run [line:318] INFO --------------Round 168--------------
2025-04-25 03:27:58,270 simple_logger.py log_once [line:14] INFO Current_time:2608
2025-04-25 03:28:00,283 simple_logger.py log_once [line:28] INFO test_accuracy                 0.9867
2025-04-25 03:28:00,283 simple_logger.py log_once [line:28] INFO test_loss                     0.0407
2025-04-25 03:28:00,283 simple_logger.py log_once [line:28] INFO val_accuracy                  0.9848
2025-04-25 03:28:00,284 simple_logger.py log_once [line:28] INFO mean_val_accuracy             0.9848
2025-04-25 03:28:00,284 simple_logger.py log_once [line:28] INFO std_val_accuracy              0.0055
2025-04-25 03:28:00,284 simple_logger.py log_once [line:28] INFO val_loss                      0.0553
2025-04-25 03:28:00,284 simple_logger.py log_once [line:28] INFO mean_val_loss                 0.0553
2025-04-25 03:28:00,284 simple_logger.py log_once [line:28] INFO std_val_loss                  0.0202
2025-04-25 03:28:00,284 fedbase.py run [line:323] INFO expense           28884150.0
2025-04-25 03:28:00,284 fedbase.py run [line:324] INFO Eval Time Cost:               2.0139s
2025-04-25 03:28:00,284 asyncbase.py iterate [line:68] INFO Select clients [0, 1, 2, 3, 4, 5, 6, 7, 8, 9, 10, 11, 12, 13, 14, 15, 16, 17, 18, 19] at time 2609.
2025-04-25 03:28:11,573 asyncbase.py iterate [line:73] INFO Receive new models from clients [13, 11, 17] at time 2621
2025-04-25 03:28:11,573 asyncbase.py iterate [line:73] INFO Receive new models from clients [18, 1, 15, 19, 8, 12, 10, 14] at time 2622
2025-04-25 03:28:11,573 asyncbase.py iterate [line:73] INFO Receive new models from clients [4, 9, 16, 5, 6, 3] at time 2623
2025-04-25 03:28:11,573 asyncbase.py iterate [line:73] INFO Receive new models from clients [2, 0, 7] at time 2624
2025-04-25 03:28:11,626 fedbase.py run [line:318] INFO --------------Round 169--------------
2025-04-25 03:28:11,626 simple_logger.py log_once [line:14] INFO Current_time:2624
2025-04-25 03:28:13,622 simple_logger.py log_once [line:28] INFO test_accuracy                 0.9865
2025-04-25 03:28:13,622 simple_logger.py log_once [line:28] INFO test_loss                     0.0415
2025-04-25 03:28:13,623 simple_logger.py log_once [line:28] INFO val_accuracy                  0.9850
2025-04-25 03:28:13,623 simple_logger.py log_once [line:28] INFO mean_val_accuracy             0.9850
2025-04-25 03:28:13,623 simple_logger.py log_once [line:28] INFO std_val_accuracy              0.0055
2025-04-25 03:28:13,623 simple_logger.py log_once [line:28] INFO val_loss                      0.0557
2025-04-25 03:28:13,623 simple_logger.py log_once [line:28] INFO mean_val_loss                 0.0557
2025-04-25 03:28:13,623 simple_logger.py log_once [line:28] INFO std_val_loss                  0.0201
2025-04-25 03:28:13,623 fedbase.py run [line:323] INFO expense           28907990.0
2025-04-25 03:28:13,623 fedbase.py run [line:324] INFO Eval Time Cost:               1.9976s
2025-04-25 03:28:13,623 asyncbase.py iterate [line:68] INFO Select clients [0, 1, 2, 3, 4, 5, 6, 7, 8, 9, 10, 11, 12, 13, 14, 15, 16, 17, 18, 19] at time 2625.
2025-04-25 03:28:25,238 asyncbase.py iterate [line:73] INFO Receive new models from clients [0, 12] at time 2637
2025-04-25 03:28:25,238 asyncbase.py iterate [line:73] INFO Receive new models from clients [14, 4, 1, 19, 11, 13, 9, 3, 16, 10] at time 2638
2025-04-25 03:28:25,238 asyncbase.py iterate [line:73] INFO Receive new models from clients [7, 2, 15, 18, 5, 6] at time 2639
2025-04-25 03:28:25,239 asyncbase.py iterate [line:73] INFO Receive new models from clients [17, 8] at time 2640
2025-04-25 03:28:25,291 fedbase.py run [line:318] INFO --------------Round 170--------------
2025-04-25 03:28:25,291 simple_logger.py log_once [line:14] INFO Current_time:2640
2025-04-25 03:28:27,321 simple_logger.py log_once [line:28] INFO test_accuracy                 0.9866
2025-04-25 03:28:27,321 simple_logger.py log_once [line:28] INFO test_loss                     0.0411
2025-04-25 03:28:27,322 simple_logger.py log_once [line:28] INFO val_accuracy                  0.9850
2025-04-25 03:28:27,322 simple_logger.py log_once [line:28] INFO mean_val_accuracy             0.9850
2025-04-25 03:28:27,322 simple_logger.py log_once [line:28] INFO std_val_accuracy              0.0052
2025-04-25 03:28:27,322 simple_logger.py log_once [line:28] INFO val_loss                      0.0555
2025-04-25 03:28:27,322 simple_logger.py log_once [line:28] INFO mean_val_loss                 0.0555
2025-04-25 03:28:27,322 simple_logger.py log_once [line:28] INFO std_val_loss                  0.0205
2025-04-25 03:28:27,322 fedbase.py run [line:323] INFO expense           28931830.0
2025-04-25 03:28:27,322 fedbase.py run [line:324] INFO Eval Time Cost:               2.0306s
2025-04-25 03:28:27,322 asyncbase.py iterate [line:68] INFO Select clients [0, 1, 2, 3, 4, 5, 6, 7, 8, 9, 10, 11, 12, 13, 14, 15, 16, 17, 18, 19] at time 2641.
2025-04-25 03:28:38,591 asyncbase.py iterate [line:73] INFO Receive new models from clients [3, 2, 6, 15] at time 2653
2025-04-25 03:28:38,591 asyncbase.py iterate [line:73] INFO Receive new models from clients [9, 16, 4, 0, 5, 11, 10] at time 2654
2025-04-25 03:28:38,591 asyncbase.py iterate [line:73] INFO Receive new models from clients [8, 12, 18, 1, 17, 19, 7] at time 2655
2025-04-25 03:28:38,592 asyncbase.py iterate [line:73] INFO Receive new models from clients [14, 13] at time 2656
2025-04-25 03:28:38,646 fedbase.py run [line:318] INFO --------------Round 171--------------
2025-04-25 03:28:38,646 simple_logger.py log_once [line:14] INFO Current_time:2656
2025-04-25 03:28:40,660 simple_logger.py log_once [line:28] INFO test_accuracy                 0.9870
2025-04-25 03:28:40,661 simple_logger.py log_once [line:28] INFO test_loss                     0.0409
2025-04-25 03:28:40,661 simple_logger.py log_once [line:28] INFO val_accuracy                  0.9852
2025-04-25 03:28:40,661 simple_logger.py log_once [line:28] INFO mean_val_accuracy             0.9852
2025-04-25 03:28:40,661 simple_logger.py log_once [line:28] INFO std_val_accuracy              0.0061
2025-04-25 03:28:40,661 simple_logger.py log_once [line:28] INFO val_loss                      0.0540
2025-04-25 03:28:40,661 simple_logger.py log_once [line:28] INFO mean_val_loss                 0.0540
2025-04-25 03:28:40,661 simple_logger.py log_once [line:28] INFO std_val_loss                  0.0203
2025-04-25 03:28:40,661 fedbase.py run [line:323] INFO expense           28955670.0
2025-04-25 03:28:40,661 fedbase.py run [line:324] INFO Eval Time Cost:               2.0149s
2025-04-25 03:28:40,661 asyncbase.py iterate [line:68] INFO Select clients [0, 1, 2, 3, 4, 5, 6, 7, 8, 9, 10, 11, 12, 13, 14, 15, 16, 17, 18, 19] at time 2657.
2025-04-25 03:28:51,852 asyncbase.py iterate [line:73] INFO Receive new models from clients [5, 17, 16, 14] at time 2669
2025-04-25 03:28:51,852 asyncbase.py iterate [line:73] INFO Receive new models from clients [9, 12, 0, 1, 6, 13, 7] at time 2670
2025-04-25 03:28:51,852 asyncbase.py iterate [line:73] INFO Receive new models from clients [11, 19, 10, 4, 8, 3] at time 2671
2025-04-25 03:28:51,852 asyncbase.py iterate [line:73] INFO Receive new models from clients [15, 18, 2] at time 2672
2025-04-25 03:28:51,905 fedbase.py run [line:318] INFO --------------Round 172--------------
2025-04-25 03:28:51,905 simple_logger.py log_once [line:14] INFO Current_time:2672
2025-04-25 03:28:53,903 simple_logger.py log_once [line:28] INFO test_accuracy                 0.9866
2025-04-25 03:28:53,903 simple_logger.py log_once [line:28] INFO test_loss                     0.0406
2025-04-25 03:28:53,903 simple_logger.py log_once [line:28] INFO val_accuracy                  0.9843
2025-04-25 03:28:53,903 simple_logger.py log_once [line:28] INFO mean_val_accuracy             0.9843
2025-04-25 03:28:53,903 simple_logger.py log_once [line:28] INFO std_val_accuracy              0.0056
2025-04-25 03:28:53,903 simple_logger.py log_once [line:28] INFO val_loss                      0.0552
2025-04-25 03:28:53,903 simple_logger.py log_once [line:28] INFO mean_val_loss                 0.0552
2025-04-25 03:28:53,903 simple_logger.py log_once [line:28] INFO std_val_loss                  0.0196
2025-04-25 03:28:53,903 fedbase.py run [line:323] INFO expense           28979510.0
2025-04-25 03:28:53,903 fedbase.py run [line:324] INFO Eval Time Cost:               1.9982s
2025-04-25 03:28:53,904 asyncbase.py iterate [line:68] INFO Select clients [0, 1, 2, 3, 4, 5, 6, 7, 8, 9, 10, 11, 12, 13, 14, 15, 16, 17, 18, 19] at time 2673.
2025-04-25 03:29:05,225 asyncbase.py iterate [line:73] INFO Receive new models from clients [19, 5, 18, 9, 1] at time 2685
2025-04-25 03:29:05,226 asyncbase.py iterate [line:73] INFO Receive new models from clients [15, 14, 11, 2, 6, 8] at time 2686
2025-04-25 03:29:05,226 asyncbase.py iterate [line:73] INFO Receive new models from clients [16, 7, 17, 13, 3, 12, 10] at time 2687
2025-04-25 03:29:05,226 asyncbase.py iterate [line:73] INFO Receive new models from clients [0, 4] at time 2688
2025-04-25 03:29:05,279 fedbase.py run [line:318] INFO --------------Round 173--------------
2025-04-25 03:29:05,279 simple_logger.py log_once [line:14] INFO Current_time:2688
2025-04-25 03:29:07,410 simple_logger.py log_once [line:28] INFO test_accuracy                 0.9872
2025-04-25 03:29:07,410 simple_logger.py log_once [line:28] INFO test_loss                     0.0404
2025-04-25 03:29:07,410 simple_logger.py log_once [line:28] INFO val_accuracy                  0.9855
2025-04-25 03:29:07,410 simple_logger.py log_once [line:28] INFO mean_val_accuracy             0.9855
2025-04-25 03:29:07,410 simple_logger.py log_once [line:28] INFO std_val_accuracy              0.0049
2025-04-25 03:29:07,410 simple_logger.py log_once [line:28] INFO val_loss                      0.0538
2025-04-25 03:29:07,410 simple_logger.py log_once [line:28] INFO mean_val_loss                 0.0538
2025-04-25 03:29:07,410 simple_logger.py log_once [line:28] INFO std_val_loss                  0.0198
2025-04-25 03:29:07,410 fedbase.py run [line:323] INFO expense           29003350.0
2025-04-25 03:29:07,411 fedbase.py run [line:324] INFO Eval Time Cost:               2.1313s
2025-04-25 03:29:07,411 asyncbase.py iterate [line:68] INFO Select clients [0, 1, 2, 3, 4, 5, 6, 7, 8, 9, 10, 11, 12, 13, 14, 15, 16, 17, 18, 19] at time 2689.
2025-04-25 03:29:18,830 asyncbase.py iterate [line:73] INFO Receive new models from clients [19] at time 2701
2025-04-25 03:29:18,830 asyncbase.py iterate [line:73] INFO Receive new models from clients [9, 11, 13, 18, 0, 10, 8, 16, 14, 2, 7, 17] at time 2702
2025-04-25 03:29:18,831 asyncbase.py iterate [line:73] INFO Receive new models from clients [12, 3, 6, 4] at time 2703
2025-04-25 03:29:18,831 asyncbase.py iterate [line:73] INFO Receive new models from clients [5, 1, 15] at time 2704
2025-04-25 03:29:18,885 fedbase.py run [line:318] INFO --------------Round 174--------------
2025-04-25 03:29:18,885 simple_logger.py log_once [line:14] INFO Current_time:2704
2025-04-25 03:29:20,891 simple_logger.py log_once [line:28] INFO test_accuracy                 0.9870
2025-04-25 03:29:20,891 simple_logger.py log_once [line:28] INFO test_loss                     0.0405
2025-04-25 03:29:20,891 simple_logger.py log_once [line:28] INFO val_accuracy                  0.9857
2025-04-25 03:29:20,891 simple_logger.py log_once [line:28] INFO mean_val_accuracy             0.9857
2025-04-25 03:29:20,891 simple_logger.py log_once [line:28] INFO std_val_accuracy              0.0052
2025-04-25 03:29:20,891 simple_logger.py log_once [line:28] INFO val_loss                      0.0540
2025-04-25 03:29:20,891 simple_logger.py log_once [line:28] INFO mean_val_loss                 0.0540
2025-04-25 03:29:20,891 simple_logger.py log_once [line:28] INFO std_val_loss                  0.0202
2025-04-25 03:29:20,891 fedbase.py run [line:323] INFO expense           29027190.0
2025-04-25 03:29:20,891 fedbase.py run [line:324] INFO Eval Time Cost:               2.0064s
2025-04-25 03:29:20,891 asyncbase.py iterate [line:68] INFO Select clients [0, 1, 2, 3, 4, 5, 6, 7, 8, 9, 10, 11, 12, 13, 14, 15, 16, 17, 18, 19] at time 2705.
2025-04-25 03:29:32,524 asyncbase.py iterate [line:73] INFO Receive new models from clients [16] at time 2717
2025-04-25 03:29:32,525 asyncbase.py iterate [line:73] INFO Receive new models from clients [9, 8, 12, 14, 6, 1, 5, 13, 2, 17, 18] at time 2718
2025-04-25 03:29:32,525 asyncbase.py iterate [line:73] INFO Receive new models from clients [7, 19, 3, 15, 10] at time 2719
2025-04-25 03:29:32,525 asyncbase.py iterate [line:73] INFO Receive new models from clients [11, 0, 4] at time 2720
2025-04-25 03:29:32,579 fedbase.py run [line:318] INFO --------------Round 175--------------
2025-04-25 03:29:32,579 simple_logger.py log_once [line:14] INFO Current_time:2720
2025-04-25 03:29:34,574 simple_logger.py log_once [line:28] INFO test_accuracy                 0.9866
2025-04-25 03:29:34,574 simple_logger.py log_once [line:28] INFO test_loss                     0.0411
2025-04-25 03:29:34,574 simple_logger.py log_once [line:28] INFO val_accuracy                  0.9843
2025-04-25 03:29:34,574 simple_logger.py log_once [line:28] INFO mean_val_accuracy             0.9843
2025-04-25 03:29:34,574 simple_logger.py log_once [line:28] INFO std_val_accuracy              0.0062
2025-04-25 03:29:34,574 simple_logger.py log_once [line:28] INFO val_loss                      0.0546
2025-04-25 03:29:34,574 simple_logger.py log_once [line:28] INFO mean_val_loss                 0.0546
2025-04-25 03:29:34,574 simple_logger.py log_once [line:28] INFO std_val_loss                  0.0202
2025-04-25 03:29:34,575 fedbase.py run [line:323] INFO expense           29051030.0
2025-04-25 03:29:34,575 fedbase.py run [line:324] INFO Eval Time Cost:               1.9959s
2025-04-25 03:29:34,575 asyncbase.py iterate [line:68] INFO Select clients [0, 1, 2, 3, 4, 5, 6, 7, 8, 9, 10, 11, 12, 13, 14, 15, 16, 17, 18, 19] at time 2721.
2025-04-25 03:29:45,736 asyncbase.py iterate [line:73] INFO Receive new models from clients [4] at time 2733
2025-04-25 03:29:45,736 asyncbase.py iterate [line:73] INFO Receive new models from clients [9, 14, 11, 12, 8, 2, 13, 19, 6] at time 2734
2025-04-25 03:29:45,736 asyncbase.py iterate [line:73] INFO Receive new models from clients [17, 16, 7, 1, 15, 0, 18, 3, 5] at time 2735
2025-04-25 03:29:45,737 asyncbase.py iterate [line:73] INFO Receive new models from clients [10] at time 2736
2025-04-25 03:29:45,789 fedbase.py run [line:318] INFO --------------Round 176--------------
2025-04-25 03:29:45,789 simple_logger.py log_once [line:14] INFO Current_time:2736
2025-04-25 03:29:47,803 simple_logger.py log_once [line:28] INFO test_accuracy                 0.9883
2025-04-25 03:29:47,803 simple_logger.py log_once [line:28] INFO test_loss                     0.0397
2025-04-25 03:29:47,803 simple_logger.py log_once [line:28] INFO val_accuracy                  0.9848
2025-04-25 03:29:47,803 simple_logger.py log_once [line:28] INFO mean_val_accuracy             0.9848
2025-04-25 03:29:47,803 simple_logger.py log_once [line:28] INFO std_val_accuracy              0.0054
2025-04-25 03:29:47,803 simple_logger.py log_once [line:28] INFO val_loss                      0.0544
2025-04-25 03:29:47,803 simple_logger.py log_once [line:28] INFO mean_val_loss                 0.0544
2025-04-25 03:29:47,803 simple_logger.py log_once [line:28] INFO std_val_loss                  0.0200
2025-04-25 03:29:47,803 fedbase.py run [line:323] INFO expense           29074870.0
2025-04-25 03:29:47,803 fedbase.py run [line:324] INFO Eval Time Cost:               2.0139s
2025-04-25 03:29:47,803 asyncbase.py iterate [line:68] INFO Select clients [0, 1, 2, 3, 4, 5, 6, 7, 8, 9, 10, 11, 12, 13, 14, 15, 16, 17, 18, 19] at time 2737.
2025-04-25 03:30:00,509 asyncbase.py iterate [line:73] INFO Receive new models from clients [16] at time 2749
2025-04-25 03:30:00,510 asyncbase.py iterate [line:73] INFO Receive new models from clients [13, 0, 7, 9, 8, 3, 1, 6, 11, 19] at time 2750
2025-04-25 03:30:00,510 asyncbase.py iterate [line:73] INFO Receive new models from clients [18, 14, 10, 5, 15, 17, 4, 12] at time 2751
2025-04-25 03:30:00,510 asyncbase.py iterate [line:73] INFO Receive new models from clients [2] at time 2752
2025-04-25 03:30:00,564 fedbase.py run [line:318] INFO --------------Round 177--------------
2025-04-25 03:30:00,564 simple_logger.py log_once [line:14] INFO Current_time:2752
2025-04-25 03:30:02,582 simple_logger.py log_once [line:28] INFO test_accuracy                 0.9872
2025-04-25 03:30:02,582 simple_logger.py log_once [line:28] INFO test_loss                     0.0403
2025-04-25 03:30:02,582 simple_logger.py log_once [line:28] INFO val_accuracy                  0.9853
2025-04-25 03:30:02,583 simple_logger.py log_once [line:28] INFO mean_val_accuracy             0.9853
2025-04-25 03:30:02,583 simple_logger.py log_once [line:28] INFO std_val_accuracy              0.0052
2025-04-25 03:30:02,583 simple_logger.py log_once [line:28] INFO val_loss                      0.0540
2025-04-25 03:30:02,583 simple_logger.py log_once [line:28] INFO mean_val_loss                 0.0540
2025-04-25 03:30:02,583 simple_logger.py log_once [line:28] INFO std_val_loss                  0.0201
2025-04-25 03:30:02,583 fedbase.py run [line:323] INFO expense           29098710.0
2025-04-25 03:30:02,583 fedbase.py run [line:324] INFO Eval Time Cost:               2.0184s
2025-04-25 03:30:02,583 asyncbase.py iterate [line:68] INFO Select clients [0, 1, 2, 3, 4, 5, 6, 7, 8, 9, 10, 11, 12, 13, 14, 15, 16, 17, 18, 19] at time 2753.
2025-04-25 03:30:14,003 asyncbase.py iterate [line:73] INFO Receive new models from clients [19] at time 2765
2025-04-25 03:30:14,003 asyncbase.py iterate [line:73] INFO Receive new models from clients [12, 3, 1, 0, 17, 18, 9, 14, 7, 15, 13] at time 2766
2025-04-25 03:30:14,004 asyncbase.py iterate [line:73] INFO Receive new models from clients [16, 10, 8, 5, 6, 2] at time 2767
2025-04-25 03:30:14,004 asyncbase.py iterate [line:73] INFO Receive new models from clients [11, 4] at time 2768
2025-04-25 03:30:14,059 fedbase.py run [line:318] INFO --------------Round 178--------------
2025-04-25 03:30:14,059 simple_logger.py log_once [line:14] INFO Current_time:2768
2025-04-25 03:30:16,063 simple_logger.py log_once [line:28] INFO test_accuracy                 0.9873
2025-04-25 03:30:16,063 simple_logger.py log_once [line:28] INFO test_loss                     0.0398
2025-04-25 03:30:16,063 simple_logger.py log_once [line:28] INFO val_accuracy                  0.9862
2025-04-25 03:30:16,063 simple_logger.py log_once [line:28] INFO mean_val_accuracy             0.9862
2025-04-25 03:30:16,063 simple_logger.py log_once [line:28] INFO std_val_accuracy              0.0052
2025-04-25 03:30:16,063 simple_logger.py log_once [line:28] INFO val_loss                      0.0535
2025-04-25 03:30:16,063 simple_logger.py log_once [line:28] INFO mean_val_loss                 0.0535
2025-04-25 03:30:16,063 simple_logger.py log_once [line:28] INFO std_val_loss                  0.0201
2025-04-25 03:30:16,064 fedbase.py run [line:323] INFO expense           29122550.0
2025-04-25 03:30:16,064 fedbase.py run [line:324] INFO Eval Time Cost:               2.0041s
2025-04-25 03:30:16,064 asyncbase.py iterate [line:68] INFO Select clients [0, 1, 2, 3, 4, 5, 6, 7, 8, 9, 10, 11, 12, 13, 14, 15, 16, 17, 18, 19] at time 2769.
2025-04-25 03:30:27,369 asyncbase.py iterate [line:73] INFO Receive new models from clients [3, 0, 19, 12, 17, 7] at time 2781
2025-04-25 03:30:27,370 asyncbase.py iterate [line:73] INFO Receive new models from clients [10, 14, 6, 16] at time 2782
2025-04-25 03:30:27,370 asyncbase.py iterate [line:73] INFO Receive new models from clients [1, 2, 18, 8, 9, 13] at time 2783
2025-04-25 03:30:27,370 asyncbase.py iterate [line:73] INFO Receive new models from clients [4, 11, 15, 5] at time 2784
2025-04-25 03:30:27,425 fedbase.py run [line:318] INFO --------------Round 179--------------
2025-04-25 03:30:27,425 simple_logger.py log_once [line:14] INFO Current_time:2784
2025-04-25 03:30:29,467 simple_logger.py log_once [line:28] INFO test_accuracy                 0.9870
2025-04-25 03:30:29,467 simple_logger.py log_once [line:28] INFO test_loss                     0.0400
2025-04-25 03:30:29,468 simple_logger.py log_once [line:28] INFO val_accuracy                  0.9855
2025-04-25 03:30:29,468 simple_logger.py log_once [line:28] INFO mean_val_accuracy             0.9855
2025-04-25 03:30:29,468 simple_logger.py log_once [line:28] INFO std_val_accuracy              0.0056
2025-04-25 03:30:29,468 simple_logger.py log_once [line:28] INFO val_loss                      0.0537
2025-04-25 03:30:29,468 simple_logger.py log_once [line:28] INFO mean_val_loss                 0.0537
2025-04-25 03:30:29,468 simple_logger.py log_once [line:28] INFO std_val_loss                  0.0203
2025-04-25 03:30:29,468 fedbase.py run [line:323] INFO expense           29146390.0
2025-04-25 03:30:29,468 fedbase.py run [line:324] INFO Eval Time Cost:               2.0428s
2025-04-25 03:30:29,468 asyncbase.py iterate [line:68] INFO Select clients [0, 1, 2, 3, 4, 5, 6, 7, 8, 9, 10, 11, 12, 13, 14, 15, 16, 17, 18, 19] at time 2785.
2025-04-25 03:30:40,680 asyncbase.py iterate [line:73] INFO Receive new models from clients [7, 1] at time 2797
2025-04-25 03:30:40,681 asyncbase.py iterate [line:73] INFO Receive new models from clients [4, 18, 6, 15, 10, 5, 8, 0, 17, 2, 16, 19, 3] at time 2798
2025-04-25 03:30:40,681 asyncbase.py iterate [line:73] INFO Receive new models from clients [12, 11, 9, 13, 14] at time 2799
2025-04-25 03:30:40,734 fedbase.py run [line:318] INFO --------------Round 180--------------
2025-04-25 03:30:40,734 simple_logger.py log_once [line:14] INFO Current_time:2799
2025-04-25 03:30:42,735 simple_logger.py log_once [line:28] INFO test_accuracy                 0.9872
2025-04-25 03:30:42,735 simple_logger.py log_once [line:28] INFO test_loss                     0.0401
2025-04-25 03:30:42,735 simple_logger.py log_once [line:28] INFO val_accuracy                  0.9865
2025-04-25 03:30:42,735 simple_logger.py log_once [line:28] INFO mean_val_accuracy             0.9865
2025-04-25 03:30:42,736 simple_logger.py log_once [line:28] INFO std_val_accuracy              0.0056
2025-04-25 03:30:42,736 simple_logger.py log_once [line:28] INFO val_loss                      0.0540
2025-04-25 03:30:42,736 simple_logger.py log_once [line:28] INFO mean_val_loss                 0.0540
2025-04-25 03:30:42,736 simple_logger.py log_once [line:28] INFO std_val_loss                  0.0202
2025-04-25 03:30:42,736 fedbase.py run [line:323] INFO expense           29170230.0
2025-04-25 03:30:42,736 fedbase.py run [line:324] INFO Eval Time Cost:               2.0014s
2025-04-25 03:30:42,736 asyncbase.py iterate [line:68] INFO Select clients [0, 1, 2, 3, 4, 5, 6, 7, 8, 9, 10, 11, 12, 13, 14, 15, 16, 17, 18, 19] at time 2800.
2025-04-25 03:30:54,987 asyncbase.py iterate [line:73] INFO Receive new models from clients [16, 11, 13] at time 2812
2025-04-25 03:30:54,987 asyncbase.py iterate [line:73] INFO Receive new models from clients [19, 8, 12, 1] at time 2813
2025-04-25 03:30:54,988 asyncbase.py iterate [line:73] INFO Receive new models from clients [3, 15, 2, 14, 4, 7, 10, 6, 18, 17] at time 2814
2025-04-25 03:30:54,988 asyncbase.py iterate [line:73] INFO Receive new models from clients [0, 5, 9] at time 2815
2025-04-25 03:30:55,041 fedbase.py run [line:318] INFO --------------Round 181--------------
2025-04-25 03:30:55,041 simple_logger.py log_once [line:14] INFO Current_time:2815
2025-04-25 03:30:57,020 simple_logger.py log_once [line:28] INFO test_accuracy                 0.9868
2025-04-25 03:30:57,020 simple_logger.py log_once [line:28] INFO test_loss                     0.0393
2025-04-25 03:30:57,020 simple_logger.py log_once [line:28] INFO val_accuracy                  0.9850
2025-04-25 03:30:57,020 simple_logger.py log_once [line:28] INFO mean_val_accuracy             0.9850
2025-04-25 03:30:57,020 simple_logger.py log_once [line:28] INFO std_val_accuracy              0.0051
2025-04-25 03:30:57,020 simple_logger.py log_once [line:28] INFO val_loss                      0.0535
2025-04-25 03:30:57,020 simple_logger.py log_once [line:28] INFO mean_val_loss                 0.0535
2025-04-25 03:30:57,020 simple_logger.py log_once [line:28] INFO std_val_loss                  0.0203
2025-04-25 03:30:57,020 fedbase.py run [line:323] INFO expense           29194070.0
2025-04-25 03:30:57,020 fedbase.py run [line:324] INFO Eval Time Cost:               1.9796s
2025-04-25 03:30:57,021 asyncbase.py iterate [line:68] INFO Select clients [0, 1, 2, 3, 4, 5, 6, 7, 8, 9, 10, 11, 12, 13, 14, 15, 16, 17, 18, 19] at time 2816.
2025-04-25 03:31:08,081 asyncbase.py iterate [line:73] INFO Receive new models from clients [15, 10] at time 2828
2025-04-25 03:31:08,081 asyncbase.py iterate [line:73] INFO Receive new models from clients [2, 12, 19, 0, 7, 3, 17, 18, 14, 9] at time 2829
2025-04-25 03:31:08,082 asyncbase.py iterate [line:73] INFO Receive new models from clients [13, 4, 11, 16, 6, 5, 8, 1] at time 2830
2025-04-25 03:31:08,134 fedbase.py run [line:318] INFO --------------Round 182--------------
2025-04-25 03:31:08,134 simple_logger.py log_once [line:14] INFO Current_time:2830
2025-04-25 03:31:10,157 simple_logger.py log_once [line:28] INFO test_accuracy                 0.9882
2025-04-25 03:31:10,157 simple_logger.py log_once [line:28] INFO test_loss                     0.0388
2025-04-25 03:31:10,157 simple_logger.py log_once [line:28] INFO val_accuracy                  0.9857
2025-04-25 03:31:10,158 simple_logger.py log_once [line:28] INFO mean_val_accuracy             0.9857
2025-04-25 03:31:10,158 simple_logger.py log_once [line:28] INFO std_val_accuracy              0.0054
2025-04-25 03:31:10,158 simple_logger.py log_once [line:28] INFO val_loss                      0.0538
2025-04-25 03:31:10,158 simple_logger.py log_once [line:28] INFO mean_val_loss                 0.0538
2025-04-25 03:31:10,158 simple_logger.py log_once [line:28] INFO std_val_loss                  0.0201
2025-04-25 03:31:10,158 fedbase.py run [line:323] INFO expense           29217910.0
2025-04-25 03:31:10,158 fedbase.py run [line:324] INFO Eval Time Cost:               2.0234s
2025-04-25 03:31:10,158 asyncbase.py iterate [line:68] INFO Select clients [0, 1, 2, 3, 4, 5, 6, 7, 8, 9, 10, 11, 12, 13, 14, 15, 16, 17, 18, 19] at time 2831.
2025-04-25 03:31:21,096 asyncbase.py iterate [line:73] INFO Receive new models from clients [5, 12, 1] at time 2843
2025-04-25 03:31:21,096 asyncbase.py iterate [line:73] INFO Receive new models from clients [15, 2, 4, 11, 9, 14, 3, 0, 19, 13] at time 2844
2025-04-25 03:31:21,097 asyncbase.py iterate [line:73] INFO Receive new models from clients [8, 17, 6, 10] at time 2845
2025-04-25 03:31:21,097 asyncbase.py iterate [line:73] INFO Receive new models from clients [16, 18, 7] at time 2846
2025-04-25 03:31:21,150 fedbase.py run [line:318] INFO --------------Round 183--------------
2025-04-25 03:31:21,150 simple_logger.py log_once [line:14] INFO Current_time:2846
2025-04-25 03:31:23,158 simple_logger.py log_once [line:28] INFO test_accuracy                 0.9868
2025-04-25 03:31:23,158 simple_logger.py log_once [line:28] INFO test_loss                     0.0394
2025-04-25 03:31:23,158 simple_logger.py log_once [line:28] INFO val_accuracy                  0.9857
2025-04-25 03:31:23,158 simple_logger.py log_once [line:28] INFO mean_val_accuracy             0.9857
2025-04-25 03:31:23,158 simple_logger.py log_once [line:28] INFO std_val_accuracy              0.0050
2025-04-25 03:31:23,158 simple_logger.py log_once [line:28] INFO val_loss                      0.0539
2025-04-25 03:31:23,159 simple_logger.py log_once [line:28] INFO mean_val_loss                 0.0539
2025-04-25 03:31:23,159 simple_logger.py log_once [line:28] INFO std_val_loss                  0.0207
2025-04-25 03:31:23,159 fedbase.py run [line:323] INFO expense           29241750.0
2025-04-25 03:31:23,159 fedbase.py run [line:324] INFO Eval Time Cost:               2.0082s
2025-04-25 03:31:23,159 asyncbase.py iterate [line:68] INFO Select clients [0, 1, 2, 3, 4, 5, 6, 7, 8, 9, 10, 11, 12, 13, 14, 15, 16, 17, 18, 19] at time 2847.
2025-04-25 03:31:34,589 asyncbase.py iterate [line:73] INFO Receive new models from clients [18, 8, 13] at time 2859
2025-04-25 03:31:34,589 asyncbase.py iterate [line:73] INFO Receive new models from clients [16, 4, 3, 12] at time 2860
2025-04-25 03:31:34,590 asyncbase.py iterate [line:73] INFO Receive new models from clients [7, 2, 9, 5, 14, 15, 0, 19, 1] at time 2861
2025-04-25 03:31:34,590 asyncbase.py iterate [line:73] INFO Receive new models from clients [6, 10, 17, 11] at time 2862
2025-04-25 03:31:34,646 fedbase.py run [line:318] INFO --------------Round 184--------------
2025-04-25 03:31:34,646 simple_logger.py log_once [line:14] INFO Current_time:2862
2025-04-25 03:31:36,739 simple_logger.py log_once [line:28] INFO test_accuracy                 0.9876
2025-04-25 03:31:36,739 simple_logger.py log_once [line:28] INFO test_loss                     0.0389
2025-04-25 03:31:36,739 simple_logger.py log_once [line:28] INFO val_accuracy                  0.9852
2025-04-25 03:31:36,740 simple_logger.py log_once [line:28] INFO mean_val_accuracy             0.9852
2025-04-25 03:31:36,740 simple_logger.py log_once [line:28] INFO std_val_accuracy              0.0047
2025-04-25 03:31:36,740 simple_logger.py log_once [line:28] INFO val_loss                      0.0536
2025-04-25 03:31:36,740 simple_logger.py log_once [line:28] INFO mean_val_loss                 0.0536
2025-04-25 03:31:36,740 simple_logger.py log_once [line:28] INFO std_val_loss                  0.0200
2025-04-25 03:31:36,740 fedbase.py run [line:323] INFO expense           29265590.0
2025-04-25 03:31:36,740 fedbase.py run [line:324] INFO Eval Time Cost:               2.0937s
2025-04-25 03:31:36,740 asyncbase.py iterate [line:68] INFO Select clients [0, 1, 2, 3, 4, 5, 6, 7, 8, 9, 10, 11, 12, 13, 14, 15, 16, 17, 18, 19] at time 2863.
2025-04-25 03:31:48,623 asyncbase.py iterate [line:73] INFO Receive new models from clients [9, 15, 5, 2] at time 2875
2025-04-25 03:31:48,623 asyncbase.py iterate [line:73] INFO Receive new models from clients [8, 1, 10, 3, 0, 18, 17] at time 2876
2025-04-25 03:31:48,624 asyncbase.py iterate [line:73] INFO Receive new models from clients [19, 11, 6, 7, 14, 13, 4, 12] at time 2877
2025-04-25 03:31:48,624 asyncbase.py iterate [line:73] INFO Receive new models from clients [16] at time 2878
2025-04-25 03:31:48,678 fedbase.py run [line:318] INFO --------------Round 185--------------
2025-04-25 03:31:48,678 simple_logger.py log_once [line:14] INFO Current_time:2878
2025-04-25 03:31:50,720 simple_logger.py log_once [line:28] INFO test_accuracy                 0.9877
2025-04-25 03:31:50,720 simple_logger.py log_once [line:28] INFO test_loss                     0.0393
2025-04-25 03:31:50,720 simple_logger.py log_once [line:28] INFO val_accuracy                  0.9852
2025-04-25 03:31:50,720 simple_logger.py log_once [line:28] INFO mean_val_accuracy             0.9852
2025-04-25 03:31:50,720 simple_logger.py log_once [line:28] INFO std_val_accuracy              0.0053
2025-04-25 03:31:50,721 simple_logger.py log_once [line:28] INFO val_loss                      0.0534
2025-04-25 03:31:50,721 simple_logger.py log_once [line:28] INFO mean_val_loss                 0.0534
2025-04-25 03:31:50,721 simple_logger.py log_once [line:28] INFO std_val_loss                  0.0203
2025-04-25 03:31:50,721 fedbase.py run [line:323] INFO expense           29289430.0
2025-04-25 03:31:50,721 fedbase.py run [line:324] INFO Eval Time Cost:               2.0428s
2025-04-25 03:31:50,721 asyncbase.py iterate [line:68] INFO Select clients [0, 1, 2, 3, 4, 5, 6, 7, 8, 9, 10, 11, 12, 13, 14, 15, 16, 17, 18, 19] at time 2879.
2025-04-25 03:32:02,117 asyncbase.py iterate [line:73] INFO Receive new models from clients [19, 18, 4, 13, 8] at time 2892
2025-04-25 03:32:02,117 asyncbase.py iterate [line:73] INFO Receive new models from clients [0, 14, 17, 10, 9, 6, 11, 15, 1] at time 2893
2025-04-25 03:32:02,117 asyncbase.py iterate [line:73] INFO Receive new models from clients [5, 16, 7, 2, 12, 3] at time 2894
2025-04-25 03:32:02,171 fedbase.py run [line:318] INFO --------------Round 186--------------
2025-04-25 03:32:02,171 simple_logger.py log_once [line:14] INFO Current_time:2894
2025-04-25 03:32:04,211 simple_logger.py log_once [line:28] INFO test_accuracy                 0.9878
2025-04-25 03:32:04,212 simple_logger.py log_once [line:28] INFO test_loss                     0.0394
2025-04-25 03:32:04,212 simple_logger.py log_once [line:28] INFO val_accuracy                  0.9858
2025-04-25 03:32:04,212 simple_logger.py log_once [line:28] INFO mean_val_accuracy             0.9858
2025-04-25 03:32:04,212 simple_logger.py log_once [line:28] INFO std_val_accuracy              0.0052
2025-04-25 03:32:04,212 simple_logger.py log_once [line:28] INFO val_loss                      0.0543
2025-04-25 03:32:04,212 simple_logger.py log_once [line:28] INFO mean_val_loss                 0.0543
2025-04-25 03:32:04,212 simple_logger.py log_once [line:28] INFO std_val_loss                  0.0206
2025-04-25 03:32:04,212 fedbase.py run [line:323] INFO expense           29313270.0
2025-04-25 03:32:04,212 fedbase.py run [line:324] INFO Eval Time Cost:               2.0409s
2025-04-25 03:32:04,212 asyncbase.py iterate [line:68] INFO Select clients [0, 1, 2, 3, 4, 5, 6, 7, 8, 9, 10, 11, 12, 13, 14, 15, 16, 17, 18, 19] at time 2895.
2025-04-25 03:32:16,053 asyncbase.py iterate [line:73] INFO Receive new models from clients [19, 12, 16, 9, 10, 5, 1, 17, 7, 8] at time 2908
2025-04-25 03:32:16,054 asyncbase.py iterate [line:73] INFO Receive new models from clients [13, 3, 18, 2, 6, 4] at time 2909
2025-04-25 03:32:16,054 asyncbase.py iterate [line:73] INFO Receive new models from clients [14, 11, 0, 15] at time 2910
2025-04-25 03:32:16,108 fedbase.py run [line:318] INFO --------------Round 187--------------
2025-04-25 03:32:16,108 simple_logger.py log_once [line:14] INFO Current_time:2910
2025-04-25 03:32:18,104 simple_logger.py log_once [line:28] INFO test_accuracy                 0.9873
2025-04-25 03:32:18,104 simple_logger.py log_once [line:28] INFO test_loss                     0.0392
2025-04-25 03:32:18,104 simple_logger.py log_once [line:28] INFO val_accuracy                  0.9860
2025-04-25 03:32:18,104 simple_logger.py log_once [line:28] INFO mean_val_accuracy             0.9860
2025-04-25 03:32:18,104 simple_logger.py log_once [line:28] INFO std_val_accuracy              0.0048
2025-04-25 03:32:18,104 simple_logger.py log_once [line:28] INFO val_loss                      0.0536
2025-04-25 03:32:18,104 simple_logger.py log_once [line:28] INFO mean_val_loss                 0.0536
2025-04-25 03:32:18,105 simple_logger.py log_once [line:28] INFO std_val_loss                  0.0204
2025-04-25 03:32:18,105 fedbase.py run [line:323] INFO expense           29337110.0
2025-04-25 03:32:18,105 fedbase.py run [line:324] INFO Eval Time Cost:               1.9969s
2025-04-25 03:32:18,105 asyncbase.py iterate [line:68] INFO Select clients [0, 1, 2, 3, 4, 5, 6, 7, 8, 9, 10, 11, 12, 13, 14, 15, 16, 17, 18, 19] at time 2911.
2025-04-25 03:32:29,218 asyncbase.py iterate [line:73] INFO Receive new models from clients [15] at time 2923
2025-04-25 03:32:29,219 asyncbase.py iterate [line:73] INFO Receive new models from clients [3, 19, 17, 4, 12, 16, 13, 18, 6, 7, 11, 14] at time 2924
2025-04-25 03:32:29,219 asyncbase.py iterate [line:73] INFO Receive new models from clients [9, 8, 1, 5, 2, 0] at time 2925
2025-04-25 03:32:29,219 asyncbase.py iterate [line:73] INFO Receive new models from clients [10] at time 2926
2025-04-25 03:32:29,272 fedbase.py run [line:318] INFO --------------Round 188--------------
2025-04-25 03:32:29,272 simple_logger.py log_once [line:14] INFO Current_time:2926
2025-04-25 03:32:31,292 simple_logger.py log_once [line:28] INFO test_accuracy                 0.9869
2025-04-25 03:32:31,292 simple_logger.py log_once [line:28] INFO test_loss                     0.0394
2025-04-25 03:32:31,292 simple_logger.py log_once [line:28] INFO val_accuracy                  0.9853
2025-04-25 03:32:31,292 simple_logger.py log_once [line:28] INFO mean_val_accuracy             0.9853
2025-04-25 03:32:31,292 simple_logger.py log_once [line:28] INFO std_val_accuracy              0.0051
2025-04-25 03:32:31,292 simple_logger.py log_once [line:28] INFO val_loss                      0.0533
2025-04-25 03:32:31,292 simple_logger.py log_once [line:28] INFO mean_val_loss                 0.0533
2025-04-25 03:32:31,292 simple_logger.py log_once [line:28] INFO std_val_loss                  0.0207
2025-04-25 03:32:31,292 fedbase.py run [line:323] INFO expense           29360950.0
2025-04-25 03:32:31,292 fedbase.py run [line:324] INFO Eval Time Cost:               2.0204s
2025-04-25 03:32:31,293 asyncbase.py iterate [line:68] INFO Select clients [0, 1, 2, 3, 4, 5, 6, 7, 8, 9, 10, 11, 12, 13, 14, 15, 16, 17, 18, 19] at time 2927.
2025-04-25 03:32:42,908 asyncbase.py iterate [line:73] INFO Receive new models from clients [0, 6, 3, 4, 5, 7] at time 2940
2025-04-25 03:32:42,909 asyncbase.py iterate [line:73] INFO Receive new models from clients [15, 11, 14, 8, 16, 17, 13, 19, 1, 9, 18, 2] at time 2941
2025-04-25 03:32:42,909 asyncbase.py iterate [line:73] INFO Receive new models from clients [10, 12] at time 2942
2025-04-25 03:32:42,963 fedbase.py run [line:318] INFO --------------Round 189--------------
2025-04-25 03:32:42,964 simple_logger.py log_once [line:14] INFO Current_time:2942
2025-04-25 03:32:44,982 simple_logger.py log_once [line:28] INFO test_accuracy                 0.9866
2025-04-25 03:32:44,982 simple_logger.py log_once [line:28] INFO test_loss                     0.0393
2025-04-25 03:32:44,983 simple_logger.py log_once [line:28] INFO val_accuracy                  0.9853
2025-04-25 03:32:44,983 simple_logger.py log_once [line:28] INFO mean_val_accuracy             0.9853
2025-04-25 03:32:44,983 simple_logger.py log_once [line:28] INFO std_val_accuracy              0.0056
2025-04-25 03:32:44,983 simple_logger.py log_once [line:28] INFO val_loss                      0.0538
2025-04-25 03:32:44,983 simple_logger.py log_once [line:28] INFO mean_val_loss                 0.0538
2025-04-25 03:32:44,983 simple_logger.py log_once [line:28] INFO std_val_loss                  0.0213
2025-04-25 03:32:44,983 fedbase.py run [line:323] INFO expense           29384790.0
2025-04-25 03:32:44,983 fedbase.py run [line:324] INFO Eval Time Cost:               2.0193s
2025-04-25 03:32:44,983 asyncbase.py iterate [line:68] INFO Select clients [0, 1, 2, 3, 4, 5, 6, 7, 8, 9, 10, 11, 12, 13, 14, 15, 16, 17, 18, 19] at time 2943.
2025-04-25 03:32:56,226 asyncbase.py iterate [line:73] INFO Receive new models from clients [7, 17, 19, 13, 5] at time 2955
2025-04-25 03:32:56,227 asyncbase.py iterate [line:73] INFO Receive new models from clients [10, 8, 3, 15, 14, 6, 9] at time 2956
2025-04-25 03:32:56,227 asyncbase.py iterate [line:73] INFO Receive new models from clients [16, 12, 18, 11, 1, 2] at time 2957
2025-04-25 03:32:56,227 asyncbase.py iterate [line:73] INFO Receive new models from clients [0, 4] at time 2958
2025-04-25 03:32:56,281 fedbase.py run [line:318] INFO --------------Round 190--------------
2025-04-25 03:32:56,281 simple_logger.py log_once [line:14] INFO Current_time:2958
2025-04-25 03:32:58,293 simple_logger.py log_once [line:28] INFO test_accuracy                 0.9876
2025-04-25 03:32:58,293 simple_logger.py log_once [line:28] INFO test_loss                     0.0393
2025-04-25 03:32:58,294 simple_logger.py log_once [line:28] INFO val_accuracy                  0.9857
2025-04-25 03:32:58,294 simple_logger.py log_once [line:28] INFO mean_val_accuracy             0.9857
2025-04-25 03:32:58,294 simple_logger.py log_once [line:28] INFO std_val_accuracy              0.0056
2025-04-25 03:32:58,294 simple_logger.py log_once [line:28] INFO val_loss                      0.0528
2025-04-25 03:32:58,294 simple_logger.py log_once [line:28] INFO mean_val_loss                 0.0528
2025-04-25 03:32:58,294 simple_logger.py log_once [line:28] INFO std_val_loss                  0.0207
2025-04-25 03:32:58,294 fedbase.py run [line:323] INFO expense           29408630.0
2025-04-25 03:32:58,294 fedbase.py run [line:324] INFO Eval Time Cost:               2.0130s
2025-04-25 03:32:58,294 asyncbase.py iterate [line:68] INFO Select clients [0, 1, 2, 3, 4, 5, 6, 7, 8, 9, 10, 11, 12, 13, 14, 15, 16, 17, 18, 19] at time 2959.
2025-04-25 03:33:09,558 asyncbase.py iterate [line:73] INFO Receive new models from clients [6] at time 2971
2025-04-25 03:33:09,559 asyncbase.py iterate [line:73] INFO Receive new models from clients [13, 11, 19, 14, 5, 3, 4, 12, 0, 2, 16, 9, 8] at time 2972
2025-04-25 03:33:09,559 asyncbase.py iterate [line:73] INFO Receive new models from clients [7, 10] at time 2973
2025-04-25 03:33:09,559 asyncbase.py iterate [line:73] INFO Receive new models from clients [18, 1, 15, 17] at time 2974
2025-04-25 03:33:09,612 fedbase.py run [line:318] INFO --------------Round 191--------------
2025-04-25 03:33:09,612 simple_logger.py log_once [line:14] INFO Current_time:2974
2025-04-25 03:33:11,613 simple_logger.py log_once [line:28] INFO test_accuracy                 0.9877
2025-04-25 03:33:11,613 simple_logger.py log_once [line:28] INFO test_loss                     0.0381
2025-04-25 03:33:11,613 simple_logger.py log_once [line:28] INFO val_accuracy                  0.9855
2025-04-25 03:33:11,613 simple_logger.py log_once [line:28] INFO mean_val_accuracy             0.9855
2025-04-25 03:33:11,613 simple_logger.py log_once [line:28] INFO std_val_accuracy              0.0051
2025-04-25 03:33:11,613 simple_logger.py log_once [line:28] INFO val_loss                      0.0529
2025-04-25 03:33:11,613 simple_logger.py log_once [line:28] INFO mean_val_loss                 0.0529
2025-04-25 03:33:11,613 simple_logger.py log_once [line:28] INFO std_val_loss                  0.0204
2025-04-25 03:33:11,613 fedbase.py run [line:323] INFO expense           29432470.0
2025-04-25 03:33:11,613 fedbase.py run [line:324] INFO Eval Time Cost:               2.0015s
2025-04-25 03:33:11,614 asyncbase.py iterate [line:68] INFO Select clients [0, 1, 2, 3, 4, 5, 6, 7, 8, 9, 10, 11, 12, 13, 14, 15, 16, 17, 18, 19] at time 2975.
2025-04-25 03:33:22,705 asyncbase.py iterate [line:73] INFO Receive new models from clients [3] at time 2987
2025-04-25 03:33:22,705 asyncbase.py iterate [line:73] INFO Receive new models from clients [8, 11, 16, 10, 19, 1, 15, 2, 7, 4, 5] at time 2988
2025-04-25 03:33:22,706 asyncbase.py iterate [line:73] INFO Receive new models from clients [9, 17, 0, 12, 14, 6] at time 2989
2025-04-25 03:33:22,706 asyncbase.py iterate [line:73] INFO Receive new models from clients [13, 18] at time 2990
2025-04-25 03:33:22,759 fedbase.py run [line:318] INFO --------------Round 192--------------
2025-04-25 03:33:22,759 simple_logger.py log_once [line:14] INFO Current_time:2990
2025-04-25 03:33:24,764 simple_logger.py log_once [line:28] INFO test_accuracy                 0.9870
2025-04-25 03:33:24,764 simple_logger.py log_once [line:28] INFO test_loss                     0.0387
2025-04-25 03:33:24,765 simple_logger.py log_once [line:28] INFO val_accuracy                  0.9853
2025-04-25 03:33:24,765 simple_logger.py log_once [line:28] INFO mean_val_accuracy             0.9853
2025-04-25 03:33:24,765 simple_logger.py log_once [line:28] INFO std_val_accuracy              0.0054
2025-04-25 03:33:24,765 simple_logger.py log_once [line:28] INFO val_loss                      0.0535
2025-04-25 03:33:24,765 simple_logger.py log_once [line:28] INFO mean_val_loss                 0.0535
2025-04-25 03:33:24,765 simple_logger.py log_once [line:28] INFO std_val_loss                  0.0211
2025-04-25 03:33:24,765 fedbase.py run [line:323] INFO expense           29456310.0
2025-04-25 03:33:24,765 fedbase.py run [line:324] INFO Eval Time Cost:               2.0057s
2025-04-25 03:33:24,765 asyncbase.py iterate [line:68] INFO Select clients [0, 1, 2, 3, 4, 5, 6, 7, 8, 9, 10, 11, 12, 13, 14, 15, 16, 17, 18, 19] at time 2991.
2025-04-25 03:33:36,500 asyncbase.py iterate [line:73] INFO Receive new models from clients [0] at time 3003
2025-04-25 03:33:36,500 asyncbase.py iterate [line:73] INFO Receive new models from clients [9, 19, 8, 18, 7, 6, 13, 15, 4, 2, 5] at time 3004
2025-04-25 03:33:36,500 asyncbase.py iterate [line:73] INFO Receive new models from clients [10, 17, 16, 12, 1, 3, 11, 14] at time 3005
2025-04-25 03:33:36,555 fedbase.py run [line:318] INFO --------------Round 193--------------
2025-04-25 03:33:36,555 simple_logger.py log_once [line:14] INFO Current_time:3005
2025-04-25 03:33:38,555 simple_logger.py log_once [line:28] INFO test_accuracy                 0.9873
2025-04-25 03:33:38,555 simple_logger.py log_once [line:28] INFO test_loss                     0.0387
2025-04-25 03:33:38,555 simple_logger.py log_once [line:28] INFO val_accuracy                  0.9853
2025-04-25 03:33:38,556 simple_logger.py log_once [line:28] INFO mean_val_accuracy             0.9853
2025-04-25 03:33:38,556 simple_logger.py log_once [line:28] INFO std_val_accuracy              0.0055
2025-04-25 03:33:38,556 simple_logger.py log_once [line:28] INFO val_loss                      0.0535
2025-04-25 03:33:38,556 simple_logger.py log_once [line:28] INFO mean_val_loss                 0.0535
2025-04-25 03:33:38,556 simple_logger.py log_once [line:28] INFO std_val_loss                  0.0208
2025-04-25 03:33:38,556 fedbase.py run [line:323] INFO expense           29480150.0
2025-04-25 03:33:38,556 fedbase.py run [line:324] INFO Eval Time Cost:               2.0009s
2025-04-25 03:33:38,556 asyncbase.py iterate [line:68] INFO Select clients [0, 1, 2, 3, 4, 5, 6, 7, 8, 9, 10, 11, 12, 13, 14, 15, 16, 17, 18, 19] at time 3006.
2025-04-25 03:33:49,664 asyncbase.py iterate [line:73] INFO Receive new models from clients [7, 8] at time 3018
2025-04-25 03:33:49,665 asyncbase.py iterate [line:73] INFO Receive new models from clients [3, 0, 15, 2, 4, 10, 18, 17, 14] at time 3019
2025-04-25 03:33:49,665 asyncbase.py iterate [line:73] INFO Receive new models from clients [13, 19, 5, 6] at time 3020
2025-04-25 03:33:49,665 asyncbase.py iterate [line:73] INFO Receive new models from clients [1, 16, 9, 11, 12] at time 3021
2025-04-25 03:33:49,719 fedbase.py run [line:318] INFO --------------Round 194--------------
2025-04-25 03:33:49,720 simple_logger.py log_once [line:14] INFO Current_time:3021
2025-04-25 03:33:51,732 simple_logger.py log_once [line:28] INFO test_accuracy                 0.9878
2025-04-25 03:33:51,733 simple_logger.py log_once [line:28] INFO test_loss                     0.0381
2025-04-25 03:33:51,733 simple_logger.py log_once [line:28] INFO val_accuracy                  0.9852
2025-04-25 03:33:51,733 simple_logger.py log_once [line:28] INFO mean_val_accuracy             0.9852
2025-04-25 03:33:51,733 simple_logger.py log_once [line:28] INFO std_val_accuracy              0.0053
2025-04-25 03:33:51,733 simple_logger.py log_once [line:28] INFO val_loss                      0.0534
2025-04-25 03:33:51,733 simple_logger.py log_once [line:28] INFO mean_val_loss                 0.0534
2025-04-25 03:33:51,733 simple_logger.py log_once [line:28] INFO std_val_loss                  0.0213
2025-04-25 03:33:51,733 fedbase.py run [line:323] INFO expense           29503990.0
2025-04-25 03:33:51,733 fedbase.py run [line:324] INFO Eval Time Cost:               2.0134s
2025-04-25 03:33:51,733 asyncbase.py iterate [line:68] INFO Select clients [0, 1, 2, 3, 4, 5, 6, 7, 8, 9, 10, 11, 12, 13, 14, 15, 16, 17, 18, 19] at time 3022.
2025-04-25 03:34:03,788 asyncbase.py iterate [line:73] INFO Receive new models from clients [1, 18, 15, 14] at time 3034
2025-04-25 03:34:03,788 asyncbase.py iterate [line:73] INFO Receive new models from clients [4, 17, 11, 9, 13, 19, 10, 6, 12, 3, 5] at time 3035
2025-04-25 03:34:03,789 asyncbase.py iterate [line:73] INFO Receive new models from clients [16, 8, 2, 7] at time 3036
2025-04-25 03:34:03,789 asyncbase.py iterate [line:73] INFO Receive new models from clients [0] at time 3037
2025-04-25 03:34:03,844 fedbase.py run [line:318] INFO --------------Round 195--------------
2025-04-25 03:34:03,844 simple_logger.py log_once [line:14] INFO Current_time:3037
2025-04-25 03:34:05,937 simple_logger.py log_once [line:28] INFO test_accuracy                 0.9874
2025-04-25 03:34:05,937 simple_logger.py log_once [line:28] INFO test_loss                     0.0381
2025-04-25 03:34:05,937 simple_logger.py log_once [line:28] INFO val_accuracy                  0.9860
2025-04-25 03:34:05,937 simple_logger.py log_once [line:28] INFO mean_val_accuracy             0.9860
2025-04-25 03:34:05,937 simple_logger.py log_once [line:28] INFO std_val_accuracy              0.0050
2025-04-25 03:34:05,938 simple_logger.py log_once [line:28] INFO val_loss                      0.0527
2025-04-25 03:34:05,938 simple_logger.py log_once [line:28] INFO mean_val_loss                 0.0527
2025-04-25 03:34:05,938 simple_logger.py log_once [line:28] INFO std_val_loss                  0.0209
2025-04-25 03:34:05,938 fedbase.py run [line:323] INFO expense           29527830.0
2025-04-25 03:34:05,938 fedbase.py run [line:324] INFO Eval Time Cost:               2.0933s
2025-04-25 03:34:05,938 asyncbase.py iterate [line:68] INFO Select clients [0, 1, 2, 3, 4, 5, 6, 7, 8, 9, 10, 11, 12, 13, 14, 15, 16, 17, 18, 19] at time 3038.
2025-04-25 03:34:16,963 asyncbase.py iterate [line:73] INFO Receive new models from clients [4] at time 3050
2025-04-25 03:34:16,963 asyncbase.py iterate [line:73] INFO Receive new models from clients [16, 0, 14, 1, 18, 19, 17, 7, 6, 15] at time 3051
2025-04-25 03:34:16,963 asyncbase.py iterate [line:73] INFO Receive new models from clients [10, 13, 11, 3, 8, 2, 5] at time 3052
2025-04-25 03:34:16,964 asyncbase.py iterate [line:73] INFO Receive new models from clients [12, 9] at time 3053
2025-04-25 03:34:17,016 fedbase.py run [line:318] INFO --------------Round 196--------------
2025-04-25 03:34:17,016 simple_logger.py log_once [line:14] INFO Current_time:3053
2025-04-25 03:34:19,040 simple_logger.py log_once [line:28] INFO test_accuracy                 0.9878
2025-04-25 03:34:19,040 simple_logger.py log_once [line:28] INFO test_loss                     0.0379
2025-04-25 03:34:19,040 simple_logger.py log_once [line:28] INFO val_accuracy                  0.9857
2025-04-25 03:34:19,040 simple_logger.py log_once [line:28] INFO mean_val_accuracy             0.9857
2025-04-25 03:34:19,040 simple_logger.py log_once [line:28] INFO std_val_accuracy              0.0053
2025-04-25 03:34:19,040 simple_logger.py log_once [line:28] INFO val_loss                      0.0541
2025-04-25 03:34:19,040 simple_logger.py log_once [line:28] INFO mean_val_loss                 0.0541
2025-04-25 03:34:19,040 simple_logger.py log_once [line:28] INFO std_val_loss                  0.0211
2025-04-25 03:34:19,040 fedbase.py run [line:323] INFO expense           29551670.0
2025-04-25 03:34:19,040 fedbase.py run [line:324] INFO Eval Time Cost:               2.0241s
2025-04-25 03:34:19,040 asyncbase.py iterate [line:68] INFO Select clients [0, 1, 2, 3, 4, 5, 6, 7, 8, 9, 10, 11, 12, 13, 14, 15, 16, 17, 18, 19] at time 3054.
2025-04-25 03:34:29,996 asyncbase.py iterate [line:73] INFO Receive new models from clients [8] at time 3066
2025-04-25 03:34:29,996 asyncbase.py iterate [line:73] INFO Receive new models from clients [18, 3, 2, 6, 11, 7] at time 3067
2025-04-25 03:34:29,997 asyncbase.py iterate [line:73] INFO Receive new models from clients [16, 5, 1, 9, 19, 0, 15, 14, 10] at time 3068
2025-04-25 03:34:29,997 asyncbase.py iterate [line:73] INFO Receive new models from clients [17, 4, 13, 12] at time 3069
2025-04-25 03:34:30,051 fedbase.py run [line:318] INFO --------------Round 197--------------
2025-04-25 03:34:30,051 simple_logger.py log_once [line:14] INFO Current_time:3069
2025-04-25 03:34:32,081 simple_logger.py log_once [line:28] INFO test_accuracy                 0.9879
2025-04-25 03:34:32,081 simple_logger.py log_once [line:28] INFO test_loss                     0.0383
2025-04-25 03:34:32,081 simple_logger.py log_once [line:28] INFO val_accuracy                  0.9865
2025-04-25 03:34:32,081 simple_logger.py log_once [line:28] INFO mean_val_accuracy             0.9865
2025-04-25 03:34:32,081 simple_logger.py log_once [line:28] INFO std_val_accuracy              0.0053
2025-04-25 03:34:32,081 simple_logger.py log_once [line:28] INFO val_loss                      0.0527
2025-04-25 03:34:32,081 simple_logger.py log_once [line:28] INFO mean_val_loss                 0.0527
2025-04-25 03:34:32,081 simple_logger.py log_once [line:28] INFO std_val_loss                  0.0210
2025-04-25 03:34:32,081 fedbase.py run [line:323] INFO expense           29575510.0
2025-04-25 03:34:32,081 fedbase.py run [line:324] INFO Eval Time Cost:               2.0298s
2025-04-25 03:34:32,081 asyncbase.py iterate [line:68] INFO Select clients [0, 1, 2, 3, 4, 5, 6, 7, 8, 9, 10, 11, 12, 13, 14, 15, 16, 17, 18, 19] at time 3070.
2025-04-25 03:34:44,100 asyncbase.py iterate [line:73] INFO Receive new models from clients [3, 11] at time 3082
2025-04-25 03:34:44,100 asyncbase.py iterate [line:73] INFO Receive new models from clients [17, 7, 16, 9] at time 3083
2025-04-25 03:34:44,100 asyncbase.py iterate [line:73] INFO Receive new models from clients [15, 10, 14, 6, 13, 19, 5, 2, 12] at time 3084
2025-04-25 03:34:44,101 asyncbase.py iterate [line:73] INFO Receive new models from clients [1, 8, 18, 0, 4] at time 3085
2025-04-25 03:34:44,154 fedbase.py run [line:318] INFO --------------Round 198--------------
2025-04-25 03:34:44,154 simple_logger.py log_once [line:14] INFO Current_time:3085
2025-04-25 03:34:46,164 simple_logger.py log_once [line:28] INFO test_accuracy                 0.9874
2025-04-25 03:34:46,164 simple_logger.py log_once [line:28] INFO test_loss                     0.0379
2025-04-25 03:34:46,164 simple_logger.py log_once [line:28] INFO val_accuracy                  0.9857
2025-04-25 03:34:46,164 simple_logger.py log_once [line:28] INFO mean_val_accuracy             0.9857
2025-04-25 03:34:46,164 simple_logger.py log_once [line:28] INFO std_val_accuracy              0.0053
2025-04-25 03:34:46,164 simple_logger.py log_once [line:28] INFO val_loss                      0.0531
2025-04-25 03:34:46,164 simple_logger.py log_once [line:28] INFO mean_val_loss                 0.0531
2025-04-25 03:34:46,164 simple_logger.py log_once [line:28] INFO std_val_loss                  0.0208
2025-04-25 03:34:46,165 fedbase.py run [line:323] INFO expense           29599350.0
2025-04-25 03:34:46,165 fedbase.py run [line:324] INFO Eval Time Cost:               2.0107s
2025-04-25 03:34:46,165 asyncbase.py iterate [line:68] INFO Select clients [0, 1, 2, 3, 4, 5, 6, 7, 8, 9, 10, 11, 12, 13, 14, 15, 16, 17, 18, 19] at time 3086.
2025-04-25 03:34:57,258 asyncbase.py iterate [line:73] INFO Receive new models from clients [1, 8, 4, 17, 15, 12, 9, 7] at time 3098
2025-04-25 03:34:57,258 asyncbase.py iterate [line:73] INFO Receive new models from clients [19, 14, 18, 13, 0] at time 3099
2025-04-25 03:34:57,258 asyncbase.py iterate [line:73] INFO Receive new models from clients [6, 16, 11] at time 3100
2025-04-25 03:34:57,259 asyncbase.py iterate [line:73] INFO Receive new models from clients [5, 10, 3, 2] at time 3101
2025-04-25 03:34:57,312 fedbase.py run [line:318] INFO --------------Round 199--------------
2025-04-25 03:34:57,312 simple_logger.py log_once [line:14] INFO Current_time:3101
2025-04-25 03:34:59,320 simple_logger.py log_once [line:28] INFO test_accuracy                 0.9876
2025-04-25 03:34:59,321 simple_logger.py log_once [line:28] INFO test_loss                     0.0378
2025-04-25 03:34:59,321 simple_logger.py log_once [line:28] INFO val_accuracy                  0.9855
2025-04-25 03:34:59,321 simple_logger.py log_once [line:28] INFO mean_val_accuracy             0.9855
2025-04-25 03:34:59,321 simple_logger.py log_once [line:28] INFO std_val_accuracy              0.0054
2025-04-25 03:34:59,321 simple_logger.py log_once [line:28] INFO val_loss                      0.0532
2025-04-25 03:34:59,321 simple_logger.py log_once [line:28] INFO mean_val_loss                 0.0532
2025-04-25 03:34:59,321 simple_logger.py log_once [line:28] INFO std_val_loss                  0.0210
2025-04-25 03:34:59,321 fedbase.py run [line:323] INFO expense           29623190.0
2025-04-25 03:34:59,321 fedbase.py run [line:324] INFO Eval Time Cost:               2.0089s
2025-04-25 03:34:59,321 asyncbase.py iterate [line:68] INFO Select clients [0, 1, 2, 3, 4, 5, 6, 7, 8, 9, 10, 11, 12, 13, 14, 15, 16, 17, 18, 19] at time 3102.
2025-04-25 03:35:10,583 asyncbase.py iterate [line:73] INFO Receive new models from clients [18, 0, 3, 9] at time 3114
2025-04-25 03:35:10,583 asyncbase.py iterate [line:73] INFO Receive new models from clients [7, 10, 15, 2, 11, 12, 8, 1, 5] at time 3115
2025-04-25 03:35:10,583 asyncbase.py iterate [line:73] INFO Receive new models from clients [16, 19, 17, 13, 6, 4] at time 3116
2025-04-25 03:35:10,584 asyncbase.py iterate [line:73] INFO Receive new models from clients [14] at time 3117
2025-04-25 03:35:10,638 fedbase.py run [line:318] INFO --------------Round 200--------------
2025-04-25 03:35:10,638 simple_logger.py log_once [line:14] INFO Current_time:3117
2025-04-25 03:35:12,638 simple_logger.py log_once [line:28] INFO test_accuracy                 0.9877
2025-04-25 03:35:12,638 simple_logger.py log_once [line:28] INFO test_loss                     0.0379
2025-04-25 03:35:12,638 simple_logger.py log_once [line:28] INFO val_accuracy                  0.9862
2025-04-25 03:35:12,638 simple_logger.py log_once [line:28] INFO mean_val_accuracy             0.9862
2025-04-25 03:35:12,638 simple_logger.py log_once [line:28] INFO std_val_accuracy              0.0051
2025-04-25 03:35:12,638 simple_logger.py log_once [line:28] INFO val_loss                      0.0529
2025-04-25 03:35:12,639 simple_logger.py log_once [line:28] INFO mean_val_loss                 0.0529
2025-04-25 03:35:12,639 simple_logger.py log_once [line:28] INFO std_val_loss                  0.0199
2025-04-25 03:35:12,639 fedbase.py run [line:323] INFO expense           29647030.0
2025-04-25 03:35:12,639 fedbase.py run [line:324] INFO Eval Time Cost:               2.0008s
2025-04-25 03:35:12,639 asyncbase.py iterate [line:68] INFO Select clients [0, 1, 2, 3, 4, 5, 6, 7, 8, 9, 10, 11, 12, 13, 14, 15, 16, 17, 18, 19] at time 3118.
2025-04-25 03:35:23,727 asyncbase.py iterate [line:73] INFO Receive new models from clients [19, 13, 18, 7, 9, 2, 4, 8, 0, 15, 14] at time 3131
2025-04-25 03:35:23,727 asyncbase.py iterate [line:73] INFO Receive new models from clients [17, 10, 3, 16, 1] at time 3132
2025-04-25 03:35:23,727 asyncbase.py iterate [line:73] INFO Receive new models from clients [6, 5, 12, 11] at time 3133
2025-04-25 03:35:23,781 fedbase.py run [line:318] INFO --------------Round 201--------------
2025-04-25 03:35:23,781 simple_logger.py log_once [line:14] INFO Current_time:3133
2025-04-25 03:35:25,811 simple_logger.py log_once [line:28] INFO test_accuracy                 0.9887
2025-04-25 03:35:25,811 simple_logger.py log_once [line:28] INFO test_loss                     0.0374
2025-04-25 03:35:25,812 simple_logger.py log_once [line:28] INFO val_accuracy                  0.9860
2025-04-25 03:35:25,812 simple_logger.py log_once [line:28] INFO mean_val_accuracy             0.9860
2025-04-25 03:35:25,812 simple_logger.py log_once [line:28] INFO std_val_accuracy              0.0047
2025-04-25 03:35:25,812 simple_logger.py log_once [line:28] INFO val_loss                      0.0525
2025-04-25 03:35:25,812 simple_logger.py log_once [line:28] INFO mean_val_loss                 0.0525
2025-04-25 03:35:25,812 simple_logger.py log_once [line:28] INFO std_val_loss                  0.0204
2025-04-25 03:35:25,812 fedbase.py run [line:323] INFO expense           29670870.0
2025-04-25 03:35:25,812 fedbase.py run [line:324] INFO Eval Time Cost:               2.0318s
2025-04-25 03:35:25,813 asyncbase.py iterate [line:68] INFO Select clients [0, 1, 2, 3, 4, 5, 6, 7, 8, 9, 10, 11, 12, 13, 14, 15, 16, 17, 18, 19] at time 3134.
2025-04-25 03:35:36,768 asyncbase.py iterate [line:73] INFO Receive new models from clients [19, 4, 12] at time 3146
2025-04-25 03:35:36,769 asyncbase.py iterate [line:73] INFO Receive new models from clients [17, 9, 1, 6, 5] at time 3147
2025-04-25 03:35:36,769 asyncbase.py iterate [line:73] INFO Receive new models from clients [8, 10, 7, 0, 18, 16, 13, 15, 2, 14, 3] at time 3148
2025-04-25 03:35:36,769 asyncbase.py iterate [line:73] INFO Receive new models from clients [11] at time 3149
2025-04-25 03:35:36,823 fedbase.py run [line:318] INFO --------------Round 202--------------
2025-04-25 03:35:36,823 simple_logger.py log_once [line:14] INFO Current_time:3149
2025-04-25 03:35:38,838 simple_logger.py log_once [line:28] INFO test_accuracy                 0.9879
2025-04-25 03:35:38,838 simple_logger.py log_once [line:28] INFO test_loss                     0.0378
2025-04-25 03:35:38,838 simple_logger.py log_once [line:28] INFO val_accuracy                  0.9853
2025-04-25 03:35:38,838 simple_logger.py log_once [line:28] INFO mean_val_accuracy             0.9853
2025-04-25 03:35:38,838 simple_logger.py log_once [line:28] INFO std_val_accuracy              0.0051
2025-04-25 03:35:38,838 simple_logger.py log_once [line:28] INFO val_loss                      0.0528
2025-04-25 03:35:38,838 simple_logger.py log_once [line:28] INFO mean_val_loss                 0.0528
2025-04-25 03:35:38,838 simple_logger.py log_once [line:28] INFO std_val_loss                  0.0211
2025-04-25 03:35:38,838 fedbase.py run [line:323] INFO expense           29694710.0
2025-04-25 03:35:38,838 fedbase.py run [line:324] INFO Eval Time Cost:               2.0150s
2025-04-25 03:35:38,838 asyncbase.py iterate [line:68] INFO Select clients [0, 1, 2, 3, 4, 5, 6, 7, 8, 9, 10, 11, 12, 13, 14, 15, 16, 17, 18, 19] at time 3150.
2025-04-25 03:35:50,237 asyncbase.py iterate [line:73] INFO Receive new models from clients [19, 7, 9, 3] at time 3162
2025-04-25 03:35:50,237 asyncbase.py iterate [line:73] INFO Receive new models from clients [10, 5, 13, 17, 12, 8, 2, 11] at time 3163
2025-04-25 03:35:50,237 asyncbase.py iterate [line:73] INFO Receive new models from clients [1, 14, 16, 15, 18] at time 3164
2025-04-25 03:35:50,238 asyncbase.py iterate [line:73] INFO Receive new models from clients [4, 6, 0] at time 3165
2025-04-25 03:35:50,290 fedbase.py run [line:318] INFO --------------Round 203--------------
2025-04-25 03:35:50,290 simple_logger.py log_once [line:14] INFO Current_time:3165
2025-04-25 03:35:52,304 simple_logger.py log_once [line:28] INFO test_accuracy                 0.9876
2025-04-25 03:35:52,304 simple_logger.py log_once [line:28] INFO test_loss                     0.0377
2025-04-25 03:35:52,304 simple_logger.py log_once [line:28] INFO val_accuracy                  0.9857
2025-04-25 03:35:52,304 simple_logger.py log_once [line:28] INFO mean_val_accuracy             0.9857
2025-04-25 03:35:52,304 simple_logger.py log_once [line:28] INFO std_val_accuracy              0.0050
2025-04-25 03:35:52,304 simple_logger.py log_once [line:28] INFO val_loss                      0.0525
2025-04-25 03:35:52,305 simple_logger.py log_once [line:28] INFO mean_val_loss                 0.0525
2025-04-25 03:35:52,305 simple_logger.py log_once [line:28] INFO std_val_loss                  0.0205
2025-04-25 03:35:52,305 fedbase.py run [line:323] INFO expense           29718550.0
2025-04-25 03:35:52,305 fedbase.py run [line:324] INFO Eval Time Cost:               2.0146s
2025-04-25 03:35:52,305 asyncbase.py iterate [line:68] INFO Select clients [0, 1, 2, 3, 4, 5, 6, 7, 8, 9, 10, 11, 12, 13, 14, 15, 16, 17, 18, 19] at time 3166.
2025-04-25 03:36:04,034 asyncbase.py iterate [line:73] INFO Receive new models from clients [9, 2, 12] at time 3178
2025-04-25 03:36:04,034 asyncbase.py iterate [line:73] INFO Receive new models from clients [19, 10, 13, 1, 5, 8, 18, 11] at time 3179
2025-04-25 03:36:04,034 asyncbase.py iterate [line:73] INFO Receive new models from clients [4, 0, 3, 7, 6, 16, 14] at time 3180
2025-04-25 03:36:04,034 asyncbase.py iterate [line:73] INFO Receive new models from clients [17, 15] at time 3181
2025-04-25 03:36:04,088 fedbase.py run [line:318] INFO --------------Round 204--------------
2025-04-25 03:36:04,088 simple_logger.py log_once [line:14] INFO Current_time:3181
2025-04-25 03:36:06,132 simple_logger.py log_once [line:28] INFO test_accuracy                 0.9879
2025-04-25 03:36:06,132 simple_logger.py log_once [line:28] INFO test_loss                     0.0377
2025-04-25 03:36:06,132 simple_logger.py log_once [line:28] INFO val_accuracy                  0.9855
2025-04-25 03:36:06,132 simple_logger.py log_once [line:28] INFO mean_val_accuracy             0.9855
2025-04-25 03:36:06,132 simple_logger.py log_once [line:28] INFO std_val_accuracy              0.0051
2025-04-25 03:36:06,132 simple_logger.py log_once [line:28] INFO val_loss                      0.0529
2025-04-25 03:36:06,132 simple_logger.py log_once [line:28] INFO mean_val_loss                 0.0529
2025-04-25 03:36:06,132 simple_logger.py log_once [line:28] INFO std_val_loss                  0.0198
2025-04-25 03:36:06,132 fedbase.py run [line:323] INFO expense           29742390.0
2025-04-25 03:36:06,132 fedbase.py run [line:324] INFO Eval Time Cost:               2.0438s
2025-04-25 03:36:06,132 asyncbase.py iterate [line:68] INFO Select clients [0, 1, 2, 3, 4, 5, 6, 7, 8, 9, 10, 11, 12, 13, 14, 15, 16, 17, 18, 19] at time 3182.
2025-04-25 03:36:17,320 asyncbase.py iterate [line:73] INFO Receive new models from clients [12, 0, 14, 4] at time 3194
2025-04-25 03:36:17,320 asyncbase.py iterate [line:73] INFO Receive new models from clients [15, 16, 10, 7, 8, 9, 18] at time 3195
2025-04-25 03:36:17,320 asyncbase.py iterate [line:73] INFO Receive new models from clients [13, 2, 17, 19, 1, 5, 6] at time 3196
2025-04-25 03:36:17,321 asyncbase.py iterate [line:73] INFO Receive new models from clients [11, 3] at time 3197
2025-04-25 03:36:17,373 fedbase.py run [line:318] INFO --------------Round 205--------------
2025-04-25 03:36:17,374 simple_logger.py log_once [line:14] INFO Current_time:3197
2025-04-25 03:36:19,471 simple_logger.py log_once [line:28] INFO test_accuracy                 0.9878
2025-04-25 03:36:19,471 simple_logger.py log_once [line:28] INFO test_loss                     0.0376
2025-04-25 03:36:19,471 simple_logger.py log_once [line:28] INFO val_accuracy                  0.9852
2025-04-25 03:36:19,471 simple_logger.py log_once [line:28] INFO mean_val_accuracy             0.9852
2025-04-25 03:36:19,471 simple_logger.py log_once [line:28] INFO std_val_accuracy              0.0054
2025-04-25 03:36:19,472 simple_logger.py log_once [line:28] INFO val_loss                      0.0531
2025-04-25 03:36:19,472 simple_logger.py log_once [line:28] INFO mean_val_loss                 0.0531
2025-04-25 03:36:19,472 simple_logger.py log_once [line:28] INFO std_val_loss                  0.0210
2025-04-25 03:36:19,472 fedbase.py run [line:323] INFO expense           29766230.0
2025-04-25 03:36:19,472 fedbase.py run [line:324] INFO Eval Time Cost:               2.0982s
2025-04-25 03:36:19,472 asyncbase.py iterate [line:68] INFO Select clients [0, 1, 2, 3, 4, 5, 6, 7, 8, 9, 10, 11, 12, 13, 14, 15, 16, 17, 18, 19] at time 3198.
2025-04-25 03:36:30,979 asyncbase.py iterate [line:73] INFO Receive new models from clients [8, 13, 5] at time 3210
2025-04-25 03:36:30,979 asyncbase.py iterate [line:73] INFO Receive new models from clients [15, 14, 2, 17, 10, 12, 18, 4] at time 3211
2025-04-25 03:36:30,979 asyncbase.py iterate [line:73] INFO Receive new models from clients [0, 3, 19, 16, 11, 7, 9, 6, 1] at time 3212
2025-04-25 03:36:31,033 fedbase.py run [line:318] INFO --------------Round 206--------------
2025-04-25 03:36:31,033 simple_logger.py log_once [line:14] INFO Current_time:3212
2025-04-25 03:36:33,117 simple_logger.py log_once [line:28] INFO test_accuracy                 0.9881
2025-04-25 03:36:33,118 simple_logger.py log_once [line:28] INFO test_loss                     0.0381
2025-04-25 03:36:33,118 simple_logger.py log_once [line:28] INFO val_accuracy                  0.9858
2025-04-25 03:36:33,118 simple_logger.py log_once [line:28] INFO mean_val_accuracy             0.9858
2025-04-25 03:36:33,118 simple_logger.py log_once [line:28] INFO std_val_accuracy              0.0042
2025-04-25 03:36:33,118 simple_logger.py log_once [line:28] INFO val_loss                      0.0529
2025-04-25 03:36:33,118 simple_logger.py log_once [line:28] INFO mean_val_loss                 0.0529
2025-04-25 03:36:33,118 simple_logger.py log_once [line:28] INFO std_val_loss                  0.0207
2025-04-25 03:36:33,118 fedbase.py run [line:323] INFO expense           29790070.0
2025-04-25 03:36:33,118 fedbase.py run [line:324] INFO Eval Time Cost:               2.0848s
2025-04-25 03:36:33,118 asyncbase.py iterate [line:68] INFO Select clients [0, 1, 2, 3, 4, 5, 6, 7, 8, 9, 10, 11, 12, 13, 14, 15, 16, 17, 18, 19] at time 3213.
2025-04-25 03:36:44,330 asyncbase.py iterate [line:73] INFO Receive new models from clients [5] at time 3225
2025-04-25 03:36:44,331 asyncbase.py iterate [line:73] INFO Receive new models from clients [18, 3, 11, 8, 13, 2, 14, 15, 10, 7, 17] at time 3226
2025-04-25 03:36:44,331 asyncbase.py iterate [line:73] INFO Receive new models from clients [9, 4, 6, 16, 1] at time 3227
2025-04-25 03:36:44,331 asyncbase.py iterate [line:73] INFO Receive new models from clients [12, 19, 0] at time 3228
2025-04-25 03:36:44,401 fedbase.py run [line:318] INFO --------------Round 207--------------
2025-04-25 03:36:44,402 simple_logger.py log_once [line:14] INFO Current_time:3228
2025-04-25 03:36:46,788 simple_logger.py log_once [line:28] INFO test_accuracy                 0.9882
2025-04-25 03:36:46,788 simple_logger.py log_once [line:28] INFO test_loss                     0.0377
2025-04-25 03:36:46,789 simple_logger.py log_once [line:28] INFO val_accuracy                  0.9867
2025-04-25 03:36:46,789 simple_logger.py log_once [line:28] INFO mean_val_accuracy             0.9867
2025-04-25 03:36:46,789 simple_logger.py log_once [line:28] INFO std_val_accuracy              0.0051
2025-04-25 03:36:46,789 simple_logger.py log_once [line:28] INFO val_loss                      0.0523
2025-04-25 03:36:46,789 simple_logger.py log_once [line:28] INFO mean_val_loss                 0.0523
2025-04-25 03:36:46,789 simple_logger.py log_once [line:28] INFO std_val_loss                  0.0205
2025-04-25 03:36:46,789 fedbase.py run [line:323] INFO expense           29813910.0
2025-04-25 03:36:46,789 fedbase.py run [line:324] INFO Eval Time Cost:               2.3873s
2025-04-25 03:36:46,789 asyncbase.py iterate [line:68] INFO Select clients [0, 1, 2, 3, 4, 5, 6, 7, 8, 9, 10, 11, 12, 13, 14, 15, 16, 17, 18, 19] at time 3229.
2025-04-25 03:36:58,670 asyncbase.py iterate [line:73] INFO Receive new models from clients [7, 15, 11] at time 3241
2025-04-25 03:36:58,670 asyncbase.py iterate [line:73] INFO Receive new models from clients [10, 14, 18, 5, 9, 19, 16, 12, 2, 8, 13] at time 3242
2025-04-25 03:36:58,670 asyncbase.py iterate [line:73] INFO Receive new models from clients [4, 3, 0] at time 3243
2025-04-25 03:36:58,671 asyncbase.py iterate [line:73] INFO Receive new models from clients [1, 6, 17] at time 3244
2025-04-25 03:36:58,725 fedbase.py run [line:318] INFO --------------Round 208--------------
2025-04-25 03:36:58,725 simple_logger.py log_once [line:14] INFO Current_time:3244
2025-04-25 03:37:00,744 simple_logger.py log_once [line:28] INFO test_accuracy                 0.9876
2025-04-25 03:37:00,744 simple_logger.py log_once [line:28] INFO test_loss                     0.0371
2025-04-25 03:37:00,744 simple_logger.py log_once [line:28] INFO val_accuracy                  0.9858
2025-04-25 03:37:00,744 simple_logger.py log_once [line:28] INFO mean_val_accuracy             0.9858
2025-04-25 03:37:00,745 simple_logger.py log_once [line:28] INFO std_val_accuracy              0.0049
2025-04-25 03:37:00,745 simple_logger.py log_once [line:28] INFO val_loss                      0.0530
2025-04-25 03:37:00,745 simple_logger.py log_once [line:28] INFO mean_val_loss                 0.0530
2025-04-25 03:37:00,745 simple_logger.py log_once [line:28] INFO std_val_loss                  0.0205
2025-04-25 03:37:00,745 fedbase.py run [line:323] INFO expense           29837750.0
2025-04-25 03:37:00,745 fedbase.py run [line:324] INFO Eval Time Cost:               2.0198s
2025-04-25 03:37:00,745 asyncbase.py iterate [line:68] INFO Select clients [0, 1, 2, 3, 4, 5, 6, 7, 8, 9, 10, 11, 12, 13, 14, 15, 16, 17, 18, 19] at time 3245.
2025-04-25 03:37:13,304 asyncbase.py iterate [line:73] INFO Receive new models from clients [1, 12, 3, 11] at time 3257
2025-04-25 03:37:13,304 asyncbase.py iterate [line:73] INFO Receive new models from clients [6, 8, 2, 13, 5, 16, 19, 4, 17] at time 3258
2025-04-25 03:37:13,304 asyncbase.py iterate [line:73] INFO Receive new models from clients [18, 7, 10, 14, 0] at time 3259
2025-04-25 03:37:13,304 asyncbase.py iterate [line:73] INFO Receive new models from clients [15, 9] at time 3260
2025-04-25 03:37:13,357 fedbase.py run [line:318] INFO --------------Round 209--------------
2025-04-25 03:37:13,357 simple_logger.py log_once [line:14] INFO Current_time:3260
2025-04-25 03:37:15,375 simple_logger.py log_once [line:28] INFO test_accuracy                 0.9884
2025-04-25 03:37:15,375 simple_logger.py log_once [line:28] INFO test_loss                     0.0371
2025-04-25 03:37:15,376 simple_logger.py log_once [line:28] INFO val_accuracy                  0.9863
2025-04-25 03:37:15,376 simple_logger.py log_once [line:28] INFO mean_val_accuracy             0.9863
2025-04-25 03:37:15,376 simple_logger.py log_once [line:28] INFO std_val_accuracy              0.0050
2025-04-25 03:37:15,376 simple_logger.py log_once [line:28] INFO val_loss                      0.0516
2025-04-25 03:37:15,376 simple_logger.py log_once [line:28] INFO mean_val_loss                 0.0516
2025-04-25 03:37:15,376 simple_logger.py log_once [line:28] INFO std_val_loss                  0.0206
2025-04-25 03:37:15,376 fedbase.py run [line:323] INFO expense           29861590.0
2025-04-25 03:37:15,376 fedbase.py run [line:324] INFO Eval Time Cost:               2.0195s
2025-04-25 03:37:15,377 asyncbase.py iterate [line:68] INFO Select clients [0, 1, 2, 3, 4, 5, 6, 7, 8, 9, 10, 11, 12, 13, 14, 15, 16, 17, 18, 19] at time 3261.
2025-04-25 03:37:26,559 asyncbase.py iterate [line:73] INFO Receive new models from clients [6, 15, 10, 13, 0, 16, 7] at time 3274
2025-04-25 03:37:26,559 asyncbase.py iterate [line:73] INFO Receive new models from clients [12, 3, 11, 9, 4, 17, 5, 18, 1, 8] at time 3275
2025-04-25 03:37:26,560 asyncbase.py iterate [line:73] INFO Receive new models from clients [19, 14, 2] at time 3276
2025-04-25 03:37:26,613 fedbase.py run [line:318] INFO --------------Round 210--------------
2025-04-25 03:37:26,613 simple_logger.py log_once [line:14] INFO Current_time:3276
2025-04-25 03:37:28,664 simple_logger.py log_once [line:28] INFO test_accuracy                 0.9884
2025-04-25 03:37:28,664 simple_logger.py log_once [line:28] INFO test_loss                     0.0373
2025-04-25 03:37:28,664 simple_logger.py log_once [line:28] INFO val_accuracy                  0.9852
2025-04-25 03:37:28,664 simple_logger.py log_once [line:28] INFO mean_val_accuracy             0.9852
2025-04-25 03:37:28,664 simple_logger.py log_once [line:28] INFO std_val_accuracy              0.0050
2025-04-25 03:37:28,664 simple_logger.py log_once [line:28] INFO val_loss                      0.0529
2025-04-25 03:37:28,664 simple_logger.py log_once [line:28] INFO mean_val_loss                 0.0529
2025-04-25 03:37:28,664 simple_logger.py log_once [line:28] INFO std_val_loss                  0.0202
2025-04-25 03:37:28,664 fedbase.py run [line:323] INFO expense           29885430.0
2025-04-25 03:37:28,664 fedbase.py run [line:324] INFO Eval Time Cost:               2.0514s
2025-04-25 03:37:28,664 asyncbase.py iterate [line:68] INFO Select clients [0, 1, 2, 3, 4, 5, 6, 7, 8, 9, 10, 11, 12, 13, 14, 15, 16, 17, 18, 19] at time 3277.
2025-04-25 03:37:40,011 asyncbase.py iterate [line:73] INFO Receive new models from clients [17, 2] at time 3289
2025-04-25 03:37:40,011 asyncbase.py iterate [line:73] INFO Receive new models from clients [1, 5, 8, 10, 6, 11, 7, 12, 14, 4] at time 3290
2025-04-25 03:37:40,011 asyncbase.py iterate [line:73] INFO Receive new models from clients [19, 13, 18, 9, 3, 16, 0, 15] at time 3291
2025-04-25 03:37:40,067 fedbase.py run [line:318] INFO --------------Round 211--------------
2025-04-25 03:37:40,067 simple_logger.py log_once [line:14] INFO Current_time:3291
2025-04-25 03:37:42,075 simple_logger.py log_once [line:28] INFO test_accuracy                 0.9883
2025-04-25 03:37:42,075 simple_logger.py log_once [line:28] INFO test_loss                     0.0370
2025-04-25 03:37:42,075 simple_logger.py log_once [line:28] INFO val_accuracy                  0.9862
2025-04-25 03:37:42,075 simple_logger.py log_once [line:28] INFO mean_val_accuracy             0.9862
2025-04-25 03:37:42,075 simple_logger.py log_once [line:28] INFO std_val_accuracy              0.0054
2025-04-25 03:37:42,075 simple_logger.py log_once [line:28] INFO val_loss                      0.0522
2025-04-25 03:37:42,075 simple_logger.py log_once [line:28] INFO mean_val_loss                 0.0522
2025-04-25 03:37:42,075 simple_logger.py log_once [line:28] INFO std_val_loss                  0.0208
2025-04-25 03:37:42,075 fedbase.py run [line:323] INFO expense           29909270.0
2025-04-25 03:37:42,075 fedbase.py run [line:324] INFO Eval Time Cost:               2.0082s
2025-04-25 03:37:42,075 asyncbase.py iterate [line:68] INFO Select clients [0, 1, 2, 3, 4, 5, 6, 7, 8, 9, 10, 11, 12, 13, 14, 15, 16, 17, 18, 19] at time 3292.
2025-04-25 03:37:53,071 asyncbase.py iterate [line:73] INFO Receive new models from clients [9] at time 3304
2025-04-25 03:37:53,071 asyncbase.py iterate [line:73] INFO Receive new models from clients [8, 11, 5, 14, 4, 2, 12, 17, 19] at time 3305
2025-04-25 03:37:53,072 asyncbase.py iterate [line:73] INFO Receive new models from clients [0, 16, 7, 1, 15, 10] at time 3306
2025-04-25 03:37:53,072 asyncbase.py iterate [line:73] INFO Receive new models from clients [13, 18, 6, 3] at time 3307
2025-04-25 03:37:53,125 fedbase.py run [line:318] INFO --------------Round 212--------------
2025-04-25 03:37:53,125 simple_logger.py log_once [line:14] INFO Current_time:3307
2025-04-25 03:37:55,134 simple_logger.py log_once [line:28] INFO test_accuracy                 0.9880
2025-04-25 03:37:55,135 simple_logger.py log_once [line:28] INFO test_loss                     0.0371
2025-04-25 03:37:55,135 simple_logger.py log_once [line:28] INFO val_accuracy                  0.9865
2025-04-25 03:37:55,135 simple_logger.py log_once [line:28] INFO mean_val_accuracy             0.9865
2025-04-25 03:37:55,135 simple_logger.py log_once [line:28] INFO std_val_accuracy              0.0051
2025-04-25 03:37:55,135 simple_logger.py log_once [line:28] INFO val_loss                      0.0524
2025-04-25 03:37:55,135 simple_logger.py log_once [line:28] INFO mean_val_loss                 0.0524
2025-04-25 03:37:55,135 simple_logger.py log_once [line:28] INFO std_val_loss                  0.0208
2025-04-25 03:37:55,135 fedbase.py run [line:323] INFO expense           29933110.0
2025-04-25 03:37:55,135 fedbase.py run [line:324] INFO Eval Time Cost:               2.0097s
2025-04-25 03:37:55,135 asyncbase.py iterate [line:68] INFO Select clients [0, 1, 2, 3, 4, 5, 6, 7, 8, 9, 10, 11, 12, 13, 14, 15, 16, 17, 18, 19] at time 3308.
2025-04-25 03:38:06,158 asyncbase.py iterate [line:73] INFO Receive new models from clients [7, 10, 19, 17, 12, 11, 9, 16] at time 3321
2025-04-25 03:38:06,158 asyncbase.py iterate [line:73] INFO Receive new models from clients [15, 3, 8, 13, 1, 14, 2, 4] at time 3322
2025-04-25 03:38:06,159 asyncbase.py iterate [line:73] INFO Receive new models from clients [18, 5, 6, 0] at time 3323
2025-04-25 03:38:06,214 fedbase.py run [line:318] INFO --------------Round 213--------------
2025-04-25 03:38:06,214 simple_logger.py log_once [line:14] INFO Current_time:3323
2025-04-25 03:38:08,215 simple_logger.py log_once [line:28] INFO test_accuracy                 0.9878
2025-04-25 03:38:08,215 simple_logger.py log_once [line:28] INFO test_loss                     0.0372
2025-04-25 03:38:08,215 simple_logger.py log_once [line:28] INFO val_accuracy                  0.9857
2025-04-25 03:38:08,215 simple_logger.py log_once [line:28] INFO mean_val_accuracy             0.9857
2025-04-25 03:38:08,215 simple_logger.py log_once [line:28] INFO std_val_accuracy              0.0053
2025-04-25 03:38:08,215 simple_logger.py log_once [line:28] INFO val_loss                      0.0530
2025-04-25 03:38:08,216 simple_logger.py log_once [line:28] INFO mean_val_loss                 0.0530
2025-04-25 03:38:08,216 simple_logger.py log_once [line:28] INFO std_val_loss                  0.0198
2025-04-25 03:38:08,216 fedbase.py run [line:323] INFO expense           29956950.0
2025-04-25 03:38:08,216 fedbase.py run [line:324] INFO Eval Time Cost:               2.0012s
2025-04-25 03:38:08,216 asyncbase.py iterate [line:68] INFO Select clients [0, 1, 2, 3, 4, 5, 6, 7, 8, 9, 10, 11, 12, 13, 14, 15, 16, 17, 18, 19] at time 3324.
2025-04-25 03:38:19,363 asyncbase.py iterate [line:73] INFO Receive new models from clients [11, 10, 13] at time 3336
2025-04-25 03:38:19,363 asyncbase.py iterate [line:73] INFO Receive new models from clients [14, 17, 6, 0, 7, 8, 15, 16, 1] at time 3337
2025-04-25 03:38:19,364 asyncbase.py iterate [line:73] INFO Receive new models from clients [5, 2, 19, 9, 12, 18] at time 3338
2025-04-25 03:38:19,364 asyncbase.py iterate [line:73] INFO Receive new models from clients [3, 4] at time 3339
2025-04-25 03:38:19,420 fedbase.py run [line:318] INFO --------------Round 214--------------
2025-04-25 03:38:19,420 simple_logger.py log_once [line:14] INFO Current_time:3339
2025-04-25 03:38:21,448 simple_logger.py log_once [line:28] INFO test_accuracy                 0.9882
2025-04-25 03:38:21,448 simple_logger.py log_once [line:28] INFO test_loss                     0.0374
2025-04-25 03:38:21,449 simple_logger.py log_once [line:28] INFO val_accuracy                  0.9862
2025-04-25 03:38:21,449 simple_logger.py log_once [line:28] INFO mean_val_accuracy             0.9862
2025-04-25 03:38:21,449 simple_logger.py log_once [line:28] INFO std_val_accuracy              0.0052
2025-04-25 03:38:21,449 simple_logger.py log_once [line:28] INFO val_loss                      0.0523
2025-04-25 03:38:21,449 simple_logger.py log_once [line:28] INFO mean_val_loss                 0.0523
2025-04-25 03:38:21,449 simple_logger.py log_once [line:28] INFO std_val_loss                  0.0202
2025-04-25 03:38:21,449 fedbase.py run [line:323] INFO expense           29980790.0
2025-04-25 03:38:21,449 fedbase.py run [line:324] INFO Eval Time Cost:               2.0287s
2025-04-25 03:38:21,449 asyncbase.py iterate [line:68] INFO Select clients [0, 1, 2, 3, 4, 5, 6, 7, 8, 9, 10, 11, 12, 13, 14, 15, 16, 17, 18, 19] at time 3340.
2025-04-25 03:38:33,319 asyncbase.py iterate [line:73] INFO Receive new models from clients [4, 6] at time 3352
2025-04-25 03:38:33,319 asyncbase.py iterate [line:73] INFO Receive new models from clients [14, 19, 17, 5, 9, 1, 2, 15, 18, 8, 16] at time 3353
2025-04-25 03:38:33,319 asyncbase.py iterate [line:73] INFO Receive new models from clients [3, 13, 0] at time 3354
2025-04-25 03:38:33,319 asyncbase.py iterate [line:73] INFO Receive new models from clients [10, 12, 7, 11] at time 3355
2025-04-25 03:38:33,373 fedbase.py run [line:318] INFO --------------Round 215--------------
2025-04-25 03:38:33,373 simple_logger.py log_once [line:14] INFO Current_time:3355
2025-04-25 03:38:35,374 simple_logger.py log_once [line:28] INFO test_accuracy                 0.9884
2025-04-25 03:38:35,375 simple_logger.py log_once [line:28] INFO test_loss                     0.0373
2025-04-25 03:38:35,375 simple_logger.py log_once [line:28] INFO val_accuracy                  0.9858
2025-04-25 03:38:35,375 simple_logger.py log_once [line:28] INFO mean_val_accuracy             0.9858
2025-04-25 03:38:35,375 simple_logger.py log_once [line:28] INFO std_val_accuracy              0.0050
2025-04-25 03:38:35,375 simple_logger.py log_once [line:28] INFO val_loss                      0.0522
2025-04-25 03:38:35,375 simple_logger.py log_once [line:28] INFO mean_val_loss                 0.0522
2025-04-25 03:38:35,375 simple_logger.py log_once [line:28] INFO std_val_loss                  0.0204
2025-04-25 03:38:35,375 fedbase.py run [line:323] INFO expense           30004630.0
2025-04-25 03:38:35,375 fedbase.py run [line:324] INFO Eval Time Cost:               2.0020s
2025-04-25 03:38:35,375 asyncbase.py iterate [line:68] INFO Select clients [0, 1, 2, 3, 4, 5, 6, 7, 8, 9, 10, 11, 12, 13, 14, 15, 16, 17, 18, 19] at time 3356.
2025-04-25 03:38:46,399 asyncbase.py iterate [line:73] INFO Receive new models from clients [6, 16, 8] at time 3368
2025-04-25 03:38:46,399 asyncbase.py iterate [line:73] INFO Receive new models from clients [7, 13, 12, 11, 14, 9, 4] at time 3369
2025-04-25 03:38:46,399 asyncbase.py iterate [line:73] INFO Receive new models from clients [0, 1, 5, 3, 18, 10, 15] at time 3370
2025-04-25 03:38:46,400 asyncbase.py iterate [line:73] INFO Receive new models from clients [19, 17, 2] at time 3371
2025-04-25 03:38:46,454 fedbase.py run [line:318] INFO --------------Round 216--------------
2025-04-25 03:38:46,454 simple_logger.py log_once [line:14] INFO Current_time:3371
2025-04-25 03:38:48,445 simple_logger.py log_once [line:28] INFO test_accuracy                 0.9875
2025-04-25 03:38:48,445 simple_logger.py log_once [line:28] INFO test_loss                     0.0372
2025-04-25 03:38:48,445 simple_logger.py log_once [line:28] INFO val_accuracy                  0.9858
2025-04-25 03:38:48,445 simple_logger.py log_once [line:28] INFO mean_val_accuracy             0.9858
2025-04-25 03:38:48,445 simple_logger.py log_once [line:28] INFO std_val_accuracy              0.0050
2025-04-25 03:38:48,445 simple_logger.py log_once [line:28] INFO val_loss                      0.0529
2025-04-25 03:38:48,445 simple_logger.py log_once [line:28] INFO mean_val_loss                 0.0529
2025-04-25 03:38:48,445 simple_logger.py log_once [line:28] INFO std_val_loss                  0.0209
2025-04-25 03:38:48,446 fedbase.py run [line:323] INFO expense           30028470.0
2025-04-25 03:38:48,446 fedbase.py run [line:324] INFO Eval Time Cost:               1.9915s
2025-04-25 03:38:48,446 asyncbase.py iterate [line:68] INFO Select clients [0, 1, 2, 3, 4, 5, 6, 7, 8, 9, 10, 11, 12, 13, 14, 15, 16, 17, 18, 19] at time 3372.
2025-04-25 03:39:00,492 asyncbase.py iterate [line:73] INFO Receive new models from clients [7, 9, 5] at time 3384
2025-04-25 03:39:00,493 asyncbase.py iterate [line:73] INFO Receive new models from clients [14, 17, 1, 18, 0, 16, 3] at time 3385
2025-04-25 03:39:00,493 asyncbase.py iterate [line:73] INFO Receive new models from clients [13, 4, 6, 19, 12, 10, 11] at time 3386
2025-04-25 03:39:00,493 asyncbase.py iterate [line:73] INFO Receive new models from clients [2, 8, 15] at time 3387
2025-04-25 03:39:00,548 fedbase.py run [line:318] INFO --------------Round 217--------------
2025-04-25 03:39:00,548 simple_logger.py log_once [line:14] INFO Current_time:3387
2025-04-25 03:39:02,626 simple_logger.py log_once [line:28] INFO test_accuracy                 0.9881
2025-04-25 03:39:02,627 simple_logger.py log_once [line:28] INFO test_loss                     0.0373
2025-04-25 03:39:02,627 simple_logger.py log_once [line:28] INFO val_accuracy                  0.9865
2025-04-25 03:39:02,627 simple_logger.py log_once [line:28] INFO mean_val_accuracy             0.9865
2025-04-25 03:39:02,627 simple_logger.py log_once [line:28] INFO std_val_accuracy              0.0052
2025-04-25 03:39:02,627 simple_logger.py log_once [line:28] INFO val_loss                      0.0514
2025-04-25 03:39:02,627 simple_logger.py log_once [line:28] INFO mean_val_loss                 0.0514
2025-04-25 03:39:02,627 simple_logger.py log_once [line:28] INFO std_val_loss                  0.0213
2025-04-25 03:39:02,627 fedbase.py run [line:323] INFO expense           30052310.0
2025-04-25 03:39:02,627 fedbase.py run [line:324] INFO Eval Time Cost:               2.0785s
2025-04-25 03:39:02,627 asyncbase.py iterate [line:68] INFO Select clients [0, 1, 2, 3, 4, 5, 6, 7, 8, 9, 10, 11, 12, 13, 14, 15, 16, 17, 18, 19] at time 3388.
2025-04-25 03:39:13,689 asyncbase.py iterate [line:73] INFO Receive new models from clients [18, 6, 13, 19, 8] at time 3400
2025-04-25 03:39:13,689 asyncbase.py iterate [line:73] INFO Receive new models from clients [2, 3, 9, 16, 4, 15] at time 3401
2025-04-25 03:39:13,689 asyncbase.py iterate [line:73] INFO Receive new models from clients [11, 0, 7, 5, 17, 14, 12, 10, 1] at time 3402
2025-04-25 03:39:13,743 fedbase.py run [line:318] INFO --------------Round 218--------------
2025-04-25 03:39:13,743 simple_logger.py log_once [line:14] INFO Current_time:3402
2025-04-25 03:39:15,755 simple_logger.py log_once [line:28] INFO test_accuracy                 0.9879
2025-04-25 03:39:15,755 simple_logger.py log_once [line:28] INFO test_loss                     0.0364
2025-04-25 03:39:15,755 simple_logger.py log_once [line:28] INFO val_accuracy                  0.9863
2025-04-25 03:39:15,756 simple_logger.py log_once [line:28] INFO mean_val_accuracy             0.9863
2025-04-25 03:39:15,756 simple_logger.py log_once [line:28] INFO std_val_accuracy              0.0060
2025-04-25 03:39:15,756 simple_logger.py log_once [line:28] INFO val_loss                      0.0513
2025-04-25 03:39:15,756 simple_logger.py log_once [line:28] INFO mean_val_loss                 0.0513
2025-04-25 03:39:15,756 simple_logger.py log_once [line:28] INFO std_val_loss                  0.0212
2025-04-25 03:39:15,756 fedbase.py run [line:323] INFO expense           30076150.0
2025-04-25 03:39:15,756 fedbase.py run [line:324] INFO Eval Time Cost:               2.0131s
2025-04-25 03:39:15,756 asyncbase.py iterate [line:68] INFO Select clients [0, 1, 2, 3, 4, 5, 6, 7, 8, 9, 10, 11, 12, 13, 14, 15, 16, 17, 18, 19] at time 3403.
2025-04-25 03:39:27,215 asyncbase.py iterate [line:73] INFO Receive new models from clients [8] at time 3415
2025-04-25 03:39:27,215 asyncbase.py iterate [line:73] INFO Receive new models from clients [19, 17, 16, 4, 10, 9, 11, 0, 5, 2, 12] at time 3416
2025-04-25 03:39:27,215 asyncbase.py iterate [line:73] INFO Receive new models from clients [7, 6, 3, 15, 13, 1] at time 3417
2025-04-25 03:39:27,215 asyncbase.py iterate [line:73] INFO Receive new models from clients [18, 14] at time 3418
2025-04-25 03:39:27,268 fedbase.py run [line:318] INFO --------------Round 219--------------
2025-04-25 03:39:27,268 simple_logger.py log_once [line:14] INFO Current_time:3418
2025-04-25 03:39:29,243 simple_logger.py log_once [line:28] INFO test_accuracy                 0.9881
2025-04-25 03:39:29,243 simple_logger.py log_once [line:28] INFO test_loss                     0.0365
2025-04-25 03:39:29,243 simple_logger.py log_once [line:28] INFO val_accuracy                  0.9862
2025-04-25 03:39:29,243 simple_logger.py log_once [line:28] INFO mean_val_accuracy             0.9862
2025-04-25 03:39:29,243 simple_logger.py log_once [line:28] INFO std_val_accuracy              0.0054
2025-04-25 03:39:29,243 simple_logger.py log_once [line:28] INFO val_loss                      0.0517
2025-04-25 03:39:29,243 simple_logger.py log_once [line:28] INFO mean_val_loss                 0.0517
2025-04-25 03:39:29,243 simple_logger.py log_once [line:28] INFO std_val_loss                  0.0212
2025-04-25 03:39:29,243 fedbase.py run [line:323] INFO expense           30099990.0
2025-04-25 03:39:29,243 fedbase.py run [line:324] INFO Eval Time Cost:               1.9751s
2025-04-25 03:39:29,243 asyncbase.py iterate [line:68] INFO Select clients [0, 1, 2, 3, 4, 5, 6, 7, 8, 9, 10, 11, 12, 13, 14, 15, 16, 17, 18, 19] at time 3419.
2025-04-25 03:39:40,486 asyncbase.py iterate [line:73] INFO Receive new models from clients [12, 7, 4, 18, 3, 13, 17, 14, 16, 19] at time 3432
2025-04-25 03:39:40,487 asyncbase.py iterate [line:73] INFO Receive new models from clients [10, 2, 0, 8, 1, 9, 6, 15] at time 3433
2025-04-25 03:39:40,487 asyncbase.py iterate [line:73] INFO Receive new models from clients [5, 11] at time 3434
2025-04-25 03:39:40,540 fedbase.py run [line:318] INFO --------------Round 220--------------
2025-04-25 03:39:40,540 simple_logger.py log_once [line:14] INFO Current_time:3434
2025-04-25 03:39:42,565 simple_logger.py log_once [line:28] INFO test_accuracy                 0.9875
2025-04-25 03:39:42,565 simple_logger.py log_once [line:28] INFO test_loss                     0.0377
2025-04-25 03:39:42,565 simple_logger.py log_once [line:28] INFO val_accuracy                  0.9858
2025-04-25 03:39:42,565 simple_logger.py log_once [line:28] INFO mean_val_accuracy             0.9858
2025-04-25 03:39:42,566 simple_logger.py log_once [line:28] INFO std_val_accuracy              0.0054
2025-04-25 03:39:42,566 simple_logger.py log_once [line:28] INFO val_loss                      0.0523
2025-04-25 03:39:42,566 simple_logger.py log_once [line:28] INFO mean_val_loss                 0.0523
2025-04-25 03:39:42,566 simple_logger.py log_once [line:28] INFO std_val_loss                  0.0212
2025-04-25 03:39:42,566 fedbase.py run [line:323] INFO expense           30123830.0
2025-04-25 03:39:42,566 fedbase.py run [line:324] INFO Eval Time Cost:               2.0259s
2025-04-25 03:39:42,566 asyncbase.py iterate [line:68] INFO Select clients [0, 1, 2, 3, 4, 5, 6, 7, 8, 9, 10, 11, 12, 13, 14, 15, 16, 17, 18, 19] at time 3435.
2025-04-25 03:39:53,795 asyncbase.py iterate [line:73] INFO Receive new models from clients [6, 10, 12, 17, 19, 0, 2, 18, 14] at time 3448
2025-04-25 03:39:53,796 asyncbase.py iterate [line:73] INFO Receive new models from clients [4, 16, 8, 9, 13, 5, 3, 11, 1] at time 3449
2025-04-25 03:39:53,796 asyncbase.py iterate [line:73] INFO Receive new models from clients [15, 7] at time 3450
2025-04-25 03:39:53,849 fedbase.py run [line:318] INFO --------------Round 221--------------
2025-04-25 03:39:53,849 simple_logger.py log_once [line:14] INFO Current_time:3450
2025-04-25 03:39:55,867 simple_logger.py log_once [line:28] INFO test_accuracy                 0.9880
2025-04-25 03:39:55,867 simple_logger.py log_once [line:28] INFO test_loss                     0.0366
2025-04-25 03:39:55,867 simple_logger.py log_once [line:28] INFO val_accuracy                  0.9862
2025-04-25 03:39:55,867 simple_logger.py log_once [line:28] INFO mean_val_accuracy             0.9862
2025-04-25 03:39:55,867 simple_logger.py log_once [line:28] INFO std_val_accuracy              0.0057
2025-04-25 03:39:55,868 simple_logger.py log_once [line:28] INFO val_loss                      0.0516
2025-04-25 03:39:55,868 simple_logger.py log_once [line:28] INFO mean_val_loss                 0.0516
2025-04-25 03:39:55,868 simple_logger.py log_once [line:28] INFO std_val_loss                  0.0214
2025-04-25 03:39:55,868 fedbase.py run [line:323] INFO expense           30147670.0
2025-04-25 03:39:55,868 fedbase.py run [line:324] INFO Eval Time Cost:               2.0186s
2025-04-25 03:39:55,868 asyncbase.py iterate [line:68] INFO Select clients [0, 1, 2, 3, 4, 5, 6, 7, 8, 9, 10, 11, 12, 13, 14, 15, 16, 17, 18, 19] at time 3451.
2025-04-25 03:40:07,119 asyncbase.py iterate [line:73] INFO Receive new models from clients [11, 1] at time 3463
2025-04-25 03:40:07,120 asyncbase.py iterate [line:73] INFO Receive new models from clients [9, 2, 8, 13, 3, 16, 18, 6, 7, 19, 17, 5, 10] at time 3464
2025-04-25 03:40:07,120 asyncbase.py iterate [line:73] INFO Receive new models from clients [15] at time 3465
2025-04-25 03:40:07,120 asyncbase.py iterate [line:73] INFO Receive new models from clients [14, 0, 12, 4] at time 3466
2025-04-25 03:40:07,173 fedbase.py run [line:318] INFO --------------Round 222--------------
2025-04-25 03:40:07,173 simple_logger.py log_once [line:14] INFO Current_time:3466
2025-04-25 03:40:09,176 simple_logger.py log_once [line:28] INFO test_accuracy                 0.9878
2025-04-25 03:40:09,176 simple_logger.py log_once [line:28] INFO test_loss                     0.0371
2025-04-25 03:40:09,176 simple_logger.py log_once [line:28] INFO val_accuracy                  0.9863
2025-04-25 03:40:09,176 simple_logger.py log_once [line:28] INFO mean_val_accuracy             0.9863
2025-04-25 03:40:09,176 simple_logger.py log_once [line:28] INFO std_val_accuracy              0.0056
2025-04-25 03:40:09,176 simple_logger.py log_once [line:28] INFO val_loss                      0.0515
2025-04-25 03:40:09,176 simple_logger.py log_once [line:28] INFO mean_val_loss                 0.0515
2025-04-25 03:40:09,176 simple_logger.py log_once [line:28] INFO std_val_loss                  0.0210
2025-04-25 03:40:09,176 fedbase.py run [line:323] INFO expense           30171510.0
2025-04-25 03:40:09,177 fedbase.py run [line:324] INFO Eval Time Cost:               2.0031s
2025-04-25 03:40:09,177 asyncbase.py iterate [line:68] INFO Select clients [0, 1, 2, 3, 4, 5, 6, 7, 8, 9, 10, 11, 12, 13, 14, 15, 16, 17, 18, 19] at time 3467.
2025-04-25 03:40:20,370 asyncbase.py iterate [line:73] INFO Receive new models from clients [4, 13] at time 3479
2025-04-25 03:40:20,370 asyncbase.py iterate [line:73] INFO Receive new models from clients [8, 0, 5, 9, 10, 19, 15, 3, 7, 18] at time 3480
2025-04-25 03:40:20,370 asyncbase.py iterate [line:73] INFO Receive new models from clients [6, 14, 17, 11, 12, 16, 2] at time 3481
2025-04-25 03:40:20,370 asyncbase.py iterate [line:73] INFO Receive new models from clients [1] at time 3482
2025-04-25 03:40:20,424 fedbase.py run [line:318] INFO --------------Round 223--------------
2025-04-25 03:40:20,425 simple_logger.py log_once [line:14] INFO Current_time:3482
2025-04-25 03:40:22,464 simple_logger.py log_once [line:28] INFO test_accuracy                 0.9880
2025-04-25 03:40:22,464 simple_logger.py log_once [line:28] INFO test_loss                     0.0365
2025-04-25 03:40:22,464 simple_logger.py log_once [line:28] INFO val_accuracy                  0.9862
2025-04-25 03:40:22,464 simple_logger.py log_once [line:28] INFO mean_val_accuracy             0.9862
2025-04-25 03:40:22,464 simple_logger.py log_once [line:28] INFO std_val_accuracy              0.0056
2025-04-25 03:40:22,465 simple_logger.py log_once [line:28] INFO val_loss                      0.0516
2025-04-25 03:40:22,465 simple_logger.py log_once [line:28] INFO mean_val_loss                 0.0516
2025-04-25 03:40:22,465 simple_logger.py log_once [line:28] INFO std_val_loss                  0.0213
2025-04-25 03:40:22,465 fedbase.py run [line:323] INFO expense           30195350.0
2025-04-25 03:40:22,465 fedbase.py run [line:324] INFO Eval Time Cost:               2.0402s
2025-04-25 03:40:22,465 asyncbase.py iterate [line:68] INFO Select clients [0, 1, 2, 3, 4, 5, 6, 7, 8, 9, 10, 11, 12, 13, 14, 15, 16, 17, 18, 19] at time 3483.
2025-04-25 03:40:33,468 asyncbase.py iterate [line:73] INFO Receive new models from clients [9, 3] at time 3495
2025-04-25 03:40:33,468 asyncbase.py iterate [line:73] INFO Receive new models from clients [16, 15, 1, 0, 17, 13, 8, 10, 4] at time 3496
2025-04-25 03:40:33,469 asyncbase.py iterate [line:73] INFO Receive new models from clients [5, 14, 7, 18, 19, 11] at time 3497
2025-04-25 03:40:33,469 asyncbase.py iterate [line:73] INFO Receive new models from clients [12, 2, 6] at time 3498
2025-04-25 03:40:33,523 fedbase.py run [line:318] INFO --------------Round 224--------------
2025-04-25 03:40:33,523 simple_logger.py log_once [line:14] INFO Current_time:3498
2025-04-25 03:40:35,547 simple_logger.py log_once [line:28] INFO test_accuracy                 0.9886
2025-04-25 03:40:35,547 simple_logger.py log_once [line:28] INFO test_loss                     0.0364
2025-04-25 03:40:35,547 simple_logger.py log_once [line:28] INFO val_accuracy                  0.9865
2025-04-25 03:40:35,547 simple_logger.py log_once [line:28] INFO mean_val_accuracy             0.9865
2025-04-25 03:40:35,547 simple_logger.py log_once [line:28] INFO std_val_accuracy              0.0057
2025-04-25 03:40:35,547 simple_logger.py log_once [line:28] INFO val_loss                      0.0517
2025-04-25 03:40:35,547 simple_logger.py log_once [line:28] INFO mean_val_loss                 0.0517
2025-04-25 03:40:35,547 simple_logger.py log_once [line:28] INFO std_val_loss                  0.0214
2025-04-25 03:40:35,547 fedbase.py run [line:323] INFO expense           30219190.0
2025-04-25 03:40:35,547 fedbase.py run [line:324] INFO Eval Time Cost:               2.0240s
2025-04-25 03:40:35,548 asyncbase.py iterate [line:68] INFO Select clients [0, 1, 2, 3, 4, 5, 6, 7, 8, 9, 10, 11, 12, 13, 14, 15, 16, 17, 18, 19] at time 3499.
2025-04-25 03:40:47,009 asyncbase.py iterate [line:73] INFO Receive new models from clients [14, 18, 6, 1] at time 3511
2025-04-25 03:40:47,009 asyncbase.py iterate [line:73] INFO Receive new models from clients [10, 11, 7, 3, 0, 13, 16, 4, 2, 15] at time 3512
2025-04-25 03:40:47,010 asyncbase.py iterate [line:73] INFO Receive new models from clients [8, 17, 19, 5, 12] at time 3513
2025-04-25 03:40:47,010 asyncbase.py iterate [line:73] INFO Receive new models from clients [9] at time 3514
2025-04-25 03:40:47,064 fedbase.py run [line:318] INFO --------------Round 225--------------
2025-04-25 03:40:47,064 simple_logger.py log_once [line:14] INFO Current_time:3514
2025-04-25 03:40:49,073 simple_logger.py log_once [line:28] INFO test_accuracy                 0.9888
2025-04-25 03:40:49,073 simple_logger.py log_once [line:28] INFO test_loss                     0.0367
2025-04-25 03:40:49,073 simple_logger.py log_once [line:28] INFO val_accuracy                  0.9862
2025-04-25 03:40:49,073 simple_logger.py log_once [line:28] INFO mean_val_accuracy             0.9862
2025-04-25 03:40:49,074 simple_logger.py log_once [line:28] INFO std_val_accuracy              0.0057
2025-04-25 03:40:49,074 simple_logger.py log_once [line:28] INFO val_loss                      0.0526
2025-04-25 03:40:49,074 simple_logger.py log_once [line:28] INFO mean_val_loss                 0.0526
2025-04-25 03:40:49,074 simple_logger.py log_once [line:28] INFO std_val_loss                  0.0208
2025-04-25 03:40:49,074 fedbase.py run [line:323] INFO expense           30243030.0
2025-04-25 03:40:49,074 fedbase.py run [line:324] INFO Eval Time Cost:               2.0095s
2025-04-25 03:40:49,074 asyncbase.py iterate [line:68] INFO Select clients [0, 1, 2, 3, 4, 5, 6, 7, 8, 9, 10, 11, 12, 13, 14, 15, 16, 17, 18, 19] at time 3515.
2025-04-25 03:41:00,557 asyncbase.py iterate [line:73] INFO Receive new models from clients [13, 9, 3, 4] at time 3527
2025-04-25 03:41:00,558 asyncbase.py iterate [line:73] INFO Receive new models from clients [6, 1, 10, 2, 18, 15, 5, 16] at time 3528
2025-04-25 03:41:00,558 asyncbase.py iterate [line:73] INFO Receive new models from clients [14, 12, 17, 19, 7, 0] at time 3529
2025-04-25 03:41:00,558 asyncbase.py iterate [line:73] INFO Receive new models from clients [11, 8] at time 3530
2025-04-25 03:41:00,611 fedbase.py run [line:318] INFO --------------Round 226--------------
2025-04-25 03:41:00,611 simple_logger.py log_once [line:14] INFO Current_time:3530
2025-04-25 03:41:02,605 simple_logger.py log_once [line:28] INFO test_accuracy                 0.9885
2025-04-25 03:41:02,605 simple_logger.py log_once [line:28] INFO test_loss                     0.0360
2025-04-25 03:41:02,605 simple_logger.py log_once [line:28] INFO val_accuracy                  0.9863
2025-04-25 03:41:02,605 simple_logger.py log_once [line:28] INFO mean_val_accuracy             0.9863
2025-04-25 03:41:02,605 simple_logger.py log_once [line:28] INFO std_val_accuracy              0.0058
2025-04-25 03:41:02,605 simple_logger.py log_once [line:28] INFO val_loss                      0.0517
2025-04-25 03:41:02,605 simple_logger.py log_once [line:28] INFO mean_val_loss                 0.0517
2025-04-25 03:41:02,605 simple_logger.py log_once [line:28] INFO std_val_loss                  0.0210
2025-04-25 03:41:02,605 fedbase.py run [line:323] INFO expense           30266870.0
2025-04-25 03:41:02,605 fedbase.py run [line:324] INFO Eval Time Cost:               1.9943s
2025-04-25 03:41:02,605 asyncbase.py iterate [line:68] INFO Select clients [0, 1, 2, 3, 4, 5, 6, 7, 8, 9, 10, 11, 12, 13, 14, 15, 16, 17, 18, 19] at time 3531.
2025-04-25 03:41:14,071 asyncbase.py iterate [line:73] INFO Receive new models from clients [18] at time 3543
2025-04-25 03:41:14,071 asyncbase.py iterate [line:73] INFO Receive new models from clients [10, 4, 5, 17, 12, 11] at time 3544
2025-04-25 03:41:14,071 asyncbase.py iterate [line:73] INFO Receive new models from clients [15, 14, 19, 9, 1, 2, 8, 3, 7, 13, 0] at time 3545
2025-04-25 03:41:14,071 asyncbase.py iterate [line:73] INFO Receive new models from clients [6, 16] at time 3546
2025-04-25 03:41:14,126 fedbase.py run [line:318] INFO --------------Round 227--------------
2025-04-25 03:41:14,126 simple_logger.py log_once [line:14] INFO Current_time:3546
2025-04-25 03:41:16,155 simple_logger.py log_once [line:28] INFO test_accuracy                 0.9882
2025-04-25 03:41:16,156 simple_logger.py log_once [line:28] INFO test_loss                     0.0366
2025-04-25 03:41:16,156 simple_logger.py log_once [line:28] INFO val_accuracy                  0.9857
2025-04-25 03:41:16,156 simple_logger.py log_once [line:28] INFO mean_val_accuracy             0.9857
2025-04-25 03:41:16,156 simple_logger.py log_once [line:28] INFO std_val_accuracy              0.0055
2025-04-25 03:41:16,156 simple_logger.py log_once [line:28] INFO val_loss                      0.0526
2025-04-25 03:41:16,156 simple_logger.py log_once [line:28] INFO mean_val_loss                 0.0526
2025-04-25 03:41:16,156 simple_logger.py log_once [line:28] INFO std_val_loss                  0.0216
2025-04-25 03:41:16,156 fedbase.py run [line:323] INFO expense           30290710.0
2025-04-25 03:41:16,156 fedbase.py run [line:324] INFO Eval Time Cost:               2.0300s
2025-04-25 03:41:16,156 asyncbase.py iterate [line:68] INFO Select clients [0, 1, 2, 3, 4, 5, 6, 7, 8, 9, 10, 11, 12, 13, 14, 15, 16, 17, 18, 19] at time 3547.
2025-04-25 03:41:27,533 asyncbase.py iterate [line:73] INFO Receive new models from clients [15, 4, 12, 13, 6] at time 3559
2025-04-25 03:41:27,533 asyncbase.py iterate [line:73] INFO Receive new models from clients [14, 19, 17, 5, 18, 0, 7, 2] at time 3560
2025-04-25 03:41:27,533 asyncbase.py iterate [line:73] INFO Receive new models from clients [1, 3, 11, 9, 8] at time 3561
2025-04-25 03:41:27,534 asyncbase.py iterate [line:73] INFO Receive new models from clients [16, 10] at time 3562
2025-04-25 03:41:27,586 fedbase.py run [line:318] INFO --------------Round 228--------------
2025-04-25 03:41:27,586 simple_logger.py log_once [line:14] INFO Current_time:3562
2025-04-25 03:41:29,696 simple_logger.py log_once [line:28] INFO test_accuracy                 0.9877
2025-04-25 03:41:29,696 simple_logger.py log_once [line:28] INFO test_loss                     0.0365
2025-04-25 03:41:29,696 simple_logger.py log_once [line:28] INFO val_accuracy                  0.9857
2025-04-25 03:41:29,697 simple_logger.py log_once [line:28] INFO mean_val_accuracy             0.9857
2025-04-25 03:41:29,697 simple_logger.py log_once [line:28] INFO std_val_accuracy              0.0058
2025-04-25 03:41:29,697 simple_logger.py log_once [line:28] INFO val_loss                      0.0519
2025-04-25 03:41:29,697 simple_logger.py log_once [line:28] INFO mean_val_loss                 0.0519
2025-04-25 03:41:29,697 simple_logger.py log_once [line:28] INFO std_val_loss                  0.0214
2025-04-25 03:41:29,697 fedbase.py run [line:323] INFO expense           30314550.0
2025-04-25 03:41:29,697 fedbase.py run [line:324] INFO Eval Time Cost:               2.1106s
2025-04-25 03:41:29,697 asyncbase.py iterate [line:68] INFO Select clients [0, 1, 2, 3, 4, 5, 6, 7, 8, 9, 10, 11, 12, 13, 14, 15, 16, 17, 18, 19] at time 3563.
2025-04-25 03:41:41,232 asyncbase.py iterate [line:73] INFO Receive new models from clients [0, 15] at time 3575
2025-04-25 03:41:41,233 asyncbase.py iterate [line:73] INFO Receive new models from clients [18, 1, 3, 10, 19, 6, 16, 2] at time 3576
2025-04-25 03:41:41,233 asyncbase.py iterate [line:73] INFO Receive new models from clients [14, 17, 7, 5, 4, 13, 9, 8, 11] at time 3577
2025-04-25 03:41:41,234 asyncbase.py iterate [line:73] INFO Receive new models from clients [12] at time 3578
2025-04-25 03:41:41,289 fedbase.py run [line:318] INFO --------------Round 229--------------
2025-04-25 03:41:41,290 simple_logger.py log_once [line:14] INFO Current_time:3578
2025-04-25 03:41:43,293 simple_logger.py log_once [line:28] INFO test_accuracy                 0.9877
2025-04-25 03:41:43,293 simple_logger.py log_once [line:28] INFO test_loss                     0.0365
2025-04-25 03:41:43,293 simple_logger.py log_once [line:28] INFO val_accuracy                  0.9862
2025-04-25 03:41:43,293 simple_logger.py log_once [line:28] INFO mean_val_accuracy             0.9862
2025-04-25 03:41:43,293 simple_logger.py log_once [line:28] INFO std_val_accuracy              0.0058
2025-04-25 03:41:43,293 simple_logger.py log_once [line:28] INFO val_loss                      0.0512
2025-04-25 03:41:43,294 simple_logger.py log_once [line:28] INFO mean_val_loss                 0.0512
2025-04-25 03:41:43,294 simple_logger.py log_once [line:28] INFO std_val_loss                  0.0213
2025-04-25 03:41:43,294 fedbase.py run [line:323] INFO expense           30338390.0
2025-04-25 03:41:43,294 fedbase.py run [line:324] INFO Eval Time Cost:               2.0042s
2025-04-25 03:41:43,294 asyncbase.py iterate [line:68] INFO Select clients [0, 1, 2, 3, 4, 5, 6, 7, 8, 9, 10, 11, 12, 13, 14, 15, 16, 17, 18, 19] at time 3579.
2025-04-25 03:41:54,874 asyncbase.py iterate [line:73] INFO Receive new models from clients [12, 1, 2] at time 3591
2025-04-25 03:41:54,874 asyncbase.py iterate [line:73] INFO Receive new models from clients [0, 4, 11, 17, 5, 18, 15, 3, 9, 14] at time 3592
2025-04-25 03:41:54,874 asyncbase.py iterate [line:73] INFO Receive new models from clients [19, 8, 7, 13] at time 3593
2025-04-25 03:41:54,874 asyncbase.py iterate [line:73] INFO Receive new models from clients [10, 6, 16] at time 3594
2025-04-25 03:41:54,928 fedbase.py run [line:318] INFO --------------Round 230--------------
2025-04-25 03:41:54,928 simple_logger.py log_once [line:14] INFO Current_time:3594
2025-04-25 03:41:56,938 simple_logger.py log_once [line:28] INFO test_accuracy                 0.9881
2025-04-25 03:41:56,938 simple_logger.py log_once [line:28] INFO test_loss                     0.0361
2025-04-25 03:41:56,938 simple_logger.py log_once [line:28] INFO val_accuracy                  0.9863
2025-04-25 03:41:56,938 simple_logger.py log_once [line:28] INFO mean_val_accuracy             0.9863
2025-04-25 03:41:56,938 simple_logger.py log_once [line:28] INFO std_val_accuracy              0.0048
2025-04-25 03:41:56,939 simple_logger.py log_once [line:28] INFO val_loss                      0.0516
2025-04-25 03:41:56,939 simple_logger.py log_once [line:28] INFO mean_val_loss                 0.0516
2025-04-25 03:41:56,939 simple_logger.py log_once [line:28] INFO std_val_loss                  0.0214
2025-04-25 03:41:56,939 fedbase.py run [line:323] INFO expense           30362230.0
2025-04-25 03:41:56,939 fedbase.py run [line:324] INFO Eval Time Cost:               2.0103s
2025-04-25 03:41:56,939 asyncbase.py iterate [line:68] INFO Select clients [0, 1, 2, 3, 4, 5, 6, 7, 8, 9, 10, 11, 12, 13, 14, 15, 16, 17, 18, 19] at time 3595.
2025-04-25 03:42:08,101 asyncbase.py iterate [line:73] INFO Receive new models from clients [10, 18] at time 3607
2025-04-25 03:42:08,101 asyncbase.py iterate [line:73] INFO Receive new models from clients [9, 5, 6, 17, 2, 0, 15, 14, 1] at time 3608
2025-04-25 03:42:08,102 asyncbase.py iterate [line:73] INFO Receive new models from clients [12, 19, 11, 4, 13, 3] at time 3609
2025-04-25 03:42:08,102 asyncbase.py iterate [line:73] INFO Receive new models from clients [7, 8, 16] at time 3610
2025-04-25 03:42:08,154 fedbase.py run [line:318] INFO --------------Round 231--------------
2025-04-25 03:42:08,154 simple_logger.py log_once [line:14] INFO Current_time:3610
2025-04-25 03:42:10,148 simple_logger.py log_once [line:28] INFO test_accuracy                 0.9883
2025-04-25 03:42:10,148 simple_logger.py log_once [line:28] INFO test_loss                     0.0356
2025-04-25 03:42:10,148 simple_logger.py log_once [line:28] INFO val_accuracy                  0.9863
2025-04-25 03:42:10,148 simple_logger.py log_once [line:28] INFO mean_val_accuracy             0.9863
2025-04-25 03:42:10,148 simple_logger.py log_once [line:28] INFO std_val_accuracy              0.0055
2025-04-25 03:42:10,148 simple_logger.py log_once [line:28] INFO val_loss                      0.0523
2025-04-25 03:42:10,148 simple_logger.py log_once [line:28] INFO mean_val_loss                 0.0523
2025-04-25 03:42:10,149 simple_logger.py log_once [line:28] INFO std_val_loss                  0.0213
2025-04-25 03:42:10,149 fedbase.py run [line:323] INFO expense           30386070.0
2025-04-25 03:42:10,149 fedbase.py run [line:324] INFO Eval Time Cost:               1.9946s
2025-04-25 03:42:10,149 asyncbase.py iterate [line:68] INFO Select clients [0, 1, 2, 3, 4, 5, 6, 7, 8, 9, 10, 11, 12, 13, 14, 15, 16, 17, 18, 19] at time 3611.
2025-04-25 03:42:22,140 asyncbase.py iterate [line:73] INFO Receive new models from clients [3, 19, 7] at time 3623
2025-04-25 03:42:22,140 asyncbase.py iterate [line:73] INFO Receive new models from clients [15, 16, 17, 13, 5, 4, 9, 2] at time 3624
2025-04-25 03:42:22,141 asyncbase.py iterate [line:73] INFO Receive new models from clients [1, 10, 8, 6, 14, 18, 0] at time 3625
2025-04-25 03:42:22,141 asyncbase.py iterate [line:73] INFO Receive new models from clients [12, 11] at time 3626
2025-04-25 03:42:22,220 fedbase.py run [line:318] INFO --------------Round 232--------------
2025-04-25 03:42:22,220 simple_logger.py log_once [line:14] INFO Current_time:3626
2025-04-25 03:42:24,370 simple_logger.py log_once [line:28] INFO test_accuracy                 0.9884
2025-04-25 03:42:24,370 simple_logger.py log_once [line:28] INFO test_loss                     0.0361
2025-04-25 03:42:24,370 simple_logger.py log_once [line:28] INFO val_accuracy                  0.9858
2025-04-25 03:42:24,370 simple_logger.py log_once [line:28] INFO mean_val_accuracy             0.9858
2025-04-25 03:42:24,370 simple_logger.py log_once [line:28] INFO std_val_accuracy              0.0050
2025-04-25 03:42:24,370 simple_logger.py log_once [line:28] INFO val_loss                      0.0518
2025-04-25 03:42:24,370 simple_logger.py log_once [line:28] INFO mean_val_loss                 0.0518
2025-04-25 03:42:24,370 simple_logger.py log_once [line:28] INFO std_val_loss                  0.0210
2025-04-25 03:42:24,370 fedbase.py run [line:323] INFO expense           30409910.0
2025-04-25 03:42:24,370 fedbase.py run [line:324] INFO Eval Time Cost:               2.1507s
2025-04-25 03:42:24,371 asyncbase.py iterate [line:68] INFO Select clients [0, 1, 2, 3, 4, 5, 6, 7, 8, 9, 10, 11, 12, 13, 14, 15, 16, 17, 18, 19] at time 3627.
2025-04-25 03:42:35,453 asyncbase.py iterate [line:73] INFO Receive new models from clients [8, 0] at time 3639
2025-04-25 03:42:35,453 asyncbase.py iterate [line:73] INFO Receive new models from clients [18, 12, 16, 1, 9, 7, 19, 5, 2] at time 3640
2025-04-25 03:42:35,453 asyncbase.py iterate [line:73] INFO Receive new models from clients [15, 10, 6, 3, 11, 14, 13, 4] at time 3641
2025-04-25 03:42:35,454 asyncbase.py iterate [line:73] INFO Receive new models from clients [17] at time 3642
2025-04-25 03:42:35,507 fedbase.py run [line:318] INFO --------------Round 233--------------
2025-04-25 03:42:35,508 simple_logger.py log_once [line:14] INFO Current_time:3642
2025-04-25 03:42:37,523 simple_logger.py log_once [line:28] INFO test_accuracy                 0.9878
2025-04-25 03:42:37,523 simple_logger.py log_once [line:28] INFO test_loss                     0.0370
2025-04-25 03:42:37,523 simple_logger.py log_once [line:28] INFO val_accuracy                  0.9867
2025-04-25 03:42:37,523 simple_logger.py log_once [line:28] INFO mean_val_accuracy             0.9867
2025-04-25 03:42:37,523 simple_logger.py log_once [line:28] INFO std_val_accuracy              0.0051
2025-04-25 03:42:37,523 simple_logger.py log_once [line:28] INFO val_loss                      0.0506
2025-04-25 03:42:37,523 simple_logger.py log_once [line:28] INFO mean_val_loss                 0.0506
2025-04-25 03:42:37,523 simple_logger.py log_once [line:28] INFO std_val_loss                  0.0214
2025-04-25 03:42:37,523 fedbase.py run [line:323] INFO expense           30433750.0
2025-04-25 03:42:37,523 fedbase.py run [line:324] INFO Eval Time Cost:               2.0159s
2025-04-25 03:42:37,524 asyncbase.py iterate [line:68] INFO Select clients [0, 1, 2, 3, 4, 5, 6, 7, 8, 9, 10, 11, 12, 13, 14, 15, 16, 17, 18, 19] at time 3643.
2025-04-25 03:42:48,563 asyncbase.py iterate [line:73] INFO Receive new models from clients [13, 3, 16] at time 3655
2025-04-25 03:42:48,564 asyncbase.py iterate [line:73] INFO Receive new models from clients [17, 8, 10] at time 3656
2025-04-25 03:42:48,564 asyncbase.py iterate [line:73] INFO Receive new models from clients [6, 14, 4, 15, 11, 9, 0, 7, 5, 1, 19, 18] at time 3657
2025-04-25 03:42:48,564 asyncbase.py iterate [line:73] INFO Receive new models from clients [2, 12] at time 3658
2025-04-25 03:42:48,616 fedbase.py run [line:318] INFO --------------Round 234--------------
2025-04-25 03:42:48,616 simple_logger.py log_once [line:14] INFO Current_time:3658
2025-04-25 03:42:50,632 simple_logger.py log_once [line:28] INFO test_accuracy                 0.9881
2025-04-25 03:42:50,632 simple_logger.py log_once [line:28] INFO test_loss                     0.0357
2025-04-25 03:42:50,632 simple_logger.py log_once [line:28] INFO val_accuracy                  0.9865
2025-04-25 03:42:50,632 simple_logger.py log_once [line:28] INFO mean_val_accuracy             0.9865
2025-04-25 03:42:50,632 simple_logger.py log_once [line:28] INFO std_val_accuracy              0.0054
2025-04-25 03:42:50,632 simple_logger.py log_once [line:28] INFO val_loss                      0.0511
2025-04-25 03:42:50,632 simple_logger.py log_once [line:28] INFO mean_val_loss                 0.0511
2025-04-25 03:42:50,632 simple_logger.py log_once [line:28] INFO std_val_loss                  0.0212
2025-04-25 03:42:50,632 fedbase.py run [line:323] INFO expense           30457590.0
2025-04-25 03:42:50,633 fedbase.py run [line:324] INFO Eval Time Cost:               2.0163s
2025-04-25 03:42:50,633 asyncbase.py iterate [line:68] INFO Select clients [0, 1, 2, 3, 4, 5, 6, 7, 8, 9, 10, 11, 12, 13, 14, 15, 16, 17, 18, 19] at time 3659.
2025-04-25 03:43:01,890 asyncbase.py iterate [line:73] INFO Receive new models from clients [0, 1] at time 3671
2025-04-25 03:43:01,890 asyncbase.py iterate [line:73] INFO Receive new models from clients [8, 14, 12, 11, 17, 2, 4, 5, 19, 10, 9, 15] at time 3672
2025-04-25 03:43:01,890 asyncbase.py iterate [line:73] INFO Receive new models from clients [3, 13, 7] at time 3673
2025-04-25 03:43:01,890 asyncbase.py iterate [line:73] INFO Receive new models from clients [18, 16, 6] at time 3674
2025-04-25 03:43:01,943 fedbase.py run [line:318] INFO --------------Round 235--------------
2025-04-25 03:43:01,943 simple_logger.py log_once [line:14] INFO Current_time:3674
2025-04-25 03:43:03,930 simple_logger.py log_once [line:28] INFO test_accuracy                 0.9881
2025-04-25 03:43:03,930 simple_logger.py log_once [line:28] INFO test_loss                     0.0360
2025-04-25 03:43:03,930 simple_logger.py log_once [line:28] INFO val_accuracy                  0.9862
2025-04-25 03:43:03,930 simple_logger.py log_once [line:28] INFO mean_val_accuracy             0.9862
2025-04-25 03:43:03,930 simple_logger.py log_once [line:28] INFO std_val_accuracy              0.0057
2025-04-25 03:43:03,930 simple_logger.py log_once [line:28] INFO val_loss                      0.0516
2025-04-25 03:43:03,930 simple_logger.py log_once [line:28] INFO mean_val_loss                 0.0516
2025-04-25 03:43:03,930 simple_logger.py log_once [line:28] INFO std_val_loss                  0.0214
2025-04-25 03:43:03,930 fedbase.py run [line:323] INFO expense           30481430.0
2025-04-25 03:43:03,930 fedbase.py run [line:324] INFO Eval Time Cost:               1.9875s
2025-04-25 03:43:03,930 asyncbase.py iterate [line:68] INFO Select clients [0, 1, 2, 3, 4, 5, 6, 7, 8, 9, 10, 11, 12, 13, 14, 15, 16, 17, 18, 19] at time 3675.
2025-04-25 03:43:15,257 asyncbase.py iterate [line:73] INFO Receive new models from clients [17, 9] at time 3687
2025-04-25 03:43:15,258 asyncbase.py iterate [line:73] INFO Receive new models from clients [10, 11, 19, 15, 12, 8, 14, 7, 3, 4] at time 3688
2025-04-25 03:43:15,258 asyncbase.py iterate [line:73] INFO Receive new models from clients [6, 2, 0, 5, 1, 18, 16] at time 3689
2025-04-25 03:43:15,258 asyncbase.py iterate [line:73] INFO Receive new models from clients [13] at time 3690
2025-04-25 03:43:15,311 fedbase.py run [line:318] INFO --------------Round 236--------------
2025-04-25 03:43:15,311 simple_logger.py log_once [line:14] INFO Current_time:3690
2025-04-25 03:43:17,331 simple_logger.py log_once [line:28] INFO test_accuracy                 0.9883
2025-04-25 03:43:17,331 simple_logger.py log_once [line:28] INFO test_loss                     0.0357
2025-04-25 03:43:17,331 simple_logger.py log_once [line:28] INFO val_accuracy                  0.9863
2025-04-25 03:43:17,331 simple_logger.py log_once [line:28] INFO mean_val_accuracy             0.9863
2025-04-25 03:43:17,331 simple_logger.py log_once [line:28] INFO std_val_accuracy              0.0054
2025-04-25 03:43:17,332 simple_logger.py log_once [line:28] INFO val_loss                      0.0518
2025-04-25 03:43:17,332 simple_logger.py log_once [line:28] INFO mean_val_loss                 0.0518
2025-04-25 03:43:17,332 simple_logger.py log_once [line:28] INFO std_val_loss                  0.0211
2025-04-25 03:43:17,332 fedbase.py run [line:323] INFO expense           30505270.0
2025-04-25 03:43:17,332 fedbase.py run [line:324] INFO Eval Time Cost:               2.0209s
2025-04-25 03:43:17,332 asyncbase.py iterate [line:68] INFO Select clients [0, 1, 2, 3, 4, 5, 6, 7, 8, 9, 10, 11, 12, 13, 14, 15, 16, 17, 18, 19] at time 3691.
2025-04-25 03:43:28,728 asyncbase.py iterate [line:73] INFO Receive new models from clients [12, 2, 10] at time 3703
2025-04-25 03:43:28,728 asyncbase.py iterate [line:73] INFO Receive new models from clients [11, 5, 9, 16, 13, 0, 18, 6, 4, 1] at time 3704
2025-04-25 03:43:28,729 asyncbase.py iterate [line:73] INFO Receive new models from clients [8, 7, 17, 3] at time 3705
2025-04-25 03:43:28,729 asyncbase.py iterate [line:73] INFO Receive new models from clients [15, 14, 19] at time 3706
2025-04-25 03:43:28,807 fedbase.py run [line:318] INFO --------------Round 237--------------
2025-04-25 03:43:28,807 simple_logger.py log_once [line:14] INFO Current_time:3706
2025-04-25 03:43:31,086 simple_logger.py log_once [line:28] INFO test_accuracy                 0.9882
2025-04-25 03:43:31,087 simple_logger.py log_once [line:28] INFO test_loss                     0.0360
2025-04-25 03:43:31,087 simple_logger.py log_once [line:28] INFO val_accuracy                  0.9857
2025-04-25 03:43:31,087 simple_logger.py log_once [line:28] INFO mean_val_accuracy             0.9857
2025-04-25 03:43:31,087 simple_logger.py log_once [line:28] INFO std_val_accuracy              0.0052
2025-04-25 03:43:31,087 simple_logger.py log_once [line:28] INFO val_loss                      0.0513
2025-04-25 03:43:31,087 simple_logger.py log_once [line:28] INFO mean_val_loss                 0.0513
2025-04-25 03:43:31,087 simple_logger.py log_once [line:28] INFO std_val_loss                  0.0221
2025-04-25 03:43:31,087 fedbase.py run [line:323] INFO expense           30529110.0
2025-04-25 03:43:31,087 fedbase.py run [line:324] INFO Eval Time Cost:               2.2796s
2025-04-25 03:43:31,087 asyncbase.py iterate [line:68] INFO Select clients [0, 1, 2, 3, 4, 5, 6, 7, 8, 9, 10, 11, 12, 13, 14, 15, 16, 17, 18, 19] at time 3707.
2025-04-25 03:43:43,253 asyncbase.py iterate [line:73] INFO Receive new models from clients [17] at time 3719
2025-04-25 03:43:43,253 asyncbase.py iterate [line:73] INFO Receive new models from clients [12, 13, 7, 3, 8, 9, 6, 16, 1] at time 3720
2025-04-25 03:43:43,254 asyncbase.py iterate [line:73] INFO Receive new models from clients [11, 5, 14, 18, 2, 10, 4, 0, 15] at time 3721
2025-04-25 03:43:43,254 asyncbase.py iterate [line:73] INFO Receive new models from clients [19] at time 3722
2025-04-25 03:43:43,332 fedbase.py run [line:318] INFO --------------Round 238--------------
2025-04-25 03:43:43,332 simple_logger.py log_once [line:14] INFO Current_time:3722
2025-04-25 03:43:45,727 simple_logger.py log_once [line:28] INFO test_accuracy                 0.9888
2025-04-25 03:43:45,727 simple_logger.py log_once [line:28] INFO test_loss                     0.0356
2025-04-25 03:43:45,727 simple_logger.py log_once [line:28] INFO val_accuracy                  0.9868
2025-04-25 03:43:45,728 simple_logger.py log_once [line:28] INFO mean_val_accuracy             0.9868
2025-04-25 03:43:45,728 simple_logger.py log_once [line:28] INFO std_val_accuracy              0.0051
2025-04-25 03:43:45,728 simple_logger.py log_once [line:28] INFO val_loss                      0.0508
2025-04-25 03:43:45,728 simple_logger.py log_once [line:28] INFO mean_val_loss                 0.0508
2025-04-25 03:43:45,728 simple_logger.py log_once [line:28] INFO std_val_loss                  0.0211
2025-04-25 03:43:45,728 fedbase.py run [line:323] INFO expense           30552950.0
2025-04-25 03:43:45,728 fedbase.py run [line:324] INFO Eval Time Cost:               2.3958s
2025-04-25 03:43:45,728 asyncbase.py iterate [line:68] INFO Select clients [0, 1, 2, 3, 4, 5, 6, 7, 8, 9, 10, 11, 12, 13, 14, 15, 16, 17, 18, 19] at time 3723.
2025-04-25 03:43:57,840 asyncbase.py iterate [line:73] INFO Receive new models from clients [0, 2, 5] at time 3735
2025-04-25 03:43:57,840 asyncbase.py iterate [line:73] INFO Receive new models from clients [18, 14, 12, 19, 17, 3, 4, 11, 8] at time 3736
2025-04-25 03:43:57,841 asyncbase.py iterate [line:73] INFO Receive new models from clients [15, 9, 7, 16, 6, 10, 13] at time 3737
2025-04-25 03:43:57,841 asyncbase.py iterate [line:73] INFO Receive new models from clients [1] at time 3738
2025-04-25 03:43:57,921 fedbase.py run [line:318] INFO --------------Round 239--------------
2025-04-25 03:43:57,921 simple_logger.py log_once [line:14] INFO Current_time:3738
2025-04-25 03:44:00,407 simple_logger.py log_once [line:28] INFO test_accuracy                 0.9888
2025-04-25 03:44:00,407 simple_logger.py log_once [line:28] INFO test_loss                     0.0353
2025-04-25 03:44:00,407 simple_logger.py log_once [line:28] INFO val_accuracy                  0.9863
2025-04-25 03:44:00,407 simple_logger.py log_once [line:28] INFO mean_val_accuracy             0.9863
2025-04-25 03:44:00,407 simple_logger.py log_once [line:28] INFO std_val_accuracy              0.0053
2025-04-25 03:44:00,407 simple_logger.py log_once [line:28] INFO val_loss                      0.0508
2025-04-25 03:44:00,407 simple_logger.py log_once [line:28] INFO mean_val_loss                 0.0508
2025-04-25 03:44:00,407 simple_logger.py log_once [line:28] INFO std_val_loss                  0.0213
2025-04-25 03:44:00,407 fedbase.py run [line:323] INFO expense           30576790.0
2025-04-25 03:44:00,407 fedbase.py run [line:324] INFO Eval Time Cost:               2.4865s
2025-04-25 03:44:00,407 asyncbase.py iterate [line:68] INFO Select clients [0, 1, 2, 3, 4, 5, 6, 7, 8, 9, 10, 11, 12, 13, 14, 15, 16, 17, 18, 19] at time 3739.
2025-04-25 03:44:11,443 asyncbase.py iterate [line:73] INFO Receive new models from clients [17, 12, 2, 7, 6] at time 3751
2025-04-25 03:44:11,443 asyncbase.py iterate [line:73] INFO Receive new models from clients [3, 14, 13, 8, 4] at time 3752
2025-04-25 03:44:11,443 asyncbase.py iterate [line:73] INFO Receive new models from clients [18, 10, 0, 16, 9, 15, 1, 5] at time 3753
2025-04-25 03:44:11,444 asyncbase.py iterate [line:73] INFO Receive new models from clients [19, 11] at time 3754
2025-04-25 03:44:11,497 fedbase.py run [line:318] INFO --------------Round 240--------------
2025-04-25 03:44:11,497 simple_logger.py log_once [line:14] INFO Current_time:3754
2025-04-25 03:44:13,500 simple_logger.py log_once [line:28] INFO test_accuracy                 0.9884
2025-04-25 03:44:13,500 simple_logger.py log_once [line:28] INFO test_loss                     0.0355
2025-04-25 03:44:13,500 simple_logger.py log_once [line:28] INFO val_accuracy                  0.9872
2025-04-25 03:44:13,500 simple_logger.py log_once [line:28] INFO mean_val_accuracy             0.9872
2025-04-25 03:44:13,501 simple_logger.py log_once [line:28] INFO std_val_accuracy              0.0047
2025-04-25 03:44:13,501 simple_logger.py log_once [line:28] INFO val_loss                      0.0505
2025-04-25 03:44:13,501 simple_logger.py log_once [line:28] INFO mean_val_loss                 0.0505
2025-04-25 03:44:13,501 simple_logger.py log_once [line:28] INFO std_val_loss                  0.0211
2025-04-25 03:44:13,501 fedbase.py run [line:323] INFO expense           30600630.0
2025-04-25 03:44:13,501 fedbase.py run [line:324] INFO Eval Time Cost:               2.0035s
2025-04-25 03:44:13,501 asyncbase.py iterate [line:68] INFO Select clients [0, 1, 2, 3, 4, 5, 6, 7, 8, 9, 10, 11, 12, 13, 14, 15, 16, 17, 18, 19] at time 3755.
2025-04-25 03:44:25,978 asyncbase.py iterate [line:73] INFO Receive new models from clients [12, 19, 9] at time 3767
2025-04-25 03:44:25,978 asyncbase.py iterate [line:73] INFO Receive new models from clients [15, 13, 17, 14, 3, 11, 10, 5, 7, 4, 2, 18] at time 3768
2025-04-25 03:44:25,978 asyncbase.py iterate [line:73] INFO Receive new models from clients [0, 16, 8] at time 3769
2025-04-25 03:44:25,978 asyncbase.py iterate [line:73] INFO Receive new models from clients [6, 1] at time 3770
2025-04-25 03:44:26,031 fedbase.py run [line:318] INFO --------------Round 241--------------
2025-04-25 03:44:26,031 simple_logger.py log_once [line:14] INFO Current_time:3770
2025-04-25 03:44:28,045 simple_logger.py log_once [line:28] INFO test_accuracy                 0.9887
2025-04-25 03:44:28,045 simple_logger.py log_once [line:28] INFO test_loss                     0.0354
2025-04-25 03:44:28,045 simple_logger.py log_once [line:28] INFO val_accuracy                  0.9858
2025-04-25 03:44:28,045 simple_logger.py log_once [line:28] INFO mean_val_accuracy             0.9858
2025-04-25 03:44:28,045 simple_logger.py log_once [line:28] INFO std_val_accuracy              0.0052
2025-04-25 03:44:28,046 simple_logger.py log_once [line:28] INFO val_loss                      0.0504
2025-04-25 03:44:28,046 simple_logger.py log_once [line:28] INFO mean_val_loss                 0.0504
2025-04-25 03:44:28,046 simple_logger.py log_once [line:28] INFO std_val_loss                  0.0214
2025-04-25 03:44:28,046 fedbase.py run [line:323] INFO expense           30624470.0
2025-04-25 03:44:28,046 fedbase.py run [line:324] INFO Eval Time Cost:               2.0146s
2025-04-25 03:44:28,046 asyncbase.py iterate [line:68] INFO Select clients [0, 1, 2, 3, 4, 5, 6, 7, 8, 9, 10, 11, 12, 13, 14, 15, 16, 17, 18, 19] at time 3771.
2025-04-25 03:44:39,087 asyncbase.py iterate [line:73] INFO Receive new models from clients [8, 19, 16, 4] at time 3783
2025-04-25 03:44:39,088 asyncbase.py iterate [line:73] INFO Receive new models from clients [2, 11, 0, 15, 5, 3, 6] at time 3784
2025-04-25 03:44:39,088 asyncbase.py iterate [line:73] INFO Receive new models from clients [9, 14, 18, 13, 12] at time 3785
2025-04-25 03:44:39,088 asyncbase.py iterate [line:73] INFO Receive new models from clients [1, 7, 10, 17] at time 3786
2025-04-25 03:44:39,141 fedbase.py run [line:318] INFO --------------Round 242--------------
2025-04-25 03:44:39,141 simple_logger.py log_once [line:14] INFO Current_time:3786
2025-04-25 03:44:41,145 simple_logger.py log_once [line:28] INFO test_accuracy                 0.9879
2025-04-25 03:44:41,145 simple_logger.py log_once [line:28] INFO test_loss                     0.0364
2025-04-25 03:44:41,145 simple_logger.py log_once [line:28] INFO val_accuracy                  0.9867
2025-04-25 03:44:41,146 simple_logger.py log_once [line:28] INFO mean_val_accuracy             0.9867
2025-04-25 03:44:41,146 simple_logger.py log_once [line:28] INFO std_val_accuracy              0.0057
2025-04-25 03:44:41,146 simple_logger.py log_once [line:28] INFO val_loss                      0.0508
2025-04-25 03:44:41,146 simple_logger.py log_once [line:28] INFO mean_val_loss                 0.0508
2025-04-25 03:44:41,146 simple_logger.py log_once [line:28] INFO std_val_loss                  0.0210
2025-04-25 03:44:41,146 fedbase.py run [line:323] INFO expense           30648310.0
2025-04-25 03:44:41,146 fedbase.py run [line:324] INFO Eval Time Cost:               2.0051s
2025-04-25 03:44:41,146 asyncbase.py iterate [line:68] INFO Select clients [0, 1, 2, 3, 4, 5, 6, 7, 8, 9, 10, 11, 12, 13, 14, 15, 16, 17, 18, 19] at time 3787.
2025-04-25 03:44:52,276 asyncbase.py iterate [line:73] INFO Receive new models from clients [3, 13] at time 3799
2025-04-25 03:44:52,276 asyncbase.py iterate [line:73] INFO Receive new models from clients [14, 17, 9, 4, 12, 2, 19, 7, 5, 6] at time 3800
2025-04-25 03:44:52,276 asyncbase.py iterate [line:73] INFO Receive new models from clients [18, 1, 0, 11, 16, 10] at time 3801
2025-04-25 03:44:52,277 asyncbase.py iterate [line:73] INFO Receive new models from clients [15, 8] at time 3802
2025-04-25 03:44:52,329 fedbase.py run [line:318] INFO --------------Round 243--------------
2025-04-25 03:44:52,329 simple_logger.py log_once [line:14] INFO Current_time:3802
2025-04-25 03:44:54,328 simple_logger.py log_once [line:28] INFO test_accuracy                 0.9877
2025-04-25 03:44:54,328 simple_logger.py log_once [line:28] INFO test_loss                     0.0365
2025-04-25 03:44:54,328 simple_logger.py log_once [line:28] INFO val_accuracy                  0.9867
2025-04-25 03:44:54,328 simple_logger.py log_once [line:28] INFO mean_val_accuracy             0.9867
2025-04-25 03:44:54,328 simple_logger.py log_once [line:28] INFO std_val_accuracy              0.0054
2025-04-25 03:44:54,328 simple_logger.py log_once [line:28] INFO val_loss                      0.0500
2025-04-25 03:44:54,328 simple_logger.py log_once [line:28] INFO mean_val_loss                 0.0500
2025-04-25 03:44:54,328 simple_logger.py log_once [line:28] INFO std_val_loss                  0.0208
2025-04-25 03:44:54,328 fedbase.py run [line:323] INFO expense           30672150.0
2025-04-25 03:44:54,328 fedbase.py run [line:324] INFO Eval Time Cost:               1.9990s
2025-04-25 03:44:54,329 asyncbase.py iterate [line:68] INFO Select clients [0, 1, 2, 3, 4, 5, 6, 7, 8, 9, 10, 11, 12, 13, 14, 15, 16, 17, 18, 19] at time 3803.
2025-04-25 03:45:05,931 asyncbase.py iterate [line:73] INFO Receive new models from clients [3, 0] at time 3815
2025-04-25 03:45:05,932 asyncbase.py iterate [line:73] INFO Receive new models from clients [10, 9, 7, 19, 18, 6, 11] at time 3816
2025-04-25 03:45:05,932 asyncbase.py iterate [line:73] INFO Receive new models from clients [5, 16, 13, 12, 4, 14, 1, 2] at time 3817
2025-04-25 03:45:05,932 asyncbase.py iterate [line:73] INFO Receive new models from clients [17, 15, 8] at time 3818
2025-04-25 03:45:05,986 fedbase.py run [line:318] INFO --------------Round 244--------------
2025-04-25 03:45:05,986 simple_logger.py log_once [line:14] INFO Current_time:3818
2025-04-25 03:45:07,980 simple_logger.py log_once [line:28] INFO test_accuracy                 0.9887
2025-04-25 03:45:07,980 simple_logger.py log_once [line:28] INFO test_loss                     0.0359
2025-04-25 03:45:07,980 simple_logger.py log_once [line:28] INFO val_accuracy                  0.9867
2025-04-25 03:45:07,980 simple_logger.py log_once [line:28] INFO mean_val_accuracy             0.9867
2025-04-25 03:45:07,980 simple_logger.py log_once [line:28] INFO std_val_accuracy              0.0054
2025-04-25 03:45:07,980 simple_logger.py log_once [line:28] INFO val_loss                      0.0513
2025-04-25 03:45:07,980 simple_logger.py log_once [line:28] INFO mean_val_loss                 0.0513
2025-04-25 03:45:07,980 simple_logger.py log_once [line:28] INFO std_val_loss                  0.0209
2025-04-25 03:45:07,980 fedbase.py run [line:323] INFO expense           30695990.0
2025-04-25 03:45:07,980 fedbase.py run [line:324] INFO Eval Time Cost:               1.9947s
2025-04-25 03:45:07,981 asyncbase.py iterate [line:68] INFO Select clients [0, 1, 2, 3, 4, 5, 6, 7, 8, 9, 10, 11, 12, 13, 14, 15, 16, 17, 18, 19] at time 3819.
2025-04-25 03:45:19,613 asyncbase.py iterate [line:73] INFO Receive new models from clients [3, 13, 11] at time 3831
2025-04-25 03:45:19,613 asyncbase.py iterate [line:73] INFO Receive new models from clients [19, 7, 10, 8, 4, 0, 16, 6, 18, 5] at time 3832
2025-04-25 03:45:19,614 asyncbase.py iterate [line:73] INFO Receive new models from clients [14, 12, 2, 17, 9, 1, 15] at time 3833
2025-04-25 03:45:19,668 fedbase.py run [line:318] INFO --------------Round 245--------------
2025-04-25 03:45:19,668 simple_logger.py log_once [line:14] INFO Current_time:3833
2025-04-25 03:45:21,652 simple_logger.py log_once [line:28] INFO test_accuracy                 0.9884
2025-04-25 03:45:21,652 simple_logger.py log_once [line:28] INFO test_loss                     0.0357
2025-04-25 03:45:21,652 simple_logger.py log_once [line:28] INFO val_accuracy                  0.9868
2025-04-25 03:45:21,652 simple_logger.py log_once [line:28] INFO mean_val_accuracy             0.9868
2025-04-25 03:45:21,652 simple_logger.py log_once [line:28] INFO std_val_accuracy              0.0052
2025-04-25 03:45:21,653 simple_logger.py log_once [line:28] INFO val_loss                      0.0504
2025-04-25 03:45:21,653 simple_logger.py log_once [line:28] INFO mean_val_loss                 0.0504
2025-04-25 03:45:21,653 simple_logger.py log_once [line:28] INFO std_val_loss                  0.0218
2025-04-25 03:45:21,653 fedbase.py run [line:323] INFO expense           30719830.0
2025-04-25 03:45:21,653 fedbase.py run [line:324] INFO Eval Time Cost:               1.9850s
2025-04-25 03:45:21,653 asyncbase.py iterate [line:68] INFO Select clients [0, 1, 2, 3, 4, 5, 6, 7, 8, 9, 10, 11, 12, 13, 14, 15, 16, 17, 18, 19] at time 3834.
2025-04-25 03:45:34,353 asyncbase.py iterate [line:73] INFO Receive new models from clients [8] at time 3846
2025-04-25 03:45:34,353 asyncbase.py iterate [line:73] INFO Receive new models from clients [10, 7, 2, 18, 16, 12] at time 3847
2025-04-25 03:45:34,354 asyncbase.py iterate [line:73] INFO Receive new models from clients [15, 0, 4, 3, 11, 17, 9, 13] at time 3848
2025-04-25 03:45:34,354 asyncbase.py iterate [line:73] INFO Receive new models from clients [1, 5, 19, 6, 14] at time 3849
2025-04-25 03:45:34,406 fedbase.py run [line:318] INFO --------------Round 246--------------
2025-04-25 03:45:34,407 simple_logger.py log_once [line:14] INFO Current_time:3849
2025-04-25 03:45:36,410 simple_logger.py log_once [line:28] INFO test_accuracy                 0.9887
2025-04-25 03:45:36,410 simple_logger.py log_once [line:28] INFO test_loss                     0.0349
2025-04-25 03:45:36,410 simple_logger.py log_once [line:28] INFO val_accuracy                  0.9868
2025-04-25 03:45:36,410 simple_logger.py log_once [line:28] INFO mean_val_accuracy             0.9868
2025-04-25 03:45:36,410 simple_logger.py log_once [line:28] INFO std_val_accuracy              0.0050
2025-04-25 03:45:36,410 simple_logger.py log_once [line:28] INFO val_loss                      0.0508
2025-04-25 03:45:36,410 simple_logger.py log_once [line:28] INFO mean_val_loss                 0.0508
2025-04-25 03:45:36,410 simple_logger.py log_once [line:28] INFO std_val_loss                  0.0207
2025-04-25 03:45:36,410 fedbase.py run [line:323] INFO expense           30743670.0
2025-04-25 03:45:36,410 fedbase.py run [line:324] INFO Eval Time Cost:               2.0036s
2025-04-25 03:45:36,410 asyncbase.py iterate [line:68] INFO Select clients [0, 1, 2, 3, 4, 5, 6, 7, 8, 9, 10, 11, 12, 13, 14, 15, 16, 17, 18, 19] at time 3850.
2025-04-25 03:45:47,694 asyncbase.py iterate [line:73] INFO Receive new models from clients [8, 16, 10, 11, 15, 19, 13, 3, 17, 12, 6] at time 3863
2025-04-25 03:45:47,694 asyncbase.py iterate [line:73] INFO Receive new models from clients [7, 18, 2, 9, 4, 0, 14, 1] at time 3864
2025-04-25 03:45:47,695 asyncbase.py iterate [line:73] INFO Receive new models from clients [5] at time 3865
2025-04-25 03:45:47,746 fedbase.py run [line:318] INFO --------------Round 247--------------
2025-04-25 03:45:47,746 simple_logger.py log_once [line:14] INFO Current_time:3865
2025-04-25 03:45:49,738 simple_logger.py log_once [line:28] INFO test_accuracy                 0.9888
2025-04-25 03:45:49,738 simple_logger.py log_once [line:28] INFO test_loss                     0.0352
2025-04-25 03:45:49,738 simple_logger.py log_once [line:28] INFO val_accuracy                  0.9863
2025-04-25 03:45:49,738 simple_logger.py log_once [line:28] INFO mean_val_accuracy             0.9863
2025-04-25 03:45:49,738 simple_logger.py log_once [line:28] INFO std_val_accuracy              0.0046
2025-04-25 03:45:49,738 simple_logger.py log_once [line:28] INFO val_loss                      0.0504
2025-04-25 03:45:49,738 simple_logger.py log_once [line:28] INFO mean_val_loss                 0.0504
2025-04-25 03:45:49,738 simple_logger.py log_once [line:28] INFO std_val_loss                  0.0207
2025-04-25 03:45:49,738 fedbase.py run [line:323] INFO expense           30767510.0
2025-04-25 03:45:49,738 fedbase.py run [line:324] INFO Eval Time Cost:               1.9920s
2025-04-25 03:45:49,738 asyncbase.py iterate [line:68] INFO Select clients [0, 1, 2, 3, 4, 5, 6, 7, 8, 9, 10, 11, 12, 13, 14, 15, 16, 17, 18, 19] at time 3866.
2025-04-25 03:46:01,144 asyncbase.py iterate [line:73] INFO Receive new models from clients [7, 8, 12, 2] at time 3878
2025-04-25 03:46:01,144 asyncbase.py iterate [line:73] INFO Receive new models from clients [1, 5, 3, 16, 9, 6, 11, 4] at time 3879
2025-04-25 03:46:01,144 asyncbase.py iterate [line:73] INFO Receive new models from clients [10, 18, 15, 0, 14, 19] at time 3880
2025-04-25 03:46:01,145 asyncbase.py iterate [line:73] INFO Receive new models from clients [17, 13] at time 3881
2025-04-25 03:46:01,196 fedbase.py run [line:318] INFO --------------Round 248--------------
2025-04-25 03:46:01,196 simple_logger.py log_once [line:14] INFO Current_time:3881
2025-04-25 03:46:03,177 simple_logger.py log_once [line:28] INFO test_accuracy                 0.9890
2025-04-25 03:46:03,177 simple_logger.py log_once [line:28] INFO test_loss                     0.0349
2025-04-25 03:46:03,177 simple_logger.py log_once [line:28] INFO val_accuracy                  0.9870
2025-04-25 03:46:03,177 simple_logger.py log_once [line:28] INFO mean_val_accuracy             0.9870
2025-04-25 03:46:03,178 simple_logger.py log_once [line:28] INFO std_val_accuracy              0.0047
2025-04-25 03:46:03,178 simple_logger.py log_once [line:28] INFO val_loss                      0.0511
2025-04-25 03:46:03,178 simple_logger.py log_once [line:28] INFO mean_val_loss                 0.0511
2025-04-25 03:46:03,178 simple_logger.py log_once [line:28] INFO std_val_loss                  0.0211
2025-04-25 03:46:03,178 fedbase.py run [line:323] INFO expense           30791350.0
2025-04-25 03:46:03,178 fedbase.py run [line:324] INFO Eval Time Cost:               1.9815s
2025-04-25 03:46:03,178 asyncbase.py iterate [line:68] INFO Select clients [0, 1, 2, 3, 4, 5, 6, 7, 8, 9, 10, 11, 12, 13, 14, 15, 16, 17, 18, 19] at time 3882.
2025-04-25 03:46:14,801 asyncbase.py iterate [line:73] INFO Receive new models from clients [11, 7] at time 3894
2025-04-25 03:46:14,801 asyncbase.py iterate [line:73] INFO Receive new models from clients [4, 15, 9, 19, 17, 18, 8, 1] at time 3895
2025-04-25 03:46:14,802 asyncbase.py iterate [line:73] INFO Receive new models from clients [5, 0, 13, 2, 16, 12, 3, 14] at time 3896
2025-04-25 03:46:14,802 asyncbase.py iterate [line:73] INFO Receive new models from clients [6, 10] at time 3897
2025-04-25 03:46:14,856 fedbase.py run [line:318] INFO --------------Round 249--------------
2025-04-25 03:46:14,856 simple_logger.py log_once [line:14] INFO Current_time:3897
2025-04-25 03:46:16,874 simple_logger.py log_once [line:28] INFO test_accuracy                 0.9886
2025-04-25 03:46:16,874 simple_logger.py log_once [line:28] INFO test_loss                     0.0355
2025-04-25 03:46:16,874 simple_logger.py log_once [line:28] INFO val_accuracy                  0.9863
2025-04-25 03:46:16,874 simple_logger.py log_once [line:28] INFO mean_val_accuracy             0.9863
2025-04-25 03:46:16,874 simple_logger.py log_once [line:28] INFO std_val_accuracy              0.0054
2025-04-25 03:46:16,874 simple_logger.py log_once [line:28] INFO val_loss                      0.0506
2025-04-25 03:46:16,874 simple_logger.py log_once [line:28] INFO mean_val_loss                 0.0506
2025-04-25 03:46:16,874 simple_logger.py log_once [line:28] INFO std_val_loss                  0.0212
2025-04-25 03:46:16,874 fedbase.py run [line:323] INFO expense           30815190.0
2025-04-25 03:46:16,874 fedbase.py run [line:324] INFO Eval Time Cost:               2.0183s
2025-04-25 03:46:16,874 asyncbase.py iterate [line:68] INFO Select clients [0, 1, 2, 3, 4, 5, 6, 7, 8, 9, 10, 11, 12, 13, 14, 15, 16, 17, 18, 19] at time 3898.
2025-04-25 03:46:28,607 asyncbase.py iterate [line:73] INFO Receive new models from clients [5] at time 3910
2025-04-25 03:46:28,607 asyncbase.py iterate [line:73] INFO Receive new models from clients [7, 12, 9, 14, 11, 8, 0] at time 3911
2025-04-25 03:46:28,608 asyncbase.py iterate [line:73] INFO Receive new models from clients [13, 16, 4, 2, 6, 18, 17, 10, 15, 19, 3] at time 3912
2025-04-25 03:46:28,608 asyncbase.py iterate [line:73] INFO Receive new models from clients [1] at time 3913
2025-04-25 03:46:28,660 fedbase.py run [line:318] INFO --------------Round 250--------------
2025-04-25 03:46:28,661 simple_logger.py log_once [line:14] INFO Current_time:3913
2025-04-25 03:46:30,747 simple_logger.py log_once [line:28] INFO test_accuracy                 0.9885
2025-04-25 03:46:30,747 simple_logger.py log_once [line:28] INFO test_loss                     0.0361
2025-04-25 03:46:30,747 simple_logger.py log_once [line:28] INFO val_accuracy                  0.9870
2025-04-25 03:46:30,747 simple_logger.py log_once [line:28] INFO mean_val_accuracy             0.9870
2025-04-25 03:46:30,747 simple_logger.py log_once [line:28] INFO std_val_accuracy              0.0053
2025-04-25 03:46:30,748 simple_logger.py log_once [line:28] INFO val_loss                      0.0505
2025-04-25 03:46:30,748 simple_logger.py log_once [line:28] INFO mean_val_loss                 0.0505
2025-04-25 03:46:30,748 simple_logger.py log_once [line:28] INFO std_val_loss                  0.0218
2025-04-25 03:46:30,748 fedbase.py run [line:323] INFO expense           30839030.0
2025-04-25 03:46:30,748 fedbase.py run [line:324] INFO Eval Time Cost:               2.0872s
2025-04-25 03:46:30,748 asyncbase.py iterate [line:68] INFO Select clients [0, 1, 2, 3, 4, 5, 6, 7, 8, 9, 10, 11, 12, 13, 14, 15, 16, 17, 18, 19] at time 3914.
2025-04-25 03:46:42,208 asyncbase.py iterate [line:73] INFO Receive new models from clients [17, 4, 6, 8, 5] at time 3926
2025-04-25 03:46:42,209 asyncbase.py iterate [line:73] INFO Receive new models from clients [9, 0, 10, 1, 12, 14, 16] at time 3927
2025-04-25 03:46:42,209 asyncbase.py iterate [line:73] INFO Receive new models from clients [13, 7, 19, 2, 3, 11, 15, 18] at time 3928
2025-04-25 03:46:42,261 fedbase.py run [line:318] INFO --------------Round 251--------------
2025-04-25 03:46:42,261 simple_logger.py log_once [line:14] INFO Current_time:3928
2025-04-25 03:46:44,256 simple_logger.py log_once [line:28] INFO test_accuracy                 0.9890
2025-04-25 03:46:44,256 simple_logger.py log_once [line:28] INFO test_loss                     0.0355
2025-04-25 03:46:44,256 simple_logger.py log_once [line:28] INFO val_accuracy                  0.9862
2025-04-25 03:46:44,256 simple_logger.py log_once [line:28] INFO mean_val_accuracy             0.9862
2025-04-25 03:46:44,256 simple_logger.py log_once [line:28] INFO std_val_accuracy              0.0056
2025-04-25 03:46:44,256 simple_logger.py log_once [line:28] INFO val_loss                      0.0518
2025-04-25 03:46:44,256 simple_logger.py log_once [line:28] INFO mean_val_loss                 0.0518
2025-04-25 03:46:44,256 simple_logger.py log_once [line:28] INFO std_val_loss                  0.0216
2025-04-25 03:46:44,256 fedbase.py run [line:323] INFO expense           30862870.0
2025-04-25 03:46:44,256 fedbase.py run [line:324] INFO Eval Time Cost:               1.9956s
2025-04-25 03:46:44,256 asyncbase.py iterate [line:68] INFO Select clients [0, 1, 2, 3, 4, 5, 6, 7, 8, 9, 10, 11, 12, 13, 14, 15, 16, 17, 18, 19] at time 3929.
2025-04-25 03:46:55,450 asyncbase.py iterate [line:73] INFO Receive new models from clients [2, 6] at time 3941
2025-04-25 03:46:55,451 asyncbase.py iterate [line:73] INFO Receive new models from clients [0, 3, 15, 13, 1, 10, 14, 4, 17, 7] at time 3942
2025-04-25 03:46:55,451 asyncbase.py iterate [line:73] INFO Receive new models from clients [9, 18, 11, 16, 12, 5] at time 3943
2025-04-25 03:46:55,451 asyncbase.py iterate [line:73] INFO Receive new models from clients [8, 19] at time 3944
2025-04-25 03:46:55,503 fedbase.py run [line:318] INFO --------------Round 252--------------
2025-04-25 03:46:55,503 simple_logger.py log_once [line:14] INFO Current_time:3944
2025-04-25 03:46:57,501 simple_logger.py log_once [line:28] INFO test_accuracy                 0.9884
2025-04-25 03:46:57,502 simple_logger.py log_once [line:28] INFO test_loss                     0.0364
2025-04-25 03:46:57,502 simple_logger.py log_once [line:28] INFO val_accuracy                  0.9867
2025-04-25 03:46:57,502 simple_logger.py log_once [line:28] INFO mean_val_accuracy             0.9867
2025-04-25 03:46:57,502 simple_logger.py log_once [line:28] INFO std_val_accuracy              0.0059
2025-04-25 03:46:57,502 simple_logger.py log_once [line:28] INFO val_loss                      0.0513
2025-04-25 03:46:57,502 simple_logger.py log_once [line:28] INFO mean_val_loss                 0.0513
2025-04-25 03:46:57,502 simple_logger.py log_once [line:28] INFO std_val_loss                  0.0216
2025-04-25 03:46:57,502 fedbase.py run [line:323] INFO expense           30886710.0
2025-04-25 03:46:57,502 fedbase.py run [line:324] INFO Eval Time Cost:               1.9987s
2025-04-25 03:46:57,502 asyncbase.py iterate [line:68] INFO Select clients [0, 1, 2, 3, 4, 5, 6, 7, 8, 9, 10, 11, 12, 13, 14, 15, 16, 17, 18, 19] at time 3945.
2025-04-25 03:47:08,757 asyncbase.py iterate [line:73] INFO Receive new models from clients [13, 15] at time 3957
2025-04-25 03:47:08,757 asyncbase.py iterate [line:73] INFO Receive new models from clients [14, 18, 1, 10, 7, 8, 3, 6] at time 3958
2025-04-25 03:47:08,757 asyncbase.py iterate [line:73] INFO Receive new models from clients [17, 16, 4, 2, 12, 5, 0, 11, 9] at time 3959
2025-04-25 03:47:08,757 asyncbase.py iterate [line:73] INFO Receive new models from clients [19] at time 3960
2025-04-25 03:47:08,811 fedbase.py run [line:318] INFO --------------Round 253--------------
2025-04-25 03:47:08,811 simple_logger.py log_once [line:14] INFO Current_time:3960
2025-04-25 03:47:10,840 simple_logger.py log_once [line:28] INFO test_accuracy                 0.9882
2025-04-25 03:47:10,840 simple_logger.py log_once [line:28] INFO test_loss                     0.0362
2025-04-25 03:47:10,840 simple_logger.py log_once [line:28] INFO val_accuracy                  0.9873
2025-04-25 03:47:10,840 simple_logger.py log_once [line:28] INFO mean_val_accuracy             0.9873
2025-04-25 03:47:10,840 simple_logger.py log_once [line:28] INFO std_val_accuracy              0.0056
2025-04-25 03:47:10,841 simple_logger.py log_once [line:28] INFO val_loss                      0.0509
2025-04-25 03:47:10,841 simple_logger.py log_once [line:28] INFO mean_val_loss                 0.0509
2025-04-25 03:47:10,841 simple_logger.py log_once [line:28] INFO std_val_loss                  0.0211
2025-04-25 03:47:10,841 fedbase.py run [line:323] INFO expense           30910550.0
2025-04-25 03:47:10,841 fedbase.py run [line:324] INFO Eval Time Cost:               2.0293s
2025-04-25 03:47:10,841 asyncbase.py iterate [line:68] INFO Select clients [0, 1, 2, 3, 4, 5, 6, 7, 8, 9, 10, 11, 12, 13, 14, 15, 16, 17, 18, 19] at time 3961.
2025-04-25 03:47:22,225 asyncbase.py iterate [line:73] INFO Receive new models from clients [1, 2, 4] at time 3973
2025-04-25 03:47:22,225 asyncbase.py iterate [line:73] INFO Receive new models from clients [14, 15, 17, 12, 10] at time 3974
2025-04-25 03:47:22,226 asyncbase.py iterate [line:73] INFO Receive new models from clients [5, 8, 13, 3, 18, 7, 19, 6, 11, 9, 0, 16] at time 3975
2025-04-25 03:47:22,285 fedbase.py run [line:318] INFO --------------Round 254--------------
2025-04-25 03:47:22,285 simple_logger.py log_once [line:14] INFO Current_time:3975
2025-04-25 03:47:24,287 simple_logger.py log_once [line:28] INFO test_accuracy                 0.9883
2025-04-25 03:47:24,287 simple_logger.py log_once [line:28] INFO test_loss                     0.0358
2025-04-25 03:47:24,287 simple_logger.py log_once [line:28] INFO val_accuracy                  0.9873
2025-04-25 03:47:24,287 simple_logger.py log_once [line:28] INFO mean_val_accuracy             0.9873
2025-04-25 03:47:24,287 simple_logger.py log_once [line:28] INFO std_val_accuracy              0.0045
2025-04-25 03:47:24,287 simple_logger.py log_once [line:28] INFO val_loss                      0.0495
2025-04-25 03:47:24,287 simple_logger.py log_once [line:28] INFO mean_val_loss                 0.0495
2025-04-25 03:47:24,288 simple_logger.py log_once [line:28] INFO std_val_loss                  0.0211
2025-04-25 03:47:24,288 fedbase.py run [line:323] INFO expense           30934390.0
2025-04-25 03:47:24,288 fedbase.py run [line:324] INFO Eval Time Cost:               2.0023s
2025-04-25 03:47:24,288 asyncbase.py iterate [line:68] INFO Select clients [0, 1, 2, 3, 4, 5, 6, 7, 8, 9, 10, 11, 12, 13, 14, 15, 16, 17, 18, 19] at time 3976.
2025-04-25 03:47:36,531 asyncbase.py iterate [line:73] INFO Receive new models from clients [3, 10, 6] at time 3988
2025-04-25 03:47:36,532 asyncbase.py iterate [line:73] INFO Receive new models from clients [12, 17, 15, 0, 8, 4, 18, 1] at time 3989
2025-04-25 03:47:36,532 asyncbase.py iterate [line:73] INFO Receive new models from clients [19, 13, 5, 7, 2, 14, 16] at time 3990
2025-04-25 03:47:36,532 asyncbase.py iterate [line:73] INFO Receive new models from clients [11, 9] at time 3991
2025-04-25 03:47:36,585 fedbase.py run [line:318] INFO --------------Round 255--------------
2025-04-25 03:47:36,585 simple_logger.py log_once [line:14] INFO Current_time:3991
2025-04-25 03:47:38,591 simple_logger.py log_once [line:28] INFO test_accuracy                 0.9891
2025-04-25 03:47:38,591 simple_logger.py log_once [line:28] INFO test_loss                     0.0350
2025-04-25 03:47:38,591 simple_logger.py log_once [line:28] INFO val_accuracy                  0.9870
2025-04-25 03:47:38,592 simple_logger.py log_once [line:28] INFO mean_val_accuracy             0.9870
2025-04-25 03:47:38,592 simple_logger.py log_once [line:28] INFO std_val_accuracy              0.0048
2025-04-25 03:47:38,592 simple_logger.py log_once [line:28] INFO val_loss                      0.0518
2025-04-25 03:47:38,592 simple_logger.py log_once [line:28] INFO mean_val_loss                 0.0518
2025-04-25 03:47:38,592 simple_logger.py log_once [line:28] INFO std_val_loss                  0.0220
2025-04-25 03:47:38,592 fedbase.py run [line:323] INFO expense           30958230.0
2025-04-25 03:47:38,592 fedbase.py run [line:324] INFO Eval Time Cost:               2.0066s
2025-04-25 03:47:38,592 asyncbase.py iterate [line:68] INFO Select clients [0, 1, 2, 3, 4, 5, 6, 7, 8, 9, 10, 11, 12, 13, 14, 15, 16, 17, 18, 19] at time 3992.
2025-04-25 03:47:50,040 asyncbase.py iterate [line:73] INFO Receive new models from clients [12] at time 4004
2025-04-25 03:47:50,040 asyncbase.py iterate [line:73] INFO Receive new models from clients [4, 6, 8, 0, 5, 1, 14, 15] at time 4005
2025-04-25 03:47:50,040 asyncbase.py iterate [line:73] INFO Receive new models from clients [3, 17, 2, 11, 18, 10, 7, 9, 19] at time 4006
2025-04-25 03:47:50,040 asyncbase.py iterate [line:73] INFO Receive new models from clients [13, 16] at time 4007
2025-04-25 03:47:50,092 fedbase.py run [line:318] INFO --------------Round 256--------------
2025-04-25 03:47:50,092 simple_logger.py log_once [line:14] INFO Current_time:4007
2025-04-25 03:47:52,090 simple_logger.py log_once [line:28] INFO test_accuracy                 0.9885
2025-04-25 03:47:52,090 simple_logger.py log_once [line:28] INFO test_loss                     0.0356
2025-04-25 03:47:52,090 simple_logger.py log_once [line:28] INFO val_accuracy                  0.9868
2025-04-25 03:47:52,090 simple_logger.py log_once [line:28] INFO mean_val_accuracy             0.9868
2025-04-25 03:47:52,090 simple_logger.py log_once [line:28] INFO std_val_accuracy              0.0050
2025-04-25 03:47:52,090 simple_logger.py log_once [line:28] INFO val_loss                      0.0508
2025-04-25 03:47:52,090 simple_logger.py log_once [line:28] INFO mean_val_loss                 0.0508
2025-04-25 03:47:52,090 simple_logger.py log_once [line:28] INFO std_val_loss                  0.0213
2025-04-25 03:47:52,090 fedbase.py run [line:323] INFO expense           30982070.0
2025-04-25 03:47:52,090 fedbase.py run [line:324] INFO Eval Time Cost:               1.9978s
2025-04-25 03:47:52,090 asyncbase.py iterate [line:68] INFO Select clients [0, 1, 2, 3, 4, 5, 6, 7, 8, 9, 10, 11, 12, 13, 14, 15, 16, 17, 18, 19] at time 4008.
2025-04-25 03:48:03,749 asyncbase.py iterate [line:73] INFO Receive new models from clients [4] at time 4020
2025-04-25 03:48:03,749 asyncbase.py iterate [line:73] INFO Receive new models from clients [15, 1, 13, 7, 5, 0, 14, 6, 12, 10] at time 4021
2025-04-25 03:48:03,750 asyncbase.py iterate [line:73] INFO Receive new models from clients [3, 8, 16, 2, 17, 19, 11, 18] at time 4022
2025-04-25 03:48:03,750 asyncbase.py iterate [line:73] INFO Receive new models from clients [9] at time 4023
2025-04-25 03:48:03,803 fedbase.py run [line:318] INFO --------------Round 257--------------
2025-04-25 03:48:03,803 simple_logger.py log_once [line:14] INFO Current_time:4023
2025-04-25 03:48:05,808 simple_logger.py log_once [line:28] INFO test_accuracy                 0.9888
2025-04-25 03:48:05,808 simple_logger.py log_once [line:28] INFO test_loss                     0.0351
2025-04-25 03:48:05,808 simple_logger.py log_once [line:28] INFO val_accuracy                  0.9865
2025-04-25 03:48:05,809 simple_logger.py log_once [line:28] INFO mean_val_accuracy             0.9865
2025-04-25 03:48:05,809 simple_logger.py log_once [line:28] INFO std_val_accuracy              0.0051
2025-04-25 03:48:05,809 simple_logger.py log_once [line:28] INFO val_loss                      0.0508
2025-04-25 03:48:05,809 simple_logger.py log_once [line:28] INFO mean_val_loss                 0.0508
2025-04-25 03:48:05,809 simple_logger.py log_once [line:28] INFO std_val_loss                  0.0215
2025-04-25 03:48:05,809 fedbase.py run [line:323] INFO expense           31005910.0
2025-04-25 03:48:05,809 fedbase.py run [line:324] INFO Eval Time Cost:               2.0054s
2025-04-25 03:48:05,809 asyncbase.py iterate [line:68] INFO Select clients [0, 1, 2, 3, 4, 5, 6, 7, 8, 9, 10, 11, 12, 13, 14, 15, 16, 17, 18, 19] at time 4024.
2025-04-25 03:48:17,081 asyncbase.py iterate [line:73] INFO Receive new models from clients [8, 6, 16, 13, 3] at time 4036
2025-04-25 03:48:17,082 asyncbase.py iterate [line:73] INFO Receive new models from clients [9, 4, 1, 12, 7, 10, 0, 15] at time 4037
2025-04-25 03:48:17,082 asyncbase.py iterate [line:73] INFO Receive new models from clients [2, 17, 18, 14, 11, 19, 5] at time 4038
2025-04-25 03:48:17,134 fedbase.py run [line:318] INFO --------------Round 258--------------
2025-04-25 03:48:17,134 simple_logger.py log_once [line:14] INFO Current_time:4038
2025-04-25 03:48:19,145 simple_logger.py log_once [line:28] INFO test_accuracy                 0.9885
2025-04-25 03:48:19,145 simple_logger.py log_once [line:28] INFO test_loss                     0.0361
2025-04-25 03:48:19,145 simple_logger.py log_once [line:28] INFO val_accuracy                  0.9870
2025-04-25 03:48:19,145 simple_logger.py log_once [line:28] INFO mean_val_accuracy             0.9870
2025-04-25 03:48:19,145 simple_logger.py log_once [line:28] INFO std_val_accuracy              0.0058
2025-04-25 03:48:19,145 simple_logger.py log_once [line:28] INFO val_loss                      0.0507
2025-04-25 03:48:19,145 simple_logger.py log_once [line:28] INFO mean_val_loss                 0.0507
2025-04-25 03:48:19,145 simple_logger.py log_once [line:28] INFO std_val_loss                  0.0213
2025-04-25 03:48:19,145 fedbase.py run [line:323] INFO expense           31029750.0
2025-04-25 03:48:19,145 fedbase.py run [line:324] INFO Eval Time Cost:               2.0117s
2025-04-25 03:48:19,146 asyncbase.py iterate [line:68] INFO Select clients [0, 1, 2, 3, 4, 5, 6, 7, 8, 9, 10, 11, 12, 13, 14, 15, 16, 17, 18, 19] at time 4039.
2025-04-25 03:48:30,807 asyncbase.py iterate [line:73] INFO Receive new models from clients [7, 0, 8, 1] at time 4051
2025-04-25 03:48:30,808 asyncbase.py iterate [line:73] INFO Receive new models from clients [2, 15, 19, 18, 14, 9, 17] at time 4052
2025-04-25 03:48:30,808 asyncbase.py iterate [line:73] INFO Receive new models from clients [11, 12, 13, 16, 3, 4, 6, 10] at time 4053
2025-04-25 03:48:30,808 asyncbase.py iterate [line:73] INFO Receive new models from clients [5] at time 4054
2025-04-25 03:48:30,862 fedbase.py run [line:318] INFO --------------Round 259--------------
2025-04-25 03:48:30,862 simple_logger.py log_once [line:14] INFO Current_time:4054
2025-04-25 03:48:32,877 simple_logger.py log_once [line:28] INFO test_accuracy                 0.9887
2025-04-25 03:48:32,877 simple_logger.py log_once [line:28] INFO test_loss                     0.0352
2025-04-25 03:48:32,877 simple_logger.py log_once [line:28] INFO val_accuracy                  0.9873
2025-04-25 03:48:32,877 simple_logger.py log_once [line:28] INFO mean_val_accuracy             0.9873
2025-04-25 03:48:32,877 simple_logger.py log_once [line:28] INFO std_val_accuracy              0.0049
2025-04-25 03:48:32,877 simple_logger.py log_once [line:28] INFO val_loss                      0.0497
2025-04-25 03:48:32,877 simple_logger.py log_once [line:28] INFO mean_val_loss                 0.0497
2025-04-25 03:48:32,877 simple_logger.py log_once [line:28] INFO std_val_loss                  0.0211
2025-04-25 03:48:32,877 fedbase.py run [line:323] INFO expense           31053590.0
2025-04-25 03:48:32,877 fedbase.py run [line:324] INFO Eval Time Cost:               2.0153s
2025-04-25 03:48:32,877 asyncbase.py iterate [line:68] INFO Select clients [0, 1, 2, 3, 4, 5, 6, 7, 8, 9, 10, 11, 12, 13, 14, 15, 16, 17, 18, 19] at time 4055.
2025-04-25 03:48:45,957 asyncbase.py iterate [line:73] INFO Receive new models from clients [12, 11, 10] at time 4067
2025-04-25 03:48:45,957 asyncbase.py iterate [line:73] INFO Receive new models from clients [0, 6] at time 4068
2025-04-25 03:48:45,957 asyncbase.py iterate [line:73] INFO Receive new models from clients [14, 13, 19, 4, 16, 15, 8, 1, 17, 18, 2, 5, 7] at time 4069
2025-04-25 03:48:45,957 asyncbase.py iterate [line:73] INFO Receive new models from clients [3, 9] at time 4070
2025-04-25 03:48:46,011 fedbase.py run [line:318] INFO --------------Round 260--------------
2025-04-25 03:48:46,011 simple_logger.py log_once [line:14] INFO Current_time:4070
2025-04-25 03:48:48,033 simple_logger.py log_once [line:28] INFO test_accuracy                 0.9887
2025-04-25 03:48:48,033 simple_logger.py log_once [line:28] INFO test_loss                     0.0352
2025-04-25 03:48:48,033 simple_logger.py log_once [line:28] INFO val_accuracy                  0.9868
2025-04-25 03:48:48,033 simple_logger.py log_once [line:28] INFO mean_val_accuracy             0.9868
2025-04-25 03:48:48,033 simple_logger.py log_once [line:28] INFO std_val_accuracy              0.0053
2025-04-25 03:48:48,033 simple_logger.py log_once [line:28] INFO val_loss                      0.0504
2025-04-25 03:48:48,033 simple_logger.py log_once [line:28] INFO mean_val_loss                 0.0504
2025-04-25 03:48:48,033 simple_logger.py log_once [line:28] INFO std_val_loss                  0.0220
2025-04-25 03:48:48,033 fedbase.py run [line:323] INFO expense           31077430.0
2025-04-25 03:48:48,033 fedbase.py run [line:324] INFO Eval Time Cost:               2.0218s
2025-04-25 03:48:48,033 asyncbase.py iterate [line:68] INFO Select clients [0, 1, 2, 3, 4, 5, 6, 7, 8, 9, 10, 11, 12, 13, 14, 15, 16, 17, 18, 19] at time 4071.
2025-04-25 03:49:00,199 asyncbase.py iterate [line:73] INFO Receive new models from clients [9, 12] at time 4083
2025-04-25 03:49:00,200 asyncbase.py iterate [line:73] INFO Receive new models from clients [16, 2, 15, 18, 4, 14, 13, 10, 7, 17, 8] at time 4084
2025-04-25 03:49:00,200 asyncbase.py iterate [line:73] INFO Receive new models from clients [3, 0, 11, 1, 6, 5, 19] at time 4085
2025-04-25 03:49:00,252 fedbase.py run [line:318] INFO --------------Round 261--------------
2025-04-25 03:49:00,252 simple_logger.py log_once [line:14] INFO Current_time:4085
2025-04-25 03:49:02,336 simple_logger.py log_once [line:28] INFO test_accuracy                 0.9886
2025-04-25 03:49:02,336 simple_logger.py log_once [line:28] INFO test_loss                     0.0350
2025-04-25 03:49:02,336 simple_logger.py log_once [line:28] INFO val_accuracy                  0.9873
2025-04-25 03:49:02,336 simple_logger.py log_once [line:28] INFO mean_val_accuracy             0.9873
2025-04-25 03:49:02,336 simple_logger.py log_once [line:28] INFO std_val_accuracy              0.0050
2025-04-25 03:49:02,336 simple_logger.py log_once [line:28] INFO val_loss                      0.0505
2025-04-25 03:49:02,336 simple_logger.py log_once [line:28] INFO mean_val_loss                 0.0505
2025-04-25 03:49:02,336 simple_logger.py log_once [line:28] INFO std_val_loss                  0.0218
2025-04-25 03:49:02,336 fedbase.py run [line:323] INFO expense           31101270.0
2025-04-25 03:49:02,336 fedbase.py run [line:324] INFO Eval Time Cost:               2.0839s
2025-04-25 03:49:02,336 asyncbase.py iterate [line:68] INFO Select clients [0, 1, 2, 3, 4, 5, 6, 7, 8, 9, 10, 11, 12, 13, 14, 15, 16, 17, 18, 19] at time 4086.
2025-04-25 03:49:13,554 asyncbase.py iterate [line:73] INFO Receive new models from clients [12, 2, 10] at time 4098
2025-04-25 03:49:13,554 asyncbase.py iterate [line:73] INFO Receive new models from clients [16, 5, 11, 9, 15, 0, 14] at time 4099
2025-04-25 03:49:13,554 asyncbase.py iterate [line:73] INFO Receive new models from clients [4, 6, 1, 3, 8, 7, 19] at time 4100
2025-04-25 03:49:13,555 asyncbase.py iterate [line:73] INFO Receive new models from clients [13, 17, 18] at time 4101
2025-04-25 03:49:13,608 fedbase.py run [line:318] INFO --------------Round 262--------------
2025-04-25 03:49:13,608 simple_logger.py log_once [line:14] INFO Current_time:4101
2025-04-25 03:49:15,633 simple_logger.py log_once [line:28] INFO test_accuracy                 0.9885
2025-04-25 03:49:15,633 simple_logger.py log_once [line:28] INFO test_loss                     0.0353
2025-04-25 03:49:15,633 simple_logger.py log_once [line:28] INFO val_accuracy                  0.9868
2025-04-25 03:49:15,633 simple_logger.py log_once [line:28] INFO mean_val_accuracy             0.9868
2025-04-25 03:49:15,633 simple_logger.py log_once [line:28] INFO std_val_accuracy              0.0051
2025-04-25 03:49:15,633 simple_logger.py log_once [line:28] INFO val_loss                      0.0510
2025-04-25 03:49:15,633 simple_logger.py log_once [line:28] INFO mean_val_loss                 0.0510
2025-04-25 03:49:15,633 simple_logger.py log_once [line:28] INFO std_val_loss                  0.0217
2025-04-25 03:49:15,633 fedbase.py run [line:323] INFO expense           31125110.0
2025-04-25 03:49:15,633 fedbase.py run [line:324] INFO Eval Time Cost:               2.0251s
2025-04-25 03:49:15,634 asyncbase.py iterate [line:68] INFO Select clients [0, 1, 2, 3, 4, 5, 6, 7, 8, 9, 10, 11, 12, 13, 14, 15, 16, 17, 18, 19] at time 4102.
2025-04-25 03:49:26,973 asyncbase.py iterate [line:73] INFO Receive new models from clients [1, 4, 6, 15, 11, 13] at time 4115
2025-04-25 03:49:26,973 asyncbase.py iterate [line:73] INFO Receive new models from clients [18, 7, 16, 3, 12, 0, 14, 19] at time 4116
2025-04-25 03:49:26,974 asyncbase.py iterate [line:73] INFO Receive new models from clients [10, 5, 8, 9, 17, 2] at time 4117
2025-04-25 03:49:27,027 fedbase.py run [line:318] INFO --------------Round 263--------------
2025-04-25 03:49:27,027 simple_logger.py log_once [line:14] INFO Current_time:4117
2025-04-25 03:49:29,038 simple_logger.py log_once [line:28] INFO test_accuracy                 0.9889
2025-04-25 03:49:29,038 simple_logger.py log_once [line:28] INFO test_loss                     0.0353
2025-04-25 03:49:29,038 simple_logger.py log_once [line:28] INFO val_accuracy                  0.9865
2025-04-25 03:49:29,038 simple_logger.py log_once [line:28] INFO mean_val_accuracy             0.9865
2025-04-25 03:49:29,038 simple_logger.py log_once [line:28] INFO std_val_accuracy              0.0049
2025-04-25 03:49:29,038 simple_logger.py log_once [line:28] INFO val_loss                      0.0516
2025-04-25 03:49:29,038 simple_logger.py log_once [line:28] INFO mean_val_loss                 0.0516
2025-04-25 03:49:29,038 simple_logger.py log_once [line:28] INFO std_val_loss                  0.0220
2025-04-25 03:49:29,038 fedbase.py run [line:323] INFO expense           31148950.0
2025-04-25 03:49:29,038 fedbase.py run [line:324] INFO Eval Time Cost:               2.0108s
2025-04-25 03:49:29,038 asyncbase.py iterate [line:68] INFO Select clients [0, 1, 2, 3, 4, 5, 6, 7, 8, 9, 10, 11, 12, 13, 14, 15, 16, 17, 18, 19] at time 4118.
2025-04-25 03:49:41,025 asyncbase.py iterate [line:73] INFO Receive new models from clients [1, 6] at time 4130
2025-04-25 03:49:41,025 asyncbase.py iterate [line:73] INFO Receive new models from clients [17, 13, 12, 14, 0, 16] at time 4131
2025-04-25 03:49:41,026 asyncbase.py iterate [line:73] INFO Receive new models from clients [15, 7, 11, 2, 19, 9, 10, 18, 8, 5, 3, 4] at time 4132
2025-04-25 03:49:41,104 fedbase.py run [line:318] INFO --------------Round 264--------------
2025-04-25 03:49:41,105 simple_logger.py log_once [line:14] INFO Current_time:4132
2025-04-25 03:49:43,398 simple_logger.py log_once [line:28] INFO test_accuracy                 0.9885
2025-04-25 03:49:43,399 simple_logger.py log_once [line:28] INFO test_loss                     0.0354
2025-04-25 03:49:43,399 simple_logger.py log_once [line:28] INFO val_accuracy                  0.9873
2025-04-25 03:49:43,399 simple_logger.py log_once [line:28] INFO mean_val_accuracy             0.9873
2025-04-25 03:49:43,399 simple_logger.py log_once [line:28] INFO std_val_accuracy              0.0047
2025-04-25 03:49:43,399 simple_logger.py log_once [line:28] INFO val_loss                      0.0511
2025-04-25 03:49:43,399 simple_logger.py log_once [line:28] INFO mean_val_loss                 0.0511
2025-04-25 03:49:43,399 simple_logger.py log_once [line:28] INFO std_val_loss                  0.0216
2025-04-25 03:49:43,399 fedbase.py run [line:323] INFO expense           31172790.0
2025-04-25 03:49:43,399 fedbase.py run [line:324] INFO Eval Time Cost:               2.2945s
2025-04-25 03:49:43,399 asyncbase.py iterate [line:68] INFO Select clients [0, 1, 2, 3, 4, 5, 6, 7, 8, 9, 10, 11, 12, 13, 14, 15, 16, 17, 18, 19] at time 4133.
2025-04-25 03:49:54,598 asyncbase.py iterate [line:73] INFO Receive new models from clients [14, 17, 7, 8] at time 4145
2025-04-25 03:49:54,599 asyncbase.py iterate [line:73] INFO Receive new models from clients [5, 16, 15, 12, 10, 4] at time 4146
2025-04-25 03:49:54,599 asyncbase.py iterate [line:73] INFO Receive new models from clients [6, 1, 19, 18, 13] at time 4147
2025-04-25 03:49:54,599 asyncbase.py iterate [line:73] INFO Receive new models from clients [3, 0, 11, 2, 9] at time 4148
2025-04-25 03:49:54,653 fedbase.py run [line:318] INFO --------------Round 265--------------
2025-04-25 03:49:54,653 simple_logger.py log_once [line:14] INFO Current_time:4148
2025-04-25 03:49:56,695 simple_logger.py log_once [line:28] INFO test_accuracy                 0.9886
2025-04-25 03:49:56,696 simple_logger.py log_once [line:28] INFO test_loss                     0.0355
2025-04-25 03:49:56,696 simple_logger.py log_once [line:28] INFO val_accuracy                  0.9878
2025-04-25 03:49:56,696 simple_logger.py log_once [line:28] INFO mean_val_accuracy             0.9878
2025-04-25 03:49:56,696 simple_logger.py log_once [line:28] INFO std_val_accuracy              0.0044
2025-04-25 03:49:56,696 simple_logger.py log_once [line:28] INFO val_loss                      0.0502
2025-04-25 03:49:56,696 simple_logger.py log_once [line:28] INFO mean_val_loss                 0.0502
2025-04-25 03:49:56,696 simple_logger.py log_once [line:28] INFO std_val_loss                  0.0219
2025-04-25 03:49:56,696 fedbase.py run [line:323] INFO expense           31196630.0
2025-04-25 03:49:56,696 fedbase.py run [line:324] INFO Eval Time Cost:               2.0426s
2025-04-25 03:49:56,696 asyncbase.py iterate [line:68] INFO Select clients [0, 1, 2, 3, 4, 5, 6, 7, 8, 9, 10, 11, 12, 13, 14, 15, 16, 17, 18, 19] at time 4149.
2025-04-25 03:50:07,874 asyncbase.py iterate [line:73] INFO Receive new models from clients [9, 4, 8, 2, 17, 5, 11, 15, 16, 12] at time 4162
2025-04-25 03:50:07,875 asyncbase.py iterate [line:73] INFO Receive new models from clients [7, 6, 19, 10, 18, 1, 13, 3] at time 4163
2025-04-25 03:50:07,875 asyncbase.py iterate [line:73] INFO Receive new models from clients [0, 14] at time 4164
2025-04-25 03:50:07,928 fedbase.py run [line:318] INFO --------------Round 266--------------
2025-04-25 03:50:07,928 simple_logger.py log_once [line:14] INFO Current_time:4164
2025-04-25 03:50:09,935 simple_logger.py log_once [line:28] INFO test_accuracy                 0.9891
2025-04-25 03:50:09,936 simple_logger.py log_once [line:28] INFO test_loss                     0.0349
2025-04-25 03:50:09,936 simple_logger.py log_once [line:28] INFO val_accuracy                  0.9872
2025-04-25 03:50:09,936 simple_logger.py log_once [line:28] INFO mean_val_accuracy             0.9872
2025-04-25 03:50:09,936 simple_logger.py log_once [line:28] INFO std_val_accuracy              0.0057
2025-04-25 03:50:09,936 simple_logger.py log_once [line:28] INFO val_loss                      0.0506
2025-04-25 03:50:09,936 simple_logger.py log_once [line:28] INFO mean_val_loss                 0.0506
2025-04-25 03:50:09,936 simple_logger.py log_once [line:28] INFO std_val_loss                  0.0216
2025-04-25 03:50:09,936 fedbase.py run [line:323] INFO expense           31220470.0
2025-04-25 03:50:09,936 fedbase.py run [line:324] INFO Eval Time Cost:               2.0082s
2025-04-25 03:50:09,936 asyncbase.py iterate [line:68] INFO Select clients [0, 1, 2, 3, 4, 5, 6, 7, 8, 9, 10, 11, 12, 13, 14, 15, 16, 17, 18, 19] at time 4165.
2025-04-25 03:50:21,484 asyncbase.py iterate [line:73] INFO Receive new models from clients [6, 3, 13] at time 4177
2025-04-25 03:50:21,485 asyncbase.py iterate [line:73] INFO Receive new models from clients [11, 17, 5, 10, 8, 19, 16, 0] at time 4178
2025-04-25 03:50:21,485 asyncbase.py iterate [line:73] INFO Receive new models from clients [7, 12, 4, 2, 14, 9, 15] at time 4179
2025-04-25 03:50:21,485 asyncbase.py iterate [line:73] INFO Receive new models from clients [18, 1] at time 4180
2025-04-25 03:50:21,539 fedbase.py run [line:318] INFO --------------Round 267--------------
2025-04-25 03:50:21,539 simple_logger.py log_once [line:14] INFO Current_time:4180
2025-04-25 03:50:23,549 simple_logger.py log_once [line:28] INFO test_accuracy                 0.9888
2025-04-25 03:50:23,549 simple_logger.py log_once [line:28] INFO test_loss                     0.0347
2025-04-25 03:50:23,549 simple_logger.py log_once [line:28] INFO val_accuracy                  0.9868
2025-04-25 03:50:23,549 simple_logger.py log_once [line:28] INFO mean_val_accuracy             0.9868
2025-04-25 03:50:23,549 simple_logger.py log_once [line:28] INFO std_val_accuracy              0.0054
2025-04-25 03:50:23,549 simple_logger.py log_once [line:28] INFO val_loss                      0.0514
2025-04-25 03:50:23,549 simple_logger.py log_once [line:28] INFO mean_val_loss                 0.0514
2025-04-25 03:50:23,549 simple_logger.py log_once [line:28] INFO std_val_loss                  0.0218
2025-04-25 03:50:23,549 fedbase.py run [line:323] INFO expense           31244310.0
2025-04-25 03:50:23,549 fedbase.py run [line:324] INFO Eval Time Cost:               2.0104s
2025-04-25 03:50:23,549 asyncbase.py iterate [line:68] INFO Select clients [0, 1, 2, 3, 4, 5, 6, 7, 8, 9, 10, 11, 12, 13, 14, 15, 16, 17, 18, 19] at time 4181.
2025-04-25 03:50:35,110 asyncbase.py iterate [line:73] INFO Receive new models from clients [19, 9, 2, 16] at time 4193
2025-04-25 03:50:35,110 asyncbase.py iterate [line:73] INFO Receive new models from clients [14, 17, 18, 10, 13, 0, 4, 5, 15] at time 4194
2025-04-25 03:50:35,110 asyncbase.py iterate [line:73] INFO Receive new models from clients [3, 8, 12, 7] at time 4195
2025-04-25 03:50:35,111 asyncbase.py iterate [line:73] INFO Receive new models from clients [11, 1, 6] at time 4196
2025-04-25 03:50:35,165 fedbase.py run [line:318] INFO --------------Round 268--------------
2025-04-25 03:50:35,165 simple_logger.py log_once [line:14] INFO Current_time:4196
2025-04-25 03:50:37,180 simple_logger.py log_once [line:28] INFO test_accuracy                 0.9884
2025-04-25 03:50:37,181 simple_logger.py log_once [line:28] INFO test_loss                     0.0349
2025-04-25 03:50:37,181 simple_logger.py log_once [line:28] INFO val_accuracy                  0.9872
2025-04-25 03:50:37,181 simple_logger.py log_once [line:28] INFO mean_val_accuracy             0.9872
2025-04-25 03:50:37,181 simple_logger.py log_once [line:28] INFO std_val_accuracy              0.0052
2025-04-25 03:50:37,181 simple_logger.py log_once [line:28] INFO val_loss                      0.0514
2025-04-25 03:50:37,181 simple_logger.py log_once [line:28] INFO mean_val_loss                 0.0514
2025-04-25 03:50:37,181 simple_logger.py log_once [line:28] INFO std_val_loss                  0.0220
2025-04-25 03:50:37,181 fedbase.py run [line:323] INFO expense           31268150.0
2025-04-25 03:50:37,181 fedbase.py run [line:324] INFO Eval Time Cost:               2.0164s
2025-04-25 03:50:37,181 asyncbase.py iterate [line:68] INFO Select clients [0, 1, 2, 3, 4, 5, 6, 7, 8, 9, 10, 11, 12, 13, 14, 15, 16, 17, 18, 19] at time 4197.
2025-04-25 03:50:48,927 asyncbase.py iterate [line:73] INFO Receive new models from clients [12, 19, 13, 6, 11, 4, 17] at time 4209
2025-04-25 03:50:48,927 asyncbase.py iterate [line:73] INFO Receive new models from clients [2, 5, 18, 16, 14, 10, 9] at time 4210
2025-04-25 03:50:48,927 asyncbase.py iterate [line:73] INFO Receive new models from clients [3, 8, 0, 7] at time 4211
2025-04-25 03:50:48,928 asyncbase.py iterate [line:73] INFO Receive new models from clients [1, 15] at time 4212
2025-04-25 03:50:48,980 fedbase.py run [line:318] INFO --------------Round 269--------------
2025-04-25 03:50:48,980 simple_logger.py log_once [line:14] INFO Current_time:4212
2025-04-25 03:50:50,991 simple_logger.py log_once [line:28] INFO test_accuracy                 0.9887
2025-04-25 03:50:50,991 simple_logger.py log_once [line:28] INFO test_loss                     0.0353
2025-04-25 03:50:50,991 simple_logger.py log_once [line:28] INFO val_accuracy                  0.9877
2025-04-25 03:50:50,991 simple_logger.py log_once [line:28] INFO mean_val_accuracy             0.9877
2025-04-25 03:50:50,991 simple_logger.py log_once [line:28] INFO std_val_accuracy              0.0050
2025-04-25 03:50:50,991 simple_logger.py log_once [line:28] INFO val_loss                      0.0509
2025-04-25 03:50:50,991 simple_logger.py log_once [line:28] INFO mean_val_loss                 0.0509
2025-04-25 03:50:50,991 simple_logger.py log_once [line:28] INFO std_val_loss                  0.0215
2025-04-25 03:50:50,991 fedbase.py run [line:323] INFO expense           31291990.0
2025-04-25 03:50:50,991 fedbase.py run [line:324] INFO Eval Time Cost:               2.0111s
2025-04-25 03:50:50,992 asyncbase.py iterate [line:68] INFO Select clients [0, 1, 2, 3, 4, 5, 6, 7, 8, 9, 10, 11, 12, 13, 14, 15, 16, 17, 18, 19] at time 4213.
2025-04-25 03:51:03,480 asyncbase.py iterate [line:73] INFO Receive new models from clients [4, 0] at time 4225
2025-04-25 03:51:03,480 asyncbase.py iterate [line:73] INFO Receive new models from clients [16, 18, 1, 9, 7, 10, 8, 5, 14] at time 4226
2025-04-25 03:51:03,480 asyncbase.py iterate [line:73] INFO Receive new models from clients [6, 12, 2, 13, 3, 11, 15, 17] at time 4227
2025-04-25 03:51:03,481 asyncbase.py iterate [line:73] INFO Receive new models from clients [19] at time 4228
2025-04-25 03:51:03,536 fedbase.py run [line:318] INFO --------------Round 270--------------
2025-04-25 03:51:03,536 simple_logger.py log_once [line:14] INFO Current_time:4228
2025-04-25 03:51:05,544 simple_logger.py log_once [line:28] INFO test_accuracy                 0.9886
2025-04-25 03:51:05,544 simple_logger.py log_once [line:28] INFO test_loss                     0.0353
2025-04-25 03:51:05,544 simple_logger.py log_once [line:28] INFO val_accuracy                  0.9873
2025-04-25 03:51:05,544 simple_logger.py log_once [line:28] INFO mean_val_accuracy             0.9873
2025-04-25 03:51:05,544 simple_logger.py log_once [line:28] INFO std_val_accuracy              0.0056
2025-04-25 03:51:05,544 simple_logger.py log_once [line:28] INFO val_loss                      0.0508
2025-04-25 03:51:05,544 simple_logger.py log_once [line:28] INFO mean_val_loss                 0.0508
2025-04-25 03:51:05,544 simple_logger.py log_once [line:28] INFO std_val_loss                  0.0223
2025-04-25 03:51:05,544 fedbase.py run [line:323] INFO expense           31315830.0
2025-04-25 03:51:05,544 fedbase.py run [line:324] INFO Eval Time Cost:               2.0079s
2025-04-25 03:51:05,544 asyncbase.py iterate [line:68] INFO Select clients [0, 1, 2, 3, 4, 5, 6, 7, 8, 9, 10, 11, 12, 13, 14, 15, 16, 17, 18, 19] at time 4229.
2025-04-25 03:51:16,680 asyncbase.py iterate [line:73] INFO Receive new models from clients [2] at time 4241
2025-04-25 03:51:16,681 asyncbase.py iterate [line:73] INFO Receive new models from clients [11, 14, 10, 17, 8, 3] at time 4242
2025-04-25 03:51:16,681 asyncbase.py iterate [line:73] INFO Receive new models from clients [9, 19, 4, 13, 16, 0, 1, 6, 5, 7] at time 4243
2025-04-25 03:51:16,681 asyncbase.py iterate [line:73] INFO Receive new models from clients [12, 15, 18] at time 4244
2025-04-25 03:51:16,736 fedbase.py run [line:318] INFO --------------Round 271--------------
2025-04-25 03:51:16,736 simple_logger.py log_once [line:14] INFO Current_time:4244
2025-04-25 03:51:18,762 simple_logger.py log_once [line:28] INFO test_accuracy                 0.9885
2025-04-25 03:51:18,762 simple_logger.py log_once [line:28] INFO test_loss                     0.0351
2025-04-25 03:51:18,762 simple_logger.py log_once [line:28] INFO val_accuracy                  0.9873
2025-04-25 03:51:18,762 simple_logger.py log_once [line:28] INFO mean_val_accuracy             0.9873
2025-04-25 03:51:18,762 simple_logger.py log_once [line:28] INFO std_val_accuracy              0.0055
2025-04-25 03:51:18,762 simple_logger.py log_once [line:28] INFO val_loss                      0.0507
2025-04-25 03:51:18,762 simple_logger.py log_once [line:28] INFO mean_val_loss                 0.0507
2025-04-25 03:51:18,762 simple_logger.py log_once [line:28] INFO std_val_loss                  0.0217
2025-04-25 03:51:18,762 fedbase.py run [line:323] INFO expense           31339670.0
2025-04-25 03:51:18,762 fedbase.py run [line:324] INFO Eval Time Cost:               2.0266s
2025-04-25 03:51:18,763 asyncbase.py iterate [line:68] INFO Select clients [0, 1, 2, 3, 4, 5, 6, 7, 8, 9, 10, 11, 12, 13, 14, 15, 16, 17, 18, 19] at time 4245.
2025-04-25 03:51:30,440 asyncbase.py iterate [line:73] INFO Receive new models from clients [7] at time 4257
2025-04-25 03:51:30,440 asyncbase.py iterate [line:73] INFO Receive new models from clients [11, 0, 3, 6, 1, 16, 4, 17, 13, 10, 8] at time 4258
2025-04-25 03:51:30,440 asyncbase.py iterate [line:73] INFO Receive new models from clients [19, 18, 2, 9, 14, 15] at time 4259
2025-04-25 03:51:30,441 asyncbase.py iterate [line:73] INFO Receive new models from clients [12, 5] at time 4260
2025-04-25 03:51:30,493 fedbase.py run [line:318] INFO --------------Round 272--------------
2025-04-25 03:51:30,493 simple_logger.py log_once [line:14] INFO Current_time:4260
2025-04-25 03:51:32,596 simple_logger.py log_once [line:28] INFO test_accuracy                 0.9886
2025-04-25 03:51:32,596 simple_logger.py log_once [line:28] INFO test_loss                     0.0349
2025-04-25 03:51:32,597 simple_logger.py log_once [line:28] INFO val_accuracy                  0.9873
2025-04-25 03:51:32,597 simple_logger.py log_once [line:28] INFO mean_val_accuracy             0.9873
2025-04-25 03:51:32,597 simple_logger.py log_once [line:28] INFO std_val_accuracy              0.0055
2025-04-25 03:51:32,597 simple_logger.py log_once [line:28] INFO val_loss                      0.0505
2025-04-25 03:51:32,597 simple_logger.py log_once [line:28] INFO mean_val_loss                 0.0505
2025-04-25 03:51:32,597 simple_logger.py log_once [line:28] INFO std_val_loss                  0.0223
2025-04-25 03:51:32,597 fedbase.py run [line:323] INFO expense           31363510.0
2025-04-25 03:51:32,597 fedbase.py run [line:324] INFO Eval Time Cost:               2.1034s
2025-04-25 03:51:32,597 asyncbase.py iterate [line:68] INFO Select clients [0, 1, 2, 3, 4, 5, 6, 7, 8, 9, 10, 11, 12, 13, 14, 15, 16, 17, 18, 19] at time 4261.
2025-04-25 03:51:44,813 asyncbase.py iterate [line:73] INFO Receive new models from clients [6, 0, 11, 8, 4, 7] at time 4274
2025-04-25 03:51:44,814 asyncbase.py iterate [line:73] INFO Receive new models from clients [17, 15, 3, 16, 13, 5, 12, 19, 2, 18, 1, 10] at time 4275
2025-04-25 03:51:44,814 asyncbase.py iterate [line:73] INFO Receive new models from clients [14, 9] at time 4276
2025-04-25 03:51:44,867 fedbase.py run [line:318] INFO --------------Round 273--------------
2025-04-25 03:51:44,867 simple_logger.py log_once [line:14] INFO Current_time:4276
2025-04-25 03:51:46,874 simple_logger.py log_once [line:28] INFO test_accuracy                 0.9888
2025-04-25 03:51:46,874 simple_logger.py log_once [line:28] INFO test_loss                     0.0349
2025-04-25 03:51:46,874 simple_logger.py log_once [line:28] INFO val_accuracy                  0.9872
2025-04-25 03:51:46,874 simple_logger.py log_once [line:28] INFO mean_val_accuracy             0.9872
2025-04-25 03:51:46,874 simple_logger.py log_once [line:28] INFO std_val_accuracy              0.0055
2025-04-25 03:51:46,874 simple_logger.py log_once [line:28] INFO val_loss                      0.0500
2025-04-25 03:51:46,874 simple_logger.py log_once [line:28] INFO mean_val_loss                 0.0500
2025-04-25 03:51:46,874 simple_logger.py log_once [line:28] INFO std_val_loss                  0.0226
2025-04-25 03:51:46,874 fedbase.py run [line:323] INFO expense           31387350.0
2025-04-25 03:51:46,874 fedbase.py run [line:324] INFO Eval Time Cost:               2.0075s
2025-04-25 03:51:46,875 asyncbase.py iterate [line:68] INFO Select clients [0, 1, 2, 3, 4, 5, 6, 7, 8, 9, 10, 11, 12, 13, 14, 15, 16, 17, 18, 19] at time 4277.
2025-04-25 03:51:58,225 asyncbase.py iterate [line:73] INFO Receive new models from clients [3, 10, 13] at time 4289
2025-04-25 03:51:58,226 asyncbase.py iterate [line:73] INFO Receive new models from clients [4, 19, 5, 17, 14, 1, 8] at time 4290
2025-04-25 03:51:58,226 asyncbase.py iterate [line:73] INFO Receive new models from clients [15, 11, 0, 9, 7, 16, 18] at time 4291
2025-04-25 03:51:58,226 asyncbase.py iterate [line:73] INFO Receive new models from clients [2, 12, 6] at time 4292
2025-04-25 03:51:58,281 fedbase.py run [line:318] INFO --------------Round 274--------------
2025-04-25 03:51:58,281 simple_logger.py log_once [line:14] INFO Current_time:4292
2025-04-25 03:52:00,321 simple_logger.py log_once [line:28] INFO test_accuracy                 0.9889
2025-04-25 03:52:00,321 simple_logger.py log_once [line:28] INFO test_loss                     0.0346
2025-04-25 03:52:00,321 simple_logger.py log_once [line:28] INFO val_accuracy                  0.9875
2025-04-25 03:52:00,321 simple_logger.py log_once [line:28] INFO mean_val_accuracy             0.9875
2025-04-25 03:52:00,321 simple_logger.py log_once [line:28] INFO std_val_accuracy              0.0048
2025-04-25 03:52:00,321 simple_logger.py log_once [line:28] INFO val_loss                      0.0507
2025-04-25 03:52:00,321 simple_logger.py log_once [line:28] INFO mean_val_loss                 0.0507
2025-04-25 03:52:00,322 simple_logger.py log_once [line:28] INFO std_val_loss                  0.0215
2025-04-25 03:52:00,322 fedbase.py run [line:323] INFO expense           31411190.0
2025-04-25 03:52:00,322 fedbase.py run [line:324] INFO Eval Time Cost:               2.0410s
2025-04-25 03:52:00,322 asyncbase.py iterate [line:68] INFO Select clients [0, 1, 2, 3, 4, 5, 6, 7, 8, 9, 10, 11, 12, 13, 14, 15, 16, 17, 18, 19] at time 4293.
2025-04-25 03:52:13,148 asyncbase.py iterate [line:73] INFO Receive new models from clients [12, 6, 8, 17, 11] at time 4305
2025-04-25 03:52:13,149 asyncbase.py iterate [line:73] INFO Receive new models from clients [13, 0, 4, 19, 18] at time 4306
2025-04-25 03:52:13,149 asyncbase.py iterate [line:73] INFO Receive new models from clients [7, 2, 3, 16, 10, 1, 5, 14] at time 4307
2025-04-25 03:52:13,149 asyncbase.py iterate [line:73] INFO Receive new models from clients [9, 15] at time 4308
2025-04-25 03:52:13,201 fedbase.py run [line:318] INFO --------------Round 275--------------
2025-04-25 03:52:13,202 simple_logger.py log_once [line:14] INFO Current_time:4308
2025-04-25 03:52:15,207 simple_logger.py log_once [line:28] INFO test_accuracy                 0.9883
2025-04-25 03:52:15,207 simple_logger.py log_once [line:28] INFO test_loss                     0.0346
2025-04-25 03:52:15,207 simple_logger.py log_once [line:28] INFO val_accuracy                  0.9875
2025-04-25 03:52:15,207 simple_logger.py log_once [line:28] INFO mean_val_accuracy             0.9875
2025-04-25 03:52:15,207 simple_logger.py log_once [line:28] INFO std_val_accuracy              0.0053
2025-04-25 03:52:15,207 simple_logger.py log_once [line:28] INFO val_loss                      0.0500
2025-04-25 03:52:15,207 simple_logger.py log_once [line:28] INFO mean_val_loss                 0.0500
2025-04-25 03:52:15,207 simple_logger.py log_once [line:28] INFO std_val_loss                  0.0220
2025-04-25 03:52:15,207 fedbase.py run [line:323] INFO expense           31435030.0
2025-04-25 03:52:15,207 fedbase.py run [line:324] INFO Eval Time Cost:               2.0058s
2025-04-25 03:52:15,208 asyncbase.py iterate [line:68] INFO Select clients [0, 1, 2, 3, 4, 5, 6, 7, 8, 9, 10, 11, 12, 13, 14, 15, 16, 17, 18, 19] at time 4309.
2025-04-25 03:52:26,397 asyncbase.py iterate [line:73] INFO Receive new models from clients [12, 18, 19, 9] at time 4321
2025-04-25 03:52:26,397 asyncbase.py iterate [line:73] INFO Receive new models from clients [4, 8, 7, 0, 5, 13, 14] at time 4322
2025-04-25 03:52:26,398 asyncbase.py iterate [line:73] INFO Receive new models from clients [1, 17, 15, 16, 10, 6, 11, 2, 3] at time 4323
2025-04-25 03:52:26,477 fedbase.py run [line:318] INFO --------------Round 276--------------
2025-04-25 03:52:26,477 simple_logger.py log_once [line:14] INFO Current_time:4323
2025-04-25 03:52:28,611 simple_logger.py log_once [line:28] INFO test_accuracy                 0.9891
2025-04-25 03:52:28,611 simple_logger.py log_once [line:28] INFO test_loss                     0.0348
2025-04-25 03:52:28,611 simple_logger.py log_once [line:28] INFO val_accuracy                  0.9872
2025-04-25 03:52:28,611 simple_logger.py log_once [line:28] INFO mean_val_accuracy             0.9872
2025-04-25 03:52:28,611 simple_logger.py log_once [line:28] INFO std_val_accuracy              0.0055
2025-04-25 03:52:28,611 simple_logger.py log_once [line:28] INFO val_loss                      0.0505
2025-04-25 03:52:28,611 simple_logger.py log_once [line:28] INFO mean_val_loss                 0.0505
2025-04-25 03:52:28,612 simple_logger.py log_once [line:28] INFO std_val_loss                  0.0219
2025-04-25 03:52:28,612 fedbase.py run [line:323] INFO expense           31458870.0
2025-04-25 03:52:28,612 fedbase.py run [line:324] INFO Eval Time Cost:               2.1342s
2025-04-25 03:52:28,612 asyncbase.py iterate [line:68] INFO Select clients [0, 1, 2, 3, 4, 5, 6, 7, 8, 9, 10, 11, 12, 13, 14, 15, 16, 17, 18, 19] at time 4324.
2025-04-25 03:52:40,959 asyncbase.py iterate [line:73] INFO Receive new models from clients [18, 11, 6, 9, 8, 7, 0, 14] at time 4337
2025-04-25 03:52:40,959 asyncbase.py iterate [line:73] INFO Receive new models from clients [19, 13, 16, 5, 4, 17, 10, 3, 2, 1] at time 4338
2025-04-25 03:52:40,960 asyncbase.py iterate [line:73] INFO Receive new models from clients [15, 12] at time 4339
2025-04-25 03:52:41,014 fedbase.py run [line:318] INFO --------------Round 277--------------
2025-04-25 03:52:41,014 simple_logger.py log_once [line:14] INFO Current_time:4339
2025-04-25 03:52:43,018 simple_logger.py log_once [line:28] INFO test_accuracy                 0.9884
2025-04-25 03:52:43,018 simple_logger.py log_once [line:28] INFO test_loss                     0.0350
2025-04-25 03:52:43,018 simple_logger.py log_once [line:28] INFO val_accuracy                  0.9875
2025-04-25 03:52:43,019 simple_logger.py log_once [line:28] INFO mean_val_accuracy             0.9875
2025-04-25 03:52:43,019 simple_logger.py log_once [line:28] INFO std_val_accuracy              0.0059
2025-04-25 03:52:43,019 simple_logger.py log_once [line:28] INFO val_loss                      0.0499
2025-04-25 03:52:43,019 simple_logger.py log_once [line:28] INFO mean_val_loss                 0.0499
2025-04-25 03:52:43,019 simple_logger.py log_once [line:28] INFO std_val_loss                  0.0220
2025-04-25 03:52:43,019 fedbase.py run [line:323] INFO expense           31482710.0
2025-04-25 03:52:43,019 fedbase.py run [line:324] INFO Eval Time Cost:               2.0052s
2025-04-25 03:52:43,019 asyncbase.py iterate [line:68] INFO Select clients [0, 1, 2, 3, 4, 5, 6, 7, 8, 9, 10, 11, 12, 13, 14, 15, 16, 17, 18, 19] at time 4340.
2025-04-25 03:52:54,247 asyncbase.py iterate [line:73] INFO Receive new models from clients [9, 3, 15] at time 4352
2025-04-25 03:52:54,247 asyncbase.py iterate [line:73] INFO Receive new models from clients [16, 4, 7, 2, 6, 5] at time 4353
2025-04-25 03:52:54,247 asyncbase.py iterate [line:73] INFO Receive new models from clients [11, 13, 10, 18, 14, 17, 1, 12] at time 4354
2025-04-25 03:52:54,247 asyncbase.py iterate [line:73] INFO Receive new models from clients [0, 8, 19] at time 4355
2025-04-25 03:52:54,302 fedbase.py run [line:318] INFO --------------Round 278--------------
2025-04-25 03:52:54,302 simple_logger.py log_once [line:14] INFO Current_time:4355
2025-04-25 03:52:56,292 simple_logger.py log_once [line:28] INFO test_accuracy                 0.9889
2025-04-25 03:52:56,292 simple_logger.py log_once [line:28] INFO test_loss                     0.0344
2025-04-25 03:52:56,292 simple_logger.py log_once [line:28] INFO val_accuracy                  0.9877
2025-04-25 03:52:56,292 simple_logger.py log_once [line:28] INFO mean_val_accuracy             0.9877
2025-04-25 03:52:56,292 simple_logger.py log_once [line:28] INFO std_val_accuracy              0.0051
2025-04-25 03:52:56,292 simple_logger.py log_once [line:28] INFO val_loss                      0.0504
2025-04-25 03:52:56,293 simple_logger.py log_once [line:28] INFO mean_val_loss                 0.0504
2025-04-25 03:52:56,293 simple_logger.py log_once [line:28] INFO std_val_loss                  0.0227
2025-04-25 03:52:56,293 fedbase.py run [line:323] INFO expense           31506550.0
2025-04-25 03:52:56,293 fedbase.py run [line:324] INFO Eval Time Cost:               1.9902s
2025-04-25 03:52:56,293 asyncbase.py iterate [line:68] INFO Select clients [0, 1, 2, 3, 4, 5, 6, 7, 8, 9, 10, 11, 12, 13, 14, 15, 16, 17, 18, 19] at time 4356.
2025-04-25 03:53:07,328 asyncbase.py iterate [line:73] INFO Receive new models from clients [16] at time 4368
2025-04-25 03:53:07,328 asyncbase.py iterate [line:73] INFO Receive new models from clients [19, 8, 6, 17, 11, 14, 18, 9, 1, 12] at time 4369
2025-04-25 03:53:07,329 asyncbase.py iterate [line:73] INFO Receive new models from clients [13, 7, 3, 0, 2, 4, 5, 10, 15] at time 4370
2025-04-25 03:53:07,382 fedbase.py run [line:318] INFO --------------Round 279--------------
2025-04-25 03:53:07,382 simple_logger.py log_once [line:14] INFO Current_time:4370
2025-04-25 03:53:09,382 simple_logger.py log_once [line:28] INFO test_accuracy                 0.9891
2025-04-25 03:53:09,382 simple_logger.py log_once [line:28] INFO test_loss                     0.0348
2025-04-25 03:53:09,382 simple_logger.py log_once [line:28] INFO val_accuracy                  0.9870
2025-04-25 03:53:09,383 simple_logger.py log_once [line:28] INFO mean_val_accuracy             0.9870
2025-04-25 03:53:09,383 simple_logger.py log_once [line:28] INFO std_val_accuracy              0.0055
2025-04-25 03:53:09,383 simple_logger.py log_once [line:28] INFO val_loss                      0.0510
2025-04-25 03:53:09,383 simple_logger.py log_once [line:28] INFO mean_val_loss                 0.0510
2025-04-25 03:53:09,383 simple_logger.py log_once [line:28] INFO std_val_loss                  0.0233
2025-04-25 03:53:09,383 fedbase.py run [line:323] INFO expense           31530390.0
2025-04-25 03:53:09,383 fedbase.py run [line:324] INFO Eval Time Cost:               2.0011s
2025-04-25 03:53:09,383 asyncbase.py iterate [line:68] INFO Select clients [0, 1, 2, 3, 4, 5, 6, 7, 8, 9, 10, 11, 12, 13, 14, 15, 16, 17, 18, 19] at time 4371.
2025-04-25 03:53:20,403 asyncbase.py iterate [line:73] INFO Receive new models from clients [10, 7] at time 4383
2025-04-25 03:53:20,404 asyncbase.py iterate [line:73] INFO Receive new models from clients [15, 14, 18, 17, 8, 19] at time 4384
2025-04-25 03:53:20,404 asyncbase.py iterate [line:73] INFO Receive new models from clients [9, 16, 13, 3, 4, 2, 12, 6, 5, 1] at time 4385
2025-04-25 03:53:20,404 asyncbase.py iterate [line:73] INFO Receive new models from clients [0, 11] at time 4386
2025-04-25 03:53:20,458 fedbase.py run [line:318] INFO --------------Round 280--------------
2025-04-25 03:53:20,458 simple_logger.py log_once [line:14] INFO Current_time:4386
2025-04-25 03:53:22,491 simple_logger.py log_once [line:28] INFO test_accuracy                 0.9892
2025-04-25 03:53:22,492 simple_logger.py log_once [line:28] INFO test_loss                     0.0345
2025-04-25 03:53:22,492 simple_logger.py log_once [line:28] INFO val_accuracy                  0.9873
2025-04-25 03:53:22,492 simple_logger.py log_once [line:28] INFO mean_val_accuracy             0.9873
2025-04-25 03:53:22,492 simple_logger.py log_once [line:28] INFO std_val_accuracy              0.0052
2025-04-25 03:53:22,492 simple_logger.py log_once [line:28] INFO val_loss                      0.0504
2025-04-25 03:53:22,492 simple_logger.py log_once [line:28] INFO mean_val_loss                 0.0504
2025-04-25 03:53:22,492 simple_logger.py log_once [line:28] INFO std_val_loss                  0.0224
2025-04-25 03:53:22,492 fedbase.py run [line:323] INFO expense           31554230.0
2025-04-25 03:53:22,492 fedbase.py run [line:324] INFO Eval Time Cost:               2.0340s
2025-04-25 03:53:22,492 asyncbase.py iterate [line:68] INFO Select clients [0, 1, 2, 3, 4, 5, 6, 7, 8, 9, 10, 11, 12, 13, 14, 15, 16, 17, 18, 19] at time 4387.
2025-04-25 03:53:33,686 asyncbase.py iterate [line:73] INFO Receive new models from clients [18, 11, 8, 14, 4, 16, 17, 5, 1, 6, 13, 10] at time 4400
2025-04-25 03:53:33,686 asyncbase.py iterate [line:73] INFO Receive new models from clients [15, 2, 12, 7, 3] at time 4401
2025-04-25 03:53:33,687 asyncbase.py iterate [line:73] INFO Receive new models from clients [0, 19, 9] at time 4402
2025-04-25 03:53:33,739 fedbase.py run [line:318] INFO --------------Round 281--------------
2025-04-25 03:53:33,739 simple_logger.py log_once [line:14] INFO Current_time:4402
2025-04-25 03:53:35,740 simple_logger.py log_once [line:28] INFO test_accuracy                 0.9886
2025-04-25 03:53:35,740 simple_logger.py log_once [line:28] INFO test_loss                     0.0344
2025-04-25 03:53:35,740 simple_logger.py log_once [line:28] INFO val_accuracy                  0.9868
2025-04-25 03:53:35,740 simple_logger.py log_once [line:28] INFO mean_val_accuracy             0.9868
2025-04-25 03:53:35,740 simple_logger.py log_once [line:28] INFO std_val_accuracy              0.0055
2025-04-25 03:53:35,740 simple_logger.py log_once [line:28] INFO val_loss                      0.0506
2025-04-25 03:53:35,740 simple_logger.py log_once [line:28] INFO mean_val_loss                 0.0506
2025-04-25 03:53:35,740 simple_logger.py log_once [line:28] INFO std_val_loss                  0.0219
2025-04-25 03:53:35,741 fedbase.py run [line:323] INFO expense           31578070.0
2025-04-25 03:53:35,741 fedbase.py run [line:324] INFO Eval Time Cost:               2.0012s
2025-04-25 03:53:35,741 asyncbase.py iterate [line:68] INFO Select clients [0, 1, 2, 3, 4, 5, 6, 7, 8, 9, 10, 11, 12, 13, 14, 15, 16, 17, 18, 19] at time 4403.
2025-04-25 03:53:47,034 asyncbase.py iterate [line:73] INFO Receive new models from clients [16, 8] at time 4415
2025-04-25 03:53:47,035 asyncbase.py iterate [line:73] INFO Receive new models from clients [1, 0, 13, 5, 3, 12, 2, 18, 4, 19, 15, 14, 11] at time 4416
2025-04-25 03:53:47,035 asyncbase.py iterate [line:73] INFO Receive new models from clients [6, 7, 17] at time 4417
2025-04-25 03:53:47,035 asyncbase.py iterate [line:73] INFO Receive new models from clients [9, 10] at time 4418
2025-04-25 03:53:47,088 fedbase.py run [line:318] INFO --------------Round 282--------------
2025-04-25 03:53:47,088 simple_logger.py log_once [line:14] INFO Current_time:4418
2025-04-25 03:53:49,096 simple_logger.py log_once [line:28] INFO test_accuracy                 0.9882
2025-04-25 03:53:49,096 simple_logger.py log_once [line:28] INFO test_loss                     0.0347
2025-04-25 03:53:49,096 simple_logger.py log_once [line:28] INFO val_accuracy                  0.9880
2025-04-25 03:53:49,096 simple_logger.py log_once [line:28] INFO mean_val_accuracy             0.9880
2025-04-25 03:53:49,096 simple_logger.py log_once [line:28] INFO std_val_accuracy              0.0051
2025-04-25 03:53:49,096 simple_logger.py log_once [line:28] INFO val_loss                      0.0509
2025-04-25 03:53:49,096 simple_logger.py log_once [line:28] INFO mean_val_loss                 0.0509
2025-04-25 03:53:49,096 simple_logger.py log_once [line:28] INFO std_val_loss                  0.0216
2025-04-25 03:53:49,096 fedbase.py run [line:323] INFO expense           31601910.0
2025-04-25 03:53:49,096 fedbase.py run [line:324] INFO Eval Time Cost:               2.0083s
2025-04-25 03:53:49,097 asyncbase.py iterate [line:68] INFO Select clients [0, 1, 2, 3, 4, 5, 6, 7, 8, 9, 10, 11, 12, 13, 14, 15, 16, 17, 18, 19] at time 4419.
2025-04-25 03:54:00,601 asyncbase.py iterate [line:73] INFO Receive new models from clients [11, 4, 0, 3] at time 4431
2025-04-25 03:54:00,601 asyncbase.py iterate [line:73] INFO Receive new models from clients [8, 9, 6, 13, 10, 17, 2] at time 4432
2025-04-25 03:54:00,601 asyncbase.py iterate [line:73] INFO Receive new models from clients [14, 1, 12, 18, 5] at time 4433
2025-04-25 03:54:00,601 asyncbase.py iterate [line:73] INFO Receive new models from clients [19, 15, 16, 7] at time 4434
2025-04-25 03:54:00,655 fedbase.py run [line:318] INFO --------------Round 283--------------
2025-04-25 03:54:00,655 simple_logger.py log_once [line:14] INFO Current_time:4434
2025-04-25 03:54:02,795 simple_logger.py log_once [line:28] INFO test_accuracy                 0.9884
2025-04-25 03:54:02,795 simple_logger.py log_once [line:28] INFO test_loss                     0.0349
2025-04-25 03:54:02,795 simple_logger.py log_once [line:28] INFO val_accuracy                  0.9873
2025-04-25 03:54:02,795 simple_logger.py log_once [line:28] INFO mean_val_accuracy             0.9873
2025-04-25 03:54:02,795 simple_logger.py log_once [line:28] INFO std_val_accuracy              0.0057
2025-04-25 03:54:02,795 simple_logger.py log_once [line:28] INFO val_loss                      0.0511
2025-04-25 03:54:02,795 simple_logger.py log_once [line:28] INFO mean_val_loss                 0.0511
2025-04-25 03:54:02,795 simple_logger.py log_once [line:28] INFO std_val_loss                  0.0220
2025-04-25 03:54:02,795 fedbase.py run [line:323] INFO expense           31625750.0
2025-04-25 03:54:02,796 fedbase.py run [line:324] INFO Eval Time Cost:               2.1408s
2025-04-25 03:54:02,796 asyncbase.py iterate [line:68] INFO Select clients [0, 1, 2, 3, 4, 5, 6, 7, 8, 9, 10, 11, 12, 13, 14, 15, 16, 17, 18, 19] at time 4435.
2025-04-25 03:54:15,186 asyncbase.py iterate [line:73] INFO Receive new models from clients [2, 5, 11] at time 4447
2025-04-25 03:54:15,187 asyncbase.py iterate [line:73] INFO Receive new models from clients [10, 14, 8, 7, 9, 16, 0, 18, 17, 3, 6] at time 4448
2025-04-25 03:54:15,187 asyncbase.py iterate [line:73] INFO Receive new models from clients [15, 12, 4, 1, 19] at time 4449
2025-04-25 03:54:15,187 asyncbase.py iterate [line:73] INFO Receive new models from clients [13] at time 4450
2025-04-25 03:54:15,240 fedbase.py run [line:318] INFO --------------Round 284--------------
2025-04-25 03:54:15,240 simple_logger.py log_once [line:14] INFO Current_time:4450
2025-04-25 03:54:17,232 simple_logger.py log_once [line:28] INFO test_accuracy                 0.9888
2025-04-25 03:54:17,232 simple_logger.py log_once [line:28] INFO test_loss                     0.0353
2025-04-25 03:54:17,232 simple_logger.py log_once [line:28] INFO val_accuracy                  0.9875
2025-04-25 03:54:17,232 simple_logger.py log_once [line:28] INFO mean_val_accuracy             0.9875
2025-04-25 03:54:17,232 simple_logger.py log_once [line:28] INFO std_val_accuracy              0.0053
2025-04-25 03:54:17,232 simple_logger.py log_once [line:28] INFO val_loss                      0.0511
2025-04-25 03:54:17,232 simple_logger.py log_once [line:28] INFO mean_val_loss                 0.0511
2025-04-25 03:54:17,232 simple_logger.py log_once [line:28] INFO std_val_loss                  0.0224
2025-04-25 03:54:17,232 fedbase.py run [line:323] INFO expense           31649590.0
2025-04-25 03:54:17,232 fedbase.py run [line:324] INFO Eval Time Cost:               1.9922s
2025-04-25 03:54:17,233 asyncbase.py iterate [line:68] INFO Select clients [0, 1, 2, 3, 4, 5, 6, 7, 8, 9, 10, 11, 12, 13, 14, 15, 16, 17, 18, 19] at time 4451.
2025-04-25 03:54:28,440 asyncbase.py iterate [line:73] INFO Receive new models from clients [0, 14] at time 4463
2025-04-25 03:54:28,440 asyncbase.py iterate [line:73] INFO Receive new models from clients [4, 6, 7, 1] at time 4464
2025-04-25 03:54:28,440 asyncbase.py iterate [line:73] INFO Receive new models from clients [12, 18, 15, 11, 8, 10, 16, 19, 5] at time 4465
2025-04-25 03:54:28,440 asyncbase.py iterate [line:73] INFO Receive new models from clients [13, 2, 17, 3, 9] at time 4466
2025-04-25 03:54:28,493 fedbase.py run [line:318] INFO --------------Round 285--------------
2025-04-25 03:54:28,493 simple_logger.py log_once [line:14] INFO Current_time:4466
2025-04-25 03:54:30,499 simple_logger.py log_once [line:28] INFO test_accuracy                 0.9888
2025-04-25 03:54:30,499 simple_logger.py log_once [line:28] INFO test_loss                     0.0352
2025-04-25 03:54:30,499 simple_logger.py log_once [line:28] INFO val_accuracy                  0.9878
2025-04-25 03:54:30,499 simple_logger.py log_once [line:28] INFO mean_val_accuracy             0.9878
2025-04-25 03:54:30,499 simple_logger.py log_once [line:28] INFO std_val_accuracy              0.0049
2025-04-25 03:54:30,499 simple_logger.py log_once [line:28] INFO val_loss                      0.0513
2025-04-25 03:54:30,499 simple_logger.py log_once [line:28] INFO mean_val_loss                 0.0513
2025-04-25 03:54:30,499 simple_logger.py log_once [line:28] INFO std_val_loss                  0.0214
2025-04-25 03:54:30,499 fedbase.py run [line:323] INFO expense           31673430.0
2025-04-25 03:54:30,499 fedbase.py run [line:324] INFO Eval Time Cost:               2.0059s
2025-04-25 03:54:30,499 asyncbase.py iterate [line:68] INFO Select clients [0, 1, 2, 3, 4, 5, 6, 7, 8, 9, 10, 11, 12, 13, 14, 15, 16, 17, 18, 19] at time 4467.
2025-04-25 03:54:41,889 asyncbase.py iterate [line:73] INFO Receive new models from clients [9, 15, 17] at time 4479
2025-04-25 03:54:41,889 asyncbase.py iterate [line:73] INFO Receive new models from clients [2, 5, 6, 11, 0, 7] at time 4480
2025-04-25 03:54:41,890 asyncbase.py iterate [line:73] INFO Receive new models from clients [13, 18, 19, 14, 1, 16, 10, 4, 12] at time 4481
2025-04-25 03:54:41,890 asyncbase.py iterate [line:73] INFO Receive new models from clients [3, 8] at time 4482
2025-04-25 03:54:41,945 fedbase.py run [line:318] INFO --------------Round 286--------------
2025-04-25 03:54:41,945 simple_logger.py log_once [line:14] INFO Current_time:4482
2025-04-25 03:54:43,984 simple_logger.py log_once [line:28] INFO test_accuracy                 0.9890
2025-04-25 03:54:43,984 simple_logger.py log_once [line:28] INFO test_loss                     0.0341
2025-04-25 03:54:43,984 simple_logger.py log_once [line:28] INFO val_accuracy                  0.9875
2025-04-25 03:54:43,984 simple_logger.py log_once [line:28] INFO mean_val_accuracy             0.9875
2025-04-25 03:54:43,984 simple_logger.py log_once [line:28] INFO std_val_accuracy              0.0053
2025-04-25 03:54:43,984 simple_logger.py log_once [line:28] INFO val_loss                      0.0507
2025-04-25 03:54:43,984 simple_logger.py log_once [line:28] INFO mean_val_loss                 0.0507
2025-04-25 03:54:43,985 simple_logger.py log_once [line:28] INFO std_val_loss                  0.0219
2025-04-25 03:54:43,985 fedbase.py run [line:323] INFO expense           31697270.0
2025-04-25 03:54:43,985 fedbase.py run [line:324] INFO Eval Time Cost:               2.0398s
2025-04-25 03:54:43,985 asyncbase.py iterate [line:68] INFO Select clients [0, 1, 2, 3, 4, 5, 6, 7, 8, 9, 10, 11, 12, 13, 14, 15, 16, 17, 18, 19] at time 4483.
2025-04-25 03:54:55,528 asyncbase.py iterate [line:73] INFO Receive new models from clients [10, 17, 13] at time 4495
2025-04-25 03:54:55,528 asyncbase.py iterate [line:73] INFO Receive new models from clients [1, 4, 11, 14, 8, 7, 0, 9, 2, 6] at time 4496
2025-04-25 03:54:55,528 asyncbase.py iterate [line:73] INFO Receive new models from clients [12, 15, 3, 16] at time 4497
2025-04-25 03:54:55,529 asyncbase.py iterate [line:73] INFO Receive new models from clients [19, 18, 5] at time 4498
2025-04-25 03:54:55,584 fedbase.py run [line:318] INFO --------------Round 287--------------
2025-04-25 03:54:55,584 simple_logger.py log_once [line:14] INFO Current_time:4498
2025-04-25 03:54:57,596 simple_logger.py log_once [line:28] INFO test_accuracy                 0.9884
2025-04-25 03:54:57,597 simple_logger.py log_once [line:28] INFO test_loss                     0.0355
2025-04-25 03:54:57,597 simple_logger.py log_once [line:28] INFO val_accuracy                  0.9875
2025-04-25 03:54:57,597 simple_logger.py log_once [line:28] INFO mean_val_accuracy             0.9875
2025-04-25 03:54:57,597 simple_logger.py log_once [line:28] INFO std_val_accuracy              0.0060
2025-04-25 03:54:57,597 simple_logger.py log_once [line:28] INFO val_loss                      0.0509
2025-04-25 03:54:57,597 simple_logger.py log_once [line:28] INFO mean_val_loss                 0.0509
2025-04-25 03:54:57,597 simple_logger.py log_once [line:28] INFO std_val_loss                  0.0217
2025-04-25 03:54:57,597 fedbase.py run [line:323] INFO expense           31721110.0
2025-04-25 03:54:57,597 fedbase.py run [line:324] INFO Eval Time Cost:               2.0133s
2025-04-25 03:54:57,597 asyncbase.py iterate [line:68] INFO Select clients [0, 1, 2, 3, 4, 5, 6, 7, 8, 9, 10, 11, 12, 13, 14, 15, 16, 17, 18, 19] at time 4499.
2025-04-25 03:55:09,100 asyncbase.py iterate [line:73] INFO Receive new models from clients [4] at time 4511
2025-04-25 03:55:09,100 asyncbase.py iterate [line:73] INFO Receive new models from clients [17, 8, 0, 9, 19, 16, 13, 1, 14] at time 4512
2025-04-25 03:55:09,100 asyncbase.py iterate [line:73] INFO Receive new models from clients [12, 15, 6, 11, 3, 18, 5, 10, 7, 2] at time 4513
2025-04-25 03:55:09,153 fedbase.py run [line:318] INFO --------------Round 288--------------
2025-04-25 03:55:09,154 simple_logger.py log_once [line:14] INFO Current_time:4513
2025-04-25 03:55:11,147 simple_logger.py log_once [line:28] INFO test_accuracy                 0.9887
2025-04-25 03:55:11,148 simple_logger.py log_once [line:28] INFO test_loss                     0.0343
2025-04-25 03:55:11,148 simple_logger.py log_once [line:28] INFO val_accuracy                  0.9877
2025-04-25 03:55:11,148 simple_logger.py log_once [line:28] INFO mean_val_accuracy             0.9877
2025-04-25 03:55:11,148 simple_logger.py log_once [line:28] INFO std_val_accuracy              0.0053
2025-04-25 03:55:11,148 simple_logger.py log_once [line:28] INFO val_loss                      0.0503
2025-04-25 03:55:11,148 simple_logger.py log_once [line:28] INFO mean_val_loss                 0.0503
2025-04-25 03:55:11,148 simple_logger.py log_once [line:28] INFO std_val_loss                  0.0219
2025-04-25 03:55:11,148 fedbase.py run [line:323] INFO expense           31744950.0
2025-04-25 03:55:11,148 fedbase.py run [line:324] INFO Eval Time Cost:               1.9945s
2025-04-25 03:55:11,148 asyncbase.py iterate [line:68] INFO Select clients [0, 1, 2, 3, 4, 5, 6, 7, 8, 9, 10, 11, 12, 13, 14, 15, 16, 17, 18, 19] at time 4514.
2025-04-25 03:55:22,285 asyncbase.py iterate [line:73] INFO Receive new models from clients [11, 15, 16, 18, 2] at time 4526
2025-04-25 03:55:22,285 asyncbase.py iterate [line:73] INFO Receive new models from clients [8, 12, 14, 13, 3, 9, 6] at time 4527
2025-04-25 03:55:22,286 asyncbase.py iterate [line:73] INFO Receive new models from clients [17, 0, 4, 19, 10, 1] at time 4528
2025-04-25 03:55:22,286 asyncbase.py iterate [line:73] INFO Receive new models from clients [5, 7] at time 4529
2025-04-25 03:55:22,337 fedbase.py run [line:318] INFO --------------Round 289--------------
2025-04-25 03:55:22,338 simple_logger.py log_once [line:14] INFO Current_time:4529
2025-04-25 03:55:24,349 simple_logger.py log_once [line:28] INFO test_accuracy                 0.9887
2025-04-25 03:55:24,349 simple_logger.py log_once [line:28] INFO test_loss                     0.0339
2025-04-25 03:55:24,349 simple_logger.py log_once [line:28] INFO val_accuracy                  0.9875
2025-04-25 03:55:24,350 simple_logger.py log_once [line:28] INFO mean_val_accuracy             0.9875
2025-04-25 03:55:24,350 simple_logger.py log_once [line:28] INFO std_val_accuracy              0.0057
2025-04-25 03:55:24,350 simple_logger.py log_once [line:28] INFO val_loss                      0.0502
2025-04-25 03:55:24,350 simple_logger.py log_once [line:28] INFO mean_val_loss                 0.0502
2025-04-25 03:55:24,350 simple_logger.py log_once [line:28] INFO std_val_loss                  0.0220
2025-04-25 03:55:24,350 fedbase.py run [line:323] INFO expense           31768790.0
2025-04-25 03:55:24,350 fedbase.py run [line:324] INFO Eval Time Cost:               2.0122s
2025-04-25 03:55:24,350 asyncbase.py iterate [line:68] INFO Select clients [0, 1, 2, 3, 4, 5, 6, 7, 8, 9, 10, 11, 12, 13, 14, 15, 16, 17, 18, 19] at time 4530.
2025-04-25 03:55:35,571 asyncbase.py iterate [line:73] INFO Receive new models from clients [8, 17, 7] at time 4542
2025-04-25 03:55:35,572 asyncbase.py iterate [line:73] INFO Receive new models from clients [10, 5, 15, 9, 1, 14, 3, 6] at time 4543
2025-04-25 03:55:35,572 asyncbase.py iterate [line:73] INFO Receive new models from clients [18, 0, 19, 11, 2, 4] at time 4544
2025-04-25 03:55:35,572 asyncbase.py iterate [line:73] INFO Receive new models from clients [16, 12, 13] at time 4545
2025-04-25 03:55:35,624 fedbase.py run [line:318] INFO --------------Round 290--------------
2025-04-25 03:55:35,625 simple_logger.py log_once [line:14] INFO Current_time:4545
2025-04-25 03:55:37,622 simple_logger.py log_once [line:28] INFO test_accuracy                 0.9892
2025-04-25 03:55:37,622 simple_logger.py log_once [line:28] INFO test_loss                     0.0341
2025-04-25 03:55:37,622 simple_logger.py log_once [line:28] INFO val_accuracy                  0.9873
2025-04-25 03:55:37,622 simple_logger.py log_once [line:28] INFO mean_val_accuracy             0.9873
2025-04-25 03:55:37,622 simple_logger.py log_once [line:28] INFO std_val_accuracy              0.0050
2025-04-25 03:55:37,622 simple_logger.py log_once [line:28] INFO val_loss                      0.0509
2025-04-25 03:55:37,622 simple_logger.py log_once [line:28] INFO mean_val_loss                 0.0509
2025-04-25 03:55:37,622 simple_logger.py log_once [line:28] INFO std_val_loss                  0.0223
2025-04-25 03:55:37,622 fedbase.py run [line:323] INFO expense           31792630.0
2025-04-25 03:55:37,622 fedbase.py run [line:324] INFO Eval Time Cost:               1.9979s
2025-04-25 03:55:37,623 asyncbase.py iterate [line:68] INFO Select clients [0, 1, 2, 3, 4, 5, 6, 7, 8, 9, 10, 11, 12, 13, 14, 15, 16, 17, 18, 19] at time 4546.
2025-04-25 03:55:48,878 asyncbase.py iterate [line:73] INFO Receive new models from clients [12, 6, 7] at time 4558
2025-04-25 03:55:48,879 asyncbase.py iterate [line:73] INFO Receive new models from clients [17, 1, 18, 14, 2, 10] at time 4559
2025-04-25 03:55:48,879 asyncbase.py iterate [line:73] INFO Receive new models from clients [0, 4, 13, 9, 11, 16, 3, 5] at time 4560
2025-04-25 03:55:48,879 asyncbase.py iterate [line:73] INFO Receive new models from clients [19, 15, 8] at time 4561
2025-04-25 03:55:48,958 fedbase.py run [line:318] INFO --------------Round 291--------------
2025-04-25 03:55:48,958 simple_logger.py log_once [line:14] INFO Current_time:4561
2025-04-25 03:55:51,105 simple_logger.py log_once [line:28] INFO test_accuracy                 0.9883
2025-04-25 03:55:51,105 simple_logger.py log_once [line:28] INFO test_loss                     0.0350
2025-04-25 03:55:51,105 simple_logger.py log_once [line:28] INFO val_accuracy                  0.9878
2025-04-25 03:55:51,105 simple_logger.py log_once [line:28] INFO mean_val_accuracy             0.9878
2025-04-25 03:55:51,105 simple_logger.py log_once [line:28] INFO std_val_accuracy              0.0052
2025-04-25 03:55:51,105 simple_logger.py log_once [line:28] INFO val_loss                      0.0502
2025-04-25 03:55:51,105 simple_logger.py log_once [line:28] INFO mean_val_loss                 0.0502
2025-04-25 03:55:51,105 simple_logger.py log_once [line:28] INFO std_val_loss                  0.0227
2025-04-25 03:55:51,105 fedbase.py run [line:323] INFO expense           31816470.0
2025-04-25 03:55:51,106 fedbase.py run [line:324] INFO Eval Time Cost:               2.1475s
2025-04-25 03:55:51,106 asyncbase.py iterate [line:68] INFO Select clients [0, 1, 2, 3, 4, 5, 6, 7, 8, 9, 10, 11, 12, 13, 14, 15, 16, 17, 18, 19] at time 4562.
2025-04-25 03:56:02,318 asyncbase.py iterate [line:73] INFO Receive new models from clients [5, 13, 2, 8] at time 4574
2025-04-25 03:56:02,319 asyncbase.py iterate [line:73] INFO Receive new models from clients [11, 0, 9, 6, 19, 15, 3] at time 4575
2025-04-25 03:56:02,319 asyncbase.py iterate [line:73] INFO Receive new models from clients [7, 17, 18, 12, 16, 10] at time 4576
2025-04-25 03:56:02,319 asyncbase.py iterate [line:73] INFO Receive new models from clients [14, 1, 4] at time 4577
2025-04-25 03:56:02,374 fedbase.py run [line:318] INFO --------------Round 292--------------
2025-04-25 03:56:02,374 simple_logger.py log_once [line:14] INFO Current_time:4577
2025-04-25 03:56:04,396 simple_logger.py log_once [line:28] INFO test_accuracy                 0.9886
2025-04-25 03:56:04,396 simple_logger.py log_once [line:28] INFO test_loss                     0.0342
2025-04-25 03:56:04,396 simple_logger.py log_once [line:28] INFO val_accuracy                  0.9875
2025-04-25 03:56:04,396 simple_logger.py log_once [line:28] INFO mean_val_accuracy             0.9875
2025-04-25 03:56:04,396 simple_logger.py log_once [line:28] INFO std_val_accuracy              0.0055
2025-04-25 03:56:04,396 simple_logger.py log_once [line:28] INFO val_loss                      0.0504
2025-04-25 03:56:04,396 simple_logger.py log_once [line:28] INFO mean_val_loss                 0.0504
2025-04-25 03:56:04,396 simple_logger.py log_once [line:28] INFO std_val_loss                  0.0226
2025-04-25 03:56:04,396 fedbase.py run [line:323] INFO expense           31840310.0
2025-04-25 03:56:04,396 fedbase.py run [line:324] INFO Eval Time Cost:               2.0223s
2025-04-25 03:56:04,396 asyncbase.py iterate [line:68] INFO Select clients [0, 1, 2, 3, 4, 5, 6, 7, 8, 9, 10, 11, 12, 13, 14, 15, 16, 17, 18, 19] at time 4578.
2025-04-25 03:56:15,812 asyncbase.py iterate [line:73] INFO Receive new models from clients [7, 4, 6, 10, 12] at time 4590
2025-04-25 03:56:15,812 asyncbase.py iterate [line:73] INFO Receive new models from clients [15, 16, 14, 18, 5, 1, 2] at time 4591
2025-04-25 03:56:15,813 asyncbase.py iterate [line:73] INFO Receive new models from clients [19, 13, 9, 8, 17, 0] at time 4592
2025-04-25 03:56:15,813 asyncbase.py iterate [line:73] INFO Receive new models from clients [3, 11] at time 4593
2025-04-25 03:56:15,866 fedbase.py run [line:318] INFO --------------Round 293--------------
2025-04-25 03:56:15,866 simple_logger.py log_once [line:14] INFO Current_time:4593
2025-04-25 03:56:17,877 simple_logger.py log_once [line:28] INFO test_accuracy                 0.9895
2025-04-25 03:56:17,877 simple_logger.py log_once [line:28] INFO test_loss                     0.0337
2025-04-25 03:56:17,877 simple_logger.py log_once [line:28] INFO val_accuracy                  0.9882
2025-04-25 03:56:17,877 simple_logger.py log_once [line:28] INFO mean_val_accuracy             0.9882
2025-04-25 03:56:17,877 simple_logger.py log_once [line:28] INFO std_val_accuracy              0.0054
2025-04-25 03:56:17,877 simple_logger.py log_once [line:28] INFO val_loss                      0.0505
2025-04-25 03:56:17,877 simple_logger.py log_once [line:28] INFO mean_val_loss                 0.0505
2025-04-25 03:56:17,877 simple_logger.py log_once [line:28] INFO std_val_loss                  0.0215
2025-04-25 03:56:17,877 fedbase.py run [line:323] INFO expense           31864150.0
2025-04-25 03:56:17,877 fedbase.py run [line:324] INFO Eval Time Cost:               2.0109s
2025-04-25 03:56:17,877 asyncbase.py iterate [line:68] INFO Select clients [0, 1, 2, 3, 4, 5, 6, 7, 8, 9, 10, 11, 12, 13, 14, 15, 16, 17, 18, 19] at time 4594.
2025-04-25 03:56:29,353 asyncbase.py iterate [line:73] INFO Receive new models from clients [10] at time 4606
2025-04-25 03:56:29,354 asyncbase.py iterate [line:73] INFO Receive new models from clients [8, 18, 2, 11, 14, 0, 15, 12] at time 4607
2025-04-25 03:56:29,354 asyncbase.py iterate [line:73] INFO Receive new models from clients [7, 17, 9, 3, 16, 5, 19, 1] at time 4608
2025-04-25 03:56:29,354 asyncbase.py iterate [line:73] INFO Receive new models from clients [13, 4, 6] at time 4609
2025-04-25 03:56:29,406 fedbase.py run [line:318] INFO --------------Round 294--------------
2025-04-25 03:56:29,406 simple_logger.py log_once [line:14] INFO Current_time:4609
2025-04-25 03:56:31,494 simple_logger.py log_once [line:28] INFO test_accuracy                 0.9885
2025-04-25 03:56:31,494 simple_logger.py log_once [line:28] INFO test_loss                     0.0340
2025-04-25 03:56:31,494 simple_logger.py log_once [line:28] INFO val_accuracy                  0.9872
2025-04-25 03:56:31,494 simple_logger.py log_once [line:28] INFO mean_val_accuracy             0.9872
2025-04-25 03:56:31,494 simple_logger.py log_once [line:28] INFO std_val_accuracy              0.0054
2025-04-25 03:56:31,494 simple_logger.py log_once [line:28] INFO val_loss                      0.0504
2025-04-25 03:56:31,494 simple_logger.py log_once [line:28] INFO mean_val_loss                 0.0504
2025-04-25 03:56:31,494 simple_logger.py log_once [line:28] INFO std_val_loss                  0.0222
2025-04-25 03:56:31,494 fedbase.py run [line:323] INFO expense           31887990.0
2025-04-25 03:56:31,494 fedbase.py run [line:324] INFO Eval Time Cost:               2.0877s
2025-04-25 03:56:31,494 asyncbase.py iterate [line:68] INFO Select clients [0, 1, 2, 3, 4, 5, 6, 7, 8, 9, 10, 11, 12, 13, 14, 15, 16, 17, 18, 19] at time 4610.
2025-04-25 03:56:42,676 asyncbase.py iterate [line:73] INFO Receive new models from clients [8, 7, 4, 15] at time 4622
2025-04-25 03:56:42,676 asyncbase.py iterate [line:73] INFO Receive new models from clients [2, 11, 13, 10, 1, 5, 9, 12] at time 4623
2025-04-25 03:56:42,677 asyncbase.py iterate [line:73] INFO Receive new models from clients [16, 0, 14, 17, 19, 3] at time 4624
2025-04-25 03:56:42,677 asyncbase.py iterate [line:73] INFO Receive new models from clients [6, 18] at time 4625
2025-04-25 03:56:42,729 fedbase.py run [line:318] INFO --------------Round 295--------------
2025-04-25 03:56:42,729 simple_logger.py log_once [line:14] INFO Current_time:4625
2025-04-25 03:56:44,715 simple_logger.py log_once [line:28] INFO test_accuracy                 0.9889
2025-04-25 03:56:44,715 simple_logger.py log_once [line:28] INFO test_loss                     0.0344
2025-04-25 03:56:44,715 simple_logger.py log_once [line:28] INFO val_accuracy                  0.9877
2025-04-25 03:56:44,715 simple_logger.py log_once [line:28] INFO mean_val_accuracy             0.9877
2025-04-25 03:56:44,715 simple_logger.py log_once [line:28] INFO std_val_accuracy              0.0051
2025-04-25 03:56:44,715 simple_logger.py log_once [line:28] INFO val_loss                      0.0509
2025-04-25 03:56:44,715 simple_logger.py log_once [line:28] INFO mean_val_loss                 0.0509
2025-04-25 03:56:44,715 simple_logger.py log_once [line:28] INFO std_val_loss                  0.0221
2025-04-25 03:56:44,715 fedbase.py run [line:323] INFO expense           31911830.0
2025-04-25 03:56:44,715 fedbase.py run [line:324] INFO Eval Time Cost:               1.9861s
2025-04-25 03:56:44,715 asyncbase.py iterate [line:68] INFO Select clients [0, 1, 2, 3, 4, 5, 6, 7, 8, 9, 10, 11, 12, 13, 14, 15, 16, 17, 18, 19] at time 4626.
2025-04-25 03:56:55,615 asyncbase.py iterate [line:73] INFO Receive new models from clients [5] at time 4638
2025-04-25 03:56:55,616 asyncbase.py iterate [line:73] INFO Receive new models from clients [2, 8, 7, 0, 13, 9, 18, 17] at time 4639
2025-04-25 03:56:55,616 asyncbase.py iterate [line:73] INFO Receive new models from clients [14, 16, 11, 6, 10, 1, 3] at time 4640
2025-04-25 03:56:55,616 asyncbase.py iterate [line:73] INFO Receive new models from clients [12, 19, 15, 4] at time 4641
2025-04-25 03:56:55,669 fedbase.py run [line:318] INFO --------------Round 296--------------
2025-04-25 03:56:55,670 simple_logger.py log_once [line:14] INFO Current_time:4641
2025-04-25 03:56:57,692 simple_logger.py log_once [line:28] INFO test_accuracy                 0.9886
2025-04-25 03:56:57,692 simple_logger.py log_once [line:28] INFO test_loss                     0.0340
2025-04-25 03:56:57,692 simple_logger.py log_once [line:28] INFO val_accuracy                  0.9875
2025-04-25 03:56:57,692 simple_logger.py log_once [line:28] INFO mean_val_accuracy             0.9875
2025-04-25 03:56:57,692 simple_logger.py log_once [line:28] INFO std_val_accuracy              0.0054
2025-04-25 03:56:57,692 simple_logger.py log_once [line:28] INFO val_loss                      0.0502
2025-04-25 03:56:57,692 simple_logger.py log_once [line:28] INFO mean_val_loss                 0.0502
2025-04-25 03:56:57,692 simple_logger.py log_once [line:28] INFO std_val_loss                  0.0226
2025-04-25 03:56:57,692 fedbase.py run [line:323] INFO expense           31935670.0
2025-04-25 03:56:57,692 fedbase.py run [line:324] INFO Eval Time Cost:               2.0227s
2025-04-25 03:56:57,692 asyncbase.py iterate [line:68] INFO Select clients [0, 1, 2, 3, 4, 5, 6, 7, 8, 9, 10, 11, 12, 13, 14, 15, 16, 17, 18, 19] at time 4642.
2025-04-25 03:57:09,872 asyncbase.py iterate [line:73] INFO Receive new models from clients [5, 1, 8] at time 4654
2025-04-25 03:57:09,872 asyncbase.py iterate [line:73] INFO Receive new models from clients [15, 9, 13, 17, 2, 16, 3, 10] at time 4655
2025-04-25 03:57:09,872 asyncbase.py iterate [line:73] INFO Receive new models from clients [11, 12, 19, 4, 0, 14, 18, 7, 6] at time 4656
2025-04-25 03:57:09,926 fedbase.py run [line:318] INFO --------------Round 297--------------
2025-04-25 03:57:09,926 simple_logger.py log_once [line:14] INFO Current_time:4656
2025-04-25 03:57:11,956 simple_logger.py log_once [line:28] INFO test_accuracy                 0.9892
2025-04-25 03:57:11,956 simple_logger.py log_once [line:28] INFO test_loss                     0.0340
2025-04-25 03:57:11,956 simple_logger.py log_once [line:28] INFO val_accuracy                  0.9872
2025-04-25 03:57:11,956 simple_logger.py log_once [line:28] INFO mean_val_accuracy             0.9872
2025-04-25 03:57:11,956 simple_logger.py log_once [line:28] INFO std_val_accuracy              0.0047
2025-04-25 03:57:11,956 simple_logger.py log_once [line:28] INFO val_loss                      0.0523
2025-04-25 03:57:11,957 simple_logger.py log_once [line:28] INFO mean_val_loss                 0.0523
2025-04-25 03:57:11,957 simple_logger.py log_once [line:28] INFO std_val_loss                  0.0222
2025-04-25 03:57:11,957 fedbase.py run [line:323] INFO expense           31959510.0
2025-04-25 03:57:11,957 fedbase.py run [line:324] INFO Eval Time Cost:               2.0303s
2025-04-25 03:57:11,957 asyncbase.py iterate [line:68] INFO Select clients [0, 1, 2, 3, 4, 5, 6, 7, 8, 9, 10, 11, 12, 13, 14, 15, 16, 17, 18, 19] at time 4657.
2025-04-25 03:57:23,626 asyncbase.py iterate [line:73] INFO Receive new models from clients [19, 10, 11] at time 4669
2025-04-25 03:57:23,626 asyncbase.py iterate [line:73] INFO Receive new models from clients [1, 4, 5, 14, 8, 7, 9, 2] at time 4670
2025-04-25 03:57:23,626 asyncbase.py iterate [line:73] INFO Receive new models from clients [17, 13, 12, 18, 6, 3] at time 4671
2025-04-25 03:57:23,627 asyncbase.py iterate [line:73] INFO Receive new models from clients [15, 16, 0] at time 4672
2025-04-25 03:57:23,683 fedbase.py run [line:318] INFO --------------Round 298--------------
2025-04-25 03:57:23,683 simple_logger.py log_once [line:14] INFO Current_time:4672
2025-04-25 03:57:25,693 simple_logger.py log_once [line:28] INFO test_accuracy                 0.9885
2025-04-25 03:57:25,693 simple_logger.py log_once [line:28] INFO test_loss                     0.0337
2025-04-25 03:57:25,693 simple_logger.py log_once [line:28] INFO val_accuracy                  0.9875
2025-04-25 03:57:25,693 simple_logger.py log_once [line:28] INFO mean_val_accuracy             0.9875
2025-04-25 03:57:25,693 simple_logger.py log_once [line:28] INFO std_val_accuracy              0.0052
2025-04-25 03:57:25,693 simple_logger.py log_once [line:28] INFO val_loss                      0.0509
2025-04-25 03:57:25,693 simple_logger.py log_once [line:28] INFO mean_val_loss                 0.0509
2025-04-25 03:57:25,693 simple_logger.py log_once [line:28] INFO std_val_loss                  0.0228
2025-04-25 03:57:25,693 fedbase.py run [line:323] INFO expense           31983350.0
2025-04-25 03:57:25,693 fedbase.py run [line:324] INFO Eval Time Cost:               2.0103s
2025-04-25 03:57:25,694 asyncbase.py iterate [line:68] INFO Select clients [0, 1, 2, 3, 4, 5, 6, 7, 8, 9, 10, 11, 12, 13, 14, 15, 16, 17, 18, 19] at time 4673.
2025-04-25 03:57:36,814 asyncbase.py iterate [line:73] INFO Receive new models from clients [13, 3, 10, 2] at time 4685
2025-04-25 03:57:36,814 asyncbase.py iterate [line:73] INFO Receive new models from clients [0, 7, 19, 8, 17, 5, 14, 1, 18, 16, 11] at time 4686
2025-04-25 03:57:36,815 asyncbase.py iterate [line:73] INFO Receive new models from clients [9, 15, 4, 6] at time 4687
2025-04-25 03:57:36,815 asyncbase.py iterate [line:73] INFO Receive new models from clients [12] at time 4688
2025-04-25 03:57:36,893 fedbase.py run [line:318] INFO --------------Round 299--------------
2025-04-25 03:57:36,893 simple_logger.py log_once [line:14] INFO Current_time:4688
2025-04-25 03:57:39,146 simple_logger.py log_once [line:28] INFO test_accuracy                 0.9893
2025-04-25 03:57:39,146 simple_logger.py log_once [line:28] INFO test_loss                     0.0341
2025-04-25 03:57:39,146 simple_logger.py log_once [line:28] INFO val_accuracy                  0.9877
2025-04-25 03:57:39,146 simple_logger.py log_once [line:28] INFO mean_val_accuracy             0.9877
2025-04-25 03:57:39,146 simple_logger.py log_once [line:28] INFO std_val_accuracy              0.0057
2025-04-25 03:57:39,146 simple_logger.py log_once [line:28] INFO val_loss                      0.0511
2025-04-25 03:57:39,146 simple_logger.py log_once [line:28] INFO mean_val_loss                 0.0511
2025-04-25 03:57:39,146 simple_logger.py log_once [line:28] INFO std_val_loss                  0.0228
2025-04-25 03:57:39,146 fedbase.py run [line:323] INFO expense           32007190.0
2025-04-25 03:57:39,146 fedbase.py run [line:324] INFO Eval Time Cost:               2.2534s
2025-04-25 03:57:39,147 asyncbase.py iterate [line:68] INFO Select clients [0, 1, 2, 3, 4, 5, 6, 7, 8, 9, 10, 11, 12, 13, 14, 15, 16, 17, 18, 19] at time 4689.
2025-04-25 03:57:50,799 asyncbase.py iterate [line:73] INFO Receive new models from clients [5, 15] at time 4701
2025-04-25 03:57:50,800 asyncbase.py iterate [line:73] INFO Receive new models from clients [7, 19, 6, 8, 13] at time 4702
2025-04-25 03:57:50,800 asyncbase.py iterate [line:73] INFO Receive new models from clients [18, 12, 1, 14, 11, 17, 9, 3, 10] at time 4703
2025-04-25 03:57:50,800 asyncbase.py iterate [line:73] INFO Receive new models from clients [4, 16, 0, 2] at time 4704
2025-04-25 03:57:50,855 fedbase.py run [line:318] INFO --------------Round 300--------------
2025-04-25 03:57:50,855 simple_logger.py log_once [line:14] INFO Current_time:4704
2025-04-25 03:57:52,865 simple_logger.py log_once [line:28] INFO test_accuracy                 0.9893
2025-04-25 03:57:52,865 simple_logger.py log_once [line:28] INFO test_loss                     0.0346
2025-04-25 03:57:52,865 simple_logger.py log_once [line:28] INFO val_accuracy                  0.9872
2025-04-25 03:57:52,865 simple_logger.py log_once [line:28] INFO mean_val_accuracy             0.9872
2025-04-25 03:57:52,865 simple_logger.py log_once [line:28] INFO std_val_accuracy              0.0056
2025-04-25 03:57:52,865 simple_logger.py log_once [line:28] INFO val_loss                      0.0512
2025-04-25 03:57:52,865 simple_logger.py log_once [line:28] INFO mean_val_loss                 0.0512
2025-04-25 03:57:52,865 simple_logger.py log_once [line:28] INFO std_val_loss                  0.0234
2025-04-25 03:57:52,865 fedbase.py run [line:323] INFO expense           32031030.0
2025-04-25 03:57:52,865 fedbase.py run [line:324] INFO Eval Time Cost:               2.0099s
2025-04-25 03:57:52,865 fedbase.py run [line:332] INFO =================End==================
2025-04-25 03:57:52,865 fedbase.py run [line:333] INFO Total Time Cost:              4084.0144s
