2025-04-28 02:11:26,065 fflow.py init [line:792] INFO PROCESS ID:	6372
2025-04-28 02:11:26,065 fflow.py init [line:793] INFO Initializing devices: cuda:0 will be used for this running.
2025-04-28 02:11:26,065 fflow.py init [line:796] INFO BENCHMARK:	flgo.benchmark.mnist_classification
2025-04-28 02:11:26,065 fflow.py init [line:797] INFO TASK:			./mnist_result_20
2025-04-28 02:11:26,065 fflow.py init [line:798] INFO MODEL:		flgo.benchmark.mnist_classification.model.cnn
2025-04-28 02:11:26,065 fflow.py init [line:799] INFO ALGORITHM:	tucker
2025-04-28 02:11:26,065 fflow.py init [line:800] INFO LRate:		0.005
2025-04-28 02:11:26,065 fflow.py init [line:801] INFO COMPRESS:		tucker
2025-04-28 02:11:26,066 fflow.py init [line:807] INFO GAMMA:		14
2025-04-28 02:11:27,622 fflow.py init [line:853] INFO SCENE:		horizontal FL with 1 <class 'tucker.Server'>, 20 <class 'tucker.Client'>
2025-04-28 02:11:29,432 fflow.py init [line:870] INFO SIMULATOR:	<class 'flgo.simulator.default_simulator.Simulator'>
2025-04-28 02:11:29,433 fflow.py init [line:883] INFO Ready to start.
2025-04-28 02:11:29,434 fedbase.py run [line:306] INFO --------------Initial Evaluation--------------
2025-04-28 02:11:29,434 simple_logger.py log_once [line:14] INFO Current_time:0
2025-04-28 02:11:32,071 simple_logger.py log_once [line:28] INFO test_accuracy                 0.0875
2025-04-28 02:11:32,071 simple_logger.py log_once [line:28] INFO test_loss                     2.3101
2025-04-28 02:11:32,071 simple_logger.py log_once [line:28] INFO val_accuracy                  0.0807
2025-04-28 02:11:32,071 simple_logger.py log_once [line:28] INFO mean_val_accuracy             0.0807
2025-04-28 02:11:32,071 simple_logger.py log_once [line:28] INFO std_val_accuracy              0.0197
2025-04-28 02:11:32,071 simple_logger.py log_once [line:28] INFO val_loss                      2.3117
2025-04-28 02:11:32,071 simple_logger.py log_once [line:28] INFO mean_val_loss                 2.3117
2025-04-28 02:11:32,071 simple_logger.py log_once [line:28] INFO std_val_loss                  0.0059
2025-04-28 02:11:32,072 fedbase.py run [line:309] INFO expense     0
2025-04-28 02:11:32,072 fedbase.py run [line:310] INFO Eval Time Cost:               2.6380s
2025-04-28 02:11:32,072 asyncbase.py iterate [line:68] INFO Select clients [0, 1, 2, 3, 4, 5, 6, 7, 8, 9, 10, 11, 12, 13, 14, 15, 16, 17, 18, 19] at time 1.
2025-04-28 02:11:41,543 asyncbase.py iterate [line:73] INFO Receive new models from clients [8, 7, 6, 11, 15, 5, 2, 18, 9, 14, 16, 17, 10, 19, 12, 0, 1, 3, 4, 13] at time 2
2025-04-28 02:11:41,695 fedbase.py run [line:318] INFO --------------Round 1--------------
2025-04-28 02:11:41,695 simple_logger.py log_once [line:14] INFO Current_time:2
2025-04-28 02:11:43,662 simple_logger.py log_once [line:28] INFO test_accuracy                 0.1135
2025-04-28 02:11:43,662 simple_logger.py log_once [line:28] INFO test_loss                     2.3022
2025-04-28 02:11:43,662 simple_logger.py log_once [line:28] INFO val_accuracy                  0.1167
2025-04-28 02:11:43,662 simple_logger.py log_once [line:28] INFO mean_val_accuracy             0.1167
2025-04-28 02:11:43,662 simple_logger.py log_once [line:28] INFO std_val_accuracy              0.0193
2025-04-28 02:11:43,662 simple_logger.py log_once [line:28] INFO val_loss                      2.3022
2025-04-28 02:11:43,662 simple_logger.py log_once [line:28] INFO mean_val_loss                 2.3022
2025-04-28 02:11:43,662 simple_logger.py log_once [line:28] INFO std_val_loss                  0.0021
2025-04-28 02:11:43,662 fedbase.py run [line:323] INFO expense           8316850.0
2025-04-28 02:11:43,662 fedbase.py run [line:324] INFO Eval Time Cost:               1.9673s
2025-04-28 02:11:43,662 asyncbase.py iterate [line:68] INFO Select clients [0, 1, 2, 3, 4, 5, 6, 7, 8, 9, 10, 11, 12, 13, 14, 15, 16, 17, 18, 19] at time 3.
2025-04-28 02:12:10,264 asyncbase.py iterate [line:73] INFO Receive new models from clients [8, 6, 19, 17, 5, 3, 14, 7, 9, 2, 10, 1, 11, 12, 13, 15, 18, 0, 16, 4] at time 4
2025-04-28 02:12:10,320 fedbase.py run [line:318] INFO --------------Round 2--------------
2025-04-28 02:12:10,320 simple_logger.py log_once [line:14] INFO Current_time:4
2025-04-28 02:12:12,308 simple_logger.py log_once [line:28] INFO test_accuracy                 0.1135
2025-04-28 02:12:12,308 simple_logger.py log_once [line:28] INFO test_loss                     2.3014
2025-04-28 02:12:12,308 simple_logger.py log_once [line:28] INFO val_accuracy                  0.1167
2025-04-28 02:12:12,308 simple_logger.py log_once [line:28] INFO mean_val_accuracy             0.1167
2025-04-28 02:12:12,308 simple_logger.py log_once [line:28] INFO std_val_accuracy              0.0193
2025-04-28 02:12:12,308 simple_logger.py log_once [line:28] INFO val_loss                      2.3011
2025-04-28 02:12:12,308 simple_logger.py log_once [line:28] INFO mean_val_loss                 2.3011
2025-04-28 02:12:12,309 simple_logger.py log_once [line:28] INFO std_val_loss                  0.0015
2025-04-28 02:12:12,309 fedbase.py run [line:323] INFO expense           8340690.0
2025-04-28 02:12:12,309 fedbase.py run [line:324] INFO Eval Time Cost:               1.9886s
2025-04-28 02:12:12,309 asyncbase.py iterate [line:68] INFO Select clients [0, 1, 2, 3, 4, 5, 6, 7, 8, 9, 10, 11, 12, 13, 14, 15, 16, 17, 18, 19] at time 5.
2025-04-28 02:12:22,050 asyncbase.py iterate [line:73] INFO Receive new models from clients [18, 6] at time 17
2025-04-28 02:12:22,051 asyncbase.py iterate [line:73] INFO Receive new models from clients [7, 14, 0, 16, 19, 9, 5] at time 18
2025-04-28 02:12:22,051 asyncbase.py iterate [line:73] INFO Receive new models from clients [3, 4, 13, 15, 17, 2, 8] at time 19
2025-04-28 02:12:22,051 asyncbase.py iterate [line:73] INFO Receive new models from clients [1, 12, 10, 11] at time 20
2025-04-28 02:12:23,084 fedbase.py run [line:318] INFO --------------Round 3--------------
2025-04-28 02:12:23,085 simple_logger.py log_once [line:14] INFO Current_time:20
2025-04-28 02:12:25,084 simple_logger.py log_once [line:28] INFO test_accuracy                 0.1135
2025-04-28 02:12:25,084 simple_logger.py log_once [line:28] INFO test_loss                     2.3012
2025-04-28 02:12:25,084 simple_logger.py log_once [line:28] INFO val_accuracy                  0.1167
2025-04-28 02:12:25,084 simple_logger.py log_once [line:28] INFO mean_val_accuracy             0.1167
2025-04-28 02:12:25,085 simple_logger.py log_once [line:28] INFO std_val_accuracy              0.0193
2025-04-28 02:12:25,085 simple_logger.py log_once [line:28] INFO val_loss                      2.3008
2025-04-28 02:12:25,085 simple_logger.py log_once [line:28] INFO mean_val_loss                 2.3008
2025-04-28 02:12:25,085 simple_logger.py log_once [line:28] INFO std_val_loss                  0.0017
2025-04-28 02:12:25,085 fedbase.py run [line:323] INFO expense           16657540.0
2025-04-28 02:12:25,085 fedbase.py run [line:324] INFO Eval Time Cost:               2.0002s
2025-04-28 02:12:25,085 asyncbase.py iterate [line:68] INFO Select clients [0, 1, 2, 3, 4, 5, 6, 7, 8, 9, 10, 11, 12, 13, 14, 15, 16, 17, 18, 19] at time 21.
2025-04-28 02:12:52,096 asyncbase.py iterate [line:73] INFO Receive new models from clients [12, 7, 13, 17, 3, 9, 4, 18, 6, 1, 14, 16, 10, 11, 0, 15, 8, 19, 2, 5] at time 22
2025-04-28 02:12:52,155 fedbase.py run [line:318] INFO --------------Round 4--------------
2025-04-28 02:12:52,155 simple_logger.py log_once [line:14] INFO Current_time:22
2025-04-28 02:12:54,159 simple_logger.py log_once [line:28] INFO test_accuracy                 0.1135
2025-04-28 02:12:54,159 simple_logger.py log_once [line:28] INFO test_loss                     2.3011
2025-04-28 02:12:54,160 simple_logger.py log_once [line:28] INFO val_accuracy                  0.1167
2025-04-28 02:12:54,160 simple_logger.py log_once [line:28] INFO mean_val_accuracy             0.1167
2025-04-28 02:12:54,160 simple_logger.py log_once [line:28] INFO std_val_accuracy              0.0193
2025-04-28 02:12:54,160 simple_logger.py log_once [line:28] INFO val_loss                      2.3005
2025-04-28 02:12:54,160 simple_logger.py log_once [line:28] INFO mean_val_loss                 2.3005
2025-04-28 02:12:54,160 simple_logger.py log_once [line:28] INFO std_val_loss                  0.0020
2025-04-28 02:12:54,160 fedbase.py run [line:323] INFO expense           16681380.0
2025-04-28 02:12:54,160 fedbase.py run [line:324] INFO Eval Time Cost:               2.0046s
2025-04-28 02:12:54,160 asyncbase.py iterate [line:68] INFO Select clients [0, 1, 2, 3, 4, 5, 6, 7, 8, 9, 10, 11, 12, 13, 14, 15, 16, 17, 18, 19] at time 23.
2025-04-28 02:13:21,257 asyncbase.py iterate [line:73] INFO Receive new models from clients [10, 4] at time 35
2025-04-28 02:13:21,257 asyncbase.py iterate [line:73] INFO Receive new models from clients [5, 2, 19, 13, 6, 14] at time 36
2025-04-28 02:13:21,258 asyncbase.py iterate [line:73] INFO Receive new models from clients [16, 11, 1, 12, 18, 7, 9, 8, 17] at time 37
2025-04-28 02:13:21,258 asyncbase.py iterate [line:73] INFO Receive new models from clients [0, 3, 15] at time 38
2025-04-28 02:13:21,314 fedbase.py run [line:318] INFO --------------Round 5--------------
2025-04-28 02:13:21,314 simple_logger.py log_once [line:14] INFO Current_time:38
2025-04-28 02:13:23,301 simple_logger.py log_once [line:28] INFO test_accuracy                 0.1135
2025-04-28 02:13:23,301 simple_logger.py log_once [line:28] INFO test_loss                     2.3010
2025-04-28 02:13:23,301 simple_logger.py log_once [line:28] INFO val_accuracy                  0.1167
2025-04-28 02:13:23,301 simple_logger.py log_once [line:28] INFO mean_val_accuracy             0.1167
2025-04-28 02:13:23,301 simple_logger.py log_once [line:28] INFO std_val_accuracy              0.0193
2025-04-28 02:13:23,302 simple_logger.py log_once [line:28] INFO val_loss                      2.3004
2025-04-28 02:13:23,302 simple_logger.py log_once [line:28] INFO mean_val_loss                 2.3004
2025-04-28 02:13:23,302 simple_logger.py log_once [line:28] INFO std_val_loss                  0.0021
2025-04-28 02:13:23,302 fedbase.py run [line:323] INFO expense           16705220.0
2025-04-28 02:13:23,302 fedbase.py run [line:324] INFO Eval Time Cost:               1.9874s
2025-04-28 02:13:23,302 asyncbase.py iterate [line:68] INFO Select clients [0, 1, 2, 3, 4, 5, 6, 7, 8, 9, 10, 11, 12, 13, 14, 15, 16, 17, 18, 19] at time 39.
2025-04-28 02:13:50,651 asyncbase.py iterate [line:73] INFO Receive new models from clients [11, 2, 12, 4] at time 51
2025-04-28 02:13:50,651 asyncbase.py iterate [line:73] INFO Receive new models from clients [14, 13, 18, 6, 5, 10, 7] at time 52
2025-04-28 02:13:50,651 asyncbase.py iterate [line:73] INFO Receive new models from clients [17, 15, 9, 0, 8, 3] at time 53
2025-04-28 02:13:50,652 asyncbase.py iterate [line:73] INFO Receive new models from clients [1, 19, 16] at time 54
2025-04-28 02:13:50,712 fedbase.py run [line:318] INFO --------------Round 6--------------
2025-04-28 02:13:50,712 simple_logger.py log_once [line:14] INFO Current_time:54
2025-04-28 02:13:52,696 simple_logger.py log_once [line:28] INFO test_accuracy                 0.1135
2025-04-28 02:13:52,696 simple_logger.py log_once [line:28] INFO test_loss                     2.3010
2025-04-28 02:13:52,696 simple_logger.py log_once [line:28] INFO val_accuracy                  0.1167
2025-04-28 02:13:52,696 simple_logger.py log_once [line:28] INFO mean_val_accuracy             0.1167
2025-04-28 02:13:52,696 simple_logger.py log_once [line:28] INFO std_val_accuracy              0.0193
2025-04-28 02:13:52,697 simple_logger.py log_once [line:28] INFO val_loss                      2.3004
2025-04-28 02:13:52,697 simple_logger.py log_once [line:28] INFO mean_val_loss                 2.3004
2025-04-28 02:13:52,697 simple_logger.py log_once [line:28] INFO std_val_loss                  0.0021
2025-04-28 02:13:52,697 fedbase.py run [line:323] INFO expense           16729060.0
2025-04-28 02:13:52,697 fedbase.py run [line:324] INFO Eval Time Cost:               1.9849s
2025-04-28 02:13:52,697 asyncbase.py iterate [line:68] INFO Select clients [0, 1, 2, 3, 4, 5, 6, 7, 8, 9, 10, 11, 12, 13, 14, 15, 16, 17, 18, 19] at time 55.
2025-04-28 02:14:19,603 asyncbase.py iterate [line:73] INFO Receive new models from clients [1, 3, 12, 8] at time 67
2025-04-28 02:14:19,604 asyncbase.py iterate [line:73] INFO Receive new models from clients [13, 16, 18, 11, 14, 7] at time 68
2025-04-28 02:14:19,604 asyncbase.py iterate [line:73] INFO Receive new models from clients [4, 6, 15, 19, 2, 10, 0, 17] at time 69
2025-04-28 02:14:19,604 asyncbase.py iterate [line:73] INFO Receive new models from clients [9, 5] at time 70
2025-04-28 02:14:19,661 fedbase.py run [line:318] INFO --------------Round 7--------------
2025-04-28 02:14:19,661 simple_logger.py log_once [line:14] INFO Current_time:70
2025-04-28 02:14:21,668 simple_logger.py log_once [line:28] INFO test_accuracy                 0.1135
2025-04-28 02:14:21,668 simple_logger.py log_once [line:28] INFO test_loss                     2.3011
2025-04-28 02:14:21,668 simple_logger.py log_once [line:28] INFO val_accuracy                  0.1167
2025-04-28 02:14:21,668 simple_logger.py log_once [line:28] INFO mean_val_accuracy             0.1167
2025-04-28 02:14:21,668 simple_logger.py log_once [line:28] INFO std_val_accuracy              0.0193
2025-04-28 02:14:21,668 simple_logger.py log_once [line:28] INFO val_loss                      2.3003
2025-04-28 02:14:21,669 simple_logger.py log_once [line:28] INFO mean_val_loss                 2.3003
2025-04-28 02:14:21,669 simple_logger.py log_once [line:28] INFO std_val_loss                  0.0021
2025-04-28 02:14:21,669 fedbase.py run [line:323] INFO expense           16752900.0
2025-04-28 02:14:21,669 fedbase.py run [line:324] INFO Eval Time Cost:               2.0079s
2025-04-28 02:14:21,669 asyncbase.py iterate [line:68] INFO Select clients [0, 1, 2, 3, 4, 5, 6, 7, 8, 9, 10, 11, 12, 13, 14, 15, 16, 17, 18, 19] at time 71.
2025-04-28 02:14:48,589 asyncbase.py iterate [line:73] INFO Receive new models from clients [11, 8, 17] at time 83
2025-04-28 02:14:48,589 asyncbase.py iterate [line:73] INFO Receive new models from clients [0, 5, 13, 7, 6, 19] at time 84
2025-04-28 02:14:48,589 asyncbase.py iterate [line:73] INFO Receive new models from clients [12, 2, 18, 9, 16, 10, 4, 15, 14, 1, 3] at time 85
2025-04-28 02:14:48,647 fedbase.py run [line:318] INFO --------------Round 8--------------
2025-04-28 02:14:48,647 simple_logger.py log_once [line:14] INFO Current_time:85
2025-04-28 02:14:50,652 simple_logger.py log_once [line:28] INFO test_accuracy                 0.1135
2025-04-28 02:14:50,652 simple_logger.py log_once [line:28] INFO test_loss                     2.3010
2025-04-28 02:14:50,652 simple_logger.py log_once [line:28] INFO val_accuracy                  0.1167
2025-04-28 02:14:50,652 simple_logger.py log_once [line:28] INFO mean_val_accuracy             0.1167
2025-04-28 02:14:50,652 simple_logger.py log_once [line:28] INFO std_val_accuracy              0.0193
2025-04-28 02:14:50,652 simple_logger.py log_once [line:28] INFO val_loss                      2.3003
2025-04-28 02:14:50,652 simple_logger.py log_once [line:28] INFO mean_val_loss                 2.3003
2025-04-28 02:14:50,652 simple_logger.py log_once [line:28] INFO std_val_loss                  0.0023
2025-04-28 02:14:50,652 fedbase.py run [line:323] INFO expense           16776740.0
2025-04-28 02:14:50,652 fedbase.py run [line:324] INFO Eval Time Cost:               2.0056s
2025-04-28 02:14:50,652 asyncbase.py iterate [line:68] INFO Select clients [0, 1, 2, 3, 4, 5, 6, 7, 8, 9, 10, 11, 12, 13, 14, 15, 16, 17, 18, 19] at time 86.
2025-04-28 02:15:17,760 asyncbase.py iterate [line:73] INFO Receive new models from clients [11, 5, 19, 7] at time 98
2025-04-28 02:15:17,760 asyncbase.py iterate [line:73] INFO Receive new models from clients [4, 0, 12, 15, 1, 18] at time 99
2025-04-28 02:15:17,760 asyncbase.py iterate [line:73] INFO Receive new models from clients [16, 13, 3, 8, 9, 17, 10, 2, 14, 6] at time 100
2025-04-28 02:15:17,816 fedbase.py run [line:318] INFO --------------Round 9--------------
2025-04-28 02:15:17,816 simple_logger.py log_once [line:14] INFO Current_time:100
2025-04-28 02:15:19,798 simple_logger.py log_once [line:28] INFO test_accuracy                 0.1135
2025-04-28 02:15:19,798 simple_logger.py log_once [line:28] INFO test_loss                     2.3010
2025-04-28 02:15:19,798 simple_logger.py log_once [line:28] INFO val_accuracy                  0.1167
2025-04-28 02:15:19,798 simple_logger.py log_once [line:28] INFO mean_val_accuracy             0.1167
2025-04-28 02:15:19,798 simple_logger.py log_once [line:28] INFO std_val_accuracy              0.0193
2025-04-28 02:15:19,798 simple_logger.py log_once [line:28] INFO val_loss                      2.3002
2025-04-28 02:15:19,799 simple_logger.py log_once [line:28] INFO mean_val_loss                 2.3002
2025-04-28 02:15:19,799 simple_logger.py log_once [line:28] INFO std_val_loss                  0.0023
2025-04-28 02:15:19,799 fedbase.py run [line:323] INFO expense           16800580.0
2025-04-28 02:15:19,799 fedbase.py run [line:324] INFO Eval Time Cost:               1.9826s
2025-04-28 02:15:19,799 asyncbase.py iterate [line:68] INFO Select clients [0, 1, 2, 3, 4, 5, 6, 7, 8, 9, 10, 11, 12, 13, 14, 15, 16, 17, 18, 19] at time 101.
2025-04-28 02:15:46,565 asyncbase.py iterate [line:73] INFO Receive new models from clients [5, 10, 19, 18, 2, 6] at time 113
2025-04-28 02:15:46,565 asyncbase.py iterate [line:73] INFO Receive new models from clients [0, 8, 12, 9, 15, 17, 16] at time 114
2025-04-28 02:15:46,565 asyncbase.py iterate [line:73] INFO Receive new models from clients [4, 13, 7, 14, 3] at time 115
2025-04-28 02:15:46,566 asyncbase.py iterate [line:73] INFO Receive new models from clients [11, 1] at time 116
2025-04-28 02:15:46,622 fedbase.py run [line:318] INFO --------------Round 10--------------
2025-04-28 02:15:46,622 simple_logger.py log_once [line:14] INFO Current_time:116
2025-04-28 02:15:48,608 simple_logger.py log_once [line:28] INFO test_accuracy                 0.1135
2025-04-28 02:15:48,608 simple_logger.py log_once [line:28] INFO test_loss                     2.3010
2025-04-28 02:15:48,608 simple_logger.py log_once [line:28] INFO val_accuracy                  0.1167
2025-04-28 02:15:48,608 simple_logger.py log_once [line:28] INFO mean_val_accuracy             0.1167
2025-04-28 02:15:48,608 simple_logger.py log_once [line:28] INFO std_val_accuracy              0.0193
2025-04-28 02:15:48,608 simple_logger.py log_once [line:28] INFO val_loss                      2.3002
2025-04-28 02:15:48,608 simple_logger.py log_once [line:28] INFO mean_val_loss                 2.3002
2025-04-28 02:15:48,609 simple_logger.py log_once [line:28] INFO std_val_loss                  0.0024
2025-04-28 02:15:48,609 fedbase.py run [line:323] INFO expense           16824420.0
2025-04-28 02:15:48,609 fedbase.py run [line:324] INFO Eval Time Cost:               1.9862s
2025-04-28 02:15:48,609 asyncbase.py iterate [line:68] INFO Select clients [0, 1, 2, 3, 4, 5, 6, 7, 8, 9, 10, 11, 12, 13, 14, 15, 16, 17, 18, 19] at time 117.
2025-04-28 02:16:15,762 asyncbase.py iterate [line:73] INFO Receive new models from clients [13, 1] at time 129
2025-04-28 02:16:15,762 asyncbase.py iterate [line:73] INFO Receive new models from clients [16, 6, 10, 8, 2, 9, 11, 7, 12, 19, 15, 18, 5] at time 130
2025-04-28 02:16:15,763 asyncbase.py iterate [line:73] INFO Receive new models from clients [17, 14, 3, 0] at time 131
2025-04-28 02:16:15,763 asyncbase.py iterate [line:73] INFO Receive new models from clients [4] at time 132
2025-04-28 02:16:15,820 fedbase.py run [line:318] INFO --------------Round 11--------------
2025-04-28 02:16:15,820 simple_logger.py log_once [line:14] INFO Current_time:132
2025-04-28 02:16:17,817 simple_logger.py log_once [line:28] INFO test_accuracy                 0.1135
2025-04-28 02:16:17,817 simple_logger.py log_once [line:28] INFO test_loss                     2.3010
2025-04-28 02:16:17,817 simple_logger.py log_once [line:28] INFO val_accuracy                  0.1167
2025-04-28 02:16:17,818 simple_logger.py log_once [line:28] INFO mean_val_accuracy             0.1167
2025-04-28 02:16:17,818 simple_logger.py log_once [line:28] INFO std_val_accuracy              0.0193
2025-04-28 02:16:17,818 simple_logger.py log_once [line:28] INFO val_loss                      2.3002
2025-04-28 02:16:17,818 simple_logger.py log_once [line:28] INFO mean_val_loss                 2.3002
2025-04-28 02:16:17,818 simple_logger.py log_once [line:28] INFO std_val_loss                  0.0023
2025-04-28 02:16:17,818 fedbase.py run [line:323] INFO expense           16848260.0
2025-04-28 02:16:17,818 fedbase.py run [line:324] INFO Eval Time Cost:               1.9982s
2025-04-28 02:16:17,818 asyncbase.py iterate [line:68] INFO Select clients [0, 1, 2, 3, 4, 5, 6, 7, 8, 9, 10, 11, 12, 13, 14, 15, 16, 17, 18, 19] at time 133.
2025-04-28 02:16:45,245 asyncbase.py iterate [line:73] INFO Receive new models from clients [13, 5] at time 145
2025-04-28 02:16:45,245 asyncbase.py iterate [line:73] INFO Receive new models from clients [8, 3, 14, 1] at time 146
2025-04-28 02:16:45,246 asyncbase.py iterate [line:73] INFO Receive new models from clients [9, 12, 19, 7, 10, 16, 6, 15] at time 147
2025-04-28 02:16:45,246 asyncbase.py iterate [line:73] INFO Receive new models from clients [17, 18, 4, 2, 0, 11] at time 148
2025-04-28 02:16:45,304 fedbase.py run [line:318] INFO --------------Round 12--------------
2025-04-28 02:16:45,304 simple_logger.py log_once [line:14] INFO Current_time:148
2025-04-28 02:16:47,295 simple_logger.py log_once [line:28] INFO test_accuracy                 0.1135
2025-04-28 02:16:47,295 simple_logger.py log_once [line:28] INFO test_loss                     2.3010
2025-04-28 02:16:47,295 simple_logger.py log_once [line:28] INFO val_accuracy                  0.1167
2025-04-28 02:16:47,296 simple_logger.py log_once [line:28] INFO mean_val_accuracy             0.1167
2025-04-28 02:16:47,296 simple_logger.py log_once [line:28] INFO std_val_accuracy              0.0193
2025-04-28 02:16:47,296 simple_logger.py log_once [line:28] INFO val_loss                      2.3003
2025-04-28 02:16:47,296 simple_logger.py log_once [line:28] INFO mean_val_loss                 2.3003
2025-04-28 02:16:47,296 simple_logger.py log_once [line:28] INFO std_val_loss                  0.0023
2025-04-28 02:16:47,296 fedbase.py run [line:323] INFO expense           16872100.0
2025-04-28 02:16:47,296 fedbase.py run [line:324] INFO Eval Time Cost:               1.9917s
2025-04-28 02:16:47,296 asyncbase.py iterate [line:68] INFO Select clients [0, 1, 2, 3, 4, 5, 6, 7, 8, 9, 10, 11, 12, 13, 14, 15, 16, 17, 18, 19] at time 149.
2025-04-28 02:17:14,317 asyncbase.py iterate [line:73] INFO Receive new models from clients [4, 19, 1, 13] at time 161
2025-04-28 02:17:14,318 asyncbase.py iterate [line:73] INFO Receive new models from clients [18, 0, 6, 7, 10] at time 162
2025-04-28 02:17:14,318 asyncbase.py iterate [line:73] INFO Receive new models from clients [11, 14, 15, 17, 12, 9, 5, 2, 16] at time 163
2025-04-28 02:17:14,318 asyncbase.py iterate [line:73] INFO Receive new models from clients [8, 3] at time 164
2025-04-28 02:17:14,376 fedbase.py run [line:318] INFO --------------Round 13--------------
2025-04-28 02:17:14,377 simple_logger.py log_once [line:14] INFO Current_time:164
2025-04-28 02:17:16,417 simple_logger.py log_once [line:28] INFO test_accuracy                 0.1135
2025-04-28 02:17:16,417 simple_logger.py log_once [line:28] INFO test_loss                     2.3010
2025-04-28 02:17:16,417 simple_logger.py log_once [line:28] INFO val_accuracy                  0.1167
2025-04-28 02:17:16,417 simple_logger.py log_once [line:28] INFO mean_val_accuracy             0.1167
2025-04-28 02:17:16,417 simple_logger.py log_once [line:28] INFO std_val_accuracy              0.0193
2025-04-28 02:17:16,417 simple_logger.py log_once [line:28] INFO val_loss                      2.3003
2025-04-28 02:17:16,417 simple_logger.py log_once [line:28] INFO mean_val_loss                 2.3003
2025-04-28 02:17:16,417 simple_logger.py log_once [line:28] INFO std_val_loss                  0.0023
2025-04-28 02:17:16,417 fedbase.py run [line:323] INFO expense           16895940.0
2025-04-28 02:17:16,417 fedbase.py run [line:324] INFO Eval Time Cost:               2.0407s
2025-04-28 02:17:16,417 asyncbase.py iterate [line:68] INFO Select clients [0, 1, 2, 3, 4, 5, 6, 7, 8, 9, 10, 11, 12, 13, 14, 15, 16, 17, 18, 19] at time 165.
2025-04-28 02:17:43,480 asyncbase.py iterate [line:73] INFO Receive new models from clients [14] at time 177
2025-04-28 02:17:43,480 asyncbase.py iterate [line:73] INFO Receive new models from clients [7, 10, 11, 15, 12, 17, 9, 1, 19, 6] at time 178
2025-04-28 02:17:43,480 asyncbase.py iterate [line:73] INFO Receive new models from clients [4, 2, 18, 16, 0, 13, 3, 5, 8] at time 179
2025-04-28 02:17:43,536 fedbase.py run [line:318] INFO --------------Round 14--------------
2025-04-28 02:17:43,536 simple_logger.py log_once [line:14] INFO Current_time:179
2025-04-28 02:17:45,529 simple_logger.py log_once [line:28] INFO test_accuracy                 0.1135
2025-04-28 02:17:45,529 simple_logger.py log_once [line:28] INFO test_loss                     2.3010
2025-04-28 02:17:45,529 simple_logger.py log_once [line:28] INFO val_accuracy                  0.1167
2025-04-28 02:17:45,529 simple_logger.py log_once [line:28] INFO mean_val_accuracy             0.1167
2025-04-28 02:17:45,529 simple_logger.py log_once [line:28] INFO std_val_accuracy              0.0193
2025-04-28 02:17:45,529 simple_logger.py log_once [line:28] INFO val_loss                      2.3002
2025-04-28 02:17:45,529 simple_logger.py log_once [line:28] INFO mean_val_loss                 2.3002
2025-04-28 02:17:45,529 simple_logger.py log_once [line:28] INFO std_val_loss                  0.0024
2025-04-28 02:17:45,529 fedbase.py run [line:323] INFO expense           16919780.0
2025-04-28 02:17:45,529 fedbase.py run [line:324] INFO Eval Time Cost:               1.9930s
2025-04-28 02:17:45,530 asyncbase.py iterate [line:68] INFO Select clients [0, 1, 2, 3, 4, 5, 6, 7, 8, 9, 10, 11, 12, 13, 14, 15, 16, 17, 18, 19] at time 180.
2025-04-28 02:18:12,595 asyncbase.py iterate [line:73] INFO Receive new models from clients [12, 9, 14] at time 192
2025-04-28 02:18:12,596 asyncbase.py iterate [line:73] INFO Receive new models from clients [2, 17, 11, 8, 4, 5, 1, 16] at time 193
2025-04-28 02:18:12,596 asyncbase.py iterate [line:73] INFO Receive new models from clients [19, 15, 13, 0, 18, 10, 7] at time 194
2025-04-28 02:18:12,596 asyncbase.py iterate [line:73] INFO Receive new models from clients [6, 3] at time 195
2025-04-28 02:18:12,652 fedbase.py run [line:318] INFO --------------Round 15--------------
2025-04-28 02:18:12,652 simple_logger.py log_once [line:14] INFO Current_time:195
2025-04-28 02:18:14,657 simple_logger.py log_once [line:28] INFO test_accuracy                 0.1135
2025-04-28 02:18:14,657 simple_logger.py log_once [line:28] INFO test_loss                     2.3010
2025-04-28 02:18:14,657 simple_logger.py log_once [line:28] INFO val_accuracy                  0.1167
2025-04-28 02:18:14,657 simple_logger.py log_once [line:28] INFO mean_val_accuracy             0.1167
2025-04-28 02:18:14,657 simple_logger.py log_once [line:28] INFO std_val_accuracy              0.0193
2025-04-28 02:18:14,657 simple_logger.py log_once [line:28] INFO val_loss                      2.3002
2025-04-28 02:18:14,657 simple_logger.py log_once [line:28] INFO mean_val_loss                 2.3002
2025-04-28 02:18:14,657 simple_logger.py log_once [line:28] INFO std_val_loss                  0.0024
2025-04-28 02:18:14,657 fedbase.py run [line:323] INFO expense           16943620.0
2025-04-28 02:18:14,658 fedbase.py run [line:324] INFO Eval Time Cost:               2.0051s
2025-04-28 02:18:14,658 asyncbase.py iterate [line:68] INFO Select clients [0, 1, 2, 3, 4, 5, 6, 7, 8, 9, 10, 11, 12, 13, 14, 15, 16, 17, 18, 19] at time 196.
2025-04-28 02:18:42,102 asyncbase.py iterate [line:73] INFO Receive new models from clients [7, 4] at time 208
2025-04-28 02:18:42,103 asyncbase.py iterate [line:73] INFO Receive new models from clients [1, 12, 11, 10, 15, 9, 13, 0, 6, 14] at time 209
2025-04-28 02:18:42,103 asyncbase.py iterate [line:73] INFO Receive new models from clients [19, 17, 16, 8, 2, 5, 3, 18] at time 210
2025-04-28 02:18:42,161 fedbase.py run [line:318] INFO --------------Round 16--------------
2025-04-28 02:18:42,161 simple_logger.py log_once [line:14] INFO Current_time:210
2025-04-28 02:18:44,148 simple_logger.py log_once [line:28] INFO test_accuracy                 0.1135
2025-04-28 02:18:44,148 simple_logger.py log_once [line:28] INFO test_loss                     2.3010
2025-04-28 02:18:44,148 simple_logger.py log_once [line:28] INFO val_accuracy                  0.1167
2025-04-28 02:18:44,148 simple_logger.py log_once [line:28] INFO mean_val_accuracy             0.1167
2025-04-28 02:18:44,149 simple_logger.py log_once [line:28] INFO std_val_accuracy              0.0193
2025-04-28 02:18:44,149 simple_logger.py log_once [line:28] INFO val_loss                      2.3002
2025-04-28 02:18:44,149 simple_logger.py log_once [line:28] INFO mean_val_loss                 2.3002
2025-04-28 02:18:44,149 simple_logger.py log_once [line:28] INFO std_val_loss                  0.0025
2025-04-28 02:18:44,149 fedbase.py run [line:323] INFO expense           16967460.0
2025-04-28 02:18:44,149 fedbase.py run [line:324] INFO Eval Time Cost:               1.9880s
2025-04-28 02:18:44,149 asyncbase.py iterate [line:68] INFO Select clients [0, 1, 2, 3, 4, 5, 6, 7, 8, 9, 10, 11, 12, 13, 14, 15, 16, 17, 18, 19] at time 211.
2025-04-28 02:19:11,610 asyncbase.py iterate [line:73] INFO Receive new models from clients [19] at time 223
2025-04-28 02:19:11,610 asyncbase.py iterate [line:73] INFO Receive new models from clients [11, 10, 9, 4, 13, 16, 12, 3] at time 224
2025-04-28 02:19:11,611 asyncbase.py iterate [line:73] INFO Receive new models from clients [1, 5, 2, 8, 6, 15, 0, 7, 17] at time 225
2025-04-28 02:19:11,611 asyncbase.py iterate [line:73] INFO Receive new models from clients [18, 14] at time 226
2025-04-28 02:19:11,671 fedbase.py run [line:318] INFO --------------Round 17--------------
2025-04-28 02:19:11,671 simple_logger.py log_once [line:14] INFO Current_time:226
2025-04-28 02:19:13,649 simple_logger.py log_once [line:28] INFO test_accuracy                 0.1135
2025-04-28 02:19:13,649 simple_logger.py log_once [line:28] INFO test_loss                     2.3010
2025-04-28 02:19:13,649 simple_logger.py log_once [line:28] INFO val_accuracy                  0.1167
2025-04-28 02:19:13,649 simple_logger.py log_once [line:28] INFO mean_val_accuracy             0.1167
2025-04-28 02:19:13,649 simple_logger.py log_once [line:28] INFO std_val_accuracy              0.0193
2025-04-28 02:19:13,649 simple_logger.py log_once [line:28] INFO val_loss                      2.3002
2025-04-28 02:19:13,649 simple_logger.py log_once [line:28] INFO mean_val_loss                 2.3002
2025-04-28 02:19:13,650 simple_logger.py log_once [line:28] INFO std_val_loss                  0.0024
2025-04-28 02:19:13,650 fedbase.py run [line:323] INFO expense           16991300.0
2025-04-28 02:19:13,650 fedbase.py run [line:324] INFO Eval Time Cost:               1.9786s
2025-04-28 02:19:13,650 asyncbase.py iterate [line:68] INFO Select clients [0, 1, 2, 3, 4, 5, 6, 7, 8, 9, 10, 11, 12, 13, 14, 15, 16, 17, 18, 19] at time 227.
2025-04-28 02:19:40,728 asyncbase.py iterate [line:73] INFO Receive new models from clients [16] at time 239
2025-04-28 02:19:40,728 asyncbase.py iterate [line:73] INFO Receive new models from clients [2, 19, 11, 8, 1, 0, 4, 18, 14, 6, 15] at time 240
2025-04-28 02:19:40,729 asyncbase.py iterate [line:73] INFO Receive new models from clients [10, 3, 12, 17] at time 241
2025-04-28 02:19:40,729 asyncbase.py iterate [line:73] INFO Receive new models from clients [9, 7, 13, 5] at time 242
2025-04-28 02:19:40,787 fedbase.py run [line:318] INFO --------------Round 18--------------
2025-04-28 02:19:40,787 simple_logger.py log_once [line:14] INFO Current_time:242
2025-04-28 02:19:42,808 simple_logger.py log_once [line:28] INFO test_accuracy                 0.1135
2025-04-28 02:19:42,808 simple_logger.py log_once [line:28] INFO test_loss                     2.3010
2025-04-28 02:19:42,808 simple_logger.py log_once [line:28] INFO val_accuracy                  0.1167
2025-04-28 02:19:42,808 simple_logger.py log_once [line:28] INFO mean_val_accuracy             0.1167
2025-04-28 02:19:42,808 simple_logger.py log_once [line:28] INFO std_val_accuracy              0.0193
2025-04-28 02:19:42,808 simple_logger.py log_once [line:28] INFO val_loss                      2.3002
2025-04-28 02:19:42,808 simple_logger.py log_once [line:28] INFO mean_val_loss                 2.3002
2025-04-28 02:19:42,808 simple_logger.py log_once [line:28] INFO std_val_loss                  0.0024
2025-04-28 02:19:42,808 fedbase.py run [line:323] INFO expense           17015140.0
2025-04-28 02:19:42,809 fedbase.py run [line:324] INFO Eval Time Cost:               2.0213s
2025-04-28 02:19:42,809 asyncbase.py iterate [line:68] INFO Select clients [0, 1, 2, 3, 4, 5, 6, 7, 8, 9, 10, 11, 12, 13, 14, 15, 16, 17, 18, 19] at time 243.
2025-04-28 02:20:09,531 asyncbase.py iterate [line:73] INFO Receive new models from clients [4, 14, 18, 10] at time 255
2025-04-28 02:20:09,532 asyncbase.py iterate [line:73] INFO Receive new models from clients [5, 8, 19, 9, 17] at time 256
2025-04-28 02:20:09,532 asyncbase.py iterate [line:73] INFO Receive new models from clients [0, 16, 7, 12, 1, 2, 13, 3, 11, 15] at time 257
2025-04-28 02:20:09,532 asyncbase.py iterate [line:73] INFO Receive new models from clients [6] at time 258
2025-04-28 02:20:09,590 fedbase.py run [line:318] INFO --------------Round 19--------------
2025-04-28 02:20:09,590 simple_logger.py log_once [line:14] INFO Current_time:258
2025-04-28 02:20:11,582 simple_logger.py log_once [line:28] INFO test_accuracy                 0.1135
2025-04-28 02:20:11,582 simple_logger.py log_once [line:28] INFO test_loss                     2.3010
2025-04-28 02:20:11,582 simple_logger.py log_once [line:28] INFO val_accuracy                  0.1167
2025-04-28 02:20:11,582 simple_logger.py log_once [line:28] INFO mean_val_accuracy             0.1167
2025-04-28 02:20:11,582 simple_logger.py log_once [line:28] INFO std_val_accuracy              0.0193
2025-04-28 02:20:11,582 simple_logger.py log_once [line:28] INFO val_loss                      2.3002
2025-04-28 02:20:11,582 simple_logger.py log_once [line:28] INFO mean_val_loss                 2.3002
2025-04-28 02:20:11,582 simple_logger.py log_once [line:28] INFO std_val_loss                  0.0024
2025-04-28 02:20:11,583 fedbase.py run [line:323] INFO expense           17038980.0
2025-04-28 02:20:11,583 fedbase.py run [line:324] INFO Eval Time Cost:               1.9929s
2025-04-28 02:20:11,583 asyncbase.py iterate [line:68] INFO Select clients [0, 1, 2, 3, 4, 5, 6, 7, 8, 9, 10, 11, 12, 13, 14, 15, 16, 17, 18, 19] at time 259.
2025-04-28 02:20:38,840 asyncbase.py iterate [line:73] INFO Receive new models from clients [2, 4, 19, 3] at time 271
2025-04-28 02:20:38,840 asyncbase.py iterate [line:73] INFO Receive new models from clients [1, 15, 6, 5, 10] at time 272
2025-04-28 02:20:38,840 asyncbase.py iterate [line:73] INFO Receive new models from clients [13, 7, 11, 8, 0, 12, 9] at time 273
2025-04-28 02:20:38,841 asyncbase.py iterate [line:73] INFO Receive new models from clients [14, 18, 16, 17] at time 274
2025-04-28 02:20:38,897 fedbase.py run [line:318] INFO --------------Round 20--------------
2025-04-28 02:20:38,897 simple_logger.py log_once [line:14] INFO Current_time:274
2025-04-28 02:20:40,912 simple_logger.py log_once [line:28] INFO test_accuracy                 0.1135
2025-04-28 02:20:40,912 simple_logger.py log_once [line:28] INFO test_loss                     2.3010
2025-04-28 02:20:40,912 simple_logger.py log_once [line:28] INFO val_accuracy                  0.1167
2025-04-28 02:20:40,912 simple_logger.py log_once [line:28] INFO mean_val_accuracy             0.1167
2025-04-28 02:20:40,912 simple_logger.py log_once [line:28] INFO std_val_accuracy              0.0193
2025-04-28 02:20:40,912 simple_logger.py log_once [line:28] INFO val_loss                      2.3002
2025-04-28 02:20:40,912 simple_logger.py log_once [line:28] INFO mean_val_loss                 2.3002
2025-04-28 02:20:40,912 simple_logger.py log_once [line:28] INFO std_val_loss                  0.0025
2025-04-28 02:20:40,912 fedbase.py run [line:323] INFO expense           17062820.0
2025-04-28 02:20:40,912 fedbase.py run [line:324] INFO Eval Time Cost:               2.0151s
2025-04-28 02:20:40,912 asyncbase.py iterate [line:68] INFO Select clients [0, 1, 2, 3, 4, 5, 6, 7, 8, 9, 10, 11, 12, 13, 14, 15, 16, 17, 18, 19] at time 275.
2025-04-28 02:21:07,948 asyncbase.py iterate [line:73] INFO Receive new models from clients [18, 5, 0] at time 287
2025-04-28 02:21:07,948 asyncbase.py iterate [line:73] INFO Receive new models from clients [10, 16, 1, 19, 6] at time 288
2025-04-28 02:21:07,948 asyncbase.py iterate [line:73] INFO Receive new models from clients [8, 11, 3, 14, 4, 17, 7, 9, 2] at time 289
2025-04-28 02:21:07,949 asyncbase.py iterate [line:73] INFO Receive new models from clients [12, 15, 13] at time 290
2025-04-28 02:21:08,005 fedbase.py run [line:318] INFO --------------Round 21--------------
2025-04-28 02:21:08,005 simple_logger.py log_once [line:14] INFO Current_time:290
2025-04-28 02:21:09,986 simple_logger.py log_once [line:28] INFO test_accuracy                 0.1135
2025-04-28 02:21:09,986 simple_logger.py log_once [line:28] INFO test_loss                     2.3010
2025-04-28 02:21:09,987 simple_logger.py log_once [line:28] INFO val_accuracy                  0.1167
2025-04-28 02:21:09,987 simple_logger.py log_once [line:28] INFO mean_val_accuracy             0.1167
2025-04-28 02:21:09,987 simple_logger.py log_once [line:28] INFO std_val_accuracy              0.0193
2025-04-28 02:21:09,987 simple_logger.py log_once [line:28] INFO val_loss                      2.3002
2025-04-28 02:21:09,987 simple_logger.py log_once [line:28] INFO mean_val_loss                 2.3002
2025-04-28 02:21:09,987 simple_logger.py log_once [line:28] INFO std_val_loss                  0.0024
2025-04-28 02:21:09,987 fedbase.py run [line:323] INFO expense           17086660.0
2025-04-28 02:21:09,987 fedbase.py run [line:324] INFO Eval Time Cost:               1.9815s
2025-04-28 02:21:09,987 asyncbase.py iterate [line:68] INFO Select clients [0, 1, 2, 3, 4, 5, 6, 7, 8, 9, 10, 11, 12, 13, 14, 15, 16, 17, 18, 19] at time 291.
2025-04-28 02:21:36,564 asyncbase.py iterate [line:73] INFO Receive new models from clients [8, 6, 17, 5, 2, 14] at time 303
2025-04-28 02:21:36,564 asyncbase.py iterate [line:73] INFO Receive new models from clients [11, 1, 12, 13, 7, 3, 9] at time 304
2025-04-28 02:21:36,565 asyncbase.py iterate [line:73] INFO Receive new models from clients [10, 16, 0, 4, 19, 18] at time 305
2025-04-28 02:21:36,565 asyncbase.py iterate [line:73] INFO Receive new models from clients [15] at time 306
2025-04-28 02:21:36,621 fedbase.py run [line:318] INFO --------------Round 22--------------
2025-04-28 02:21:36,621 simple_logger.py log_once [line:14] INFO Current_time:306
2025-04-28 02:21:38,588 simple_logger.py log_once [line:28] INFO test_accuracy                 0.1135
2025-04-28 02:21:38,588 simple_logger.py log_once [line:28] INFO test_loss                     2.3010
2025-04-28 02:21:38,588 simple_logger.py log_once [line:28] INFO val_accuracy                  0.1167
2025-04-28 02:21:38,588 simple_logger.py log_once [line:28] INFO mean_val_accuracy             0.1167
2025-04-28 02:21:38,588 simple_logger.py log_once [line:28] INFO std_val_accuracy              0.0193
2025-04-28 02:21:38,589 simple_logger.py log_once [line:28] INFO val_loss                      2.3002
2025-04-28 02:21:38,589 simple_logger.py log_once [line:28] INFO mean_val_loss                 2.3002
2025-04-28 02:21:38,589 simple_logger.py log_once [line:28] INFO std_val_loss                  0.0024
2025-04-28 02:21:38,589 fedbase.py run [line:323] INFO expense           17110500.0
2025-04-28 02:21:38,589 fedbase.py run [line:324] INFO Eval Time Cost:               1.9678s
2025-04-28 02:21:38,589 asyncbase.py iterate [line:68] INFO Select clients [0, 1, 2, 3, 4, 5, 6, 7, 8, 9, 10, 11, 12, 13, 14, 15, 16, 17, 18, 19] at time 307.
2025-04-28 02:22:06,501 asyncbase.py iterate [line:73] INFO Receive new models from clients [13, 0, 5, 11] at time 319
2025-04-28 02:22:06,502 asyncbase.py iterate [line:73] INFO Receive new models from clients [15, 10, 1, 2, 7, 16, 6, 4, 18] at time 320
2025-04-28 02:22:06,502 asyncbase.py iterate [line:73] INFO Receive new models from clients [14, 17, 19, 8] at time 321
2025-04-28 02:22:06,502 asyncbase.py iterate [line:73] INFO Receive new models from clients [12, 9, 3] at time 322
2025-04-28 02:22:06,559 fedbase.py run [line:318] INFO --------------Round 23--------------
2025-04-28 02:22:06,559 simple_logger.py log_once [line:14] INFO Current_time:322
2025-04-28 02:22:08,526 simple_logger.py log_once [line:28] INFO test_accuracy                 0.1135
2025-04-28 02:22:08,526 simple_logger.py log_once [line:28] INFO test_loss                     2.3010
2025-04-28 02:22:08,527 simple_logger.py log_once [line:28] INFO val_accuracy                  0.1167
2025-04-28 02:22:08,527 simple_logger.py log_once [line:28] INFO mean_val_accuracy             0.1167
2025-04-28 02:22:08,527 simple_logger.py log_once [line:28] INFO std_val_accuracy              0.0193
2025-04-28 02:22:08,527 simple_logger.py log_once [line:28] INFO val_loss                      2.3002
2025-04-28 02:22:08,527 simple_logger.py log_once [line:28] INFO mean_val_loss                 2.3002
2025-04-28 02:22:08,527 simple_logger.py log_once [line:28] INFO std_val_loss                  0.0024
2025-04-28 02:22:08,527 fedbase.py run [line:323] INFO expense           17134340.0
2025-04-28 02:22:08,527 fedbase.py run [line:324] INFO Eval Time Cost:               1.9678s
2025-04-28 02:22:08,527 asyncbase.py iterate [line:68] INFO Select clients [0, 1, 2, 3, 4, 5, 6, 7, 8, 9, 10, 11, 12, 13, 14, 15, 16, 17, 18, 19] at time 323.
2025-04-28 02:22:35,295 asyncbase.py iterate [line:73] INFO Receive new models from clients [3, 19, 10, 14, 16, 11] at time 335
2025-04-28 02:22:35,296 asyncbase.py iterate [line:73] INFO Receive new models from clients [2, 7, 18, 5, 6, 8, 13] at time 336
2025-04-28 02:22:35,296 asyncbase.py iterate [line:73] INFO Receive new models from clients [4, 9, 0, 15, 17] at time 337
2025-04-28 02:22:35,296 asyncbase.py iterate [line:73] INFO Receive new models from clients [1, 12] at time 338
2025-04-28 02:22:35,353 fedbase.py run [line:318] INFO --------------Round 24--------------
2025-04-28 02:22:35,353 simple_logger.py log_once [line:14] INFO Current_time:338
2025-04-28 02:22:37,352 simple_logger.py log_once [line:28] INFO test_accuracy                 0.1135
2025-04-28 02:22:37,352 simple_logger.py log_once [line:28] INFO test_loss                     2.3010
2025-04-28 02:22:37,352 simple_logger.py log_once [line:28] INFO val_accuracy                  0.1167
2025-04-28 02:22:37,352 simple_logger.py log_once [line:28] INFO mean_val_accuracy             0.1167
2025-04-28 02:22:37,352 simple_logger.py log_once [line:28] INFO std_val_accuracy              0.0193
2025-04-28 02:22:37,352 simple_logger.py log_once [line:28] INFO val_loss                      2.3002
2025-04-28 02:22:37,352 simple_logger.py log_once [line:28] INFO mean_val_loss                 2.3002
2025-04-28 02:22:37,352 simple_logger.py log_once [line:28] INFO std_val_loss                  0.0025
2025-04-28 02:22:37,352 fedbase.py run [line:323] INFO expense           17158180.0
2025-04-28 02:22:37,352 fedbase.py run [line:324] INFO Eval Time Cost:               1.9989s
2025-04-28 02:22:37,352 asyncbase.py iterate [line:68] INFO Select clients [0, 1, 2, 3, 4, 5, 6, 7, 8, 9, 10, 11, 12, 13, 14, 15, 16, 17, 18, 19] at time 339.
2025-04-28 02:23:04,039 asyncbase.py iterate [line:73] INFO Receive new models from clients [11, 5, 10, 9, 16] at time 351
2025-04-28 02:23:04,039 asyncbase.py iterate [line:73] INFO Receive new models from clients [14, 3, 1, 6, 12, 18, 15] at time 352
2025-04-28 02:23:04,040 asyncbase.py iterate [line:73] INFO Receive new models from clients [2, 4, 7, 8, 13, 17, 0, 19] at time 353
2025-04-28 02:23:04,102 fedbase.py run [line:318] INFO --------------Round 25--------------
2025-04-28 02:23:04,102 simple_logger.py log_once [line:14] INFO Current_time:353
2025-04-28 02:23:06,082 simple_logger.py log_once [line:28] INFO test_accuracy                 0.1135
2025-04-28 02:23:06,082 simple_logger.py log_once [line:28] INFO test_loss                     2.3010
2025-04-28 02:23:06,082 simple_logger.py log_once [line:28] INFO val_accuracy                  0.1167
2025-04-28 02:23:06,082 simple_logger.py log_once [line:28] INFO mean_val_accuracy             0.1167
2025-04-28 02:23:06,082 simple_logger.py log_once [line:28] INFO std_val_accuracy              0.0193
2025-04-28 02:23:06,082 simple_logger.py log_once [line:28] INFO val_loss                      2.3002
2025-04-28 02:23:06,082 simple_logger.py log_once [line:28] INFO mean_val_loss                 2.3002
2025-04-28 02:23:06,082 simple_logger.py log_once [line:28] INFO std_val_loss                  0.0024
2025-04-28 02:23:06,082 fedbase.py run [line:323] INFO expense           17182020.0
2025-04-28 02:23:06,082 fedbase.py run [line:324] INFO Eval Time Cost:               1.9799s
2025-04-28 02:23:06,082 asyncbase.py iterate [line:68] INFO Select clients [0, 1, 2, 3, 4, 5, 6, 7, 8, 9, 10, 11, 12, 13, 14, 15, 16, 17, 18, 19] at time 354.
2025-04-28 02:23:33,455 asyncbase.py iterate [line:73] INFO Receive new models from clients [14, 4, 7, 18] at time 366
2025-04-28 02:23:33,455 asyncbase.py iterate [line:73] INFO Receive new models from clients [16, 0, 5, 9, 15, 10, 12, 8, 13, 3] at time 367
2025-04-28 02:23:33,455 asyncbase.py iterate [line:73] INFO Receive new models from clients [2, 19, 17, 1, 6, 11] at time 368
2025-04-28 02:23:33,511 fedbase.py run [line:318] INFO --------------Round 26--------------
2025-04-28 02:23:33,511 simple_logger.py log_once [line:14] INFO Current_time:368
2025-04-28 02:23:35,510 simple_logger.py log_once [line:28] INFO test_accuracy                 0.1135
2025-04-28 02:23:35,510 simple_logger.py log_once [line:28] INFO test_loss                     2.3010
2025-04-28 02:23:35,510 simple_logger.py log_once [line:28] INFO val_accuracy                  0.1167
2025-04-28 02:23:35,510 simple_logger.py log_once [line:28] INFO mean_val_accuracy             0.1167
2025-04-28 02:23:35,510 simple_logger.py log_once [line:28] INFO std_val_accuracy              0.0193
2025-04-28 02:23:35,510 simple_logger.py log_once [line:28] INFO val_loss                      2.3002
2025-04-28 02:23:35,510 simple_logger.py log_once [line:28] INFO mean_val_loss                 2.3002
2025-04-28 02:23:35,510 simple_logger.py log_once [line:28] INFO std_val_loss                  0.0025
2025-04-28 02:23:35,510 fedbase.py run [line:323] INFO expense           17205860.0
2025-04-28 02:23:35,510 fedbase.py run [line:324] INFO Eval Time Cost:               1.9991s
2025-04-28 02:23:35,511 asyncbase.py iterate [line:68] INFO Select clients [0, 1, 2, 3, 4, 5, 6, 7, 8, 9, 10, 11, 12, 13, 14, 15, 16, 17, 18, 19] at time 369.
2025-04-28 02:24:02,443 asyncbase.py iterate [line:73] INFO Receive new models from clients [7, 0, 4] at time 381
2025-04-28 02:24:02,444 asyncbase.py iterate [line:73] INFO Receive new models from clients [11, 6, 13, 16, 17, 3, 15, 14] at time 382
2025-04-28 02:24:02,444 asyncbase.py iterate [line:73] INFO Receive new models from clients [19, 8, 1, 10, 18, 12, 5] at time 383
2025-04-28 02:24:02,444 asyncbase.py iterate [line:73] INFO Receive new models from clients [9, 2] at time 384
2025-04-28 02:24:02,500 fedbase.py run [line:318] INFO --------------Round 27--------------
2025-04-28 02:24:02,501 simple_logger.py log_once [line:14] INFO Current_time:384
2025-04-28 02:24:04,480 simple_logger.py log_once [line:28] INFO test_accuracy                 0.1135
2025-04-28 02:24:04,481 simple_logger.py log_once [line:28] INFO test_loss                     2.3010
2025-04-28 02:24:04,481 simple_logger.py log_once [line:28] INFO val_accuracy                  0.1167
2025-04-28 02:24:04,481 simple_logger.py log_once [line:28] INFO mean_val_accuracy             0.1167
2025-04-28 02:24:04,481 simple_logger.py log_once [line:28] INFO std_val_accuracy              0.0193
2025-04-28 02:24:04,481 simple_logger.py log_once [line:28] INFO val_loss                      2.3002
2025-04-28 02:24:04,481 simple_logger.py log_once [line:28] INFO mean_val_loss                 2.3002
2025-04-28 02:24:04,481 simple_logger.py log_once [line:28] INFO std_val_loss                  0.0024
2025-04-28 02:24:04,481 fedbase.py run [line:323] INFO expense           17229700.0
2025-04-28 02:24:04,481 fedbase.py run [line:324] INFO Eval Time Cost:               1.9804s
2025-04-28 02:24:04,481 asyncbase.py iterate [line:68] INFO Select clients [0, 1, 2, 3, 4, 5, 6, 7, 8, 9, 10, 11, 12, 13, 14, 15, 16, 17, 18, 19] at time 385.
2025-04-28 02:24:32,288 asyncbase.py iterate [line:73] INFO Receive new models from clients [17, 15] at time 397
2025-04-28 02:24:32,288 asyncbase.py iterate [line:73] INFO Receive new models from clients [2, 10, 11, 9, 12] at time 398
2025-04-28 02:24:32,288 asyncbase.py iterate [line:73] INFO Receive new models from clients [19, 16, 3, 4, 6, 0, 18, 1, 8] at time 399
2025-04-28 02:24:32,289 asyncbase.py iterate [line:73] INFO Receive new models from clients [7, 13, 5, 14] at time 400
2025-04-28 02:24:32,357 fedbase.py run [line:318] INFO --------------Round 28--------------
2025-04-28 02:24:32,357 simple_logger.py log_once [line:14] INFO Current_time:400
2025-04-28 02:24:34,343 simple_logger.py log_once [line:28] INFO test_accuracy                 0.1135
2025-04-28 02:24:34,343 simple_logger.py log_once [line:28] INFO test_loss                     2.3010
2025-04-28 02:24:34,343 simple_logger.py log_once [line:28] INFO val_accuracy                  0.1167
2025-04-28 02:24:34,343 simple_logger.py log_once [line:28] INFO mean_val_accuracy             0.1167
2025-04-28 02:24:34,343 simple_logger.py log_once [line:28] INFO std_val_accuracy              0.0193
2025-04-28 02:24:34,343 simple_logger.py log_once [line:28] INFO val_loss                      2.3002
2025-04-28 02:24:34,343 simple_logger.py log_once [line:28] INFO mean_val_loss                 2.3002
2025-04-28 02:24:34,343 simple_logger.py log_once [line:28] INFO std_val_loss                  0.0024
2025-04-28 02:24:34,343 fedbase.py run [line:323] INFO expense           17253540.0
2025-04-28 02:24:34,343 fedbase.py run [line:324] INFO Eval Time Cost:               1.9857s
2025-04-28 02:24:34,343 asyncbase.py iterate [line:68] INFO Select clients [0, 1, 2, 3, 4, 5, 6, 7, 8, 9, 10, 11, 12, 13, 14, 15, 16, 17, 18, 19] at time 401.
2025-04-28 02:25:01,135 asyncbase.py iterate [line:73] INFO Receive new models from clients [18] at time 413
2025-04-28 02:25:01,136 asyncbase.py iterate [line:73] INFO Receive new models from clients [3, 2, 5, 6] at time 414
2025-04-28 02:25:01,136 asyncbase.py iterate [line:73] INFO Receive new models from clients [0, 8, 13, 14, 17, 1, 7, 10, 11] at time 415
2025-04-28 02:25:01,136 asyncbase.py iterate [line:73] INFO Receive new models from clients [16, 4, 19, 15, 9, 12] at time 416
2025-04-28 02:25:01,194 fedbase.py run [line:318] INFO --------------Round 29--------------
2025-04-28 02:25:01,194 simple_logger.py log_once [line:14] INFO Current_time:416
2025-04-28 02:25:03,180 simple_logger.py log_once [line:28] INFO test_accuracy                 0.1135
2025-04-28 02:25:03,180 simple_logger.py log_once [line:28] INFO test_loss                     2.3010
2025-04-28 02:25:03,180 simple_logger.py log_once [line:28] INFO val_accuracy                  0.1167
2025-04-28 02:25:03,180 simple_logger.py log_once [line:28] INFO mean_val_accuracy             0.1167
2025-04-28 02:25:03,180 simple_logger.py log_once [line:28] INFO std_val_accuracy              0.0193
2025-04-28 02:25:03,180 simple_logger.py log_once [line:28] INFO val_loss                      2.3002
2025-04-28 02:25:03,180 simple_logger.py log_once [line:28] INFO mean_val_loss                 2.3002
2025-04-28 02:25:03,180 simple_logger.py log_once [line:28] INFO std_val_loss                  0.0024
2025-04-28 02:25:03,180 fedbase.py run [line:323] INFO expense           17277380.0
2025-04-28 02:25:03,180 fedbase.py run [line:324] INFO Eval Time Cost:               1.9864s
2025-04-28 02:25:03,180 asyncbase.py iterate [line:68] INFO Select clients [0, 1, 2, 3, 4, 5, 6, 7, 8, 9, 10, 11, 12, 13, 14, 15, 16, 17, 18, 19] at time 417.
2025-04-28 02:25:30,450 asyncbase.py iterate [line:73] INFO Receive new models from clients [5] at time 429
2025-04-28 02:25:30,450 asyncbase.py iterate [line:73] INFO Receive new models from clients [15, 16, 11, 3] at time 430
2025-04-28 02:25:30,451 asyncbase.py iterate [line:73] INFO Receive new models from clients [0, 8, 12, 7, 14, 4, 2, 9, 6, 19, 1, 18, 13, 17, 10] at time 431
2025-04-28 02:25:30,507 fedbase.py run [line:318] INFO --------------Round 30--------------
2025-04-28 02:25:30,507 simple_logger.py log_once [line:14] INFO Current_time:431
2025-04-28 02:25:32,482 simple_logger.py log_once [line:28] INFO test_accuracy                 0.1135
2025-04-28 02:25:32,483 simple_logger.py log_once [line:28] INFO test_loss                     2.3010
2025-04-28 02:25:32,483 simple_logger.py log_once [line:28] INFO val_accuracy                  0.1167
2025-04-28 02:25:32,483 simple_logger.py log_once [line:28] INFO mean_val_accuracy             0.1167
2025-04-28 02:25:32,483 simple_logger.py log_once [line:28] INFO std_val_accuracy              0.0193
2025-04-28 02:25:32,483 simple_logger.py log_once [line:28] INFO val_loss                      2.3002
2025-04-28 02:25:32,483 simple_logger.py log_once [line:28] INFO mean_val_loss                 2.3002
2025-04-28 02:25:32,483 simple_logger.py log_once [line:28] INFO std_val_loss                  0.0025
2025-04-28 02:25:32,483 fedbase.py run [line:323] INFO expense           17301220.0
2025-04-28 02:25:32,483 fedbase.py run [line:324] INFO Eval Time Cost:               1.9761s
2025-04-28 02:25:32,483 asyncbase.py iterate [line:68] INFO Select clients [0, 1, 2, 3, 4, 5, 6, 7, 8, 9, 10, 11, 12, 13, 14, 15, 16, 17, 18, 19] at time 432.
2025-04-28 02:25:59,773 asyncbase.py iterate [line:73] INFO Receive new models from clients [9, 3, 6] at time 444
2025-04-28 02:25:59,773 asyncbase.py iterate [line:73] INFO Receive new models from clients [17, 2, 15, 4, 13, 8, 11] at time 445
2025-04-28 02:25:59,773 asyncbase.py iterate [line:73] INFO Receive new models from clients [7, 18, 19, 12, 10, 14, 0, 1, 16, 5] at time 446
2025-04-28 02:25:59,831 fedbase.py run [line:318] INFO --------------Round 31--------------
2025-04-28 02:25:59,831 simple_logger.py log_once [line:14] INFO Current_time:446
2025-04-28 02:26:01,839 simple_logger.py log_once [line:28] INFO test_accuracy                 0.1135
2025-04-28 02:26:01,839 simple_logger.py log_once [line:28] INFO test_loss                     2.3010
2025-04-28 02:26:01,839 simple_logger.py log_once [line:28] INFO val_accuracy                  0.1167
2025-04-28 02:26:01,839 simple_logger.py log_once [line:28] INFO mean_val_accuracy             0.1167
2025-04-28 02:26:01,839 simple_logger.py log_once [line:28] INFO std_val_accuracy              0.0193
2025-04-28 02:26:01,839 simple_logger.py log_once [line:28] INFO val_loss                      2.3002
2025-04-28 02:26:01,839 simple_logger.py log_once [line:28] INFO mean_val_loss                 2.3002
2025-04-28 02:26:01,839 simple_logger.py log_once [line:28] INFO std_val_loss                  0.0024
2025-04-28 02:26:01,839 fedbase.py run [line:323] INFO expense           17325060.0
2025-04-28 02:26:01,840 fedbase.py run [line:324] INFO Eval Time Cost:               2.0086s
2025-04-28 02:26:01,840 asyncbase.py iterate [line:68] INFO Select clients [0, 1, 2, 3, 4, 5, 6, 7, 8, 9, 10, 11, 12, 13, 14, 15, 16, 17, 18, 19] at time 447.
2025-04-28 02:26:28,619 asyncbase.py iterate [line:73] INFO Receive new models from clients [18, 3] at time 459
2025-04-28 02:26:28,620 asyncbase.py iterate [line:73] INFO Receive new models from clients [4, 6, 8, 5, 13, 9, 0, 12, 2] at time 460
2025-04-28 02:26:28,620 asyncbase.py iterate [line:73] INFO Receive new models from clients [11, 19, 16, 15, 7] at time 461
2025-04-28 02:26:28,620 asyncbase.py iterate [line:73] INFO Receive new models from clients [17, 14, 10, 1] at time 462
2025-04-28 02:26:28,676 fedbase.py run [line:318] INFO --------------Round 32--------------
2025-04-28 02:26:28,677 simple_logger.py log_once [line:14] INFO Current_time:462
2025-04-28 02:26:30,673 simple_logger.py log_once [line:28] INFO test_accuracy                 0.1135
2025-04-28 02:26:30,673 simple_logger.py log_once [line:28] INFO test_loss                     2.3010
2025-04-28 02:26:30,673 simple_logger.py log_once [line:28] INFO val_accuracy                  0.1167
2025-04-28 02:26:30,673 simple_logger.py log_once [line:28] INFO mean_val_accuracy             0.1167
2025-04-28 02:26:30,673 simple_logger.py log_once [line:28] INFO std_val_accuracy              0.0193
2025-04-28 02:26:30,673 simple_logger.py log_once [line:28] INFO val_loss                      2.3002
2025-04-28 02:26:30,673 simple_logger.py log_once [line:28] INFO mean_val_loss                 2.3002
2025-04-28 02:26:30,673 simple_logger.py log_once [line:28] INFO std_val_loss                  0.0024
2025-04-28 02:26:30,673 fedbase.py run [line:323] INFO expense           17348900.0
2025-04-28 02:26:30,673 fedbase.py run [line:324] INFO Eval Time Cost:               1.9969s
2025-04-28 02:26:30,674 asyncbase.py iterate [line:68] INFO Select clients [0, 1, 2, 3, 4, 5, 6, 7, 8, 9, 10, 11, 12, 13, 14, 15, 16, 17, 18, 19] at time 463.
2025-04-28 02:26:57,758 asyncbase.py iterate [line:73] INFO Receive new models from clients [3, 5, 11, 4] at time 475
2025-04-28 02:26:57,759 asyncbase.py iterate [line:73] INFO Receive new models from clients [0, 7, 14, 19, 8] at time 476
2025-04-28 02:26:57,759 asyncbase.py iterate [line:73] INFO Receive new models from clients [10, 2, 17, 12, 16, 6, 15, 9, 1] at time 477
2025-04-28 02:26:57,759 asyncbase.py iterate [line:73] INFO Receive new models from clients [13, 18] at time 478
2025-04-28 02:26:57,816 fedbase.py run [line:318] INFO --------------Round 33--------------
2025-04-28 02:26:57,816 simple_logger.py log_once [line:14] INFO Current_time:478
2025-04-28 02:26:59,803 simple_logger.py log_once [line:28] INFO test_accuracy                 0.1135
2025-04-28 02:26:59,803 simple_logger.py log_once [line:28] INFO test_loss                     2.3010
2025-04-28 02:26:59,803 simple_logger.py log_once [line:28] INFO val_accuracy                  0.1167
2025-04-28 02:26:59,803 simple_logger.py log_once [line:28] INFO mean_val_accuracy             0.1167
2025-04-28 02:26:59,803 simple_logger.py log_once [line:28] INFO std_val_accuracy              0.0193
2025-04-28 02:26:59,803 simple_logger.py log_once [line:28] INFO val_loss                      2.3002
2025-04-28 02:26:59,803 simple_logger.py log_once [line:28] INFO mean_val_loss                 2.3002
2025-04-28 02:26:59,803 simple_logger.py log_once [line:28] INFO std_val_loss                  0.0023
2025-04-28 02:26:59,803 fedbase.py run [line:323] INFO expense           17372740.0
2025-04-28 02:26:59,803 fedbase.py run [line:324] INFO Eval Time Cost:               1.9873s
2025-04-28 02:26:59,804 asyncbase.py iterate [line:68] INFO Select clients [0, 1, 2, 3, 4, 5, 6, 7, 8, 9, 10, 11, 12, 13, 14, 15, 16, 17, 18, 19] at time 479.
2025-04-28 02:27:26,551 asyncbase.py iterate [line:73] INFO Receive new models from clients [1, 4] at time 491
2025-04-28 02:27:26,551 asyncbase.py iterate [line:73] INFO Receive new models from clients [8, 12, 14, 9, 5, 7, 18, 0, 11, 16, 10] at time 492
2025-04-28 02:27:26,552 asyncbase.py iterate [line:73] INFO Receive new models from clients [13, 17, 6, 2, 15] at time 493
2025-04-28 02:27:26,552 asyncbase.py iterate [line:73] INFO Receive new models from clients [3, 19] at time 494
2025-04-28 02:27:26,609 fedbase.py run [line:318] INFO --------------Round 34--------------
2025-04-28 02:27:26,610 simple_logger.py log_once [line:14] INFO Current_time:494
2025-04-28 02:27:28,591 simple_logger.py log_once [line:28] INFO test_accuracy                 0.1135
2025-04-28 02:27:28,591 simple_logger.py log_once [line:28] INFO test_loss                     2.3010
2025-04-28 02:27:28,591 simple_logger.py log_once [line:28] INFO val_accuracy                  0.1167
2025-04-28 02:27:28,591 simple_logger.py log_once [line:28] INFO mean_val_accuracy             0.1167
2025-04-28 02:27:28,591 simple_logger.py log_once [line:28] INFO std_val_accuracy              0.0193
2025-04-28 02:27:28,591 simple_logger.py log_once [line:28] INFO val_loss                      2.3002
2025-04-28 02:27:28,591 simple_logger.py log_once [line:28] INFO mean_val_loss                 2.3002
2025-04-28 02:27:28,591 simple_logger.py log_once [line:28] INFO std_val_loss                  0.0023
2025-04-28 02:27:28,591 fedbase.py run [line:323] INFO expense           17396580.0
2025-04-28 02:27:28,591 fedbase.py run [line:324] INFO Eval Time Cost:               1.9816s
2025-04-28 02:27:28,591 asyncbase.py iterate [line:68] INFO Select clients [0, 1, 2, 3, 4, 5, 6, 7, 8, 9, 10, 11, 12, 13, 14, 15, 16, 17, 18, 19] at time 495.
2025-04-28 02:27:55,956 asyncbase.py iterate [line:73] INFO Receive new models from clients [3, 11] at time 507
2025-04-28 02:27:55,956 asyncbase.py iterate [line:73] INFO Receive new models from clients [12, 16, 13, 1, 14, 8] at time 508
2025-04-28 02:27:55,956 asyncbase.py iterate [line:73] INFO Receive new models from clients [15, 4, 10, 6, 5, 7, 0, 9, 18] at time 509
2025-04-28 02:27:55,957 asyncbase.py iterate [line:73] INFO Receive new models from clients [17, 19, 2] at time 510
2025-04-28 02:27:56,014 fedbase.py run [line:318] INFO --------------Round 35--------------
2025-04-28 02:27:56,014 simple_logger.py log_once [line:14] INFO Current_time:510
2025-04-28 02:27:57,984 simple_logger.py log_once [line:28] INFO test_accuracy                 0.1135
2025-04-28 02:27:57,984 simple_logger.py log_once [line:28] INFO test_loss                     2.3010
2025-04-28 02:27:57,984 simple_logger.py log_once [line:28] INFO val_accuracy                  0.1167
2025-04-28 02:27:57,984 simple_logger.py log_once [line:28] INFO mean_val_accuracy             0.1167
2025-04-28 02:27:57,984 simple_logger.py log_once [line:28] INFO std_val_accuracy              0.0193
2025-04-28 02:27:57,985 simple_logger.py log_once [line:28] INFO val_loss                      2.3003
2025-04-28 02:27:57,985 simple_logger.py log_once [line:28] INFO mean_val_loss                 2.3003
2025-04-28 02:27:57,985 simple_logger.py log_once [line:28] INFO std_val_loss                  0.0023
2025-04-28 02:27:57,985 fedbase.py run [line:323] INFO expense           17420420.0
2025-04-28 02:27:57,985 fedbase.py run [line:324] INFO Eval Time Cost:               1.9705s
2025-04-28 02:27:57,985 asyncbase.py iterate [line:68] INFO Select clients [0, 1, 2, 3, 4, 5, 6, 7, 8, 9, 10, 11, 12, 13, 14, 15, 16, 17, 18, 19] at time 511.
2025-04-28 02:28:24,974 asyncbase.py iterate [line:73] INFO Receive new models from clients [17, 13] at time 523
2025-04-28 02:28:24,974 asyncbase.py iterate [line:73] INFO Receive new models from clients [3, 11, 0, 9, 15, 10] at time 524
2025-04-28 02:28:24,974 asyncbase.py iterate [line:73] INFO Receive new models from clients [5, 6, 18, 12, 1, 7, 16, 8] at time 525
2025-04-28 02:28:24,974 asyncbase.py iterate [line:73] INFO Receive new models from clients [19, 2, 14, 4] at time 526
2025-04-28 02:28:25,031 fedbase.py run [line:318] INFO --------------Round 36--------------
2025-04-28 02:28:25,031 simple_logger.py log_once [line:14] INFO Current_time:526
2025-04-28 02:28:27,009 simple_logger.py log_once [line:28] INFO test_accuracy                 0.1135
2025-04-28 02:28:27,009 simple_logger.py log_once [line:28] INFO test_loss                     2.3010
2025-04-28 02:28:27,009 simple_logger.py log_once [line:28] INFO val_accuracy                  0.1167
2025-04-28 02:28:27,010 simple_logger.py log_once [line:28] INFO mean_val_accuracy             0.1167
2025-04-28 02:28:27,010 simple_logger.py log_once [line:28] INFO std_val_accuracy              0.0193
2025-04-28 02:28:27,010 simple_logger.py log_once [line:28] INFO val_loss                      2.3002
2025-04-28 02:28:27,010 simple_logger.py log_once [line:28] INFO mean_val_loss                 2.3002
2025-04-28 02:28:27,010 simple_logger.py log_once [line:28] INFO std_val_loss                  0.0024
2025-04-28 02:28:27,010 fedbase.py run [line:323] INFO expense           17444260.0
2025-04-28 02:28:27,010 fedbase.py run [line:324] INFO Eval Time Cost:               1.9785s
2025-04-28 02:28:27,010 asyncbase.py iterate [line:68] INFO Select clients [0, 1, 2, 3, 4, 5, 6, 7, 8, 9, 10, 11, 12, 13, 14, 15, 16, 17, 18, 19] at time 527.
2025-04-28 02:28:54,733 asyncbase.py iterate [line:73] INFO Receive new models from clients [18, 7, 4] at time 539
2025-04-28 02:28:54,734 asyncbase.py iterate [line:73] INFO Receive new models from clients [16, 3, 0, 2, 19, 15, 9, 1, 12, 10] at time 540
2025-04-28 02:28:54,734 asyncbase.py iterate [line:73] INFO Receive new models from clients [13, 6, 14, 5, 11, 17] at time 541
2025-04-28 02:28:54,734 asyncbase.py iterate [line:73] INFO Receive new models from clients [8] at time 542
2025-04-28 02:28:54,791 fedbase.py run [line:318] INFO --------------Round 37--------------
2025-04-28 02:28:54,791 simple_logger.py log_once [line:14] INFO Current_time:542
2025-04-28 02:28:56,788 simple_logger.py log_once [line:28] INFO test_accuracy                 0.1135
2025-04-28 02:28:56,788 simple_logger.py log_once [line:28] INFO test_loss                     2.3010
2025-04-28 02:28:56,788 simple_logger.py log_once [line:28] INFO val_accuracy                  0.1167
2025-04-28 02:28:56,788 simple_logger.py log_once [line:28] INFO mean_val_accuracy             0.1167
2025-04-28 02:28:56,788 simple_logger.py log_once [line:28] INFO std_val_accuracy              0.0193
2025-04-28 02:28:56,788 simple_logger.py log_once [line:28] INFO val_loss                      2.3002
2025-04-28 02:28:56,788 simple_logger.py log_once [line:28] INFO mean_val_loss                 2.3002
2025-04-28 02:28:56,788 simple_logger.py log_once [line:28] INFO std_val_loss                  0.0025
2025-04-28 02:28:56,789 fedbase.py run [line:323] INFO expense           17468100.0
2025-04-28 02:28:56,789 fedbase.py run [line:324] INFO Eval Time Cost:               1.9978s
2025-04-28 02:28:56,789 asyncbase.py iterate [line:68] INFO Select clients [0, 1, 2, 3, 4, 5, 6, 7, 8, 9, 10, 11, 12, 13, 14, 15, 16, 17, 18, 19] at time 543.
2025-04-28 02:29:24,615 asyncbase.py iterate [line:73] INFO Receive new models from clients [1] at time 555
2025-04-28 02:29:24,615 asyncbase.py iterate [line:73] INFO Receive new models from clients [18, 13, 9, 7, 19, 4, 5, 14, 2, 3, 0] at time 556
2025-04-28 02:29:24,615 asyncbase.py iterate [line:73] INFO Receive new models from clients [15, 10, 16] at time 557
2025-04-28 02:29:24,615 asyncbase.py iterate [line:73] INFO Receive new models from clients [6, 11, 8, 17, 12] at time 558
2025-04-28 02:29:24,673 fedbase.py run [line:318] INFO --------------Round 38--------------
2025-04-28 02:29:24,673 simple_logger.py log_once [line:14] INFO Current_time:558
2025-04-28 02:29:26,665 simple_logger.py log_once [line:28] INFO test_accuracy                 0.1135
2025-04-28 02:29:26,666 simple_logger.py log_once [line:28] INFO test_loss                     2.3010
2025-04-28 02:29:26,666 simple_logger.py log_once [line:28] INFO val_accuracy                  0.1167
2025-04-28 02:29:26,666 simple_logger.py log_once [line:28] INFO mean_val_accuracy             0.1167
2025-04-28 02:29:26,666 simple_logger.py log_once [line:28] INFO std_val_accuracy              0.0193
2025-04-28 02:29:26,666 simple_logger.py log_once [line:28] INFO val_loss                      2.3002
2025-04-28 02:29:26,666 simple_logger.py log_once [line:28] INFO mean_val_loss                 2.3002
2025-04-28 02:29:26,666 simple_logger.py log_once [line:28] INFO std_val_loss                  0.0024
2025-04-28 02:29:26,666 fedbase.py run [line:323] INFO expense           17491940.0
2025-04-28 02:29:26,666 fedbase.py run [line:324] INFO Eval Time Cost:               1.9930s
2025-04-28 02:29:26,666 asyncbase.py iterate [line:68] INFO Select clients [0, 1, 2, 3, 4, 5, 6, 7, 8, 9, 10, 11, 12, 13, 14, 15, 16, 17, 18, 19] at time 559.
2025-04-28 02:29:53,545 asyncbase.py iterate [line:73] INFO Receive new models from clients [2, 17] at time 571
2025-04-28 02:29:53,545 asyncbase.py iterate [line:73] INFO Receive new models from clients [7, 4, 19, 6, 0, 16, 18, 13, 8, 1, 9, 11, 10, 15] at time 572
2025-04-28 02:29:53,546 asyncbase.py iterate [line:73] INFO Receive new models from clients [3] at time 573
2025-04-28 02:29:53,546 asyncbase.py iterate [line:73] INFO Receive new models from clients [12, 14, 5] at time 574
2025-04-28 02:29:53,603 fedbase.py run [line:318] INFO --------------Round 39--------------
2025-04-28 02:29:53,603 simple_logger.py log_once [line:14] INFO Current_time:574
2025-04-28 02:29:55,632 simple_logger.py log_once [line:28] INFO test_accuracy                 0.1135
2025-04-28 02:29:55,632 simple_logger.py log_once [line:28] INFO test_loss                     2.3010
2025-04-28 02:29:55,632 simple_logger.py log_once [line:28] INFO val_accuracy                  0.1167
2025-04-28 02:29:55,632 simple_logger.py log_once [line:28] INFO mean_val_accuracy             0.1167
2025-04-28 02:29:55,632 simple_logger.py log_once [line:28] INFO std_val_accuracy              0.0193
2025-04-28 02:29:55,633 simple_logger.py log_once [line:28] INFO val_loss                      2.3002
2025-04-28 02:29:55,633 simple_logger.py log_once [line:28] INFO mean_val_loss                 2.3002
2025-04-28 02:29:55,633 simple_logger.py log_once [line:28] INFO std_val_loss                  0.0024
2025-04-28 02:29:55,633 fedbase.py run [line:323] INFO expense           17515780.0
2025-04-28 02:29:55,633 fedbase.py run [line:324] INFO Eval Time Cost:               2.0299s
2025-04-28 02:29:55,633 asyncbase.py iterate [line:68] INFO Select clients [0, 1, 2, 3, 4, 5, 6, 7, 8, 9, 10, 11, 12, 13, 14, 15, 16, 17, 18, 19] at time 575.
2025-04-28 02:30:22,743 asyncbase.py iterate [line:73] INFO Receive new models from clients [8, 17, 2, 12, 6, 4, 15, 7, 18] at time 588
2025-04-28 02:30:22,744 asyncbase.py iterate [line:73] INFO Receive new models from clients [11, 19, 13, 3, 16, 10, 5, 14, 9, 0] at time 589
2025-04-28 02:30:22,744 asyncbase.py iterate [line:73] INFO Receive new models from clients [1] at time 590
2025-04-28 02:30:22,800 fedbase.py run [line:318] INFO --------------Round 40--------------
2025-04-28 02:30:22,800 simple_logger.py log_once [line:14] INFO Current_time:590
2025-04-28 02:30:24,771 simple_logger.py log_once [line:28] INFO test_accuracy                 0.1135
2025-04-28 02:30:24,771 simple_logger.py log_once [line:28] INFO test_loss                     2.3010
2025-04-28 02:30:24,771 simple_logger.py log_once [line:28] INFO val_accuracy                  0.1167
2025-04-28 02:30:24,771 simple_logger.py log_once [line:28] INFO mean_val_accuracy             0.1167
2025-04-28 02:30:24,771 simple_logger.py log_once [line:28] INFO std_val_accuracy              0.0193
2025-04-28 02:30:24,772 simple_logger.py log_once [line:28] INFO val_loss                      2.3002
2025-04-28 02:30:24,772 simple_logger.py log_once [line:28] INFO mean_val_loss                 2.3002
2025-04-28 02:30:24,772 simple_logger.py log_once [line:28] INFO std_val_loss                  0.0024
2025-04-28 02:30:24,772 fedbase.py run [line:323] INFO expense           17539620.0
2025-04-28 02:30:24,772 fedbase.py run [line:324] INFO Eval Time Cost:               1.9720s
2025-04-28 02:30:24,772 asyncbase.py iterate [line:68] INFO Select clients [0, 1, 2, 3, 4, 5, 6, 7, 8, 9, 10, 11, 12, 13, 14, 15, 16, 17, 18, 19] at time 591.
2025-04-28 02:30:51,794 asyncbase.py iterate [line:73] INFO Receive new models from clients [2] at time 603
2025-04-28 02:30:51,794 asyncbase.py iterate [line:73] INFO Receive new models from clients [18, 14, 19, 15, 16, 7, 17, 4, 1] at time 604
2025-04-28 02:30:51,795 asyncbase.py iterate [line:73] INFO Receive new models from clients [12, 0, 13, 10, 6, 8, 9, 3, 11] at time 605
2025-04-28 02:30:51,795 asyncbase.py iterate [line:73] INFO Receive new models from clients [5] at time 606
2025-04-28 02:30:51,853 fedbase.py run [line:318] INFO --------------Round 41--------------
2025-04-28 02:30:51,853 simple_logger.py log_once [line:14] INFO Current_time:606
2025-04-28 02:30:53,825 simple_logger.py log_once [line:28] INFO test_accuracy                 0.1135
2025-04-28 02:30:53,825 simple_logger.py log_once [line:28] INFO test_loss                     2.3010
2025-04-28 02:30:53,825 simple_logger.py log_once [line:28] INFO val_accuracy                  0.1167
2025-04-28 02:30:53,825 simple_logger.py log_once [line:28] INFO mean_val_accuracy             0.1167
2025-04-28 02:30:53,825 simple_logger.py log_once [line:28] INFO std_val_accuracy              0.0193
2025-04-28 02:30:53,825 simple_logger.py log_once [line:28] INFO val_loss                      2.3002
2025-04-28 02:30:53,825 simple_logger.py log_once [line:28] INFO mean_val_loss                 2.3002
2025-04-28 02:30:53,825 simple_logger.py log_once [line:28] INFO std_val_loss                  0.0024
2025-04-28 02:30:53,825 fedbase.py run [line:323] INFO expense           17563460.0
2025-04-28 02:30:53,825 fedbase.py run [line:324] INFO Eval Time Cost:               1.9725s
2025-04-28 02:30:53,825 asyncbase.py iterate [line:68] INFO Select clients [0, 1, 2, 3, 4, 5, 6, 7, 8, 9, 10, 11, 12, 13, 14, 15, 16, 17, 18, 19] at time 607.
2025-04-28 02:31:20,541 asyncbase.py iterate [line:73] INFO Receive new models from clients [8, 9] at time 619
2025-04-28 02:31:20,542 asyncbase.py iterate [line:73] INFO Receive new models from clients [19, 15, 6, 17, 0, 2, 12] at time 620
2025-04-28 02:31:20,542 asyncbase.py iterate [line:73] INFO Receive new models from clients [10, 7, 14, 5, 4, 1, 16, 3, 11] at time 621
2025-04-28 02:31:20,542 asyncbase.py iterate [line:73] INFO Receive new models from clients [18, 13] at time 622
2025-04-28 02:31:20,598 fedbase.py run [line:318] INFO --------------Round 42--------------
2025-04-28 02:31:20,598 simple_logger.py log_once [line:14] INFO Current_time:622
2025-04-28 02:31:22,576 simple_logger.py log_once [line:28] INFO test_accuracy                 0.1135
2025-04-28 02:31:22,576 simple_logger.py log_once [line:28] INFO test_loss                     2.3010
2025-04-28 02:31:22,576 simple_logger.py log_once [line:28] INFO val_accuracy                  0.1167
2025-04-28 02:31:22,576 simple_logger.py log_once [line:28] INFO mean_val_accuracy             0.1167
2025-04-28 02:31:22,576 simple_logger.py log_once [line:28] INFO std_val_accuracy              0.0193
2025-04-28 02:31:22,576 simple_logger.py log_once [line:28] INFO val_loss                      2.3003
2025-04-28 02:31:22,576 simple_logger.py log_once [line:28] INFO mean_val_loss                 2.3003
2025-04-28 02:31:22,576 simple_logger.py log_once [line:28] INFO std_val_loss                  0.0023
2025-04-28 02:31:22,576 fedbase.py run [line:323] INFO expense           17587300.0
2025-04-28 02:31:22,576 fedbase.py run [line:324] INFO Eval Time Cost:               1.9780s
2025-04-28 02:31:22,576 asyncbase.py iterate [line:68] INFO Select clients [0, 1, 2, 3, 4, 5, 6, 7, 8, 9, 10, 11, 12, 13, 14, 15, 16, 17, 18, 19] at time 623.
2025-04-28 02:31:50,085 asyncbase.py iterate [line:73] INFO Receive new models from clients [0] at time 635
2025-04-28 02:31:50,085 asyncbase.py iterate [line:73] INFO Receive new models from clients [13, 18, 17, 8, 16, 9] at time 636
2025-04-28 02:31:50,086 asyncbase.py iterate [line:73] INFO Receive new models from clients [19, 14, 11, 12, 4, 1, 5, 2, 10, 6] at time 637
2025-04-28 02:31:50,086 asyncbase.py iterate [line:73] INFO Receive new models from clients [3, 7, 15] at time 638
2025-04-28 02:31:50,143 fedbase.py run [line:318] INFO --------------Round 43--------------
2025-04-28 02:31:50,143 simple_logger.py log_once [line:14] INFO Current_time:638
2025-04-28 02:31:52,141 simple_logger.py log_once [line:28] INFO test_accuracy                 0.1135
2025-04-28 02:31:52,141 simple_logger.py log_once [line:28] INFO test_loss                     2.3010
2025-04-28 02:31:52,141 simple_logger.py log_once [line:28] INFO val_accuracy                  0.1167
2025-04-28 02:31:52,141 simple_logger.py log_once [line:28] INFO mean_val_accuracy             0.1167
2025-04-28 02:31:52,141 simple_logger.py log_once [line:28] INFO std_val_accuracy              0.0193
2025-04-28 02:31:52,141 simple_logger.py log_once [line:28] INFO val_loss                      2.3002
2025-04-28 02:31:52,141 simple_logger.py log_once [line:28] INFO mean_val_loss                 2.3002
2025-04-28 02:31:52,141 simple_logger.py log_once [line:28] INFO std_val_loss                  0.0024
2025-04-28 02:31:52,141 fedbase.py run [line:323] INFO expense           17611140.0
2025-04-28 02:31:52,141 fedbase.py run [line:324] INFO Eval Time Cost:               1.9986s
2025-04-28 02:31:52,141 asyncbase.py iterate [line:68] INFO Select clients [0, 1, 2, 3, 4, 5, 6, 7, 8, 9, 10, 11, 12, 13, 14, 15, 16, 17, 18, 19] at time 639.
2025-04-28 02:32:19,060 asyncbase.py iterate [line:73] INFO Receive new models from clients [19] at time 651
2025-04-28 02:32:19,060 asyncbase.py iterate [line:73] INFO Receive new models from clients [1, 6, 8, 16, 2, 12, 4, 11] at time 652
2025-04-28 02:32:19,060 asyncbase.py iterate [line:73] INFO Receive new models from clients [10, 5, 18, 15, 0, 14, 13] at time 653
2025-04-28 02:32:19,061 asyncbase.py iterate [line:73] INFO Receive new models from clients [9, 7, 3, 17] at time 654
2025-04-28 02:32:19,118 fedbase.py run [line:318] INFO --------------Round 44--------------
2025-04-28 02:32:19,118 simple_logger.py log_once [line:14] INFO Current_time:654
2025-04-28 02:32:21,140 simple_logger.py log_once [line:28] INFO test_accuracy                 0.1135
2025-04-28 02:32:21,140 simple_logger.py log_once [line:28] INFO test_loss                     2.3010
2025-04-28 02:32:21,140 simple_logger.py log_once [line:28] INFO val_accuracy                  0.1167
2025-04-28 02:32:21,141 simple_logger.py log_once [line:28] INFO mean_val_accuracy             0.1167
2025-04-28 02:32:21,141 simple_logger.py log_once [line:28] INFO std_val_accuracy              0.0193
2025-04-28 02:32:21,141 simple_logger.py log_once [line:28] INFO val_loss                      2.3002
2025-04-28 02:32:21,141 simple_logger.py log_once [line:28] INFO mean_val_loss                 2.3002
2025-04-28 02:32:21,141 simple_logger.py log_once [line:28] INFO std_val_loss                  0.0024
2025-04-28 02:32:21,141 fedbase.py run [line:323] INFO expense           17634980.0
2025-04-28 02:32:21,141 fedbase.py run [line:324] INFO Eval Time Cost:               2.0225s
2025-04-28 02:32:21,141 asyncbase.py iterate [line:68] INFO Select clients [0, 1, 2, 3, 4, 5, 6, 7, 8, 9, 10, 11, 12, 13, 14, 15, 16, 17, 18, 19] at time 655.
2025-04-28 02:32:47,728 asyncbase.py iterate [line:73] INFO Receive new models from clients [17, 2, 15, 11, 16, 18, 1, 12, 10, 5, 19, 9, 8] at time 668
2025-04-28 02:32:47,728 asyncbase.py iterate [line:73] INFO Receive new models from clients [0, 3, 6, 13, 4, 14] at time 669
2025-04-28 02:32:47,729 asyncbase.py iterate [line:73] INFO Receive new models from clients [7] at time 670
2025-04-28 02:32:47,785 fedbase.py run [line:318] INFO --------------Round 45--------------
2025-04-28 02:32:47,785 simple_logger.py log_once [line:14] INFO Current_time:670
2025-04-28 02:32:49,773 simple_logger.py log_once [line:28] INFO test_accuracy                 0.1135
2025-04-28 02:32:49,773 simple_logger.py log_once [line:28] INFO test_loss                     2.3010
2025-04-28 02:32:49,773 simple_logger.py log_once [line:28] INFO val_accuracy                  0.1167
2025-04-28 02:32:49,773 simple_logger.py log_once [line:28] INFO mean_val_accuracy             0.1167
2025-04-28 02:32:49,774 simple_logger.py log_once [line:28] INFO std_val_accuracy              0.0193
2025-04-28 02:32:49,774 simple_logger.py log_once [line:28] INFO val_loss                      2.3002
2025-04-28 02:32:49,774 simple_logger.py log_once [line:28] INFO mean_val_loss                 2.3002
2025-04-28 02:32:49,774 simple_logger.py log_once [line:28] INFO std_val_loss                  0.0025
2025-04-28 02:32:49,774 fedbase.py run [line:323] INFO expense           17658820.0
2025-04-28 02:32:49,774 fedbase.py run [line:324] INFO Eval Time Cost:               1.9891s
2025-04-28 02:32:49,774 asyncbase.py iterate [line:68] INFO Select clients [0, 1, 2, 3, 4, 5, 6, 7, 8, 9, 10, 11, 12, 13, 14, 15, 16, 17, 18, 19] at time 671.
2025-04-28 02:33:17,611 asyncbase.py iterate [line:73] INFO Receive new models from clients [15, 10, 7] at time 683
2025-04-28 02:33:17,611 asyncbase.py iterate [line:73] INFO Receive new models from clients [14, 16, 1, 0, 12, 4, 3, 8, 9] at time 684
2025-04-28 02:33:17,612 asyncbase.py iterate [line:73] INFO Receive new models from clients [2, 5, 17, 18, 6, 13] at time 685
2025-04-28 02:33:17,612 asyncbase.py iterate [line:73] INFO Receive new models from clients [11, 19] at time 686
2025-04-28 02:33:17,671 fedbase.py run [line:318] INFO --------------Round 46--------------
2025-04-28 02:33:17,671 simple_logger.py log_once [line:14] INFO Current_time:686
2025-04-28 02:33:19,724 simple_logger.py log_once [line:28] INFO test_accuracy                 0.1135
2025-04-28 02:33:19,724 simple_logger.py log_once [line:28] INFO test_loss                     2.3010
2025-04-28 02:33:19,724 simple_logger.py log_once [line:28] INFO val_accuracy                  0.1167
2025-04-28 02:33:19,724 simple_logger.py log_once [line:28] INFO mean_val_accuracy             0.1167
2025-04-28 02:33:19,724 simple_logger.py log_once [line:28] INFO std_val_accuracy              0.0193
2025-04-28 02:33:19,725 simple_logger.py log_once [line:28] INFO val_loss                      2.3002
2025-04-28 02:33:19,725 simple_logger.py log_once [line:28] INFO mean_val_loss                 2.3002
2025-04-28 02:33:19,725 simple_logger.py log_once [line:28] INFO std_val_loss                  0.0024
2025-04-28 02:33:19,725 fedbase.py run [line:323] INFO expense           17682660.0
2025-04-28 02:33:19,725 fedbase.py run [line:324] INFO Eval Time Cost:               2.0534s
2025-04-28 02:33:19,725 asyncbase.py iterate [line:68] INFO Select clients [0, 1, 2, 3, 4, 5, 6, 7, 8, 9, 10, 11, 12, 13, 14, 15, 16, 17, 18, 19] at time 687.
2025-04-28 02:33:49,169 asyncbase.py iterate [line:73] INFO Receive new models from clients [6, 5, 10] at time 699
2025-04-28 02:33:49,170 asyncbase.py iterate [line:73] INFO Receive new models from clients [4, 9, 8, 17, 16, 14, 3, 11, 1, 7, 19] at time 700
2025-04-28 02:33:49,170 asyncbase.py iterate [line:73] INFO Receive new models from clients [2, 18, 0] at time 701
2025-04-28 02:33:49,170 asyncbase.py iterate [line:73] INFO Receive new models from clients [15, 12, 13] at time 702
2025-04-28 02:33:49,226 fedbase.py run [line:318] INFO --------------Round 47--------------
2025-04-28 02:33:49,226 simple_logger.py log_once [line:14] INFO Current_time:702
2025-04-28 02:33:51,246 simple_logger.py log_once [line:28] INFO test_accuracy                 0.1135
2025-04-28 02:33:51,246 simple_logger.py log_once [line:28] INFO test_loss                     2.3010
2025-04-28 02:33:51,246 simple_logger.py log_once [line:28] INFO val_accuracy                  0.1167
2025-04-28 02:33:51,246 simple_logger.py log_once [line:28] INFO mean_val_accuracy             0.1167
2025-04-28 02:33:51,246 simple_logger.py log_once [line:28] INFO std_val_accuracy              0.0193
2025-04-28 02:33:51,246 simple_logger.py log_once [line:28] INFO val_loss                      2.3002
2025-04-28 02:33:51,246 simple_logger.py log_once [line:28] INFO mean_val_loss                 2.3002
2025-04-28 02:33:51,246 simple_logger.py log_once [line:28] INFO std_val_loss                  0.0023
2025-04-28 02:33:51,246 fedbase.py run [line:323] INFO expense           17706500.0
2025-04-28 02:33:51,246 fedbase.py run [line:324] INFO Eval Time Cost:               2.0199s
2025-04-28 02:33:51,246 asyncbase.py iterate [line:68] INFO Select clients [0, 1, 2, 3, 4, 5, 6, 7, 8, 9, 10, 11, 12, 13, 14, 15, 16, 17, 18, 19] at time 703.
2025-04-28 02:34:18,367 asyncbase.py iterate [line:73] INFO Receive new models from clients [9, 10, 7] at time 715
2025-04-28 02:34:18,367 asyncbase.py iterate [line:73] INFO Receive new models from clients [15, 11, 14, 8, 6, 19, 4, 18, 5] at time 716
2025-04-28 02:34:18,368 asyncbase.py iterate [line:73] INFO Receive new models from clients [13, 16, 0, 3, 2, 17, 12] at time 717
2025-04-28 02:34:18,368 asyncbase.py iterate [line:73] INFO Receive new models from clients [1] at time 718
2025-04-28 02:34:18,425 fedbase.py run [line:318] INFO --------------Round 48--------------
2025-04-28 02:34:18,425 simple_logger.py log_once [line:14] INFO Current_time:718
2025-04-28 02:34:20,412 simple_logger.py log_once [line:28] INFO test_accuracy                 0.1135
2025-04-28 02:34:20,413 simple_logger.py log_once [line:28] INFO test_loss                     2.3010
2025-04-28 02:34:20,413 simple_logger.py log_once [line:28] INFO val_accuracy                  0.1167
2025-04-28 02:34:20,413 simple_logger.py log_once [line:28] INFO mean_val_accuracy             0.1167
2025-04-28 02:34:20,413 simple_logger.py log_once [line:28] INFO std_val_accuracy              0.0193
2025-04-28 02:34:20,413 simple_logger.py log_once [line:28] INFO val_loss                      2.3002
2025-04-28 02:34:20,413 simple_logger.py log_once [line:28] INFO mean_val_loss                 2.3002
2025-04-28 02:34:20,413 simple_logger.py log_once [line:28] INFO std_val_loss                  0.0024
2025-04-28 02:34:20,413 fedbase.py run [line:323] INFO expense           17730340.0
2025-04-28 02:34:20,413 fedbase.py run [line:324] INFO Eval Time Cost:               1.9879s
2025-04-28 02:34:20,413 asyncbase.py iterate [line:68] INFO Select clients [0, 1, 2, 3, 4, 5, 6, 7, 8, 9, 10, 11, 12, 13, 14, 15, 16, 17, 18, 19] at time 719.
2025-04-28 02:34:47,601 asyncbase.py iterate [line:73] INFO Receive new models from clients [3, 16, 10, 17] at time 731
2025-04-28 02:34:47,601 asyncbase.py iterate [line:73] INFO Receive new models from clients [7, 8, 11, 2, 5, 14, 19] at time 732
2025-04-28 02:34:47,602 asyncbase.py iterate [line:73] INFO Receive new models from clients [6, 9, 18, 4, 0, 15, 13] at time 733
2025-04-28 02:34:47,602 asyncbase.py iterate [line:73] INFO Receive new models from clients [1, 12] at time 734
2025-04-28 02:34:47,659 fedbase.py run [line:318] INFO --------------Round 49--------------
2025-04-28 02:34:47,660 simple_logger.py log_once [line:14] INFO Current_time:734
2025-04-28 02:34:49,661 simple_logger.py log_once [line:28] INFO test_accuracy                 0.1135
2025-04-28 02:34:49,661 simple_logger.py log_once [line:28] INFO test_loss                     2.3010
2025-04-28 02:34:49,661 simple_logger.py log_once [line:28] INFO val_accuracy                  0.1167
2025-04-28 02:34:49,661 simple_logger.py log_once [line:28] INFO mean_val_accuracy             0.1167
2025-04-28 02:34:49,661 simple_logger.py log_once [line:28] INFO std_val_accuracy              0.0193
2025-04-28 02:34:49,661 simple_logger.py log_once [line:28] INFO val_loss                      2.3002
2025-04-28 02:34:49,662 simple_logger.py log_once [line:28] INFO mean_val_loss                 2.3002
2025-04-28 02:34:49,662 simple_logger.py log_once [line:28] INFO std_val_loss                  0.0023
2025-04-28 02:34:49,662 fedbase.py run [line:323] INFO expense           17754180.0
2025-04-28 02:34:49,662 fedbase.py run [line:324] INFO Eval Time Cost:               2.0021s
2025-04-28 02:34:49,662 asyncbase.py iterate [line:68] INFO Select clients [0, 1, 2, 3, 4, 5, 6, 7, 8, 9, 10, 11, 12, 13, 14, 15, 16, 17, 18, 19] at time 735.
2025-04-28 02:35:16,787 asyncbase.py iterate [line:73] INFO Receive new models from clients [8, 10, 9, 2, 12] at time 747
2025-04-28 02:35:16,788 asyncbase.py iterate [line:73] INFO Receive new models from clients [13, 19, 5, 7, 1, 14, 18] at time 748
2025-04-28 02:35:16,788 asyncbase.py iterate [line:73] INFO Receive new models from clients [4, 16, 6, 17] at time 749
2025-04-28 02:35:16,788 asyncbase.py iterate [line:73] INFO Receive new models from clients [0, 3, 11, 15] at time 750
2025-04-28 02:35:16,846 fedbase.py run [line:318] INFO --------------Round 50--------------
2025-04-28 02:35:16,846 simple_logger.py log_once [line:14] INFO Current_time:750
2025-04-28 02:35:18,834 simple_logger.py log_once [line:28] INFO test_accuracy                 0.1135
2025-04-28 02:35:18,834 simple_logger.py log_once [line:28] INFO test_loss                     2.3010
2025-04-28 02:35:18,834 simple_logger.py log_once [line:28] INFO val_accuracy                  0.1167
2025-04-28 02:35:18,835 simple_logger.py log_once [line:28] INFO mean_val_accuracy             0.1167
2025-04-28 02:35:18,835 simple_logger.py log_once [line:28] INFO std_val_accuracy              0.0193
2025-04-28 02:35:18,835 simple_logger.py log_once [line:28] INFO val_loss                      2.3002
2025-04-28 02:35:18,835 simple_logger.py log_once [line:28] INFO mean_val_loss                 2.3002
2025-04-28 02:35:18,835 simple_logger.py log_once [line:28] INFO std_val_loss                  0.0024
2025-04-28 02:35:18,835 fedbase.py run [line:323] INFO expense           17778020.0
2025-04-28 02:35:18,835 fedbase.py run [line:324] INFO Eval Time Cost:               1.9891s
2025-04-28 02:35:18,835 asyncbase.py iterate [line:68] INFO Select clients [0, 1, 2, 3, 4, 5, 6, 7, 8, 9, 10, 11, 12, 13, 14, 15, 16, 17, 18, 19] at time 751.
2025-04-28 02:35:45,830 asyncbase.py iterate [line:73] INFO Receive new models from clients [17, 4, 1, 10] at time 763
2025-04-28 02:35:45,831 asyncbase.py iterate [line:73] INFO Receive new models from clients [5, 18, 6, 7, 12, 11, 0] at time 764
2025-04-28 02:35:45,831 asyncbase.py iterate [line:73] INFO Receive new models from clients [2, 3, 9, 8, 19, 15] at time 765
2025-04-28 02:35:45,831 asyncbase.py iterate [line:73] INFO Receive new models from clients [13, 14, 16] at time 766
2025-04-28 02:35:45,891 fedbase.py run [line:318] INFO --------------Round 51--------------
2025-04-28 02:35:45,891 simple_logger.py log_once [line:14] INFO Current_time:766
2025-04-28 02:35:47,882 simple_logger.py log_once [line:28] INFO test_accuracy                 0.1135
2025-04-28 02:35:47,882 simple_logger.py log_once [line:28] INFO test_loss                     2.3010
2025-04-28 02:35:47,882 simple_logger.py log_once [line:28] INFO val_accuracy                  0.1167
2025-04-28 02:35:47,882 simple_logger.py log_once [line:28] INFO mean_val_accuracy             0.1167
2025-04-28 02:35:47,882 simple_logger.py log_once [line:28] INFO std_val_accuracy              0.0193
2025-04-28 02:35:47,882 simple_logger.py log_once [line:28] INFO val_loss                      2.3003
2025-04-28 02:35:47,882 simple_logger.py log_once [line:28] INFO mean_val_loss                 2.3003
2025-04-28 02:35:47,882 simple_logger.py log_once [line:28] INFO std_val_loss                  0.0023
2025-04-28 02:35:47,882 fedbase.py run [line:323] INFO expense           17801860.0
2025-04-28 02:35:47,882 fedbase.py run [line:324] INFO Eval Time Cost:               1.9912s
2025-04-28 02:35:47,883 asyncbase.py iterate [line:68] INFO Select clients [0, 1, 2, 3, 4, 5, 6, 7, 8, 9, 10, 11, 12, 13, 14, 15, 16, 17, 18, 19] at time 767.
2025-04-28 02:36:15,533 asyncbase.py iterate [line:73] INFO Receive new models from clients [9] at time 779
2025-04-28 02:36:15,533 asyncbase.py iterate [line:73] INFO Receive new models from clients [11, 19, 13, 7, 0, 1, 8, 18, 4, 3, 6] at time 780
2025-04-28 02:36:15,533 asyncbase.py iterate [line:73] INFO Receive new models from clients [10, 14, 12, 17, 2] at time 781
2025-04-28 02:36:15,534 asyncbase.py iterate [line:73] INFO Receive new models from clients [5, 15, 16] at time 782
2025-04-28 02:36:15,590 fedbase.py run [line:318] INFO --------------Round 52--------------
2025-04-28 02:36:15,590 simple_logger.py log_once [line:14] INFO Current_time:782
2025-04-28 02:36:17,582 simple_logger.py log_once [line:28] INFO test_accuracy                 0.1135
2025-04-28 02:36:17,582 simple_logger.py log_once [line:28] INFO test_loss                     2.3010
2025-04-28 02:36:17,582 simple_logger.py log_once [line:28] INFO val_accuracy                  0.1167
2025-04-28 02:36:17,582 simple_logger.py log_once [line:28] INFO mean_val_accuracy             0.1167
2025-04-28 02:36:17,582 simple_logger.py log_once [line:28] INFO std_val_accuracy              0.0193
2025-04-28 02:36:17,582 simple_logger.py log_once [line:28] INFO val_loss                      2.3003
2025-04-28 02:36:17,583 simple_logger.py log_once [line:28] INFO mean_val_loss                 2.3003
2025-04-28 02:36:17,583 simple_logger.py log_once [line:28] INFO std_val_loss                  0.0023
2025-04-28 02:36:17,583 fedbase.py run [line:323] INFO expense           17825700.0
2025-04-28 02:36:17,583 fedbase.py run [line:324] INFO Eval Time Cost:               1.9929s
2025-04-28 02:36:17,583 asyncbase.py iterate [line:68] INFO Select clients [0, 1, 2, 3, 4, 5, 6, 7, 8, 9, 10, 11, 12, 13, 14, 15, 16, 17, 18, 19] at time 783.
2025-04-28 02:36:44,429 asyncbase.py iterate [line:73] INFO Receive new models from clients [9, 10] at time 795
2025-04-28 02:36:44,429 asyncbase.py iterate [line:73] INFO Receive new models from clients [12, 15, 16, 5, 7, 6, 17, 1] at time 796
2025-04-28 02:36:44,429 asyncbase.py iterate [line:73] INFO Receive new models from clients [2, 3, 11, 18, 14, 13, 0] at time 797
2025-04-28 02:36:44,430 asyncbase.py iterate [line:73] INFO Receive new models from clients [4, 8, 19] at time 798
2025-04-28 02:36:44,486 fedbase.py run [line:318] INFO --------------Round 53--------------
2025-04-28 02:36:44,486 simple_logger.py log_once [line:14] INFO Current_time:798
2025-04-28 02:36:46,503 simple_logger.py log_once [line:28] INFO test_accuracy                 0.1135
2025-04-28 02:36:46,503 simple_logger.py log_once [line:28] INFO test_loss                     2.3010
2025-04-28 02:36:46,503 simple_logger.py log_once [line:28] INFO val_accuracy                  0.1167
2025-04-28 02:36:46,503 simple_logger.py log_once [line:28] INFO mean_val_accuracy             0.1167
2025-04-28 02:36:46,504 simple_logger.py log_once [line:28] INFO std_val_accuracy              0.0193
2025-04-28 02:36:46,504 simple_logger.py log_once [line:28] INFO val_loss                      2.3002
2025-04-28 02:36:46,504 simple_logger.py log_once [line:28] INFO mean_val_loss                 2.3002
2025-04-28 02:36:46,504 simple_logger.py log_once [line:28] INFO std_val_loss                  0.0023
2025-04-28 02:36:46,504 fedbase.py run [line:323] INFO expense           17849540.0
2025-04-28 02:36:46,504 fedbase.py run [line:324] INFO Eval Time Cost:               2.0173s
2025-04-28 02:36:46,504 asyncbase.py iterate [line:68] INFO Select clients [0, 1, 2, 3, 4, 5, 6, 7, 8, 9, 10, 11, 12, 13, 14, 15, 16, 17, 18, 19] at time 799.
2025-04-28 02:37:18,978 asyncbase.py iterate [line:73] INFO Receive new models from clients [14, 19, 16] at time 811
2025-04-28 02:37:18,979 asyncbase.py iterate [line:73] INFO Receive new models from clients [8, 0, 9, 2, 7, 1] at time 812
2025-04-28 02:37:18,979 asyncbase.py iterate [line:73] INFO Receive new models from clients [17, 6, 12, 18, 4, 3, 11, 13, 10] at time 813
2025-04-28 02:37:18,979 asyncbase.py iterate [line:73] INFO Receive new models from clients [15, 5] at time 814
2025-04-28 02:37:19,041 fedbase.py run [line:318] INFO --------------Round 54--------------
2025-04-28 02:37:19,041 simple_logger.py log_once [line:14] INFO Current_time:814
2025-04-28 02:37:21,061 simple_logger.py log_once [line:28] INFO test_accuracy                 0.1135
2025-04-28 02:37:21,061 simple_logger.py log_once [line:28] INFO test_loss                     2.3010
2025-04-28 02:37:21,061 simple_logger.py log_once [line:28] INFO val_accuracy                  0.1167
2025-04-28 02:37:21,061 simple_logger.py log_once [line:28] INFO mean_val_accuracy             0.1167
2025-04-28 02:37:21,061 simple_logger.py log_once [line:28] INFO std_val_accuracy              0.0193
2025-04-28 02:37:21,061 simple_logger.py log_once [line:28] INFO val_loss                      2.3002
2025-04-28 02:37:21,061 simple_logger.py log_once [line:28] INFO mean_val_loss                 2.3002
2025-04-28 02:37:21,061 simple_logger.py log_once [line:28] INFO std_val_loss                  0.0023
2025-04-28 02:37:21,062 fedbase.py run [line:323] INFO expense           17873380.0
2025-04-28 02:37:21,062 fedbase.py run [line:324] INFO Eval Time Cost:               2.0206s
2025-04-28 02:37:21,062 asyncbase.py iterate [line:68] INFO Select clients [0, 1, 2, 3, 4, 5, 6, 7, 8, 9, 10, 11, 12, 13, 14, 15, 16, 17, 18, 19] at time 815.
2025-04-28 02:38:04,899 asyncbase.py iterate [line:73] INFO Receive new models from clients [14, 5, 6] at time 827
2025-04-28 02:38:04,899 asyncbase.py iterate [line:73] INFO Receive new models from clients [15, 3, 0, 2, 7, 12] at time 828
2025-04-28 02:38:04,899 asyncbase.py iterate [line:73] INFO Receive new models from clients [1, 13, 18, 10, 4, 11, 8, 19, 16, 17] at time 829
2025-04-28 02:38:04,899 asyncbase.py iterate [line:73] INFO Receive new models from clients [9] at time 830
2025-04-28 02:38:04,961 fedbase.py run [line:318] INFO --------------Round 55--------------
2025-04-28 02:38:04,961 simple_logger.py log_once [line:14] INFO Current_time:830
2025-04-28 02:38:07,062 simple_logger.py log_once [line:28] INFO test_accuracy                 0.1135
2025-04-28 02:38:07,062 simple_logger.py log_once [line:28] INFO test_loss                     2.3010
2025-04-28 02:38:07,062 simple_logger.py log_once [line:28] INFO val_accuracy                  0.1167
2025-04-28 02:38:07,062 simple_logger.py log_once [line:28] INFO mean_val_accuracy             0.1167
2025-04-28 02:38:07,062 simple_logger.py log_once [line:28] INFO std_val_accuracy              0.0193
2025-04-28 02:38:07,062 simple_logger.py log_once [line:28] INFO val_loss                      2.3003
2025-04-28 02:38:07,062 simple_logger.py log_once [line:28] INFO mean_val_loss                 2.3003
2025-04-28 02:38:07,062 simple_logger.py log_once [line:28] INFO std_val_loss                  0.0023
2025-04-28 02:38:07,062 fedbase.py run [line:323] INFO expense           17897220.0
2025-04-28 02:38:07,062 fedbase.py run [line:324] INFO Eval Time Cost:               2.1015s
2025-04-28 02:38:07,062 asyncbase.py iterate [line:68] INFO Select clients [0, 1, 2, 3, 4, 5, 6, 7, 8, 9, 10, 11, 12, 13, 14, 15, 16, 17, 18, 19] at time 831.
2025-04-28 02:39:07,347 asyncbase.py iterate [line:73] INFO Receive new models from clients [8, 10] at time 843
2025-04-28 02:39:07,347 asyncbase.py iterate [line:73] INFO Receive new models from clients [2, 14, 16, 4, 1, 15, 19, 18, 12] at time 844
2025-04-28 02:39:07,347 asyncbase.py iterate [line:73] INFO Receive new models from clients [6, 11, 9, 5, 3, 17, 0] at time 845
2025-04-28 02:39:07,348 asyncbase.py iterate [line:73] INFO Receive new models from clients [13, 7] at time 846
2025-04-28 02:39:07,420 fedbase.py run [line:318] INFO --------------Round 56--------------
2025-04-28 02:39:07,420 simple_logger.py log_once [line:14] INFO Current_time:846
2025-04-28 02:39:09,495 simple_logger.py log_once [line:28] INFO test_accuracy                 0.1135
2025-04-28 02:39:09,496 simple_logger.py log_once [line:28] INFO test_loss                     2.3010
2025-04-28 02:39:09,496 simple_logger.py log_once [line:28] INFO val_accuracy                  0.1167
2025-04-28 02:39:09,496 simple_logger.py log_once [line:28] INFO mean_val_accuracy             0.1167
2025-04-28 02:39:09,496 simple_logger.py log_once [line:28] INFO std_val_accuracy              0.0193
2025-04-28 02:39:09,496 simple_logger.py log_once [line:28] INFO val_loss                      2.3002
2025-04-28 02:39:09,496 simple_logger.py log_once [line:28] INFO mean_val_loss                 2.3002
2025-04-28 02:39:09,496 simple_logger.py log_once [line:28] INFO std_val_loss                  0.0024
2025-04-28 02:39:09,496 fedbase.py run [line:323] INFO expense           17921060.0
2025-04-28 02:39:09,496 fedbase.py run [line:324] INFO Eval Time Cost:               2.0757s
2025-04-28 02:39:09,496 asyncbase.py iterate [line:68] INFO Select clients [0, 1, 2, 3, 4, 5, 6, 7, 8, 9, 10, 11, 12, 13, 14, 15, 16, 17, 18, 19] at time 847.
2025-04-28 02:40:02,277 asyncbase.py iterate [line:73] INFO Receive new models from clients [17, 15, 18] at time 859
2025-04-28 02:40:02,278 asyncbase.py iterate [line:73] INFO Receive new models from clients [13, 6, 2, 0, 9, 5, 8] at time 860
2025-04-28 02:40:02,278 asyncbase.py iterate [line:73] INFO Receive new models from clients [12, 10, 11, 14, 7, 4, 19, 16, 3] at time 861
2025-04-28 02:40:02,278 asyncbase.py iterate [line:73] INFO Receive new models from clients [1] at time 862
2025-04-28 02:40:02,336 fedbase.py run [line:318] INFO --------------Round 57--------------
2025-04-28 02:40:02,336 simple_logger.py log_once [line:14] INFO Current_time:862
2025-04-28 02:40:04,394 simple_logger.py log_once [line:28] INFO test_accuracy                 0.1135
2025-04-28 02:40:04,394 simple_logger.py log_once [line:28] INFO test_loss                     2.3010
2025-04-28 02:40:04,394 simple_logger.py log_once [line:28] INFO val_accuracy                  0.1167
2025-04-28 02:40:04,395 simple_logger.py log_once [line:28] INFO mean_val_accuracy             0.1167
2025-04-28 02:40:04,395 simple_logger.py log_once [line:28] INFO std_val_accuracy              0.0193
2025-04-28 02:40:04,395 simple_logger.py log_once [line:28] INFO val_loss                      2.3002
2025-04-28 02:40:04,395 simple_logger.py log_once [line:28] INFO mean_val_loss                 2.3002
2025-04-28 02:40:04,395 simple_logger.py log_once [line:28] INFO std_val_loss                  0.0024
2025-04-28 02:40:04,395 fedbase.py run [line:323] INFO expense           17944900.0
2025-04-28 02:40:04,395 fedbase.py run [line:324] INFO Eval Time Cost:               2.0588s
2025-04-28 02:40:04,395 asyncbase.py iterate [line:68] INFO Select clients [0, 1, 2, 3, 4, 5, 6, 7, 8, 9, 10, 11, 12, 13, 14, 15, 16, 17, 18, 19] at time 863.
2025-04-28 02:40:55,826 asyncbase.py iterate [line:73] INFO Receive new models from clients [9, 10, 15] at time 875
2025-04-28 02:40:55,826 asyncbase.py iterate [line:73] INFO Receive new models from clients [11, 8, 0, 14, 7, 4, 1] at time 876
2025-04-28 02:40:55,827 asyncbase.py iterate [line:73] INFO Receive new models from clients [5, 12, 13, 16, 18, 6, 3] at time 877
2025-04-28 02:40:55,827 asyncbase.py iterate [line:73] INFO Receive new models from clients [17, 19, 2] at time 878
2025-04-28 02:40:55,908 fedbase.py run [line:318] INFO --------------Round 58--------------
2025-04-28 02:40:55,908 simple_logger.py log_once [line:14] INFO Current_time:878
2025-04-28 02:40:58,018 simple_logger.py log_once [line:28] INFO test_accuracy                 0.1135
2025-04-28 02:40:58,018 simple_logger.py log_once [line:28] INFO test_loss                     2.3010
2025-04-28 02:40:58,018 simple_logger.py log_once [line:28] INFO val_accuracy                  0.1167
2025-04-28 02:40:58,018 simple_logger.py log_once [line:28] INFO mean_val_accuracy             0.1167
2025-04-28 02:40:58,018 simple_logger.py log_once [line:28] INFO std_val_accuracy              0.0193
2025-04-28 02:40:58,018 simple_logger.py log_once [line:28] INFO val_loss                      2.3002
2025-04-28 02:40:58,018 simple_logger.py log_once [line:28] INFO mean_val_loss                 2.3002
2025-04-28 02:40:58,018 simple_logger.py log_once [line:28] INFO std_val_loss                  0.0023
2025-04-28 02:40:58,018 fedbase.py run [line:323] INFO expense           17968740.0
2025-04-28 02:40:58,019 fedbase.py run [line:324] INFO Eval Time Cost:               2.1102s
2025-04-28 02:40:58,019 asyncbase.py iterate [line:68] INFO Select clients [0, 1, 2, 3, 4, 5, 6, 7, 8, 9, 10, 11, 12, 13, 14, 15, 16, 17, 18, 19] at time 879.
2025-04-28 02:41:50,817 asyncbase.py iterate [line:73] INFO Receive new models from clients [9] at time 891
2025-04-28 02:41:50,817 asyncbase.py iterate [line:73] INFO Receive new models from clients [7, 14, 19, 6, 10, 0, 13, 3] at time 892
2025-04-28 02:41:50,817 asyncbase.py iterate [line:73] INFO Receive new models from clients [5, 17, 4, 16, 18, 8, 15, 1] at time 893
2025-04-28 02:41:50,817 asyncbase.py iterate [line:73] INFO Receive new models from clients [12, 2, 11] at time 894
2025-04-28 02:41:50,889 fedbase.py run [line:318] INFO --------------Round 59--------------
2025-04-28 02:41:50,889 simple_logger.py log_once [line:14] INFO Current_time:894
2025-04-28 02:41:53,011 simple_logger.py log_once [line:28] INFO test_accuracy                 0.1135
2025-04-28 02:41:53,011 simple_logger.py log_once [line:28] INFO test_loss                     2.3010
2025-04-28 02:41:53,011 simple_logger.py log_once [line:28] INFO val_accuracy                  0.1167
2025-04-28 02:41:53,011 simple_logger.py log_once [line:28] INFO mean_val_accuracy             0.1167
2025-04-28 02:41:53,011 simple_logger.py log_once [line:28] INFO std_val_accuracy              0.0193
2025-04-28 02:41:53,011 simple_logger.py log_once [line:28] INFO val_loss                      2.3002
2025-04-28 02:41:53,011 simple_logger.py log_once [line:28] INFO mean_val_loss                 2.3002
2025-04-28 02:41:53,011 simple_logger.py log_once [line:28] INFO std_val_loss                  0.0023
2025-04-28 02:41:53,011 fedbase.py run [line:323] INFO expense           17992580.0
2025-04-28 02:41:53,011 fedbase.py run [line:324] INFO Eval Time Cost:               2.1224s
2025-04-28 02:41:53,011 asyncbase.py iterate [line:68] INFO Select clients [0, 1, 2, 3, 4, 5, 6, 7, 8, 9, 10, 11, 12, 13, 14, 15, 16, 17, 18, 19] at time 895.
2025-04-28 02:42:45,046 asyncbase.py iterate [line:73] INFO Receive new models from clients [0] at time 907
2025-04-28 02:42:45,046 asyncbase.py iterate [line:73] INFO Receive new models from clients [14, 18, 19, 1, 12, 10, 9, 11, 16, 17] at time 908
2025-04-28 02:42:45,046 asyncbase.py iterate [line:73] INFO Receive new models from clients [8, 5, 13, 2, 3, 4, 7, 6] at time 909
2025-04-28 02:42:45,046 asyncbase.py iterate [line:73] INFO Receive new models from clients [15] at time 910
2025-04-28 02:42:45,109 fedbase.py run [line:318] INFO --------------Round 60--------------
2025-04-28 02:42:45,109 simple_logger.py log_once [line:14] INFO Current_time:910
2025-04-28 02:42:47,181 simple_logger.py log_once [line:28] INFO test_accuracy                 0.1135
2025-04-28 02:42:47,181 simple_logger.py log_once [line:28] INFO test_loss                     2.3010
2025-04-28 02:42:47,181 simple_logger.py log_once [line:28] INFO val_accuracy                  0.1167
2025-04-28 02:42:47,181 simple_logger.py log_once [line:28] INFO mean_val_accuracy             0.1167
2025-04-28 02:42:47,181 simple_logger.py log_once [line:28] INFO std_val_accuracy              0.0193
2025-04-28 02:42:47,181 simple_logger.py log_once [line:28] INFO val_loss                      2.3002
2025-04-28 02:42:47,181 simple_logger.py log_once [line:28] INFO mean_val_loss                 2.3002
2025-04-28 02:42:47,181 simple_logger.py log_once [line:28] INFO std_val_loss                  0.0023
2025-04-28 02:42:47,181 fedbase.py run [line:323] INFO expense           18016420.0
2025-04-28 02:42:47,181 fedbase.py run [line:324] INFO Eval Time Cost:               2.0718s
2025-04-28 02:42:47,181 asyncbase.py iterate [line:68] INFO Select clients [0, 1, 2, 3, 4, 5, 6, 7, 8, 9, 10, 11, 12, 13, 14, 15, 16, 17, 18, 19] at time 911.
2025-04-28 02:43:46,258 asyncbase.py iterate [line:73] INFO Receive new models from clients [5, 18, 14, 0, 17, 19, 15, 11] at time 924
2025-04-28 02:43:46,259 asyncbase.py iterate [line:73] INFO Receive new models from clients [13, 8, 4, 6, 9, 16, 7, 3, 12, 2] at time 925
2025-04-28 02:43:46,259 asyncbase.py iterate [line:73] INFO Receive new models from clients [1, 10] at time 926
2025-04-28 02:43:46,327 fedbase.py run [line:318] INFO --------------Round 61--------------
2025-04-28 02:43:46,327 simple_logger.py log_once [line:14] INFO Current_time:926
2025-04-28 02:43:48,411 simple_logger.py log_once [line:28] INFO test_accuracy                 0.1135
2025-04-28 02:43:48,411 simple_logger.py log_once [line:28] INFO test_loss                     2.3010
2025-04-28 02:43:48,411 simple_logger.py log_once [line:28] INFO val_accuracy                  0.1167
2025-04-28 02:43:48,412 simple_logger.py log_once [line:28] INFO mean_val_accuracy             0.1167
2025-04-28 02:43:48,412 simple_logger.py log_once [line:28] INFO std_val_accuracy              0.0193
2025-04-28 02:43:48,412 simple_logger.py log_once [line:28] INFO val_loss                      2.3002
2025-04-28 02:43:48,412 simple_logger.py log_once [line:28] INFO mean_val_loss                 2.3002
2025-04-28 02:43:48,412 simple_logger.py log_once [line:28] INFO std_val_loss                  0.0024
2025-04-28 02:43:48,412 fedbase.py run [line:323] INFO expense           18040260.0
2025-04-28 02:43:48,412 fedbase.py run [line:324] INFO Eval Time Cost:               2.0845s
2025-04-28 02:43:48,412 asyncbase.py iterate [line:68] INFO Select clients [0, 1, 2, 3, 4, 5, 6, 7, 8, 9, 10, 11, 12, 13, 14, 15, 16, 17, 18, 19] at time 927.
2025-04-28 02:45:07,153 asyncbase.py iterate [line:73] INFO Receive new models from clients [19, 12, 7, 16] at time 939
2025-04-28 02:45:07,154 asyncbase.py iterate [line:73] INFO Receive new models from clients [11, 15, 17, 1, 10, 13] at time 940
2025-04-28 02:45:07,154 asyncbase.py iterate [line:73] INFO Receive new models from clients [5, 8, 4, 2, 6] at time 941
2025-04-28 02:45:07,154 asyncbase.py iterate [line:73] INFO Receive new models from clients [14, 0, 18, 9, 3] at time 942
2025-04-28 02:45:07,246 fedbase.py run [line:318] INFO --------------Round 62--------------
2025-04-28 02:45:07,246 simple_logger.py log_once [line:14] INFO Current_time:942
2025-04-28 02:45:09,374 simple_logger.py log_once [line:28] INFO test_accuracy                 0.1135
2025-04-28 02:45:09,374 simple_logger.py log_once [line:28] INFO test_loss                     2.3010
2025-04-28 02:45:09,374 simple_logger.py log_once [line:28] INFO val_accuracy                  0.1167
2025-04-28 02:45:09,374 simple_logger.py log_once [line:28] INFO mean_val_accuracy             0.1167
2025-04-28 02:45:09,374 simple_logger.py log_once [line:28] INFO std_val_accuracy              0.0193
2025-04-28 02:45:09,374 simple_logger.py log_once [line:28] INFO val_loss                      2.3002
2025-04-28 02:45:09,374 simple_logger.py log_once [line:28] INFO mean_val_loss                 2.3002
2025-04-28 02:45:09,374 simple_logger.py log_once [line:28] INFO std_val_loss                  0.0023
2025-04-28 02:45:09,375 fedbase.py run [line:323] INFO expense           18064100.0
2025-04-28 02:45:09,375 fedbase.py run [line:324] INFO Eval Time Cost:               2.1287s
2025-04-28 02:45:09,375 asyncbase.py iterate [line:68] INFO Select clients [0, 1, 2, 3, 4, 5, 6, 7, 8, 9, 10, 11, 12, 13, 14, 15, 16, 17, 18, 19] at time 943.
2025-04-28 02:46:37,393 asyncbase.py iterate [line:73] INFO Receive new models from clients [14, 4, 2] at time 955
2025-04-28 02:46:37,393 asyncbase.py iterate [line:73] INFO Receive new models from clients [18, 19, 6, 8, 13, 5, 7] at time 956
2025-04-28 02:46:37,393 asyncbase.py iterate [line:73] INFO Receive new models from clients [11, 3, 9, 12, 17, 10, 15] at time 957
2025-04-28 02:46:37,393 asyncbase.py iterate [line:73] INFO Receive new models from clients [0, 16, 1] at time 958
2025-04-28 02:46:37,480 fedbase.py run [line:318] INFO --------------Round 63--------------
2025-04-28 02:46:37,480 simple_logger.py log_once [line:14] INFO Current_time:958
2025-04-28 02:46:39,682 simple_logger.py log_once [line:28] INFO test_accuracy                 0.1135
2025-04-28 02:46:39,682 simple_logger.py log_once [line:28] INFO test_loss                     2.3010
2025-04-28 02:46:39,682 simple_logger.py log_once [line:28] INFO val_accuracy                  0.1167
2025-04-28 02:46:39,682 simple_logger.py log_once [line:28] INFO mean_val_accuracy             0.1167
2025-04-28 02:46:39,682 simple_logger.py log_once [line:28] INFO std_val_accuracy              0.0193
2025-04-28 02:46:39,682 simple_logger.py log_once [line:28] INFO val_loss                      2.3002
2025-04-28 02:46:39,683 simple_logger.py log_once [line:28] INFO mean_val_loss                 2.3002
2025-04-28 02:46:39,683 simple_logger.py log_once [line:28] INFO std_val_loss                  0.0023
2025-04-28 02:46:39,683 fedbase.py run [line:323] INFO expense           18087940.0
2025-04-28 02:46:39,683 fedbase.py run [line:324] INFO Eval Time Cost:               2.2030s
2025-04-28 02:46:39,683 asyncbase.py iterate [line:68] INFO Select clients [0, 1, 2, 3, 4, 5, 6, 7, 8, 9, 10, 11, 12, 13, 14, 15, 16, 17, 18, 19] at time 959.
2025-04-28 02:47:54,036 asyncbase.py iterate [line:73] INFO Receive new models from clients [18, 10, 15] at time 971
2025-04-28 02:47:54,037 asyncbase.py iterate [line:73] INFO Receive new models from clients [3, 16, 8, 5, 4, 0, 17, 19] at time 972
2025-04-28 02:47:54,037 asyncbase.py iterate [line:73] INFO Receive new models from clients [12, 2, 7, 14, 1, 11] at time 973
2025-04-28 02:47:54,037 asyncbase.py iterate [line:73] INFO Receive new models from clients [9, 13, 6] at time 974
2025-04-28 02:47:54,114 fedbase.py run [line:318] INFO --------------Round 64--------------
2025-04-28 02:47:54,114 simple_logger.py log_once [line:14] INFO Current_time:974
2025-04-28 02:47:56,229 simple_logger.py log_once [line:28] INFO test_accuracy                 0.1135
2025-04-28 02:47:56,229 simple_logger.py log_once [line:28] INFO test_loss                     2.3010
2025-04-28 02:47:56,229 simple_logger.py log_once [line:28] INFO val_accuracy                  0.1167
2025-04-28 02:47:56,229 simple_logger.py log_once [line:28] INFO mean_val_accuracy             0.1167
2025-04-28 02:47:56,229 simple_logger.py log_once [line:28] INFO std_val_accuracy              0.0193
2025-04-28 02:47:56,229 simple_logger.py log_once [line:28] INFO val_loss                      2.3003
2025-04-28 02:47:56,229 simple_logger.py log_once [line:28] INFO mean_val_loss                 2.3003
2025-04-28 02:47:56,229 simple_logger.py log_once [line:28] INFO std_val_loss                  0.0023
2025-04-28 02:47:56,229 fedbase.py run [line:323] INFO expense           18111780.0
2025-04-28 02:47:56,229 fedbase.py run [line:324] INFO Eval Time Cost:               2.1154s
2025-04-28 02:47:56,230 asyncbase.py iterate [line:68] INFO Select clients [0, 1, 2, 3, 4, 5, 6, 7, 8, 9, 10, 11, 12, 13, 14, 15, 16, 17, 18, 19] at time 975.
2025-04-28 02:49:20,822 asyncbase.py iterate [line:73] INFO Receive new models from clients [11, 18, 0] at time 987
2025-04-28 02:49:20,822 asyncbase.py iterate [line:73] INFO Receive new models from clients [5, 15, 10, 2, 12, 13] at time 988
2025-04-28 02:49:20,822 asyncbase.py iterate [line:73] INFO Receive new models from clients [8, 1, 4, 16, 6, 19, 17, 14, 7, 3, 9] at time 989
2025-04-28 02:49:20,898 fedbase.py run [line:318] INFO --------------Round 65--------------
2025-04-28 02:49:20,898 simple_logger.py log_once [line:14] INFO Current_time:989
2025-04-28 02:49:23,108 simple_logger.py log_once [line:28] INFO test_accuracy                 0.1135
2025-04-28 02:49:23,108 simple_logger.py log_once [line:28] INFO test_loss                     2.3010
2025-04-28 02:49:23,108 simple_logger.py log_once [line:28] INFO val_accuracy                  0.1167
2025-04-28 02:49:23,108 simple_logger.py log_once [line:28] INFO mean_val_accuracy             0.1167
2025-04-28 02:49:23,108 simple_logger.py log_once [line:28] INFO std_val_accuracy              0.0193
2025-04-28 02:49:23,108 simple_logger.py log_once [line:28] INFO val_loss                      2.3003
2025-04-28 02:49:23,108 simple_logger.py log_once [line:28] INFO mean_val_loss                 2.3003
2025-04-28 02:49:23,108 simple_logger.py log_once [line:28] INFO std_val_loss                  0.0023
2025-04-28 02:49:23,108 fedbase.py run [line:323] INFO expense           18135620.0
2025-04-28 02:49:23,108 fedbase.py run [line:324] INFO Eval Time Cost:               2.2101s
2025-04-28 02:49:23,108 asyncbase.py iterate [line:68] INFO Select clients [0, 1, 2, 3, 4, 5, 6, 7, 8, 9, 10, 11, 12, 13, 14, 15, 16, 17, 18, 19] at time 990.
2025-04-28 02:50:37,237 asyncbase.py iterate [line:73] INFO Receive new models from clients [8, 0] at time 1002
2025-04-28 02:50:37,237 asyncbase.py iterate [line:73] INFO Receive new models from clients [11, 6, 9, 14, 4, 13, 10] at time 1003
2025-04-28 02:50:37,237 asyncbase.py iterate [line:73] INFO Receive new models from clients [16, 2, 17, 15, 12, 7, 5, 19, 18, 3] at time 1004
2025-04-28 02:50:37,238 asyncbase.py iterate [line:73] INFO Receive new models from clients [1] at time 1005
2025-04-28 02:50:37,300 fedbase.py run [line:318] INFO --------------Round 66--------------
2025-04-28 02:50:37,300 simple_logger.py log_once [line:14] INFO Current_time:1005
2025-04-28 02:50:39,428 simple_logger.py log_once [line:28] INFO test_accuracy                 0.1135
2025-04-28 02:50:39,428 simple_logger.py log_once [line:28] INFO test_loss                     2.3010
2025-04-28 02:50:39,428 simple_logger.py log_once [line:28] INFO val_accuracy                  0.1167
2025-04-28 02:50:39,428 simple_logger.py log_once [line:28] INFO mean_val_accuracy             0.1167
2025-04-28 02:50:39,428 simple_logger.py log_once [line:28] INFO std_val_accuracy              0.0193
2025-04-28 02:50:39,428 simple_logger.py log_once [line:28] INFO val_loss                      2.3002
2025-04-28 02:50:39,428 simple_logger.py log_once [line:28] INFO mean_val_loss                 2.3002
2025-04-28 02:50:39,428 simple_logger.py log_once [line:28] INFO std_val_loss                  0.0024
2025-04-28 02:50:39,428 fedbase.py run [line:323] INFO expense           18159460.0
2025-04-28 02:50:39,428 fedbase.py run [line:324] INFO Eval Time Cost:               2.1279s
2025-04-28 02:50:39,428 asyncbase.py iterate [line:68] INFO Select clients [0, 1, 2, 3, 4, 5, 6, 7, 8, 9, 10, 11, 12, 13, 14, 15, 16, 17, 18, 19] at time 1006.
2025-04-28 02:52:03,886 asyncbase.py iterate [line:73] INFO Receive new models from clients [17, 9, 8, 12] at time 1018
2025-04-28 02:52:03,886 asyncbase.py iterate [line:73] INFO Receive new models from clients [18, 3, 14, 10, 11, 7, 5, 16, 13] at time 1019
2025-04-28 02:52:03,887 asyncbase.py iterate [line:73] INFO Receive new models from clients [19, 0, 4, 6, 15] at time 1020
2025-04-28 02:52:03,887 asyncbase.py iterate [line:73] INFO Receive new models from clients [2, 1] at time 1021
2025-04-28 02:52:03,967 fedbase.py run [line:318] INFO --------------Round 67--------------
2025-04-28 02:52:03,967 simple_logger.py log_once [line:14] INFO Current_time:1021
2025-04-28 02:52:06,140 simple_logger.py log_once [line:28] INFO test_accuracy                 0.1135
2025-04-28 02:52:06,140 simple_logger.py log_once [line:28] INFO test_loss                     2.3010
2025-04-28 02:52:06,140 simple_logger.py log_once [line:28] INFO val_accuracy                  0.1167
2025-04-28 02:52:06,140 simple_logger.py log_once [line:28] INFO mean_val_accuracy             0.1167
2025-04-28 02:52:06,140 simple_logger.py log_once [line:28] INFO std_val_accuracy              0.0193
2025-04-28 02:52:06,140 simple_logger.py log_once [line:28] INFO val_loss                      2.3002
2025-04-28 02:52:06,140 simple_logger.py log_once [line:28] INFO mean_val_loss                 2.3002
2025-04-28 02:52:06,140 simple_logger.py log_once [line:28] INFO std_val_loss                  0.0025
2025-04-28 02:52:06,140 fedbase.py run [line:323] INFO expense           18183300.0
2025-04-28 02:52:06,140 fedbase.py run [line:324] INFO Eval Time Cost:               2.1731s
2025-04-28 02:52:06,140 asyncbase.py iterate [line:68] INFO Select clients [0, 1, 2, 3, 4, 5, 6, 7, 8, 9, 10, 11, 12, 13, 14, 15, 16, 17, 18, 19] at time 1022.
2025-04-28 02:53:19,890 asyncbase.py iterate [line:73] INFO Receive new models from clients [18, 4] at time 1034
2025-04-28 02:53:19,891 asyncbase.py iterate [line:73] INFO Receive new models from clients [0, 19, 16, 8, 5, 12, 2, 6, 3] at time 1035
2025-04-28 02:53:19,891 asyncbase.py iterate [line:73] INFO Receive new models from clients [13, 14, 10, 17, 11, 1, 7, 15, 9] at time 1036
2025-04-28 02:53:19,970 fedbase.py run [line:318] INFO --------------Round 68--------------
2025-04-28 02:53:19,970 simple_logger.py log_once [line:14] INFO Current_time:1036
2025-04-28 02:53:22,148 simple_logger.py log_once [line:28] INFO test_accuracy                 0.1135
2025-04-28 02:53:22,148 simple_logger.py log_once [line:28] INFO test_loss                     2.3010
2025-04-28 02:53:22,148 simple_logger.py log_once [line:28] INFO val_accuracy                  0.1167
2025-04-28 02:53:22,148 simple_logger.py log_once [line:28] INFO mean_val_accuracy             0.1167
2025-04-28 02:53:22,148 simple_logger.py log_once [line:28] INFO std_val_accuracy              0.0193
2025-04-28 02:53:22,149 simple_logger.py log_once [line:28] INFO val_loss                      2.3002
2025-04-28 02:53:22,149 simple_logger.py log_once [line:28] INFO mean_val_loss                 2.3002
2025-04-28 02:53:22,149 simple_logger.py log_once [line:28] INFO std_val_loss                  0.0024
2025-04-28 02:53:22,149 fedbase.py run [line:323] INFO expense           18207140.0
2025-04-28 02:53:22,149 fedbase.py run [line:324] INFO Eval Time Cost:               2.1783s
2025-04-28 02:53:22,149 asyncbase.py iterate [line:68] INFO Select clients [0, 1, 2, 3, 4, 5, 6, 7, 8, 9, 10, 11, 12, 13, 14, 15, 16, 17, 18, 19] at time 1037.
2025-04-28 02:54:44,311 asyncbase.py iterate [line:73] INFO Receive new models from clients [10, 4, 2, 5, 14] at time 1050
2025-04-28 02:54:44,311 asyncbase.py iterate [line:73] INFO Receive new models from clients [6, 19, 15, 8, 18, 13, 17, 9, 11, 1, 7] at time 1051
2025-04-28 02:54:44,311 asyncbase.py iterate [line:73] INFO Receive new models from clients [3, 12, 0, 16] at time 1052
2025-04-28 02:54:44,392 fedbase.py run [line:318] INFO --------------Round 69--------------
2025-04-28 02:54:44,393 simple_logger.py log_once [line:14] INFO Current_time:1052
2025-04-28 02:54:46,536 simple_logger.py log_once [line:28] INFO test_accuracy                 0.1135
2025-04-28 02:54:46,536 simple_logger.py log_once [line:28] INFO test_loss                     2.3010
2025-04-28 02:54:46,536 simple_logger.py log_once [line:28] INFO val_accuracy                  0.1167
2025-04-28 02:54:46,536 simple_logger.py log_once [line:28] INFO mean_val_accuracy             0.1167
2025-04-28 02:54:46,536 simple_logger.py log_once [line:28] INFO std_val_accuracy              0.0193
2025-04-28 02:54:46,536 simple_logger.py log_once [line:28] INFO val_loss                      2.3002
2025-04-28 02:54:46,536 simple_logger.py log_once [line:28] INFO mean_val_loss                 2.3002
2025-04-28 02:54:46,536 simple_logger.py log_once [line:28] INFO std_val_loss                  0.0024
2025-04-28 02:54:46,536 fedbase.py run [line:323] INFO expense           18230980.0
2025-04-28 02:54:46,536 fedbase.py run [line:324] INFO Eval Time Cost:               2.1437s
2025-04-28 02:54:46,536 asyncbase.py iterate [line:68] INFO Select clients [0, 1, 2, 3, 4, 5, 6, 7, 8, 9, 10, 11, 12, 13, 14, 15, 16, 17, 18, 19] at time 1053.
2025-04-28 02:55:59,651 asyncbase.py iterate [line:73] INFO Receive new models from clients [12] at time 1065
2025-04-28 02:55:59,651 asyncbase.py iterate [line:73] INFO Receive new models from clients [7, 6, 14, 4, 15, 0, 10, 1, 3, 16] at time 1066
2025-04-28 02:55:59,651 asyncbase.py iterate [line:73] INFO Receive new models from clients [2, 13, 17, 8, 19, 18, 11, 9] at time 1067
2025-04-28 02:55:59,652 asyncbase.py iterate [line:73] INFO Receive new models from clients [5] at time 1068
2025-04-28 02:55:59,720 fedbase.py run [line:318] INFO --------------Round 70--------------
2025-04-28 02:55:59,720 simple_logger.py log_once [line:14] INFO Current_time:1068
2025-04-28 02:56:01,879 simple_logger.py log_once [line:28] INFO test_accuracy                 0.1135
2025-04-28 02:56:01,879 simple_logger.py log_once [line:28] INFO test_loss                     2.3010
2025-04-28 02:56:01,879 simple_logger.py log_once [line:28] INFO val_accuracy                  0.1167
2025-04-28 02:56:01,879 simple_logger.py log_once [line:28] INFO mean_val_accuracy             0.1167
2025-04-28 02:56:01,879 simple_logger.py log_once [line:28] INFO std_val_accuracy              0.0193
2025-04-28 02:56:01,879 simple_logger.py log_once [line:28] INFO val_loss                      2.3002
2025-04-28 02:56:01,879 simple_logger.py log_once [line:28] INFO mean_val_loss                 2.3002
2025-04-28 02:56:01,879 simple_logger.py log_once [line:28] INFO std_val_loss                  0.0024
2025-04-28 02:56:01,879 fedbase.py run [line:323] INFO expense           18254820.0
2025-04-28 02:56:01,880 fedbase.py run [line:324] INFO Eval Time Cost:               2.1592s
2025-04-28 02:56:01,880 asyncbase.py iterate [line:68] INFO Select clients [0, 1, 2, 3, 4, 5, 6, 7, 8, 9, 10, 11, 12, 13, 14, 15, 16, 17, 18, 19] at time 1069.
2025-04-28 02:57:22,980 asyncbase.py iterate [line:73] INFO Receive new models from clients [9, 16] at time 1081
2025-04-28 02:57:22,980 asyncbase.py iterate [line:73] INFO Receive new models from clients [4, 11, 5, 15, 2, 17, 12, 3, 8] at time 1082
2025-04-28 02:57:22,981 asyncbase.py iterate [line:73] INFO Receive new models from clients [10, 6, 0, 14, 1, 19, 7, 13] at time 1083
2025-04-28 02:57:22,981 asyncbase.py iterate [line:73] INFO Receive new models from clients [18] at time 1084
2025-04-28 02:57:23,060 fedbase.py run [line:318] INFO --------------Round 71--------------
2025-04-28 02:57:23,060 simple_logger.py log_once [line:14] INFO Current_time:1084
2025-04-28 02:57:25,244 simple_logger.py log_once [line:28] INFO test_accuracy                 0.1135
2025-04-28 02:57:25,245 simple_logger.py log_once [line:28] INFO test_loss                     2.3010
2025-04-28 02:57:25,245 simple_logger.py log_once [line:28] INFO val_accuracy                  0.1167
2025-04-28 02:57:25,245 simple_logger.py log_once [line:28] INFO mean_val_accuracy             0.1167
2025-04-28 02:57:25,245 simple_logger.py log_once [line:28] INFO std_val_accuracy              0.0193
2025-04-28 02:57:25,245 simple_logger.py log_once [line:28] INFO val_loss                      2.3002
2025-04-28 02:57:25,245 simple_logger.py log_once [line:28] INFO mean_val_loss                 2.3002
2025-04-28 02:57:25,245 simple_logger.py log_once [line:28] INFO std_val_loss                  0.0024
2025-04-28 02:57:25,245 fedbase.py run [line:323] INFO expense           18278660.0
2025-04-28 02:57:25,245 fedbase.py run [line:324] INFO Eval Time Cost:               2.1849s
2025-04-28 02:57:25,245 asyncbase.py iterate [line:68] INFO Select clients [0, 1, 2, 3, 4, 5, 6, 7, 8, 9, 10, 11, 12, 13, 14, 15, 16, 17, 18, 19] at time 1085.
2025-04-28 02:58:42,363 asyncbase.py iterate [line:73] INFO Receive new models from clients [0] at time 1097
2025-04-28 02:58:42,364 asyncbase.py iterate [line:73] INFO Receive new models from clients [3, 7, 17, 18, 2, 16, 5, 10, 6] at time 1098
2025-04-28 02:58:42,364 asyncbase.py iterate [line:73] INFO Receive new models from clients [15, 13, 1, 11, 8, 12, 19, 14, 9] at time 1099
2025-04-28 02:58:42,364 asyncbase.py iterate [line:73] INFO Receive new models from clients [4] at time 1100
2025-04-28 02:58:42,430 fedbase.py run [line:318] INFO --------------Round 72--------------
2025-04-28 02:58:42,430 simple_logger.py log_once [line:14] INFO Current_time:1100
2025-04-28 02:58:44,549 simple_logger.py log_once [line:28] INFO test_accuracy                 0.1135
2025-04-28 02:58:44,549 simple_logger.py log_once [line:28] INFO test_loss                     2.3010
2025-04-28 02:58:44,549 simple_logger.py log_once [line:28] INFO val_accuracy                  0.1167
2025-04-28 02:58:44,549 simple_logger.py log_once [line:28] INFO mean_val_accuracy             0.1167
2025-04-28 02:58:44,549 simple_logger.py log_once [line:28] INFO std_val_accuracy              0.0193
2025-04-28 02:58:44,549 simple_logger.py log_once [line:28] INFO val_loss                      2.3002
2025-04-28 02:58:44,549 simple_logger.py log_once [line:28] INFO mean_val_loss                 2.3002
2025-04-28 02:58:44,549 simple_logger.py log_once [line:28] INFO std_val_loss                  0.0024
2025-04-28 02:58:44,549 fedbase.py run [line:323] INFO expense           18302500.0
2025-04-28 02:58:44,549 fedbase.py run [line:324] INFO Eval Time Cost:               2.1188s
2025-04-28 02:58:44,549 asyncbase.py iterate [line:68] INFO Select clients [0, 1, 2, 3, 4, 5, 6, 7, 8, 9, 10, 11, 12, 13, 14, 15, 16, 17, 18, 19] at time 1101.
2025-04-28 03:00:07,963 asyncbase.py iterate [line:73] INFO Receive new models from clients [4] at time 1113
2025-04-28 03:00:07,963 asyncbase.py iterate [line:73] INFO Receive new models from clients [16, 3, 19, 1, 13, 0, 15, 14, 17, 9, 7] at time 1114
2025-04-28 03:00:07,963 asyncbase.py iterate [line:73] INFO Receive new models from clients [12, 6, 11, 5] at time 1115
2025-04-28 03:00:07,964 asyncbase.py iterate [line:73] INFO Receive new models from clients [10, 18, 8, 2] at time 1116
2025-04-28 03:00:08,032 fedbase.py run [line:318] INFO --------------Round 73--------------
2025-04-28 03:00:08,032 simple_logger.py log_once [line:14] INFO Current_time:1116
2025-04-28 03:00:10,242 simple_logger.py log_once [line:28] INFO test_accuracy                 0.1135
2025-04-28 03:00:10,242 simple_logger.py log_once [line:28] INFO test_loss                     2.3010
2025-04-28 03:00:10,242 simple_logger.py log_once [line:28] INFO val_accuracy                  0.1167
2025-04-28 03:00:10,242 simple_logger.py log_once [line:28] INFO mean_val_accuracy             0.1167
2025-04-28 03:00:10,242 simple_logger.py log_once [line:28] INFO std_val_accuracy              0.0193
2025-04-28 03:00:10,242 simple_logger.py log_once [line:28] INFO val_loss                      2.3002
2025-04-28 03:00:10,242 simple_logger.py log_once [line:28] INFO mean_val_loss                 2.3002
2025-04-28 03:00:10,242 simple_logger.py log_once [line:28] INFO std_val_loss                  0.0024
2025-04-28 03:00:10,242 fedbase.py run [line:323] INFO expense           18326340.0
2025-04-28 03:00:10,242 fedbase.py run [line:324] INFO Eval Time Cost:               2.2104s
2025-04-28 03:00:10,242 asyncbase.py iterate [line:68] INFO Select clients [0, 1, 2, 3, 4, 5, 6, 7, 8, 9, 10, 11, 12, 13, 14, 15, 16, 17, 18, 19] at time 1117.
2025-04-28 03:01:29,571 asyncbase.py iterate [line:73] INFO Receive new models from clients [3, 9, 12] at time 1129
2025-04-28 03:01:29,571 asyncbase.py iterate [line:73] INFO Receive new models from clients [8, 2, 1, 16, 11, 13, 7] at time 1130
2025-04-28 03:01:29,572 asyncbase.py iterate [line:73] INFO Receive new models from clients [19, 17, 5, 6, 10, 4, 15, 18, 0] at time 1131
2025-04-28 03:01:29,572 asyncbase.py iterate [line:73] INFO Receive new models from clients [14] at time 1132
2025-04-28 03:01:29,650 fedbase.py run [line:318] INFO --------------Round 74--------------
2025-04-28 03:01:29,650 simple_logger.py log_once [line:14] INFO Current_time:1132
2025-04-28 03:01:31,785 simple_logger.py log_once [line:28] INFO test_accuracy                 0.1135
2025-04-28 03:01:31,786 simple_logger.py log_once [line:28] INFO test_loss                     2.3010
2025-04-28 03:01:31,786 simple_logger.py log_once [line:28] INFO val_accuracy                  0.1167
2025-04-28 03:01:31,786 simple_logger.py log_once [line:28] INFO mean_val_accuracy             0.1167
2025-04-28 03:01:31,786 simple_logger.py log_once [line:28] INFO std_val_accuracy              0.0193
2025-04-28 03:01:31,786 simple_logger.py log_once [line:28] INFO val_loss                      2.3002
2025-04-28 03:01:31,786 simple_logger.py log_once [line:28] INFO mean_val_loss                 2.3002
2025-04-28 03:01:31,786 simple_logger.py log_once [line:28] INFO std_val_loss                  0.0024
2025-04-28 03:01:31,786 fedbase.py run [line:323] INFO expense           18350180.0
2025-04-28 03:01:31,786 fedbase.py run [line:324] INFO Eval Time Cost:               2.1362s
2025-04-28 03:01:31,786 asyncbase.py iterate [line:68] INFO Select clients [0, 1, 2, 3, 4, 5, 6, 7, 8, 9, 10, 11, 12, 13, 14, 15, 16, 17, 18, 19] at time 1133.
2025-04-28 03:02:51,106 asyncbase.py iterate [line:73] INFO Receive new models from clients [9, 8] at time 1145
2025-04-28 03:02:51,107 asyncbase.py iterate [line:73] INFO Receive new models from clients [7, 5, 0, 14, 19, 1, 13, 18, 11, 16, 10] at time 1146
2025-04-28 03:02:51,107 asyncbase.py iterate [line:73] INFO Receive new models from clients [3, 15, 2, 17, 6] at time 1147
2025-04-28 03:02:51,107 asyncbase.py iterate [line:73] INFO Receive new models from clients [4, 12] at time 1148
2025-04-28 03:02:51,192 fedbase.py run [line:318] INFO --------------Round 75--------------
2025-04-28 03:02:51,192 simple_logger.py log_once [line:14] INFO Current_time:1148
2025-04-28 03:02:53,352 simple_logger.py log_once [line:28] INFO test_accuracy                 0.1135
2025-04-28 03:02:53,353 simple_logger.py log_once [line:28] INFO test_loss                     2.3010
2025-04-28 03:02:53,353 simple_logger.py log_once [line:28] INFO val_accuracy                  0.1167
2025-04-28 03:02:53,353 simple_logger.py log_once [line:28] INFO mean_val_accuracy             0.1167
2025-04-28 03:02:53,353 simple_logger.py log_once [line:28] INFO std_val_accuracy              0.0193
2025-04-28 03:02:53,353 simple_logger.py log_once [line:28] INFO val_loss                      2.3002
2025-04-28 03:02:53,353 simple_logger.py log_once [line:28] INFO mean_val_loss                 2.3002
2025-04-28 03:02:53,353 simple_logger.py log_once [line:28] INFO std_val_loss                  0.0024
2025-04-28 03:02:53,353 fedbase.py run [line:323] INFO expense           18374020.0
2025-04-28 03:02:53,353 fedbase.py run [line:324] INFO Eval Time Cost:               2.1611s
2025-04-28 03:02:53,353 asyncbase.py iterate [line:68] INFO Select clients [0, 1, 2, 3, 4, 5, 6, 7, 8, 9, 10, 11, 12, 13, 14, 15, 16, 17, 18, 19] at time 1149.
2025-04-28 03:04:18,723 asyncbase.py iterate [line:73] INFO Receive new models from clients [8, 7, 16] at time 1161
2025-04-28 03:04:18,723 asyncbase.py iterate [line:73] INFO Receive new models from clients [12, 4, 11, 2, 18, 14, 1, 19, 15] at time 1162
2025-04-28 03:04:18,724 asyncbase.py iterate [line:73] INFO Receive new models from clients [10, 9, 0, 13, 3, 6, 17, 5] at time 1163
2025-04-28 03:04:18,809 fedbase.py run [line:318] INFO --------------Round 76--------------
2025-04-28 03:04:18,809 simple_logger.py log_once [line:14] INFO Current_time:1163
2025-04-28 03:04:20,908 simple_logger.py log_once [line:28] INFO test_accuracy                 0.1135
2025-04-28 03:04:20,908 simple_logger.py log_once [line:28] INFO test_loss                     2.3010
2025-04-28 03:04:20,908 simple_logger.py log_once [line:28] INFO val_accuracy                  0.1167
2025-04-28 03:04:20,908 simple_logger.py log_once [line:28] INFO mean_val_accuracy             0.1167
2025-04-28 03:04:20,908 simple_logger.py log_once [line:28] INFO std_val_accuracy              0.0193
2025-04-28 03:04:20,908 simple_logger.py log_once [line:28] INFO val_loss                      2.3002
2025-04-28 03:04:20,908 simple_logger.py log_once [line:28] INFO mean_val_loss                 2.3002
2025-04-28 03:04:20,908 simple_logger.py log_once [line:28] INFO std_val_loss                  0.0024
2025-04-28 03:04:20,908 fedbase.py run [line:323] INFO expense           18397860.0
2025-04-28 03:04:20,909 fedbase.py run [line:324] INFO Eval Time Cost:               2.0992s
2025-04-28 03:04:20,909 asyncbase.py iterate [line:68] INFO Select clients [0, 1, 2, 3, 4, 5, 6, 7, 8, 9, 10, 11, 12, 13, 14, 15, 16, 17, 18, 19] at time 1164.
2025-04-28 03:05:43,058 asyncbase.py iterate [line:73] INFO Receive new models from clients [3, 10, 1] at time 1176
2025-04-28 03:05:43,058 asyncbase.py iterate [line:73] INFO Receive new models from clients [11, 4, 15, 16, 19, 8] at time 1177
2025-04-28 03:05:43,058 asyncbase.py iterate [line:73] INFO Receive new models from clients [0, 2, 13, 17, 18, 5, 14, 6, 9] at time 1178
2025-04-28 03:05:43,059 asyncbase.py iterate [line:73] INFO Receive new models from clients [7, 12] at time 1179
2025-04-28 03:05:43,121 fedbase.py run [line:318] INFO --------------Round 77--------------
2025-04-28 03:05:43,121 simple_logger.py log_once [line:14] INFO Current_time:1179
2025-04-28 03:05:45,265 simple_logger.py log_once [line:28] INFO test_accuracy                 0.1135
2025-04-28 03:05:45,265 simple_logger.py log_once [line:28] INFO test_loss                     2.3010
2025-04-28 03:05:45,265 simple_logger.py log_once [line:28] INFO val_accuracy                  0.1167
2025-04-28 03:05:45,265 simple_logger.py log_once [line:28] INFO mean_val_accuracy             0.1167
2025-04-28 03:05:45,265 simple_logger.py log_once [line:28] INFO std_val_accuracy              0.0193
2025-04-28 03:05:45,265 simple_logger.py log_once [line:28] INFO val_loss                      2.3002
2025-04-28 03:05:45,265 simple_logger.py log_once [line:28] INFO mean_val_loss                 2.3002
2025-04-28 03:05:45,265 simple_logger.py log_once [line:28] INFO std_val_loss                  0.0024
2025-04-28 03:05:45,266 fedbase.py run [line:323] INFO expense           18421700.0
2025-04-28 03:05:45,266 fedbase.py run [line:324] INFO Eval Time Cost:               2.1446s
2025-04-28 03:05:45,266 asyncbase.py iterate [line:68] INFO Select clients [0, 1, 2, 3, 4, 5, 6, 7, 8, 9, 10, 11, 12, 13, 14, 15, 16, 17, 18, 19] at time 1180.
2025-04-28 03:07:05,044 asyncbase.py iterate [line:73] INFO Receive new models from clients [12, 9] at time 1192
2025-04-28 03:07:05,045 asyncbase.py iterate [line:73] INFO Receive new models from clients [3, 5, 15, 2, 0, 16] at time 1193
2025-04-28 03:07:05,045 asyncbase.py iterate [line:73] INFO Receive new models from clients [7, 4, 8, 6, 1, 17, 19, 14, 10, 13] at time 1194
2025-04-28 03:07:05,045 asyncbase.py iterate [line:73] INFO Receive new models from clients [11, 18] at time 1195
2025-04-28 03:07:05,107 fedbase.py run [line:318] INFO --------------Round 78--------------
2025-04-28 03:07:05,107 simple_logger.py log_once [line:14] INFO Current_time:1195
2025-04-28 03:07:07,240 simple_logger.py log_once [line:28] INFO test_accuracy                 0.1135
2025-04-28 03:07:07,240 simple_logger.py log_once [line:28] INFO test_loss                     2.3010
2025-04-28 03:07:07,240 simple_logger.py log_once [line:28] INFO val_accuracy                  0.1167
2025-04-28 03:07:07,240 simple_logger.py log_once [line:28] INFO mean_val_accuracy             0.1167
2025-04-28 03:07:07,240 simple_logger.py log_once [line:28] INFO std_val_accuracy              0.0193
2025-04-28 03:07:07,241 simple_logger.py log_once [line:28] INFO val_loss                      2.3002
2025-04-28 03:07:07,241 simple_logger.py log_once [line:28] INFO mean_val_loss                 2.3002
2025-04-28 03:07:07,241 simple_logger.py log_once [line:28] INFO std_val_loss                  0.0024
2025-04-28 03:07:07,241 fedbase.py run [line:323] INFO expense           18445540.0
2025-04-28 03:07:07,241 fedbase.py run [line:324] INFO Eval Time Cost:               2.1337s
2025-04-28 03:07:07,241 asyncbase.py iterate [line:68] INFO Select clients [0, 1, 2, 3, 4, 5, 6, 7, 8, 9, 10, 11, 12, 13, 14, 15, 16, 17, 18, 19] at time 1196.
2025-04-28 03:08:29,537 asyncbase.py iterate [line:73] INFO Receive new models from clients [14, 10] at time 1208
2025-04-28 03:08:29,537 asyncbase.py iterate [line:73] INFO Receive new models from clients [11, 3, 8, 19, 13, 18, 7, 2, 1, 9] at time 1209
2025-04-28 03:08:29,538 asyncbase.py iterate [line:73] INFO Receive new models from clients [4, 15, 16, 17, 6, 5] at time 1210
2025-04-28 03:08:29,538 asyncbase.py iterate [line:73] INFO Receive new models from clients [12, 0] at time 1211
2025-04-28 03:08:29,611 fedbase.py run [line:318] INFO --------------Round 79--------------
2025-04-28 03:08:29,611 simple_logger.py log_once [line:14] INFO Current_time:1211
2025-04-28 03:08:31,819 simple_logger.py log_once [line:28] INFO test_accuracy                 0.1135
2025-04-28 03:08:31,820 simple_logger.py log_once [line:28] INFO test_loss                     2.3010
2025-04-28 03:08:31,820 simple_logger.py log_once [line:28] INFO val_accuracy                  0.1167
2025-04-28 03:08:31,820 simple_logger.py log_once [line:28] INFO mean_val_accuracy             0.1167
2025-04-28 03:08:31,820 simple_logger.py log_once [line:28] INFO std_val_accuracy              0.0193
2025-04-28 03:08:31,820 simple_logger.py log_once [line:28] INFO val_loss                      2.3002
2025-04-28 03:08:31,820 simple_logger.py log_once [line:28] INFO mean_val_loss                 2.3002
2025-04-28 03:08:31,820 simple_logger.py log_once [line:28] INFO std_val_loss                  0.0024
2025-04-28 03:08:31,820 fedbase.py run [line:323] INFO expense           18469380.0
2025-04-28 03:08:31,820 fedbase.py run [line:324] INFO Eval Time Cost:               2.2087s
2025-04-28 03:08:31,820 asyncbase.py iterate [line:68] INFO Select clients [0, 1, 2, 3, 4, 5, 6, 7, 8, 9, 10, 11, 12, 13, 14, 15, 16, 17, 18, 19] at time 1212.
2025-04-28 03:10:00,494 asyncbase.py iterate [line:73] INFO Receive new models from clients [17, 19, 2, 13, 5] at time 1224
2025-04-28 03:10:00,495 asyncbase.py iterate [line:73] INFO Receive new models from clients [6, 9, 3, 4, 16, 7, 1, 18] at time 1225
2025-04-28 03:10:00,495 asyncbase.py iterate [line:73] INFO Receive new models from clients [0, 11, 10, 14, 15, 8] at time 1226
2025-04-28 03:10:00,495 asyncbase.py iterate [line:73] INFO Receive new models from clients [12] at time 1227
2025-04-28 03:10:00,566 fedbase.py run [line:318] INFO --------------Round 80--------------
2025-04-28 03:10:00,567 simple_logger.py log_once [line:14] INFO Current_time:1227
2025-04-28 03:10:02,740 simple_logger.py log_once [line:28] INFO test_accuracy                 0.1135
2025-04-28 03:10:02,740 simple_logger.py log_once [line:28] INFO test_loss                     2.3010
2025-04-28 03:10:02,740 simple_logger.py log_once [line:28] INFO val_accuracy                  0.1167
2025-04-28 03:10:02,740 simple_logger.py log_once [line:28] INFO mean_val_accuracy             0.1167
2025-04-28 03:10:02,740 simple_logger.py log_once [line:28] INFO std_val_accuracy              0.0193
2025-04-28 03:10:02,740 simple_logger.py log_once [line:28] INFO val_loss                      2.3002
2025-04-28 03:10:02,740 simple_logger.py log_once [line:28] INFO mean_val_loss                 2.3002
2025-04-28 03:10:02,740 simple_logger.py log_once [line:28] INFO std_val_loss                  0.0024
2025-04-28 03:10:02,740 fedbase.py run [line:323] INFO expense           18493220.0
2025-04-28 03:10:02,740 fedbase.py run [line:324] INFO Eval Time Cost:               2.1737s
2025-04-28 03:10:02,740 asyncbase.py iterate [line:68] INFO Select clients [0, 1, 2, 3, 4, 5, 6, 7, 8, 9, 10, 11, 12, 13, 14, 15, 16, 17, 18, 19] at time 1228.
2025-04-28 03:11:25,572 asyncbase.py iterate [line:73] INFO Receive new models from clients [13, 10, 16] at time 1240
2025-04-28 03:11:25,572 asyncbase.py iterate [line:73] INFO Receive new models from clients [3, 7, 0, 17, 2, 19, 9, 12, 14, 8] at time 1241
2025-04-28 03:11:25,572 asyncbase.py iterate [line:73] INFO Receive new models from clients [15, 18, 5, 11, 6] at time 1242
2025-04-28 03:11:25,572 asyncbase.py iterate [line:73] INFO Receive new models from clients [4, 1] at time 1243
2025-04-28 03:11:25,652 fedbase.py run [line:318] INFO --------------Round 81--------------
2025-04-28 03:11:25,652 simple_logger.py log_once [line:14] INFO Current_time:1243
2025-04-28 03:11:27,804 simple_logger.py log_once [line:28] INFO test_accuracy                 0.1135
2025-04-28 03:11:27,804 simple_logger.py log_once [line:28] INFO test_loss                     2.3010
2025-04-28 03:11:27,804 simple_logger.py log_once [line:28] INFO val_accuracy                  0.1167
2025-04-28 03:11:27,804 simple_logger.py log_once [line:28] INFO mean_val_accuracy             0.1167
2025-04-28 03:11:27,804 simple_logger.py log_once [line:28] INFO std_val_accuracy              0.0193
2025-04-28 03:11:27,804 simple_logger.py log_once [line:28] INFO val_loss                      2.3002
2025-04-28 03:11:27,804 simple_logger.py log_once [line:28] INFO mean_val_loss                 2.3002
2025-04-28 03:11:27,804 simple_logger.py log_once [line:28] INFO std_val_loss                  0.0024
2025-04-28 03:11:27,804 fedbase.py run [line:323] INFO expense           18517060.0
2025-04-28 03:11:27,804 fedbase.py run [line:324] INFO Eval Time Cost:               2.1526s
2025-04-28 03:11:27,805 asyncbase.py iterate [line:68] INFO Select clients [0, 1, 2, 3, 4, 5, 6, 7, 8, 9, 10, 11, 12, 13, 14, 15, 16, 17, 18, 19] at time 1244.
2025-04-28 03:12:44,396 asyncbase.py iterate [line:73] INFO Receive new models from clients [7, 5, 2, 3] at time 1256
2025-04-28 03:12:44,397 asyncbase.py iterate [line:73] INFO Receive new models from clients [11, 8, 12, 6, 10, 4, 19, 15] at time 1257
2025-04-28 03:12:44,397 asyncbase.py iterate [line:73] INFO Receive new models from clients [1, 0, 13, 9, 18, 14] at time 1258
2025-04-28 03:12:44,397 asyncbase.py iterate [line:73] INFO Receive new models from clients [17, 16] at time 1259
2025-04-28 03:12:44,460 fedbase.py run [line:318] INFO --------------Round 82--------------
2025-04-28 03:12:44,460 simple_logger.py log_once [line:14] INFO Current_time:1259
2025-04-28 03:12:46,570 simple_logger.py log_once [line:28] INFO test_accuracy                 0.1135
2025-04-28 03:12:46,570 simple_logger.py log_once [line:28] INFO test_loss                     2.3010
2025-04-28 03:12:46,571 simple_logger.py log_once [line:28] INFO val_accuracy                  0.1167
2025-04-28 03:12:46,571 simple_logger.py log_once [line:28] INFO mean_val_accuracy             0.1167
2025-04-28 03:12:46,571 simple_logger.py log_once [line:28] INFO std_val_accuracy              0.0193
2025-04-28 03:12:46,571 simple_logger.py log_once [line:28] INFO val_loss                      2.3002
2025-04-28 03:12:46,571 simple_logger.py log_once [line:28] INFO mean_val_loss                 2.3002
2025-04-28 03:12:46,571 simple_logger.py log_once [line:28] INFO std_val_loss                  0.0024
2025-04-28 03:12:46,571 fedbase.py run [line:323] INFO expense           18540900.0
2025-04-28 03:12:46,571 fedbase.py run [line:324] INFO Eval Time Cost:               2.1107s
2025-04-28 03:12:46,571 asyncbase.py iterate [line:68] INFO Select clients [0, 1, 2, 3, 4, 5, 6, 7, 8, 9, 10, 11, 12, 13, 14, 15, 16, 17, 18, 19] at time 1260.
2025-04-28 03:14:15,190 asyncbase.py iterate [line:73] INFO Receive new models from clients [6, 17, 0] at time 1272
2025-04-28 03:14:15,191 asyncbase.py iterate [line:73] INFO Receive new models from clients [13, 5, 1, 2, 12, 19, 4, 10, 9] at time 1273
2025-04-28 03:14:15,191 asyncbase.py iterate [line:73] INFO Receive new models from clients [7, 16, 3, 18, 14] at time 1274
2025-04-28 03:14:15,191 asyncbase.py iterate [line:73] INFO Receive new models from clients [8, 15, 11] at time 1275
2025-04-28 03:14:15,265 fedbase.py run [line:318] INFO --------------Round 83--------------
2025-04-28 03:14:15,265 simple_logger.py log_once [line:14] INFO Current_time:1275
2025-04-28 03:14:17,421 simple_logger.py log_once [line:28] INFO test_accuracy                 0.1135
2025-04-28 03:14:17,422 simple_logger.py log_once [line:28] INFO test_loss                     2.3010
2025-04-28 03:14:17,422 simple_logger.py log_once [line:28] INFO val_accuracy                  0.1167
2025-04-28 03:14:17,422 simple_logger.py log_once [line:28] INFO mean_val_accuracy             0.1167
2025-04-28 03:14:17,422 simple_logger.py log_once [line:28] INFO std_val_accuracy              0.0193
2025-04-28 03:14:17,422 simple_logger.py log_once [line:28] INFO val_loss                      2.3002
2025-04-28 03:14:17,422 simple_logger.py log_once [line:28] INFO mean_val_loss                 2.3002
2025-04-28 03:14:17,422 simple_logger.py log_once [line:28] INFO std_val_loss                  0.0024
2025-04-28 03:14:17,422 fedbase.py run [line:323] INFO expense           18564740.0
2025-04-28 03:14:17,422 fedbase.py run [line:324] INFO Eval Time Cost:               2.1572s
2025-04-28 03:14:17,422 asyncbase.py iterate [line:68] INFO Select clients [0, 1, 2, 3, 4, 5, 6, 7, 8, 9, 10, 11, 12, 13, 14, 15, 16, 17, 18, 19] at time 1276.
2025-04-28 03:15:42,747 asyncbase.py iterate [line:73] INFO Receive new models from clients [15, 5] at time 1288
2025-04-28 03:15:42,748 asyncbase.py iterate [line:73] INFO Receive new models from clients [3, 18, 12, 6, 11, 13, 2, 19, 14, 16, 7] at time 1289
2025-04-28 03:15:42,748 asyncbase.py iterate [line:73] INFO Receive new models from clients [1, 0, 17, 4, 8, 9, 10] at time 1290
2025-04-28 03:15:42,834 fedbase.py run [line:318] INFO --------------Round 84--------------
2025-04-28 03:15:42,834 simple_logger.py log_once [line:14] INFO Current_time:1290
2025-04-28 03:15:44,994 simple_logger.py log_once [line:28] INFO test_accuracy                 0.1135
2025-04-28 03:15:44,994 simple_logger.py log_once [line:28] INFO test_loss                     2.3010
2025-04-28 03:15:44,994 simple_logger.py log_once [line:28] INFO val_accuracy                  0.1167
2025-04-28 03:15:44,994 simple_logger.py log_once [line:28] INFO mean_val_accuracy             0.1167
2025-04-28 03:15:44,994 simple_logger.py log_once [line:28] INFO std_val_accuracy              0.0193
2025-04-28 03:15:44,995 simple_logger.py log_once [line:28] INFO val_loss                      2.3002
2025-04-28 03:15:44,995 simple_logger.py log_once [line:28] INFO mean_val_loss                 2.3002
2025-04-28 03:15:44,995 simple_logger.py log_once [line:28] INFO std_val_loss                  0.0025
2025-04-28 03:15:44,995 fedbase.py run [line:323] INFO expense           18588580.0
2025-04-28 03:15:44,995 fedbase.py run [line:324] INFO Eval Time Cost:               2.1604s
2025-04-28 03:15:44,995 asyncbase.py iterate [line:68] INFO Select clients [0, 1, 2, 3, 4, 5, 6, 7, 8, 9, 10, 11, 12, 13, 14, 15, 16, 17, 18, 19] at time 1291.
2025-04-28 03:17:08,173 asyncbase.py iterate [line:73] INFO Receive new models from clients [12, 19, 3, 7, 14, 6, 13, 17, 8, 0] at time 1304
2025-04-28 03:17:08,174 asyncbase.py iterate [line:73] INFO Receive new models from clients [11, 15, 4, 5, 9, 1, 18] at time 1305
2025-04-28 03:17:08,174 asyncbase.py iterate [line:73] INFO Receive new models from clients [10, 16, 2] at time 1306
2025-04-28 03:17:08,238 fedbase.py run [line:318] INFO --------------Round 85--------------
2025-04-28 03:17:08,238 simple_logger.py log_once [line:14] INFO Current_time:1306
2025-04-28 03:17:10,362 simple_logger.py log_once [line:28] INFO test_accuracy                 0.1135
2025-04-28 03:17:10,363 simple_logger.py log_once [line:28] INFO test_loss                     2.3010
2025-04-28 03:17:10,363 simple_logger.py log_once [line:28] INFO val_accuracy                  0.1167
2025-04-28 03:17:10,363 simple_logger.py log_once [line:28] INFO mean_val_accuracy             0.1167
2025-04-28 03:17:10,363 simple_logger.py log_once [line:28] INFO std_val_accuracy              0.0193
2025-04-28 03:17:10,363 simple_logger.py log_once [line:28] INFO val_loss                      2.3002
2025-04-28 03:17:10,363 simple_logger.py log_once [line:28] INFO mean_val_loss                 2.3002
2025-04-28 03:17:10,363 simple_logger.py log_once [line:28] INFO std_val_loss                  0.0025
2025-04-28 03:17:10,363 fedbase.py run [line:323] INFO expense           18612420.0
2025-04-28 03:17:10,363 fedbase.py run [line:324] INFO Eval Time Cost:               2.1248s
2025-04-28 03:17:10,363 asyncbase.py iterate [line:68] INFO Select clients [0, 1, 2, 3, 4, 5, 6, 7, 8, 9, 10, 11, 12, 13, 14, 15, 16, 17, 18, 19] at time 1307.
2025-04-28 03:18:33,547 asyncbase.py iterate [line:73] INFO Receive new models from clients [2, 15, 12, 17, 18, 19, 1, 3, 10, 7, 9] at time 1320
2025-04-28 03:18:33,548 asyncbase.py iterate [line:73] INFO Receive new models from clients [6, 0, 8, 14, 16, 11, 5, 4] at time 1321
2025-04-28 03:18:33,548 asyncbase.py iterate [line:73] INFO Receive new models from clients [13] at time 1322
2025-04-28 03:18:33,633 fedbase.py run [line:318] INFO --------------Round 86--------------
2025-04-28 03:18:33,633 simple_logger.py log_once [line:14] INFO Current_time:1322
2025-04-28 03:18:35,800 simple_logger.py log_once [line:28] INFO test_accuracy                 0.1135
2025-04-28 03:18:35,800 simple_logger.py log_once [line:28] INFO test_loss                     2.3010
2025-04-28 03:18:35,800 simple_logger.py log_once [line:28] INFO val_accuracy                  0.1167
2025-04-28 03:18:35,800 simple_logger.py log_once [line:28] INFO mean_val_accuracy             0.1167
2025-04-28 03:18:35,800 simple_logger.py log_once [line:28] INFO std_val_accuracy              0.0193
2025-04-28 03:18:35,800 simple_logger.py log_once [line:28] INFO val_loss                      2.3002
2025-04-28 03:18:35,800 simple_logger.py log_once [line:28] INFO mean_val_loss                 2.3002
2025-04-28 03:18:35,800 simple_logger.py log_once [line:28] INFO std_val_loss                  0.0025
2025-04-28 03:18:35,800 fedbase.py run [line:323] INFO expense           18636260.0
2025-04-28 03:18:35,800 fedbase.py run [line:324] INFO Eval Time Cost:               2.1673s
2025-04-28 03:18:35,800 asyncbase.py iterate [line:68] INFO Select clients [0, 1, 2, 3, 4, 5, 6, 7, 8, 9, 10, 11, 12, 13, 14, 15, 16, 17, 18, 19] at time 1323.
2025-04-28 03:20:04,312 asyncbase.py iterate [line:73] INFO Receive new models from clients [16, 3] at time 1335
2025-04-28 03:20:04,312 asyncbase.py iterate [line:73] INFO Receive new models from clients [11, 4, 0, 10, 13, 6, 7, 2, 5, 18] at time 1336
2025-04-28 03:20:04,312 asyncbase.py iterate [line:73] INFO Receive new models from clients [1, 19, 15, 17, 8, 9] at time 1337
2025-04-28 03:20:04,312 asyncbase.py iterate [line:73] INFO Receive new models from clients [14, 12] at time 1338
2025-04-28 03:20:04,391 fedbase.py run [line:318] INFO --------------Round 87--------------
2025-04-28 03:20:04,391 simple_logger.py log_once [line:14] INFO Current_time:1338
2025-04-28 03:20:06,498 simple_logger.py log_once [line:28] INFO test_accuracy                 0.1135
2025-04-28 03:20:06,498 simple_logger.py log_once [line:28] INFO test_loss                     2.3010
2025-04-28 03:20:06,498 simple_logger.py log_once [line:28] INFO val_accuracy                  0.1167
2025-04-28 03:20:06,498 simple_logger.py log_once [line:28] INFO mean_val_accuracy             0.1167
2025-04-28 03:20:06,498 simple_logger.py log_once [line:28] INFO std_val_accuracy              0.0193
2025-04-28 03:20:06,498 simple_logger.py log_once [line:28] INFO val_loss                      2.3002
2025-04-28 03:20:06,498 simple_logger.py log_once [line:28] INFO mean_val_loss                 2.3002
2025-04-28 03:20:06,498 simple_logger.py log_once [line:28] INFO std_val_loss                  0.0024
2025-04-28 03:20:06,498 fedbase.py run [line:323] INFO expense           18660100.0
2025-04-28 03:20:06,498 fedbase.py run [line:324] INFO Eval Time Cost:               2.1070s
2025-04-28 03:20:06,499 asyncbase.py iterate [line:68] INFO Select clients [0, 1, 2, 3, 4, 5, 6, 7, 8, 9, 10, 11, 12, 13, 14, 15, 16, 17, 18, 19] at time 1339.
2025-04-28 03:21:29,318 asyncbase.py iterate [line:73] INFO Receive new models from clients [12, 14, 5] at time 1351
2025-04-28 03:21:29,319 asyncbase.py iterate [line:73] INFO Receive new models from clients [3, 0, 16, 17, 6, 1, 4, 18, 13] at time 1352
2025-04-28 03:21:29,319 asyncbase.py iterate [line:73] INFO Receive new models from clients [10, 9, 2, 7, 11, 8] at time 1353
2025-04-28 03:21:29,319 asyncbase.py iterate [line:73] INFO Receive new models from clients [15, 19] at time 1354
2025-04-28 03:21:29,408 fedbase.py run [line:318] INFO --------------Round 88--------------
2025-04-28 03:21:29,408 simple_logger.py log_once [line:14] INFO Current_time:1354
2025-04-28 03:21:31,577 simple_logger.py log_once [line:28] INFO test_accuracy                 0.1135
2025-04-28 03:21:31,578 simple_logger.py log_once [line:28] INFO test_loss                     2.3010
2025-04-28 03:21:31,578 simple_logger.py log_once [line:28] INFO val_accuracy                  0.1167
2025-04-28 03:21:31,578 simple_logger.py log_once [line:28] INFO mean_val_accuracy             0.1167
2025-04-28 03:21:31,578 simple_logger.py log_once [line:28] INFO std_val_accuracy              0.0193
2025-04-28 03:21:31,578 simple_logger.py log_once [line:28] INFO val_loss                      2.3002
2025-04-28 03:21:31,578 simple_logger.py log_once [line:28] INFO mean_val_loss                 2.3002
2025-04-28 03:21:31,578 simple_logger.py log_once [line:28] INFO std_val_loss                  0.0024
2025-04-28 03:21:31,578 fedbase.py run [line:323] INFO expense           18683940.0
2025-04-28 03:21:31,578 fedbase.py run [line:324] INFO Eval Time Cost:               2.1698s
2025-04-28 03:21:31,578 asyncbase.py iterate [line:68] INFO Select clients [0, 1, 2, 3, 4, 5, 6, 7, 8, 9, 10, 11, 12, 13, 14, 15, 16, 17, 18, 19] at time 1355.
2025-04-28 03:22:46,590 asyncbase.py iterate [line:73] INFO Receive new models from clients [11, 19] at time 1367
2025-04-28 03:22:46,591 asyncbase.py iterate [line:73] INFO Receive new models from clients [6, 15, 18, 13, 3, 14, 12, 9] at time 1368
2025-04-28 03:22:46,591 asyncbase.py iterate [line:73] INFO Receive new models from clients [17, 7, 10, 0, 4, 8] at time 1369
2025-04-28 03:22:46,591 asyncbase.py iterate [line:73] INFO Receive new models from clients [5, 1, 2, 16] at time 1370
2025-04-28 03:22:46,671 fedbase.py run [line:318] INFO --------------Round 89--------------
2025-04-28 03:22:46,672 simple_logger.py log_once [line:14] INFO Current_time:1370
2025-04-28 03:22:48,857 simple_logger.py log_once [line:28] INFO test_accuracy                 0.1135
2025-04-28 03:22:48,857 simple_logger.py log_once [line:28] INFO test_loss                     2.3010
2025-04-28 03:22:48,857 simple_logger.py log_once [line:28] INFO val_accuracy                  0.1167
2025-04-28 03:22:48,857 simple_logger.py log_once [line:28] INFO mean_val_accuracy             0.1167
2025-04-28 03:22:48,858 simple_logger.py log_once [line:28] INFO std_val_accuracy              0.0193
2025-04-28 03:22:48,858 simple_logger.py log_once [line:28] INFO val_loss                      2.3002
2025-04-28 03:22:48,858 simple_logger.py log_once [line:28] INFO mean_val_loss                 2.3002
2025-04-28 03:22:48,858 simple_logger.py log_once [line:28] INFO std_val_loss                  0.0023
2025-04-28 03:22:48,858 fedbase.py run [line:323] INFO expense           18707780.0
2025-04-28 03:22:48,858 fedbase.py run [line:324] INFO Eval Time Cost:               2.1862s
2025-04-28 03:22:48,858 asyncbase.py iterate [line:68] INFO Select clients [0, 1, 2, 3, 4, 5, 6, 7, 8, 9, 10, 11, 12, 13, 14, 15, 16, 17, 18, 19] at time 1371.
2025-04-28 03:24:18,551 asyncbase.py iterate [line:73] INFO Receive new models from clients [6, 18, 17, 14] at time 1383
2025-04-28 03:24:18,551 asyncbase.py iterate [line:73] INFO Receive new models from clients [11, 15, 13, 10, 4, 5, 7, 0, 1, 2] at time 1384
2025-04-28 03:24:18,551 asyncbase.py iterate [line:73] INFO Receive new models from clients [9, 19, 12, 3, 16] at time 1385
2025-04-28 03:24:18,552 asyncbase.py iterate [line:73] INFO Receive new models from clients [8] at time 1386
2025-04-28 03:24:18,621 fedbase.py run [line:318] INFO --------------Round 90--------------
2025-04-28 03:24:18,621 simple_logger.py log_once [line:14] INFO Current_time:1386
2025-04-28 03:24:20,773 simple_logger.py log_once [line:28] INFO test_accuracy                 0.1135
2025-04-28 03:24:20,773 simple_logger.py log_once [line:28] INFO test_loss                     2.3010
2025-04-28 03:24:20,773 simple_logger.py log_once [line:28] INFO val_accuracy                  0.1167
2025-04-28 03:24:20,773 simple_logger.py log_once [line:28] INFO mean_val_accuracy             0.1167
2025-04-28 03:24:20,773 simple_logger.py log_once [line:28] INFO std_val_accuracy              0.0193
2025-04-28 03:24:20,773 simple_logger.py log_once [line:28] INFO val_loss                      2.3002
2025-04-28 03:24:20,773 simple_logger.py log_once [line:28] INFO mean_val_loss                 2.3002
2025-04-28 03:24:20,773 simple_logger.py log_once [line:28] INFO std_val_loss                  0.0023
2025-04-28 03:24:20,773 fedbase.py run [line:323] INFO expense           18731620.0
2025-04-28 03:24:20,773 fedbase.py run [line:324] INFO Eval Time Cost:               2.1520s
2025-04-28 03:24:20,773 asyncbase.py iterate [line:68] INFO Select clients [0, 1, 2, 3, 4, 5, 6, 7, 8, 9, 10, 11, 12, 13, 14, 15, 16, 17, 18, 19] at time 1387.
2025-04-28 03:25:42,446 asyncbase.py iterate [line:73] INFO Receive new models from clients [15, 3, 7, 14] at time 1399
2025-04-28 03:25:42,446 asyncbase.py iterate [line:73] INFO Receive new models from clients [17, 8, 6, 4, 18, 1, 10, 9, 12, 19, 0] at time 1400
2025-04-28 03:25:42,446 asyncbase.py iterate [line:73] INFO Receive new models from clients [2, 11, 5, 16, 13] at time 1401
2025-04-28 03:25:42,513 fedbase.py run [line:318] INFO --------------Round 91--------------
2025-04-28 03:25:42,514 simple_logger.py log_once [line:14] INFO Current_time:1401
2025-04-28 03:25:44,713 simple_logger.py log_once [line:28] INFO test_accuracy                 0.1135
2025-04-28 03:25:44,714 simple_logger.py log_once [line:28] INFO test_loss                     2.3010
2025-04-28 03:25:44,714 simple_logger.py log_once [line:28] INFO val_accuracy                  0.1167
2025-04-28 03:25:44,714 simple_logger.py log_once [line:28] INFO mean_val_accuracy             0.1167
2025-04-28 03:25:44,714 simple_logger.py log_once [line:28] INFO std_val_accuracy              0.0193
2025-04-28 03:25:44,714 simple_logger.py log_once [line:28] INFO val_loss                      2.3002
2025-04-28 03:25:44,714 simple_logger.py log_once [line:28] INFO mean_val_loss                 2.3002
2025-04-28 03:25:44,714 simple_logger.py log_once [line:28] INFO std_val_loss                  0.0024
2025-04-28 03:25:44,714 fedbase.py run [line:323] INFO expense           18755460.0
2025-04-28 03:25:44,714 fedbase.py run [line:324] INFO Eval Time Cost:               2.2004s
2025-04-28 03:25:44,714 asyncbase.py iterate [line:68] INFO Select clients [0, 1, 2, 3, 4, 5, 6, 7, 8, 9, 10, 11, 12, 13, 14, 15, 16, 17, 18, 19] at time 1402.
2025-04-28 03:27:09,302 asyncbase.py iterate [line:73] INFO Receive new models from clients [1, 17, 18] at time 1414
2025-04-28 03:27:09,303 asyncbase.py iterate [line:73] INFO Receive new models from clients [13, 3, 12, 11, 14, 8, 5, 16] at time 1415
2025-04-28 03:27:09,303 asyncbase.py iterate [line:73] INFO Receive new models from clients [0, 4, 6, 9, 15, 19, 10, 2] at time 1416
2025-04-28 03:27:09,303 asyncbase.py iterate [line:73] INFO Receive new models from clients [7] at time 1417
2025-04-28 03:27:09,370 fedbase.py run [line:318] INFO --------------Round 92--------------
2025-04-28 03:27:09,370 simple_logger.py log_once [line:14] INFO Current_time:1417
2025-04-28 03:27:11,535 simple_logger.py log_once [line:28] INFO test_accuracy                 0.1135
2025-04-28 03:27:11,536 simple_logger.py log_once [line:28] INFO test_loss                     2.3010
2025-04-28 03:27:11,536 simple_logger.py log_once [line:28] INFO val_accuracy                  0.1167
2025-04-28 03:27:11,536 simple_logger.py log_once [line:28] INFO mean_val_accuracy             0.1167
2025-04-28 03:27:11,536 simple_logger.py log_once [line:28] INFO std_val_accuracy              0.0193
2025-04-28 03:27:11,536 simple_logger.py log_once [line:28] INFO val_loss                      2.3002
2025-04-28 03:27:11,536 simple_logger.py log_once [line:28] INFO mean_val_loss                 2.3002
2025-04-28 03:27:11,536 simple_logger.py log_once [line:28] INFO std_val_loss                  0.0023
2025-04-28 03:27:11,536 fedbase.py run [line:323] INFO expense           18779300.0
2025-04-28 03:27:11,536 fedbase.py run [line:324] INFO Eval Time Cost:               2.1656s
2025-04-28 03:27:11,536 asyncbase.py iterate [line:68] INFO Select clients [0, 1, 2, 3, 4, 5, 6, 7, 8, 9, 10, 11, 12, 13, 14, 15, 16, 17, 18, 19] at time 1418.
2025-04-28 03:28:32,902 asyncbase.py iterate [line:73] INFO Receive new models from clients [3, 6] at time 1430
2025-04-28 03:28:32,902 asyncbase.py iterate [line:73] INFO Receive new models from clients [4, 17, 11, 19, 5, 13, 16] at time 1431
2025-04-28 03:28:32,902 asyncbase.py iterate [line:73] INFO Receive new models from clients [2, 1, 15, 10, 9, 7, 8, 0] at time 1432
2025-04-28 03:28:32,902 asyncbase.py iterate [line:73] INFO Receive new models from clients [18, 14, 12] at time 1433
2025-04-28 03:28:32,977 fedbase.py run [line:318] INFO --------------Round 93--------------
2025-04-28 03:28:32,977 simple_logger.py log_once [line:14] INFO Current_time:1433
2025-04-28 03:28:35,143 simple_logger.py log_once [line:28] INFO test_accuracy                 0.1135
2025-04-28 03:28:35,144 simple_logger.py log_once [line:28] INFO test_loss                     2.3010
2025-04-28 03:28:35,144 simple_logger.py log_once [line:28] INFO val_accuracy                  0.1167
2025-04-28 03:28:35,144 simple_logger.py log_once [line:28] INFO mean_val_accuracy             0.1167
2025-04-28 03:28:35,144 simple_logger.py log_once [line:28] INFO std_val_accuracy              0.0193
2025-04-28 03:28:35,144 simple_logger.py log_once [line:28] INFO val_loss                      2.3002
2025-04-28 03:28:35,144 simple_logger.py log_once [line:28] INFO mean_val_loss                 2.3002
2025-04-28 03:28:35,144 simple_logger.py log_once [line:28] INFO std_val_loss                  0.0024
2025-04-28 03:28:35,144 fedbase.py run [line:323] INFO expense           18803140.0
2025-04-28 03:28:35,144 fedbase.py run [line:324] INFO Eval Time Cost:               2.1669s
2025-04-28 03:28:35,144 asyncbase.py iterate [line:68] INFO Select clients [0, 1, 2, 3, 4, 5, 6, 7, 8, 9, 10, 11, 12, 13, 14, 15, 16, 17, 18, 19] at time 1434.
2025-04-28 03:30:02,927 asyncbase.py iterate [line:73] INFO Receive new models from clients [2, 6, 13, 19] at time 1446
2025-04-28 03:30:02,927 asyncbase.py iterate [line:73] INFO Receive new models from clients [8, 12, 15, 5, 10, 18] at time 1447
2025-04-28 03:30:02,927 asyncbase.py iterate [line:73] INFO Receive new models from clients [4, 11, 9, 3, 16, 14, 17, 0] at time 1448
2025-04-28 03:30:02,928 asyncbase.py iterate [line:73] INFO Receive new models from clients [1, 7] at time 1449
2025-04-28 03:30:03,018 fedbase.py run [line:318] INFO --------------Round 94--------------
2025-04-28 03:30:03,018 simple_logger.py log_once [line:14] INFO Current_time:1449
2025-04-28 03:30:05,161 simple_logger.py log_once [line:28] INFO test_accuracy                 0.1135
2025-04-28 03:30:05,161 simple_logger.py log_once [line:28] INFO test_loss                     2.3010
2025-04-28 03:30:05,161 simple_logger.py log_once [line:28] INFO val_accuracy                  0.1167
2025-04-28 03:30:05,161 simple_logger.py log_once [line:28] INFO mean_val_accuracy             0.1167
2025-04-28 03:30:05,161 simple_logger.py log_once [line:28] INFO std_val_accuracy              0.0193
2025-04-28 03:30:05,161 simple_logger.py log_once [line:28] INFO val_loss                      2.3002
2025-04-28 03:30:05,161 simple_logger.py log_once [line:28] INFO mean_val_loss                 2.3002
2025-04-28 03:30:05,161 simple_logger.py log_once [line:28] INFO std_val_loss                  0.0024
2025-04-28 03:30:05,161 fedbase.py run [line:323] INFO expense           18826980.0
2025-04-28 03:30:05,161 fedbase.py run [line:324] INFO Eval Time Cost:               2.1436s
2025-04-28 03:30:05,162 asyncbase.py iterate [line:68] INFO Select clients [0, 1, 2, 3, 4, 5, 6, 7, 8, 9, 10, 11, 12, 13, 14, 15, 16, 17, 18, 19] at time 1450.
2025-04-28 03:31:35,163 asyncbase.py iterate [line:73] INFO Receive new models from clients [18, 12, 4, 11] at time 1462
2025-04-28 03:31:35,164 asyncbase.py iterate [line:73] INFO Receive new models from clients [8, 19, 17, 3, 0, 13, 16, 10, 15, 2] at time 1463
2025-04-28 03:31:35,164 asyncbase.py iterate [line:73] INFO Receive new models from clients [1, 6, 7, 5, 14] at time 1464
2025-04-28 03:31:35,164 asyncbase.py iterate [line:73] INFO Receive new models from clients [9] at time 1465
2025-04-28 03:31:35,242 fedbase.py run [line:318] INFO --------------Round 95--------------
2025-04-28 03:31:35,242 simple_logger.py log_once [line:14] INFO Current_time:1465
2025-04-28 03:31:37,404 simple_logger.py log_once [line:28] INFO test_accuracy                 0.1135
2025-04-28 03:31:37,404 simple_logger.py log_once [line:28] INFO test_loss                     2.3010
2025-04-28 03:31:37,404 simple_logger.py log_once [line:28] INFO val_accuracy                  0.1167
2025-04-28 03:31:37,404 simple_logger.py log_once [line:28] INFO mean_val_accuracy             0.1167
2025-04-28 03:31:37,404 simple_logger.py log_once [line:28] INFO std_val_accuracy              0.0193
2025-04-28 03:31:37,404 simple_logger.py log_once [line:28] INFO val_loss                      2.3002
2025-04-28 03:31:37,404 simple_logger.py log_once [line:28] INFO mean_val_loss                 2.3002
2025-04-28 03:31:37,404 simple_logger.py log_once [line:28] INFO std_val_loss                  0.0024
2025-04-28 03:31:37,404 fedbase.py run [line:323] INFO expense           18850820.0
2025-04-28 03:31:37,404 fedbase.py run [line:324] INFO Eval Time Cost:               2.1619s
2025-04-28 03:31:37,404 asyncbase.py iterate [line:68] INFO Select clients [0, 1, 2, 3, 4, 5, 6, 7, 8, 9, 10, 11, 12, 13, 14, 15, 16, 17, 18, 19] at time 1466.
2025-04-28 03:32:51,228 asyncbase.py iterate [line:73] INFO Receive new models from clients [10, 14, 0, 16] at time 1478
2025-04-28 03:32:51,228 asyncbase.py iterate [line:73] INFO Receive new models from clients [3, 7, 2, 13, 19, 18] at time 1479
2025-04-28 03:32:51,228 asyncbase.py iterate [line:73] INFO Receive new models from clients [4, 15, 8, 6, 12, 9, 11, 5] at time 1480
2025-04-28 03:32:51,229 asyncbase.py iterate [line:73] INFO Receive new models from clients [17, 1] at time 1481
2025-04-28 03:32:51,309 fedbase.py run [line:318] INFO --------------Round 96--------------
2025-04-28 03:32:51,309 simple_logger.py log_once [line:14] INFO Current_time:1481
2025-04-28 03:32:53,475 simple_logger.py log_once [line:28] INFO test_accuracy                 0.1135
2025-04-28 03:32:53,475 simple_logger.py log_once [line:28] INFO test_loss                     2.3010
2025-04-28 03:32:53,475 simple_logger.py log_once [line:28] INFO val_accuracy                  0.1167
2025-04-28 03:32:53,475 simple_logger.py log_once [line:28] INFO mean_val_accuracy             0.1167
2025-04-28 03:32:53,475 simple_logger.py log_once [line:28] INFO std_val_accuracy              0.0193
2025-04-28 03:32:53,475 simple_logger.py log_once [line:28] INFO val_loss                      2.3002
2025-04-28 03:32:53,475 simple_logger.py log_once [line:28] INFO mean_val_loss                 2.3002
2025-04-28 03:32:53,475 simple_logger.py log_once [line:28] INFO std_val_loss                  0.0024
2025-04-28 03:32:53,475 fedbase.py run [line:323] INFO expense           18874660.0
2025-04-28 03:32:53,475 fedbase.py run [line:324] INFO Eval Time Cost:               2.1661s
2025-04-28 03:32:53,475 asyncbase.py iterate [line:68] INFO Select clients [0, 1, 2, 3, 4, 5, 6, 7, 8, 9, 10, 11, 12, 13, 14, 15, 16, 17, 18, 19] at time 1482.
2025-04-28 03:34:19,511 asyncbase.py iterate [line:73] INFO Receive new models from clients [18, 12] at time 1494
2025-04-28 03:34:19,512 asyncbase.py iterate [line:73] INFO Receive new models from clients [16, 10, 11, 19, 9, 15, 13, 0, 14] at time 1495
2025-04-28 03:34:19,512 asyncbase.py iterate [line:73] INFO Receive new models from clients [6, 3, 2, 5, 8] at time 1496
2025-04-28 03:34:19,512 asyncbase.py iterate [line:73] INFO Receive new models from clients [1, 4, 17, 7] at time 1497
2025-04-28 03:34:19,606 fedbase.py run [line:318] INFO --------------Round 97--------------
2025-04-28 03:34:19,607 simple_logger.py log_once [line:14] INFO Current_time:1497
2025-04-28 03:34:21,723 simple_logger.py log_once [line:28] INFO test_accuracy                 0.1135
2025-04-28 03:34:21,723 simple_logger.py log_once [line:28] INFO test_loss                     2.3010
2025-04-28 03:34:21,723 simple_logger.py log_once [line:28] INFO val_accuracy                  0.1167
2025-04-28 03:34:21,723 simple_logger.py log_once [line:28] INFO mean_val_accuracy             0.1167
2025-04-28 03:34:21,723 simple_logger.py log_once [line:28] INFO std_val_accuracy              0.0193
2025-04-28 03:34:21,723 simple_logger.py log_once [line:28] INFO val_loss                      2.3002
2025-04-28 03:34:21,723 simple_logger.py log_once [line:28] INFO mean_val_loss                 2.3002
2025-04-28 03:34:21,723 simple_logger.py log_once [line:28] INFO std_val_loss                  0.0024
2025-04-28 03:34:21,723 fedbase.py run [line:323] INFO expense           18898500.0
2025-04-28 03:34:21,723 fedbase.py run [line:324] INFO Eval Time Cost:               2.1167s
2025-04-28 03:34:21,723 asyncbase.py iterate [line:68] INFO Select clients [0, 1, 2, 3, 4, 5, 6, 7, 8, 9, 10, 11, 12, 13, 14, 15, 16, 17, 18, 19] at time 1498.
2025-04-28 03:35:51,163 asyncbase.py iterate [line:73] INFO Receive new models from clients [11, 7, 2] at time 1510
2025-04-28 03:35:51,163 asyncbase.py iterate [line:73] INFO Receive new models from clients [0, 16, 14, 1, 5, 19, 17, 3] at time 1511
2025-04-28 03:35:51,164 asyncbase.py iterate [line:73] INFO Receive new models from clients [10, 8, 12, 4, 15, 13, 9] at time 1512
2025-04-28 03:35:51,164 asyncbase.py iterate [line:73] INFO Receive new models from clients [18, 6] at time 1513
2025-04-28 03:35:51,235 fedbase.py run [line:318] INFO --------------Round 98--------------
2025-04-28 03:35:51,235 simple_logger.py log_once [line:14] INFO Current_time:1513
2025-04-28 03:35:53,390 simple_logger.py log_once [line:28] INFO test_accuracy                 0.1135
2025-04-28 03:35:53,390 simple_logger.py log_once [line:28] INFO test_loss                     2.3010
2025-04-28 03:35:53,390 simple_logger.py log_once [line:28] INFO val_accuracy                  0.1167
2025-04-28 03:35:53,390 simple_logger.py log_once [line:28] INFO mean_val_accuracy             0.1167
2025-04-28 03:35:53,390 simple_logger.py log_once [line:28] INFO std_val_accuracy              0.0193
2025-04-28 03:35:53,390 simple_logger.py log_once [line:28] INFO val_loss                      2.3002
2025-04-28 03:35:53,390 simple_logger.py log_once [line:28] INFO mean_val_loss                 2.3002
2025-04-28 03:35:53,390 simple_logger.py log_once [line:28] INFO std_val_loss                  0.0023
2025-04-28 03:35:53,390 fedbase.py run [line:323] INFO expense           18922340.0
2025-04-28 03:35:53,391 fedbase.py run [line:324] INFO Eval Time Cost:               2.1558s
2025-04-28 03:35:53,391 asyncbase.py iterate [line:68] INFO Select clients [0, 1, 2, 3, 4, 5, 6, 7, 8, 9, 10, 11, 12, 13, 14, 15, 16, 17, 18, 19] at time 1514.
2025-04-28 03:37:19,742 asyncbase.py iterate [line:73] INFO Receive new models from clients [13, 14] at time 1526
2025-04-28 03:37:19,742 asyncbase.py iterate [line:73] INFO Receive new models from clients [4, 3, 10, 6, 8, 19, 2, 5, 15] at time 1527
2025-04-28 03:37:19,742 asyncbase.py iterate [line:73] INFO Receive new models from clients [9, 17, 0, 12, 16, 11, 18, 7, 1] at time 1528
2025-04-28 03:37:19,824 fedbase.py run [line:318] INFO --------------Round 99--------------
2025-04-28 03:37:19,824 simple_logger.py log_once [line:14] INFO Current_time:1528
2025-04-28 03:37:21,957 simple_logger.py log_once [line:28] INFO test_accuracy                 0.1135
2025-04-28 03:37:21,958 simple_logger.py log_once [line:28] INFO test_loss                     2.3010
2025-04-28 03:37:21,958 simple_logger.py log_once [line:28] INFO val_accuracy                  0.1167
2025-04-28 03:37:21,958 simple_logger.py log_once [line:28] INFO mean_val_accuracy             0.1167
2025-04-28 03:37:21,958 simple_logger.py log_once [line:28] INFO std_val_accuracy              0.0193
2025-04-28 03:37:21,958 simple_logger.py log_once [line:28] INFO val_loss                      2.3002
2025-04-28 03:37:21,958 simple_logger.py log_once [line:28] INFO mean_val_loss                 2.3002
2025-04-28 03:37:21,958 simple_logger.py log_once [line:28] INFO std_val_loss                  0.0024
2025-04-28 03:37:21,959 fedbase.py run [line:323] INFO expense           18946180.0
2025-04-28 03:37:21,959 fedbase.py run [line:324] INFO Eval Time Cost:               2.1342s
2025-04-28 03:37:21,959 asyncbase.py iterate [line:68] INFO Select clients [0, 1, 2, 3, 4, 5, 6, 7, 8, 9, 10, 11, 12, 13, 14, 15, 16, 17, 18, 19] at time 1529.
2025-04-28 03:38:51,497 asyncbase.py iterate [line:73] INFO Receive new models from clients [0, 19, 6, 5, 15, 4] at time 1541
2025-04-28 03:38:51,498 asyncbase.py iterate [line:73] INFO Receive new models from clients [3, 7, 9, 14, 17] at time 1542
2025-04-28 03:38:51,498 asyncbase.py iterate [line:73] INFO Receive new models from clients [11, 10, 2, 16, 12, 8, 18] at time 1543
2025-04-28 03:38:51,498 asyncbase.py iterate [line:73] INFO Receive new models from clients [1, 13] at time 1544
2025-04-28 03:38:51,579 fedbase.py run [line:318] INFO --------------Round 100--------------
2025-04-28 03:38:51,579 simple_logger.py log_once [line:14] INFO Current_time:1544
2025-04-28 03:38:53,742 simple_logger.py log_once [line:28] INFO test_accuracy                 0.1135
2025-04-28 03:38:53,742 simple_logger.py log_once [line:28] INFO test_loss                     2.3010
2025-04-28 03:38:53,742 simple_logger.py log_once [line:28] INFO val_accuracy                  0.1167
2025-04-28 03:38:53,742 simple_logger.py log_once [line:28] INFO mean_val_accuracy             0.1167
2025-04-28 03:38:53,742 simple_logger.py log_once [line:28] INFO std_val_accuracy              0.0193
2025-04-28 03:38:53,742 simple_logger.py log_once [line:28] INFO val_loss                      2.3002
2025-04-28 03:38:53,742 simple_logger.py log_once [line:28] INFO mean_val_loss                 2.3002
2025-04-28 03:38:53,742 simple_logger.py log_once [line:28] INFO std_val_loss                  0.0024
2025-04-28 03:38:53,742 fedbase.py run [line:323] INFO expense           18970020.0
2025-04-28 03:38:53,742 fedbase.py run [line:324] INFO Eval Time Cost:               2.1630s
2025-04-28 03:38:53,742 asyncbase.py iterate [line:68] INFO Select clients [0, 1, 2, 3, 4, 5, 6, 7, 8, 9, 10, 11, 12, 13, 14, 15, 16, 17, 18, 19] at time 1545.
2025-04-28 03:40:08,136 asyncbase.py iterate [line:73] INFO Receive new models from clients [5] at time 1557
2025-04-28 03:40:08,136 asyncbase.py iterate [line:73] INFO Receive new models from clients [0, 10, 12, 18, 19, 9, 13, 3, 8] at time 1558
2025-04-28 03:40:08,137 asyncbase.py iterate [line:73] INFO Receive new models from clients [7, 2, 15, 16, 14, 6, 1, 4, 11, 17] at time 1559
2025-04-28 03:40:08,211 fedbase.py run [line:318] INFO --------------Round 101--------------
2025-04-28 03:40:08,212 simple_logger.py log_once [line:14] INFO Current_time:1559
2025-04-28 03:40:10,347 simple_logger.py log_once [line:28] INFO test_accuracy                 0.1135
2025-04-28 03:40:10,347 simple_logger.py log_once [line:28] INFO test_loss                     2.3010
2025-04-28 03:40:10,347 simple_logger.py log_once [line:28] INFO val_accuracy                  0.1167
2025-04-28 03:40:10,347 simple_logger.py log_once [line:28] INFO mean_val_accuracy             0.1167
2025-04-28 03:40:10,347 simple_logger.py log_once [line:28] INFO std_val_accuracy              0.0193
2025-04-28 03:40:10,347 simple_logger.py log_once [line:28] INFO val_loss                      2.3002
2025-04-28 03:40:10,347 simple_logger.py log_once [line:28] INFO mean_val_loss                 2.3002
2025-04-28 03:40:10,347 simple_logger.py log_once [line:28] INFO std_val_loss                  0.0024
2025-04-28 03:40:10,347 fedbase.py run [line:323] INFO expense           18993860.0
2025-04-28 03:40:10,348 fedbase.py run [line:324] INFO Eval Time Cost:               2.1359s
2025-04-28 03:40:10,348 asyncbase.py iterate [line:68] INFO Select clients [0, 1, 2, 3, 4, 5, 6, 7, 8, 9, 10, 11, 12, 13, 14, 15, 16, 17, 18, 19] at time 1560.
2025-04-28 03:41:34,037 asyncbase.py iterate [line:73] INFO Receive new models from clients [19] at time 1572
2025-04-28 03:41:34,038 asyncbase.py iterate [line:73] INFO Receive new models from clients [13, 18, 1, 15, 2, 3, 9, 5, 4, 17, 11] at time 1573
2025-04-28 03:41:34,038 asyncbase.py iterate [line:73] INFO Receive new models from clients [7, 14, 16, 0, 12, 10] at time 1574
2025-04-28 03:41:34,038 asyncbase.py iterate [line:73] INFO Receive new models from clients [6, 8] at time 1575
2025-04-28 03:41:34,114 fedbase.py run [line:318] INFO --------------Round 102--------------
2025-04-28 03:41:34,114 simple_logger.py log_once [line:14] INFO Current_time:1575
2025-04-28 03:41:36,255 simple_logger.py log_once [line:28] INFO test_accuracy                 0.1135
2025-04-28 03:41:36,256 simple_logger.py log_once [line:28] INFO test_loss                     2.3010
2025-04-28 03:41:36,256 simple_logger.py log_once [line:28] INFO val_accuracy                  0.1167
2025-04-28 03:41:36,256 simple_logger.py log_once [line:28] INFO mean_val_accuracy             0.1167
2025-04-28 03:41:36,256 simple_logger.py log_once [line:28] INFO std_val_accuracy              0.0193
2025-04-28 03:41:36,256 simple_logger.py log_once [line:28] INFO val_loss                      2.3002
2025-04-28 03:41:36,256 simple_logger.py log_once [line:28] INFO mean_val_loss                 2.3002
2025-04-28 03:41:36,256 simple_logger.py log_once [line:28] INFO std_val_loss                  0.0024
2025-04-28 03:41:36,256 fedbase.py run [line:323] INFO expense           19017700.0
2025-04-28 03:41:36,256 fedbase.py run [line:324] INFO Eval Time Cost:               2.1420s
2025-04-28 03:41:36,256 asyncbase.py iterate [line:68] INFO Select clients [0, 1, 2, 3, 4, 5, 6, 7, 8, 9, 10, 11, 12, 13, 14, 15, 16, 17, 18, 19] at time 1576.
2025-04-28 03:43:04,670 asyncbase.py iterate [line:73] INFO Receive new models from clients [0, 16, 12] at time 1588
2025-04-28 03:43:04,670 asyncbase.py iterate [line:73] INFO Receive new models from clients [18, 19, 3, 17, 10, 7, 14] at time 1589
2025-04-28 03:43:04,671 asyncbase.py iterate [line:73] INFO Receive new models from clients [2, 11, 8, 15, 6, 13, 4, 1, 5, 9] at time 1590
2025-04-28 03:43:04,752 fedbase.py run [line:318] INFO --------------Round 103--------------
2025-04-28 03:43:04,752 simple_logger.py log_once [line:14] INFO Current_time:1590
2025-04-28 03:43:06,918 simple_logger.py log_once [line:28] INFO test_accuracy                 0.1135
2025-04-28 03:43:06,918 simple_logger.py log_once [line:28] INFO test_loss                     2.3010
2025-04-28 03:43:06,918 simple_logger.py log_once [line:28] INFO val_accuracy                  0.1167
2025-04-28 03:43:06,919 simple_logger.py log_once [line:28] INFO mean_val_accuracy             0.1167
2025-04-28 03:43:06,919 simple_logger.py log_once [line:28] INFO std_val_accuracy              0.0193
2025-04-28 03:43:06,919 simple_logger.py log_once [line:28] INFO val_loss                      2.3002
2025-04-28 03:43:06,919 simple_logger.py log_once [line:28] INFO mean_val_loss                 2.3002
2025-04-28 03:43:06,919 simple_logger.py log_once [line:28] INFO std_val_loss                  0.0024
2025-04-28 03:43:06,919 fedbase.py run [line:323] INFO expense           19041540.0
2025-04-28 03:43:06,919 fedbase.py run [line:324] INFO Eval Time Cost:               2.1664s
2025-04-28 03:43:06,919 asyncbase.py iterate [line:68] INFO Select clients [0, 1, 2, 3, 4, 5, 6, 7, 8, 9, 10, 11, 12, 13, 14, 15, 16, 17, 18, 19] at time 1591.
2025-04-28 03:44:35,487 asyncbase.py iterate [line:73] INFO Receive new models from clients [11, 13, 9] at time 1603
2025-04-28 03:44:35,487 asyncbase.py iterate [line:73] INFO Receive new models from clients [6, 10, 3, 14, 7, 16, 1, 4, 0] at time 1604
2025-04-28 03:44:35,487 asyncbase.py iterate [line:73] INFO Receive new models from clients [17, 2] at time 1605
2025-04-28 03:44:35,488 asyncbase.py iterate [line:73] INFO Receive new models from clients [12, 8, 18, 19, 5, 15] at time 1606
2025-04-28 03:44:35,555 fedbase.py run [line:318] INFO --------------Round 104--------------
2025-04-28 03:44:35,556 simple_logger.py log_once [line:14] INFO Current_time:1606
2025-04-28 03:44:37,748 simple_logger.py log_once [line:28] INFO test_accuracy                 0.1135
2025-04-28 03:44:37,748 simple_logger.py log_once [line:28] INFO test_loss                     2.3010
2025-04-28 03:44:37,748 simple_logger.py log_once [line:28] INFO val_accuracy                  0.1167
2025-04-28 03:44:37,748 simple_logger.py log_once [line:28] INFO mean_val_accuracy             0.1167
2025-04-28 03:44:37,748 simple_logger.py log_once [line:28] INFO std_val_accuracy              0.0193
2025-04-28 03:44:37,748 simple_logger.py log_once [line:28] INFO val_loss                      2.3002
2025-04-28 03:44:37,748 simple_logger.py log_once [line:28] INFO mean_val_loss                 2.3002
2025-04-28 03:44:37,748 simple_logger.py log_once [line:28] INFO std_val_loss                  0.0024
2025-04-28 03:44:37,748 fedbase.py run [line:323] INFO expense           19065380.0
2025-04-28 03:44:37,749 fedbase.py run [line:324] INFO Eval Time Cost:               2.1929s
2025-04-28 03:44:37,749 asyncbase.py iterate [line:68] INFO Select clients [0, 1, 2, 3, 4, 5, 6, 7, 8, 9, 10, 11, 12, 13, 14, 15, 16, 17, 18, 19] at time 1607.
2025-04-28 03:46:06,111 asyncbase.py iterate [line:73] INFO Receive new models from clients [17, 11] at time 1619
2025-04-28 03:46:06,112 asyncbase.py iterate [line:73] INFO Receive new models from clients [2, 10, 13, 5, 19, 0, 15] at time 1620
2025-04-28 03:46:06,112 asyncbase.py iterate [line:73] INFO Receive new models from clients [7, 1, 16, 6, 4, 3, 12, 18, 14, 9] at time 1621
2025-04-28 03:46:06,112 asyncbase.py iterate [line:73] INFO Receive new models from clients [8] at time 1622
2025-04-28 03:46:06,177 fedbase.py run [line:318] INFO --------------Round 105--------------
2025-04-28 03:46:06,177 simple_logger.py log_once [line:14] INFO Current_time:1622
2025-04-28 03:46:08,405 simple_logger.py log_once [line:28] INFO test_accuracy                 0.1135
2025-04-28 03:46:08,405 simple_logger.py log_once [line:28] INFO test_loss                     2.3010
2025-04-28 03:46:08,405 simple_logger.py log_once [line:28] INFO val_accuracy                  0.1167
2025-04-28 03:46:08,405 simple_logger.py log_once [line:28] INFO mean_val_accuracy             0.1167
2025-04-28 03:46:08,405 simple_logger.py log_once [line:28] INFO std_val_accuracy              0.0193
2025-04-28 03:46:08,405 simple_logger.py log_once [line:28] INFO val_loss                      2.3002
2025-04-28 03:46:08,405 simple_logger.py log_once [line:28] INFO mean_val_loss                 2.3002
2025-04-28 03:46:08,405 simple_logger.py log_once [line:28] INFO std_val_loss                  0.0024
2025-04-28 03:46:08,405 fedbase.py run [line:323] INFO expense           19089220.0
2025-04-28 03:46:08,405 fedbase.py run [line:324] INFO Eval Time Cost:               2.2283s
2025-04-28 03:46:08,406 asyncbase.py iterate [line:68] INFO Select clients [0, 1, 2, 3, 4, 5, 6, 7, 8, 9, 10, 11, 12, 13, 14, 15, 16, 17, 18, 19] at time 1623.
2025-04-28 03:47:26,307 asyncbase.py iterate [line:73] INFO Receive new models from clients [6, 7] at time 1635
2025-04-28 03:47:26,307 asyncbase.py iterate [line:73] INFO Receive new models from clients [2, 13, 1, 8, 19, 5, 14] at time 1636
2025-04-28 03:47:26,307 asyncbase.py iterate [line:73] INFO Receive new models from clients [10, 18, 12, 9, 0, 16, 17, 3] at time 1637
2025-04-28 03:47:26,308 asyncbase.py iterate [line:73] INFO Receive new models from clients [11, 15, 4] at time 1638
2025-04-28 03:47:26,380 fedbase.py run [line:318] INFO --------------Round 106--------------
2025-04-28 03:47:26,380 simple_logger.py log_once [line:14] INFO Current_time:1638
2025-04-28 03:47:28,570 simple_logger.py log_once [line:28] INFO test_accuracy                 0.1135
2025-04-28 03:47:28,570 simple_logger.py log_once [line:28] INFO test_loss                     2.3010
2025-04-28 03:47:28,570 simple_logger.py log_once [line:28] INFO val_accuracy                  0.1167
2025-04-28 03:47:28,570 simple_logger.py log_once [line:28] INFO mean_val_accuracy             0.1167
2025-04-28 03:47:28,570 simple_logger.py log_once [line:28] INFO std_val_accuracy              0.0193
2025-04-28 03:47:28,570 simple_logger.py log_once [line:28] INFO val_loss                      2.3002
2025-04-28 03:47:28,571 simple_logger.py log_once [line:28] INFO mean_val_loss                 2.3002
2025-04-28 03:47:28,571 simple_logger.py log_once [line:28] INFO std_val_loss                  0.0024
2025-04-28 03:47:28,571 fedbase.py run [line:323] INFO expense           19113060.0
2025-04-28 03:47:28,571 fedbase.py run [line:324] INFO Eval Time Cost:               2.1909s
2025-04-28 03:47:28,571 asyncbase.py iterate [line:68] INFO Select clients [0, 1, 2, 3, 4, 5, 6, 7, 8, 9, 10, 11, 12, 13, 14, 15, 16, 17, 18, 19] at time 1639.
2025-04-28 03:48:50,438 asyncbase.py iterate [line:73] INFO Receive new models from clients [16] at time 1651
2025-04-28 03:48:50,439 asyncbase.py iterate [line:73] INFO Receive new models from clients [0, 15, 3, 7, 6, 18, 13, 10, 11, 12] at time 1652
2025-04-28 03:48:50,439 asyncbase.py iterate [line:73] INFO Receive new models from clients [14, 17, 9, 2, 8, 4, 19, 1, 5] at time 1653
2025-04-28 03:48:50,511 fedbase.py run [line:318] INFO --------------Round 107--------------
2025-04-28 03:48:50,511 simple_logger.py log_once [line:14] INFO Current_time:1653
2025-04-28 03:48:52,649 simple_logger.py log_once [line:28] INFO test_accuracy                 0.1135
2025-04-28 03:48:52,649 simple_logger.py log_once [line:28] INFO test_loss                     2.3010
2025-04-28 03:48:52,649 simple_logger.py log_once [line:28] INFO val_accuracy                  0.1167
2025-04-28 03:48:52,649 simple_logger.py log_once [line:28] INFO mean_val_accuracy             0.1167
2025-04-28 03:48:52,649 simple_logger.py log_once [line:28] INFO std_val_accuracy              0.0193
2025-04-28 03:48:52,649 simple_logger.py log_once [line:28] INFO val_loss                      2.3002
2025-04-28 03:48:52,649 simple_logger.py log_once [line:28] INFO mean_val_loss                 2.3002
2025-04-28 03:48:52,649 simple_logger.py log_once [line:28] INFO std_val_loss                  0.0024
2025-04-28 03:48:52,649 fedbase.py run [line:323] INFO expense           19136900.0
2025-04-28 03:48:52,649 fedbase.py run [line:324] INFO Eval Time Cost:               2.1386s
2025-04-28 03:48:52,649 asyncbase.py iterate [line:68] INFO Select clients [0, 1, 2, 3, 4, 5, 6, 7, 8, 9, 10, 11, 12, 13, 14, 15, 16, 17, 18, 19] at time 1654.
2025-04-28 03:50:22,665 asyncbase.py iterate [line:73] INFO Receive new models from clients [6, 12, 5] at time 1666
2025-04-28 03:50:22,666 asyncbase.py iterate [line:73] INFO Receive new models from clients [8, 13, 14, 19, 3, 0, 11, 4, 18] at time 1667
2025-04-28 03:50:22,666 asyncbase.py iterate [line:73] INFO Receive new models from clients [16, 15, 7, 1, 9, 2] at time 1668
2025-04-28 03:50:22,666 asyncbase.py iterate [line:73] INFO Receive new models from clients [10, 17] at time 1669
2025-04-28 03:50:22,729 fedbase.py run [line:318] INFO --------------Round 108--------------
2025-04-28 03:50:22,729 simple_logger.py log_once [line:14] INFO Current_time:1669
2025-04-28 03:50:24,812 simple_logger.py log_once [line:28] INFO test_accuracy                 0.1135
2025-04-28 03:50:24,813 simple_logger.py log_once [line:28] INFO test_loss                     2.3010
2025-04-28 03:50:24,813 simple_logger.py log_once [line:28] INFO val_accuracy                  0.1167
2025-04-28 03:50:24,813 simple_logger.py log_once [line:28] INFO mean_val_accuracy             0.1167
2025-04-28 03:50:24,813 simple_logger.py log_once [line:28] INFO std_val_accuracy              0.0193
2025-04-28 03:50:24,813 simple_logger.py log_once [line:28] INFO val_loss                      2.3002
2025-04-28 03:50:24,813 simple_logger.py log_once [line:28] INFO mean_val_loss                 2.3002
2025-04-28 03:50:24,813 simple_logger.py log_once [line:28] INFO std_val_loss                  0.0024
2025-04-28 03:50:24,813 fedbase.py run [line:323] INFO expense           19160740.0
2025-04-28 03:50:24,813 fedbase.py run [line:324] INFO Eval Time Cost:               2.0842s
2025-04-28 03:50:24,813 asyncbase.py iterate [line:68] INFO Select clients [0, 1, 2, 3, 4, 5, 6, 7, 8, 9, 10, 11, 12, 13, 14, 15, 16, 17, 18, 19] at time 1670.
2025-04-28 03:51:53,395 asyncbase.py iterate [line:73] INFO Receive new models from clients [19] at time 1682
2025-04-28 03:51:53,395 asyncbase.py iterate [line:73] INFO Receive new models from clients [18, 4, 15, 1, 0, 12, 6, 16, 5, 9, 8] at time 1683
2025-04-28 03:51:53,395 asyncbase.py iterate [line:73] INFO Receive new models from clients [17, 2, 10, 3, 13, 7, 14] at time 1684
2025-04-28 03:51:53,396 asyncbase.py iterate [line:73] INFO Receive new models from clients [11] at time 1685
2025-04-28 03:51:53,470 fedbase.py run [line:318] INFO --------------Round 109--------------
2025-04-28 03:51:53,470 simple_logger.py log_once [line:14] INFO Current_time:1685
2025-04-28 03:51:55,657 simple_logger.py log_once [line:28] INFO test_accuracy                 0.1135
2025-04-28 03:51:55,657 simple_logger.py log_once [line:28] INFO test_loss                     2.3010
2025-04-28 03:51:55,657 simple_logger.py log_once [line:28] INFO val_accuracy                  0.1167
2025-04-28 03:51:55,657 simple_logger.py log_once [line:28] INFO mean_val_accuracy             0.1167
2025-04-28 03:51:55,657 simple_logger.py log_once [line:28] INFO std_val_accuracy              0.0193
2025-04-28 03:51:55,657 simple_logger.py log_once [line:28] INFO val_loss                      2.3002
2025-04-28 03:51:55,657 simple_logger.py log_once [line:28] INFO mean_val_loss                 2.3002
2025-04-28 03:51:55,657 simple_logger.py log_once [line:28] INFO std_val_loss                  0.0024
2025-04-28 03:51:55,657 fedbase.py run [line:323] INFO expense           19184580.0
2025-04-28 03:51:55,657 fedbase.py run [line:324] INFO Eval Time Cost:               2.1872s
2025-04-28 03:51:55,657 asyncbase.py iterate [line:68] INFO Select clients [0, 1, 2, 3, 4, 5, 6, 7, 8, 9, 10, 11, 12, 13, 14, 15, 16, 17, 18, 19] at time 1686.
2025-04-28 03:53:21,964 asyncbase.py iterate [line:73] INFO Receive new models from clients [6, 16] at time 1698
2025-04-28 03:53:21,964 asyncbase.py iterate [line:73] INFO Receive new models from clients [12, 14, 1, 19, 9, 4, 0, 8, 15, 7, 3] at time 1699
2025-04-28 03:53:21,964 asyncbase.py iterate [line:73] INFO Receive new models from clients [10, 2, 5, 17, 18, 11] at time 1700
2025-04-28 03:53:21,965 asyncbase.py iterate [line:73] INFO Receive new models from clients [13] at time 1701
2025-04-28 03:53:22,030 fedbase.py run [line:318] INFO --------------Round 110--------------
2025-04-28 03:53:22,030 simple_logger.py log_once [line:14] INFO Current_time:1701
2025-04-28 03:53:24,140 simple_logger.py log_once [line:28] INFO test_accuracy                 0.1135
2025-04-28 03:53:24,140 simple_logger.py log_once [line:28] INFO test_loss                     2.3010
2025-04-28 03:53:24,140 simple_logger.py log_once [line:28] INFO val_accuracy                  0.1167
2025-04-28 03:53:24,140 simple_logger.py log_once [line:28] INFO mean_val_accuracy             0.1167
2025-04-28 03:53:24,140 simple_logger.py log_once [line:28] INFO std_val_accuracy              0.0193
2025-04-28 03:53:24,140 simple_logger.py log_once [line:28] INFO val_loss                      2.3002
2025-04-28 03:53:24,140 simple_logger.py log_once [line:28] INFO mean_val_loss                 2.3002
2025-04-28 03:53:24,140 simple_logger.py log_once [line:28] INFO std_val_loss                  0.0024
2025-04-28 03:53:24,140 fedbase.py run [line:323] INFO expense           19208420.0
2025-04-28 03:53:24,140 fedbase.py run [line:324] INFO Eval Time Cost:               2.1099s
2025-04-28 03:53:24,140 asyncbase.py iterate [line:68] INFO Select clients [0, 1, 2, 3, 4, 5, 6, 7, 8, 9, 10, 11, 12, 13, 14, 15, 16, 17, 18, 19] at time 1702.
2025-04-28 03:54:40,199 asyncbase.py iterate [line:73] INFO Receive new models from clients [19, 18, 12, 2, 14] at time 1714
2025-04-28 03:54:40,199 asyncbase.py iterate [line:73] INFO Receive new models from clients [5, 17, 6, 10, 3] at time 1715
2025-04-28 03:54:40,200 asyncbase.py iterate [line:73] INFO Receive new models from clients [9, 7, 1, 0, 13, 15, 11, 8] at time 1716
2025-04-28 03:54:40,200 asyncbase.py iterate [line:73] INFO Receive new models from clients [4, 16] at time 1717
2025-04-28 03:54:40,263 fedbase.py run [line:318] INFO --------------Round 111--------------
2025-04-28 03:54:40,263 simple_logger.py log_once [line:14] INFO Current_time:1717
2025-04-28 03:54:42,435 simple_logger.py log_once [line:28] INFO test_accuracy                 0.1135
2025-04-28 03:54:42,436 simple_logger.py log_once [line:28] INFO test_loss                     2.3010
2025-04-28 03:54:42,436 simple_logger.py log_once [line:28] INFO val_accuracy                  0.1167
2025-04-28 03:54:42,436 simple_logger.py log_once [line:28] INFO mean_val_accuracy             0.1167
2025-04-28 03:54:42,436 simple_logger.py log_once [line:28] INFO std_val_accuracy              0.0193
2025-04-28 03:54:42,436 simple_logger.py log_once [line:28] INFO val_loss                      2.3002
2025-04-28 03:54:42,436 simple_logger.py log_once [line:28] INFO mean_val_loss                 2.3002
2025-04-28 03:54:42,436 simple_logger.py log_once [line:28] INFO std_val_loss                  0.0024
2025-04-28 03:54:42,436 fedbase.py run [line:323] INFO expense           19232260.0
2025-04-28 03:54:42,436 fedbase.py run [line:324] INFO Eval Time Cost:               2.1730s
2025-04-28 03:54:42,436 asyncbase.py iterate [line:68] INFO Select clients [0, 1, 2, 3, 4, 5, 6, 7, 8, 9, 10, 11, 12, 13, 14, 15, 16, 17, 18, 19] at time 1718.
2025-04-28 03:56:07,588 asyncbase.py iterate [line:73] INFO Receive new models from clients [11] at time 1730
2025-04-28 03:56:07,588 asyncbase.py iterate [line:73] INFO Receive new models from clients [19, 15, 10, 17, 1, 3, 9] at time 1731
2025-04-28 03:56:07,589 asyncbase.py iterate [line:73] INFO Receive new models from clients [4, 13, 18, 12, 2, 5, 6, 0, 16, 7] at time 1732
2025-04-28 03:56:07,589 asyncbase.py iterate [line:73] INFO Receive new models from clients [8, 14] at time 1733
2025-04-28 03:56:07,667 fedbase.py run [line:318] INFO --------------Round 112--------------
2025-04-28 03:56:07,667 simple_logger.py log_once [line:14] INFO Current_time:1733
2025-04-28 03:56:09,815 simple_logger.py log_once [line:28] INFO test_accuracy                 0.1135
2025-04-28 03:56:09,815 simple_logger.py log_once [line:28] INFO test_loss                     2.3010
2025-04-28 03:56:09,815 simple_logger.py log_once [line:28] INFO val_accuracy                  0.1167
2025-04-28 03:56:09,816 simple_logger.py log_once [line:28] INFO mean_val_accuracy             0.1167
2025-04-28 03:56:09,816 simple_logger.py log_once [line:28] INFO std_val_accuracy              0.0193
2025-04-28 03:56:09,816 simple_logger.py log_once [line:28] INFO val_loss                      2.3002
2025-04-28 03:56:09,816 simple_logger.py log_once [line:28] INFO mean_val_loss                 2.3002
2025-04-28 03:56:09,816 simple_logger.py log_once [line:28] INFO std_val_loss                  0.0024
2025-04-28 03:56:09,816 fedbase.py run [line:323] INFO expense           19256100.0
2025-04-28 03:56:09,816 fedbase.py run [line:324] INFO Eval Time Cost:               2.1491s
2025-04-28 03:56:09,816 asyncbase.py iterate [line:68] INFO Select clients [0, 1, 2, 3, 4, 5, 6, 7, 8, 9, 10, 11, 12, 13, 14, 15, 16, 17, 18, 19] at time 1734.
2025-04-28 03:57:38,445 asyncbase.py iterate [line:73] INFO Receive new models from clients [13, 8, 9] at time 1746
2025-04-28 03:57:38,445 asyncbase.py iterate [line:73] INFO Receive new models from clients [1, 7, 19, 14, 11, 12, 4, 0, 17, 18] at time 1747
2025-04-28 03:57:38,446 asyncbase.py iterate [line:73] INFO Receive new models from clients [16, 10, 2, 6, 15, 3, 5] at time 1748
2025-04-28 03:57:38,544 fedbase.py run [line:318] INFO --------------Round 113--------------
2025-04-28 03:57:38,545 simple_logger.py log_once [line:14] INFO Current_time:1748
2025-04-28 03:57:40,713 simple_logger.py log_once [line:28] INFO test_accuracy                 0.1135
2025-04-28 03:57:40,713 simple_logger.py log_once [line:28] INFO test_loss                     2.3010
2025-04-28 03:57:40,713 simple_logger.py log_once [line:28] INFO val_accuracy                  0.1167
2025-04-28 03:57:40,713 simple_logger.py log_once [line:28] INFO mean_val_accuracy             0.1167
2025-04-28 03:57:40,713 simple_logger.py log_once [line:28] INFO std_val_accuracy              0.0193
2025-04-28 03:57:40,713 simple_logger.py log_once [line:28] INFO val_loss                      2.3002
2025-04-28 03:57:40,713 simple_logger.py log_once [line:28] INFO mean_val_loss                 2.3002
2025-04-28 03:57:40,713 simple_logger.py log_once [line:28] INFO std_val_loss                  0.0024
2025-04-28 03:57:40,713 fedbase.py run [line:323] INFO expense           19279940.0
2025-04-28 03:57:40,713 fedbase.py run [line:324] INFO Eval Time Cost:               2.1686s
2025-04-28 03:57:40,713 asyncbase.py iterate [line:68] INFO Select clients [0, 1, 2, 3, 4, 5, 6, 7, 8, 9, 10, 11, 12, 13, 14, 15, 16, 17, 18, 19] at time 1749.
2025-04-28 03:59:06,812 asyncbase.py iterate [line:73] INFO Receive new models from clients [10, 4, 19] at time 1761
2025-04-28 03:59:06,812 asyncbase.py iterate [line:73] INFO Receive new models from clients [13, 3, 14, 5, 11, 12, 1, 6, 0] at time 1762
2025-04-28 03:59:06,812 asyncbase.py iterate [line:73] INFO Receive new models from clients [7, 9, 8, 2, 16, 15] at time 1763
2025-04-28 03:59:06,813 asyncbase.py iterate [line:73] INFO Receive new models from clients [17, 18] at time 1764
2025-04-28 03:59:06,892 fedbase.py run [line:318] INFO --------------Round 114--------------
2025-04-28 03:59:06,892 simple_logger.py log_once [line:14] INFO Current_time:1764
2025-04-28 03:59:09,060 simple_logger.py log_once [line:28] INFO test_accuracy                 0.1135
2025-04-28 03:59:09,061 simple_logger.py log_once [line:28] INFO test_loss                     2.3010
2025-04-28 03:59:09,061 simple_logger.py log_once [line:28] INFO val_accuracy                  0.1167
2025-04-28 03:59:09,061 simple_logger.py log_once [line:28] INFO mean_val_accuracy             0.1167
2025-04-28 03:59:09,061 simple_logger.py log_once [line:28] INFO std_val_accuracy              0.0193
2025-04-28 03:59:09,061 simple_logger.py log_once [line:28] INFO val_loss                      2.3002
2025-04-28 03:59:09,061 simple_logger.py log_once [line:28] INFO mean_val_loss                 2.3002
2025-04-28 03:59:09,061 simple_logger.py log_once [line:28] INFO std_val_loss                  0.0024
2025-04-28 03:59:09,061 fedbase.py run [line:323] INFO expense           19303780.0
2025-04-28 03:59:09,061 fedbase.py run [line:324] INFO Eval Time Cost:               2.1688s
2025-04-28 03:59:09,061 asyncbase.py iterate [line:68] INFO Select clients [0, 1, 2, 3, 4, 5, 6, 7, 8, 9, 10, 11, 12, 13, 14, 15, 16, 17, 18, 19] at time 1765.
2025-04-28 04:00:36,674 asyncbase.py iterate [line:73] INFO Receive new models from clients [7] at time 1777
2025-04-28 04:00:36,674 asyncbase.py iterate [line:73] INFO Receive new models from clients [5, 9, 14, 15, 16, 19, 11, 2, 10, 13, 8] at time 1778
2025-04-28 04:00:36,675 asyncbase.py iterate [line:73] INFO Receive new models from clients [6, 4, 12, 18, 17, 3, 1] at time 1779
2025-04-28 04:00:36,675 asyncbase.py iterate [line:73] INFO Receive new models from clients [0] at time 1780
2025-04-28 04:00:36,740 fedbase.py run [line:318] INFO --------------Round 115--------------
2025-04-28 04:00:36,740 simple_logger.py log_once [line:14] INFO Current_time:1780
2025-04-28 04:00:38,913 simple_logger.py log_once [line:28] INFO test_accuracy                 0.1135
2025-04-28 04:00:38,913 simple_logger.py log_once [line:28] INFO test_loss                     2.3010
2025-04-28 04:00:38,914 simple_logger.py log_once [line:28] INFO val_accuracy                  0.1167
2025-04-28 04:00:38,914 simple_logger.py log_once [line:28] INFO mean_val_accuracy             0.1167
2025-04-28 04:00:38,914 simple_logger.py log_once [line:28] INFO std_val_accuracy              0.0193
2025-04-28 04:00:38,914 simple_logger.py log_once [line:28] INFO val_loss                      2.3002
2025-04-28 04:00:38,914 simple_logger.py log_once [line:28] INFO mean_val_loss                 2.3002
2025-04-28 04:00:38,914 simple_logger.py log_once [line:28] INFO std_val_loss                  0.0024
2025-04-28 04:00:38,914 fedbase.py run [line:323] INFO expense           19327620.0
2025-04-28 04:00:38,914 fedbase.py run [line:324] INFO Eval Time Cost:               2.1742s
2025-04-28 04:00:38,914 asyncbase.py iterate [line:68] INFO Select clients [0, 1, 2, 3, 4, 5, 6, 7, 8, 9, 10, 11, 12, 13, 14, 15, 16, 17, 18, 19] at time 1781.
2025-04-28 04:02:01,325 asyncbase.py iterate [line:73] INFO Receive new models from clients [17, 2, 11, 19] at time 1793
2025-04-28 04:02:01,326 asyncbase.py iterate [line:73] INFO Receive new models from clients [16, 10, 12, 5, 7, 8, 14] at time 1794
2025-04-28 04:02:01,326 asyncbase.py iterate [line:73] INFO Receive new models from clients [18, 9, 0, 4, 13, 1, 15] at time 1795
2025-04-28 04:02:01,326 asyncbase.py iterate [line:73] INFO Receive new models from clients [6, 3] at time 1796
2025-04-28 04:02:01,412 fedbase.py run [line:318] INFO --------------Round 116--------------
2025-04-28 04:02:01,412 simple_logger.py log_once [line:14] INFO Current_time:1796
2025-04-28 04:02:03,569 simple_logger.py log_once [line:28] INFO test_accuracy                 0.1135
2025-04-28 04:02:03,569 simple_logger.py log_once [line:28] INFO test_loss                     2.3010
2025-04-28 04:02:03,569 simple_logger.py log_once [line:28] INFO val_accuracy                  0.1167
2025-04-28 04:02:03,569 simple_logger.py log_once [line:28] INFO mean_val_accuracy             0.1167
2025-04-28 04:02:03,569 simple_logger.py log_once [line:28] INFO std_val_accuracy              0.0193
2025-04-28 04:02:03,569 simple_logger.py log_once [line:28] INFO val_loss                      2.3002
2025-04-28 04:02:03,569 simple_logger.py log_once [line:28] INFO mean_val_loss                 2.3002
2025-04-28 04:02:03,569 simple_logger.py log_once [line:28] INFO std_val_loss                  0.0024
2025-04-28 04:02:03,569 fedbase.py run [line:323] INFO expense           19351460.0
2025-04-28 04:02:03,570 fedbase.py run [line:324] INFO Eval Time Cost:               2.1575s
2025-04-28 04:02:03,570 asyncbase.py iterate [line:68] INFO Select clients [0, 1, 2, 3, 4, 5, 6, 7, 8, 9, 10, 11, 12, 13, 14, 15, 16, 17, 18, 19] at time 1797.
2025-04-28 04:03:27,294 asyncbase.py iterate [line:73] INFO Receive new models from clients [3, 11, 19] at time 1809
2025-04-28 04:03:27,294 asyncbase.py iterate [line:73] INFO Receive new models from clients [12, 5, 14, 9, 17, 0, 15, 1, 2, 4, 18] at time 1810
2025-04-28 04:03:27,294 asyncbase.py iterate [line:73] INFO Receive new models from clients [16, 6, 8, 7, 10] at time 1811
2025-04-28 04:03:27,295 asyncbase.py iterate [line:73] INFO Receive new models from clients [13] at time 1812
2025-04-28 04:03:27,373 fedbase.py run [line:318] INFO --------------Round 117--------------
2025-04-28 04:03:27,373 simple_logger.py log_once [line:14] INFO Current_time:1812
2025-04-28 04:03:29,553 simple_logger.py log_once [line:28] INFO test_accuracy                 0.1135
2025-04-28 04:03:29,553 simple_logger.py log_once [line:28] INFO test_loss                     2.3010
2025-04-28 04:03:29,553 simple_logger.py log_once [line:28] INFO val_accuracy                  0.1167
2025-04-28 04:03:29,553 simple_logger.py log_once [line:28] INFO mean_val_accuracy             0.1167
2025-04-28 04:03:29,553 simple_logger.py log_once [line:28] INFO std_val_accuracy              0.0193
2025-04-28 04:03:29,553 simple_logger.py log_once [line:28] INFO val_loss                      2.3002
2025-04-28 04:03:29,553 simple_logger.py log_once [line:28] INFO mean_val_loss                 2.3002
2025-04-28 04:03:29,553 simple_logger.py log_once [line:28] INFO std_val_loss                  0.0023
2025-04-28 04:03:29,553 fedbase.py run [line:323] INFO expense           19375300.0
2025-04-28 04:03:29,553 fedbase.py run [line:324] INFO Eval Time Cost:               2.1801s
2025-04-28 04:03:29,554 asyncbase.py iterate [line:68] INFO Select clients [0, 1, 2, 3, 4, 5, 6, 7, 8, 9, 10, 11, 12, 13, 14, 15, 16, 17, 18, 19] at time 1813.
2025-04-28 04:04:50,080 asyncbase.py iterate [line:73] INFO Receive new models from clients [15, 0, 14, 7, 1] at time 1825
2025-04-28 04:04:50,081 asyncbase.py iterate [line:73] INFO Receive new models from clients [18, 19, 11, 3] at time 1826
2025-04-28 04:04:50,081 asyncbase.py iterate [line:73] INFO Receive new models from clients [9, 6, 17, 4, 12, 8, 13, 16, 5, 2] at time 1827
2025-04-28 04:04:50,081 asyncbase.py iterate [line:73] INFO Receive new models from clients [10] at time 1828
2025-04-28 04:04:50,167 fedbase.py run [line:318] INFO --------------Round 118--------------
2025-04-28 04:04:50,167 simple_logger.py log_once [line:14] INFO Current_time:1828
2025-04-28 04:04:52,329 simple_logger.py log_once [line:28] INFO test_accuracy                 0.1135
2025-04-28 04:04:52,329 simple_logger.py log_once [line:28] INFO test_loss                     2.3010
2025-04-28 04:04:52,329 simple_logger.py log_once [line:28] INFO val_accuracy                  0.1167
2025-04-28 04:04:52,329 simple_logger.py log_once [line:28] INFO mean_val_accuracy             0.1167
2025-04-28 04:04:52,329 simple_logger.py log_once [line:28] INFO std_val_accuracy              0.0193
2025-04-28 04:04:52,329 simple_logger.py log_once [line:28] INFO val_loss                      2.3002
2025-04-28 04:04:52,329 simple_logger.py log_once [line:28] INFO mean_val_loss                 2.3002
2025-04-28 04:04:52,329 simple_logger.py log_once [line:28] INFO std_val_loss                  0.0023
2025-04-28 04:04:52,329 fedbase.py run [line:323] INFO expense           19399140.0
2025-04-28 04:04:52,329 fedbase.py run [line:324] INFO Eval Time Cost:               2.1617s
2025-04-28 04:04:52,329 asyncbase.py iterate [line:68] INFO Select clients [0, 1, 2, 3, 4, 5, 6, 7, 8, 9, 10, 11, 12, 13, 14, 15, 16, 17, 18, 19] at time 1829.
2025-04-28 04:06:21,750 asyncbase.py iterate [line:73] INFO Receive new models from clients [15, 19] at time 1841
2025-04-28 04:06:21,750 asyncbase.py iterate [line:73] INFO Receive new models from clients [7, 11, 14, 0, 3, 5, 8, 10, 17, 2] at time 1842
2025-04-28 04:06:21,750 asyncbase.py iterate [line:73] INFO Receive new models from clients [13, 18, 4, 9] at time 1843
2025-04-28 04:06:21,751 asyncbase.py iterate [line:73] INFO Receive new models from clients [6, 1, 12, 16] at time 1844
2025-04-28 04:06:21,822 fedbase.py run [line:318] INFO --------------Round 119--------------
2025-04-28 04:06:21,822 simple_logger.py log_once [line:14] INFO Current_time:1844
2025-04-28 04:06:23,995 simple_logger.py log_once [line:28] INFO test_accuracy                 0.1135
2025-04-28 04:06:23,995 simple_logger.py log_once [line:28] INFO test_loss                     2.3010
2025-04-28 04:06:23,995 simple_logger.py log_once [line:28] INFO val_accuracy                  0.1167
2025-04-28 04:06:23,995 simple_logger.py log_once [line:28] INFO mean_val_accuracy             0.1167
2025-04-28 04:06:23,995 simple_logger.py log_once [line:28] INFO std_val_accuracy              0.0193
2025-04-28 04:06:23,995 simple_logger.py log_once [line:28] INFO val_loss                      2.3002
2025-04-28 04:06:23,995 simple_logger.py log_once [line:28] INFO mean_val_loss                 2.3002
2025-04-28 04:06:23,995 simple_logger.py log_once [line:28] INFO std_val_loss                  0.0024
2025-04-28 04:06:23,995 fedbase.py run [line:323] INFO expense           19422980.0
2025-04-28 04:06:23,995 fedbase.py run [line:324] INFO Eval Time Cost:               2.1732s
2025-04-28 04:06:23,995 asyncbase.py iterate [line:68] INFO Select clients [0, 1, 2, 3, 4, 5, 6, 7, 8, 9, 10, 11, 12, 13, 14, 15, 16, 17, 18, 19] at time 1845.
2025-04-28 04:07:53,398 asyncbase.py iterate [line:73] INFO Receive new models from clients [6] at time 1857
2025-04-28 04:07:53,398 asyncbase.py iterate [line:73] INFO Receive new models from clients [11, 5, 0, 4, 2, 1, 10, 18, 8] at time 1858
2025-04-28 04:07:53,399 asyncbase.py iterate [line:73] INFO Receive new models from clients [14, 17, 16, 12, 9, 3] at time 1859
2025-04-28 04:07:53,399 asyncbase.py iterate [line:73] INFO Receive new models from clients [15, 13, 7, 19] at time 1860
2025-04-28 04:07:53,477 fedbase.py run [line:318] INFO --------------Round 120--------------
2025-04-28 04:07:53,477 simple_logger.py log_once [line:14] INFO Current_time:1860
2025-04-28 04:07:55,647 simple_logger.py log_once [line:28] INFO test_accuracy                 0.1135
2025-04-28 04:07:55,647 simple_logger.py log_once [line:28] INFO test_loss                     2.3010
2025-04-28 04:07:55,647 simple_logger.py log_once [line:28] INFO val_accuracy                  0.1167
2025-04-28 04:07:55,647 simple_logger.py log_once [line:28] INFO mean_val_accuracy             0.1167
2025-04-28 04:07:55,647 simple_logger.py log_once [line:28] INFO std_val_accuracy              0.0193
2025-04-28 04:07:55,648 simple_logger.py log_once [line:28] INFO val_loss                      2.3002
2025-04-28 04:07:55,648 simple_logger.py log_once [line:28] INFO mean_val_loss                 2.3002
2025-04-28 04:07:55,648 simple_logger.py log_once [line:28] INFO std_val_loss                  0.0024
2025-04-28 04:07:55,648 fedbase.py run [line:323] INFO expense           19446820.0
2025-04-28 04:07:55,648 fedbase.py run [line:324] INFO Eval Time Cost:               2.1710s
2025-04-28 04:07:55,648 asyncbase.py iterate [line:68] INFO Select clients [0, 1, 2, 3, 4, 5, 6, 7, 8, 9, 10, 11, 12, 13, 14, 15, 16, 17, 18, 19] at time 1861.
2025-04-28 04:09:24,480 asyncbase.py iterate [line:73] INFO Receive new models from clients [5] at time 1873
2025-04-28 04:09:24,480 asyncbase.py iterate [line:73] INFO Receive new models from clients [12, 1, 17, 6, 15, 11, 10, 19] at time 1874
2025-04-28 04:09:24,480 asyncbase.py iterate [line:73] INFO Receive new models from clients [0, 2, 4, 16, 8, 14, 18, 13, 7] at time 1875
2025-04-28 04:09:24,481 asyncbase.py iterate [line:73] INFO Receive new models from clients [9, 3] at time 1876
2025-04-28 04:09:24,541 fedbase.py run [line:318] INFO --------------Round 121--------------
2025-04-28 04:09:24,541 simple_logger.py log_once [line:14] INFO Current_time:1876
2025-04-28 04:09:26,661 simple_logger.py log_once [line:28] INFO test_accuracy                 0.1135
2025-04-28 04:09:26,661 simple_logger.py log_once [line:28] INFO test_loss                     2.3010
2025-04-28 04:09:26,661 simple_logger.py log_once [line:28] INFO val_accuracy                  0.1167
2025-04-28 04:09:26,661 simple_logger.py log_once [line:28] INFO mean_val_accuracy             0.1167
2025-04-28 04:09:26,661 simple_logger.py log_once [line:28] INFO std_val_accuracy              0.0193
2025-04-28 04:09:26,661 simple_logger.py log_once [line:28] INFO val_loss                      2.3002
2025-04-28 04:09:26,662 simple_logger.py log_once [line:28] INFO mean_val_loss                 2.3002
2025-04-28 04:09:26,662 simple_logger.py log_once [line:28] INFO std_val_loss                  0.0024
2025-04-28 04:09:26,662 fedbase.py run [line:323] INFO expense           19470660.0
2025-04-28 04:09:26,662 fedbase.py run [line:324] INFO Eval Time Cost:               2.1208s
2025-04-28 04:09:26,662 asyncbase.py iterate [line:68] INFO Select clients [0, 1, 2, 3, 4, 5, 6, 7, 8, 9, 10, 11, 12, 13, 14, 15, 16, 17, 18, 19] at time 1877.
2025-04-28 04:10:50,193 asyncbase.py iterate [line:73] INFO Receive new models from clients [8, 19] at time 1889
2025-04-28 04:10:50,194 asyncbase.py iterate [line:73] INFO Receive new models from clients [18, 11, 6, 13, 1, 7, 4, 16, 2] at time 1890
2025-04-28 04:10:50,194 asyncbase.py iterate [line:73] INFO Receive new models from clients [12, 3, 9, 17, 0, 14, 15, 5, 10] at time 1891
2025-04-28 04:10:50,283 fedbase.py run [line:318] INFO --------------Round 122--------------
2025-04-28 04:10:50,283 simple_logger.py log_once [line:14] INFO Current_time:1891
2025-04-28 04:10:52,486 simple_logger.py log_once [line:28] INFO test_accuracy                 0.1135
2025-04-28 04:10:52,486 simple_logger.py log_once [line:28] INFO test_loss                     2.3010
2025-04-28 04:10:52,486 simple_logger.py log_once [line:28] INFO val_accuracy                  0.1167
2025-04-28 04:10:52,486 simple_logger.py log_once [line:28] INFO mean_val_accuracy             0.1167
2025-04-28 04:10:52,486 simple_logger.py log_once [line:28] INFO std_val_accuracy              0.0193
2025-04-28 04:10:52,486 simple_logger.py log_once [line:28] INFO val_loss                      2.3002
2025-04-28 04:10:52,486 simple_logger.py log_once [line:28] INFO mean_val_loss                 2.3002
2025-04-28 04:10:52,486 simple_logger.py log_once [line:28] INFO std_val_loss                  0.0025
2025-04-28 04:10:52,486 fedbase.py run [line:323] INFO expense           19494500.0
2025-04-28 04:10:52,486 fedbase.py run [line:324] INFO Eval Time Cost:               2.2032s
2025-04-28 04:10:52,486 asyncbase.py iterate [line:68] INFO Select clients [0, 1, 2, 3, 4, 5, 6, 7, 8, 9, 10, 11, 12, 13, 14, 15, 16, 17, 18, 19] at time 1892.
2025-04-28 04:12:14,492 asyncbase.py iterate [line:73] INFO Receive new models from clients [2, 12, 3, 14, 17, 19] at time 1904
2025-04-28 04:12:14,492 asyncbase.py iterate [line:73] INFO Receive new models from clients [0, 5, 13, 16, 4, 9] at time 1905
2025-04-28 04:12:14,493 asyncbase.py iterate [line:73] INFO Receive new models from clients [6, 7, 11, 15, 1, 8] at time 1906
2025-04-28 04:12:14,493 asyncbase.py iterate [line:73] INFO Receive new models from clients [10, 18] at time 1907
2025-04-28 04:12:14,566 fedbase.py run [line:318] INFO --------------Round 123--------------
2025-04-28 04:12:14,566 simple_logger.py log_once [line:14] INFO Current_time:1907
2025-04-28 04:12:16,736 simple_logger.py log_once [line:28] INFO test_accuracy                 0.1135
2025-04-28 04:12:16,736 simple_logger.py log_once [line:28] INFO test_loss                     2.3010
2025-04-28 04:12:16,737 simple_logger.py log_once [line:28] INFO val_accuracy                  0.1167
2025-04-28 04:12:16,737 simple_logger.py log_once [line:28] INFO mean_val_accuracy             0.1167
2025-04-28 04:12:16,737 simple_logger.py log_once [line:28] INFO std_val_accuracy              0.0193
2025-04-28 04:12:16,737 simple_logger.py log_once [line:28] INFO val_loss                      2.3002
2025-04-28 04:12:16,737 simple_logger.py log_once [line:28] INFO mean_val_loss                 2.3002
2025-04-28 04:12:16,737 simple_logger.py log_once [line:28] INFO std_val_loss                  0.0025
2025-04-28 04:12:16,737 fedbase.py run [line:323] INFO expense           19518340.0
2025-04-28 04:12:16,737 fedbase.py run [line:324] INFO Eval Time Cost:               2.1714s
2025-04-28 04:12:16,737 asyncbase.py iterate [line:68] INFO Select clients [0, 1, 2, 3, 4, 5, 6, 7, 8, 9, 10, 11, 12, 13, 14, 15, 16, 17, 18, 19] at time 1908.
2025-04-28 04:13:43,217 asyncbase.py iterate [line:73] INFO Receive new models from clients [5] at time 1920
2025-04-28 04:13:43,218 asyncbase.py iterate [line:73] INFO Receive new models from clients [19, 4, 8, 9, 17, 7, 13, 2, 10, 18] at time 1921
2025-04-28 04:13:43,218 asyncbase.py iterate [line:73] INFO Receive new models from clients [11, 16, 3, 1, 15, 12, 6] at time 1922
2025-04-28 04:13:43,218 asyncbase.py iterate [line:73] INFO Receive new models from clients [0, 14] at time 1923
2025-04-28 04:13:43,293 fedbase.py run [line:318] INFO --------------Round 124--------------
2025-04-28 04:13:43,293 simple_logger.py log_once [line:14] INFO Current_time:1923
2025-04-28 04:13:45,435 simple_logger.py log_once [line:28] INFO test_accuracy                 0.1135
2025-04-28 04:13:45,435 simple_logger.py log_once [line:28] INFO test_loss                     2.3010
2025-04-28 04:13:45,435 simple_logger.py log_once [line:28] INFO val_accuracy                  0.1167
2025-04-28 04:13:45,435 simple_logger.py log_once [line:28] INFO mean_val_accuracy             0.1167
2025-04-28 04:13:45,435 simple_logger.py log_once [line:28] INFO std_val_accuracy              0.0193
2025-04-28 04:13:45,435 simple_logger.py log_once [line:28] INFO val_loss                      2.3002
2025-04-28 04:13:45,435 simple_logger.py log_once [line:28] INFO mean_val_loss                 2.3002
2025-04-28 04:13:45,435 simple_logger.py log_once [line:28] INFO std_val_loss                  0.0024
2025-04-28 04:13:45,435 fedbase.py run [line:323] INFO expense           19542180.0
2025-04-28 04:13:45,435 fedbase.py run [line:324] INFO Eval Time Cost:               2.1420s
2025-04-28 04:13:45,436 asyncbase.py iterate [line:68] INFO Select clients [0, 1, 2, 3, 4, 5, 6, 7, 8, 9, 10, 11, 12, 13, 14, 15, 16, 17, 18, 19] at time 1924.
2025-04-28 04:15:13,228 asyncbase.py iterate [line:73] INFO Receive new models from clients [12, 16, 2] at time 1936
2025-04-28 04:15:13,228 asyncbase.py iterate [line:73] INFO Receive new models from clients [15, 6, 4, 13, 3, 10, 0, 5] at time 1937
2025-04-28 04:15:13,228 asyncbase.py iterate [line:73] INFO Receive new models from clients [19, 14, 1, 17, 8, 18, 9] at time 1938
2025-04-28 04:15:13,228 asyncbase.py iterate [line:73] INFO Receive new models from clients [11, 7] at time 1939
2025-04-28 04:15:13,310 fedbase.py run [line:318] INFO --------------Round 125--------------
2025-04-28 04:15:13,311 simple_logger.py log_once [line:14] INFO Current_time:1939
2025-04-28 04:15:15,428 simple_logger.py log_once [line:28] INFO test_accuracy                 0.1135
2025-04-28 04:15:15,428 simple_logger.py log_once [line:28] INFO test_loss                     2.3010
2025-04-28 04:15:15,428 simple_logger.py log_once [line:28] INFO val_accuracy                  0.1167
2025-04-28 04:15:15,428 simple_logger.py log_once [line:28] INFO mean_val_accuracy             0.1167
2025-04-28 04:15:15,428 simple_logger.py log_once [line:28] INFO std_val_accuracy              0.0193
2025-04-28 04:15:15,428 simple_logger.py log_once [line:28] INFO val_loss                      2.3002
2025-04-28 04:15:15,428 simple_logger.py log_once [line:28] INFO mean_val_loss                 2.3002
2025-04-28 04:15:15,428 simple_logger.py log_once [line:28] INFO std_val_loss                  0.0024
2025-04-28 04:15:15,428 fedbase.py run [line:323] INFO expense           19566020.0
2025-04-28 04:15:15,428 fedbase.py run [line:324] INFO Eval Time Cost:               2.1176s
2025-04-28 04:15:15,428 asyncbase.py iterate [line:68] INFO Select clients [0, 1, 2, 3, 4, 5, 6, 7, 8, 9, 10, 11, 12, 13, 14, 15, 16, 17, 18, 19] at time 1940.
2025-04-28 04:16:42,500 asyncbase.py iterate [line:73] INFO Receive new models from clients [19, 12] at time 1952
2025-04-28 04:16:42,500 asyncbase.py iterate [line:73] INFO Receive new models from clients [9, 18, 6, 14, 7, 15, 2, 17] at time 1953
2025-04-28 04:16:42,501 asyncbase.py iterate [line:73] INFO Receive new models from clients [16, 0, 8, 5, 11, 3, 1, 4, 13] at time 1954
2025-04-28 04:16:42,501 asyncbase.py iterate [line:73] INFO Receive new models from clients [10] at time 1955
2025-04-28 04:16:42,580 fedbase.py run [line:318] INFO --------------Round 126--------------
2025-04-28 04:16:42,580 simple_logger.py log_once [line:14] INFO Current_time:1955
2025-04-28 04:16:44,694 simple_logger.py log_once [line:28] INFO test_accuracy                 0.1135
2025-04-28 04:16:44,694 simple_logger.py log_once [line:28] INFO test_loss                     2.3010
2025-04-28 04:16:44,694 simple_logger.py log_once [line:28] INFO val_accuracy                  0.1167
2025-04-28 04:16:44,694 simple_logger.py log_once [line:28] INFO mean_val_accuracy             0.1167
2025-04-28 04:16:44,694 simple_logger.py log_once [line:28] INFO std_val_accuracy              0.0193
2025-04-28 04:16:44,694 simple_logger.py log_once [line:28] INFO val_loss                      2.3002
2025-04-28 04:16:44,694 simple_logger.py log_once [line:28] INFO mean_val_loss                 2.3002
2025-04-28 04:16:44,694 simple_logger.py log_once [line:28] INFO std_val_loss                  0.0024
2025-04-28 04:16:44,694 fedbase.py run [line:323] INFO expense           19589860.0
2025-04-28 04:16:44,694 fedbase.py run [line:324] INFO Eval Time Cost:               2.1141s
2025-04-28 04:16:44,694 asyncbase.py iterate [line:68] INFO Select clients [0, 1, 2, 3, 4, 5, 6, 7, 8, 9, 10, 11, 12, 13, 14, 15, 16, 17, 18, 19] at time 1956.
2025-04-28 04:18:14,409 asyncbase.py iterate [line:73] INFO Receive new models from clients [19, 4, 16, 2, 11, 18] at time 1968
2025-04-28 04:18:14,410 asyncbase.py iterate [line:73] INFO Receive new models from clients [13, 3, 17, 15, 10, 1] at time 1969
2025-04-28 04:18:14,410 asyncbase.py iterate [line:73] INFO Receive new models from clients [12, 0, 14, 7, 8, 5, 9] at time 1970
2025-04-28 04:18:14,410 asyncbase.py iterate [line:73] INFO Receive new models from clients [6] at time 1971
2025-04-28 04:18:14,480 fedbase.py run [line:318] INFO --------------Round 127--------------
2025-04-28 04:18:14,480 simple_logger.py log_once [line:14] INFO Current_time:1971
2025-04-28 04:18:16,675 simple_logger.py log_once [line:28] INFO test_accuracy                 0.1135
2025-04-28 04:18:16,676 simple_logger.py log_once [line:28] INFO test_loss                     2.3010
2025-04-28 04:18:16,676 simple_logger.py log_once [line:28] INFO val_accuracy                  0.1167
2025-04-28 04:18:16,676 simple_logger.py log_once [line:28] INFO mean_val_accuracy             0.1167
2025-04-28 04:18:16,676 simple_logger.py log_once [line:28] INFO std_val_accuracy              0.0193
2025-04-28 04:18:16,676 simple_logger.py log_once [line:28] INFO val_loss                      2.3002
2025-04-28 04:18:16,676 simple_logger.py log_once [line:28] INFO mean_val_loss                 2.3002
2025-04-28 04:18:16,676 simple_logger.py log_once [line:28] INFO std_val_loss                  0.0025
2025-04-28 04:18:16,676 fedbase.py run [line:323] INFO expense           19613700.0
2025-04-28 04:18:16,676 fedbase.py run [line:324] INFO Eval Time Cost:               2.1964s
2025-04-28 04:18:16,676 asyncbase.py iterate [line:68] INFO Select clients [0, 1, 2, 3, 4, 5, 6, 7, 8, 9, 10, 11, 12, 13, 14, 15, 16, 17, 18, 19] at time 1972.
2025-04-28 04:19:45,357 asyncbase.py iterate [line:73] INFO Receive new models from clients [2, 14, 10] at time 1984
2025-04-28 04:19:45,357 asyncbase.py iterate [line:73] INFO Receive new models from clients [0, 17, 16, 18, 15, 4] at time 1985
2025-04-28 04:19:45,357 asyncbase.py iterate [line:73] INFO Receive new models from clients [19, 9, 13, 8, 6, 3, 7, 11] at time 1986
2025-04-28 04:19:45,358 asyncbase.py iterate [line:73] INFO Receive new models from clients [5, 12, 1] at time 1987
2025-04-28 04:19:45,437 fedbase.py run [line:318] INFO --------------Round 128--------------
2025-04-28 04:19:45,437 simple_logger.py log_once [line:14] INFO Current_time:1987
2025-04-28 04:19:47,548 simple_logger.py log_once [line:28] INFO test_accuracy                 0.1135
2025-04-28 04:19:47,548 simple_logger.py log_once [line:28] INFO test_loss                     2.3010
2025-04-28 04:19:47,548 simple_logger.py log_once [line:28] INFO val_accuracy                  0.1167
2025-04-28 04:19:47,548 simple_logger.py log_once [line:28] INFO mean_val_accuracy             0.1167
2025-04-28 04:19:47,548 simple_logger.py log_once [line:28] INFO std_val_accuracy              0.0193
2025-04-28 04:19:47,548 simple_logger.py log_once [line:28] INFO val_loss                      2.3002
2025-04-28 04:19:47,548 simple_logger.py log_once [line:28] INFO mean_val_loss                 2.3002
2025-04-28 04:19:47,548 simple_logger.py log_once [line:28] INFO std_val_loss                  0.0024
2025-04-28 04:19:47,548 fedbase.py run [line:323] INFO expense           19637540.0
2025-04-28 04:19:47,548 fedbase.py run [line:324] INFO Eval Time Cost:               2.1117s
2025-04-28 04:19:47,549 asyncbase.py iterate [line:68] INFO Select clients [0, 1, 2, 3, 4, 5, 6, 7, 8, 9, 10, 11, 12, 13, 14, 15, 16, 17, 18, 19] at time 1988.
2025-04-28 04:21:10,232 asyncbase.py iterate [line:73] INFO Receive new models from clients [1] at time 2000
2025-04-28 04:21:10,233 asyncbase.py iterate [line:73] INFO Receive new models from clients [5, 14, 0, 18, 8, 10, 7, 2, 19] at time 2001
2025-04-28 04:21:10,233 asyncbase.py iterate [line:73] INFO Receive new models from clients [3, 12, 15, 17, 13, 4, 16] at time 2002
2025-04-28 04:21:10,233 asyncbase.py iterate [line:73] INFO Receive new models from clients [6, 9, 11] at time 2003
2025-04-28 04:21:10,330 fedbase.py run [line:318] INFO --------------Round 129--------------
2025-04-28 04:21:10,330 simple_logger.py log_once [line:14] INFO Current_time:2003
2025-04-28 04:21:12,491 simple_logger.py log_once [line:28] INFO test_accuracy                 0.1135
2025-04-28 04:21:12,491 simple_logger.py log_once [line:28] INFO test_loss                     2.3010
2025-04-28 04:21:12,491 simple_logger.py log_once [line:28] INFO val_accuracy                  0.1167
2025-04-28 04:21:12,491 simple_logger.py log_once [line:28] INFO mean_val_accuracy             0.1167
2025-04-28 04:21:12,492 simple_logger.py log_once [line:28] INFO std_val_accuracy              0.0193
2025-04-28 04:21:12,492 simple_logger.py log_once [line:28] INFO val_loss                      2.3002
2025-04-28 04:21:12,492 simple_logger.py log_once [line:28] INFO mean_val_loss                 2.3002
2025-04-28 04:21:12,492 simple_logger.py log_once [line:28] INFO std_val_loss                  0.0025
2025-04-28 04:21:12,492 fedbase.py run [line:323] INFO expense           19661380.0
2025-04-28 04:21:12,492 fedbase.py run [line:324] INFO Eval Time Cost:               2.1613s
2025-04-28 04:21:12,492 asyncbase.py iterate [line:68] INFO Select clients [0, 1, 2, 3, 4, 5, 6, 7, 8, 9, 10, 11, 12, 13, 14, 15, 16, 17, 18, 19] at time 2004.
2025-04-28 04:22:40,219 asyncbase.py iterate [line:73] INFO Receive new models from clients [6] at time 2016
2025-04-28 04:22:40,219 asyncbase.py iterate [line:73] INFO Receive new models from clients [3, 14, 19, 15, 2, 9, 17, 1, 16, 4, 18, 11] at time 2017
2025-04-28 04:22:40,219 asyncbase.py iterate [line:73] INFO Receive new models from clients [0, 5, 10, 7] at time 2018
2025-04-28 04:22:40,220 asyncbase.py iterate [line:73] INFO Receive new models from clients [13, 8, 12] at time 2019
2025-04-28 04:22:40,280 fedbase.py run [line:318] INFO --------------Round 130--------------
2025-04-28 04:22:40,280 simple_logger.py log_once [line:14] INFO Current_time:2019
2025-04-28 04:22:42,414 simple_logger.py log_once [line:28] INFO test_accuracy                 0.1135
2025-04-28 04:22:42,414 simple_logger.py log_once [line:28] INFO test_loss                     2.3010
2025-04-28 04:22:42,414 simple_logger.py log_once [line:28] INFO val_accuracy                  0.1167
2025-04-28 04:22:42,414 simple_logger.py log_once [line:28] INFO mean_val_accuracy             0.1167
2025-04-28 04:22:42,414 simple_logger.py log_once [line:28] INFO std_val_accuracy              0.0193
2025-04-28 04:22:42,414 simple_logger.py log_once [line:28] INFO val_loss                      2.3002
2025-04-28 04:22:42,415 simple_logger.py log_once [line:28] INFO mean_val_loss                 2.3002
2025-04-28 04:22:42,415 simple_logger.py log_once [line:28] INFO std_val_loss                  0.0024
2025-04-28 04:22:42,415 fedbase.py run [line:323] INFO expense           19685220.0
2025-04-28 04:22:42,415 fedbase.py run [line:324] INFO Eval Time Cost:               2.1347s
2025-04-28 04:22:42,415 asyncbase.py iterate [line:68] INFO Select clients [0, 1, 2, 3, 4, 5, 6, 7, 8, 9, 10, 11, 12, 13, 14, 15, 16, 17, 18, 19] at time 2020.
2025-04-28 04:24:09,388 asyncbase.py iterate [line:73] INFO Receive new models from clients [13, 16, 2] at time 2032
2025-04-28 04:24:09,389 asyncbase.py iterate [line:73] INFO Receive new models from clients [4, 11, 3, 5, 18, 19, 0, 1, 6, 9, 12, 7] at time 2033
2025-04-28 04:24:09,389 asyncbase.py iterate [line:73] INFO Receive new models from clients [17, 8, 15, 10] at time 2034
2025-04-28 04:24:09,389 asyncbase.py iterate [line:73] INFO Receive new models from clients [14] at time 2035
2025-04-28 04:24:09,463 fedbase.py run [line:318] INFO --------------Round 131--------------
2025-04-28 04:24:09,464 simple_logger.py log_once [line:14] INFO Current_time:2035
2025-04-28 04:24:11,639 simple_logger.py log_once [line:28] INFO test_accuracy                 0.1135
2025-04-28 04:24:11,639 simple_logger.py log_once [line:28] INFO test_loss                     2.3010
2025-04-28 04:24:11,639 simple_logger.py log_once [line:28] INFO val_accuracy                  0.1167
2025-04-28 04:24:11,639 simple_logger.py log_once [line:28] INFO mean_val_accuracy             0.1167
2025-04-28 04:24:11,639 simple_logger.py log_once [line:28] INFO std_val_accuracy              0.0193
2025-04-28 04:24:11,639 simple_logger.py log_once [line:28] INFO val_loss                      2.3002
2025-04-28 04:24:11,639 simple_logger.py log_once [line:28] INFO mean_val_loss                 2.3002
2025-04-28 04:24:11,639 simple_logger.py log_once [line:28] INFO std_val_loss                  0.0024
2025-04-28 04:24:11,639 fedbase.py run [line:323] INFO expense           19709060.0
2025-04-28 04:24:11,639 fedbase.py run [line:324] INFO Eval Time Cost:               2.1758s
2025-04-28 04:24:11,640 asyncbase.py iterate [line:68] INFO Select clients [0, 1, 2, 3, 4, 5, 6, 7, 8, 9, 10, 11, 12, 13, 14, 15, 16, 17, 18, 19] at time 2036.
2025-04-28 04:25:36,065 asyncbase.py iterate [line:73] INFO Receive new models from clients [16, 7, 19, 10] at time 2048
2025-04-28 04:25:36,066 asyncbase.py iterate [line:73] INFO Receive new models from clients [6, 1, 15, 0, 11, 9, 8, 17, 18, 4, 5] at time 2049
2025-04-28 04:25:36,066 asyncbase.py iterate [line:73] INFO Receive new models from clients [13, 2, 3, 12] at time 2050
2025-04-28 04:25:36,066 asyncbase.py iterate [line:73] INFO Receive new models from clients [14] at time 2051
2025-04-28 04:25:36,136 fedbase.py run [line:318] INFO --------------Round 132--------------
2025-04-28 04:25:36,136 simple_logger.py log_once [line:14] INFO Current_time:2051
2025-04-28 04:25:38,284 simple_logger.py log_once [line:28] INFO test_accuracy                 0.1135
2025-04-28 04:25:38,284 simple_logger.py log_once [line:28] INFO test_loss                     2.3010
2025-04-28 04:25:38,284 simple_logger.py log_once [line:28] INFO val_accuracy                  0.1167
2025-04-28 04:25:38,284 simple_logger.py log_once [line:28] INFO mean_val_accuracy             0.1167
2025-04-28 04:25:38,284 simple_logger.py log_once [line:28] INFO std_val_accuracy              0.0193
2025-04-28 04:25:38,284 simple_logger.py log_once [line:28] INFO val_loss                      2.3002
2025-04-28 04:25:38,284 simple_logger.py log_once [line:28] INFO mean_val_loss                 2.3002
2025-04-28 04:25:38,284 simple_logger.py log_once [line:28] INFO std_val_loss                  0.0024
2025-04-28 04:25:38,284 fedbase.py run [line:323] INFO expense           19732900.0
2025-04-28 04:25:38,284 fedbase.py run [line:324] INFO Eval Time Cost:               2.1484s
2025-04-28 04:25:38,285 asyncbase.py iterate [line:68] INFO Select clients [0, 1, 2, 3, 4, 5, 6, 7, 8, 9, 10, 11, 12, 13, 14, 15, 16, 17, 18, 19] at time 2052.
2025-04-28 04:27:08,248 asyncbase.py iterate [line:73] INFO Receive new models from clients [18] at time 2064
2025-04-28 04:27:08,249 asyncbase.py iterate [line:73] INFO Receive new models from clients [3, 0, 2, 15, 8, 5, 9, 16] at time 2065
2025-04-28 04:27:08,249 asyncbase.py iterate [line:73] INFO Receive new models from clients [7, 6, 19, 14, 4, 13, 12, 1, 11, 10] at time 2066
2025-04-28 04:27:08,249 asyncbase.py iterate [line:73] INFO Receive new models from clients [17] at time 2067
2025-04-28 04:27:08,338 fedbase.py run [line:318] INFO --------------Round 133--------------
2025-04-28 04:27:08,338 simple_logger.py log_once [line:14] INFO Current_time:2067
2025-04-28 04:27:10,488 simple_logger.py log_once [line:28] INFO test_accuracy                 0.1135
2025-04-28 04:27:10,488 simple_logger.py log_once [line:28] INFO test_loss                     2.3010
2025-04-28 04:27:10,489 simple_logger.py log_once [line:28] INFO val_accuracy                  0.1167
2025-04-28 04:27:10,489 simple_logger.py log_once [line:28] INFO mean_val_accuracy             0.1167
2025-04-28 04:27:10,489 simple_logger.py log_once [line:28] INFO std_val_accuracy              0.0193
2025-04-28 04:27:10,489 simple_logger.py log_once [line:28] INFO val_loss                      2.3002
2025-04-28 04:27:10,489 simple_logger.py log_once [line:28] INFO mean_val_loss                 2.3002
2025-04-28 04:27:10,489 simple_logger.py log_once [line:28] INFO std_val_loss                  0.0024
2025-04-28 04:27:10,489 fedbase.py run [line:323] INFO expense           19756740.0
2025-04-28 04:27:10,489 fedbase.py run [line:324] INFO Eval Time Cost:               2.1512s
2025-04-28 04:27:10,489 asyncbase.py iterate [line:68] INFO Select clients [0, 1, 2, 3, 4, 5, 6, 7, 8, 9, 10, 11, 12, 13, 14, 15, 16, 17, 18, 19] at time 2068.
2025-04-28 04:28:36,922 asyncbase.py iterate [line:73] INFO Receive new models from clients [17, 10, 15, 3, 16, 1, 2, 8] at time 2081
2025-04-28 04:28:36,923 asyncbase.py iterate [line:73] INFO Receive new models from clients [14, 12, 11, 4, 7, 0, 18, 19, 9, 5, 13] at time 2082
2025-04-28 04:28:36,923 asyncbase.py iterate [line:73] INFO Receive new models from clients [6] at time 2083
2025-04-28 04:28:36,999 fedbase.py run [line:318] INFO --------------Round 134--------------
2025-04-28 04:28:36,999 simple_logger.py log_once [line:14] INFO Current_time:2083
2025-04-28 04:28:39,184 simple_logger.py log_once [line:28] INFO test_accuracy                 0.1135
2025-04-28 04:28:39,185 simple_logger.py log_once [line:28] INFO test_loss                     2.3010
2025-04-28 04:28:39,185 simple_logger.py log_once [line:28] INFO val_accuracy                  0.1167
2025-04-28 04:28:39,185 simple_logger.py log_once [line:28] INFO mean_val_accuracy             0.1167
2025-04-28 04:28:39,185 simple_logger.py log_once [line:28] INFO std_val_accuracy              0.0193
2025-04-28 04:28:39,185 simple_logger.py log_once [line:28] INFO val_loss                      2.3002
2025-04-28 04:28:39,185 simple_logger.py log_once [line:28] INFO mean_val_loss                 2.3002
2025-04-28 04:28:39,185 simple_logger.py log_once [line:28] INFO std_val_loss                  0.0024
2025-04-28 04:28:39,185 fedbase.py run [line:323] INFO expense           19780580.0
2025-04-28 04:28:39,185 fedbase.py run [line:324] INFO Eval Time Cost:               2.1858s
2025-04-28 04:28:39,185 asyncbase.py iterate [line:68] INFO Select clients [0, 1, 2, 3, 4, 5, 6, 7, 8, 9, 10, 11, 12, 13, 14, 15, 16, 17, 18, 19] at time 2084.
2025-04-28 04:30:07,871 asyncbase.py iterate [line:73] INFO Receive new models from clients [12, 18] at time 2096
2025-04-28 04:30:07,872 asyncbase.py iterate [line:73] INFO Receive new models from clients [16, 7, 1, 8, 19, 15, 17, 11] at time 2097
2025-04-28 04:30:07,872 asyncbase.py iterate [line:73] INFO Receive new models from clients [2, 4, 13, 0, 10, 6, 9, 5] at time 2098
2025-04-28 04:30:07,872 asyncbase.py iterate [line:73] INFO Receive new models from clients [3, 14] at time 2099
2025-04-28 04:30:07,945 fedbase.py run [line:318] INFO --------------Round 135--------------
2025-04-28 04:30:07,945 simple_logger.py log_once [line:14] INFO Current_time:2099
2025-04-28 04:30:10,086 simple_logger.py log_once [line:28] INFO test_accuracy                 0.1135
2025-04-28 04:30:10,086 simple_logger.py log_once [line:28] INFO test_loss                     2.3010
2025-04-28 04:30:10,087 simple_logger.py log_once [line:28] INFO val_accuracy                  0.1167
2025-04-28 04:30:10,087 simple_logger.py log_once [line:28] INFO mean_val_accuracy             0.1167
2025-04-28 04:30:10,087 simple_logger.py log_once [line:28] INFO std_val_accuracy              0.0193
2025-04-28 04:30:10,087 simple_logger.py log_once [line:28] INFO val_loss                      2.3002
2025-04-28 04:30:10,087 simple_logger.py log_once [line:28] INFO mean_val_loss                 2.3002
2025-04-28 04:30:10,087 simple_logger.py log_once [line:28] INFO std_val_loss                  0.0023
2025-04-28 04:30:10,087 fedbase.py run [line:323] INFO expense           19804420.0
2025-04-28 04:30:10,087 fedbase.py run [line:324] INFO Eval Time Cost:               2.1419s
2025-04-28 04:30:10,087 asyncbase.py iterate [line:68] INFO Select clients [0, 1, 2, 3, 4, 5, 6, 7, 8, 9, 10, 11, 12, 13, 14, 15, 16, 17, 18, 19] at time 2100.
2025-04-28 04:31:35,342 asyncbase.py iterate [line:73] INFO Receive new models from clients [11] at time 2112
2025-04-28 04:31:35,342 asyncbase.py iterate [line:73] INFO Receive new models from clients [10, 18, 19, 13, 1] at time 2113
2025-04-28 04:31:35,342 asyncbase.py iterate [line:73] INFO Receive new models from clients [0, 4, 5, 2, 15, 6, 17, 8, 16, 14, 7, 3] at time 2114
2025-04-28 04:31:35,342 asyncbase.py iterate [line:73] INFO Receive new models from clients [9, 12] at time 2115
2025-04-28 04:31:35,413 fedbase.py run [line:318] INFO --------------Round 136--------------
2025-04-28 04:31:35,413 simple_logger.py log_once [line:14] INFO Current_time:2115
2025-04-28 04:31:37,557 simple_logger.py log_once [line:28] INFO test_accuracy                 0.1135
2025-04-28 04:31:37,557 simple_logger.py log_once [line:28] INFO test_loss                     2.3010
2025-04-28 04:31:37,557 simple_logger.py log_once [line:28] INFO val_accuracy                  0.1167
2025-04-28 04:31:37,557 simple_logger.py log_once [line:28] INFO mean_val_accuracy             0.1167
2025-04-28 04:31:37,557 simple_logger.py log_once [line:28] INFO std_val_accuracy              0.0193
2025-04-28 04:31:37,557 simple_logger.py log_once [line:28] INFO val_loss                      2.3002
2025-04-28 04:31:37,557 simple_logger.py log_once [line:28] INFO mean_val_loss                 2.3002
2025-04-28 04:31:37,557 simple_logger.py log_once [line:28] INFO std_val_loss                  0.0024
2025-04-28 04:31:37,557 fedbase.py run [line:323] INFO expense           19828260.0
2025-04-28 04:31:37,557 fedbase.py run [line:324] INFO Eval Time Cost:               2.1439s
2025-04-28 04:31:37,557 asyncbase.py iterate [line:68] INFO Select clients [0, 1, 2, 3, 4, 5, 6, 7, 8, 9, 10, 11, 12, 13, 14, 15, 16, 17, 18, 19] at time 2116.
2025-04-28 04:33:05,572 asyncbase.py iterate [line:73] INFO Receive new models from clients [2, 11, 13, 7] at time 2128
2025-04-28 04:33:05,572 asyncbase.py iterate [line:73] INFO Receive new models from clients [4, 14, 18, 10, 16, 9, 12, 8, 5, 0] at time 2129
2025-04-28 04:33:05,572 asyncbase.py iterate [line:73] INFO Receive new models from clients [17, 1, 15, 6] at time 2130
2025-04-28 04:33:05,573 asyncbase.py iterate [line:73] INFO Receive new models from clients [3, 19] at time 2131
2025-04-28 04:33:05,639 fedbase.py run [line:318] INFO --------------Round 137--------------
2025-04-28 04:33:05,639 simple_logger.py log_once [line:14] INFO Current_time:2131
2025-04-28 04:33:07,746 simple_logger.py log_once [line:28] INFO test_accuracy                 0.1135
2025-04-28 04:33:07,746 simple_logger.py log_once [line:28] INFO test_loss                     2.3010
2025-04-28 04:33:07,746 simple_logger.py log_once [line:28] INFO val_accuracy                  0.1167
2025-04-28 04:33:07,747 simple_logger.py log_once [line:28] INFO mean_val_accuracy             0.1167
2025-04-28 04:33:07,747 simple_logger.py log_once [line:28] INFO std_val_accuracy              0.0193
2025-04-28 04:33:07,747 simple_logger.py log_once [line:28] INFO val_loss                      2.3002
2025-04-28 04:33:07,747 simple_logger.py log_once [line:28] INFO mean_val_loss                 2.3002
2025-04-28 04:33:07,747 simple_logger.py log_once [line:28] INFO std_val_loss                  0.0024
2025-04-28 04:33:07,747 fedbase.py run [line:323] INFO expense           19852100.0
2025-04-28 04:33:07,747 fedbase.py run [line:324] INFO Eval Time Cost:               2.1081s
2025-04-28 04:33:07,747 asyncbase.py iterate [line:68] INFO Select clients [0, 1, 2, 3, 4, 5, 6, 7, 8, 9, 10, 11, 12, 13, 14, 15, 16, 17, 18, 19] at time 2132.
2025-04-28 04:34:29,087 asyncbase.py iterate [line:73] INFO Receive new models from clients [6] at time 2144
2025-04-28 04:34:29,088 asyncbase.py iterate [line:73] INFO Receive new models from clients [13, 10, 1, 7, 5, 8, 3, 17, 12] at time 2145
2025-04-28 04:34:29,088 asyncbase.py iterate [line:73] INFO Receive new models from clients [11, 0, 18, 2, 9, 4, 19, 16] at time 2146
2025-04-28 04:34:29,088 asyncbase.py iterate [line:73] INFO Receive new models from clients [15, 14] at time 2147
2025-04-28 04:34:29,194 fedbase.py run [line:318] INFO --------------Round 138--------------
2025-04-28 04:34:29,194 simple_logger.py log_once [line:14] INFO Current_time:2147
2025-04-28 04:34:31,375 simple_logger.py log_once [line:28] INFO test_accuracy                 0.1135
2025-04-28 04:34:31,375 simple_logger.py log_once [line:28] INFO test_loss                     2.3010
2025-04-28 04:34:31,375 simple_logger.py log_once [line:28] INFO val_accuracy                  0.1167
2025-04-28 04:34:31,375 simple_logger.py log_once [line:28] INFO mean_val_accuracy             0.1167
2025-04-28 04:34:31,375 simple_logger.py log_once [line:28] INFO std_val_accuracy              0.0193
2025-04-28 04:34:31,375 simple_logger.py log_once [line:28] INFO val_loss                      2.3002
2025-04-28 04:34:31,375 simple_logger.py log_once [line:28] INFO mean_val_loss                 2.3002
2025-04-28 04:34:31,375 simple_logger.py log_once [line:28] INFO std_val_loss                  0.0024
2025-04-28 04:34:31,375 fedbase.py run [line:323] INFO expense           19875940.0
2025-04-28 04:34:31,375 fedbase.py run [line:324] INFO Eval Time Cost:               2.1809s
2025-04-28 04:34:31,375 asyncbase.py iterate [line:68] INFO Select clients [0, 1, 2, 3, 4, 5, 6, 7, 8, 9, 10, 11, 12, 13, 14, 15, 16, 17, 18, 19] at time 2148.
2025-04-28 04:35:57,274 asyncbase.py iterate [line:73] INFO Receive new models from clients [7, 17] at time 2160
2025-04-28 04:35:57,274 asyncbase.py iterate [line:73] INFO Receive new models from clients [8, 13, 10, 5, 0, 18, 12, 3, 19] at time 2161
2025-04-28 04:35:57,275 asyncbase.py iterate [line:73] INFO Receive new models from clients [16, 2, 11, 14, 15, 1, 9, 4] at time 2162
2025-04-28 04:35:57,275 asyncbase.py iterate [line:73] INFO Receive new models from clients [6] at time 2163
2025-04-28 04:35:57,349 fedbase.py run [line:318] INFO --------------Round 139--------------
2025-04-28 04:35:57,349 simple_logger.py log_once [line:14] INFO Current_time:2163
2025-04-28 04:35:59,509 simple_logger.py log_once [line:28] INFO test_accuracy                 0.1135
2025-04-28 04:35:59,509 simple_logger.py log_once [line:28] INFO test_loss                     2.3010
2025-04-28 04:35:59,509 simple_logger.py log_once [line:28] INFO val_accuracy                  0.1167
2025-04-28 04:35:59,509 simple_logger.py log_once [line:28] INFO mean_val_accuracy             0.1167
2025-04-28 04:35:59,509 simple_logger.py log_once [line:28] INFO std_val_accuracy              0.0193
2025-04-28 04:35:59,509 simple_logger.py log_once [line:28] INFO val_loss                      2.3002
2025-04-28 04:35:59,509 simple_logger.py log_once [line:28] INFO mean_val_loss                 2.3002
2025-04-28 04:35:59,509 simple_logger.py log_once [line:28] INFO std_val_loss                  0.0024
2025-04-28 04:35:59,509 fedbase.py run [line:323] INFO expense           19899780.0
2025-04-28 04:35:59,510 fedbase.py run [line:324] INFO Eval Time Cost:               2.1606s
2025-04-28 04:35:59,510 asyncbase.py iterate [line:68] INFO Select clients [0, 1, 2, 3, 4, 5, 6, 7, 8, 9, 10, 11, 12, 13, 14, 15, 16, 17, 18, 19] at time 2164.
2025-04-28 04:37:24,572 asyncbase.py iterate [line:73] INFO Receive new models from clients [9, 8, 6] at time 2176
2025-04-28 04:37:24,572 asyncbase.py iterate [line:73] INFO Receive new models from clients [3, 11, 4, 2, 7, 1, 5, 0, 10] at time 2177
2025-04-28 04:37:24,572 asyncbase.py iterate [line:73] INFO Receive new models from clients [14, 18, 19, 13, 12, 16, 15, 17] at time 2178
2025-04-28 04:37:24,640 fedbase.py run [line:318] INFO --------------Round 140--------------
2025-04-28 04:37:24,640 simple_logger.py log_once [line:14] INFO Current_time:2178
2025-04-28 04:37:26,788 simple_logger.py log_once [line:28] INFO test_accuracy                 0.1135
2025-04-28 04:37:26,788 simple_logger.py log_once [line:28] INFO test_loss                     2.3010
2025-04-28 04:37:26,788 simple_logger.py log_once [line:28] INFO val_accuracy                  0.1167
2025-04-28 04:37:26,788 simple_logger.py log_once [line:28] INFO mean_val_accuracy             0.1167
2025-04-28 04:37:26,788 simple_logger.py log_once [line:28] INFO std_val_accuracy              0.0193
2025-04-28 04:37:26,789 simple_logger.py log_once [line:28] INFO val_loss                      2.3002
2025-04-28 04:37:26,789 simple_logger.py log_once [line:28] INFO mean_val_loss                 2.3002
2025-04-28 04:37:26,789 simple_logger.py log_once [line:28] INFO std_val_loss                  0.0024
2025-04-28 04:37:26,789 fedbase.py run [line:323] INFO expense           19923620.0
2025-04-28 04:37:26,789 fedbase.py run [line:324] INFO Eval Time Cost:               2.1485s
2025-04-28 04:37:26,789 asyncbase.py iterate [line:68] INFO Select clients [0, 1, 2, 3, 4, 5, 6, 7, 8, 9, 10, 11, 12, 13, 14, 15, 16, 17, 18, 19] at time 2179.
2025-04-28 04:38:53,310 asyncbase.py iterate [line:73] INFO Receive new models from clients [17, 13] at time 2191
2025-04-28 04:38:53,311 asyncbase.py iterate [line:73] INFO Receive new models from clients [1, 5, 2, 15, 9, 11, 18] at time 2192
2025-04-28 04:38:53,311 asyncbase.py iterate [line:73] INFO Receive new models from clients [8, 4, 10, 16, 14, 0, 7, 6, 19] at time 2193
2025-04-28 04:38:53,311 asyncbase.py iterate [line:73] INFO Receive new models from clients [12, 3] at time 2194
2025-04-28 04:38:53,417 fedbase.py run [line:318] INFO --------------Round 141--------------
2025-04-28 04:38:53,417 simple_logger.py log_once [line:14] INFO Current_time:2194
2025-04-28 04:38:55,646 simple_logger.py log_once [line:28] INFO test_accuracy                 0.1135
2025-04-28 04:38:55,647 simple_logger.py log_once [line:28] INFO test_loss                     2.3010
2025-04-28 04:38:55,647 simple_logger.py log_once [line:28] INFO val_accuracy                  0.1167
2025-04-28 04:38:55,647 simple_logger.py log_once [line:28] INFO mean_val_accuracy             0.1167
2025-04-28 04:38:55,647 simple_logger.py log_once [line:28] INFO std_val_accuracy              0.0193
2025-04-28 04:38:55,647 simple_logger.py log_once [line:28] INFO val_loss                      2.3002
2025-04-28 04:38:55,647 simple_logger.py log_once [line:28] INFO mean_val_loss                 2.3002
2025-04-28 04:38:55,647 simple_logger.py log_once [line:28] INFO std_val_loss                  0.0024
2025-04-28 04:38:55,647 fedbase.py run [line:323] INFO expense           19947460.0
2025-04-28 04:38:55,647 fedbase.py run [line:324] INFO Eval Time Cost:               2.2304s
2025-04-28 04:38:55,647 asyncbase.py iterate [line:68] INFO Select clients [0, 1, 2, 3, 4, 5, 6, 7, 8, 9, 10, 11, 12, 13, 14, 15, 16, 17, 18, 19] at time 2195.
2025-04-28 04:40:26,788 asyncbase.py iterate [line:73] INFO Receive new models from clients [8, 15, 1, 11, 12] at time 2207
2025-04-28 04:40:26,788 asyncbase.py iterate [line:73] INFO Receive new models from clients [13, 3, 2, 5, 0] at time 2208
2025-04-28 04:40:26,788 asyncbase.py iterate [line:73] INFO Receive new models from clients [6, 9, 7, 18, 14, 10, 17, 19] at time 2209
2025-04-28 04:40:26,788 asyncbase.py iterate [line:73] INFO Receive new models from clients [16, 4] at time 2210
2025-04-28 04:40:26,853 fedbase.py run [line:318] INFO --------------Round 142--------------
2025-04-28 04:40:26,853 simple_logger.py log_once [line:14] INFO Current_time:2210
2025-04-28 04:40:28,974 simple_logger.py log_once [line:28] INFO test_accuracy                 0.1135
2025-04-28 04:40:28,974 simple_logger.py log_once [line:28] INFO test_loss                     2.3010
2025-04-28 04:40:28,974 simple_logger.py log_once [line:28] INFO val_accuracy                  0.1167
2025-04-28 04:40:28,974 simple_logger.py log_once [line:28] INFO mean_val_accuracy             0.1167
2025-04-28 04:40:28,974 simple_logger.py log_once [line:28] INFO std_val_accuracy              0.0193
2025-04-28 04:40:28,974 simple_logger.py log_once [line:28] INFO val_loss                      2.3002
2025-04-28 04:40:28,974 simple_logger.py log_once [line:28] INFO mean_val_loss                 2.3002
2025-04-28 04:40:28,974 simple_logger.py log_once [line:28] INFO std_val_loss                  0.0024
2025-04-28 04:40:28,974 fedbase.py run [line:323] INFO expense           19971300.0
2025-04-28 04:40:28,974 fedbase.py run [line:324] INFO Eval Time Cost:               2.1215s
2025-04-28 04:40:28,974 asyncbase.py iterate [line:68] INFO Select clients [0, 1, 2, 3, 4, 5, 6, 7, 8, 9, 10, 11, 12, 13, 14, 15, 16, 17, 18, 19] at time 2211.
2025-04-28 04:41:58,083 asyncbase.py iterate [line:73] INFO Receive new models from clients [5] at time 2223
2025-04-28 04:41:58,083 asyncbase.py iterate [line:73] INFO Receive new models from clients [2, 10, 4, 8, 3, 19, 7, 16, 1] at time 2224
2025-04-28 04:41:58,083 asyncbase.py iterate [line:73] INFO Receive new models from clients [9, 15, 11, 13, 0, 17, 6, 18] at time 2225
2025-04-28 04:41:58,084 asyncbase.py iterate [line:73] INFO Receive new models from clients [14, 12] at time 2226
2025-04-28 04:41:58,154 fedbase.py run [line:318] INFO --------------Round 143--------------
2025-04-28 04:41:58,154 simple_logger.py log_once [line:14] INFO Current_time:2226
2025-04-28 04:42:00,281 simple_logger.py log_once [line:28] INFO test_accuracy                 0.1135
2025-04-28 04:42:00,281 simple_logger.py log_once [line:28] INFO test_loss                     2.3010
2025-04-28 04:42:00,281 simple_logger.py log_once [line:28] INFO val_accuracy                  0.1167
2025-04-28 04:42:00,281 simple_logger.py log_once [line:28] INFO mean_val_accuracy             0.1167
2025-04-28 04:42:00,281 simple_logger.py log_once [line:28] INFO std_val_accuracy              0.0193
2025-04-28 04:42:00,281 simple_logger.py log_once [line:28] INFO val_loss                      2.3002
2025-04-28 04:42:00,281 simple_logger.py log_once [line:28] INFO mean_val_loss                 2.3002
2025-04-28 04:42:00,281 simple_logger.py log_once [line:28] INFO std_val_loss                  0.0024
2025-04-28 04:42:00,281 fedbase.py run [line:323] INFO expense           19995140.0
2025-04-28 04:42:00,282 fedbase.py run [line:324] INFO Eval Time Cost:               2.1274s
2025-04-28 04:42:00,282 asyncbase.py iterate [line:68] INFO Select clients [0, 1, 2, 3, 4, 5, 6, 7, 8, 9, 10, 11, 12, 13, 14, 15, 16, 17, 18, 19] at time 2227.
2025-04-28 04:43:20,383 asyncbase.py iterate [line:73] INFO Receive new models from clients [6, 18, 16, 19] at time 2239
2025-04-28 04:43:20,384 asyncbase.py iterate [line:73] INFO Receive new models from clients [12, 7, 11, 8, 17, 13] at time 2240
2025-04-28 04:43:20,384 asyncbase.py iterate [line:73] INFO Receive new models from clients [2, 0, 5, 14, 1, 15, 9, 10] at time 2241
2025-04-28 04:43:20,384 asyncbase.py iterate [line:73] INFO Receive new models from clients [3, 4] at time 2242
2025-04-28 04:43:20,469 fedbase.py run [line:318] INFO --------------Round 144--------------
2025-04-28 04:43:20,469 simple_logger.py log_once [line:14] INFO Current_time:2242
2025-04-28 04:43:22,648 simple_logger.py log_once [line:28] INFO test_accuracy                 0.1135
2025-04-28 04:43:22,648 simple_logger.py log_once [line:28] INFO test_loss                     2.3010
2025-04-28 04:43:22,648 simple_logger.py log_once [line:28] INFO val_accuracy                  0.1167
2025-04-28 04:43:22,648 simple_logger.py log_once [line:28] INFO mean_val_accuracy             0.1167
2025-04-28 04:43:22,648 simple_logger.py log_once [line:28] INFO std_val_accuracy              0.0193
2025-04-28 04:43:22,648 simple_logger.py log_once [line:28] INFO val_loss                      2.3002
2025-04-28 04:43:22,648 simple_logger.py log_once [line:28] INFO mean_val_loss                 2.3002
2025-04-28 04:43:22,648 simple_logger.py log_once [line:28] INFO std_val_loss                  0.0024
2025-04-28 04:43:22,649 fedbase.py run [line:323] INFO expense           20018980.0
2025-04-28 04:43:22,649 fedbase.py run [line:324] INFO Eval Time Cost:               2.1798s
2025-04-28 04:43:22,649 asyncbase.py iterate [line:68] INFO Select clients [0, 1, 2, 3, 4, 5, 6, 7, 8, 9, 10, 11, 12, 13, 14, 15, 16, 17, 18, 19] at time 2243.
2025-04-28 04:44:52,558 asyncbase.py iterate [line:73] INFO Receive new models from clients [0] at time 2255
2025-04-28 04:44:52,559 asyncbase.py iterate [line:73] INFO Receive new models from clients [13, 2, 17, 9, 15, 6, 18, 14] at time 2256
2025-04-28 04:44:52,559 asyncbase.py iterate [line:73] INFO Receive new models from clients [12, 19, 3, 4, 5, 7, 8, 11, 1, 16] at time 2257
2025-04-28 04:44:52,559 asyncbase.py iterate [line:73] INFO Receive new models from clients [10] at time 2258
2025-04-28 04:44:52,629 fedbase.py run [line:318] INFO --------------Round 145--------------
2025-04-28 04:44:52,629 simple_logger.py log_once [line:14] INFO Current_time:2258
2025-04-28 04:44:54,765 simple_logger.py log_once [line:28] INFO test_accuracy                 0.1135
2025-04-28 04:44:54,766 simple_logger.py log_once [line:28] INFO test_loss                     2.3010
2025-04-28 04:44:54,766 simple_logger.py log_once [line:28] INFO val_accuracy                  0.1167
2025-04-28 04:44:54,766 simple_logger.py log_once [line:28] INFO mean_val_accuracy             0.1167
2025-04-28 04:44:54,766 simple_logger.py log_once [line:28] INFO std_val_accuracy              0.0193
2025-04-28 04:44:54,766 simple_logger.py log_once [line:28] INFO val_loss                      2.3002
2025-04-28 04:44:54,766 simple_logger.py log_once [line:28] INFO mean_val_loss                 2.3002
2025-04-28 04:44:54,766 simple_logger.py log_once [line:28] INFO std_val_loss                  0.0024
2025-04-28 04:44:54,766 fedbase.py run [line:323] INFO expense           20042820.0
2025-04-28 04:44:54,766 fedbase.py run [line:324] INFO Eval Time Cost:               2.1367s
2025-04-28 04:44:54,766 asyncbase.py iterate [line:68] INFO Select clients [0, 1, 2, 3, 4, 5, 6, 7, 8, 9, 10, 11, 12, 13, 14, 15, 16, 17, 18, 19] at time 2259.
2025-04-28 04:46:23,812 asyncbase.py iterate [line:73] INFO Receive new models from clients [12, 18, 13] at time 2271
2025-04-28 04:46:23,813 asyncbase.py iterate [line:73] INFO Receive new models from clients [3, 5, 2, 1, 4, 15] at time 2272
2025-04-28 04:46:23,813 asyncbase.py iterate [line:73] INFO Receive new models from clients [16, 9, 11, 8, 0, 17, 14, 6, 7, 10] at time 2273
2025-04-28 04:46:23,813 asyncbase.py iterate [line:73] INFO Receive new models from clients [19] at time 2274
2025-04-28 04:46:23,886 fedbase.py run [line:318] INFO --------------Round 146--------------
2025-04-28 04:46:23,886 simple_logger.py log_once [line:14] INFO Current_time:2274
2025-04-28 04:46:26,052 simple_logger.py log_once [line:28] INFO test_accuracy                 0.1135
2025-04-28 04:46:26,052 simple_logger.py log_once [line:28] INFO test_loss                     2.3010
2025-04-28 04:46:26,052 simple_logger.py log_once [line:28] INFO val_accuracy                  0.1167
2025-04-28 04:46:26,053 simple_logger.py log_once [line:28] INFO mean_val_accuracy             0.1167
2025-04-28 04:46:26,053 simple_logger.py log_once [line:28] INFO std_val_accuracy              0.0193
2025-04-28 04:46:26,053 simple_logger.py log_once [line:28] INFO val_loss                      2.3002
2025-04-28 04:46:26,053 simple_logger.py log_once [line:28] INFO mean_val_loss                 2.3002
2025-04-28 04:46:26,053 simple_logger.py log_once [line:28] INFO std_val_loss                  0.0024
2025-04-28 04:46:26,053 fedbase.py run [line:323] INFO expense           20066660.0
2025-04-28 04:46:26,053 fedbase.py run [line:324] INFO Eval Time Cost:               2.1666s
2025-04-28 04:46:26,053 asyncbase.py iterate [line:68] INFO Select clients [0, 1, 2, 3, 4, 5, 6, 7, 8, 9, 10, 11, 12, 13, 14, 15, 16, 17, 18, 19] at time 2275.
2025-04-28 04:47:40,950 asyncbase.py iterate [line:73] INFO Receive new models from clients [11, 13] at time 2287
2025-04-28 04:47:40,950 asyncbase.py iterate [line:73] INFO Receive new models from clients [17, 16, 3, 1, 15, 9, 7, 0, 6, 4] at time 2288
2025-04-28 04:47:40,950 asyncbase.py iterate [line:73] INFO Receive new models from clients [8, 18, 12, 5, 14, 2, 19] at time 2289
2025-04-28 04:47:40,951 asyncbase.py iterate [line:73] INFO Receive new models from clients [10] at time 2290
2025-04-28 04:47:41,031 fedbase.py run [line:318] INFO --------------Round 147--------------
2025-04-28 04:47:41,031 simple_logger.py log_once [line:14] INFO Current_time:2290
2025-04-28 04:47:43,120 simple_logger.py log_once [line:28] INFO test_accuracy                 0.1135
2025-04-28 04:47:43,120 simple_logger.py log_once [line:28] INFO test_loss                     2.3010
2025-04-28 04:47:43,121 simple_logger.py log_once [line:28] INFO val_accuracy                  0.1167
2025-04-28 04:47:43,121 simple_logger.py log_once [line:28] INFO mean_val_accuracy             0.1167
2025-04-28 04:47:43,121 simple_logger.py log_once [line:28] INFO std_val_accuracy              0.0193
2025-04-28 04:47:43,121 simple_logger.py log_once [line:28] INFO val_loss                      2.3002
2025-04-28 04:47:43,121 simple_logger.py log_once [line:28] INFO mean_val_loss                 2.3002
2025-04-28 04:47:43,121 simple_logger.py log_once [line:28] INFO std_val_loss                  0.0024
2025-04-28 04:47:43,121 fedbase.py run [line:323] INFO expense           20090500.0
2025-04-28 04:47:43,121 fedbase.py run [line:324] INFO Eval Time Cost:               2.0901s
2025-04-28 04:47:43,121 asyncbase.py iterate [line:68] INFO Select clients [0, 1, 2, 3, 4, 5, 6, 7, 8, 9, 10, 11, 12, 13, 14, 15, 16, 17, 18, 19] at time 2291.
2025-04-28 04:49:10,339 asyncbase.py iterate [line:73] INFO Receive new models from clients [6, 7] at time 2303
2025-04-28 04:49:10,340 asyncbase.py iterate [line:73] INFO Receive new models from clients [2, 0, 1, 3, 5, 19, 4, 13] at time 2304
2025-04-28 04:49:10,340 asyncbase.py iterate [line:73] INFO Receive new models from clients [16, 11, 9, 18, 12] at time 2305
2025-04-28 04:49:10,340 asyncbase.py iterate [line:73] INFO Receive new models from clients [17, 8, 15, 10, 14] at time 2306
2025-04-28 04:49:10,404 fedbase.py run [line:318] INFO --------------Round 148--------------
2025-04-28 04:49:10,404 simple_logger.py log_once [line:14] INFO Current_time:2306
2025-04-28 04:49:12,568 simple_logger.py log_once [line:28] INFO test_accuracy                 0.1135
2025-04-28 04:49:12,568 simple_logger.py log_once [line:28] INFO test_loss                     2.3010
2025-04-28 04:49:12,568 simple_logger.py log_once [line:28] INFO val_accuracy                  0.1167
2025-04-28 04:49:12,568 simple_logger.py log_once [line:28] INFO mean_val_accuracy             0.1167
2025-04-28 04:49:12,568 simple_logger.py log_once [line:28] INFO std_val_accuracy              0.0193
2025-04-28 04:49:12,568 simple_logger.py log_once [line:28] INFO val_loss                      2.3002
2025-04-28 04:49:12,568 simple_logger.py log_once [line:28] INFO mean_val_loss                 2.3002
2025-04-28 04:49:12,568 simple_logger.py log_once [line:28] INFO std_val_loss                  0.0024
2025-04-28 04:49:12,568 fedbase.py run [line:323] INFO expense           20114340.0
2025-04-28 04:49:12,568 fedbase.py run [line:324] INFO Eval Time Cost:               2.1642s
2025-04-28 04:49:12,568 asyncbase.py iterate [line:68] INFO Select clients [0, 1, 2, 3, 4, 5, 6, 7, 8, 9, 10, 11, 12, 13, 14, 15, 16, 17, 18, 19] at time 2307.
2025-04-28 04:50:41,512 asyncbase.py iterate [line:73] INFO Receive new models from clients [10, 19, 16, 18] at time 2319
2025-04-28 04:50:41,512 asyncbase.py iterate [line:73] INFO Receive new models from clients [11, 7, 1, 8, 6, 14, 4, 13, 3] at time 2320
2025-04-28 04:50:41,513 asyncbase.py iterate [line:73] INFO Receive new models from clients [15, 12, 17, 5, 2] at time 2321
2025-04-28 04:50:41,513 asyncbase.py iterate [line:73] INFO Receive new models from clients [0, 9] at time 2322
2025-04-28 04:50:41,598 fedbase.py run [line:318] INFO --------------Round 149--------------
2025-04-28 04:50:41,598 simple_logger.py log_once [line:14] INFO Current_time:2322
2025-04-28 04:50:43,783 simple_logger.py log_once [line:28] INFO test_accuracy                 0.1135
2025-04-28 04:50:43,784 simple_logger.py log_once [line:28] INFO test_loss                     2.3010
2025-04-28 04:50:43,784 simple_logger.py log_once [line:28] INFO val_accuracy                  0.1167
2025-04-28 04:50:43,784 simple_logger.py log_once [line:28] INFO mean_val_accuracy             0.1167
2025-04-28 04:50:43,784 simple_logger.py log_once [line:28] INFO std_val_accuracy              0.0193
2025-04-28 04:50:43,784 simple_logger.py log_once [line:28] INFO val_loss                      2.3002
2025-04-28 04:50:43,784 simple_logger.py log_once [line:28] INFO mean_val_loss                 2.3002
2025-04-28 04:50:43,784 simple_logger.py log_once [line:28] INFO std_val_loss                  0.0025
2025-04-28 04:50:43,784 fedbase.py run [line:323] INFO expense           20138180.0
2025-04-28 04:50:43,784 fedbase.py run [line:324] INFO Eval Time Cost:               2.1863s
2025-04-28 04:50:43,784 asyncbase.py iterate [line:68] INFO Select clients [0, 1, 2, 3, 4, 5, 6, 7, 8, 9, 10, 11, 12, 13, 14, 15, 16, 17, 18, 19] at time 2323.
2025-04-28 04:52:10,951 asyncbase.py iterate [line:73] INFO Receive new models from clients [7, 17] at time 2335
2025-04-28 04:52:10,952 asyncbase.py iterate [line:73] INFO Receive new models from clients [14, 2, 6, 8, 1, 18, 19, 16, 5, 12] at time 2336
2025-04-28 04:52:10,952 asyncbase.py iterate [line:73] INFO Receive new models from clients [4, 3, 10, 0, 9, 13] at time 2337
2025-04-28 04:52:10,952 asyncbase.py iterate [line:73] INFO Receive new models from clients [11, 15] at time 2338
2025-04-28 04:52:11,034 fedbase.py run [line:318] INFO --------------Round 150--------------
2025-04-28 04:52:11,034 simple_logger.py log_once [line:14] INFO Current_time:2338
2025-04-28 04:52:13,204 simple_logger.py log_once [line:28] INFO test_accuracy                 0.1135
2025-04-28 04:52:13,205 simple_logger.py log_once [line:28] INFO test_loss                     2.3010
2025-04-28 04:52:13,205 simple_logger.py log_once [line:28] INFO val_accuracy                  0.1167
2025-04-28 04:52:13,205 simple_logger.py log_once [line:28] INFO mean_val_accuracy             0.1167
2025-04-28 04:52:13,205 simple_logger.py log_once [line:28] INFO std_val_accuracy              0.0193
2025-04-28 04:52:13,205 simple_logger.py log_once [line:28] INFO val_loss                      2.3002
2025-04-28 04:52:13,205 simple_logger.py log_once [line:28] INFO mean_val_loss                 2.3002
2025-04-28 04:52:13,205 simple_logger.py log_once [line:28] INFO std_val_loss                  0.0024
2025-04-28 04:52:13,205 fedbase.py run [line:323] INFO expense           20162020.0
2025-04-28 04:52:13,205 fedbase.py run [line:324] INFO Eval Time Cost:               2.1709s
2025-04-28 04:52:13,205 asyncbase.py iterate [line:68] INFO Select clients [0, 1, 2, 3, 4, 5, 6, 7, 8, 9, 10, 11, 12, 13, 14, 15, 16, 17, 18, 19] at time 2339.
2025-04-28 04:53:42,325 asyncbase.py iterate [line:73] INFO Receive new models from clients [9, 7, 2] at time 2351
2025-04-28 04:53:42,325 asyncbase.py iterate [line:73] INFO Receive new models from clients [19, 3, 16, 10, 17, 13, 15, 18, 11, 4, 1] at time 2352
2025-04-28 04:53:42,325 asyncbase.py iterate [line:73] INFO Receive new models from clients [0, 5, 8, 6, 14, 12] at time 2353
2025-04-28 04:53:42,415 fedbase.py run [line:318] INFO --------------Round 151--------------
2025-04-28 04:53:42,415 simple_logger.py log_once [line:14] INFO Current_time:2353
2025-04-28 04:53:44,567 simple_logger.py log_once [line:28] INFO test_accuracy                 0.1135
2025-04-28 04:53:44,568 simple_logger.py log_once [line:28] INFO test_loss                     2.3010
2025-04-28 04:53:44,568 simple_logger.py log_once [line:28] INFO val_accuracy                  0.1167
2025-04-28 04:53:44,568 simple_logger.py log_once [line:28] INFO mean_val_accuracy             0.1167
2025-04-28 04:53:44,568 simple_logger.py log_once [line:28] INFO std_val_accuracy              0.0193
2025-04-28 04:53:44,568 simple_logger.py log_once [line:28] INFO val_loss                      2.3002
2025-04-28 04:53:44,568 simple_logger.py log_once [line:28] INFO mean_val_loss                 2.3002
2025-04-28 04:53:44,568 simple_logger.py log_once [line:28] INFO std_val_loss                  0.0025
2025-04-28 04:53:44,568 fedbase.py run [line:323] INFO expense           20185860.0
2025-04-28 04:53:44,568 fedbase.py run [line:324] INFO Eval Time Cost:               2.1528s
2025-04-28 04:53:44,568 asyncbase.py iterate [line:68] INFO Select clients [0, 1, 2, 3, 4, 5, 6, 7, 8, 9, 10, 11, 12, 13, 14, 15, 16, 17, 18, 19] at time 2354.
2025-04-28 04:55:10,909 asyncbase.py iterate [line:73] INFO Receive new models from clients [4, 12] at time 2366
2025-04-28 04:55:10,910 asyncbase.py iterate [line:73] INFO Receive new models from clients [10, 5, 13, 16, 14, 6, 15, 18] at time 2367
2025-04-28 04:55:10,910 asyncbase.py iterate [line:73] INFO Receive new models from clients [11, 9, 7, 2, 1, 3] at time 2368
2025-04-28 04:55:10,910 asyncbase.py iterate [line:73] INFO Receive new models from clients [8, 19, 17, 0] at time 2369
2025-04-28 04:55:10,985 fedbase.py run [line:318] INFO --------------Round 152--------------
2025-04-28 04:55:10,985 simple_logger.py log_once [line:14] INFO Current_time:2369
2025-04-28 04:55:13,134 simple_logger.py log_once [line:28] INFO test_accuracy                 0.1135
2025-04-28 04:55:13,134 simple_logger.py log_once [line:28] INFO test_loss                     2.3010
2025-04-28 04:55:13,134 simple_logger.py log_once [line:28] INFO val_accuracy                  0.1167
2025-04-28 04:55:13,134 simple_logger.py log_once [line:28] INFO mean_val_accuracy             0.1167
2025-04-28 04:55:13,134 simple_logger.py log_once [line:28] INFO std_val_accuracy              0.0193
2025-04-28 04:55:13,134 simple_logger.py log_once [line:28] INFO val_loss                      2.3002
2025-04-28 04:55:13,134 simple_logger.py log_once [line:28] INFO mean_val_loss                 2.3002
2025-04-28 04:55:13,135 simple_logger.py log_once [line:28] INFO std_val_loss                  0.0024
2025-04-28 04:55:13,135 fedbase.py run [line:323] INFO expense           20209700.0
2025-04-28 04:55:13,135 fedbase.py run [line:324] INFO Eval Time Cost:               2.1491s
2025-04-28 04:55:13,135 asyncbase.py iterate [line:68] INFO Select clients [0, 1, 2, 3, 4, 5, 6, 7, 8, 9, 10, 11, 12, 13, 14, 15, 16, 17, 18, 19] at time 2370.
2025-04-28 04:56:35,729 asyncbase.py iterate [line:73] INFO Receive new models from clients [16] at time 2382
2025-04-28 04:56:35,729 asyncbase.py iterate [line:73] INFO Receive new models from clients [15, 3, 9, 12, 14, 17, 18, 8] at time 2383
2025-04-28 04:56:35,729 asyncbase.py iterate [line:73] INFO Receive new models from clients [5, 6, 11, 4, 7, 2, 0, 1, 19, 10, 13] at time 2384
2025-04-28 04:56:35,821 fedbase.py run [line:318] INFO --------------Round 153--------------
2025-04-28 04:56:35,821 simple_logger.py log_once [line:14] INFO Current_time:2384
2025-04-28 04:56:37,965 simple_logger.py log_once [line:28] INFO test_accuracy                 0.1135
2025-04-28 04:56:37,965 simple_logger.py log_once [line:28] INFO test_loss                     2.3010
2025-04-28 04:56:37,965 simple_logger.py log_once [line:28] INFO val_accuracy                  0.1167
2025-04-28 04:56:37,965 simple_logger.py log_once [line:28] INFO mean_val_accuracy             0.1167
2025-04-28 04:56:37,965 simple_logger.py log_once [line:28] INFO std_val_accuracy              0.0193
2025-04-28 04:56:37,965 simple_logger.py log_once [line:28] INFO val_loss                      2.3002
2025-04-28 04:56:37,965 simple_logger.py log_once [line:28] INFO mean_val_loss                 2.3002
2025-04-28 04:56:37,965 simple_logger.py log_once [line:28] INFO std_val_loss                  0.0024
2025-04-28 04:56:37,965 fedbase.py run [line:323] INFO expense           20233540.0
2025-04-28 04:56:37,965 fedbase.py run [line:324] INFO Eval Time Cost:               2.1442s
2025-04-28 04:56:37,966 asyncbase.py iterate [line:68] INFO Select clients [0, 1, 2, 3, 4, 5, 6, 7, 8, 9, 10, 11, 12, 13, 14, 15, 16, 17, 18, 19] at time 2385.
2025-04-28 04:58:04,795 asyncbase.py iterate [line:73] INFO Receive new models from clients [0] at time 2397
2025-04-28 04:58:04,796 asyncbase.py iterate [line:73] INFO Receive new models from clients [16, 11, 4, 1, 18, 12, 2, 10] at time 2398
2025-04-28 04:58:04,796 asyncbase.py iterate [line:73] INFO Receive new models from clients [13, 3, 14, 9, 17, 15, 8, 5, 7, 6] at time 2399
2025-04-28 04:58:04,796 asyncbase.py iterate [line:73] INFO Receive new models from clients [19] at time 2400
2025-04-28 04:58:04,875 fedbase.py run [line:318] INFO --------------Round 154--------------
2025-04-28 04:58:04,875 simple_logger.py log_once [line:14] INFO Current_time:2400
2025-04-28 04:58:07,068 simple_logger.py log_once [line:28] INFO test_accuracy                 0.1135
2025-04-28 04:58:07,068 simple_logger.py log_once [line:28] INFO test_loss                     2.3010
2025-04-28 04:58:07,068 simple_logger.py log_once [line:28] INFO val_accuracy                  0.1167
2025-04-28 04:58:07,068 simple_logger.py log_once [line:28] INFO mean_val_accuracy             0.1167
2025-04-28 04:58:07,068 simple_logger.py log_once [line:28] INFO std_val_accuracy              0.0193
2025-04-28 04:58:07,068 simple_logger.py log_once [line:28] INFO val_loss                      2.3002
2025-04-28 04:58:07,068 simple_logger.py log_once [line:28] INFO mean_val_loss                 2.3002
2025-04-28 04:58:07,068 simple_logger.py log_once [line:28] INFO std_val_loss                  0.0024
2025-04-28 04:58:07,068 fedbase.py run [line:323] INFO expense           20257380.0
2025-04-28 04:58:07,068 fedbase.py run [line:324] INFO Eval Time Cost:               2.1926s
2025-04-28 04:58:07,068 asyncbase.py iterate [line:68] INFO Select clients [0, 1, 2, 3, 4, 5, 6, 7, 8, 9, 10, 11, 12, 13, 14, 15, 16, 17, 18, 19] at time 2401.
2025-04-28 04:59:34,666 asyncbase.py iterate [line:73] INFO Receive new models from clients [4, 14, 13, 16, 5, 2] at time 2413
2025-04-28 04:59:34,666 asyncbase.py iterate [line:73] INFO Receive new models from clients [12, 19, 8, 15, 7, 11, 0] at time 2414
2025-04-28 04:59:34,667 asyncbase.py iterate [line:73] INFO Receive new models from clients [10, 3, 9, 6, 18, 17] at time 2415
2025-04-28 04:59:34,667 asyncbase.py iterate [line:73] INFO Receive new models from clients [1] at time 2416
2025-04-28 04:59:34,750 fedbase.py run [line:318] INFO --------------Round 155--------------
2025-04-28 04:59:34,750 simple_logger.py log_once [line:14] INFO Current_time:2416
2025-04-28 04:59:36,931 simple_logger.py log_once [line:28] INFO test_accuracy                 0.1135
2025-04-28 04:59:36,931 simple_logger.py log_once [line:28] INFO test_loss                     2.3010
2025-04-28 04:59:36,931 simple_logger.py log_once [line:28] INFO val_accuracy                  0.1167
2025-04-28 04:59:36,931 simple_logger.py log_once [line:28] INFO mean_val_accuracy             0.1167
2025-04-28 04:59:36,931 simple_logger.py log_once [line:28] INFO std_val_accuracy              0.0193
2025-04-28 04:59:36,931 simple_logger.py log_once [line:28] INFO val_loss                      2.3002
2025-04-28 04:59:36,931 simple_logger.py log_once [line:28] INFO mean_val_loss                 2.3002
2025-04-28 04:59:36,931 simple_logger.py log_once [line:28] INFO std_val_loss                  0.0024
2025-04-28 04:59:36,931 fedbase.py run [line:323] INFO expense           20281220.0
2025-04-28 04:59:36,931 fedbase.py run [line:324] INFO Eval Time Cost:               2.1816s
2025-04-28 04:59:36,932 asyncbase.py iterate [line:68] INFO Select clients [0, 1, 2, 3, 4, 5, 6, 7, 8, 9, 10, 11, 12, 13, 14, 15, 16, 17, 18, 19] at time 2417.
2025-04-28 05:00:57,984 asyncbase.py iterate [line:73] INFO Receive new models from clients [15] at time 2429
2025-04-28 05:00:57,984 asyncbase.py iterate [line:73] INFO Receive new models from clients [8, 2, 16, 19, 10, 4, 1, 5] at time 2430
2025-04-28 05:00:57,984 asyncbase.py iterate [line:73] INFO Receive new models from clients [18, 12, 3, 13, 17, 0, 14, 9, 7] at time 2431
2025-04-28 05:00:57,984 asyncbase.py iterate [line:73] INFO Receive new models from clients [11, 6] at time 2432
2025-04-28 05:00:58,063 fedbase.py run [line:318] INFO --------------Round 156--------------
2025-04-28 05:00:58,063 simple_logger.py log_once [line:14] INFO Current_time:2432
2025-04-28 05:01:00,143 simple_logger.py log_once [line:28] INFO test_accuracy                 0.1135
2025-04-28 05:01:00,144 simple_logger.py log_once [line:28] INFO test_loss                     2.3010
2025-04-28 05:01:00,144 simple_logger.py log_once [line:28] INFO val_accuracy                  0.1167
2025-04-28 05:01:00,144 simple_logger.py log_once [line:28] INFO mean_val_accuracy             0.1167
2025-04-28 05:01:00,144 simple_logger.py log_once [line:28] INFO std_val_accuracy              0.0193
2025-04-28 05:01:00,145 simple_logger.py log_once [line:28] INFO val_loss                      2.3002
2025-04-28 05:01:00,145 simple_logger.py log_once [line:28] INFO mean_val_loss                 2.3002
2025-04-28 05:01:00,145 simple_logger.py log_once [line:28] INFO std_val_loss                  0.0024
2025-04-28 05:01:00,145 fedbase.py run [line:323] INFO expense           20305060.0
2025-04-28 05:01:00,145 fedbase.py run [line:324] INFO Eval Time Cost:               2.0817s
2025-04-28 05:01:00,145 asyncbase.py iterate [line:68] INFO Select clients [0, 1, 2, 3, 4, 5, 6, 7, 8, 9, 10, 11, 12, 13, 14, 15, 16, 17, 18, 19] at time 2433.
2025-04-28 05:02:28,532 asyncbase.py iterate [line:73] INFO Receive new models from clients [14, 5] at time 2445
2025-04-28 05:02:28,532 asyncbase.py iterate [line:73] INFO Receive new models from clients [12, 19, 4, 9, 13, 8, 2] at time 2446
2025-04-28 05:02:28,532 asyncbase.py iterate [line:73] INFO Receive new models from clients [16, 17, 10, 15, 6, 18, 0, 3, 7, 11, 1] at time 2447
2025-04-28 05:02:28,611 fedbase.py run [line:318] INFO --------------Round 157--------------
2025-04-28 05:02:28,611 simple_logger.py log_once [line:14] INFO Current_time:2447
2025-04-28 05:02:30,689 simple_logger.py log_once [line:28] INFO test_accuracy                 0.1135
2025-04-28 05:02:30,689 simple_logger.py log_once [line:28] INFO test_loss                     2.3010
2025-04-28 05:02:30,689 simple_logger.py log_once [line:28] INFO val_accuracy                  0.1167
2025-04-28 05:02:30,689 simple_logger.py log_once [line:28] INFO mean_val_accuracy             0.1167
2025-04-28 05:02:30,689 simple_logger.py log_once [line:28] INFO std_val_accuracy              0.0193
2025-04-28 05:02:30,689 simple_logger.py log_once [line:28] INFO val_loss                      2.3002
2025-04-28 05:02:30,690 simple_logger.py log_once [line:28] INFO mean_val_loss                 2.3002
2025-04-28 05:02:30,690 simple_logger.py log_once [line:28] INFO std_val_loss                  0.0025
2025-04-28 05:02:30,690 fedbase.py run [line:323] INFO expense           20328900.0
2025-04-28 05:02:30,690 fedbase.py run [line:324] INFO Eval Time Cost:               2.0786s
2025-04-28 05:02:30,690 asyncbase.py iterate [line:68] INFO Select clients [0, 1, 2, 3, 4, 5, 6, 7, 8, 9, 10, 11, 12, 13, 14, 15, 16, 17, 18, 19] at time 2448.
2025-04-28 05:04:00,598 asyncbase.py iterate [line:73] INFO Receive new models from clients [2, 17] at time 2460
2025-04-28 05:04:00,598 asyncbase.py iterate [line:73] INFO Receive new models from clients [13, 6, 0, 11, 9, 7, 14, 15] at time 2461
2025-04-28 05:04:00,599 asyncbase.py iterate [line:73] INFO Receive new models from clients [5, 16, 3, 10, 19, 8, 12] at time 2462
2025-04-28 05:04:00,599 asyncbase.py iterate [line:73] INFO Receive new models from clients [4, 18, 1] at time 2463
2025-04-28 05:04:00,682 fedbase.py run [line:318] INFO --------------Round 158--------------
2025-04-28 05:04:00,682 simple_logger.py log_once [line:14] INFO Current_time:2463
2025-04-28 05:04:02,869 simple_logger.py log_once [line:28] INFO test_accuracy                 0.1135
2025-04-28 05:04:02,870 simple_logger.py log_once [line:28] INFO test_loss                     2.3010
2025-04-28 05:04:02,870 simple_logger.py log_once [line:28] INFO val_accuracy                  0.1167
2025-04-28 05:04:02,870 simple_logger.py log_once [line:28] INFO mean_val_accuracy             0.1167
2025-04-28 05:04:02,870 simple_logger.py log_once [line:28] INFO std_val_accuracy              0.0193
2025-04-28 05:04:02,870 simple_logger.py log_once [line:28] INFO val_loss                      2.3002
2025-04-28 05:04:02,870 simple_logger.py log_once [line:28] INFO mean_val_loss                 2.3002
2025-04-28 05:04:02,870 simple_logger.py log_once [line:28] INFO std_val_loss                  0.0024
2025-04-28 05:04:02,870 fedbase.py run [line:323] INFO expense           20352740.0
2025-04-28 05:04:02,870 fedbase.py run [line:324] INFO Eval Time Cost:               2.1881s
2025-04-28 05:04:02,870 asyncbase.py iterate [line:68] INFO Select clients [0, 1, 2, 3, 4, 5, 6, 7, 8, 9, 10, 11, 12, 13, 14, 15, 16, 17, 18, 19] at time 2464.
2025-04-28 05:05:29,462 asyncbase.py iterate [line:73] INFO Receive new models from clients [2, 17, 8] at time 2476
2025-04-28 05:05:29,462 asyncbase.py iterate [line:73] INFO Receive new models from clients [3, 15, 19, 9, 14, 0, 10] at time 2477
2025-04-28 05:05:29,463 asyncbase.py iterate [line:73] INFO Receive new models from clients [5, 6, 7, 4, 13, 18, 16, 11, 1, 12] at time 2478
2025-04-28 05:05:29,546 fedbase.py run [line:318] INFO --------------Round 159--------------
2025-04-28 05:05:29,546 simple_logger.py log_once [line:14] INFO Current_time:2478
2025-04-28 05:05:31,728 simple_logger.py log_once [line:28] INFO test_accuracy                 0.1135
2025-04-28 05:05:31,729 simple_logger.py log_once [line:28] INFO test_loss                     2.3010
2025-04-28 05:05:31,729 simple_logger.py log_once [line:28] INFO val_accuracy                  0.1167
2025-04-28 05:05:31,729 simple_logger.py log_once [line:28] INFO mean_val_accuracy             0.1167
2025-04-28 05:05:31,729 simple_logger.py log_once [line:28] INFO std_val_accuracy              0.0193
2025-04-28 05:05:31,729 simple_logger.py log_once [line:28] INFO val_loss                      2.3002
2025-04-28 05:05:31,729 simple_logger.py log_once [line:28] INFO mean_val_loss                 2.3002
2025-04-28 05:05:31,729 simple_logger.py log_once [line:28] INFO std_val_loss                  0.0025
2025-04-28 05:05:31,729 fedbase.py run [line:323] INFO expense           20376580.0
2025-04-28 05:05:31,729 fedbase.py run [line:324] INFO Eval Time Cost:               2.1829s
2025-04-28 05:05:31,729 asyncbase.py iterate [line:68] INFO Select clients [0, 1, 2, 3, 4, 5, 6, 7, 8, 9, 10, 11, 12, 13, 14, 15, 16, 17, 18, 19] at time 2479.
2025-04-28 05:06:59,762 asyncbase.py iterate [line:73] INFO Receive new models from clients [1, 0, 19] at time 2491
2025-04-28 05:06:59,763 asyncbase.py iterate [line:73] INFO Receive new models from clients [12, 10, 6, 7, 3, 13] at time 2492
2025-04-28 05:06:59,763 asyncbase.py iterate [line:73] INFO Receive new models from clients [2, 5, 18, 14, 17, 9, 8, 11, 16] at time 2493
2025-04-28 05:06:59,763 asyncbase.py iterate [line:73] INFO Receive new models from clients [4, 15] at time 2494
2025-04-28 05:06:59,839 fedbase.py run [line:318] INFO --------------Round 160--------------
2025-04-28 05:06:59,839 simple_logger.py log_once [line:14] INFO Current_time:2494
2025-04-28 05:07:02,034 simple_logger.py log_once [line:28] INFO test_accuracy                 0.1135
2025-04-28 05:07:02,034 simple_logger.py log_once [line:28] INFO test_loss                     2.3010
2025-04-28 05:07:02,034 simple_logger.py log_once [line:28] INFO val_accuracy                  0.1167
2025-04-28 05:07:02,034 simple_logger.py log_once [line:28] INFO mean_val_accuracy             0.1167
2025-04-28 05:07:02,034 simple_logger.py log_once [line:28] INFO std_val_accuracy              0.0193
2025-04-28 05:07:02,034 simple_logger.py log_once [line:28] INFO val_loss                      2.3002
2025-04-28 05:07:02,034 simple_logger.py log_once [line:28] INFO mean_val_loss                 2.3002
2025-04-28 05:07:02,035 simple_logger.py log_once [line:28] INFO std_val_loss                  0.0024
2025-04-28 05:07:02,035 fedbase.py run [line:323] INFO expense           20400420.0
2025-04-28 05:07:02,035 fedbase.py run [line:324] INFO Eval Time Cost:               2.1960s
2025-04-28 05:07:02,035 asyncbase.py iterate [line:68] INFO Select clients [0, 1, 2, 3, 4, 5, 6, 7, 8, 9, 10, 11, 12, 13, 14, 15, 16, 17, 18, 19] at time 2495.
2025-04-28 05:08:28,085 asyncbase.py iterate [line:73] INFO Receive new models from clients [6] at time 2507
2025-04-28 05:08:28,085 asyncbase.py iterate [line:73] INFO Receive new models from clients [0, 17, 10, 3, 12, 2, 4] at time 2508
2025-04-28 05:08:28,085 asyncbase.py iterate [line:73] INFO Receive new models from clients [16, 15, 18, 19, 7, 9, 14] at time 2509
2025-04-28 05:08:28,086 asyncbase.py iterate [line:73] INFO Receive new models from clients [13, 5, 8, 11, 1] at time 2510
2025-04-28 05:08:28,153 fedbase.py run [line:318] INFO --------------Round 161--------------
2025-04-28 05:08:28,153 simple_logger.py log_once [line:14] INFO Current_time:2510
2025-04-28 05:08:30,344 simple_logger.py log_once [line:28] INFO test_accuracy                 0.1135
2025-04-28 05:08:30,344 simple_logger.py log_once [line:28] INFO test_loss                     2.3010
2025-04-28 05:08:30,344 simple_logger.py log_once [line:28] INFO val_accuracy                  0.1167
2025-04-28 05:08:30,344 simple_logger.py log_once [line:28] INFO mean_val_accuracy             0.1167
2025-04-28 05:08:30,344 simple_logger.py log_once [line:28] INFO std_val_accuracy              0.0193
2025-04-28 05:08:30,344 simple_logger.py log_once [line:28] INFO val_loss                      2.3002
2025-04-28 05:08:30,344 simple_logger.py log_once [line:28] INFO mean_val_loss                 2.3002
2025-04-28 05:08:30,344 simple_logger.py log_once [line:28] INFO std_val_loss                  0.0024
2025-04-28 05:08:30,344 fedbase.py run [line:323] INFO expense           20424260.0
2025-04-28 05:08:30,344 fedbase.py run [line:324] INFO Eval Time Cost:               2.1917s
2025-04-28 05:08:30,345 asyncbase.py iterate [line:68] INFO Select clients [0, 1, 2, 3, 4, 5, 6, 7, 8, 9, 10, 11, 12, 13, 14, 15, 16, 17, 18, 19] at time 2511.
2025-04-28 05:09:58,451 asyncbase.py iterate [line:73] INFO Receive new models from clients [12] at time 2523
2025-04-28 05:09:58,452 asyncbase.py iterate [line:73] INFO Receive new models from clients [9, 10, 18, 11, 3, 15, 1, 13, 6] at time 2524
2025-04-28 05:09:58,452 asyncbase.py iterate [line:73] INFO Receive new models from clients [8, 14, 17, 0, 16, 5, 19] at time 2525
2025-04-28 05:09:58,452 asyncbase.py iterate [line:73] INFO Receive new models from clients [7, 4, 2] at time 2526
2025-04-28 05:09:58,516 fedbase.py run [line:318] INFO --------------Round 162--------------
2025-04-28 05:09:58,517 simple_logger.py log_once [line:14] INFO Current_time:2526
2025-04-28 05:10:00,644 simple_logger.py log_once [line:28] INFO test_accuracy                 0.1135
2025-04-28 05:10:00,644 simple_logger.py log_once [line:28] INFO test_loss                     2.3010
2025-04-28 05:10:00,644 simple_logger.py log_once [line:28] INFO val_accuracy                  0.1167
2025-04-28 05:10:00,644 simple_logger.py log_once [line:28] INFO mean_val_accuracy             0.1167
2025-04-28 05:10:00,644 simple_logger.py log_once [line:28] INFO std_val_accuracy              0.0193
2025-04-28 05:10:00,644 simple_logger.py log_once [line:28] INFO val_loss                      2.3002
2025-04-28 05:10:00,644 simple_logger.py log_once [line:28] INFO mean_val_loss                 2.3002
2025-04-28 05:10:00,644 simple_logger.py log_once [line:28] INFO std_val_loss                  0.0025
2025-04-28 05:10:00,644 fedbase.py run [line:323] INFO expense           20448100.0
2025-04-28 05:10:00,645 fedbase.py run [line:324] INFO Eval Time Cost:               2.1280s
2025-04-28 05:10:00,645 asyncbase.py iterate [line:68] INFO Select clients [0, 1, 2, 3, 4, 5, 6, 7, 8, 9, 10, 11, 12, 13, 14, 15, 16, 17, 18, 19] at time 2527.
2025-04-28 05:11:23,003 asyncbase.py iterate [line:73] INFO Receive new models from clients [17, 14, 8] at time 2539
2025-04-28 05:11:23,003 asyncbase.py iterate [line:73] INFO Receive new models from clients [0, 1, 10, 3, 2, 15] at time 2540
2025-04-28 05:11:23,004 asyncbase.py iterate [line:73] INFO Receive new models from clients [6, 9, 12, 16, 13, 18, 19] at time 2541
2025-04-28 05:11:23,004 asyncbase.py iterate [line:73] INFO Receive new models from clients [5, 7, 11, 4] at time 2542
2025-04-28 05:11:23,079 fedbase.py run [line:318] INFO --------------Round 163--------------
2025-04-28 05:11:23,079 simple_logger.py log_once [line:14] INFO Current_time:2542
2025-04-28 05:11:25,221 simple_logger.py log_once [line:28] INFO test_accuracy                 0.1135
2025-04-28 05:11:25,221 simple_logger.py log_once [line:28] INFO test_loss                     2.3010
2025-04-28 05:11:25,221 simple_logger.py log_once [line:28] INFO val_accuracy                  0.1167
2025-04-28 05:11:25,221 simple_logger.py log_once [line:28] INFO mean_val_accuracy             0.1167
2025-04-28 05:11:25,221 simple_logger.py log_once [line:28] INFO std_val_accuracy              0.0193
2025-04-28 05:11:25,222 simple_logger.py log_once [line:28] INFO val_loss                      2.3002
2025-04-28 05:11:25,222 simple_logger.py log_once [line:28] INFO mean_val_loss                 2.3002
2025-04-28 05:11:25,222 simple_logger.py log_once [line:28] INFO std_val_loss                  0.0025
2025-04-28 05:11:25,222 fedbase.py run [line:323] INFO expense           20471940.0
2025-04-28 05:11:25,222 fedbase.py run [line:324] INFO Eval Time Cost:               2.1429s
2025-04-28 05:11:25,222 asyncbase.py iterate [line:68] INFO Select clients [0, 1, 2, 3, 4, 5, 6, 7, 8, 9, 10, 11, 12, 13, 14, 15, 16, 17, 18, 19] at time 2543.
2025-04-28 05:12:53,092 asyncbase.py iterate [line:73] INFO Receive new models from clients [5] at time 2555
2025-04-28 05:12:53,093 asyncbase.py iterate [line:73] INFO Receive new models from clients [3, 17, 13, 18, 0, 8, 6, 11, 12, 15, 7] at time 2556
2025-04-28 05:12:53,093 asyncbase.py iterate [line:73] INFO Receive new models from clients [16, 10, 1, 2] at time 2557
2025-04-28 05:12:53,093 asyncbase.py iterate [line:73] INFO Receive new models from clients [14, 4, 9, 19] at time 2558
2025-04-28 05:12:53,178 fedbase.py run [line:318] INFO --------------Round 164--------------
2025-04-28 05:12:53,178 simple_logger.py log_once [line:14] INFO Current_time:2558
2025-04-28 05:12:55,354 simple_logger.py log_once [line:28] INFO test_accuracy                 0.1135
2025-04-28 05:12:55,354 simple_logger.py log_once [line:28] INFO test_loss                     2.3010
2025-04-28 05:12:55,354 simple_logger.py log_once [line:28] INFO val_accuracy                  0.1167
2025-04-28 05:12:55,354 simple_logger.py log_once [line:28] INFO mean_val_accuracy             0.1167
2025-04-28 05:12:55,354 simple_logger.py log_once [line:28] INFO std_val_accuracy              0.0193
2025-04-28 05:12:55,354 simple_logger.py log_once [line:28] INFO val_loss                      2.3002
2025-04-28 05:12:55,354 simple_logger.py log_once [line:28] INFO mean_val_loss                 2.3002
2025-04-28 05:12:55,354 simple_logger.py log_once [line:28] INFO std_val_loss                  0.0024
2025-04-28 05:12:55,354 fedbase.py run [line:323] INFO expense           20495780.0
2025-04-28 05:12:55,354 fedbase.py run [line:324] INFO Eval Time Cost:               2.1764s
2025-04-28 05:12:55,355 asyncbase.py iterate [line:68] INFO Select clients [0, 1, 2, 3, 4, 5, 6, 7, 8, 9, 10, 11, 12, 13, 14, 15, 16, 17, 18, 19] at time 2559.
2025-04-28 05:14:22,372 asyncbase.py iterate [line:73] INFO Receive new models from clients [11, 3, 4, 7, 14] at time 2571
2025-04-28 05:14:22,372 asyncbase.py iterate [line:73] INFO Receive new models from clients [12, 16, 10, 2, 13, 9, 6, 1] at time 2572
2025-04-28 05:14:22,372 asyncbase.py iterate [line:73] INFO Receive new models from clients [18, 17, 8, 19, 5, 15] at time 2573
2025-04-28 05:14:22,373 asyncbase.py iterate [line:73] INFO Receive new models from clients [0] at time 2574
2025-04-28 05:14:22,461 fedbase.py run [line:318] INFO --------------Round 165--------------
2025-04-28 05:14:22,461 simple_logger.py log_once [line:14] INFO Current_time:2574
2025-04-28 05:14:24,601 simple_logger.py log_once [line:28] INFO test_accuracy                 0.1135
2025-04-28 05:14:24,602 simple_logger.py log_once [line:28] INFO test_loss                     2.3010
2025-04-28 05:14:24,602 simple_logger.py log_once [line:28] INFO val_accuracy                  0.1167
2025-04-28 05:14:24,602 simple_logger.py log_once [line:28] INFO mean_val_accuracy             0.1167
2025-04-28 05:14:24,602 simple_logger.py log_once [line:28] INFO std_val_accuracy              0.0193
2025-04-28 05:14:24,602 simple_logger.py log_once [line:28] INFO val_loss                      2.3002
2025-04-28 05:14:24,602 simple_logger.py log_once [line:28] INFO mean_val_loss                 2.3002
2025-04-28 05:14:24,602 simple_logger.py log_once [line:28] INFO std_val_loss                  0.0025
2025-04-28 05:14:24,602 fedbase.py run [line:323] INFO expense           20519620.0
2025-04-28 05:14:24,602 fedbase.py run [line:324] INFO Eval Time Cost:               2.1410s
2025-04-28 05:14:24,602 asyncbase.py iterate [line:68] INFO Select clients [0, 1, 2, 3, 4, 5, 6, 7, 8, 9, 10, 11, 12, 13, 14, 15, 16, 17, 18, 19] at time 2575.
2025-04-28 05:15:51,627 asyncbase.py iterate [line:73] INFO Receive new models from clients [2, 15, 4, 3] at time 2587
2025-04-28 05:15:51,628 asyncbase.py iterate [line:73] INFO Receive new models from clients [9, 5, 1, 11, 16, 13, 18, 0, 8, 14, 10, 7] at time 2588
2025-04-28 05:15:51,628 asyncbase.py iterate [line:73] INFO Receive new models from clients [12, 19, 6] at time 2589
2025-04-28 05:15:51,628 asyncbase.py iterate [line:73] INFO Receive new models from clients [17] at time 2590
2025-04-28 05:15:51,701 fedbase.py run [line:318] INFO --------------Round 166--------------
2025-04-28 05:15:51,701 simple_logger.py log_once [line:14] INFO Current_time:2590
2025-04-28 05:15:53,846 simple_logger.py log_once [line:28] INFO test_accuracy                 0.1135
2025-04-28 05:15:53,846 simple_logger.py log_once [line:28] INFO test_loss                     2.3010
2025-04-28 05:15:53,846 simple_logger.py log_once [line:28] INFO val_accuracy                  0.1167
2025-04-28 05:15:53,846 simple_logger.py log_once [line:28] INFO mean_val_accuracy             0.1167
2025-04-28 05:15:53,846 simple_logger.py log_once [line:28] INFO std_val_accuracy              0.0193
2025-04-28 05:15:53,846 simple_logger.py log_once [line:28] INFO val_loss                      2.3002
2025-04-28 05:15:53,846 simple_logger.py log_once [line:28] INFO mean_val_loss                 2.3002
2025-04-28 05:15:53,846 simple_logger.py log_once [line:28] INFO std_val_loss                  0.0024
2025-04-28 05:15:53,846 fedbase.py run [line:323] INFO expense           20543460.0
2025-04-28 05:15:53,846 fedbase.py run [line:324] INFO Eval Time Cost:               2.1454s
2025-04-28 05:15:53,846 asyncbase.py iterate [line:68] INFO Select clients [0, 1, 2, 3, 4, 5, 6, 7, 8, 9, 10, 11, 12, 13, 14, 15, 16, 17, 18, 19] at time 2591.
2025-04-28 05:17:09,139 asyncbase.py iterate [line:73] INFO Receive new models from clients [3, 0, 12] at time 2603
2025-04-28 05:17:09,139 asyncbase.py iterate [line:73] INFO Receive new models from clients [16, 19, 14, 1, 18] at time 2604
2025-04-28 05:17:09,139 asyncbase.py iterate [line:73] INFO Receive new models from clients [10, 13, 6, 7, 9, 17, 2, 8, 15, 5] at time 2605
2025-04-28 05:17:09,139 asyncbase.py iterate [line:73] INFO Receive new models from clients [11, 4] at time 2606
2025-04-28 05:17:09,229 fedbase.py run [line:318] INFO --------------Round 167--------------
2025-04-28 05:17:09,230 simple_logger.py log_once [line:14] INFO Current_time:2606
2025-04-28 05:17:11,369 simple_logger.py log_once [line:28] INFO test_accuracy                 0.1135
2025-04-28 05:17:11,369 simple_logger.py log_once [line:28] INFO test_loss                     2.3010
2025-04-28 05:17:11,369 simple_logger.py log_once [line:28] INFO val_accuracy                  0.1167
2025-04-28 05:17:11,369 simple_logger.py log_once [line:28] INFO mean_val_accuracy             0.1167
2025-04-28 05:17:11,369 simple_logger.py log_once [line:28] INFO std_val_accuracy              0.0193
2025-04-28 05:17:11,369 simple_logger.py log_once [line:28] INFO val_loss                      2.3002
2025-04-28 05:17:11,369 simple_logger.py log_once [line:28] INFO mean_val_loss                 2.3002
2025-04-28 05:17:11,369 simple_logger.py log_once [line:28] INFO std_val_loss                  0.0024
2025-04-28 05:17:11,369 fedbase.py run [line:323] INFO expense           20567300.0
2025-04-28 05:17:11,370 fedbase.py run [line:324] INFO Eval Time Cost:               2.1399s
2025-04-28 05:17:11,370 asyncbase.py iterate [line:68] INFO Select clients [0, 1, 2, 3, 4, 5, 6, 7, 8, 9, 10, 11, 12, 13, 14, 15, 16, 17, 18, 19] at time 2607.
2025-04-28 05:18:40,087 asyncbase.py iterate [line:73] INFO Receive new models from clients [4, 17] at time 2619
2025-04-28 05:18:40,087 asyncbase.py iterate [line:73] INFO Receive new models from clients [2, 19, 5, 16, 18, 8, 7, 15, 11] at time 2620
2025-04-28 05:18:40,088 asyncbase.py iterate [line:73] INFO Receive new models from clients [10, 14, 12, 9, 3] at time 2621
2025-04-28 05:18:40,088 asyncbase.py iterate [line:73] INFO Receive new models from clients [1, 13, 6, 0] at time 2622
2025-04-28 05:18:40,164 fedbase.py run [line:318] INFO --------------Round 168--------------
2025-04-28 05:18:40,164 simple_logger.py log_once [line:14] INFO Current_time:2622
2025-04-28 05:18:42,356 simple_logger.py log_once [line:28] INFO test_accuracy                 0.1135
2025-04-28 05:18:42,356 simple_logger.py log_once [line:28] INFO test_loss                     2.3010
2025-04-28 05:18:42,356 simple_logger.py log_once [line:28] INFO val_accuracy                  0.1167
2025-04-28 05:18:42,356 simple_logger.py log_once [line:28] INFO mean_val_accuracy             0.1167
2025-04-28 05:18:42,356 simple_logger.py log_once [line:28] INFO std_val_accuracy              0.0193
2025-04-28 05:18:42,356 simple_logger.py log_once [line:28] INFO val_loss                      2.3002
2025-04-28 05:18:42,356 simple_logger.py log_once [line:28] INFO mean_val_loss                 2.3002
2025-04-28 05:18:42,356 simple_logger.py log_once [line:28] INFO std_val_loss                  0.0024
2025-04-28 05:18:42,356 fedbase.py run [line:323] INFO expense           20591140.0
2025-04-28 05:18:42,356 fedbase.py run [line:324] INFO Eval Time Cost:               2.1917s
2025-04-28 05:18:42,356 asyncbase.py iterate [line:68] INFO Select clients [0, 1, 2, 3, 4, 5, 6, 7, 8, 9, 10, 11, 12, 13, 14, 15, 16, 17, 18, 19] at time 2623.
2025-04-28 05:20:11,178 asyncbase.py iterate [line:73] INFO Receive new models from clients [13, 11, 17] at time 2635
2025-04-28 05:20:11,178 asyncbase.py iterate [line:73] INFO Receive new models from clients [18, 1, 15, 19, 8, 12, 10, 14] at time 2636
2025-04-28 05:20:11,178 asyncbase.py iterate [line:73] INFO Receive new models from clients [4, 9, 16, 5, 6, 3] at time 2637
2025-04-28 05:20:11,178 asyncbase.py iterate [line:73] INFO Receive new models from clients [2, 0, 7] at time 2638
2025-04-28 05:20:11,276 fedbase.py run [line:318] INFO --------------Round 169--------------
2025-04-28 05:20:11,276 simple_logger.py log_once [line:14] INFO Current_time:2638
2025-04-28 05:20:13,444 simple_logger.py log_once [line:28] INFO test_accuracy                 0.1135
2025-04-28 05:20:13,445 simple_logger.py log_once [line:28] INFO test_loss                     2.3010
2025-04-28 05:20:13,445 simple_logger.py log_once [line:28] INFO val_accuracy                  0.1167
2025-04-28 05:20:13,445 simple_logger.py log_once [line:28] INFO mean_val_accuracy             0.1167
2025-04-28 05:20:13,445 simple_logger.py log_once [line:28] INFO std_val_accuracy              0.0193
2025-04-28 05:20:13,445 simple_logger.py log_once [line:28] INFO val_loss                      2.3002
2025-04-28 05:20:13,445 simple_logger.py log_once [line:28] INFO mean_val_loss                 2.3002
2025-04-28 05:20:13,445 simple_logger.py log_once [line:28] INFO std_val_loss                  0.0025
2025-04-28 05:20:13,445 fedbase.py run [line:323] INFO expense           20614980.0
2025-04-28 05:20:13,445 fedbase.py run [line:324] INFO Eval Time Cost:               2.1692s
2025-04-28 05:20:13,445 asyncbase.py iterate [line:68] INFO Select clients [0, 1, 2, 3, 4, 5, 6, 7, 8, 9, 10, 11, 12, 13, 14, 15, 16, 17, 18, 19] at time 2639.
2025-04-28 05:21:41,065 asyncbase.py iterate [line:73] INFO Receive new models from clients [0, 12] at time 2651
2025-04-28 05:21:41,065 asyncbase.py iterate [line:73] INFO Receive new models from clients [14, 4, 1, 19, 11, 13, 9, 3, 16, 10] at time 2652
2025-04-28 05:21:41,065 asyncbase.py iterate [line:73] INFO Receive new models from clients [7, 2, 15, 18, 5, 6] at time 2653
2025-04-28 05:21:41,065 asyncbase.py iterate [line:73] INFO Receive new models from clients [17, 8] at time 2654
2025-04-28 05:21:41,163 fedbase.py run [line:318] INFO --------------Round 170--------------
2025-04-28 05:21:41,164 simple_logger.py log_once [line:14] INFO Current_time:2654
2025-04-28 05:21:43,278 simple_logger.py log_once [line:28] INFO test_accuracy                 0.1135
2025-04-28 05:21:43,278 simple_logger.py log_once [line:28] INFO test_loss                     2.3010
2025-04-28 05:21:43,278 simple_logger.py log_once [line:28] INFO val_accuracy                  0.1167
2025-04-28 05:21:43,278 simple_logger.py log_once [line:28] INFO mean_val_accuracy             0.1167
2025-04-28 05:21:43,279 simple_logger.py log_once [line:28] INFO std_val_accuracy              0.0193
2025-04-28 05:21:43,279 simple_logger.py log_once [line:28] INFO val_loss                      2.3002
2025-04-28 05:21:43,279 simple_logger.py log_once [line:28] INFO mean_val_loss                 2.3002
2025-04-28 05:21:43,279 simple_logger.py log_once [line:28] INFO std_val_loss                  0.0024
2025-04-28 05:21:43,279 fedbase.py run [line:323] INFO expense           20638820.0
2025-04-28 05:21:43,279 fedbase.py run [line:324] INFO Eval Time Cost:               2.1151s
2025-04-28 05:21:43,279 asyncbase.py iterate [line:68] INFO Select clients [0, 1, 2, 3, 4, 5, 6, 7, 8, 9, 10, 11, 12, 13, 14, 15, 16, 17, 18, 19] at time 2655.
2025-04-28 05:23:10,719 asyncbase.py iterate [line:73] INFO Receive new models from clients [3, 2, 6, 15] at time 2667
2025-04-28 05:23:10,720 asyncbase.py iterate [line:73] INFO Receive new models from clients [9, 16, 4, 0, 5, 11, 10] at time 2668
2025-04-28 05:23:10,720 asyncbase.py iterate [line:73] INFO Receive new models from clients [8, 12, 18, 1, 17, 19, 7] at time 2669
2025-04-28 05:23:10,720 asyncbase.py iterate [line:73] INFO Receive new models from clients [14, 13] at time 2670
2025-04-28 05:23:10,797 fedbase.py run [line:318] INFO --------------Round 171--------------
2025-04-28 05:23:10,797 simple_logger.py log_once [line:14] INFO Current_time:2670
2025-04-28 05:23:12,964 simple_logger.py log_once [line:28] INFO test_accuracy                 0.1135
2025-04-28 05:23:12,965 simple_logger.py log_once [line:28] INFO test_loss                     2.3010
2025-04-28 05:23:12,965 simple_logger.py log_once [line:28] INFO val_accuracy                  0.1167
2025-04-28 05:23:12,965 simple_logger.py log_once [line:28] INFO mean_val_accuracy             0.1167
2025-04-28 05:23:12,965 simple_logger.py log_once [line:28] INFO std_val_accuracy              0.0193
2025-04-28 05:23:12,965 simple_logger.py log_once [line:28] INFO val_loss                      2.3002
2025-04-28 05:23:12,965 simple_logger.py log_once [line:28] INFO mean_val_loss                 2.3002
2025-04-28 05:23:12,965 simple_logger.py log_once [line:28] INFO std_val_loss                  0.0024
2025-04-28 05:23:12,965 fedbase.py run [line:323] INFO expense           20662660.0
2025-04-28 05:23:12,965 fedbase.py run [line:324] INFO Eval Time Cost:               2.1679s
2025-04-28 05:23:12,965 asyncbase.py iterate [line:68] INFO Select clients [0, 1, 2, 3, 4, 5, 6, 7, 8, 9, 10, 11, 12, 13, 14, 15, 16, 17, 18, 19] at time 2671.
2025-04-28 05:24:42,868 asyncbase.py iterate [line:73] INFO Receive new models from clients [5, 17, 16, 14] at time 2683
2025-04-28 05:24:42,868 asyncbase.py iterate [line:73] INFO Receive new models from clients [9, 12, 0, 1, 6, 13, 7] at time 2684
2025-04-28 05:24:42,868 asyncbase.py iterate [line:73] INFO Receive new models from clients [11, 19, 10, 4, 8, 3] at time 2685
2025-04-28 05:24:42,869 asyncbase.py iterate [line:73] INFO Receive new models from clients [15, 18, 2] at time 2686
2025-04-28 05:24:42,948 fedbase.py run [line:318] INFO --------------Round 172--------------
2025-04-28 05:24:42,948 simple_logger.py log_once [line:14] INFO Current_time:2686
2025-04-28 05:24:45,097 simple_logger.py log_once [line:28] INFO test_accuracy                 0.1135
2025-04-28 05:24:45,097 simple_logger.py log_once [line:28] INFO test_loss                     2.3010
2025-04-28 05:24:45,097 simple_logger.py log_once [line:28] INFO val_accuracy                  0.1167
2025-04-28 05:24:45,097 simple_logger.py log_once [line:28] INFO mean_val_accuracy             0.1167
2025-04-28 05:24:45,097 simple_logger.py log_once [line:28] INFO std_val_accuracy              0.0193
2025-04-28 05:24:45,097 simple_logger.py log_once [line:28] INFO val_loss                      2.3002
2025-04-28 05:24:45,097 simple_logger.py log_once [line:28] INFO mean_val_loss                 2.3002
2025-04-28 05:24:45,097 simple_logger.py log_once [line:28] INFO std_val_loss                  0.0024
2025-04-28 05:24:45,098 fedbase.py run [line:323] INFO expense           20686500.0
2025-04-28 05:24:45,098 fedbase.py run [line:324] INFO Eval Time Cost:               2.1496s
2025-04-28 05:24:45,098 asyncbase.py iterate [line:68] INFO Select clients [0, 1, 2, 3, 4, 5, 6, 7, 8, 9, 10, 11, 12, 13, 14, 15, 16, 17, 18, 19] at time 2687.
2025-04-28 05:26:09,308 asyncbase.py iterate [line:73] INFO Receive new models from clients [19, 5, 18, 9, 1] at time 2699
2025-04-28 05:26:09,308 asyncbase.py iterate [line:73] INFO Receive new models from clients [15, 14, 11, 2, 6, 8] at time 2700
2025-04-28 05:26:09,309 asyncbase.py iterate [line:73] INFO Receive new models from clients [16, 7, 17, 13, 3, 12, 10] at time 2701
2025-04-28 05:26:09,309 asyncbase.py iterate [line:73] INFO Receive new models from clients [0, 4] at time 2702
2025-04-28 05:26:09,379 fedbase.py run [line:318] INFO --------------Round 173--------------
2025-04-28 05:26:09,379 simple_logger.py log_once [line:14] INFO Current_time:2702
2025-04-28 05:26:11,570 simple_logger.py log_once [line:28] INFO test_accuracy                 0.1135
2025-04-28 05:26:11,570 simple_logger.py log_once [line:28] INFO test_loss                     2.3010
2025-04-28 05:26:11,570 simple_logger.py log_once [line:28] INFO val_accuracy                  0.1167
2025-04-28 05:26:11,570 simple_logger.py log_once [line:28] INFO mean_val_accuracy             0.1167
2025-04-28 05:26:11,570 simple_logger.py log_once [line:28] INFO std_val_accuracy              0.0193
2025-04-28 05:26:11,570 simple_logger.py log_once [line:28] INFO val_loss                      2.3002
2025-04-28 05:26:11,570 simple_logger.py log_once [line:28] INFO mean_val_loss                 2.3002
2025-04-28 05:26:11,570 simple_logger.py log_once [line:28] INFO std_val_loss                  0.0025
2025-04-28 05:26:11,570 fedbase.py run [line:323] INFO expense           20710340.0
2025-04-28 05:26:11,570 fedbase.py run [line:324] INFO Eval Time Cost:               2.1912s
2025-04-28 05:26:11,570 asyncbase.py iterate [line:68] INFO Select clients [0, 1, 2, 3, 4, 5, 6, 7, 8, 9, 10, 11, 12, 13, 14, 15, 16, 17, 18, 19] at time 2703.
2025-04-28 05:27:38,261 asyncbase.py iterate [line:73] INFO Receive new models from clients [19] at time 2715
2025-04-28 05:27:38,261 asyncbase.py iterate [line:73] INFO Receive new models from clients [9, 11, 13, 18, 0, 10, 8, 16, 14, 2, 7, 17] at time 2716
2025-04-28 05:27:38,261 asyncbase.py iterate [line:73] INFO Receive new models from clients [12, 3, 6, 4] at time 2717
2025-04-28 05:27:38,262 asyncbase.py iterate [line:73] INFO Receive new models from clients [5, 1, 15] at time 2718
2025-04-28 05:27:38,332 fedbase.py run [line:318] INFO --------------Round 174--------------
2025-04-28 05:27:38,332 simple_logger.py log_once [line:14] INFO Current_time:2718
2025-04-28 05:27:40,477 simple_logger.py log_once [line:28] INFO test_accuracy                 0.1135
2025-04-28 05:27:40,477 simple_logger.py log_once [line:28] INFO test_loss                     2.3010
2025-04-28 05:27:40,477 simple_logger.py log_once [line:28] INFO val_accuracy                  0.1167
2025-04-28 05:27:40,477 simple_logger.py log_once [line:28] INFO mean_val_accuracy             0.1167
2025-04-28 05:27:40,477 simple_logger.py log_once [line:28] INFO std_val_accuracy              0.0193
2025-04-28 05:27:40,477 simple_logger.py log_once [line:28] INFO val_loss                      2.3002
2025-04-28 05:27:40,477 simple_logger.py log_once [line:28] INFO mean_val_loss                 2.3002
2025-04-28 05:27:40,477 simple_logger.py log_once [line:28] INFO std_val_loss                  0.0024
2025-04-28 05:27:40,477 fedbase.py run [line:323] INFO expense           20734180.0
2025-04-28 05:27:40,477 fedbase.py run [line:324] INFO Eval Time Cost:               2.1453s
2025-04-28 05:27:40,477 asyncbase.py iterate [line:68] INFO Select clients [0, 1, 2, 3, 4, 5, 6, 7, 8, 9, 10, 11, 12, 13, 14, 15, 16, 17, 18, 19] at time 2719.
2025-04-28 05:29:09,107 asyncbase.py iterate [line:73] INFO Receive new models from clients [16] at time 2731
2025-04-28 05:29:09,108 asyncbase.py iterate [line:73] INFO Receive new models from clients [9, 8, 12, 14, 6, 1, 5, 13, 2, 17, 18] at time 2732
2025-04-28 05:29:09,108 asyncbase.py iterate [line:73] INFO Receive new models from clients [7, 19, 3, 15, 10] at time 2733
2025-04-28 05:29:09,108 asyncbase.py iterate [line:73] INFO Receive new models from clients [11, 0, 4] at time 2734
2025-04-28 05:29:09,188 fedbase.py run [line:318] INFO --------------Round 175--------------
2025-04-28 05:29:09,189 simple_logger.py log_once [line:14] INFO Current_time:2734
2025-04-28 05:29:11,322 simple_logger.py log_once [line:28] INFO test_accuracy                 0.1135
2025-04-28 05:29:11,322 simple_logger.py log_once [line:28] INFO test_loss                     2.3010
2025-04-28 05:29:11,322 simple_logger.py log_once [line:28] INFO val_accuracy                  0.1167
2025-04-28 05:29:11,323 simple_logger.py log_once [line:28] INFO mean_val_accuracy             0.1167
2025-04-28 05:29:11,323 simple_logger.py log_once [line:28] INFO std_val_accuracy              0.0193
2025-04-28 05:29:11,323 simple_logger.py log_once [line:28] INFO val_loss                      2.3002
2025-04-28 05:29:11,323 simple_logger.py log_once [line:28] INFO mean_val_loss                 2.3002
2025-04-28 05:29:11,323 simple_logger.py log_once [line:28] INFO std_val_loss                  0.0023
2025-04-28 05:29:11,323 fedbase.py run [line:323] INFO expense           20758020.0
2025-04-28 05:29:11,323 fedbase.py run [line:324] INFO Eval Time Cost:               2.1346s
2025-04-28 05:29:11,323 asyncbase.py iterate [line:68] INFO Select clients [0, 1, 2, 3, 4, 5, 6, 7, 8, 9, 10, 11, 12, 13, 14, 15, 16, 17, 18, 19] at time 2735.
2025-04-28 05:30:36,997 asyncbase.py iterate [line:73] INFO Receive new models from clients [4] at time 2747
2025-04-28 05:30:36,998 asyncbase.py iterate [line:73] INFO Receive new models from clients [9, 14, 11, 12, 8, 2, 13, 19, 6] at time 2748
2025-04-28 05:30:36,998 asyncbase.py iterate [line:73] INFO Receive new models from clients [17, 16, 7, 1, 15, 0, 18, 3, 5] at time 2749
2025-04-28 05:30:36,998 asyncbase.py iterate [line:73] INFO Receive new models from clients [10] at time 2750
2025-04-28 05:30:37,089 fedbase.py run [line:318] INFO --------------Round 176--------------
2025-04-28 05:30:37,089 simple_logger.py log_once [line:14] INFO Current_time:2750
2025-04-28 05:30:39,246 simple_logger.py log_once [line:28] INFO test_accuracy                 0.1135
2025-04-28 05:30:39,246 simple_logger.py log_once [line:28] INFO test_loss                     2.3010
2025-04-28 05:30:39,246 simple_logger.py log_once [line:28] INFO val_accuracy                  0.1167
2025-04-28 05:30:39,246 simple_logger.py log_once [line:28] INFO mean_val_accuracy             0.1167
2025-04-28 05:30:39,246 simple_logger.py log_once [line:28] INFO std_val_accuracy              0.0193
2025-04-28 05:30:39,246 simple_logger.py log_once [line:28] INFO val_loss                      2.3002
2025-04-28 05:30:39,246 simple_logger.py log_once [line:28] INFO mean_val_loss                 2.3002
2025-04-28 05:30:39,246 simple_logger.py log_once [line:28] INFO std_val_loss                  0.0024
2025-04-28 05:30:39,246 fedbase.py run [line:323] INFO expense           20781860.0
2025-04-28 05:30:39,246 fedbase.py run [line:324] INFO Eval Time Cost:               2.1573s
2025-04-28 05:30:39,247 asyncbase.py iterate [line:68] INFO Select clients [0, 1, 2, 3, 4, 5, 6, 7, 8, 9, 10, 11, 12, 13, 14, 15, 16, 17, 18, 19] at time 2751.
2025-04-28 05:31:55,219 asyncbase.py iterate [line:73] INFO Receive new models from clients [16] at time 2763
2025-04-28 05:31:55,219 asyncbase.py iterate [line:73] INFO Receive new models from clients [13, 0, 7, 9, 8, 3, 1, 6, 11, 19] at time 2764
2025-04-28 05:31:55,220 asyncbase.py iterate [line:73] INFO Receive new models from clients [18, 14, 10, 5, 15, 17, 4, 12] at time 2765
2025-04-28 05:31:55,220 asyncbase.py iterate [line:73] INFO Receive new models from clients [2] at time 2766
2025-04-28 05:31:55,281 fedbase.py run [line:318] INFO --------------Round 177--------------
2025-04-28 05:31:55,281 simple_logger.py log_once [line:14] INFO Current_time:2766
2025-04-28 05:31:57,379 simple_logger.py log_once [line:28] INFO test_accuracy                 0.1135
2025-04-28 05:31:57,380 simple_logger.py log_once [line:28] INFO test_loss                     2.3010
2025-04-28 05:31:57,380 simple_logger.py log_once [line:28] INFO val_accuracy                  0.1167
2025-04-28 05:31:57,380 simple_logger.py log_once [line:28] INFO mean_val_accuracy             0.1167
2025-04-28 05:31:57,380 simple_logger.py log_once [line:28] INFO std_val_accuracy              0.0193
2025-04-28 05:31:57,380 simple_logger.py log_once [line:28] INFO val_loss                      2.3002
2025-04-28 05:31:57,380 simple_logger.py log_once [line:28] INFO mean_val_loss                 2.3002
2025-04-28 05:31:57,380 simple_logger.py log_once [line:28] INFO std_val_loss                  0.0024
2025-04-28 05:31:57,380 fedbase.py run [line:323] INFO expense           20805700.0
2025-04-28 05:31:57,380 fedbase.py run [line:324] INFO Eval Time Cost:               2.0993s
2025-04-28 05:31:57,380 asyncbase.py iterate [line:68] INFO Select clients [0, 1, 2, 3, 4, 5, 6, 7, 8, 9, 10, 11, 12, 13, 14, 15, 16, 17, 18, 19] at time 2767.
2025-04-28 05:33:23,734 asyncbase.py iterate [line:73] INFO Receive new models from clients [19] at time 2779
2025-04-28 05:33:23,735 asyncbase.py iterate [line:73] INFO Receive new models from clients [12, 3, 1, 0, 17, 18, 9, 14, 7, 15, 13] at time 2780
2025-04-28 05:33:23,735 asyncbase.py iterate [line:73] INFO Receive new models from clients [16, 10, 8, 5, 6, 2] at time 2781
2025-04-28 05:33:23,735 asyncbase.py iterate [line:73] INFO Receive new models from clients [11, 4] at time 2782
2025-04-28 05:33:23,800 fedbase.py run [line:318] INFO --------------Round 178--------------
2025-04-28 05:33:23,800 simple_logger.py log_once [line:14] INFO Current_time:2782
2025-04-28 05:33:25,963 simple_logger.py log_once [line:28] INFO test_accuracy                 0.1135
2025-04-28 05:33:25,964 simple_logger.py log_once [line:28] INFO test_loss                     2.3010
2025-04-28 05:33:25,964 simple_logger.py log_once [line:28] INFO val_accuracy                  0.1167
2025-04-28 05:33:25,964 simple_logger.py log_once [line:28] INFO mean_val_accuracy             0.1167
2025-04-28 05:33:25,964 simple_logger.py log_once [line:28] INFO std_val_accuracy              0.0193
2025-04-28 05:33:25,964 simple_logger.py log_once [line:28] INFO val_loss                      2.3002
2025-04-28 05:33:25,964 simple_logger.py log_once [line:28] INFO mean_val_loss                 2.3002
2025-04-28 05:33:25,964 simple_logger.py log_once [line:28] INFO std_val_loss                  0.0025
2025-04-28 05:33:25,964 fedbase.py run [line:323] INFO expense           20829540.0
2025-04-28 05:33:25,964 fedbase.py run [line:324] INFO Eval Time Cost:               2.1644s
2025-04-28 05:33:25,964 asyncbase.py iterate [line:68] INFO Select clients [0, 1, 2, 3, 4, 5, 6, 7, 8, 9, 10, 11, 12, 13, 14, 15, 16, 17, 18, 19] at time 2783.
2025-04-28 05:34:53,782 asyncbase.py iterate [line:73] INFO Receive new models from clients [3, 0, 19, 12, 17, 7] at time 2795
2025-04-28 05:34:53,783 asyncbase.py iterate [line:73] INFO Receive new models from clients [10, 14, 6, 16] at time 2796
2025-04-28 05:34:53,783 asyncbase.py iterate [line:73] INFO Receive new models from clients [1, 2, 18, 8, 9, 13] at time 2797
2025-04-28 05:34:53,783 asyncbase.py iterate [line:73] INFO Receive new models from clients [4, 11, 15, 5] at time 2798
2025-04-28 05:34:53,860 fedbase.py run [line:318] INFO --------------Round 179--------------
2025-04-28 05:34:53,860 simple_logger.py log_once [line:14] INFO Current_time:2798
2025-04-28 05:34:56,016 simple_logger.py log_once [line:28] INFO test_accuracy                 0.1135
2025-04-28 05:34:56,016 simple_logger.py log_once [line:28] INFO test_loss                     2.3010
2025-04-28 05:34:56,017 simple_logger.py log_once [line:28] INFO val_accuracy                  0.1167
2025-04-28 05:34:56,017 simple_logger.py log_once [line:28] INFO mean_val_accuracy             0.1167
2025-04-28 05:34:56,017 simple_logger.py log_once [line:28] INFO std_val_accuracy              0.0193
2025-04-28 05:34:56,017 simple_logger.py log_once [line:28] INFO val_loss                      2.3002
2025-04-28 05:34:56,017 simple_logger.py log_once [line:28] INFO mean_val_loss                 2.3002
2025-04-28 05:34:56,017 simple_logger.py log_once [line:28] INFO std_val_loss                  0.0025
2025-04-28 05:34:56,017 fedbase.py run [line:323] INFO expense           20853380.0
2025-04-28 05:34:56,017 fedbase.py run [line:324] INFO Eval Time Cost:               2.1566s
2025-04-28 05:34:56,017 asyncbase.py iterate [line:68] INFO Select clients [0, 1, 2, 3, 4, 5, 6, 7, 8, 9, 10, 11, 12, 13, 14, 15, 16, 17, 18, 19] at time 2799.
2025-04-28 05:36:26,364 asyncbase.py iterate [line:73] INFO Receive new models from clients [7, 1] at time 2811
2025-04-28 05:36:26,365 asyncbase.py iterate [line:73] INFO Receive new models from clients [4, 18, 6, 15, 10, 5, 8, 0, 17, 2, 16, 19, 3] at time 2812
2025-04-28 05:36:26,365 asyncbase.py iterate [line:73] INFO Receive new models from clients [12, 11, 9, 13, 14] at time 2813
2025-04-28 05:36:26,432 fedbase.py run [line:318] INFO --------------Round 180--------------
2025-04-28 05:36:26,432 simple_logger.py log_once [line:14] INFO Current_time:2813
2025-04-28 05:36:28,598 simple_logger.py log_once [line:28] INFO test_accuracy                 0.1135
2025-04-28 05:36:28,599 simple_logger.py log_once [line:28] INFO test_loss                     2.3010
2025-04-28 05:36:28,599 simple_logger.py log_once [line:28] INFO val_accuracy                  0.1167
2025-04-28 05:36:28,599 simple_logger.py log_once [line:28] INFO mean_val_accuracy             0.1167
2025-04-28 05:36:28,599 simple_logger.py log_once [line:28] INFO std_val_accuracy              0.0193
2025-04-28 05:36:28,599 simple_logger.py log_once [line:28] INFO val_loss                      2.3002
2025-04-28 05:36:28,599 simple_logger.py log_once [line:28] INFO mean_val_loss                 2.3002
2025-04-28 05:36:28,599 simple_logger.py log_once [line:28] INFO std_val_loss                  0.0024
2025-04-28 05:36:28,599 fedbase.py run [line:323] INFO expense           20877220.0
2025-04-28 05:36:28,599 fedbase.py run [line:324] INFO Eval Time Cost:               2.1672s
2025-04-28 05:36:28,599 asyncbase.py iterate [line:68] INFO Select clients [0, 1, 2, 3, 4, 5, 6, 7, 8, 9, 10, 11, 12, 13, 14, 15, 16, 17, 18, 19] at time 2814.
2025-04-28 05:37:56,123 asyncbase.py iterate [line:73] INFO Receive new models from clients [16, 11, 13] at time 2826
2025-04-28 05:37:56,123 asyncbase.py iterate [line:73] INFO Receive new models from clients [19, 8, 12, 1] at time 2827
2025-04-28 05:37:56,124 asyncbase.py iterate [line:73] INFO Receive new models from clients [3, 15, 2, 14, 4, 7, 10, 6, 18, 17] at time 2828
2025-04-28 05:37:56,124 asyncbase.py iterate [line:73] INFO Receive new models from clients [0, 5, 9] at time 2829
2025-04-28 05:37:56,197 fedbase.py run [line:318] INFO --------------Round 181--------------
2025-04-28 05:37:56,197 simple_logger.py log_once [line:14] INFO Current_time:2829
2025-04-28 05:37:58,347 simple_logger.py log_once [line:28] INFO test_accuracy                 0.1135
2025-04-28 05:37:58,347 simple_logger.py log_once [line:28] INFO test_loss                     2.3010
2025-04-28 05:37:58,347 simple_logger.py log_once [line:28] INFO val_accuracy                  0.1167
2025-04-28 05:37:58,347 simple_logger.py log_once [line:28] INFO mean_val_accuracy             0.1167
2025-04-28 05:37:58,347 simple_logger.py log_once [line:28] INFO std_val_accuracy              0.0193
2025-04-28 05:37:58,347 simple_logger.py log_once [line:28] INFO val_loss                      2.3002
2025-04-28 05:37:58,347 simple_logger.py log_once [line:28] INFO mean_val_loss                 2.3002
2025-04-28 05:37:58,347 simple_logger.py log_once [line:28] INFO std_val_loss                  0.0024
2025-04-28 05:37:58,347 fedbase.py run [line:323] INFO expense           20901060.0
2025-04-28 05:37:58,347 fedbase.py run [line:324] INFO Eval Time Cost:               2.1498s
2025-04-28 05:37:58,347 asyncbase.py iterate [line:68] INFO Select clients [0, 1, 2, 3, 4, 5, 6, 7, 8, 9, 10, 11, 12, 13, 14, 15, 16, 17, 18, 19] at time 2830.
2025-04-28 05:39:26,857 asyncbase.py iterate [line:73] INFO Receive new models from clients [15, 10] at time 2842
2025-04-28 05:39:26,857 asyncbase.py iterate [line:73] INFO Receive new models from clients [2, 12, 19, 0, 7, 3, 17, 18, 14, 9] at time 2843
2025-04-28 05:39:26,858 asyncbase.py iterate [line:73] INFO Receive new models from clients [13, 4, 11, 16, 6, 5, 8, 1] at time 2844
2025-04-28 05:39:26,938 fedbase.py run [line:318] INFO --------------Round 182--------------
2025-04-28 05:39:26,938 simple_logger.py log_once [line:14] INFO Current_time:2844
2025-04-28 05:39:29,088 simple_logger.py log_once [line:28] INFO test_accuracy                 0.1135
2025-04-28 05:39:29,088 simple_logger.py log_once [line:28] INFO test_loss                     2.3010
2025-04-28 05:39:29,088 simple_logger.py log_once [line:28] INFO val_accuracy                  0.1167
2025-04-28 05:39:29,088 simple_logger.py log_once [line:28] INFO mean_val_accuracy             0.1167
2025-04-28 05:39:29,088 simple_logger.py log_once [line:28] INFO std_val_accuracy              0.0193
2025-04-28 05:39:29,088 simple_logger.py log_once [line:28] INFO val_loss                      2.3002
2025-04-28 05:39:29,088 simple_logger.py log_once [line:28] INFO mean_val_loss                 2.3002
2025-04-28 05:39:29,088 simple_logger.py log_once [line:28] INFO std_val_loss                  0.0024
2025-04-28 05:39:29,088 fedbase.py run [line:323] INFO expense           20924900.0
2025-04-28 05:39:29,089 fedbase.py run [line:324] INFO Eval Time Cost:               2.1504s
2025-04-28 05:39:29,089 asyncbase.py iterate [line:68] INFO Select clients [0, 1, 2, 3, 4, 5, 6, 7, 8, 9, 10, 11, 12, 13, 14, 15, 16, 17, 18, 19] at time 2845.
2025-04-28 05:40:57,077 asyncbase.py iterate [line:73] INFO Receive new models from clients [5, 12, 1] at time 2857
2025-04-28 05:40:57,078 asyncbase.py iterate [line:73] INFO Receive new models from clients [15, 2, 4, 11, 9, 14, 3, 0, 19, 13] at time 2858
2025-04-28 05:40:57,078 asyncbase.py iterate [line:73] INFO Receive new models from clients [8, 17, 6, 10] at time 2859
2025-04-28 05:40:57,078 asyncbase.py iterate [line:73] INFO Receive new models from clients [16, 18, 7] at time 2860
2025-04-28 05:40:57,150 fedbase.py run [line:318] INFO --------------Round 183--------------
2025-04-28 05:40:57,150 simple_logger.py log_once [line:14] INFO Current_time:2860
2025-04-28 05:40:59,334 simple_logger.py log_once [line:28] INFO test_accuracy                 0.1135
2025-04-28 05:40:59,334 simple_logger.py log_once [line:28] INFO test_loss                     2.3010
2025-04-28 05:40:59,334 simple_logger.py log_once [line:28] INFO val_accuracy                  0.1167
2025-04-28 05:40:59,335 simple_logger.py log_once [line:28] INFO mean_val_accuracy             0.1167
2025-04-28 05:40:59,335 simple_logger.py log_once [line:28] INFO std_val_accuracy              0.0193
2025-04-28 05:40:59,335 simple_logger.py log_once [line:28] INFO val_loss                      2.3002
2025-04-28 05:40:59,335 simple_logger.py log_once [line:28] INFO mean_val_loss                 2.3002
2025-04-28 05:40:59,335 simple_logger.py log_once [line:28] INFO std_val_loss                  0.0024
2025-04-28 05:40:59,335 fedbase.py run [line:323] INFO expense           20948740.0
2025-04-28 05:40:59,335 fedbase.py run [line:324] INFO Eval Time Cost:               2.1844s
2025-04-28 05:40:59,335 asyncbase.py iterate [line:68] INFO Select clients [0, 1, 2, 3, 4, 5, 6, 7, 8, 9, 10, 11, 12, 13, 14, 15, 16, 17, 18, 19] at time 2861.
2025-04-28 05:42:24,093 asyncbase.py iterate [line:73] INFO Receive new models from clients [18, 8, 13] at time 2873
2025-04-28 05:42:24,094 asyncbase.py iterate [line:73] INFO Receive new models from clients [16, 4, 3, 12] at time 2874
2025-04-28 05:42:24,094 asyncbase.py iterate [line:73] INFO Receive new models from clients [7, 2, 9, 5, 14, 15, 0, 19, 1] at time 2875
2025-04-28 05:42:24,094 asyncbase.py iterate [line:73] INFO Receive new models from clients [6, 10, 17, 11] at time 2876
2025-04-28 05:42:24,167 fedbase.py run [line:318] INFO --------------Round 184--------------
2025-04-28 05:42:24,168 simple_logger.py log_once [line:14] INFO Current_time:2876
2025-04-28 05:42:26,363 simple_logger.py log_once [line:28] INFO test_accuracy                 0.1135
2025-04-28 05:42:26,363 simple_logger.py log_once [line:28] INFO test_loss                     2.3010
2025-04-28 05:42:26,363 simple_logger.py log_once [line:28] INFO val_accuracy                  0.1167
2025-04-28 05:42:26,364 simple_logger.py log_once [line:28] INFO mean_val_accuracy             0.1167
2025-04-28 05:42:26,364 simple_logger.py log_once [line:28] INFO std_val_accuracy              0.0193
2025-04-28 05:42:26,364 simple_logger.py log_once [line:28] INFO val_loss                      2.3002
2025-04-28 05:42:26,364 simple_logger.py log_once [line:28] INFO mean_val_loss                 2.3002
2025-04-28 05:42:26,364 simple_logger.py log_once [line:28] INFO std_val_loss                  0.0024
2025-04-28 05:42:26,364 fedbase.py run [line:323] INFO expense           20972580.0
2025-04-28 05:42:26,364 fedbase.py run [line:324] INFO Eval Time Cost:               2.1963s
2025-04-28 05:42:26,364 asyncbase.py iterate [line:68] INFO Select clients [0, 1, 2, 3, 4, 5, 6, 7, 8, 9, 10, 11, 12, 13, 14, 15, 16, 17, 18, 19] at time 2877.
2025-04-28 05:43:54,324 asyncbase.py iterate [line:73] INFO Receive new models from clients [9, 15, 5, 2] at time 2889
2025-04-28 05:43:54,324 asyncbase.py iterate [line:73] INFO Receive new models from clients [8, 1, 10, 3, 0, 18, 17] at time 2890
2025-04-28 05:43:54,324 asyncbase.py iterate [line:73] INFO Receive new models from clients [19, 11, 6, 7, 14, 13, 4, 12] at time 2891
2025-04-28 05:43:54,325 asyncbase.py iterate [line:73] INFO Receive new models from clients [16] at time 2892
2025-04-28 05:43:54,393 fedbase.py run [line:318] INFO --------------Round 185--------------
2025-04-28 05:43:54,393 simple_logger.py log_once [line:14] INFO Current_time:2892
2025-04-28 05:43:56,566 simple_logger.py log_once [line:28] INFO test_accuracy                 0.1135
2025-04-28 05:43:56,567 simple_logger.py log_once [line:28] INFO test_loss                     2.3010
2025-04-28 05:43:56,567 simple_logger.py log_once [line:28] INFO val_accuracy                  0.1167
2025-04-28 05:43:56,567 simple_logger.py log_once [line:28] INFO mean_val_accuracy             0.1167
2025-04-28 05:43:56,567 simple_logger.py log_once [line:28] INFO std_val_accuracy              0.0193
2025-04-28 05:43:56,567 simple_logger.py log_once [line:28] INFO val_loss                      2.3002
2025-04-28 05:43:56,567 simple_logger.py log_once [line:28] INFO mean_val_loss                 2.3002
2025-04-28 05:43:56,567 simple_logger.py log_once [line:28] INFO std_val_loss                  0.0024
2025-04-28 05:43:56,567 fedbase.py run [line:323] INFO expense           20996420.0
2025-04-28 05:43:56,567 fedbase.py run [line:324] INFO Eval Time Cost:               2.1737s
2025-04-28 05:43:56,567 asyncbase.py iterate [line:68] INFO Select clients [0, 1, 2, 3, 4, 5, 6, 7, 8, 9, 10, 11, 12, 13, 14, 15, 16, 17, 18, 19] at time 2893.
2025-04-28 05:45:23,978 asyncbase.py iterate [line:73] INFO Receive new models from clients [19, 18, 4, 13, 8] at time 2906
2025-04-28 05:45:23,978 asyncbase.py iterate [line:73] INFO Receive new models from clients [0, 14, 17, 10, 9, 6, 11, 15, 1] at time 2907
2025-04-28 05:45:23,979 asyncbase.py iterate [line:73] INFO Receive new models from clients [5, 16, 7, 2, 12, 3] at time 2908
2025-04-28 05:45:24,063 fedbase.py run [line:318] INFO --------------Round 186--------------
2025-04-28 05:45:24,063 simple_logger.py log_once [line:14] INFO Current_time:2908
2025-04-28 05:45:26,177 simple_logger.py log_once [line:28] INFO test_accuracy                 0.1135
2025-04-28 05:45:26,177 simple_logger.py log_once [line:28] INFO test_loss                     2.3010
2025-04-28 05:45:26,177 simple_logger.py log_once [line:28] INFO val_accuracy                  0.1167
2025-04-28 05:45:26,177 simple_logger.py log_once [line:28] INFO mean_val_accuracy             0.1167
2025-04-28 05:45:26,177 simple_logger.py log_once [line:28] INFO std_val_accuracy              0.0193
2025-04-28 05:45:26,177 simple_logger.py log_once [line:28] INFO val_loss                      2.3002
2025-04-28 05:45:26,177 simple_logger.py log_once [line:28] INFO mean_val_loss                 2.3002
2025-04-28 05:45:26,177 simple_logger.py log_once [line:28] INFO std_val_loss                  0.0025
2025-04-28 05:45:26,177 fedbase.py run [line:323] INFO expense           21020260.0
2025-04-28 05:45:26,177 fedbase.py run [line:324] INFO Eval Time Cost:               2.1145s
2025-04-28 05:45:26,178 asyncbase.py iterate [line:68] INFO Select clients [0, 1, 2, 3, 4, 5, 6, 7, 8, 9, 10, 11, 12, 13, 14, 15, 16, 17, 18, 19] at time 2909.
2025-04-28 05:46:55,621 asyncbase.py iterate [line:73] INFO Receive new models from clients [19, 12, 16, 9, 10, 5, 1, 17, 7, 8] at time 2922
2025-04-28 05:46:55,621 asyncbase.py iterate [line:73] INFO Receive new models from clients [13, 3, 18, 2, 6, 4] at time 2923
2025-04-28 05:46:55,622 asyncbase.py iterate [line:73] INFO Receive new models from clients [14, 11, 0, 15] at time 2924
2025-04-28 05:46:55,695 fedbase.py run [line:318] INFO --------------Round 187--------------
2025-04-28 05:46:55,695 simple_logger.py log_once [line:14] INFO Current_time:2924
2025-04-28 05:46:57,863 simple_logger.py log_once [line:28] INFO test_accuracy                 0.1135
2025-04-28 05:46:57,863 simple_logger.py log_once [line:28] INFO test_loss                     2.3010
2025-04-28 05:46:57,863 simple_logger.py log_once [line:28] INFO val_accuracy                  0.1167
2025-04-28 05:46:57,863 simple_logger.py log_once [line:28] INFO mean_val_accuracy             0.1167
2025-04-28 05:46:57,863 simple_logger.py log_once [line:28] INFO std_val_accuracy              0.0193
2025-04-28 05:46:57,863 simple_logger.py log_once [line:28] INFO val_loss                      2.3002
2025-04-28 05:46:57,863 simple_logger.py log_once [line:28] INFO mean_val_loss                 2.3002
2025-04-28 05:46:57,863 simple_logger.py log_once [line:28] INFO std_val_loss                  0.0025
2025-04-28 05:46:57,863 fedbase.py run [line:323] INFO expense           21044100.0
2025-04-28 05:46:57,864 fedbase.py run [line:324] INFO Eval Time Cost:               2.1681s
2025-04-28 05:46:57,864 asyncbase.py iterate [line:68] INFO Select clients [0, 1, 2, 3, 4, 5, 6, 7, 8, 9, 10, 11, 12, 13, 14, 15, 16, 17, 18, 19] at time 2925.
2025-04-28 05:48:25,118 asyncbase.py iterate [line:73] INFO Receive new models from clients [15] at time 2937
2025-04-28 05:48:25,119 asyncbase.py iterate [line:73] INFO Receive new models from clients [3, 19, 17, 4, 12, 16, 13, 18, 6, 7, 11, 14] at time 2938
2025-04-28 05:48:25,119 asyncbase.py iterate [line:73] INFO Receive new models from clients [9, 8, 1, 5, 2, 0] at time 2939
2025-04-28 05:48:25,119 asyncbase.py iterate [line:73] INFO Receive new models from clients [10] at time 2940
2025-04-28 05:48:25,200 fedbase.py run [line:318] INFO --------------Round 188--------------
2025-04-28 05:48:25,200 simple_logger.py log_once [line:14] INFO Current_time:2940
2025-04-28 05:48:27,378 simple_logger.py log_once [line:28] INFO test_accuracy                 0.1135
2025-04-28 05:48:27,378 simple_logger.py log_once [line:28] INFO test_loss                     2.3010
2025-04-28 05:48:27,378 simple_logger.py log_once [line:28] INFO val_accuracy                  0.1167
2025-04-28 05:48:27,378 simple_logger.py log_once [line:28] INFO mean_val_accuracy             0.1167
2025-04-28 05:48:27,378 simple_logger.py log_once [line:28] INFO std_val_accuracy              0.0193
2025-04-28 05:48:27,378 simple_logger.py log_once [line:28] INFO val_loss                      2.3002
2025-04-28 05:48:27,378 simple_logger.py log_once [line:28] INFO mean_val_loss                 2.3002
2025-04-28 05:48:27,378 simple_logger.py log_once [line:28] INFO std_val_loss                  0.0024
2025-04-28 05:48:27,378 fedbase.py run [line:323] INFO expense           21067940.0
2025-04-28 05:48:27,378 fedbase.py run [line:324] INFO Eval Time Cost:               2.1785s
2025-04-28 05:48:27,379 asyncbase.py iterate [line:68] INFO Select clients [0, 1, 2, 3, 4, 5, 6, 7, 8, 9, 10, 11, 12, 13, 14, 15, 16, 17, 18, 19] at time 2941.
2025-04-28 05:49:45,757 asyncbase.py iterate [line:73] INFO Receive new models from clients [0, 6, 3, 4, 5, 7] at time 2954
2025-04-28 05:49:45,758 asyncbase.py iterate [line:73] INFO Receive new models from clients [15, 11, 14, 8, 16, 17, 13, 19, 1, 9, 18, 2] at time 2955
2025-04-28 05:49:45,758 asyncbase.py iterate [line:73] INFO Receive new models from clients [10, 12] at time 2956
2025-04-28 05:49:45,840 fedbase.py run [line:318] INFO --------------Round 189--------------
2025-04-28 05:49:45,841 simple_logger.py log_once [line:14] INFO Current_time:2956
2025-04-28 05:49:47,970 simple_logger.py log_once [line:28] INFO test_accuracy                 0.1135
2025-04-28 05:49:47,970 simple_logger.py log_once [line:28] INFO test_loss                     2.3010
2025-04-28 05:49:47,970 simple_logger.py log_once [line:28] INFO val_accuracy                  0.1167
2025-04-28 05:49:47,970 simple_logger.py log_once [line:28] INFO mean_val_accuracy             0.1167
2025-04-28 05:49:47,970 simple_logger.py log_once [line:28] INFO std_val_accuracy              0.0193
2025-04-28 05:49:47,970 simple_logger.py log_once [line:28] INFO val_loss                      2.3002
2025-04-28 05:49:47,970 simple_logger.py log_once [line:28] INFO mean_val_loss                 2.3002
2025-04-28 05:49:47,970 simple_logger.py log_once [line:28] INFO std_val_loss                  0.0024
2025-04-28 05:49:47,970 fedbase.py run [line:323] INFO expense           21091780.0
2025-04-28 05:49:47,970 fedbase.py run [line:324] INFO Eval Time Cost:               2.1295s
2025-04-28 05:49:47,970 asyncbase.py iterate [line:68] INFO Select clients [0, 1, 2, 3, 4, 5, 6, 7, 8, 9, 10, 11, 12, 13, 14, 15, 16, 17, 18, 19] at time 2957.
2025-04-28 05:51:16,566 asyncbase.py iterate [line:73] INFO Receive new models from clients [7, 17, 19, 13, 5] at time 2969
2025-04-28 05:51:16,566 asyncbase.py iterate [line:73] INFO Receive new models from clients [10, 8, 3, 15, 14, 6, 9] at time 2970
2025-04-28 05:51:16,566 asyncbase.py iterate [line:73] INFO Receive new models from clients [16, 12, 18, 11, 1, 2] at time 2971
2025-04-28 05:51:16,566 asyncbase.py iterate [line:73] INFO Receive new models from clients [0, 4] at time 2972
2025-04-28 05:51:16,645 fedbase.py run [line:318] INFO --------------Round 190--------------
2025-04-28 05:51:16,645 simple_logger.py log_once [line:14] INFO Current_time:2972
2025-04-28 05:51:18,826 simple_logger.py log_once [line:28] INFO test_accuracy                 0.1135
2025-04-28 05:51:18,826 simple_logger.py log_once [line:28] INFO test_loss                     2.3010
2025-04-28 05:51:18,826 simple_logger.py log_once [line:28] INFO val_accuracy                  0.1167
2025-04-28 05:51:18,826 simple_logger.py log_once [line:28] INFO mean_val_accuracy             0.1167
2025-04-28 05:51:18,826 simple_logger.py log_once [line:28] INFO std_val_accuracy              0.0193
2025-04-28 05:51:18,826 simple_logger.py log_once [line:28] INFO val_loss                      2.3002
2025-04-28 05:51:18,827 simple_logger.py log_once [line:28] INFO mean_val_loss                 2.3002
2025-04-28 05:51:18,827 simple_logger.py log_once [line:28] INFO std_val_loss                  0.0024
2025-04-28 05:51:18,827 fedbase.py run [line:323] INFO expense           21115620.0
2025-04-28 05:51:18,827 fedbase.py run [line:324] INFO Eval Time Cost:               2.1815s
2025-04-28 05:51:18,827 asyncbase.py iterate [line:68] INFO Select clients [0, 1, 2, 3, 4, 5, 6, 7, 8, 9, 10, 11, 12, 13, 14, 15, 16, 17, 18, 19] at time 2973.
2025-04-28 05:52:44,469 asyncbase.py iterate [line:73] INFO Receive new models from clients [6] at time 2985
2025-04-28 05:52:44,469 asyncbase.py iterate [line:73] INFO Receive new models from clients [13, 11, 19, 14, 5, 3, 4, 12, 0, 2, 16, 9, 8] at time 2986
2025-04-28 05:52:44,470 asyncbase.py iterate [line:73] INFO Receive new models from clients [7, 10] at time 2987
2025-04-28 05:52:44,470 asyncbase.py iterate [line:73] INFO Receive new models from clients [18, 1, 15, 17] at time 2988
2025-04-28 05:52:44,542 fedbase.py run [line:318] INFO --------------Round 191--------------
2025-04-28 05:52:44,542 simple_logger.py log_once [line:14] INFO Current_time:2988
2025-04-28 05:52:46,668 simple_logger.py log_once [line:28] INFO test_accuracy                 0.1135
2025-04-28 05:52:46,668 simple_logger.py log_once [line:28] INFO test_loss                     2.3010
2025-04-28 05:52:46,668 simple_logger.py log_once [line:28] INFO val_accuracy                  0.1167
2025-04-28 05:52:46,668 simple_logger.py log_once [line:28] INFO mean_val_accuracy             0.1167
2025-04-28 05:52:46,668 simple_logger.py log_once [line:28] INFO std_val_accuracy              0.0193
2025-04-28 05:52:46,668 simple_logger.py log_once [line:28] INFO val_loss                      2.3002
2025-04-28 05:52:46,668 simple_logger.py log_once [line:28] INFO mean_val_loss                 2.3002
2025-04-28 05:52:46,668 simple_logger.py log_once [line:28] INFO std_val_loss                  0.0024
2025-04-28 05:52:46,668 fedbase.py run [line:323] INFO expense           21139460.0
2025-04-28 05:52:46,668 fedbase.py run [line:324] INFO Eval Time Cost:               2.1260s
2025-04-28 05:52:46,669 asyncbase.py iterate [line:68] INFO Select clients [0, 1, 2, 3, 4, 5, 6, 7, 8, 9, 10, 11, 12, 13, 14, 15, 16, 17, 18, 19] at time 2989.
2025-04-28 05:54:14,650 asyncbase.py iterate [line:73] INFO Receive new models from clients [3] at time 3001
2025-04-28 05:54:14,650 asyncbase.py iterate [line:73] INFO Receive new models from clients [8, 11, 16, 10, 19, 1, 15, 2, 7, 4, 5] at time 3002
2025-04-28 05:54:14,651 asyncbase.py iterate [line:73] INFO Receive new models from clients [9, 17, 0, 12, 14, 6] at time 3003
2025-04-28 05:54:14,651 asyncbase.py iterate [line:73] INFO Receive new models from clients [13, 18] at time 3004
2025-04-28 05:54:14,718 fedbase.py run [line:318] INFO --------------Round 192--------------
2025-04-28 05:54:14,719 simple_logger.py log_once [line:14] INFO Current_time:3004
2025-04-28 05:54:16,872 simple_logger.py log_once [line:28] INFO test_accuracy                 0.1135
2025-04-28 05:54:16,872 simple_logger.py log_once [line:28] INFO test_loss                     2.3010
2025-04-28 05:54:16,872 simple_logger.py log_once [line:28] INFO val_accuracy                  0.1167
2025-04-28 05:54:16,872 simple_logger.py log_once [line:28] INFO mean_val_accuracy             0.1167
2025-04-28 05:54:16,872 simple_logger.py log_once [line:28] INFO std_val_accuracy              0.0193
2025-04-28 05:54:16,872 simple_logger.py log_once [line:28] INFO val_loss                      2.3003
2025-04-28 05:54:16,872 simple_logger.py log_once [line:28] INFO mean_val_loss                 2.3003
2025-04-28 05:54:16,872 simple_logger.py log_once [line:28] INFO std_val_loss                  0.0024
2025-04-28 05:54:16,872 fedbase.py run [line:323] INFO expense           21163300.0
2025-04-28 05:54:16,872 fedbase.py run [line:324] INFO Eval Time Cost:               2.1537s
2025-04-28 05:54:16,872 asyncbase.py iterate [line:68] INFO Select clients [0, 1, 2, 3, 4, 5, 6, 7, 8, 9, 10, 11, 12, 13, 14, 15, 16, 17, 18, 19] at time 3005.
2025-04-28 05:55:43,824 asyncbase.py iterate [line:73] INFO Receive new models from clients [0] at time 3017
2025-04-28 05:55:43,825 asyncbase.py iterate [line:73] INFO Receive new models from clients [9, 19, 8, 18, 7, 6, 13, 15, 4, 2, 5] at time 3018
2025-04-28 05:55:43,825 asyncbase.py iterate [line:73] INFO Receive new models from clients [10, 17, 16, 12, 1, 3, 11, 14] at time 3019
2025-04-28 05:55:43,918 fedbase.py run [line:318] INFO --------------Round 193--------------
2025-04-28 05:55:43,918 simple_logger.py log_once [line:14] INFO Current_time:3019
2025-04-28 05:55:46,044 simple_logger.py log_once [line:28] INFO test_accuracy                 0.1135
2025-04-28 05:55:46,044 simple_logger.py log_once [line:28] INFO test_loss                     2.3010
2025-04-28 05:55:46,044 simple_logger.py log_once [line:28] INFO val_accuracy                  0.1167
2025-04-28 05:55:46,044 simple_logger.py log_once [line:28] INFO mean_val_accuracy             0.1167
2025-04-28 05:55:46,044 simple_logger.py log_once [line:28] INFO std_val_accuracy              0.0193
2025-04-28 05:55:46,045 simple_logger.py log_once [line:28] INFO val_loss                      2.3002
2025-04-28 05:55:46,045 simple_logger.py log_once [line:28] INFO mean_val_loss                 2.3002
2025-04-28 05:55:46,045 simple_logger.py log_once [line:28] INFO std_val_loss                  0.0024
2025-04-28 05:55:46,045 fedbase.py run [line:323] INFO expense           21187140.0
2025-04-28 05:55:46,045 fedbase.py run [line:324] INFO Eval Time Cost:               2.1268s
2025-04-28 05:55:46,045 asyncbase.py iterate [line:68] INFO Select clients [0, 1, 2, 3, 4, 5, 6, 7, 8, 9, 10, 11, 12, 13, 14, 15, 16, 17, 18, 19] at time 3020.
2025-04-28 05:57:14,156 asyncbase.py iterate [line:73] INFO Receive new models from clients [7, 8] at time 3032
2025-04-28 05:57:14,156 asyncbase.py iterate [line:73] INFO Receive new models from clients [3, 0, 15, 2, 4, 10, 18, 17, 14] at time 3033
2025-04-28 05:57:14,157 asyncbase.py iterate [line:73] INFO Receive new models from clients [13, 19, 5, 6] at time 3034
2025-04-28 05:57:14,157 asyncbase.py iterate [line:73] INFO Receive new models from clients [1, 16, 9, 11, 12] at time 3035
2025-04-28 05:57:14,248 fedbase.py run [line:318] INFO --------------Round 194--------------
2025-04-28 05:57:14,248 simple_logger.py log_once [line:14] INFO Current_time:3035
2025-04-28 05:57:16,380 simple_logger.py log_once [line:28] INFO test_accuracy                 0.1135
2025-04-28 05:57:16,380 simple_logger.py log_once [line:28] INFO test_loss                     2.3010
2025-04-28 05:57:16,380 simple_logger.py log_once [line:28] INFO val_accuracy                  0.1167
2025-04-28 05:57:16,380 simple_logger.py log_once [line:28] INFO mean_val_accuracy             0.1167
2025-04-28 05:57:16,380 simple_logger.py log_once [line:28] INFO std_val_accuracy              0.0193
2025-04-28 05:57:16,381 simple_logger.py log_once [line:28] INFO val_loss                      2.3002
2025-04-28 05:57:16,381 simple_logger.py log_once [line:28] INFO mean_val_loss                 2.3002
2025-04-28 05:57:16,381 simple_logger.py log_once [line:28] INFO std_val_loss                  0.0024
2025-04-28 05:57:16,381 fedbase.py run [line:323] INFO expense           21210980.0
2025-04-28 05:57:16,381 fedbase.py run [line:324] INFO Eval Time Cost:               2.1328s
2025-04-28 05:57:16,381 asyncbase.py iterate [line:68] INFO Select clients [0, 1, 2, 3, 4, 5, 6, 7, 8, 9, 10, 11, 12, 13, 14, 15, 16, 17, 18, 19] at time 3036.
2025-04-28 05:58:42,975 asyncbase.py iterate [line:73] INFO Receive new models from clients [1, 18, 15, 14] at time 3048
2025-04-28 05:58:42,975 asyncbase.py iterate [line:73] INFO Receive new models from clients [4, 17, 11, 9, 13, 19, 10, 6, 12, 3, 5] at time 3049
2025-04-28 05:58:42,975 asyncbase.py iterate [line:73] INFO Receive new models from clients [16, 8, 2, 7] at time 3050
2025-04-28 05:58:42,975 asyncbase.py iterate [line:73] INFO Receive new models from clients [0] at time 3051
2025-04-28 05:58:43,040 fedbase.py run [line:318] INFO --------------Round 195--------------
2025-04-28 05:58:43,040 simple_logger.py log_once [line:14] INFO Current_time:3051
2025-04-28 05:58:45,146 simple_logger.py log_once [line:28] INFO test_accuracy                 0.1135
2025-04-28 05:58:45,146 simple_logger.py log_once [line:28] INFO test_loss                     2.3010
2025-04-28 05:58:45,146 simple_logger.py log_once [line:28] INFO val_accuracy                  0.1167
2025-04-28 05:58:45,146 simple_logger.py log_once [line:28] INFO mean_val_accuracy             0.1167
2025-04-28 05:58:45,146 simple_logger.py log_once [line:28] INFO std_val_accuracy              0.0193
2025-04-28 05:58:45,146 simple_logger.py log_once [line:28] INFO val_loss                      2.3002
2025-04-28 05:58:45,146 simple_logger.py log_once [line:28] INFO mean_val_loss                 2.3002
2025-04-28 05:58:45,146 simple_logger.py log_once [line:28] INFO std_val_loss                  0.0024
2025-04-28 05:58:45,146 fedbase.py run [line:323] INFO expense           21234820.0
2025-04-28 05:58:45,146 fedbase.py run [line:324] INFO Eval Time Cost:               2.1061s
2025-04-28 05:58:45,147 asyncbase.py iterate [line:68] INFO Select clients [0, 1, 2, 3, 4, 5, 6, 7, 8, 9, 10, 11, 12, 13, 14, 15, 16, 17, 18, 19] at time 3052.
2025-04-28 06:00:10,998 asyncbase.py iterate [line:73] INFO Receive new models from clients [4] at time 3064
2025-04-28 06:00:10,998 asyncbase.py iterate [line:73] INFO Receive new models from clients [16, 0, 14, 1, 18, 19, 17, 7, 6, 15] at time 3065
2025-04-28 06:00:10,999 asyncbase.py iterate [line:73] INFO Receive new models from clients [10, 13, 11, 3, 8, 2, 5] at time 3066
2025-04-28 06:00:10,999 asyncbase.py iterate [line:73] INFO Receive new models from clients [12, 9] at time 3067
2025-04-28 06:00:11,078 fedbase.py run [line:318] INFO --------------Round 196--------------
2025-04-28 06:00:11,078 simple_logger.py log_once [line:14] INFO Current_time:3067
2025-04-28 06:00:13,214 simple_logger.py log_once [line:28] INFO test_accuracy                 0.1135
2025-04-28 06:00:13,215 simple_logger.py log_once [line:28] INFO test_loss                     2.3010
2025-04-28 06:00:13,215 simple_logger.py log_once [line:28] INFO val_accuracy                  0.1167
2025-04-28 06:00:13,215 simple_logger.py log_once [line:28] INFO mean_val_accuracy             0.1167
2025-04-28 06:00:13,215 simple_logger.py log_once [line:28] INFO std_val_accuracy              0.0193
2025-04-28 06:00:13,215 simple_logger.py log_once [line:28] INFO val_loss                      2.3002
2025-04-28 06:00:13,215 simple_logger.py log_once [line:28] INFO mean_val_loss                 2.3002
2025-04-28 06:00:13,215 simple_logger.py log_once [line:28] INFO std_val_loss                  0.0025
2025-04-28 06:00:13,215 fedbase.py run [line:323] INFO expense           21258660.0
2025-04-28 06:00:13,215 fedbase.py run [line:324] INFO Eval Time Cost:               2.1373s
2025-04-28 06:00:13,215 asyncbase.py iterate [line:68] INFO Select clients [0, 1, 2, 3, 4, 5, 6, 7, 8, 9, 10, 11, 12, 13, 14, 15, 16, 17, 18, 19] at time 3068.
2025-04-28 06:01:40,906 asyncbase.py iterate [line:73] INFO Receive new models from clients [8] at time 3080
2025-04-28 06:01:40,906 asyncbase.py iterate [line:73] INFO Receive new models from clients [18, 3, 2, 6, 11, 7] at time 3081
2025-04-28 06:01:40,907 asyncbase.py iterate [line:73] INFO Receive new models from clients [16, 5, 1, 9, 19, 0, 15, 14, 10] at time 3082
2025-04-28 06:01:40,907 asyncbase.py iterate [line:73] INFO Receive new models from clients [17, 4, 13, 12] at time 3083
2025-04-28 06:01:40,980 fedbase.py run [line:318] INFO --------------Round 197--------------
2025-04-28 06:01:40,981 simple_logger.py log_once [line:14] INFO Current_time:3083
2025-04-28 06:01:43,168 simple_logger.py log_once [line:28] INFO test_accuracy                 0.1135
2025-04-28 06:01:43,168 simple_logger.py log_once [line:28] INFO test_loss                     2.3010
2025-04-28 06:01:43,169 simple_logger.py log_once [line:28] INFO val_accuracy                  0.1167
2025-04-28 06:01:43,169 simple_logger.py log_once [line:28] INFO mean_val_accuracy             0.1167
2025-04-28 06:01:43,169 simple_logger.py log_once [line:28] INFO std_val_accuracy              0.0193
2025-04-28 06:01:43,169 simple_logger.py log_once [line:28] INFO val_loss                      2.3002
2025-04-28 06:01:43,169 simple_logger.py log_once [line:28] INFO mean_val_loss                 2.3002
2025-04-28 06:01:43,169 simple_logger.py log_once [line:28] INFO std_val_loss                  0.0024
2025-04-28 06:01:43,169 fedbase.py run [line:323] INFO expense           21282500.0
2025-04-28 06:01:43,169 fedbase.py run [line:324] INFO Eval Time Cost:               2.1884s
2025-04-28 06:01:43,169 asyncbase.py iterate [line:68] INFO Select clients [0, 1, 2, 3, 4, 5, 6, 7, 8, 9, 10, 11, 12, 13, 14, 15, 16, 17, 18, 19] at time 3084.
2025-04-28 06:03:11,797 asyncbase.py iterate [line:73] INFO Receive new models from clients [3, 11] at time 3096
2025-04-28 06:03:11,798 asyncbase.py iterate [line:73] INFO Receive new models from clients [17, 7, 16, 9] at time 3097
2025-04-28 06:03:11,798 asyncbase.py iterate [line:73] INFO Receive new models from clients [15, 10, 14, 6, 13, 19, 5, 2, 12] at time 3098
2025-04-28 06:03:11,798 asyncbase.py iterate [line:73] INFO Receive new models from clients [1, 8, 18, 0, 4] at time 3099
2025-04-28 06:03:11,895 fedbase.py run [line:318] INFO --------------Round 198--------------
2025-04-28 06:03:11,895 simple_logger.py log_once [line:14] INFO Current_time:3099
2025-04-28 06:03:14,040 simple_logger.py log_once [line:28] INFO test_accuracy                 0.1135
2025-04-28 06:03:14,040 simple_logger.py log_once [line:28] INFO test_loss                     2.3010
2025-04-28 06:03:14,040 simple_logger.py log_once [line:28] INFO val_accuracy                  0.1167
2025-04-28 06:03:14,040 simple_logger.py log_once [line:28] INFO mean_val_accuracy             0.1167
2025-04-28 06:03:14,040 simple_logger.py log_once [line:28] INFO std_val_accuracy              0.0193
2025-04-28 06:03:14,041 simple_logger.py log_once [line:28] INFO val_loss                      2.3002
2025-04-28 06:03:14,041 simple_logger.py log_once [line:28] INFO mean_val_loss                 2.3002
2025-04-28 06:03:14,041 simple_logger.py log_once [line:28] INFO std_val_loss                  0.0025
2025-04-28 06:03:14,041 fedbase.py run [line:323] INFO expense           21306340.0
2025-04-28 06:03:14,041 fedbase.py run [line:324] INFO Eval Time Cost:               2.1460s
2025-04-28 06:03:14,041 asyncbase.py iterate [line:68] INFO Select clients [0, 1, 2, 3, 4, 5, 6, 7, 8, 9, 10, 11, 12, 13, 14, 15, 16, 17, 18, 19] at time 3100.
2025-04-28 06:04:41,272 asyncbase.py iterate [line:73] INFO Receive new models from clients [1, 8, 4, 17, 15, 12, 9, 7] at time 3112
2025-04-28 06:04:41,273 asyncbase.py iterate [line:73] INFO Receive new models from clients [19, 14, 18, 13, 0] at time 3113
2025-04-28 06:04:41,273 asyncbase.py iterate [line:73] INFO Receive new models from clients [6, 16, 11] at time 3114
2025-04-28 06:04:41,273 asyncbase.py iterate [line:73] INFO Receive new models from clients [5, 10, 3, 2] at time 3115
2025-04-28 06:04:41,338 fedbase.py run [line:318] INFO --------------Round 199--------------
2025-04-28 06:04:41,338 simple_logger.py log_once [line:14] INFO Current_time:3115
2025-04-28 06:04:43,521 simple_logger.py log_once [line:28] INFO test_accuracy                 0.1135
2025-04-28 06:04:43,521 simple_logger.py log_once [line:28] INFO test_loss                     2.3010
2025-04-28 06:04:43,521 simple_logger.py log_once [line:28] INFO val_accuracy                  0.1167
2025-04-28 06:04:43,522 simple_logger.py log_once [line:28] INFO mean_val_accuracy             0.1167
2025-04-28 06:04:43,522 simple_logger.py log_once [line:28] INFO std_val_accuracy              0.0193
2025-04-28 06:04:43,522 simple_logger.py log_once [line:28] INFO val_loss                      2.3002
2025-04-28 06:04:43,522 simple_logger.py log_once [line:28] INFO mean_val_loss                 2.3002
2025-04-28 06:04:43,522 simple_logger.py log_once [line:28] INFO std_val_loss                  0.0025
2025-04-28 06:04:43,522 fedbase.py run [line:323] INFO expense           21330180.0
2025-04-28 06:04:43,522 fedbase.py run [line:324] INFO Eval Time Cost:               2.1836s
2025-04-28 06:04:43,522 asyncbase.py iterate [line:68] INFO Select clients [0, 1, 2, 3, 4, 5, 6, 7, 8, 9, 10, 11, 12, 13, 14, 15, 16, 17, 18, 19] at time 3116.
2025-04-28 06:06:10,624 asyncbase.py iterate [line:73] INFO Receive new models from clients [18, 0, 3, 9] at time 3128
2025-04-28 06:06:10,624 asyncbase.py iterate [line:73] INFO Receive new models from clients [7, 10, 15, 2, 11, 12, 8, 1, 5] at time 3129
2025-04-28 06:06:10,624 asyncbase.py iterate [line:73] INFO Receive new models from clients [16, 19, 17, 13, 6, 4] at time 3130
2025-04-28 06:06:10,625 asyncbase.py iterate [line:73] INFO Receive new models from clients [14] at time 3131
2025-04-28 06:06:10,700 fedbase.py run [line:318] INFO --------------Round 200--------------
2025-04-28 06:06:10,700 simple_logger.py log_once [line:14] INFO Current_time:3131
2025-04-28 06:06:12,877 simple_logger.py log_once [line:28] INFO test_accuracy                 0.1135
2025-04-28 06:06:12,877 simple_logger.py log_once [line:28] INFO test_loss                     2.3010
2025-04-28 06:06:12,877 simple_logger.py log_once [line:28] INFO val_accuracy                  0.1167
2025-04-28 06:06:12,878 simple_logger.py log_once [line:28] INFO mean_val_accuracy             0.1167
2025-04-28 06:06:12,878 simple_logger.py log_once [line:28] INFO std_val_accuracy              0.0193
2025-04-28 06:06:12,878 simple_logger.py log_once [line:28] INFO val_loss                      2.3002
2025-04-28 06:06:12,878 simple_logger.py log_once [line:28] INFO mean_val_loss                 2.3002
2025-04-28 06:06:12,878 simple_logger.py log_once [line:28] INFO std_val_loss                  0.0024
2025-04-28 06:06:12,878 fedbase.py run [line:323] INFO expense           21354020.0
2025-04-28 06:06:12,878 fedbase.py run [line:324] INFO Eval Time Cost:               2.1778s
2025-04-28 06:06:12,878 asyncbase.py iterate [line:68] INFO Select clients [0, 1, 2, 3, 4, 5, 6, 7, 8, 9, 10, 11, 12, 13, 14, 15, 16, 17, 18, 19] at time 3132.
2025-04-28 06:07:41,637 asyncbase.py iterate [line:73] INFO Receive new models from clients [19, 13, 18, 7, 9, 2, 4, 8, 0, 15, 14] at time 3145
2025-04-28 06:07:41,638 asyncbase.py iterate [line:73] INFO Receive new models from clients [17, 10, 3, 16, 1] at time 3146
2025-04-28 06:07:41,638 asyncbase.py iterate [line:73] INFO Receive new models from clients [6, 5, 12, 11] at time 3147
2025-04-28 06:07:41,731 fedbase.py run [line:318] INFO --------------Round 201--------------
2025-04-28 06:07:41,731 simple_logger.py log_once [line:14] INFO Current_time:3147
2025-04-28 06:07:43,925 simple_logger.py log_once [line:28] INFO test_accuracy                 0.1135
2025-04-28 06:07:43,925 simple_logger.py log_once [line:28] INFO test_loss                     2.3010
2025-04-28 06:07:43,925 simple_logger.py log_once [line:28] INFO val_accuracy                  0.1167
2025-04-28 06:07:43,925 simple_logger.py log_once [line:28] INFO mean_val_accuracy             0.1167
2025-04-28 06:07:43,925 simple_logger.py log_once [line:28] INFO std_val_accuracy              0.0193
2025-04-28 06:07:43,925 simple_logger.py log_once [line:28] INFO val_loss                      2.3002
2025-04-28 06:07:43,925 simple_logger.py log_once [line:28] INFO mean_val_loss                 2.3002
2025-04-28 06:07:43,925 simple_logger.py log_once [line:28] INFO std_val_loss                  0.0024
2025-04-28 06:07:43,925 fedbase.py run [line:323] INFO expense           21377860.0
2025-04-28 06:07:43,925 fedbase.py run [line:324] INFO Eval Time Cost:               2.1941s
2025-04-28 06:07:43,925 asyncbase.py iterate [line:68] INFO Select clients [0, 1, 2, 3, 4, 5, 6, 7, 8, 9, 10, 11, 12, 13, 14, 15, 16, 17, 18, 19] at time 3148.
2025-04-28 06:09:03,365 asyncbase.py iterate [line:73] INFO Receive new models from clients [19, 4, 12] at time 3160
2025-04-28 06:09:03,365 asyncbase.py iterate [line:73] INFO Receive new models from clients [17, 9, 1, 6, 5] at time 3161
2025-04-28 06:09:03,365 asyncbase.py iterate [line:73] INFO Receive new models from clients [8, 10, 7, 0, 18, 16, 13, 15, 2, 14, 3] at time 3162
2025-04-28 06:09:03,366 asyncbase.py iterate [line:73] INFO Receive new models from clients [11] at time 3163
2025-04-28 06:09:03,433 fedbase.py run [line:318] INFO --------------Round 202--------------
2025-04-28 06:09:03,433 simple_logger.py log_once [line:14] INFO Current_time:3163
2025-04-28 06:09:05,562 simple_logger.py log_once [line:28] INFO test_accuracy                 0.1135
2025-04-28 06:09:05,562 simple_logger.py log_once [line:28] INFO test_loss                     2.3010
2025-04-28 06:09:05,562 simple_logger.py log_once [line:28] INFO val_accuracy                  0.1167
2025-04-28 06:09:05,562 simple_logger.py log_once [line:28] INFO mean_val_accuracy             0.1167
2025-04-28 06:09:05,562 simple_logger.py log_once [line:28] INFO std_val_accuracy              0.0193
2025-04-28 06:09:05,562 simple_logger.py log_once [line:28] INFO val_loss                      2.3002
2025-04-28 06:09:05,562 simple_logger.py log_once [line:28] INFO mean_val_loss                 2.3002
2025-04-28 06:09:05,562 simple_logger.py log_once [line:28] INFO std_val_loss                  0.0024
2025-04-28 06:09:05,562 fedbase.py run [line:323] INFO expense           21401700.0
2025-04-28 06:09:05,562 fedbase.py run [line:324] INFO Eval Time Cost:               2.1289s
2025-04-28 06:09:05,562 asyncbase.py iterate [line:68] INFO Select clients [0, 1, 2, 3, 4, 5, 6, 7, 8, 9, 10, 11, 12, 13, 14, 15, 16, 17, 18, 19] at time 3164.
2025-04-28 06:10:30,615 asyncbase.py iterate [line:73] INFO Receive new models from clients [19, 7, 9, 3] at time 3176
2025-04-28 06:10:30,615 asyncbase.py iterate [line:73] INFO Receive new models from clients [10, 5, 13, 17, 12, 8, 2, 11] at time 3177
2025-04-28 06:10:30,615 asyncbase.py iterate [line:73] INFO Receive new models from clients [1, 14, 16, 15, 18] at time 3178
2025-04-28 06:10:30,616 asyncbase.py iterate [line:73] INFO Receive new models from clients [4, 6, 0] at time 3179
2025-04-28 06:10:30,717 fedbase.py run [line:318] INFO --------------Round 203--------------
2025-04-28 06:10:30,717 simple_logger.py log_once [line:14] INFO Current_time:3179
2025-04-28 06:10:32,858 simple_logger.py log_once [line:28] INFO test_accuracy                 0.1135
2025-04-28 06:10:32,858 simple_logger.py log_once [line:28] INFO test_loss                     2.3010
2025-04-28 06:10:32,858 simple_logger.py log_once [line:28] INFO val_accuracy                  0.1167
2025-04-28 06:10:32,858 simple_logger.py log_once [line:28] INFO mean_val_accuracy             0.1167
2025-04-28 06:10:32,858 simple_logger.py log_once [line:28] INFO std_val_accuracy              0.0193
2025-04-28 06:10:32,858 simple_logger.py log_once [line:28] INFO val_loss                      2.3002
2025-04-28 06:10:32,858 simple_logger.py log_once [line:28] INFO mean_val_loss                 2.3002
2025-04-28 06:10:32,858 simple_logger.py log_once [line:28] INFO std_val_loss                  0.0025
2025-04-28 06:10:32,858 fedbase.py run [line:323] INFO expense           21425540.0
2025-04-28 06:10:32,858 fedbase.py run [line:324] INFO Eval Time Cost:               2.1415s
2025-04-28 06:10:32,859 asyncbase.py iterate [line:68] INFO Select clients [0, 1, 2, 3, 4, 5, 6, 7, 8, 9, 10, 11, 12, 13, 14, 15, 16, 17, 18, 19] at time 3180.
2025-04-28 06:12:02,648 asyncbase.py iterate [line:73] INFO Receive new models from clients [9, 2, 12] at time 3192
2025-04-28 06:12:02,648 asyncbase.py iterate [line:73] INFO Receive new models from clients [19, 10, 13, 1, 5, 8, 18, 11] at time 3193
2025-04-28 06:12:02,649 asyncbase.py iterate [line:73] INFO Receive new models from clients [4, 0, 3, 7, 6, 16, 14] at time 3194
2025-04-28 06:12:02,649 asyncbase.py iterate [line:73] INFO Receive new models from clients [17, 15] at time 3195
2025-04-28 06:12:02,740 fedbase.py run [line:318] INFO --------------Round 204--------------
2025-04-28 06:12:02,740 simple_logger.py log_once [line:14] INFO Current_time:3195
2025-04-28 06:12:04,907 simple_logger.py log_once [line:28] INFO test_accuracy                 0.1135
2025-04-28 06:12:04,907 simple_logger.py log_once [line:28] INFO test_loss                     2.3010
2025-04-28 06:12:04,907 simple_logger.py log_once [line:28] INFO val_accuracy                  0.1167
2025-04-28 06:12:04,907 simple_logger.py log_once [line:28] INFO mean_val_accuracy             0.1167
2025-04-28 06:12:04,907 simple_logger.py log_once [line:28] INFO std_val_accuracy              0.0193
2025-04-28 06:12:04,907 simple_logger.py log_once [line:28] INFO val_loss                      2.3002
2025-04-28 06:12:04,907 simple_logger.py log_once [line:28] INFO mean_val_loss                 2.3002
2025-04-28 06:12:04,907 simple_logger.py log_once [line:28] INFO std_val_loss                  0.0025
2025-04-28 06:12:04,907 fedbase.py run [line:323] INFO expense           21449380.0
2025-04-28 06:12:04,907 fedbase.py run [line:324] INFO Eval Time Cost:               2.1672s
2025-04-28 06:12:04,907 asyncbase.py iterate [line:68] INFO Select clients [0, 1, 2, 3, 4, 5, 6, 7, 8, 9, 10, 11, 12, 13, 14, 15, 16, 17, 18, 19] at time 3196.
2025-04-28 06:13:33,557 asyncbase.py iterate [line:73] INFO Receive new models from clients [12, 0, 14, 4] at time 3208
2025-04-28 06:13:33,558 asyncbase.py iterate [line:73] INFO Receive new models from clients [15, 16, 10, 7, 8, 9, 18] at time 3209
2025-04-28 06:13:33,558 asyncbase.py iterate [line:73] INFO Receive new models from clients [13, 2, 17, 19, 1, 5, 6] at time 3210
2025-04-28 06:13:33,558 asyncbase.py iterate [line:73] INFO Receive new models from clients [11, 3] at time 3211
2025-04-28 06:13:33,627 fedbase.py run [line:318] INFO --------------Round 205--------------
2025-04-28 06:13:33,628 simple_logger.py log_once [line:14] INFO Current_time:3211
2025-04-28 06:13:35,747 simple_logger.py log_once [line:28] INFO test_accuracy                 0.1135
2025-04-28 06:13:35,747 simple_logger.py log_once [line:28] INFO test_loss                     2.3010
2025-04-28 06:13:35,747 simple_logger.py log_once [line:28] INFO val_accuracy                  0.1167
2025-04-28 06:13:35,748 simple_logger.py log_once [line:28] INFO mean_val_accuracy             0.1167
2025-04-28 06:13:35,748 simple_logger.py log_once [line:28] INFO std_val_accuracy              0.0193
2025-04-28 06:13:35,748 simple_logger.py log_once [line:28] INFO val_loss                      2.3002
2025-04-28 06:13:35,748 simple_logger.py log_once [line:28] INFO mean_val_loss                 2.3002
2025-04-28 06:13:35,748 simple_logger.py log_once [line:28] INFO std_val_loss                  0.0024
2025-04-28 06:13:35,748 fedbase.py run [line:323] INFO expense           21473220.0
2025-04-28 06:13:35,748 fedbase.py run [line:324] INFO Eval Time Cost:               2.1203s
2025-04-28 06:13:35,748 asyncbase.py iterate [line:68] INFO Select clients [0, 1, 2, 3, 4, 5, 6, 7, 8, 9, 10, 11, 12, 13, 14, 15, 16, 17, 18, 19] at time 3212.
2025-04-28 06:15:04,502 asyncbase.py iterate [line:73] INFO Receive new models from clients [8, 13, 5] at time 3224
2025-04-28 06:15:04,502 asyncbase.py iterate [line:73] INFO Receive new models from clients [15, 14, 2, 17, 10, 12, 18, 4] at time 3225
2025-04-28 06:15:04,502 asyncbase.py iterate [line:73] INFO Receive new models from clients [0, 3, 19, 16, 11, 7, 9, 6, 1] at time 3226
2025-04-28 06:15:04,598 fedbase.py run [line:318] INFO --------------Round 206--------------
2025-04-28 06:15:04,598 simple_logger.py log_once [line:14] INFO Current_time:3226
2025-04-28 06:15:06,773 simple_logger.py log_once [line:28] INFO test_accuracy                 0.1135
2025-04-28 06:15:06,773 simple_logger.py log_once [line:28] INFO test_loss                     2.3010
2025-04-28 06:15:06,774 simple_logger.py log_once [line:28] INFO val_accuracy                  0.1167
2025-04-28 06:15:06,774 simple_logger.py log_once [line:28] INFO mean_val_accuracy             0.1167
2025-04-28 06:15:06,774 simple_logger.py log_once [line:28] INFO std_val_accuracy              0.0193
2025-04-28 06:15:06,774 simple_logger.py log_once [line:28] INFO val_loss                      2.3002
2025-04-28 06:15:06,774 simple_logger.py log_once [line:28] INFO mean_val_loss                 2.3002
2025-04-28 06:15:06,774 simple_logger.py log_once [line:28] INFO std_val_loss                  0.0024
2025-04-28 06:15:06,774 fedbase.py run [line:323] INFO expense           21497060.0
2025-04-28 06:15:06,774 fedbase.py run [line:324] INFO Eval Time Cost:               2.1760s
2025-04-28 06:15:06,774 asyncbase.py iterate [line:68] INFO Select clients [0, 1, 2, 3, 4, 5, 6, 7, 8, 9, 10, 11, 12, 13, 14, 15, 16, 17, 18, 19] at time 3227.
2025-04-28 06:16:32,672 asyncbase.py iterate [line:73] INFO Receive new models from clients [5] at time 3239
2025-04-28 06:16:32,672 asyncbase.py iterate [line:73] INFO Receive new models from clients [18, 3, 11, 8, 13, 2, 14, 15, 10, 7, 17] at time 3240
2025-04-28 06:16:32,672 asyncbase.py iterate [line:73] INFO Receive new models from clients [9, 4, 6, 16, 1] at time 3241
2025-04-28 06:16:32,673 asyncbase.py iterate [line:73] INFO Receive new models from clients [12, 19, 0] at time 3242
2025-04-28 06:16:32,751 fedbase.py run [line:318] INFO --------------Round 207--------------
2025-04-28 06:16:32,751 simple_logger.py log_once [line:14] INFO Current_time:3242
2025-04-28 06:16:34,938 simple_logger.py log_once [line:28] INFO test_accuracy                 0.1135
2025-04-28 06:16:34,938 simple_logger.py log_once [line:28] INFO test_loss                     2.3010
2025-04-28 06:16:34,938 simple_logger.py log_once [line:28] INFO val_accuracy                  0.1167
2025-04-28 06:16:34,938 simple_logger.py log_once [line:28] INFO mean_val_accuracy             0.1167
2025-04-28 06:16:34,938 simple_logger.py log_once [line:28] INFO std_val_accuracy              0.0193
2025-04-28 06:16:34,938 simple_logger.py log_once [line:28] INFO val_loss                      2.3002
2025-04-28 06:16:34,938 simple_logger.py log_once [line:28] INFO mean_val_loss                 2.3002
2025-04-28 06:16:34,939 simple_logger.py log_once [line:28] INFO std_val_loss                  0.0024
2025-04-28 06:16:34,939 fedbase.py run [line:323] INFO expense           21520900.0
2025-04-28 06:16:34,939 fedbase.py run [line:324] INFO Eval Time Cost:               2.1876s
2025-04-28 06:16:34,939 asyncbase.py iterate [line:68] INFO Select clients [0, 1, 2, 3, 4, 5, 6, 7, 8, 9, 10, 11, 12, 13, 14, 15, 16, 17, 18, 19] at time 3243.
2025-04-28 06:18:02,753 asyncbase.py iterate [line:73] INFO Receive new models from clients [7, 15, 11] at time 3255
2025-04-28 06:18:02,753 asyncbase.py iterate [line:73] INFO Receive new models from clients [10, 14, 18, 5, 9, 19, 16, 12, 2, 8, 13] at time 3256
2025-04-28 06:18:02,754 asyncbase.py iterate [line:73] INFO Receive new models from clients [4, 3, 0] at time 3257
2025-04-28 06:18:02,754 asyncbase.py iterate [line:73] INFO Receive new models from clients [1, 6, 17] at time 3258
2025-04-28 06:18:02,826 fedbase.py run [line:318] INFO --------------Round 208--------------
2025-04-28 06:18:02,826 simple_logger.py log_once [line:14] INFO Current_time:3258
2025-04-28 06:18:04,942 simple_logger.py log_once [line:28] INFO test_accuracy                 0.1135
2025-04-28 06:18:04,943 simple_logger.py log_once [line:28] INFO test_loss                     2.3010
2025-04-28 06:18:04,943 simple_logger.py log_once [line:28] INFO val_accuracy                  0.1167
2025-04-28 06:18:04,943 simple_logger.py log_once [line:28] INFO mean_val_accuracy             0.1167
2025-04-28 06:18:04,943 simple_logger.py log_once [line:28] INFO std_val_accuracy              0.0193
2025-04-28 06:18:04,943 simple_logger.py log_once [line:28] INFO val_loss                      2.3002
2025-04-28 06:18:04,943 simple_logger.py log_once [line:28] INFO mean_val_loss                 2.3002
2025-04-28 06:18:04,943 simple_logger.py log_once [line:28] INFO std_val_loss                  0.0024
2025-04-28 06:18:04,943 fedbase.py run [line:323] INFO expense           21544740.0
2025-04-28 06:18:04,943 fedbase.py run [line:324] INFO Eval Time Cost:               2.1173s
2025-04-28 06:18:04,943 asyncbase.py iterate [line:68] INFO Select clients [0, 1, 2, 3, 4, 5, 6, 7, 8, 9, 10, 11, 12, 13, 14, 15, 16, 17, 18, 19] at time 3259.
2025-04-28 06:19:28,048 asyncbase.py iterate [line:73] INFO Receive new models from clients [1, 12, 3, 11] at time 3271
2025-04-28 06:19:28,048 asyncbase.py iterate [line:73] INFO Receive new models from clients [6, 8, 2, 13, 5, 16, 19, 4, 17] at time 3272
2025-04-28 06:19:28,049 asyncbase.py iterate [line:73] INFO Receive new models from clients [18, 7, 10, 14, 0] at time 3273
2025-04-28 06:19:28,049 asyncbase.py iterate [line:73] INFO Receive new models from clients [15, 9] at time 3274
2025-04-28 06:19:28,127 fedbase.py run [line:318] INFO --------------Round 209--------------
2025-04-28 06:19:28,128 simple_logger.py log_once [line:14] INFO Current_time:3274
2025-04-28 06:19:30,340 simple_logger.py log_once [line:28] INFO test_accuracy                 0.1135
2025-04-28 06:19:30,340 simple_logger.py log_once [line:28] INFO test_loss                     2.3010
2025-04-28 06:19:30,341 simple_logger.py log_once [line:28] INFO val_accuracy                  0.1167
2025-04-28 06:19:30,341 simple_logger.py log_once [line:28] INFO mean_val_accuracy             0.1167
2025-04-28 06:19:30,341 simple_logger.py log_once [line:28] INFO std_val_accuracy              0.0193
2025-04-28 06:19:30,341 simple_logger.py log_once [line:28] INFO val_loss                      2.3002
2025-04-28 06:19:30,341 simple_logger.py log_once [line:28] INFO mean_val_loss                 2.3002
2025-04-28 06:19:30,341 simple_logger.py log_once [line:28] INFO std_val_loss                  0.0024
2025-04-28 06:19:30,341 fedbase.py run [line:323] INFO expense           21568580.0
2025-04-28 06:19:30,341 fedbase.py run [line:324] INFO Eval Time Cost:               2.2134s
2025-04-28 06:19:30,341 asyncbase.py iterate [line:68] INFO Select clients [0, 1, 2, 3, 4, 5, 6, 7, 8, 9, 10, 11, 12, 13, 14, 15, 16, 17, 18, 19] at time 3275.
2025-04-28 06:20:58,310 asyncbase.py iterate [line:73] INFO Receive new models from clients [6, 15, 10, 13, 0, 16, 7] at time 3288
2025-04-28 06:20:58,310 asyncbase.py iterate [line:73] INFO Receive new models from clients [12, 3, 11, 9, 4, 17, 5, 18, 1, 8] at time 3289
2025-04-28 06:20:58,311 asyncbase.py iterate [line:73] INFO Receive new models from clients [19, 14, 2] at time 3290
2025-04-28 06:20:58,391 fedbase.py run [line:318] INFO --------------Round 210--------------
2025-04-28 06:20:58,391 simple_logger.py log_once [line:14] INFO Current_time:3290
2025-04-28 06:21:00,588 simple_logger.py log_once [line:28] INFO test_accuracy                 0.1135
2025-04-28 06:21:00,588 simple_logger.py log_once [line:28] INFO test_loss                     2.3010
2025-04-28 06:21:00,588 simple_logger.py log_once [line:28] INFO val_accuracy                  0.1167
2025-04-28 06:21:00,588 simple_logger.py log_once [line:28] INFO mean_val_accuracy             0.1167
2025-04-28 06:21:00,588 simple_logger.py log_once [line:28] INFO std_val_accuracy              0.0193
2025-04-28 06:21:00,588 simple_logger.py log_once [line:28] INFO val_loss                      2.3002
2025-04-28 06:21:00,588 simple_logger.py log_once [line:28] INFO mean_val_loss                 2.3002
2025-04-28 06:21:00,588 simple_logger.py log_once [line:28] INFO std_val_loss                  0.0024
2025-04-28 06:21:00,589 fedbase.py run [line:323] INFO expense           21592420.0
2025-04-28 06:21:00,589 fedbase.py run [line:324] INFO Eval Time Cost:               2.1975s
2025-04-28 06:21:00,589 asyncbase.py iterate [line:68] INFO Select clients [0, 1, 2, 3, 4, 5, 6, 7, 8, 9, 10, 11, 12, 13, 14, 15, 16, 17, 18, 19] at time 3291.
2025-04-28 06:22:26,525 asyncbase.py iterate [line:73] INFO Receive new models from clients [17, 2] at time 3303
2025-04-28 06:22:26,525 asyncbase.py iterate [line:73] INFO Receive new models from clients [1, 5, 8, 10, 6, 11, 7, 12, 14, 4] at time 3304
2025-04-28 06:22:26,525 asyncbase.py iterate [line:73] INFO Receive new models from clients [19, 13, 18, 9, 3, 16, 0, 15] at time 3305
2025-04-28 06:22:26,598 fedbase.py run [line:318] INFO --------------Round 211--------------
2025-04-28 06:22:26,598 simple_logger.py log_once [line:14] INFO Current_time:3305
2025-04-28 06:22:28,734 simple_logger.py log_once [line:28] INFO test_accuracy                 0.1135
2025-04-28 06:22:28,734 simple_logger.py log_once [line:28] INFO test_loss                     2.3010
2025-04-28 06:22:28,734 simple_logger.py log_once [line:28] INFO val_accuracy                  0.1167
2025-04-28 06:22:28,735 simple_logger.py log_once [line:28] INFO mean_val_accuracy             0.1167
2025-04-28 06:22:28,735 simple_logger.py log_once [line:28] INFO std_val_accuracy              0.0193
2025-04-28 06:22:28,735 simple_logger.py log_once [line:28] INFO val_loss                      2.3002
2025-04-28 06:22:28,735 simple_logger.py log_once [line:28] INFO mean_val_loss                 2.3002
2025-04-28 06:22:28,735 simple_logger.py log_once [line:28] INFO std_val_loss                  0.0024
2025-04-28 06:22:28,735 fedbase.py run [line:323] INFO expense           21616260.0
2025-04-28 06:22:28,735 fedbase.py run [line:324] INFO Eval Time Cost:               2.1366s
2025-04-28 06:22:28,735 asyncbase.py iterate [line:68] INFO Select clients [0, 1, 2, 3, 4, 5, 6, 7, 8, 9, 10, 11, 12, 13, 14, 15, 16, 17, 18, 19] at time 3306.
2025-04-28 06:23:56,655 asyncbase.py iterate [line:73] INFO Receive new models from clients [9] at time 3318
2025-04-28 06:23:56,656 asyncbase.py iterate [line:73] INFO Receive new models from clients [8, 11, 5, 14, 4, 2, 12, 17, 19] at time 3319
2025-04-28 06:23:56,656 asyncbase.py iterate [line:73] INFO Receive new models from clients [0, 16, 7, 1, 15, 10] at time 3320
2025-04-28 06:23:56,657 asyncbase.py iterate [line:73] INFO Receive new models from clients [13, 18, 6, 3] at time 3321
2025-04-28 06:23:56,740 fedbase.py run [line:318] INFO --------------Round 212--------------
2025-04-28 06:23:56,740 simple_logger.py log_once [line:14] INFO Current_time:3321
2025-04-28 06:23:58,894 simple_logger.py log_once [line:28] INFO test_accuracy                 0.1135
2025-04-28 06:23:58,894 simple_logger.py log_once [line:28] INFO test_loss                     2.3010
2025-04-28 06:23:58,894 simple_logger.py log_once [line:28] INFO val_accuracy                  0.1167
2025-04-28 06:23:58,895 simple_logger.py log_once [line:28] INFO mean_val_accuracy             0.1167
2025-04-28 06:23:58,895 simple_logger.py log_once [line:28] INFO std_val_accuracy              0.0193
2025-04-28 06:23:58,895 simple_logger.py log_once [line:28] INFO val_loss                      2.3002
2025-04-28 06:23:58,895 simple_logger.py log_once [line:28] INFO mean_val_loss                 2.3002
2025-04-28 06:23:58,895 simple_logger.py log_once [line:28] INFO std_val_loss                  0.0024
2025-04-28 06:23:58,895 fedbase.py run [line:323] INFO expense           21640100.0
2025-04-28 06:23:58,895 fedbase.py run [line:324] INFO Eval Time Cost:               2.1547s
2025-04-28 06:23:58,895 asyncbase.py iterate [line:68] INFO Select clients [0, 1, 2, 3, 4, 5, 6, 7, 8, 9, 10, 11, 12, 13, 14, 15, 16, 17, 18, 19] at time 3322.
2025-04-28 06:25:28,016 asyncbase.py iterate [line:73] INFO Receive new models from clients [7, 10, 19, 17, 12, 11, 9, 16] at time 3335
2025-04-28 06:25:28,016 asyncbase.py iterate [line:73] INFO Receive new models from clients [15, 3, 8, 13, 1, 14, 2, 4] at time 3336
2025-04-28 06:25:28,016 asyncbase.py iterate [line:73] INFO Receive new models from clients [18, 5, 6, 0] at time 3337
2025-04-28 06:25:28,104 fedbase.py run [line:318] INFO --------------Round 213--------------
2025-04-28 06:25:28,104 simple_logger.py log_once [line:14] INFO Current_time:3337
2025-04-28 06:25:30,221 simple_logger.py log_once [line:28] INFO test_accuracy                 0.1135
2025-04-28 06:25:30,221 simple_logger.py log_once [line:28] INFO test_loss                     2.3010
2025-04-28 06:25:30,222 simple_logger.py log_once [line:28] INFO val_accuracy                  0.1167
2025-04-28 06:25:30,222 simple_logger.py log_once [line:28] INFO mean_val_accuracy             0.1167
2025-04-28 06:25:30,222 simple_logger.py log_once [line:28] INFO std_val_accuracy              0.0193
2025-04-28 06:25:30,222 simple_logger.py log_once [line:28] INFO val_loss                      2.3002
2025-04-28 06:25:30,222 simple_logger.py log_once [line:28] INFO mean_val_loss                 2.3002
2025-04-28 06:25:30,222 simple_logger.py log_once [line:28] INFO std_val_loss                  0.0024
2025-04-28 06:25:30,222 fedbase.py run [line:323] INFO expense           21663940.0
2025-04-28 06:25:30,222 fedbase.py run [line:324] INFO Eval Time Cost:               2.1177s
2025-04-28 06:25:30,222 asyncbase.py iterate [line:68] INFO Select clients [0, 1, 2, 3, 4, 5, 6, 7, 8, 9, 10, 11, 12, 13, 14, 15, 16, 17, 18, 19] at time 3338.
2025-04-28 06:26:56,739 asyncbase.py iterate [line:73] INFO Receive new models from clients [11, 10, 13] at time 3350
2025-04-28 06:26:56,740 asyncbase.py iterate [line:73] INFO Receive new models from clients [14, 17, 6, 0, 7, 8, 15, 16, 1] at time 3351
2025-04-28 06:26:56,740 asyncbase.py iterate [line:73] INFO Receive new models from clients [5, 2, 19, 9, 12, 18] at time 3352
2025-04-28 06:26:56,740 asyncbase.py iterate [line:73] INFO Receive new models from clients [3, 4] at time 3353
2025-04-28 06:26:56,809 fedbase.py run [line:318] INFO --------------Round 214--------------
2025-04-28 06:26:56,809 simple_logger.py log_once [line:14] INFO Current_time:3353
2025-04-28 06:26:58,968 simple_logger.py log_once [line:28] INFO test_accuracy                 0.1135
2025-04-28 06:26:58,968 simple_logger.py log_once [line:28] INFO test_loss                     2.3010
2025-04-28 06:26:58,968 simple_logger.py log_once [line:28] INFO val_accuracy                  0.1167
2025-04-28 06:26:58,968 simple_logger.py log_once [line:28] INFO mean_val_accuracy             0.1167
2025-04-28 06:26:58,968 simple_logger.py log_once [line:28] INFO std_val_accuracy              0.0193
2025-04-28 06:26:58,968 simple_logger.py log_once [line:28] INFO val_loss                      2.3002
2025-04-28 06:26:58,968 simple_logger.py log_once [line:28] INFO mean_val_loss                 2.3002
2025-04-28 06:26:58,968 simple_logger.py log_once [line:28] INFO std_val_loss                  0.0024
2025-04-28 06:26:58,968 fedbase.py run [line:323] INFO expense           21687780.0
2025-04-28 06:26:58,968 fedbase.py run [line:324] INFO Eval Time Cost:               2.1591s
2025-04-28 06:26:58,969 asyncbase.py iterate [line:68] INFO Select clients [0, 1, 2, 3, 4, 5, 6, 7, 8, 9, 10, 11, 12, 13, 14, 15, 16, 17, 18, 19] at time 3354.
2025-04-28 06:28:29,741 asyncbase.py iterate [line:73] INFO Receive new models from clients [4, 6] at time 3366
2025-04-28 06:28:29,741 asyncbase.py iterate [line:73] INFO Receive new models from clients [14, 19, 17, 5, 9, 1, 2, 15, 18, 8, 16] at time 3367
2025-04-28 06:28:29,741 asyncbase.py iterate [line:73] INFO Receive new models from clients [3, 13, 0] at time 3368
2025-04-28 06:28:29,741 asyncbase.py iterate [line:73] INFO Receive new models from clients [10, 12, 7, 11] at time 3369
2025-04-28 06:28:29,829 fedbase.py run [line:318] INFO --------------Round 215--------------
2025-04-28 06:28:29,829 simple_logger.py log_once [line:14] INFO Current_time:3369
2025-04-28 06:28:31,975 simple_logger.py log_once [line:28] INFO test_accuracy                 0.1135
2025-04-28 06:28:31,975 simple_logger.py log_once [line:28] INFO test_loss                     2.3010
2025-04-28 06:28:31,975 simple_logger.py log_once [line:28] INFO val_accuracy                  0.1167
2025-04-28 06:28:31,975 simple_logger.py log_once [line:28] INFO mean_val_accuracy             0.1167
2025-04-28 06:28:31,975 simple_logger.py log_once [line:28] INFO std_val_accuracy              0.0193
2025-04-28 06:28:31,975 simple_logger.py log_once [line:28] INFO val_loss                      2.3002
2025-04-28 06:28:31,975 simple_logger.py log_once [line:28] INFO mean_val_loss                 2.3002
2025-04-28 06:28:31,975 simple_logger.py log_once [line:28] INFO std_val_loss                  0.0024
2025-04-28 06:28:31,975 fedbase.py run [line:323] INFO expense           21711620.0
2025-04-28 06:28:31,975 fedbase.py run [line:324] INFO Eval Time Cost:               2.1461s
2025-04-28 06:28:31,975 asyncbase.py iterate [line:68] INFO Select clients [0, 1, 2, 3, 4, 5, 6, 7, 8, 9, 10, 11, 12, 13, 14, 15, 16, 17, 18, 19] at time 3370.
2025-04-28 06:29:59,823 asyncbase.py iterate [line:73] INFO Receive new models from clients [6, 16, 8] at time 3382
2025-04-28 06:29:59,824 asyncbase.py iterate [line:73] INFO Receive new models from clients [7, 13, 12, 11, 14, 9, 4] at time 3383
2025-04-28 06:29:59,824 asyncbase.py iterate [line:73] INFO Receive new models from clients [0, 1, 5, 3, 18, 10, 15] at time 3384
2025-04-28 06:29:59,824 asyncbase.py iterate [line:73] INFO Receive new models from clients [19, 17, 2] at time 3385
2025-04-28 06:29:59,884 fedbase.py run [line:318] INFO --------------Round 216--------------
2025-04-28 06:29:59,884 simple_logger.py log_once [line:14] INFO Current_time:3385
2025-04-28 06:30:02,032 simple_logger.py log_once [line:28] INFO test_accuracy                 0.1135
2025-04-28 06:30:02,032 simple_logger.py log_once [line:28] INFO test_loss                     2.3010
2025-04-28 06:30:02,032 simple_logger.py log_once [line:28] INFO val_accuracy                  0.1167
2025-04-28 06:30:02,032 simple_logger.py log_once [line:28] INFO mean_val_accuracy             0.1167
2025-04-28 06:30:02,032 simple_logger.py log_once [line:28] INFO std_val_accuracy              0.0193
2025-04-28 06:30:02,032 simple_logger.py log_once [line:28] INFO val_loss                      2.3002
2025-04-28 06:30:02,032 simple_logger.py log_once [line:28] INFO mean_val_loss                 2.3002
2025-04-28 06:30:02,032 simple_logger.py log_once [line:28] INFO std_val_loss                  0.0024
2025-04-28 06:30:02,032 fedbase.py run [line:323] INFO expense           21735460.0
2025-04-28 06:30:02,032 fedbase.py run [line:324] INFO Eval Time Cost:               2.1485s
2025-04-28 06:30:02,032 asyncbase.py iterate [line:68] INFO Select clients [0, 1, 2, 3, 4, 5, 6, 7, 8, 9, 10, 11, 12, 13, 14, 15, 16, 17, 18, 19] at time 3386.
2025-04-28 06:31:16,846 asyncbase.py iterate [line:73] INFO Receive new models from clients [7, 9, 5] at time 3398
2025-04-28 06:31:16,846 asyncbase.py iterate [line:73] INFO Receive new models from clients [14, 17, 1, 18, 0, 16, 3] at time 3399
2025-04-28 06:31:16,847 asyncbase.py iterate [line:73] INFO Receive new models from clients [13, 4, 6, 19, 12, 10, 11] at time 3400
2025-04-28 06:31:16,847 asyncbase.py iterate [line:73] INFO Receive new models from clients [2, 8, 15] at time 3401
2025-04-28 06:31:16,946 fedbase.py run [line:318] INFO --------------Round 217--------------
2025-04-28 06:31:16,946 simple_logger.py log_once [line:14] INFO Current_time:3401
2025-04-28 06:31:19,109 simple_logger.py log_once [line:28] INFO test_accuracy                 0.1135
2025-04-28 06:31:19,109 simple_logger.py log_once [line:28] INFO test_loss                     2.3010
2025-04-28 06:31:19,109 simple_logger.py log_once [line:28] INFO val_accuracy                  0.1167
2025-04-28 06:31:19,109 simple_logger.py log_once [line:28] INFO mean_val_accuracy             0.1167
2025-04-28 06:31:19,109 simple_logger.py log_once [line:28] INFO std_val_accuracy              0.0193
2025-04-28 06:31:19,109 simple_logger.py log_once [line:28] INFO val_loss                      2.3002
2025-04-28 06:31:19,110 simple_logger.py log_once [line:28] INFO mean_val_loss                 2.3002
2025-04-28 06:31:19,110 simple_logger.py log_once [line:28] INFO std_val_loss                  0.0024
2025-04-28 06:31:19,110 fedbase.py run [line:323] INFO expense           21759300.0
2025-04-28 06:31:19,110 fedbase.py run [line:324] INFO Eval Time Cost:               2.1634s
2025-04-28 06:31:19,110 asyncbase.py iterate [line:68] INFO Select clients [0, 1, 2, 3, 4, 5, 6, 7, 8, 9, 10, 11, 12, 13, 14, 15, 16, 17, 18, 19] at time 3402.
2025-04-28 06:32:45,871 asyncbase.py iterate [line:73] INFO Receive new models from clients [18, 6, 13, 19, 8] at time 3414
2025-04-28 06:32:45,871 asyncbase.py iterate [line:73] INFO Receive new models from clients [2, 3, 9, 16, 4, 15] at time 3415
2025-04-28 06:32:45,871 asyncbase.py iterate [line:73] INFO Receive new models from clients [11, 0, 7, 5, 17, 14, 12, 10, 1] at time 3416
2025-04-28 06:32:45,956 fedbase.py run [line:318] INFO --------------Round 218--------------
2025-04-28 06:32:45,956 simple_logger.py log_once [line:14] INFO Current_time:3416
2025-04-28 06:32:48,157 simple_logger.py log_once [line:28] INFO test_accuracy                 0.1135
2025-04-28 06:32:48,157 simple_logger.py log_once [line:28] INFO test_loss                     2.3010
2025-04-28 06:32:48,157 simple_logger.py log_once [line:28] INFO val_accuracy                  0.1167
2025-04-28 06:32:48,157 simple_logger.py log_once [line:28] INFO mean_val_accuracy             0.1167
2025-04-28 06:32:48,157 simple_logger.py log_once [line:28] INFO std_val_accuracy              0.0193
2025-04-28 06:32:48,157 simple_logger.py log_once [line:28] INFO val_loss                      2.3002
2025-04-28 06:32:48,157 simple_logger.py log_once [line:28] INFO mean_val_loss                 2.3002
2025-04-28 06:32:48,157 simple_logger.py log_once [line:28] INFO std_val_loss                  0.0024
2025-04-28 06:32:48,157 fedbase.py run [line:323] INFO expense           21783140.0
2025-04-28 06:32:48,157 fedbase.py run [line:324] INFO Eval Time Cost:               2.2015s
2025-04-28 06:32:48,157 asyncbase.py iterate [line:68] INFO Select clients [0, 1, 2, 3, 4, 5, 6, 7, 8, 9, 10, 11, 12, 13, 14, 15, 16, 17, 18, 19] at time 3417.
2025-04-28 06:34:13,364 asyncbase.py iterate [line:73] INFO Receive new models from clients [8] at time 3429
2025-04-28 06:34:13,364 asyncbase.py iterate [line:73] INFO Receive new models from clients [19, 17, 16, 4, 10, 9, 11, 0, 5, 2, 12] at time 3430
2025-04-28 06:34:13,365 asyncbase.py iterate [line:73] INFO Receive new models from clients [7, 6, 3, 15, 13, 1] at time 3431
2025-04-28 06:34:13,365 asyncbase.py iterate [line:73] INFO Receive new models from clients [18, 14] at time 3432
2025-04-28 06:34:13,425 fedbase.py run [line:318] INFO --------------Round 219--------------
2025-04-28 06:34:13,425 simple_logger.py log_once [line:14] INFO Current_time:3432
2025-04-28 06:34:15,533 simple_logger.py log_once [line:28] INFO test_accuracy                 0.1135
2025-04-28 06:34:15,533 simple_logger.py log_once [line:28] INFO test_loss                     2.3010
2025-04-28 06:34:15,533 simple_logger.py log_once [line:28] INFO val_accuracy                  0.1167
2025-04-28 06:34:15,533 simple_logger.py log_once [line:28] INFO mean_val_accuracy             0.1167
2025-04-28 06:34:15,533 simple_logger.py log_once [line:28] INFO std_val_accuracy              0.0193
2025-04-28 06:34:15,533 simple_logger.py log_once [line:28] INFO val_loss                      2.3002
2025-04-28 06:34:15,533 simple_logger.py log_once [line:28] INFO mean_val_loss                 2.3002
2025-04-28 06:34:15,533 simple_logger.py log_once [line:28] INFO std_val_loss                  0.0025
2025-04-28 06:34:15,533 fedbase.py run [line:323] INFO expense           21806980.0
2025-04-28 06:34:15,533 fedbase.py run [line:324] INFO Eval Time Cost:               2.1081s
2025-04-28 06:34:15,533 asyncbase.py iterate [line:68] INFO Select clients [0, 1, 2, 3, 4, 5, 6, 7, 8, 9, 10, 11, 12, 13, 14, 15, 16, 17, 18, 19] at time 3433.
2025-04-28 06:35:43,258 asyncbase.py iterate [line:73] INFO Receive new models from clients [12, 7, 4, 18, 3, 13, 17, 14, 16, 19] at time 3446
2025-04-28 06:35:43,259 asyncbase.py iterate [line:73] INFO Receive new models from clients [10, 2, 0, 8, 1, 9, 6, 15] at time 3447
2025-04-28 06:35:43,259 asyncbase.py iterate [line:73] INFO Receive new models from clients [5, 11] at time 3448
2025-04-28 06:35:43,340 fedbase.py run [line:318] INFO --------------Round 220--------------
2025-04-28 06:35:43,340 simple_logger.py log_once [line:14] INFO Current_time:3448
2025-04-28 06:35:45,473 simple_logger.py log_once [line:28] INFO test_accuracy                 0.1135
2025-04-28 06:35:45,473 simple_logger.py log_once [line:28] INFO test_loss                     2.3010
2025-04-28 06:35:45,473 simple_logger.py log_once [line:28] INFO val_accuracy                  0.1167
2025-04-28 06:35:45,473 simple_logger.py log_once [line:28] INFO mean_val_accuracy             0.1167
2025-04-28 06:35:45,473 simple_logger.py log_once [line:28] INFO std_val_accuracy              0.0193
2025-04-28 06:35:45,473 simple_logger.py log_once [line:28] INFO val_loss                      2.3002
2025-04-28 06:35:45,473 simple_logger.py log_once [line:28] INFO mean_val_loss                 2.3002
2025-04-28 06:35:45,473 simple_logger.py log_once [line:28] INFO std_val_loss                  0.0024
2025-04-28 06:35:45,473 fedbase.py run [line:323] INFO expense           21830820.0
2025-04-28 06:35:45,473 fedbase.py run [line:324] INFO Eval Time Cost:               2.1328s
2025-04-28 06:35:45,473 asyncbase.py iterate [line:68] INFO Select clients [0, 1, 2, 3, 4, 5, 6, 7, 8, 9, 10, 11, 12, 13, 14, 15, 16, 17, 18, 19] at time 3449.
2025-04-28 06:37:13,521 asyncbase.py iterate [line:73] INFO Receive new models from clients [6, 10, 12, 17, 19, 0, 2, 18, 14] at time 3462
2025-04-28 06:37:13,522 asyncbase.py iterate [line:73] INFO Receive new models from clients [4, 16, 8, 9, 13, 5, 3, 11, 1] at time 3463
2025-04-28 06:37:13,522 asyncbase.py iterate [line:73] INFO Receive new models from clients [15, 7] at time 3464
2025-04-28 06:37:13,581 fedbase.py run [line:318] INFO --------------Round 221--------------
2025-04-28 06:37:13,581 simple_logger.py log_once [line:14] INFO Current_time:3464
2025-04-28 06:37:15,740 simple_logger.py log_once [line:28] INFO test_accuracy                 0.1135
2025-04-28 06:37:15,740 simple_logger.py log_once [line:28] INFO test_loss                     2.3010
2025-04-28 06:37:15,740 simple_logger.py log_once [line:28] INFO val_accuracy                  0.1167
2025-04-28 06:37:15,740 simple_logger.py log_once [line:28] INFO mean_val_accuracy             0.1167
2025-04-28 06:37:15,740 simple_logger.py log_once [line:28] INFO std_val_accuracy              0.0193
2025-04-28 06:37:15,740 simple_logger.py log_once [line:28] INFO val_loss                      2.3002
2025-04-28 06:37:15,740 simple_logger.py log_once [line:28] INFO mean_val_loss                 2.3002
2025-04-28 06:37:15,740 simple_logger.py log_once [line:28] INFO std_val_loss                  0.0024
2025-04-28 06:37:15,740 fedbase.py run [line:323] INFO expense           21854660.0
2025-04-28 06:37:15,741 fedbase.py run [line:324] INFO Eval Time Cost:               2.1591s
2025-04-28 06:37:15,741 asyncbase.py iterate [line:68] INFO Select clients [0, 1, 2, 3, 4, 5, 6, 7, 8, 9, 10, 11, 12, 13, 14, 15, 16, 17, 18, 19] at time 3465.
2025-04-28 06:38:45,330 asyncbase.py iterate [line:73] INFO Receive new models from clients [11, 1] at time 3477
2025-04-28 06:38:45,330 asyncbase.py iterate [line:73] INFO Receive new models from clients [9, 2, 8, 13, 3, 16, 18, 6, 7, 19, 17, 5, 10] at time 3478
2025-04-28 06:38:45,330 asyncbase.py iterate [line:73] INFO Receive new models from clients [15] at time 3479
2025-04-28 06:38:45,330 asyncbase.py iterate [line:73] INFO Receive new models from clients [14, 0, 12, 4] at time 3480
2025-04-28 06:38:45,394 fedbase.py run [line:318] INFO --------------Round 222--------------
2025-04-28 06:38:45,394 simple_logger.py log_once [line:14] INFO Current_time:3480
2025-04-28 06:38:47,564 simple_logger.py log_once [line:28] INFO test_accuracy                 0.1135
2025-04-28 06:38:47,564 simple_logger.py log_once [line:28] INFO test_loss                     2.3010
2025-04-28 06:38:47,564 simple_logger.py log_once [line:28] INFO val_accuracy                  0.1167
2025-04-28 06:38:47,564 simple_logger.py log_once [line:28] INFO mean_val_accuracy             0.1167
2025-04-28 06:38:47,564 simple_logger.py log_once [line:28] INFO std_val_accuracy              0.0193
2025-04-28 06:38:47,564 simple_logger.py log_once [line:28] INFO val_loss                      2.3002
2025-04-28 06:38:47,564 simple_logger.py log_once [line:28] INFO mean_val_loss                 2.3002
2025-04-28 06:38:47,564 simple_logger.py log_once [line:28] INFO std_val_loss                  0.0024
2025-04-28 06:38:47,564 fedbase.py run [line:323] INFO expense           21878500.0
2025-04-28 06:38:47,564 fedbase.py run [line:324] INFO Eval Time Cost:               2.1706s
2025-04-28 06:38:47,564 asyncbase.py iterate [line:68] INFO Select clients [0, 1, 2, 3, 4, 5, 6, 7, 8, 9, 10, 11, 12, 13, 14, 15, 16, 17, 18, 19] at time 3481.
2025-04-28 06:40:14,954 asyncbase.py iterate [line:73] INFO Receive new models from clients [4, 13] at time 3493
2025-04-28 06:40:14,954 asyncbase.py iterate [line:73] INFO Receive new models from clients [8, 0, 5, 9, 10, 19, 15, 3, 7, 18] at time 3494
2025-04-28 06:40:14,954 asyncbase.py iterate [line:73] INFO Receive new models from clients [6, 14, 17, 11, 12, 16, 2] at time 3495
2025-04-28 06:40:14,954 asyncbase.py iterate [line:73] INFO Receive new models from clients [1] at time 3496
2025-04-28 06:40:15,022 fedbase.py run [line:318] INFO --------------Round 223--------------
2025-04-28 06:40:15,022 simple_logger.py log_once [line:14] INFO Current_time:3496
2025-04-28 06:40:17,176 simple_logger.py log_once [line:28] INFO test_accuracy                 0.1135
2025-04-28 06:40:17,176 simple_logger.py log_once [line:28] INFO test_loss                     2.3010
2025-04-28 06:40:17,176 simple_logger.py log_once [line:28] INFO val_accuracy                  0.1167
2025-04-28 06:40:17,176 simple_logger.py log_once [line:28] INFO mean_val_accuracy             0.1167
2025-04-28 06:40:17,176 simple_logger.py log_once [line:28] INFO std_val_accuracy              0.0193
2025-04-28 06:40:17,176 simple_logger.py log_once [line:28] INFO val_loss                      2.3002
2025-04-28 06:40:17,176 simple_logger.py log_once [line:28] INFO mean_val_loss                 2.3002
2025-04-28 06:40:17,177 simple_logger.py log_once [line:28] INFO std_val_loss                  0.0024
2025-04-28 06:40:17,177 fedbase.py run [line:323] INFO expense           21902340.0
2025-04-28 06:40:17,177 fedbase.py run [line:324] INFO Eval Time Cost:               2.1545s
2025-04-28 06:40:17,177 asyncbase.py iterate [line:68] INFO Select clients [0, 1, 2, 3, 4, 5, 6, 7, 8, 9, 10, 11, 12, 13, 14, 15, 16, 17, 18, 19] at time 3497.
2025-04-28 06:41:40,263 asyncbase.py iterate [line:73] INFO Receive new models from clients [9, 3] at time 3509
2025-04-28 06:41:40,263 asyncbase.py iterate [line:73] INFO Receive new models from clients [16, 15, 1, 0, 17, 13, 8, 10, 4] at time 3510
2025-04-28 06:41:40,264 asyncbase.py iterate [line:73] INFO Receive new models from clients [5, 14, 7, 18, 19, 11] at time 3511
2025-04-28 06:41:40,264 asyncbase.py iterate [line:73] INFO Receive new models from clients [12, 2, 6] at time 3512
2025-04-28 06:41:40,333 fedbase.py run [line:318] INFO --------------Round 224--------------
2025-04-28 06:41:40,333 simple_logger.py log_once [line:14] INFO Current_time:3512
2025-04-28 06:41:42,470 simple_logger.py log_once [line:28] INFO test_accuracy                 0.1135
2025-04-28 06:41:42,470 simple_logger.py log_once [line:28] INFO test_loss                     2.3010
2025-04-28 06:41:42,471 simple_logger.py log_once [line:28] INFO val_accuracy                  0.1167
2025-04-28 06:41:42,471 simple_logger.py log_once [line:28] INFO mean_val_accuracy             0.1167
2025-04-28 06:41:42,471 simple_logger.py log_once [line:28] INFO std_val_accuracy              0.0193
2025-04-28 06:41:42,471 simple_logger.py log_once [line:28] INFO val_loss                      2.3002
2025-04-28 06:41:42,471 simple_logger.py log_once [line:28] INFO mean_val_loss                 2.3002
2025-04-28 06:41:42,471 simple_logger.py log_once [line:28] INFO std_val_loss                  0.0024
2025-04-28 06:41:42,471 fedbase.py run [line:323] INFO expense           21926180.0
2025-04-28 06:41:42,471 fedbase.py run [line:324] INFO Eval Time Cost:               2.1378s
2025-04-28 06:41:42,471 asyncbase.py iterate [line:68] INFO Select clients [0, 1, 2, 3, 4, 5, 6, 7, 8, 9, 10, 11, 12, 13, 14, 15, 16, 17, 18, 19] at time 3513.
2025-04-28 06:43:11,985 asyncbase.py iterate [line:73] INFO Receive new models from clients [14, 18, 6, 1] at time 3525
2025-04-28 06:43:11,985 asyncbase.py iterate [line:73] INFO Receive new models from clients [10, 11, 7, 3, 0, 13, 16, 4, 2, 15] at time 3526
2025-04-28 06:43:11,985 asyncbase.py iterate [line:73] INFO Receive new models from clients [8, 17, 19, 5, 12] at time 3527
2025-04-28 06:43:11,986 asyncbase.py iterate [line:73] INFO Receive new models from clients [9] at time 3528
2025-04-28 06:43:12,067 fedbase.py run [line:318] INFO --------------Round 225--------------
2025-04-28 06:43:12,067 simple_logger.py log_once [line:14] INFO Current_time:3528
2025-04-28 06:43:14,226 simple_logger.py log_once [line:28] INFO test_accuracy                 0.1135
2025-04-28 06:43:14,226 simple_logger.py log_once [line:28] INFO test_loss                     2.3010
2025-04-28 06:43:14,226 simple_logger.py log_once [line:28] INFO val_accuracy                  0.1167
2025-04-28 06:43:14,226 simple_logger.py log_once [line:28] INFO mean_val_accuracy             0.1167
2025-04-28 06:43:14,226 simple_logger.py log_once [line:28] INFO std_val_accuracy              0.0193
2025-04-28 06:43:14,226 simple_logger.py log_once [line:28] INFO val_loss                      2.3002
2025-04-28 06:43:14,226 simple_logger.py log_once [line:28] INFO mean_val_loss                 2.3002
2025-04-28 06:43:14,226 simple_logger.py log_once [line:28] INFO std_val_loss                  0.0023
2025-04-28 06:43:14,226 fedbase.py run [line:323] INFO expense           21950020.0
2025-04-28 06:43:14,226 fedbase.py run [line:324] INFO Eval Time Cost:               2.1594s
2025-04-28 06:43:14,227 asyncbase.py iterate [line:68] INFO Select clients [0, 1, 2, 3, 4, 5, 6, 7, 8, 9, 10, 11, 12, 13, 14, 15, 16, 17, 18, 19] at time 3529.
2025-04-28 06:44:43,268 asyncbase.py iterate [line:73] INFO Receive new models from clients [13, 9, 3, 4] at time 3541
2025-04-28 06:44:43,268 asyncbase.py iterate [line:73] INFO Receive new models from clients [6, 1, 10, 2, 18, 15, 5, 16] at time 3542
2025-04-28 06:44:43,269 asyncbase.py iterate [line:73] INFO Receive new models from clients [14, 12, 17, 19, 7, 0] at time 3543
2025-04-28 06:44:43,269 asyncbase.py iterate [line:73] INFO Receive new models from clients [11, 8] at time 3544
2025-04-28 06:44:43,347 fedbase.py run [line:318] INFO --------------Round 226--------------
2025-04-28 06:44:43,347 simple_logger.py log_once [line:14] INFO Current_time:3544
2025-04-28 06:44:45,469 simple_logger.py log_once [line:28] INFO test_accuracy                 0.1135
2025-04-28 06:44:45,469 simple_logger.py log_once [line:28] INFO test_loss                     2.3010
2025-04-28 06:44:45,469 simple_logger.py log_once [line:28] INFO val_accuracy                  0.1167
2025-04-28 06:44:45,470 simple_logger.py log_once [line:28] INFO mean_val_accuracy             0.1167
2025-04-28 06:44:45,470 simple_logger.py log_once [line:28] INFO std_val_accuracy              0.0193
2025-04-28 06:44:45,470 simple_logger.py log_once [line:28] INFO val_loss                      2.3002
2025-04-28 06:44:45,470 simple_logger.py log_once [line:28] INFO mean_val_loss                 2.3002
2025-04-28 06:44:45,470 simple_logger.py log_once [line:28] INFO std_val_loss                  0.0024
2025-04-28 06:44:45,470 fedbase.py run [line:323] INFO expense           21973860.0
2025-04-28 06:44:45,470 fedbase.py run [line:324] INFO Eval Time Cost:               2.1229s
2025-04-28 06:44:45,470 asyncbase.py iterate [line:68] INFO Select clients [0, 1, 2, 3, 4, 5, 6, 7, 8, 9, 10, 11, 12, 13, 14, 15, 16, 17, 18, 19] at time 3545.
2025-04-28 06:46:13,816 asyncbase.py iterate [line:73] INFO Receive new models from clients [18] at time 3557
2025-04-28 06:46:13,816 asyncbase.py iterate [line:73] INFO Receive new models from clients [10, 4, 5, 17, 12, 11] at time 3558
2025-04-28 06:46:13,817 asyncbase.py iterate [line:73] INFO Receive new models from clients [15, 14, 19, 9, 1, 2, 8, 3, 7, 13, 0] at time 3559
2025-04-28 06:46:13,817 asyncbase.py iterate [line:73] INFO Receive new models from clients [6, 16] at time 3560
2025-04-28 06:46:13,886 fedbase.py run [line:318] INFO --------------Round 227--------------
2025-04-28 06:46:13,886 simple_logger.py log_once [line:14] INFO Current_time:3560
2025-04-28 06:46:16,060 simple_logger.py log_once [line:28] INFO test_accuracy                 0.1135
2025-04-28 06:46:16,060 simple_logger.py log_once [line:28] INFO test_loss                     2.3010
2025-04-28 06:46:16,060 simple_logger.py log_once [line:28] INFO val_accuracy                  0.1167
2025-04-28 06:46:16,060 simple_logger.py log_once [line:28] INFO mean_val_accuracy             0.1167
2025-04-28 06:46:16,060 simple_logger.py log_once [line:28] INFO std_val_accuracy              0.0193
2025-04-28 06:46:16,060 simple_logger.py log_once [line:28] INFO val_loss                      2.3002
2025-04-28 06:46:16,060 simple_logger.py log_once [line:28] INFO mean_val_loss                 2.3002
2025-04-28 06:46:16,060 simple_logger.py log_once [line:28] INFO std_val_loss                  0.0024
2025-04-28 06:46:16,060 fedbase.py run [line:323] INFO expense           21997700.0
2025-04-28 06:46:16,060 fedbase.py run [line:324] INFO Eval Time Cost:               2.1741s
2025-04-28 06:46:16,060 asyncbase.py iterate [line:68] INFO Select clients [0, 1, 2, 3, 4, 5, 6, 7, 8, 9, 10, 11, 12, 13, 14, 15, 16, 17, 18, 19] at time 3561.
2025-04-28 06:47:44,204 asyncbase.py iterate [line:73] INFO Receive new models from clients [15, 4, 12, 13, 6] at time 3573
2025-04-28 06:47:44,204 asyncbase.py iterate [line:73] INFO Receive new models from clients [14, 19, 17, 5, 18, 0, 7, 2] at time 3574
2025-04-28 06:47:44,205 asyncbase.py iterate [line:73] INFO Receive new models from clients [1, 3, 11, 9, 8] at time 3575
2025-04-28 06:47:44,205 asyncbase.py iterate [line:73] INFO Receive new models from clients [16, 10] at time 3576
2025-04-28 06:47:44,292 fedbase.py run [line:318] INFO --------------Round 228--------------
2025-04-28 06:47:44,292 simple_logger.py log_once [line:14] INFO Current_time:3576
2025-04-28 06:47:46,467 simple_logger.py log_once [line:28] INFO test_accuracy                 0.1135
2025-04-28 06:47:46,467 simple_logger.py log_once [line:28] INFO test_loss                     2.3010
2025-04-28 06:47:46,467 simple_logger.py log_once [line:28] INFO val_accuracy                  0.1167
2025-04-28 06:47:46,467 simple_logger.py log_once [line:28] INFO mean_val_accuracy             0.1167
2025-04-28 06:47:46,467 simple_logger.py log_once [line:28] INFO std_val_accuracy              0.0193
2025-04-28 06:47:46,467 simple_logger.py log_once [line:28] INFO val_loss                      2.3002
2025-04-28 06:47:46,468 simple_logger.py log_once [line:28] INFO mean_val_loss                 2.3002
2025-04-28 06:47:46,468 simple_logger.py log_once [line:28] INFO std_val_loss                  0.0025
2025-04-28 06:47:46,468 fedbase.py run [line:323] INFO expense           22021540.0
2025-04-28 06:47:46,468 fedbase.py run [line:324] INFO Eval Time Cost:               2.1757s
2025-04-28 06:47:46,468 asyncbase.py iterate [line:68] INFO Select clients [0, 1, 2, 3, 4, 5, 6, 7, 8, 9, 10, 11, 12, 13, 14, 15, 16, 17, 18, 19] at time 3577.
2025-04-28 06:49:14,498 asyncbase.py iterate [line:73] INFO Receive new models from clients [0, 15] at time 3589
2025-04-28 06:49:14,498 asyncbase.py iterate [line:73] INFO Receive new models from clients [18, 1, 3, 10, 19, 6, 16, 2] at time 3590
2025-04-28 06:49:14,499 asyncbase.py iterate [line:73] INFO Receive new models from clients [14, 17, 7, 5, 4, 13, 9, 8, 11] at time 3591
2025-04-28 06:49:14,499 asyncbase.py iterate [line:73] INFO Receive new models from clients [12] at time 3592
2025-04-28 06:49:14,577 fedbase.py run [line:318] INFO --------------Round 229--------------
2025-04-28 06:49:14,577 simple_logger.py log_once [line:14] INFO Current_time:3592
2025-04-28 06:49:16,755 simple_logger.py log_once [line:28] INFO test_accuracy                 0.1135
2025-04-28 06:49:16,755 simple_logger.py log_once [line:28] INFO test_loss                     2.3010
2025-04-28 06:49:16,755 simple_logger.py log_once [line:28] INFO val_accuracy                  0.1167
2025-04-28 06:49:16,755 simple_logger.py log_once [line:28] INFO mean_val_accuracy             0.1167
2025-04-28 06:49:16,755 simple_logger.py log_once [line:28] INFO std_val_accuracy              0.0193
2025-04-28 06:49:16,755 simple_logger.py log_once [line:28] INFO val_loss                      2.3002
2025-04-28 06:49:16,755 simple_logger.py log_once [line:28] INFO mean_val_loss                 2.3002
2025-04-28 06:49:16,755 simple_logger.py log_once [line:28] INFO std_val_loss                  0.0025
2025-04-28 06:49:16,755 fedbase.py run [line:323] INFO expense           22045380.0
2025-04-28 06:49:16,755 fedbase.py run [line:324] INFO Eval Time Cost:               2.1786s
2025-04-28 06:49:16,755 asyncbase.py iterate [line:68] INFO Select clients [0, 1, 2, 3, 4, 5, 6, 7, 8, 9, 10, 11, 12, 13, 14, 15, 16, 17, 18, 19] at time 3593.
2025-04-28 06:50:44,775 asyncbase.py iterate [line:73] INFO Receive new models from clients [12, 1, 2] at time 3605
2025-04-28 06:50:44,776 asyncbase.py iterate [line:73] INFO Receive new models from clients [0, 4, 11, 17, 5, 18, 15, 3, 9, 14] at time 3606
2025-04-28 06:50:44,776 asyncbase.py iterate [line:73] INFO Receive new models from clients [19, 8, 7, 13] at time 3607
2025-04-28 06:50:44,776 asyncbase.py iterate [line:73] INFO Receive new models from clients [10, 6, 16] at time 3608
2025-04-28 06:50:44,840 fedbase.py run [line:318] INFO --------------Round 230--------------
2025-04-28 06:50:44,841 simple_logger.py log_once [line:14] INFO Current_time:3608
2025-04-28 06:50:47,010 simple_logger.py log_once [line:28] INFO test_accuracy                 0.1135
2025-04-28 06:50:47,010 simple_logger.py log_once [line:28] INFO test_loss                     2.3010
2025-04-28 06:50:47,010 simple_logger.py log_once [line:28] INFO val_accuracy                  0.1167
2025-04-28 06:50:47,010 simple_logger.py log_once [line:28] INFO mean_val_accuracy             0.1167
2025-04-28 06:50:47,010 simple_logger.py log_once [line:28] INFO std_val_accuracy              0.0193
2025-04-28 06:50:47,010 simple_logger.py log_once [line:28] INFO val_loss                      2.3002
2025-04-28 06:50:47,010 simple_logger.py log_once [line:28] INFO mean_val_loss                 2.3002
2025-04-28 06:50:47,010 simple_logger.py log_once [line:28] INFO std_val_loss                  0.0024
2025-04-28 06:50:47,010 fedbase.py run [line:323] INFO expense           22069220.0
2025-04-28 06:50:47,010 fedbase.py run [line:324] INFO Eval Time Cost:               2.1697s
2025-04-28 06:50:47,010 asyncbase.py iterate [line:68] INFO Select clients [0, 1, 2, 3, 4, 5, 6, 7, 8, 9, 10, 11, 12, 13, 14, 15, 16, 17, 18, 19] at time 3609.
2025-04-28 06:52:15,490 asyncbase.py iterate [line:73] INFO Receive new models from clients [10, 18] at time 3621
2025-04-28 06:52:15,490 asyncbase.py iterate [line:73] INFO Receive new models from clients [9, 5, 6, 17, 2, 0, 15, 14, 1] at time 3622
2025-04-28 06:52:15,490 asyncbase.py iterate [line:73] INFO Receive new models from clients [12, 19, 11, 4, 13, 3] at time 3623
2025-04-28 06:52:15,491 asyncbase.py iterate [line:73] INFO Receive new models from clients [7, 8, 16] at time 3624
2025-04-28 06:52:15,553 fedbase.py run [line:318] INFO --------------Round 231--------------
2025-04-28 06:52:15,553 simple_logger.py log_once [line:14] INFO Current_time:3624
2025-04-28 06:52:17,715 simple_logger.py log_once [line:28] INFO test_accuracy                 0.1135
2025-04-28 06:52:17,715 simple_logger.py log_once [line:28] INFO test_loss                     2.3010
2025-04-28 06:52:17,715 simple_logger.py log_once [line:28] INFO val_accuracy                  0.1167
2025-04-28 06:52:17,715 simple_logger.py log_once [line:28] INFO mean_val_accuracy             0.1167
2025-04-28 06:52:17,715 simple_logger.py log_once [line:28] INFO std_val_accuracy              0.0193
2025-04-28 06:52:17,715 simple_logger.py log_once [line:28] INFO val_loss                      2.3002
2025-04-28 06:52:17,715 simple_logger.py log_once [line:28] INFO mean_val_loss                 2.3002
2025-04-28 06:52:17,715 simple_logger.py log_once [line:28] INFO std_val_loss                  0.0024
2025-04-28 06:52:17,715 fedbase.py run [line:323] INFO expense           22093060.0
2025-04-28 06:52:17,715 fedbase.py run [line:324] INFO Eval Time Cost:               2.1619s
2025-04-28 06:52:17,715 asyncbase.py iterate [line:68] INFO Select clients [0, 1, 2, 3, 4, 5, 6, 7, 8, 9, 10, 11, 12, 13, 14, 15, 16, 17, 18, 19] at time 3625.
2025-04-28 06:53:40,696 asyncbase.py iterate [line:73] INFO Receive new models from clients [3, 19, 7] at time 3637
2025-04-28 06:53:40,696 asyncbase.py iterate [line:73] INFO Receive new models from clients [15, 16, 17, 13, 5, 4, 9, 2] at time 3638
2025-04-28 06:53:40,696 asyncbase.py iterate [line:73] INFO Receive new models from clients [1, 10, 8, 6, 14, 18, 0] at time 3639
2025-04-28 06:53:40,697 asyncbase.py iterate [line:73] INFO Receive new models from clients [12, 11] at time 3640
2025-04-28 06:53:40,795 fedbase.py run [line:318] INFO --------------Round 232--------------
2025-04-28 06:53:40,796 simple_logger.py log_once [line:14] INFO Current_time:3640
2025-04-28 06:53:42,910 simple_logger.py log_once [line:28] INFO test_accuracy                 0.1135
2025-04-28 06:53:42,910 simple_logger.py log_once [line:28] INFO test_loss                     2.3010
2025-04-28 06:53:42,910 simple_logger.py log_once [line:28] INFO val_accuracy                  0.1167
2025-04-28 06:53:42,910 simple_logger.py log_once [line:28] INFO mean_val_accuracy             0.1167
2025-04-28 06:53:42,910 simple_logger.py log_once [line:28] INFO std_val_accuracy              0.0193
2025-04-28 06:53:42,910 simple_logger.py log_once [line:28] INFO val_loss                      2.3002
2025-04-28 06:53:42,911 simple_logger.py log_once [line:28] INFO mean_val_loss                 2.3002
2025-04-28 06:53:42,911 simple_logger.py log_once [line:28] INFO std_val_loss                  0.0024
2025-04-28 06:53:42,911 fedbase.py run [line:323] INFO expense           22116900.0
2025-04-28 06:53:42,911 fedbase.py run [line:324] INFO Eval Time Cost:               2.1151s
2025-04-28 06:53:42,911 asyncbase.py iterate [line:68] INFO Select clients [0, 1, 2, 3, 4, 5, 6, 7, 8, 9, 10, 11, 12, 13, 14, 15, 16, 17, 18, 19] at time 3641.
2025-04-28 06:55:04,755 asyncbase.py iterate [line:73] INFO Receive new models from clients [8, 0] at time 3653
2025-04-28 06:55:04,756 asyncbase.py iterate [line:73] INFO Receive new models from clients [18, 12, 16, 1, 9, 7, 19, 5, 2] at time 3654
2025-04-28 06:55:04,756 asyncbase.py iterate [line:73] INFO Receive new models from clients [15, 10, 6, 3, 11, 14, 13, 4] at time 3655
2025-04-28 06:55:04,756 asyncbase.py iterate [line:73] INFO Receive new models from clients [17] at time 3656
2025-04-28 06:55:04,829 fedbase.py run [line:318] INFO --------------Round 233--------------
2025-04-28 06:55:04,829 simple_logger.py log_once [line:14] INFO Current_time:3656
2025-04-28 06:55:07,017 simple_logger.py log_once [line:28] INFO test_accuracy                 0.1135
2025-04-28 06:55:07,017 simple_logger.py log_once [line:28] INFO test_loss                     2.3010
2025-04-28 06:55:07,017 simple_logger.py log_once [line:28] INFO val_accuracy                  0.1167
2025-04-28 06:55:07,017 simple_logger.py log_once [line:28] INFO mean_val_accuracy             0.1167
2025-04-28 06:55:07,017 simple_logger.py log_once [line:28] INFO std_val_accuracy              0.0193
2025-04-28 06:55:07,017 simple_logger.py log_once [line:28] INFO val_loss                      2.3002
2025-04-28 06:55:07,017 simple_logger.py log_once [line:28] INFO mean_val_loss                 2.3002
2025-04-28 06:55:07,017 simple_logger.py log_once [line:28] INFO std_val_loss                  0.0024
2025-04-28 06:55:07,017 fedbase.py run [line:323] INFO expense           22140740.0
2025-04-28 06:55:07,017 fedbase.py run [line:324] INFO Eval Time Cost:               2.1879s
2025-04-28 06:55:07,017 asyncbase.py iterate [line:68] INFO Select clients [0, 1, 2, 3, 4, 5, 6, 7, 8, 9, 10, 11, 12, 13, 14, 15, 16, 17, 18, 19] at time 3657.
2025-04-28 06:56:33,851 asyncbase.py iterate [line:73] INFO Receive new models from clients [13, 3, 16] at time 3669
2025-04-28 06:56:33,851 asyncbase.py iterate [line:73] INFO Receive new models from clients [17, 8, 10] at time 3670
2025-04-28 06:56:33,852 asyncbase.py iterate [line:73] INFO Receive new models from clients [6, 14, 4, 15, 11, 9, 0, 7, 5, 1, 19, 18] at time 3671
2025-04-28 06:56:33,852 asyncbase.py iterate [line:73] INFO Receive new models from clients [2, 12] at time 3672
2025-04-28 06:56:33,923 fedbase.py run [line:318] INFO --------------Round 234--------------
2025-04-28 06:56:33,923 simple_logger.py log_once [line:14] INFO Current_time:3672
2025-04-28 06:56:36,086 simple_logger.py log_once [line:28] INFO test_accuracy                 0.1135
2025-04-28 06:56:36,086 simple_logger.py log_once [line:28] INFO test_loss                     2.3010
2025-04-28 06:56:36,086 simple_logger.py log_once [line:28] INFO val_accuracy                  0.1167
2025-04-28 06:56:36,086 simple_logger.py log_once [line:28] INFO mean_val_accuracy             0.1167
2025-04-28 06:56:36,086 simple_logger.py log_once [line:28] INFO std_val_accuracy              0.0193
2025-04-28 06:56:36,086 simple_logger.py log_once [line:28] INFO val_loss                      2.3002
2025-04-28 06:56:36,086 simple_logger.py log_once [line:28] INFO mean_val_loss                 2.3002
2025-04-28 06:56:36,086 simple_logger.py log_once [line:28] INFO std_val_loss                  0.0024
2025-04-28 06:56:36,086 fedbase.py run [line:323] INFO expense           22164580.0
2025-04-28 06:56:36,087 fedbase.py run [line:324] INFO Eval Time Cost:               2.1634s
2025-04-28 06:56:36,087 asyncbase.py iterate [line:68] INFO Select clients [0, 1, 2, 3, 4, 5, 6, 7, 8, 9, 10, 11, 12, 13, 14, 15, 16, 17, 18, 19] at time 3673.
2025-04-28 06:58:03,817 asyncbase.py iterate [line:73] INFO Receive new models from clients [0, 1] at time 3685
2025-04-28 06:58:03,818 asyncbase.py iterate [line:73] INFO Receive new models from clients [8, 14, 12, 11, 17, 2, 4, 5, 19, 10, 9, 15] at time 3686
2025-04-28 06:58:03,818 asyncbase.py iterate [line:73] INFO Receive new models from clients [3, 13, 7] at time 3687
2025-04-28 06:58:03,818 asyncbase.py iterate [line:73] INFO Receive new models from clients [18, 16, 6] at time 3688
2025-04-28 06:58:03,899 fedbase.py run [line:318] INFO --------------Round 235--------------
2025-04-28 06:58:03,899 simple_logger.py log_once [line:14] INFO Current_time:3688
2025-04-28 06:58:06,091 simple_logger.py log_once [line:28] INFO test_accuracy                 0.1135
2025-04-28 06:58:06,091 simple_logger.py log_once [line:28] INFO test_loss                     2.3010
2025-04-28 06:58:06,091 simple_logger.py log_once [line:28] INFO val_accuracy                  0.1167
2025-04-28 06:58:06,091 simple_logger.py log_once [line:28] INFO mean_val_accuracy             0.1167
2025-04-28 06:58:06,091 simple_logger.py log_once [line:28] INFO std_val_accuracy              0.0193
2025-04-28 06:58:06,091 simple_logger.py log_once [line:28] INFO val_loss                      2.3002
2025-04-28 06:58:06,091 simple_logger.py log_once [line:28] INFO mean_val_loss                 2.3002
2025-04-28 06:58:06,091 simple_logger.py log_once [line:28] INFO std_val_loss                  0.0023
2025-04-28 06:58:06,091 fedbase.py run [line:323] INFO expense           22188420.0
2025-04-28 06:58:06,091 fedbase.py run [line:324] INFO Eval Time Cost:               2.1920s
2025-04-28 06:58:06,091 asyncbase.py iterate [line:68] INFO Select clients [0, 1, 2, 3, 4, 5, 6, 7, 8, 9, 10, 11, 12, 13, 14, 15, 16, 17, 18, 19] at time 3689.
2025-04-28 06:59:34,331 asyncbase.py iterate [line:73] INFO Receive new models from clients [17, 9] at time 3701
2025-04-28 06:59:34,331 asyncbase.py iterate [line:73] INFO Receive new models from clients [10, 11, 19, 15, 12, 8, 14, 7, 3, 4] at time 3702
2025-04-28 06:59:34,332 asyncbase.py iterate [line:73] INFO Receive new models from clients [6, 2, 0, 5, 1, 18, 16] at time 3703
2025-04-28 06:59:34,332 asyncbase.py iterate [line:73] INFO Receive new models from clients [13] at time 3704
2025-04-28 06:59:34,405 fedbase.py run [line:318] INFO --------------Round 236--------------
2025-04-28 06:59:34,405 simple_logger.py log_once [line:14] INFO Current_time:3704
2025-04-28 06:59:36,559 simple_logger.py log_once [line:28] INFO test_accuracy                 0.1135
2025-04-28 06:59:36,559 simple_logger.py log_once [line:28] INFO test_loss                     2.3010
2025-04-28 06:59:36,559 simple_logger.py log_once [line:28] INFO val_accuracy                  0.1167
2025-04-28 06:59:36,559 simple_logger.py log_once [line:28] INFO mean_val_accuracy             0.1167
2025-04-28 06:59:36,559 simple_logger.py log_once [line:28] INFO std_val_accuracy              0.0193
2025-04-28 06:59:36,559 simple_logger.py log_once [line:28] INFO val_loss                      2.3002
2025-04-28 06:59:36,559 simple_logger.py log_once [line:28] INFO mean_val_loss                 2.3002
2025-04-28 06:59:36,559 simple_logger.py log_once [line:28] INFO std_val_loss                  0.0024
2025-04-28 06:59:36,559 fedbase.py run [line:323] INFO expense           22212260.0
2025-04-28 06:59:36,560 fedbase.py run [line:324] INFO Eval Time Cost:               2.1541s
2025-04-28 06:59:36,560 asyncbase.py iterate [line:68] INFO Select clients [0, 1, 2, 3, 4, 5, 6, 7, 8, 9, 10, 11, 12, 13, 14, 15, 16, 17, 18, 19] at time 3705.
2025-04-28 07:01:05,062 asyncbase.py iterate [line:73] INFO Receive new models from clients [12, 2, 10] at time 3717
2025-04-28 07:01:05,062 asyncbase.py iterate [line:73] INFO Receive new models from clients [11, 5, 9, 16, 13, 0, 18, 6, 4, 1] at time 3718
2025-04-28 07:01:05,063 asyncbase.py iterate [line:73] INFO Receive new models from clients [8, 7, 17, 3] at time 3719
2025-04-28 07:01:05,063 asyncbase.py iterate [line:73] INFO Receive new models from clients [15, 14, 19] at time 3720
2025-04-28 07:01:05,145 fedbase.py run [line:318] INFO --------------Round 237--------------
2025-04-28 07:01:05,145 simple_logger.py log_once [line:14] INFO Current_time:3720
2025-04-28 07:01:07,261 simple_logger.py log_once [line:28] INFO test_accuracy                 0.1135
2025-04-28 07:01:07,261 simple_logger.py log_once [line:28] INFO test_loss                     2.3010
2025-04-28 07:01:07,261 simple_logger.py log_once [line:28] INFO val_accuracy                  0.1167
2025-04-28 07:01:07,261 simple_logger.py log_once [line:28] INFO mean_val_accuracy             0.1167
2025-04-28 07:01:07,261 simple_logger.py log_once [line:28] INFO std_val_accuracy              0.0193
2025-04-28 07:01:07,261 simple_logger.py log_once [line:28] INFO val_loss                      2.3002
2025-04-28 07:01:07,261 simple_logger.py log_once [line:28] INFO mean_val_loss                 2.3002
2025-04-28 07:01:07,261 simple_logger.py log_once [line:28] INFO std_val_loss                  0.0023
2025-04-28 07:01:07,261 fedbase.py run [line:323] INFO expense           22236100.0
2025-04-28 07:01:07,261 fedbase.py run [line:324] INFO Eval Time Cost:               2.1158s
2025-04-28 07:01:07,261 asyncbase.py iterate [line:68] INFO Select clients [0, 1, 2, 3, 4, 5, 6, 7, 8, 9, 10, 11, 12, 13, 14, 15, 16, 17, 18, 19] at time 3721.
2025-04-28 07:02:35,184 asyncbase.py iterate [line:73] INFO Receive new models from clients [17] at time 3733
2025-04-28 07:02:35,185 asyncbase.py iterate [line:73] INFO Receive new models from clients [12, 13, 7, 3, 8, 9, 6, 16, 1] at time 3734
2025-04-28 07:02:35,185 asyncbase.py iterate [line:73] INFO Receive new models from clients [11, 5, 14, 18, 2, 10, 4, 0, 15] at time 3735
2025-04-28 07:02:35,185 asyncbase.py iterate [line:73] INFO Receive new models from clients [19] at time 3736
2025-04-28 07:02:35,267 fedbase.py run [line:318] INFO --------------Round 238--------------
2025-04-28 07:02:35,268 simple_logger.py log_once [line:14] INFO Current_time:3736
2025-04-28 07:02:37,386 simple_logger.py log_once [line:28] INFO test_accuracy                 0.1135
2025-04-28 07:02:37,387 simple_logger.py log_once [line:28] INFO test_loss                     2.3010
2025-04-28 07:02:37,387 simple_logger.py log_once [line:28] INFO val_accuracy                  0.1167
2025-04-28 07:02:37,387 simple_logger.py log_once [line:28] INFO mean_val_accuracy             0.1167
2025-04-28 07:02:37,387 simple_logger.py log_once [line:28] INFO std_val_accuracy              0.0193
2025-04-28 07:02:37,387 simple_logger.py log_once [line:28] INFO val_loss                      2.3002
2025-04-28 07:02:37,387 simple_logger.py log_once [line:28] INFO mean_val_loss                 2.3002
2025-04-28 07:02:37,387 simple_logger.py log_once [line:28] INFO std_val_loss                  0.0023
2025-04-28 07:02:37,387 fedbase.py run [line:323] INFO expense           22259940.0
2025-04-28 07:02:37,387 fedbase.py run [line:324] INFO Eval Time Cost:               2.1194s
2025-04-28 07:02:37,387 asyncbase.py iterate [line:68] INFO Select clients [0, 1, 2, 3, 4, 5, 6, 7, 8, 9, 10, 11, 12, 13, 14, 15, 16, 17, 18, 19] at time 3737.
2025-04-28 07:04:06,701 asyncbase.py iterate [line:73] INFO Receive new models from clients [0, 2, 5] at time 3749
2025-04-28 07:04:06,701 asyncbase.py iterate [line:73] INFO Receive new models from clients [18, 14, 12, 19, 17, 3, 4, 11, 8] at time 3750
2025-04-28 07:04:06,701 asyncbase.py iterate [line:73] INFO Receive new models from clients [15, 9, 7, 16, 6, 10, 13] at time 3751
2025-04-28 07:04:06,702 asyncbase.py iterate [line:73] INFO Receive new models from clients [1] at time 3752
2025-04-28 07:04:06,792 fedbase.py run [line:318] INFO --------------Round 239--------------
2025-04-28 07:04:06,792 simple_logger.py log_once [line:14] INFO Current_time:3752
2025-04-28 07:04:08,922 simple_logger.py log_once [line:28] INFO test_accuracy                 0.1135
2025-04-28 07:04:08,922 simple_logger.py log_once [line:28] INFO test_loss                     2.3010
2025-04-28 07:04:08,922 simple_logger.py log_once [line:28] INFO val_accuracy                  0.1167
2025-04-28 07:04:08,922 simple_logger.py log_once [line:28] INFO mean_val_accuracy             0.1167
2025-04-28 07:04:08,922 simple_logger.py log_once [line:28] INFO std_val_accuracy              0.0193
2025-04-28 07:04:08,922 simple_logger.py log_once [line:28] INFO val_loss                      2.3002
2025-04-28 07:04:08,922 simple_logger.py log_once [line:28] INFO mean_val_loss                 2.3002
2025-04-28 07:04:08,922 simple_logger.py log_once [line:28] INFO std_val_loss                  0.0024
2025-04-28 07:04:08,922 fedbase.py run [line:323] INFO expense           22283780.0
2025-04-28 07:04:08,923 fedbase.py run [line:324] INFO Eval Time Cost:               2.1305s
2025-04-28 07:04:08,923 asyncbase.py iterate [line:68] INFO Select clients [0, 1, 2, 3, 4, 5, 6, 7, 8, 9, 10, 11, 12, 13, 14, 15, 16, 17, 18, 19] at time 3753.
2025-04-28 07:05:32,485 asyncbase.py iterate [line:73] INFO Receive new models from clients [17, 12, 2, 7, 6] at time 3765
2025-04-28 07:05:32,485 asyncbase.py iterate [line:73] INFO Receive new models from clients [3, 14, 13, 8, 4] at time 3766
2025-04-28 07:05:32,485 asyncbase.py iterate [line:73] INFO Receive new models from clients [18, 10, 0, 16, 9, 15, 1, 5] at time 3767
2025-04-28 07:05:32,485 asyncbase.py iterate [line:73] INFO Receive new models from clients [19, 11] at time 3768
2025-04-28 07:05:32,565 fedbase.py run [line:318] INFO --------------Round 240--------------
2025-04-28 07:05:32,566 simple_logger.py log_once [line:14] INFO Current_time:3768
2025-04-28 07:05:34,698 simple_logger.py log_once [line:28] INFO test_accuracy                 0.1135
2025-04-28 07:05:34,699 simple_logger.py log_once [line:28] INFO test_loss                     2.3010
2025-04-28 07:05:34,699 simple_logger.py log_once [line:28] INFO val_accuracy                  0.1167
2025-04-28 07:05:34,699 simple_logger.py log_once [line:28] INFO mean_val_accuracy             0.1167
2025-04-28 07:05:34,699 simple_logger.py log_once [line:28] INFO std_val_accuracy              0.0193
2025-04-28 07:05:34,699 simple_logger.py log_once [line:28] INFO val_loss                      2.3002
2025-04-28 07:05:34,699 simple_logger.py log_once [line:28] INFO mean_val_loss                 2.3002
2025-04-28 07:05:34,699 simple_logger.py log_once [line:28] INFO std_val_loss                  0.0023
2025-04-28 07:05:34,699 fedbase.py run [line:323] INFO expense           22307620.0
2025-04-28 07:05:34,699 fedbase.py run [line:324] INFO Eval Time Cost:               2.1336s
2025-04-28 07:05:34,699 asyncbase.py iterate [line:68] INFO Select clients [0, 1, 2, 3, 4, 5, 6, 7, 8, 9, 10, 11, 12, 13, 14, 15, 16, 17, 18, 19] at time 3769.
2025-04-28 07:07:01,257 asyncbase.py iterate [line:73] INFO Receive new models from clients [12, 19, 9] at time 3781
2025-04-28 07:07:01,258 asyncbase.py iterate [line:73] INFO Receive new models from clients [15, 13, 17, 14, 3, 11, 10, 5, 7, 4, 2, 18] at time 3782
2025-04-28 07:07:01,258 asyncbase.py iterate [line:73] INFO Receive new models from clients [0, 16, 8] at time 3783
2025-04-28 07:07:01,258 asyncbase.py iterate [line:73] INFO Receive new models from clients [6, 1] at time 3784
2025-04-28 07:07:01,339 fedbase.py run [line:318] INFO --------------Round 241--------------
2025-04-28 07:07:01,339 simple_logger.py log_once [line:14] INFO Current_time:3784
2025-04-28 07:07:03,482 simple_logger.py log_once [line:28] INFO test_accuracy                 0.1135
2025-04-28 07:07:03,482 simple_logger.py log_once [line:28] INFO test_loss                     2.3010
2025-04-28 07:07:03,482 simple_logger.py log_once [line:28] INFO val_accuracy                  0.1167
2025-04-28 07:07:03,482 simple_logger.py log_once [line:28] INFO mean_val_accuracy             0.1167
2025-04-28 07:07:03,482 simple_logger.py log_once [line:28] INFO std_val_accuracy              0.0193
2025-04-28 07:07:03,482 simple_logger.py log_once [line:28] INFO val_loss                      2.3002
2025-04-28 07:07:03,482 simple_logger.py log_once [line:28] INFO mean_val_loss                 2.3002
2025-04-28 07:07:03,482 simple_logger.py log_once [line:28] INFO std_val_loss                  0.0023
2025-04-28 07:07:03,482 fedbase.py run [line:323] INFO expense           22331460.0
2025-04-28 07:07:03,482 fedbase.py run [line:324] INFO Eval Time Cost:               2.1429s
2025-04-28 07:07:03,483 asyncbase.py iterate [line:68] INFO Select clients [0, 1, 2, 3, 4, 5, 6, 7, 8, 9, 10, 11, 12, 13, 14, 15, 16, 17, 18, 19] at time 3785.
2025-04-28 07:08:30,953 asyncbase.py iterate [line:73] INFO Receive new models from clients [8, 19, 16, 4] at time 3797
2025-04-28 07:08:30,953 asyncbase.py iterate [line:73] INFO Receive new models from clients [2, 11, 0, 15, 5, 3, 6] at time 3798
2025-04-28 07:08:30,954 asyncbase.py iterate [line:73] INFO Receive new models from clients [9, 14, 18, 13, 12] at time 3799
2025-04-28 07:08:30,954 asyncbase.py iterate [line:73] INFO Receive new models from clients [1, 7, 10, 17] at time 3800
2025-04-28 07:08:31,027 fedbase.py run [line:318] INFO --------------Round 242--------------
2025-04-28 07:08:31,027 simple_logger.py log_once [line:14] INFO Current_time:3800
2025-04-28 07:08:33,240 simple_logger.py log_once [line:28] INFO test_accuracy                 0.1135
2025-04-28 07:08:33,241 simple_logger.py log_once [line:28] INFO test_loss                     2.3010
2025-04-28 07:08:33,241 simple_logger.py log_once [line:28] INFO val_accuracy                  0.1167
2025-04-28 07:08:33,241 simple_logger.py log_once [line:28] INFO mean_val_accuracy             0.1167
2025-04-28 07:08:33,241 simple_logger.py log_once [line:28] INFO std_val_accuracy              0.0193
2025-04-28 07:08:33,241 simple_logger.py log_once [line:28] INFO val_loss                      2.3002
2025-04-28 07:08:33,241 simple_logger.py log_once [line:28] INFO mean_val_loss                 2.3002
2025-04-28 07:08:33,241 simple_logger.py log_once [line:28] INFO std_val_loss                  0.0024
2025-04-28 07:08:33,241 fedbase.py run [line:323] INFO expense           22355300.0
2025-04-28 07:08:33,241 fedbase.py run [line:324] INFO Eval Time Cost:               2.2135s
2025-04-28 07:08:33,241 asyncbase.py iterate [line:68] INFO Select clients [0, 1, 2, 3, 4, 5, 6, 7, 8, 9, 10, 11, 12, 13, 14, 15, 16, 17, 18, 19] at time 3801.
2025-04-28 07:10:03,058 asyncbase.py iterate [line:73] INFO Receive new models from clients [3, 13] at time 3813
2025-04-28 07:10:03,058 asyncbase.py iterate [line:73] INFO Receive new models from clients [14, 17, 9, 4, 12, 2, 19, 7, 5, 6] at time 3814
2025-04-28 07:10:03,058 asyncbase.py iterate [line:73] INFO Receive new models from clients [18, 1, 0, 11, 16, 10] at time 3815
2025-04-28 07:10:03,059 asyncbase.py iterate [line:73] INFO Receive new models from clients [15, 8] at time 3816
2025-04-28 07:10:03,144 fedbase.py run [line:318] INFO --------------Round 243--------------
2025-04-28 07:10:03,144 simple_logger.py log_once [line:14] INFO Current_time:3816
2025-04-28 07:10:05,294 simple_logger.py log_once [line:28] INFO test_accuracy                 0.1135
2025-04-28 07:10:05,294 simple_logger.py log_once [line:28] INFO test_loss                     2.3010
2025-04-28 07:10:05,294 simple_logger.py log_once [line:28] INFO val_accuracy                  0.1167
2025-04-28 07:10:05,294 simple_logger.py log_once [line:28] INFO mean_val_accuracy             0.1167
2025-04-28 07:10:05,294 simple_logger.py log_once [line:28] INFO std_val_accuracy              0.0193
2025-04-28 07:10:05,294 simple_logger.py log_once [line:28] INFO val_loss                      2.3002
2025-04-28 07:10:05,294 simple_logger.py log_once [line:28] INFO mean_val_loss                 2.3002
2025-04-28 07:10:05,294 simple_logger.py log_once [line:28] INFO std_val_loss                  0.0024
2025-04-28 07:10:05,295 fedbase.py run [line:323] INFO expense           22379140.0
2025-04-28 07:10:05,295 fedbase.py run [line:324] INFO Eval Time Cost:               2.1502s
2025-04-28 07:10:05,295 asyncbase.py iterate [line:68] INFO Select clients [0, 1, 2, 3, 4, 5, 6, 7, 8, 9, 10, 11, 12, 13, 14, 15, 16, 17, 18, 19] at time 3817.
2025-04-28 07:11:31,759 asyncbase.py iterate [line:73] INFO Receive new models from clients [3, 0] at time 3829
2025-04-28 07:11:31,759 asyncbase.py iterate [line:73] INFO Receive new models from clients [10, 9, 7, 19, 18, 6, 11] at time 3830
2025-04-28 07:11:31,759 asyncbase.py iterate [line:73] INFO Receive new models from clients [5, 16, 13, 12, 4, 14, 1, 2] at time 3831
2025-04-28 07:11:31,759 asyncbase.py iterate [line:73] INFO Receive new models from clients [17, 15, 8] at time 3832
2025-04-28 07:11:31,839 fedbase.py run [line:318] INFO --------------Round 244--------------
2025-04-28 07:11:31,839 simple_logger.py log_once [line:14] INFO Current_time:3832
2025-04-28 07:11:34,041 simple_logger.py log_once [line:28] INFO test_accuracy                 0.1135
2025-04-28 07:11:34,041 simple_logger.py log_once [line:28] INFO test_loss                     2.3010
2025-04-28 07:11:34,041 simple_logger.py log_once [line:28] INFO val_accuracy                  0.1167
2025-04-28 07:11:34,041 simple_logger.py log_once [line:28] INFO mean_val_accuracy             0.1167
2025-04-28 07:11:34,041 simple_logger.py log_once [line:28] INFO std_val_accuracy              0.0193
2025-04-28 07:11:34,042 simple_logger.py log_once [line:28] INFO val_loss                      2.3002
2025-04-28 07:11:34,042 simple_logger.py log_once [line:28] INFO mean_val_loss                 2.3002
2025-04-28 07:11:34,042 simple_logger.py log_once [line:28] INFO std_val_loss                  0.0024
2025-04-28 07:11:34,042 fedbase.py run [line:323] INFO expense           22402980.0
2025-04-28 07:11:34,042 fedbase.py run [line:324] INFO Eval Time Cost:               2.2025s
2025-04-28 07:11:34,042 asyncbase.py iterate [line:68] INFO Select clients [0, 1, 2, 3, 4, 5, 6, 7, 8, 9, 10, 11, 12, 13, 14, 15, 16, 17, 18, 19] at time 3833.
2025-04-28 07:13:00,540 asyncbase.py iterate [line:73] INFO Receive new models from clients [3, 13, 11] at time 3845
2025-04-28 07:13:00,541 asyncbase.py iterate [line:73] INFO Receive new models from clients [19, 7, 10, 8, 4, 0, 16, 6, 18, 5] at time 3846
2025-04-28 07:13:00,541 asyncbase.py iterate [line:73] INFO Receive new models from clients [14, 12, 2, 17, 9, 1, 15] at time 3847
2025-04-28 07:13:00,613 fedbase.py run [line:318] INFO --------------Round 245--------------
2025-04-28 07:13:00,613 simple_logger.py log_once [line:14] INFO Current_time:3847
2025-04-28 07:13:02,756 simple_logger.py log_once [line:28] INFO test_accuracy                 0.1135
2025-04-28 07:13:02,756 simple_logger.py log_once [line:28] INFO test_loss                     2.3010
2025-04-28 07:13:02,756 simple_logger.py log_once [line:28] INFO val_accuracy                  0.1167
2025-04-28 07:13:02,756 simple_logger.py log_once [line:28] INFO mean_val_accuracy             0.1167
2025-04-28 07:13:02,756 simple_logger.py log_once [line:28] INFO std_val_accuracy              0.0193
2025-04-28 07:13:02,757 simple_logger.py log_once [line:28] INFO val_loss                      2.3002
2025-04-28 07:13:02,757 simple_logger.py log_once [line:28] INFO mean_val_loss                 2.3002
2025-04-28 07:13:02,757 simple_logger.py log_once [line:28] INFO std_val_loss                  0.0024
2025-04-28 07:13:02,757 fedbase.py run [line:323] INFO expense           22426820.0
2025-04-28 07:13:02,757 fedbase.py run [line:324] INFO Eval Time Cost:               2.1434s
2025-04-28 07:13:02,757 asyncbase.py iterate [line:68] INFO Select clients [0, 1, 2, 3, 4, 5, 6, 7, 8, 9, 10, 11, 12, 13, 14, 15, 16, 17, 18, 19] at time 3848.
2025-04-28 07:14:32,946 asyncbase.py iterate [line:73] INFO Receive new models from clients [8] at time 3860
2025-04-28 07:14:32,946 asyncbase.py iterate [line:73] INFO Receive new models from clients [10, 7, 2, 18, 16, 12] at time 3861
2025-04-28 07:14:32,947 asyncbase.py iterate [line:73] INFO Receive new models from clients [15, 0, 4, 3, 11, 17, 9, 13] at time 3862
2025-04-28 07:14:32,947 asyncbase.py iterate [line:73] INFO Receive new models from clients [1, 5, 19, 6, 14] at time 3863
2025-04-28 07:14:33,030 fedbase.py run [line:318] INFO --------------Round 246--------------
2025-04-28 07:14:33,030 simple_logger.py log_once [line:14] INFO Current_time:3863
2025-04-28 07:14:35,429 simple_logger.py log_once [line:28] INFO test_accuracy                 0.1135
2025-04-28 07:14:35,429 simple_logger.py log_once [line:28] INFO test_loss                     2.3010
2025-04-28 07:14:35,430 simple_logger.py log_once [line:28] INFO val_accuracy                  0.1167
2025-04-28 07:14:35,430 simple_logger.py log_once [line:28] INFO mean_val_accuracy             0.1167
2025-04-28 07:14:35,430 simple_logger.py log_once [line:28] INFO std_val_accuracy              0.0193
2025-04-28 07:14:35,430 simple_logger.py log_once [line:28] INFO val_loss                      2.3002
2025-04-28 07:14:35,430 simple_logger.py log_once [line:28] INFO mean_val_loss                 2.3002
2025-04-28 07:14:35,430 simple_logger.py log_once [line:28] INFO std_val_loss                  0.0024
2025-04-28 07:14:35,430 fedbase.py run [line:323] INFO expense           22450660.0
2025-04-28 07:14:35,430 fedbase.py run [line:324] INFO Eval Time Cost:               2.4003s
2025-04-28 07:14:35,430 asyncbase.py iterate [line:68] INFO Select clients [0, 1, 2, 3, 4, 5, 6, 7, 8, 9, 10, 11, 12, 13, 14, 15, 16, 17, 18, 19] at time 3864.
2025-04-28 07:16:00,455 asyncbase.py iterate [line:73] INFO Receive new models from clients [8, 16, 10, 11, 15, 19, 13, 3, 17, 12, 6] at time 3877
2025-04-28 07:16:00,455 asyncbase.py iterate [line:73] INFO Receive new models from clients [7, 18, 2, 9, 4, 0, 14, 1] at time 3878
2025-04-28 07:16:00,455 asyncbase.py iterate [line:73] INFO Receive new models from clients [5] at time 3879
2025-04-28 07:16:00,529 fedbase.py run [line:318] INFO --------------Round 247--------------
2025-04-28 07:16:00,529 simple_logger.py log_once [line:14] INFO Current_time:3879
2025-04-28 07:16:02,770 simple_logger.py log_once [line:28] INFO test_accuracy                 0.1135
2025-04-28 07:16:02,770 simple_logger.py log_once [line:28] INFO test_loss                     2.3010
2025-04-28 07:16:02,770 simple_logger.py log_once [line:28] INFO val_accuracy                  0.1167
2025-04-28 07:16:02,770 simple_logger.py log_once [line:28] INFO mean_val_accuracy             0.1167
2025-04-28 07:16:02,770 simple_logger.py log_once [line:28] INFO std_val_accuracy              0.0193
2025-04-28 07:16:02,771 simple_logger.py log_once [line:28] INFO val_loss                      2.3002
2025-04-28 07:16:02,771 simple_logger.py log_once [line:28] INFO mean_val_loss                 2.3002
2025-04-28 07:16:02,771 simple_logger.py log_once [line:28] INFO std_val_loss                  0.0024
2025-04-28 07:16:02,771 fedbase.py run [line:323] INFO expense           22474500.0
2025-04-28 07:16:02,771 fedbase.py run [line:324] INFO Eval Time Cost:               2.2415s
2025-04-28 07:16:02,771 asyncbase.py iterate [line:68] INFO Select clients [0, 1, 2, 3, 4, 5, 6, 7, 8, 9, 10, 11, 12, 13, 14, 15, 16, 17, 18, 19] at time 3880.
2025-04-28 07:17:24,006 asyncbase.py iterate [line:73] INFO Receive new models from clients [7, 8, 12, 2] at time 3892
2025-04-28 07:17:24,006 asyncbase.py iterate [line:73] INFO Receive new models from clients [1, 5, 3, 16, 9, 6, 11, 4] at time 3893
2025-04-28 07:17:24,006 asyncbase.py iterate [line:73] INFO Receive new models from clients [10, 18, 15, 0, 14, 19] at time 3894
2025-04-28 07:17:24,006 asyncbase.py iterate [line:73] INFO Receive new models from clients [17, 13] at time 3895
2025-04-28 07:17:24,106 fedbase.py run [line:318] INFO --------------Round 248--------------
2025-04-28 07:17:24,106 simple_logger.py log_once [line:14] INFO Current_time:3895
2025-04-28 07:17:26,281 simple_logger.py log_once [line:28] INFO test_accuracy                 0.1135
2025-04-28 07:17:26,281 simple_logger.py log_once [line:28] INFO test_loss                     2.3010
2025-04-28 07:17:26,281 simple_logger.py log_once [line:28] INFO val_accuracy                  0.1167
2025-04-28 07:17:26,281 simple_logger.py log_once [line:28] INFO mean_val_accuracy             0.1167
2025-04-28 07:17:26,281 simple_logger.py log_once [line:28] INFO std_val_accuracy              0.0193
2025-04-28 07:17:26,281 simple_logger.py log_once [line:28] INFO val_loss                      2.3002
2025-04-28 07:17:26,281 simple_logger.py log_once [line:28] INFO mean_val_loss                 2.3002
2025-04-28 07:17:26,281 simple_logger.py log_once [line:28] INFO std_val_loss                  0.0024
2025-04-28 07:17:26,282 fedbase.py run [line:323] INFO expense           22498340.0
2025-04-28 07:17:26,282 fedbase.py run [line:324] INFO Eval Time Cost:               2.1754s
2025-04-28 07:17:26,282 asyncbase.py iterate [line:68] INFO Select clients [0, 1, 2, 3, 4, 5, 6, 7, 8, 9, 10, 11, 12, 13, 14, 15, 16, 17, 18, 19] at time 3896.
2025-04-28 07:18:56,018 asyncbase.py iterate [line:73] INFO Receive new models from clients [11, 7] at time 3908
2025-04-28 07:18:56,018 asyncbase.py iterate [line:73] INFO Receive new models from clients [4, 15, 9, 19, 17, 18, 8, 1] at time 3909
2025-04-28 07:18:56,018 asyncbase.py iterate [line:73] INFO Receive new models from clients [5, 0, 13, 2, 16, 12, 3, 14] at time 3910
2025-04-28 07:18:56,019 asyncbase.py iterate [line:73] INFO Receive new models from clients [6, 10] at time 3911
2025-04-28 07:18:56,102 fedbase.py run [line:318] INFO --------------Round 249--------------
2025-04-28 07:18:56,102 simple_logger.py log_once [line:14] INFO Current_time:3911
2025-04-28 07:18:58,269 simple_logger.py log_once [line:28] INFO test_accuracy                 0.1135
2025-04-28 07:18:58,269 simple_logger.py log_once [line:28] INFO test_loss                     2.3010
2025-04-28 07:18:58,269 simple_logger.py log_once [line:28] INFO val_accuracy                  0.1167
2025-04-28 07:18:58,269 simple_logger.py log_once [line:28] INFO mean_val_accuracy             0.1167
2025-04-28 07:18:58,269 simple_logger.py log_once [line:28] INFO std_val_accuracy              0.0193
2025-04-28 07:18:58,269 simple_logger.py log_once [line:28] INFO val_loss                      2.3002
2025-04-28 07:18:58,269 simple_logger.py log_once [line:28] INFO mean_val_loss                 2.3002
2025-04-28 07:18:58,269 simple_logger.py log_once [line:28] INFO std_val_loss                  0.0024
2025-04-28 07:18:58,269 fedbase.py run [line:323] INFO expense           22522180.0
2025-04-28 07:18:58,269 fedbase.py run [line:324] INFO Eval Time Cost:               2.1671s
2025-04-28 07:18:58,270 asyncbase.py iterate [line:68] INFO Select clients [0, 1, 2, 3, 4, 5, 6, 7, 8, 9, 10, 11, 12, 13, 14, 15, 16, 17, 18, 19] at time 3912.
2025-04-28 07:20:23,117 asyncbase.py iterate [line:73] INFO Receive new models from clients [5] at time 3924
2025-04-28 07:20:23,117 asyncbase.py iterate [line:73] INFO Receive new models from clients [7, 12, 9, 14, 11, 8, 0] at time 3925
2025-04-28 07:20:23,118 asyncbase.py iterate [line:73] INFO Receive new models from clients [13, 16, 4, 2, 6, 18, 17, 10, 15, 19, 3] at time 3926
2025-04-28 07:20:23,118 asyncbase.py iterate [line:73] INFO Receive new models from clients [1] at time 3927
2025-04-28 07:20:23,185 fedbase.py run [line:318] INFO --------------Round 250--------------
2025-04-28 07:20:23,185 simple_logger.py log_once [line:14] INFO Current_time:3927
2025-04-28 07:20:25,291 simple_logger.py log_once [line:28] INFO test_accuracy                 0.1135
2025-04-28 07:20:25,291 simple_logger.py log_once [line:28] INFO test_loss                     2.3010
2025-04-28 07:20:25,291 simple_logger.py log_once [line:28] INFO val_accuracy                  0.1167
2025-04-28 07:20:25,291 simple_logger.py log_once [line:28] INFO mean_val_accuracy             0.1167
2025-04-28 07:20:25,291 simple_logger.py log_once [line:28] INFO std_val_accuracy              0.0193
2025-04-28 07:20:25,291 simple_logger.py log_once [line:28] INFO val_loss                      2.3002
2025-04-28 07:20:25,292 simple_logger.py log_once [line:28] INFO mean_val_loss                 2.3002
2025-04-28 07:20:25,292 simple_logger.py log_once [line:28] INFO std_val_loss                  0.0024
2025-04-28 07:20:25,292 fedbase.py run [line:323] INFO expense           22546020.0
2025-04-28 07:20:25,292 fedbase.py run [line:324] INFO Eval Time Cost:               2.1069s
2025-04-28 07:20:25,292 asyncbase.py iterate [line:68] INFO Select clients [0, 1, 2, 3, 4, 5, 6, 7, 8, 9, 10, 11, 12, 13, 14, 15, 16, 17, 18, 19] at time 3928.
2025-04-28 07:21:54,153 asyncbase.py iterate [line:73] INFO Receive new models from clients [17, 4, 6, 8, 5] at time 3940
2025-04-28 07:21:54,154 asyncbase.py iterate [line:73] INFO Receive new models from clients [9, 0, 10, 1, 12, 14, 16] at time 3941
2025-04-28 07:21:54,154 asyncbase.py iterate [line:73] INFO Receive new models from clients [13, 7, 19, 2, 3, 11, 15, 18] at time 3942
2025-04-28 07:21:54,235 fedbase.py run [line:318] INFO --------------Round 251--------------
2025-04-28 07:21:54,236 simple_logger.py log_once [line:14] INFO Current_time:3942
2025-04-28 07:21:56,375 simple_logger.py log_once [line:28] INFO test_accuracy                 0.1135
2025-04-28 07:21:56,375 simple_logger.py log_once [line:28] INFO test_loss                     2.3010
2025-04-28 07:21:56,375 simple_logger.py log_once [line:28] INFO val_accuracy                  0.1167
2025-04-28 07:21:56,375 simple_logger.py log_once [line:28] INFO mean_val_accuracy             0.1167
2025-04-28 07:21:56,375 simple_logger.py log_once [line:28] INFO std_val_accuracy              0.0193
2025-04-28 07:21:56,375 simple_logger.py log_once [line:28] INFO val_loss                      2.3002
2025-04-28 07:21:56,375 simple_logger.py log_once [line:28] INFO mean_val_loss                 2.3002
2025-04-28 07:21:56,375 simple_logger.py log_once [line:28] INFO std_val_loss                  0.0025
2025-04-28 07:21:56,375 fedbase.py run [line:323] INFO expense           22569860.0
2025-04-28 07:21:56,375 fedbase.py run [line:324] INFO Eval Time Cost:               2.1396s
2025-04-28 07:21:56,375 asyncbase.py iterate [line:68] INFO Select clients [0, 1, 2, 3, 4, 5, 6, 7, 8, 9, 10, 11, 12, 13, 14, 15, 16, 17, 18, 19] at time 3943.
2025-04-28 07:23:21,877 asyncbase.py iterate [line:73] INFO Receive new models from clients [2, 6] at time 3955
2025-04-28 07:23:21,878 asyncbase.py iterate [line:73] INFO Receive new models from clients [0, 3, 15, 13, 1, 10, 14, 4, 17, 7] at time 3956
2025-04-28 07:23:21,878 asyncbase.py iterate [line:73] INFO Receive new models from clients [9, 18, 11, 16, 12, 5] at time 3957
2025-04-28 07:23:21,878 asyncbase.py iterate [line:73] INFO Receive new models from clients [8, 19] at time 3958
2025-04-28 07:23:21,968 fedbase.py run [line:318] INFO --------------Round 252--------------
2025-04-28 07:23:21,968 simple_logger.py log_once [line:14] INFO Current_time:3958
2025-04-28 07:23:24,129 simple_logger.py log_once [line:28] INFO test_accuracy                 0.1135
2025-04-28 07:23:24,129 simple_logger.py log_once [line:28] INFO test_loss                     2.3010
2025-04-28 07:23:24,129 simple_logger.py log_once [line:28] INFO val_accuracy                  0.1167
2025-04-28 07:23:24,129 simple_logger.py log_once [line:28] INFO mean_val_accuracy             0.1167
2025-04-28 07:23:24,129 simple_logger.py log_once [line:28] INFO std_val_accuracy              0.0193
2025-04-28 07:23:24,129 simple_logger.py log_once [line:28] INFO val_loss                      2.3002
2025-04-28 07:23:24,129 simple_logger.py log_once [line:28] INFO mean_val_loss                 2.3002
2025-04-28 07:23:24,129 simple_logger.py log_once [line:28] INFO std_val_loss                  0.0024
2025-04-28 07:23:24,129 fedbase.py run [line:323] INFO expense           22593700.0
2025-04-28 07:23:24,130 fedbase.py run [line:324] INFO Eval Time Cost:               2.1613s
2025-04-28 07:23:24,130 asyncbase.py iterate [line:68] INFO Select clients [0, 1, 2, 3, 4, 5, 6, 7, 8, 9, 10, 11, 12, 13, 14, 15, 16, 17, 18, 19] at time 3959.
2025-04-28 07:24:51,470 asyncbase.py iterate [line:73] INFO Receive new models from clients [13, 15] at time 3971
2025-04-28 07:24:51,471 asyncbase.py iterate [line:73] INFO Receive new models from clients [14, 18, 1, 10, 7, 8, 3, 6] at time 3972
2025-04-28 07:24:51,471 asyncbase.py iterate [line:73] INFO Receive new models from clients [17, 16, 4, 2, 12, 5, 0, 11, 9] at time 3973
2025-04-28 07:24:51,471 asyncbase.py iterate [line:73] INFO Receive new models from clients [19] at time 3974
2025-04-28 07:24:51,561 fedbase.py run [line:318] INFO --------------Round 253--------------
2025-04-28 07:24:51,562 simple_logger.py log_once [line:14] INFO Current_time:3974
2025-04-28 07:24:53,694 simple_logger.py log_once [line:28] INFO test_accuracy                 0.1135
2025-04-28 07:24:53,694 simple_logger.py log_once [line:28] INFO test_loss                     2.3010
2025-04-28 07:24:53,694 simple_logger.py log_once [line:28] INFO val_accuracy                  0.1167
2025-04-28 07:24:53,694 simple_logger.py log_once [line:28] INFO mean_val_accuracy             0.1167
2025-04-28 07:24:53,694 simple_logger.py log_once [line:28] INFO std_val_accuracy              0.0193
2025-04-28 07:24:53,694 simple_logger.py log_once [line:28] INFO val_loss                      2.3002
2025-04-28 07:24:53,694 simple_logger.py log_once [line:28] INFO mean_val_loss                 2.3002
2025-04-28 07:24:53,694 simple_logger.py log_once [line:28] INFO std_val_loss                  0.0024
2025-04-28 07:24:53,694 fedbase.py run [line:323] INFO expense           22617540.0
2025-04-28 07:24:53,694 fedbase.py run [line:324] INFO Eval Time Cost:               2.1328s
2025-04-28 07:24:53,694 asyncbase.py iterate [line:68] INFO Select clients [0, 1, 2, 3, 4, 5, 6, 7, 8, 9, 10, 11, 12, 13, 14, 15, 16, 17, 18, 19] at time 3975.
2025-04-28 07:26:22,113 asyncbase.py iterate [line:73] INFO Receive new models from clients [1, 2, 4] at time 3987
2025-04-28 07:26:22,113 asyncbase.py iterate [line:73] INFO Receive new models from clients [14, 15, 17, 12, 10] at time 3988
2025-04-28 07:26:22,113 asyncbase.py iterate [line:73] INFO Receive new models from clients [5, 8, 13, 3, 18, 7, 19, 6, 11, 9, 0, 16] at time 3989
2025-04-28 07:26:22,177 fedbase.py run [line:318] INFO --------------Round 254--------------
2025-04-28 07:26:22,177 simple_logger.py log_once [line:14] INFO Current_time:3989
2025-04-28 07:26:24,346 simple_logger.py log_once [line:28] INFO test_accuracy                 0.1135
2025-04-28 07:26:24,346 simple_logger.py log_once [line:28] INFO test_loss                     2.3010
2025-04-28 07:26:24,346 simple_logger.py log_once [line:28] INFO val_accuracy                  0.1167
2025-04-28 07:26:24,346 simple_logger.py log_once [line:28] INFO mean_val_accuracy             0.1167
2025-04-28 07:26:24,346 simple_logger.py log_once [line:28] INFO std_val_accuracy              0.0193
2025-04-28 07:26:24,346 simple_logger.py log_once [line:28] INFO val_loss                      2.3002
2025-04-28 07:26:24,346 simple_logger.py log_once [line:28] INFO mean_val_loss                 2.3002
2025-04-28 07:26:24,346 simple_logger.py log_once [line:28] INFO std_val_loss                  0.0025
2025-04-28 07:26:24,346 fedbase.py run [line:323] INFO expense           22641380.0
2025-04-28 07:26:24,347 fedbase.py run [line:324] INFO Eval Time Cost:               2.1696s
2025-04-28 07:26:24,347 asyncbase.py iterate [line:68] INFO Select clients [0, 1, 2, 3, 4, 5, 6, 7, 8, 9, 10, 11, 12, 13, 14, 15, 16, 17, 18, 19] at time 3990.
2025-04-28 07:27:53,332 asyncbase.py iterate [line:73] INFO Receive new models from clients [3, 10, 6] at time 4002
2025-04-28 07:27:53,332 asyncbase.py iterate [line:73] INFO Receive new models from clients [12, 17, 15, 0, 8, 4, 18, 1] at time 4003
2025-04-28 07:27:53,333 asyncbase.py iterate [line:73] INFO Receive new models from clients [19, 13, 5, 7, 2, 14, 16] at time 4004
2025-04-28 07:27:53,333 asyncbase.py iterate [line:73] INFO Receive new models from clients [11, 9] at time 4005
2025-04-28 07:27:53,397 fedbase.py run [line:318] INFO --------------Round 255--------------
2025-04-28 07:27:53,398 simple_logger.py log_once [line:14] INFO Current_time:4005
2025-04-28 07:27:55,507 simple_logger.py log_once [line:28] INFO test_accuracy                 0.1135
2025-04-28 07:27:55,507 simple_logger.py log_once [line:28] INFO test_loss                     2.3010
2025-04-28 07:27:55,507 simple_logger.py log_once [line:28] INFO val_accuracy                  0.1167
2025-04-28 07:27:55,507 simple_logger.py log_once [line:28] INFO mean_val_accuracy             0.1167
2025-04-28 07:27:55,507 simple_logger.py log_once [line:28] INFO std_val_accuracy              0.0193
2025-04-28 07:27:55,507 simple_logger.py log_once [line:28] INFO val_loss                      2.3002
2025-04-28 07:27:55,507 simple_logger.py log_once [line:28] INFO mean_val_loss                 2.3002
2025-04-28 07:27:55,507 simple_logger.py log_once [line:28] INFO std_val_loss                  0.0024
2025-04-28 07:27:55,508 fedbase.py run [line:323] INFO expense           22665220.0
2025-04-28 07:27:55,508 fedbase.py run [line:324] INFO Eval Time Cost:               2.1100s
2025-04-28 07:27:55,508 asyncbase.py iterate [line:68] INFO Select clients [0, 1, 2, 3, 4, 5, 6, 7, 8, 9, 10, 11, 12, 13, 14, 15, 16, 17, 18, 19] at time 4006.
2025-04-28 07:29:21,243 asyncbase.py iterate [line:73] INFO Receive new models from clients [12] at time 4018
2025-04-28 07:29:21,243 asyncbase.py iterate [line:73] INFO Receive new models from clients [4, 6, 8, 0, 5, 1, 14, 15] at time 4019
2025-04-28 07:29:21,244 asyncbase.py iterate [line:73] INFO Receive new models from clients [3, 17, 2, 11, 18, 10, 7, 9, 19] at time 4020
2025-04-28 07:29:21,244 asyncbase.py iterate [line:73] INFO Receive new models from clients [13, 16] at time 4021
2025-04-28 07:29:21,318 fedbase.py run [line:318] INFO --------------Round 256--------------
2025-04-28 07:29:21,319 simple_logger.py log_once [line:14] INFO Current_time:4021
2025-04-28 07:29:23,466 simple_logger.py log_once [line:28] INFO test_accuracy                 0.1135
2025-04-28 07:29:23,467 simple_logger.py log_once [line:28] INFO test_loss                     2.3010
2025-04-28 07:29:23,467 simple_logger.py log_once [line:28] INFO val_accuracy                  0.1167
2025-04-28 07:29:23,467 simple_logger.py log_once [line:28] INFO mean_val_accuracy             0.1167
2025-04-28 07:29:23,467 simple_logger.py log_once [line:28] INFO std_val_accuracy              0.0193
2025-04-28 07:29:23,467 simple_logger.py log_once [line:28] INFO val_loss                      2.3002
2025-04-28 07:29:23,467 simple_logger.py log_once [line:28] INFO mean_val_loss                 2.3002
2025-04-28 07:29:23,467 simple_logger.py log_once [line:28] INFO std_val_loss                  0.0024
2025-04-28 07:29:23,467 fedbase.py run [line:323] INFO expense           22689060.0
2025-04-28 07:29:23,467 fedbase.py run [line:324] INFO Eval Time Cost:               2.1484s
2025-04-28 07:29:23,467 asyncbase.py iterate [line:68] INFO Select clients [0, 1, 2, 3, 4, 5, 6, 7, 8, 9, 10, 11, 12, 13, 14, 15, 16, 17, 18, 19] at time 4022.
2025-04-28 07:30:51,572 asyncbase.py iterate [line:73] INFO Receive new models from clients [4] at time 4034
2025-04-28 07:30:51,573 asyncbase.py iterate [line:73] INFO Receive new models from clients [15, 1, 13, 7, 5, 0, 14, 6, 12, 10] at time 4035
2025-04-28 07:30:51,573 asyncbase.py iterate [line:73] INFO Receive new models from clients [3, 8, 16, 2, 17, 19, 11, 18] at time 4036
2025-04-28 07:30:51,573 asyncbase.py iterate [line:73] INFO Receive new models from clients [9] at time 4037
2025-04-28 07:30:51,651 fedbase.py run [line:318] INFO --------------Round 257--------------
2025-04-28 07:30:51,651 simple_logger.py log_once [line:14] INFO Current_time:4037
2025-04-28 07:30:53,837 simple_logger.py log_once [line:28] INFO test_accuracy                 0.1135
2025-04-28 07:30:53,837 simple_logger.py log_once [line:28] INFO test_loss                     2.3010
2025-04-28 07:30:53,837 simple_logger.py log_once [line:28] INFO val_accuracy                  0.1167
2025-04-28 07:30:53,837 simple_logger.py log_once [line:28] INFO mean_val_accuracy             0.1167
2025-04-28 07:30:53,837 simple_logger.py log_once [line:28] INFO std_val_accuracy              0.0193
2025-04-28 07:30:53,837 simple_logger.py log_once [line:28] INFO val_loss                      2.3002
2025-04-28 07:30:53,837 simple_logger.py log_once [line:28] INFO mean_val_loss                 2.3002
2025-04-28 07:30:53,838 simple_logger.py log_once [line:28] INFO std_val_loss                  0.0023
2025-04-28 07:30:53,838 fedbase.py run [line:323] INFO expense           22712900.0
2025-04-28 07:30:53,838 fedbase.py run [line:324] INFO Eval Time Cost:               2.1867s
2025-04-28 07:30:53,838 asyncbase.py iterate [line:68] INFO Select clients [0, 1, 2, 3, 4, 5, 6, 7, 8, 9, 10, 11, 12, 13, 14, 15, 16, 17, 18, 19] at time 4038.
2025-04-28 07:32:14,853 asyncbase.py iterate [line:73] INFO Receive new models from clients [8, 6, 16, 13, 3] at time 4050
2025-04-28 07:32:14,854 asyncbase.py iterate [line:73] INFO Receive new models from clients [9, 4, 1, 12, 7, 10, 0, 15] at time 4051
2025-04-28 07:32:14,854 asyncbase.py iterate [line:73] INFO Receive new models from clients [2, 17, 18, 14, 11, 19, 5] at time 4052
2025-04-28 07:32:14,923 fedbase.py run [line:318] INFO --------------Round 258--------------
2025-04-28 07:32:14,923 simple_logger.py log_once [line:14] INFO Current_time:4052
2025-04-28 07:32:17,063 simple_logger.py log_once [line:28] INFO test_accuracy                 0.1135
2025-04-28 07:32:17,064 simple_logger.py log_once [line:28] INFO test_loss                     2.3010
2025-04-28 07:32:17,064 simple_logger.py log_once [line:28] INFO val_accuracy                  0.1167
2025-04-28 07:32:17,064 simple_logger.py log_once [line:28] INFO mean_val_accuracy             0.1167
2025-04-28 07:32:17,064 simple_logger.py log_once [line:28] INFO std_val_accuracy              0.0193
2025-04-28 07:32:17,064 simple_logger.py log_once [line:28] INFO val_loss                      2.3002
2025-04-28 07:32:17,064 simple_logger.py log_once [line:28] INFO mean_val_loss                 2.3002
2025-04-28 07:32:17,064 simple_logger.py log_once [line:28] INFO std_val_loss                  0.0024
2025-04-28 07:32:17,064 fedbase.py run [line:323] INFO expense           22736740.0
2025-04-28 07:32:17,064 fedbase.py run [line:324] INFO Eval Time Cost:               2.1409s
2025-04-28 07:32:17,064 asyncbase.py iterate [line:68] INFO Select clients [0, 1, 2, 3, 4, 5, 6, 7, 8, 9, 10, 11, 12, 13, 14, 15, 16, 17, 18, 19] at time 4053.
2025-04-28 07:33:46,710 asyncbase.py iterate [line:73] INFO Receive new models from clients [7, 0, 8, 1] at time 4065
2025-04-28 07:33:46,710 asyncbase.py iterate [line:73] INFO Receive new models from clients [2, 15, 19, 18, 14, 9, 17] at time 4066
2025-04-28 07:33:46,710 asyncbase.py iterate [line:73] INFO Receive new models from clients [11, 12, 13, 16, 3, 4, 6, 10] at time 4067
2025-04-28 07:33:46,711 asyncbase.py iterate [line:73] INFO Receive new models from clients [5] at time 4068
2025-04-28 07:33:46,779 fedbase.py run [line:318] INFO --------------Round 259--------------
2025-04-28 07:33:46,779 simple_logger.py log_once [line:14] INFO Current_time:4068
2025-04-28 07:33:48,900 simple_logger.py log_once [line:28] INFO test_accuracy                 0.1135
2025-04-28 07:33:48,900 simple_logger.py log_once [line:28] INFO test_loss                     2.3010
2025-04-28 07:33:48,900 simple_logger.py log_once [line:28] INFO val_accuracy                  0.1167
2025-04-28 07:33:48,900 simple_logger.py log_once [line:28] INFO mean_val_accuracy             0.1167
2025-04-28 07:33:48,900 simple_logger.py log_once [line:28] INFO std_val_accuracy              0.0193
2025-04-28 07:33:48,901 simple_logger.py log_once [line:28] INFO val_loss                      2.3002
2025-04-28 07:33:48,901 simple_logger.py log_once [line:28] INFO mean_val_loss                 2.3002
2025-04-28 07:33:48,901 simple_logger.py log_once [line:28] INFO std_val_loss                  0.0024
2025-04-28 07:33:48,901 fedbase.py run [line:323] INFO expense           22760580.0
2025-04-28 07:33:48,901 fedbase.py run [line:324] INFO Eval Time Cost:               2.1220s
2025-04-28 07:33:48,901 asyncbase.py iterate [line:68] INFO Select clients [0, 1, 2, 3, 4, 5, 6, 7, 8, 9, 10, 11, 12, 13, 14, 15, 16, 17, 18, 19] at time 4069.
2025-04-28 07:35:16,960 asyncbase.py iterate [line:73] INFO Receive new models from clients [12, 11, 10] at time 4081
2025-04-28 07:35:16,961 asyncbase.py iterate [line:73] INFO Receive new models from clients [0, 6] at time 4082
2025-04-28 07:35:16,961 asyncbase.py iterate [line:73] INFO Receive new models from clients [14, 13, 19, 4, 16, 15, 8, 1, 17, 18, 2, 5, 7] at time 4083
2025-04-28 07:35:16,961 asyncbase.py iterate [line:73] INFO Receive new models from clients [3, 9] at time 4084
2025-04-28 07:35:17,040 fedbase.py run [line:318] INFO --------------Round 260--------------
2025-04-28 07:35:17,040 simple_logger.py log_once [line:14] INFO Current_time:4084
2025-04-28 07:35:19,206 simple_logger.py log_once [line:28] INFO test_accuracy                 0.1135
2025-04-28 07:35:19,206 simple_logger.py log_once [line:28] INFO test_loss                     2.3010
2025-04-28 07:35:19,206 simple_logger.py log_once [line:28] INFO val_accuracy                  0.1167
2025-04-28 07:35:19,206 simple_logger.py log_once [line:28] INFO mean_val_accuracy             0.1167
2025-04-28 07:35:19,206 simple_logger.py log_once [line:28] INFO std_val_accuracy              0.0193
2025-04-28 07:35:19,206 simple_logger.py log_once [line:28] INFO val_loss                      2.3002
2025-04-28 07:35:19,206 simple_logger.py log_once [line:28] INFO mean_val_loss                 2.3002
2025-04-28 07:35:19,206 simple_logger.py log_once [line:28] INFO std_val_loss                  0.0023
2025-04-28 07:35:19,206 fedbase.py run [line:323] INFO expense           22784420.0
2025-04-28 07:35:19,206 fedbase.py run [line:324] INFO Eval Time Cost:               2.1659s
2025-04-28 07:35:19,206 asyncbase.py iterate [line:68] INFO Select clients [0, 1, 2, 3, 4, 5, 6, 7, 8, 9, 10, 11, 12, 13, 14, 15, 16, 17, 18, 19] at time 4085.
2025-04-28 07:36:46,209 asyncbase.py iterate [line:73] INFO Receive new models from clients [9, 12] at time 4097
2025-04-28 07:36:46,210 asyncbase.py iterate [line:73] INFO Receive new models from clients [16, 2, 15, 18, 4, 14, 13, 10, 7, 17, 8] at time 4098
2025-04-28 07:36:46,210 asyncbase.py iterate [line:73] INFO Receive new models from clients [3, 0, 11, 1, 6, 5, 19] at time 4099
2025-04-28 07:36:46,284 fedbase.py run [line:318] INFO --------------Round 261--------------
2025-04-28 07:36:46,285 simple_logger.py log_once [line:14] INFO Current_time:4099
2025-04-28 07:36:48,409 simple_logger.py log_once [line:28] INFO test_accuracy                 0.1135
2025-04-28 07:36:48,409 simple_logger.py log_once [line:28] INFO test_loss                     2.3010
2025-04-28 07:36:48,409 simple_logger.py log_once [line:28] INFO val_accuracy                  0.1167
2025-04-28 07:36:48,409 simple_logger.py log_once [line:28] INFO mean_val_accuracy             0.1167
2025-04-28 07:36:48,409 simple_logger.py log_once [line:28] INFO std_val_accuracy              0.0193
2025-04-28 07:36:48,409 simple_logger.py log_once [line:28] INFO val_loss                      2.3002
2025-04-28 07:36:48,409 simple_logger.py log_once [line:28] INFO mean_val_loss                 2.3002
2025-04-28 07:36:48,409 simple_logger.py log_once [line:28] INFO std_val_loss                  0.0024
2025-04-28 07:36:48,409 fedbase.py run [line:323] INFO expense           22808260.0
2025-04-28 07:36:48,409 fedbase.py run [line:324] INFO Eval Time Cost:               2.1248s
2025-04-28 07:36:48,410 asyncbase.py iterate [line:68] INFO Select clients [0, 1, 2, 3, 4, 5, 6, 7, 8, 9, 10, 11, 12, 13, 14, 15, 16, 17, 18, 19] at time 4100.
2025-04-28 07:38:15,153 asyncbase.py iterate [line:73] INFO Receive new models from clients [12, 2, 10] at time 4112
2025-04-28 07:38:15,153 asyncbase.py iterate [line:73] INFO Receive new models from clients [16, 5, 11, 9, 15, 0, 14] at time 4113
2025-04-28 07:38:15,153 asyncbase.py iterate [line:73] INFO Receive new models from clients [4, 6, 1, 3, 8, 7, 19] at time 4114
2025-04-28 07:38:15,154 asyncbase.py iterate [line:73] INFO Receive new models from clients [13, 17, 18] at time 4115
2025-04-28 07:38:15,221 fedbase.py run [line:318] INFO --------------Round 262--------------
2025-04-28 07:38:15,221 simple_logger.py log_once [line:14] INFO Current_time:4115
2025-04-28 07:38:17,377 simple_logger.py log_once [line:28] INFO test_accuracy                 0.1135
2025-04-28 07:38:17,377 simple_logger.py log_once [line:28] INFO test_loss                     2.3010
2025-04-28 07:38:17,377 simple_logger.py log_once [line:28] INFO val_accuracy                  0.1167
2025-04-28 07:38:17,377 simple_logger.py log_once [line:28] INFO mean_val_accuracy             0.1167
2025-04-28 07:38:17,377 simple_logger.py log_once [line:28] INFO std_val_accuracy              0.0193
2025-04-28 07:38:17,377 simple_logger.py log_once [line:28] INFO val_loss                      2.3002
2025-04-28 07:38:17,377 simple_logger.py log_once [line:28] INFO mean_val_loss                 2.3002
2025-04-28 07:38:17,377 simple_logger.py log_once [line:28] INFO std_val_loss                  0.0024
2025-04-28 07:38:17,377 fedbase.py run [line:323] INFO expense           22832100.0
2025-04-28 07:38:17,377 fedbase.py run [line:324] INFO Eval Time Cost:               2.1560s
2025-04-28 07:38:17,377 asyncbase.py iterate [line:68] INFO Select clients [0, 1, 2, 3, 4, 5, 6, 7, 8, 9, 10, 11, 12, 13, 14, 15, 16, 17, 18, 19] at time 4116.
2025-04-28 07:39:45,590 asyncbase.py iterate [line:73] INFO Receive new models from clients [1, 4, 6, 15, 11, 13] at time 4129
2025-04-28 07:39:45,591 asyncbase.py iterate [line:73] INFO Receive new models from clients [18, 7, 16, 3, 12, 0, 14, 19] at time 4130
2025-04-28 07:39:45,591 asyncbase.py iterate [line:73] INFO Receive new models from clients [10, 5, 8, 9, 17, 2] at time 4131
2025-04-28 07:39:45,684 fedbase.py run [line:318] INFO --------------Round 263--------------
2025-04-28 07:39:45,684 simple_logger.py log_once [line:14] INFO Current_time:4131
2025-04-28 07:39:47,832 simple_logger.py log_once [line:28] INFO test_accuracy                 0.1135
2025-04-28 07:39:47,832 simple_logger.py log_once [line:28] INFO test_loss                     2.3010
2025-04-28 07:39:47,832 simple_logger.py log_once [line:28] INFO val_accuracy                  0.1167
2025-04-28 07:39:47,833 simple_logger.py log_once [line:28] INFO mean_val_accuracy             0.1167
2025-04-28 07:39:47,833 simple_logger.py log_once [line:28] INFO std_val_accuracy              0.0193
2025-04-28 07:39:47,833 simple_logger.py log_once [line:28] INFO val_loss                      2.3002
2025-04-28 07:39:47,833 simple_logger.py log_once [line:28] INFO mean_val_loss                 2.3002
2025-04-28 07:39:47,833 simple_logger.py log_once [line:28] INFO std_val_loss                  0.0024
2025-04-28 07:39:47,833 fedbase.py run [line:323] INFO expense           22855940.0
2025-04-28 07:39:47,833 fedbase.py run [line:324] INFO Eval Time Cost:               2.1485s
2025-04-28 07:39:47,833 asyncbase.py iterate [line:68] INFO Select clients [0, 1, 2, 3, 4, 5, 6, 7, 8, 9, 10, 11, 12, 13, 14, 15, 16, 17, 18, 19] at time 4132.
2025-04-28 07:41:17,634 asyncbase.py iterate [line:73] INFO Receive new models from clients [1, 6] at time 4144
2025-04-28 07:41:17,635 asyncbase.py iterate [line:73] INFO Receive new models from clients [17, 13, 12, 14, 0, 16] at time 4145
2025-04-28 07:41:17,635 asyncbase.py iterate [line:73] INFO Receive new models from clients [15, 7, 11, 2, 19, 9, 10, 18, 8, 5, 3, 4] at time 4146
2025-04-28 07:41:17,704 fedbase.py run [line:318] INFO --------------Round 264--------------
2025-04-28 07:41:17,704 simple_logger.py log_once [line:14] INFO Current_time:4146
2025-04-28 07:41:19,855 simple_logger.py log_once [line:28] INFO test_accuracy                 0.1135
2025-04-28 07:41:19,855 simple_logger.py log_once [line:28] INFO test_loss                     2.3010
2025-04-28 07:41:19,855 simple_logger.py log_once [line:28] INFO val_accuracy                  0.1167
2025-04-28 07:41:19,855 simple_logger.py log_once [line:28] INFO mean_val_accuracy             0.1167
2025-04-28 07:41:19,855 simple_logger.py log_once [line:28] INFO std_val_accuracy              0.0193
2025-04-28 07:41:19,855 simple_logger.py log_once [line:28] INFO val_loss                      2.3002
2025-04-28 07:41:19,856 simple_logger.py log_once [line:28] INFO mean_val_loss                 2.3002
2025-04-28 07:41:19,856 simple_logger.py log_once [line:28] INFO std_val_loss                  0.0024
2025-04-28 07:41:19,856 fedbase.py run [line:323] INFO expense           22879780.0
2025-04-28 07:41:19,856 fedbase.py run [line:324] INFO Eval Time Cost:               2.1515s
2025-04-28 07:41:19,856 asyncbase.py iterate [line:68] INFO Select clients [0, 1, 2, 3, 4, 5, 6, 7, 8, 9, 10, 11, 12, 13, 14, 15, 16, 17, 18, 19] at time 4147.
2025-04-28 07:42:46,376 asyncbase.py iterate [line:73] INFO Receive new models from clients [14, 17, 7, 8] at time 4159
2025-04-28 07:42:46,376 asyncbase.py iterate [line:73] INFO Receive new models from clients [5, 16, 15, 12, 10, 4] at time 4160
2025-04-28 07:42:46,377 asyncbase.py iterate [line:73] INFO Receive new models from clients [6, 1, 19, 18, 13] at time 4161
2025-04-28 07:42:46,377 asyncbase.py iterate [line:73] INFO Receive new models from clients [3, 0, 11, 2, 9] at time 4162
2025-04-28 07:42:46,462 fedbase.py run [line:318] INFO --------------Round 265--------------
2025-04-28 07:42:46,462 simple_logger.py log_once [line:14] INFO Current_time:4162
2025-04-28 07:42:48,604 simple_logger.py log_once [line:28] INFO test_accuracy                 0.1135
2025-04-28 07:42:48,604 simple_logger.py log_once [line:28] INFO test_loss                     2.3010
2025-04-28 07:42:48,604 simple_logger.py log_once [line:28] INFO val_accuracy                  0.1167
2025-04-28 07:42:48,604 simple_logger.py log_once [line:28] INFO mean_val_accuracy             0.1167
2025-04-28 07:42:48,604 simple_logger.py log_once [line:28] INFO std_val_accuracy              0.0193
2025-04-28 07:42:48,604 simple_logger.py log_once [line:28] INFO val_loss                      2.3002
2025-04-28 07:42:48,604 simple_logger.py log_once [line:28] INFO mean_val_loss                 2.3002
2025-04-28 07:42:48,604 simple_logger.py log_once [line:28] INFO std_val_loss                  0.0024
2025-04-28 07:42:48,604 fedbase.py run [line:323] INFO expense           22903620.0
2025-04-28 07:42:48,604 fedbase.py run [line:324] INFO Eval Time Cost:               2.1424s
2025-04-28 07:42:48,605 asyncbase.py iterate [line:68] INFO Select clients [0, 1, 2, 3, 4, 5, 6, 7, 8, 9, 10, 11, 12, 13, 14, 15, 16, 17, 18, 19] at time 4163.
2025-04-28 07:44:11,283 asyncbase.py iterate [line:73] INFO Receive new models from clients [9, 4, 8, 2, 17, 5, 11, 15, 16, 12] at time 4176
2025-04-28 07:44:11,283 asyncbase.py iterate [line:73] INFO Receive new models from clients [7, 6, 19, 10, 18, 1, 13, 3] at time 4177
2025-04-28 07:44:11,283 asyncbase.py iterate [line:73] INFO Receive new models from clients [0, 14] at time 4178
2025-04-28 07:44:11,364 fedbase.py run [line:318] INFO --------------Round 266--------------
2025-04-28 07:44:11,364 simple_logger.py log_once [line:14] INFO Current_time:4178
2025-04-28 07:44:13,486 simple_logger.py log_once [line:28] INFO test_accuracy                 0.1135
2025-04-28 07:44:13,486 simple_logger.py log_once [line:28] INFO test_loss                     2.3010
2025-04-28 07:44:13,486 simple_logger.py log_once [line:28] INFO val_accuracy                  0.1167
2025-04-28 07:44:13,486 simple_logger.py log_once [line:28] INFO mean_val_accuracy             0.1167
2025-04-28 07:44:13,486 simple_logger.py log_once [line:28] INFO std_val_accuracy              0.0193
2025-04-28 07:44:13,486 simple_logger.py log_once [line:28] INFO val_loss                      2.3002
2025-04-28 07:44:13,486 simple_logger.py log_once [line:28] INFO mean_val_loss                 2.3002
2025-04-28 07:44:13,486 simple_logger.py log_once [line:28] INFO std_val_loss                  0.0023
2025-04-28 07:44:13,486 fedbase.py run [line:323] INFO expense           22927460.0
2025-04-28 07:44:13,486 fedbase.py run [line:324] INFO Eval Time Cost:               2.1223s
2025-04-28 07:44:13,487 asyncbase.py iterate [line:68] INFO Select clients [0, 1, 2, 3, 4, 5, 6, 7, 8, 9, 10, 11, 12, 13, 14, 15, 16, 17, 18, 19] at time 4179.
2025-04-28 07:45:41,072 asyncbase.py iterate [line:73] INFO Receive new models from clients [6, 3, 13] at time 4191
2025-04-28 07:45:41,072 asyncbase.py iterate [line:73] INFO Receive new models from clients [11, 17, 5, 10, 8, 19, 16, 0] at time 4192
2025-04-28 07:45:41,072 asyncbase.py iterate [line:73] INFO Receive new models from clients [7, 12, 4, 2, 14, 9, 15] at time 4193
2025-04-28 07:45:41,072 asyncbase.py iterate [line:73] INFO Receive new models from clients [18, 1] at time 4194
2025-04-28 07:45:41,143 fedbase.py run [line:318] INFO --------------Round 267--------------
2025-04-28 07:45:41,143 simple_logger.py log_once [line:14] INFO Current_time:4194
2025-04-28 07:45:43,254 simple_logger.py log_once [line:28] INFO test_accuracy                 0.1135
2025-04-28 07:45:43,254 simple_logger.py log_once [line:28] INFO test_loss                     2.3010
2025-04-28 07:45:43,254 simple_logger.py log_once [line:28] INFO val_accuracy                  0.1167
2025-04-28 07:45:43,254 simple_logger.py log_once [line:28] INFO mean_val_accuracy             0.1167
2025-04-28 07:45:43,254 simple_logger.py log_once [line:28] INFO std_val_accuracy              0.0193
2025-04-28 07:45:43,254 simple_logger.py log_once [line:28] INFO val_loss                      2.3002
2025-04-28 07:45:43,254 simple_logger.py log_once [line:28] INFO mean_val_loss                 2.3002
2025-04-28 07:45:43,254 simple_logger.py log_once [line:28] INFO std_val_loss                  0.0023
2025-04-28 07:45:43,254 fedbase.py run [line:323] INFO expense           22951300.0
2025-04-28 07:45:43,254 fedbase.py run [line:324] INFO Eval Time Cost:               2.1113s
2025-04-28 07:45:43,254 asyncbase.py iterate [line:68] INFO Select clients [0, 1, 2, 3, 4, 5, 6, 7, 8, 9, 10, 11, 12, 13, 14, 15, 16, 17, 18, 19] at time 4195.
2025-04-28 07:47:11,847 asyncbase.py iterate [line:73] INFO Receive new models from clients [19, 9, 2, 16] at time 4207
2025-04-28 07:47:11,847 asyncbase.py iterate [line:73] INFO Receive new models from clients [14, 17, 18, 10, 13, 0, 4, 5, 15] at time 4208
2025-04-28 07:47:11,848 asyncbase.py iterate [line:73] INFO Receive new models from clients [3, 8, 12, 7] at time 4209
2025-04-28 07:47:11,848 asyncbase.py iterate [line:73] INFO Receive new models from clients [11, 1, 6] at time 4210
2025-04-28 07:47:11,926 fedbase.py run [line:318] INFO --------------Round 268--------------
2025-04-28 07:47:11,927 simple_logger.py log_once [line:14] INFO Current_time:4210
2025-04-28 07:47:14,086 simple_logger.py log_once [line:28] INFO test_accuracy                 0.1135
2025-04-28 07:47:14,086 simple_logger.py log_once [line:28] INFO test_loss                     2.3010
2025-04-28 07:47:14,086 simple_logger.py log_once [line:28] INFO val_accuracy                  0.1167
2025-04-28 07:47:14,086 simple_logger.py log_once [line:28] INFO mean_val_accuracy             0.1167
2025-04-28 07:47:14,086 simple_logger.py log_once [line:28] INFO std_val_accuracy              0.0193
2025-04-28 07:47:14,086 simple_logger.py log_once [line:28] INFO val_loss                      2.3002
2025-04-28 07:47:14,086 simple_logger.py log_once [line:28] INFO mean_val_loss                 2.3002
2025-04-28 07:47:14,086 simple_logger.py log_once [line:28] INFO std_val_loss                  0.0024
2025-04-28 07:47:14,086 fedbase.py run [line:323] INFO expense           22975140.0
2025-04-28 07:47:14,086 fedbase.py run [line:324] INFO Eval Time Cost:               2.1598s
2025-04-28 07:47:14,086 asyncbase.py iterate [line:68] INFO Select clients [0, 1, 2, 3, 4, 5, 6, 7, 8, 9, 10, 11, 12, 13, 14, 15, 16, 17, 18, 19] at time 4211.
2025-04-28 07:48:37,528 asyncbase.py iterate [line:73] INFO Receive new models from clients [12, 19, 13, 6, 11, 4, 17] at time 4223
2025-04-28 07:48:37,529 asyncbase.py iterate [line:73] INFO Receive new models from clients [2, 5, 18, 16, 14, 10, 9] at time 4224
2025-04-28 07:48:37,529 asyncbase.py iterate [line:73] INFO Receive new models from clients [3, 8, 0, 7] at time 4225
2025-04-28 07:48:37,529 asyncbase.py iterate [line:73] INFO Receive new models from clients [1, 15] at time 4226
2025-04-28 07:48:37,593 fedbase.py run [line:318] INFO --------------Round 269--------------
2025-04-28 07:48:37,594 simple_logger.py log_once [line:14] INFO Current_time:4226
2025-04-28 07:48:39,846 simple_logger.py log_once [line:28] INFO test_accuracy                 0.1135
2025-04-28 07:48:39,846 simple_logger.py log_once [line:28] INFO test_loss                     2.3010
2025-04-28 07:48:39,847 simple_logger.py log_once [line:28] INFO val_accuracy                  0.1167
2025-04-28 07:48:39,847 simple_logger.py log_once [line:28] INFO mean_val_accuracy             0.1167
2025-04-28 07:48:39,847 simple_logger.py log_once [line:28] INFO std_val_accuracy              0.0193
2025-04-28 07:48:39,847 simple_logger.py log_once [line:28] INFO val_loss                      2.3002
2025-04-28 07:48:39,847 simple_logger.py log_once [line:28] INFO mean_val_loss                 2.3002
2025-04-28 07:48:39,847 simple_logger.py log_once [line:28] INFO std_val_loss                  0.0024
2025-04-28 07:48:39,847 fedbase.py run [line:323] INFO expense           22998980.0
2025-04-28 07:48:39,847 fedbase.py run [line:324] INFO Eval Time Cost:               2.2534s
2025-04-28 07:48:39,847 asyncbase.py iterate [line:68] INFO Select clients [0, 1, 2, 3, 4, 5, 6, 7, 8, 9, 10, 11, 12, 13, 14, 15, 16, 17, 18, 19] at time 4227.
2025-04-28 07:50:06,591 asyncbase.py iterate [line:73] INFO Receive new models from clients [4, 0] at time 4239
2025-04-28 07:50:06,591 asyncbase.py iterate [line:73] INFO Receive new models from clients [16, 18, 1, 9, 7, 10, 8, 5, 14] at time 4240
2025-04-28 07:50:06,592 asyncbase.py iterate [line:73] INFO Receive new models from clients [6, 12, 2, 13, 3, 11, 15, 17] at time 4241
2025-04-28 07:50:06,592 asyncbase.py iterate [line:73] INFO Receive new models from clients [19] at time 4242
2025-04-28 07:50:06,678 fedbase.py run [line:318] INFO --------------Round 270--------------
2025-04-28 07:50:06,678 simple_logger.py log_once [line:14] INFO Current_time:4242
2025-04-28 07:50:08,886 simple_logger.py log_once [line:28] INFO test_accuracy                 0.1135
2025-04-28 07:50:08,886 simple_logger.py log_once [line:28] INFO test_loss                     2.3010
2025-04-28 07:50:08,886 simple_logger.py log_once [line:28] INFO val_accuracy                  0.1167
2025-04-28 07:50:08,887 simple_logger.py log_once [line:28] INFO mean_val_accuracy             0.1167
2025-04-28 07:50:08,887 simple_logger.py log_once [line:28] INFO std_val_accuracy              0.0193
2025-04-28 07:50:08,887 simple_logger.py log_once [line:28] INFO val_loss                      2.3002
2025-04-28 07:50:08,887 simple_logger.py log_once [line:28] INFO mean_val_loss                 2.3002
2025-04-28 07:50:08,887 simple_logger.py log_once [line:28] INFO std_val_loss                  0.0023
2025-04-28 07:50:08,887 fedbase.py run [line:323] INFO expense           23022820.0
2025-04-28 07:50:08,887 fedbase.py run [line:324] INFO Eval Time Cost:               2.2086s
2025-04-28 07:50:08,887 asyncbase.py iterate [line:68] INFO Select clients [0, 1, 2, 3, 4, 5, 6, 7, 8, 9, 10, 11, 12, 13, 14, 15, 16, 17, 18, 19] at time 4243.
2025-04-28 07:51:39,037 asyncbase.py iterate [line:73] INFO Receive new models from clients [2] at time 4255
2025-04-28 07:51:39,038 asyncbase.py iterate [line:73] INFO Receive new models from clients [11, 14, 10, 17, 8, 3] at time 4256
2025-04-28 07:51:39,038 asyncbase.py iterate [line:73] INFO Receive new models from clients [9, 19, 4, 13, 16, 0, 1, 6, 5, 7] at time 4257
2025-04-28 07:51:39,038 asyncbase.py iterate [line:73] INFO Receive new models from clients [12, 15, 18] at time 4258
2025-04-28 07:51:39,128 fedbase.py run [line:318] INFO --------------Round 271--------------
2025-04-28 07:51:39,129 simple_logger.py log_once [line:14] INFO Current_time:4258
2025-04-28 07:51:41,348 simple_logger.py log_once [line:28] INFO test_accuracy                 0.1135
2025-04-28 07:51:41,348 simple_logger.py log_once [line:28] INFO test_loss                     2.3010
2025-04-28 07:51:41,348 simple_logger.py log_once [line:28] INFO val_accuracy                  0.1167
2025-04-28 07:51:41,348 simple_logger.py log_once [line:28] INFO mean_val_accuracy             0.1167
2025-04-28 07:51:41,348 simple_logger.py log_once [line:28] INFO std_val_accuracy              0.0193
2025-04-28 07:51:41,348 simple_logger.py log_once [line:28] INFO val_loss                      2.3002
2025-04-28 07:51:41,348 simple_logger.py log_once [line:28] INFO mean_val_loss                 2.3002
2025-04-28 07:51:41,348 simple_logger.py log_once [line:28] INFO std_val_loss                  0.0023
2025-04-28 07:51:41,348 fedbase.py run [line:323] INFO expense           23046660.0
2025-04-28 07:51:41,348 fedbase.py run [line:324] INFO Eval Time Cost:               2.2197s
2025-04-28 07:51:41,348 asyncbase.py iterate [line:68] INFO Select clients [0, 1, 2, 3, 4, 5, 6, 7, 8, 9, 10, 11, 12, 13, 14, 15, 16, 17, 18, 19] at time 4259.
2025-04-28 07:53:07,818 asyncbase.py iterate [line:73] INFO Receive new models from clients [7] at time 4271
2025-04-28 07:53:07,819 asyncbase.py iterate [line:73] INFO Receive new models from clients [11, 0, 3, 6, 1, 16, 4, 17, 13, 10, 8] at time 4272
2025-04-28 07:53:07,819 asyncbase.py iterate [line:73] INFO Receive new models from clients [19, 18, 2, 9, 14, 15] at time 4273
2025-04-28 07:53:07,819 asyncbase.py iterate [line:73] INFO Receive new models from clients [12, 5] at time 4274
2025-04-28 07:53:07,899 fedbase.py run [line:318] INFO --------------Round 272--------------
2025-04-28 07:53:07,899 simple_logger.py log_once [line:14] INFO Current_time:4274
2025-04-28 07:53:10,051 simple_logger.py log_once [line:28] INFO test_accuracy                 0.1135
2025-04-28 07:53:10,051 simple_logger.py log_once [line:28] INFO test_loss                     2.3010
2025-04-28 07:53:10,051 simple_logger.py log_once [line:28] INFO val_accuracy                  0.1167
2025-04-28 07:53:10,051 simple_logger.py log_once [line:28] INFO mean_val_accuracy             0.1167
2025-04-28 07:53:10,051 simple_logger.py log_once [line:28] INFO std_val_accuracy              0.0193
2025-04-28 07:53:10,051 simple_logger.py log_once [line:28] INFO val_loss                      2.3002
2025-04-28 07:53:10,051 simple_logger.py log_once [line:28] INFO mean_val_loss                 2.3002
2025-04-28 07:53:10,051 simple_logger.py log_once [line:28] INFO std_val_loss                  0.0024
2025-04-28 07:53:10,051 fedbase.py run [line:323] INFO expense           23070500.0
2025-04-28 07:53:10,052 fedbase.py run [line:324] INFO Eval Time Cost:               2.1523s
2025-04-28 07:53:10,052 asyncbase.py iterate [line:68] INFO Select clients [0, 1, 2, 3, 4, 5, 6, 7, 8, 9, 10, 11, 12, 13, 14, 15, 16, 17, 18, 19] at time 4275.
2025-04-28 07:54:36,171 asyncbase.py iterate [line:73] INFO Receive new models from clients [6, 0, 11, 8, 4, 7] at time 4288
2025-04-28 07:54:36,172 asyncbase.py iterate [line:73] INFO Receive new models from clients [17, 15, 3, 16, 13, 5, 12, 19, 2, 18, 1, 10] at time 4289
2025-04-28 07:54:36,172 asyncbase.py iterate [line:73] INFO Receive new models from clients [14, 9] at time 4290
2025-04-28 07:54:36,241 fedbase.py run [line:318] INFO --------------Round 273--------------
2025-04-28 07:54:36,241 simple_logger.py log_once [line:14] INFO Current_time:4290
2025-04-28 07:54:38,437 simple_logger.py log_once [line:28] INFO test_accuracy                 0.1135
2025-04-28 07:54:38,437 simple_logger.py log_once [line:28] INFO test_loss                     2.3010
2025-04-28 07:54:38,437 simple_logger.py log_once [line:28] INFO val_accuracy                  0.1167
2025-04-28 07:54:38,438 simple_logger.py log_once [line:28] INFO mean_val_accuracy             0.1167
2025-04-28 07:54:38,438 simple_logger.py log_once [line:28] INFO std_val_accuracy              0.0193
2025-04-28 07:54:38,438 simple_logger.py log_once [line:28] INFO val_loss                      2.3002
2025-04-28 07:54:38,438 simple_logger.py log_once [line:28] INFO mean_val_loss                 2.3002
2025-04-28 07:54:38,438 simple_logger.py log_once [line:28] INFO std_val_loss                  0.0024
2025-04-28 07:54:38,438 fedbase.py run [line:323] INFO expense           23094340.0
2025-04-28 07:54:38,438 fedbase.py run [line:324] INFO Eval Time Cost:               2.1971s
2025-04-28 07:54:38,438 asyncbase.py iterate [line:68] INFO Select clients [0, 1, 2, 3, 4, 5, 6, 7, 8, 9, 10, 11, 12, 13, 14, 15, 16, 17, 18, 19] at time 4291.
2025-04-28 07:56:05,968 asyncbase.py iterate [line:73] INFO Receive new models from clients [3, 10, 13] at time 4303
2025-04-28 07:56:05,968 asyncbase.py iterate [line:73] INFO Receive new models from clients [4, 19, 5, 17, 14, 1, 8] at time 4304
2025-04-28 07:56:05,968 asyncbase.py iterate [line:73] INFO Receive new models from clients [15, 11, 0, 9, 7, 16, 18] at time 4305
2025-04-28 07:56:05,969 asyncbase.py iterate [line:73] INFO Receive new models from clients [2, 12, 6] at time 4306
2025-04-28 07:56:06,033 fedbase.py run [line:318] INFO --------------Round 274--------------
2025-04-28 07:56:06,034 simple_logger.py log_once [line:14] INFO Current_time:4306
2025-04-28 07:56:08,140 simple_logger.py log_once [line:28] INFO test_accuracy                 0.1135
2025-04-28 07:56:08,140 simple_logger.py log_once [line:28] INFO test_loss                     2.3010
2025-04-28 07:56:08,140 simple_logger.py log_once [line:28] INFO val_accuracy                  0.1167
2025-04-28 07:56:08,140 simple_logger.py log_once [line:28] INFO mean_val_accuracy             0.1167
2025-04-28 07:56:08,140 simple_logger.py log_once [line:28] INFO std_val_accuracy              0.0193
2025-04-28 07:56:08,141 simple_logger.py log_once [line:28] INFO val_loss                      2.3002
2025-04-28 07:56:08,141 simple_logger.py log_once [line:28] INFO mean_val_loss                 2.3002
2025-04-28 07:56:08,141 simple_logger.py log_once [line:28] INFO std_val_loss                  0.0024
2025-04-28 07:56:08,141 fedbase.py run [line:323] INFO expense           23118180.0
2025-04-28 07:56:08,141 fedbase.py run [line:324] INFO Eval Time Cost:               2.1072s
2025-04-28 07:56:08,141 asyncbase.py iterate [line:68] INFO Select clients [0, 1, 2, 3, 4, 5, 6, 7, 8, 9, 10, 11, 12, 13, 14, 15, 16, 17, 18, 19] at time 4307.
2025-04-28 07:57:34,852 asyncbase.py iterate [line:73] INFO Receive new models from clients [12, 6, 8, 17, 11] at time 4319
2025-04-28 07:57:34,853 asyncbase.py iterate [line:73] INFO Receive new models from clients [13, 0, 4, 19, 18] at time 4320
2025-04-28 07:57:34,853 asyncbase.py iterate [line:73] INFO Receive new models from clients [7, 2, 3, 16, 10, 1, 5, 14] at time 4321
2025-04-28 07:57:34,853 asyncbase.py iterate [line:73] INFO Receive new models from clients [9, 15] at time 4322
2025-04-28 07:57:34,931 fedbase.py run [line:318] INFO --------------Round 275--------------
2025-04-28 07:57:34,931 simple_logger.py log_once [line:14] INFO Current_time:4322
2025-04-28 07:57:37,101 simple_logger.py log_once [line:28] INFO test_accuracy                 0.1135
2025-04-28 07:57:37,101 simple_logger.py log_once [line:28] INFO test_loss                     2.3010
2025-04-28 07:57:37,101 simple_logger.py log_once [line:28] INFO val_accuracy                  0.1167
2025-04-28 07:57:37,101 simple_logger.py log_once [line:28] INFO mean_val_accuracy             0.1167
2025-04-28 07:57:37,102 simple_logger.py log_once [line:28] INFO std_val_accuracy              0.0193
2025-04-28 07:57:37,102 simple_logger.py log_once [line:28] INFO val_loss                      2.3002
2025-04-28 07:57:37,102 simple_logger.py log_once [line:28] INFO mean_val_loss                 2.3002
2025-04-28 07:57:37,102 simple_logger.py log_once [line:28] INFO std_val_loss                  0.0023
2025-04-28 07:57:37,102 fedbase.py run [line:323] INFO expense           23142020.0
2025-04-28 07:57:37,102 fedbase.py run [line:324] INFO Eval Time Cost:               2.1710s
2025-04-28 07:57:37,102 asyncbase.py iterate [line:68] INFO Select clients [0, 1, 2, 3, 4, 5, 6, 7, 8, 9, 10, 11, 12, 13, 14, 15, 16, 17, 18, 19] at time 4323.
2025-04-28 07:59:05,801 asyncbase.py iterate [line:73] INFO Receive new models from clients [12, 18, 19, 9] at time 4335
2025-04-28 07:59:05,801 asyncbase.py iterate [line:73] INFO Receive new models from clients [4, 8, 7, 0, 5, 13, 14] at time 4336
2025-04-28 07:59:05,802 asyncbase.py iterate [line:73] INFO Receive new models from clients [1, 17, 15, 16, 10, 6, 11, 2, 3] at time 4337
2025-04-28 07:59:05,883 fedbase.py run [line:318] INFO --------------Round 276--------------
2025-04-28 07:59:05,883 simple_logger.py log_once [line:14] INFO Current_time:4337
2025-04-28 07:59:08,055 simple_logger.py log_once [line:28] INFO test_accuracy                 0.1135
2025-04-28 07:59:08,055 simple_logger.py log_once [line:28] INFO test_loss                     2.3010
2025-04-28 07:59:08,056 simple_logger.py log_once [line:28] INFO val_accuracy                  0.1167
2025-04-28 07:59:08,056 simple_logger.py log_once [line:28] INFO mean_val_accuracy             0.1167
2025-04-28 07:59:08,056 simple_logger.py log_once [line:28] INFO std_val_accuracy              0.0193
2025-04-28 07:59:08,056 simple_logger.py log_once [line:28] INFO val_loss                      2.3002
2025-04-28 07:59:08,056 simple_logger.py log_once [line:28] INFO mean_val_loss                 2.3002
2025-04-28 07:59:08,056 simple_logger.py log_once [line:28] INFO std_val_loss                  0.0024
2025-04-28 07:59:08,056 fedbase.py run [line:323] INFO expense           23165860.0
2025-04-28 07:59:08,056 fedbase.py run [line:324] INFO Eval Time Cost:               2.1729s
2025-04-28 07:59:08,056 asyncbase.py iterate [line:68] INFO Select clients [0, 1, 2, 3, 4, 5, 6, 7, 8, 9, 10, 11, 12, 13, 14, 15, 16, 17, 18, 19] at time 4338.
2025-04-28 08:00:30,133 asyncbase.py iterate [line:73] INFO Receive new models from clients [18, 11, 6, 9, 8, 7, 0, 14] at time 4351
2025-04-28 08:00:30,133 asyncbase.py iterate [line:73] INFO Receive new models from clients [19, 13, 16, 5, 4, 17, 10, 3, 2, 1] at time 4352
2025-04-28 08:00:30,133 asyncbase.py iterate [line:73] INFO Receive new models from clients [15, 12] at time 4353
2025-04-28 08:00:30,223 fedbase.py run [line:318] INFO --------------Round 277--------------
2025-04-28 08:00:30,223 simple_logger.py log_once [line:14] INFO Current_time:4353
2025-04-28 08:00:32,334 simple_logger.py log_once [line:28] INFO test_accuracy                 0.1135
2025-04-28 08:00:32,334 simple_logger.py log_once [line:28] INFO test_loss                     2.3010
2025-04-28 08:00:32,334 simple_logger.py log_once [line:28] INFO val_accuracy                  0.1167
2025-04-28 08:00:32,334 simple_logger.py log_once [line:28] INFO mean_val_accuracy             0.1167
2025-04-28 08:00:32,334 simple_logger.py log_once [line:28] INFO std_val_accuracy              0.0193
2025-04-28 08:00:32,334 simple_logger.py log_once [line:28] INFO val_loss                      2.3002
2025-04-28 08:00:32,334 simple_logger.py log_once [line:28] INFO mean_val_loss                 2.3002
2025-04-28 08:00:32,334 simple_logger.py log_once [line:28] INFO std_val_loss                  0.0024
2025-04-28 08:00:32,334 fedbase.py run [line:323] INFO expense           23189700.0
2025-04-28 08:00:32,335 fedbase.py run [line:324] INFO Eval Time Cost:               2.1119s
2025-04-28 08:00:32,335 asyncbase.py iterate [line:68] INFO Select clients [0, 1, 2, 3, 4, 5, 6, 7, 8, 9, 10, 11, 12, 13, 14, 15, 16, 17, 18, 19] at time 4354.
2025-04-28 08:02:00,542 asyncbase.py iterate [line:73] INFO Receive new models from clients [9, 3, 15] at time 4366
2025-04-28 08:02:00,543 asyncbase.py iterate [line:73] INFO Receive new models from clients [16, 4, 7, 2, 6, 5] at time 4367
2025-04-28 08:02:00,543 asyncbase.py iterate [line:73] INFO Receive new models from clients [11, 13, 10, 18, 14, 17, 1, 12] at time 4368
2025-04-28 08:02:00,543 asyncbase.py iterate [line:73] INFO Receive new models from clients [0, 8, 19] at time 4369
2025-04-28 08:02:00,606 fedbase.py run [line:318] INFO --------------Round 278--------------
2025-04-28 08:02:00,606 simple_logger.py log_once [line:14] INFO Current_time:4369
2025-04-28 08:02:02,747 simple_logger.py log_once [line:28] INFO test_accuracy                 0.1135
2025-04-28 08:02:02,747 simple_logger.py log_once [line:28] INFO test_loss                     2.3010
2025-04-28 08:02:02,747 simple_logger.py log_once [line:28] INFO val_accuracy                  0.1167
2025-04-28 08:02:02,747 simple_logger.py log_once [line:28] INFO mean_val_accuracy             0.1167
2025-04-28 08:02:02,747 simple_logger.py log_once [line:28] INFO std_val_accuracy              0.0193
2025-04-28 08:02:02,747 simple_logger.py log_once [line:28] INFO val_loss                      2.3002
2025-04-28 08:02:02,747 simple_logger.py log_once [line:28] INFO mean_val_loss                 2.3002
2025-04-28 08:02:02,748 simple_logger.py log_once [line:28] INFO std_val_loss                  0.0025
2025-04-28 08:02:02,748 fedbase.py run [line:323] INFO expense           23213540.0
2025-04-28 08:02:02,748 fedbase.py run [line:324] INFO Eval Time Cost:               2.1415s
2025-04-28 08:02:02,748 asyncbase.py iterate [line:68] INFO Select clients [0, 1, 2, 3, 4, 5, 6, 7, 8, 9, 10, 11, 12, 13, 14, 15, 16, 17, 18, 19] at time 4370.
2025-04-28 08:03:30,279 asyncbase.py iterate [line:73] INFO Receive new models from clients [16] at time 4382
2025-04-28 08:03:30,279 asyncbase.py iterate [line:73] INFO Receive new models from clients [19, 8, 6, 17, 11, 14, 18, 9, 1, 12] at time 4383
2025-04-28 08:03:30,279 asyncbase.py iterate [line:73] INFO Receive new models from clients [13, 7, 3, 0, 2, 4, 5, 10, 15] at time 4384
2025-04-28 08:03:30,351 fedbase.py run [line:318] INFO --------------Round 279--------------
2025-04-28 08:03:30,351 simple_logger.py log_once [line:14] INFO Current_time:4384
2025-04-28 08:03:32,509 simple_logger.py log_once [line:28] INFO test_accuracy                 0.1135
2025-04-28 08:03:32,509 simple_logger.py log_once [line:28] INFO test_loss                     2.3010
2025-04-28 08:03:32,509 simple_logger.py log_once [line:28] INFO val_accuracy                  0.1167
2025-04-28 08:03:32,509 simple_logger.py log_once [line:28] INFO mean_val_accuracy             0.1167
2025-04-28 08:03:32,509 simple_logger.py log_once [line:28] INFO std_val_accuracy              0.0193
2025-04-28 08:03:32,509 simple_logger.py log_once [line:28] INFO val_loss                      2.3002
2025-04-28 08:03:32,509 simple_logger.py log_once [line:28] INFO mean_val_loss                 2.3002
2025-04-28 08:03:32,509 simple_logger.py log_once [line:28] INFO std_val_loss                  0.0024
2025-04-28 08:03:32,509 fedbase.py run [line:323] INFO expense           23237380.0
2025-04-28 08:03:32,509 fedbase.py run [line:324] INFO Eval Time Cost:               2.1580s
2025-04-28 08:03:32,510 asyncbase.py iterate [line:68] INFO Select clients [0, 1, 2, 3, 4, 5, 6, 7, 8, 9, 10, 11, 12, 13, 14, 15, 16, 17, 18, 19] at time 4385.
2025-04-28 08:04:59,851 asyncbase.py iterate [line:73] INFO Receive new models from clients [10, 7] at time 4397
2025-04-28 08:04:59,851 asyncbase.py iterate [line:73] INFO Receive new models from clients [15, 14, 18, 17, 8, 19] at time 4398
2025-04-28 08:04:59,851 asyncbase.py iterate [line:73] INFO Receive new models from clients [9, 16, 13, 3, 4, 2, 12, 6, 5, 1] at time 4399
2025-04-28 08:04:59,852 asyncbase.py iterate [line:73] INFO Receive new models from clients [0, 11] at time 4400
2025-04-28 08:04:59,932 fedbase.py run [line:318] INFO --------------Round 280--------------
2025-04-28 08:04:59,932 simple_logger.py log_once [line:14] INFO Current_time:4400
2025-04-28 08:05:02,106 simple_logger.py log_once [line:28] INFO test_accuracy                 0.1135
2025-04-28 08:05:02,107 simple_logger.py log_once [line:28] INFO test_loss                     2.3010
2025-04-28 08:05:02,107 simple_logger.py log_once [line:28] INFO val_accuracy                  0.1167
2025-04-28 08:05:02,107 simple_logger.py log_once [line:28] INFO mean_val_accuracy             0.1167
2025-04-28 08:05:02,107 simple_logger.py log_once [line:28] INFO std_val_accuracy              0.0193
2025-04-28 08:05:02,107 simple_logger.py log_once [line:28] INFO val_loss                      2.3002
2025-04-28 08:05:02,107 simple_logger.py log_once [line:28] INFO mean_val_loss                 2.3002
2025-04-28 08:05:02,107 simple_logger.py log_once [line:28] INFO std_val_loss                  0.0024
2025-04-28 08:05:02,107 fedbase.py run [line:323] INFO expense           23261220.0
2025-04-28 08:05:02,107 fedbase.py run [line:324] INFO Eval Time Cost:               2.1752s
2025-04-28 08:05:02,107 asyncbase.py iterate [line:68] INFO Select clients [0, 1, 2, 3, 4, 5, 6, 7, 8, 9, 10, 11, 12, 13, 14, 15, 16, 17, 18, 19] at time 4401.
2025-04-28 08:06:30,191 asyncbase.py iterate [line:73] INFO Receive new models from clients [18, 11, 8, 14, 4, 16, 17, 5, 1, 6, 13, 10] at time 4414
2025-04-28 08:06:30,191 asyncbase.py iterate [line:73] INFO Receive new models from clients [15, 2, 12, 7, 3] at time 4415
2025-04-28 08:06:30,192 asyncbase.py iterate [line:73] INFO Receive new models from clients [0, 19, 9] at time 4416
2025-04-28 08:06:30,262 fedbase.py run [line:318] INFO --------------Round 281--------------
2025-04-28 08:06:30,262 simple_logger.py log_once [line:14] INFO Current_time:4416
2025-04-28 08:06:32,470 simple_logger.py log_once [line:28] INFO test_accuracy                 0.1135
2025-04-28 08:06:32,470 simple_logger.py log_once [line:28] INFO test_loss                     2.3010
2025-04-28 08:06:32,471 simple_logger.py log_once [line:28] INFO val_accuracy                  0.1167
2025-04-28 08:06:32,471 simple_logger.py log_once [line:28] INFO mean_val_accuracy             0.1167
2025-04-28 08:06:32,471 simple_logger.py log_once [line:28] INFO std_val_accuracy              0.0193
2025-04-28 08:06:32,471 simple_logger.py log_once [line:28] INFO val_loss                      2.3002
2025-04-28 08:06:32,471 simple_logger.py log_once [line:28] INFO mean_val_loss                 2.3002
2025-04-28 08:06:32,471 simple_logger.py log_once [line:28] INFO std_val_loss                  0.0024
2025-04-28 08:06:32,471 fedbase.py run [line:323] INFO expense           23285060.0
2025-04-28 08:06:32,471 fedbase.py run [line:324] INFO Eval Time Cost:               2.2087s
2025-04-28 08:06:32,471 asyncbase.py iterate [line:68] INFO Select clients [0, 1, 2, 3, 4, 5, 6, 7, 8, 9, 10, 11, 12, 13, 14, 15, 16, 17, 18, 19] at time 4417.
2025-04-28 08:08:00,819 asyncbase.py iterate [line:73] INFO Receive new models from clients [16, 8] at time 4429
2025-04-28 08:08:00,820 asyncbase.py iterate [line:73] INFO Receive new models from clients [1, 0, 13, 5, 3, 12, 2, 18, 4, 19, 15, 14, 11] at time 4430
2025-04-28 08:08:00,820 asyncbase.py iterate [line:73] INFO Receive new models from clients [6, 7, 17] at time 4431
2025-04-28 08:08:00,820 asyncbase.py iterate [line:73] INFO Receive new models from clients [9, 10] at time 4432
2025-04-28 08:08:00,896 fedbase.py run [line:318] INFO --------------Round 282--------------
2025-04-28 08:08:00,896 simple_logger.py log_once [line:14] INFO Current_time:4432
2025-04-28 08:08:03,042 simple_logger.py log_once [line:28] INFO test_accuracy                 0.1135
2025-04-28 08:08:03,042 simple_logger.py log_once [line:28] INFO test_loss                     2.3010
2025-04-28 08:08:03,042 simple_logger.py log_once [line:28] INFO val_accuracy                  0.1167
2025-04-28 08:08:03,042 simple_logger.py log_once [line:28] INFO mean_val_accuracy             0.1167
2025-04-28 08:08:03,042 simple_logger.py log_once [line:28] INFO std_val_accuracy              0.0193
2025-04-28 08:08:03,042 simple_logger.py log_once [line:28] INFO val_loss                      2.3002
2025-04-28 08:08:03,042 simple_logger.py log_once [line:28] INFO mean_val_loss                 2.3002
2025-04-28 08:08:03,043 simple_logger.py log_once [line:28] INFO std_val_loss                  0.0023
2025-04-28 08:08:03,043 fedbase.py run [line:323] INFO expense           23308900.0
2025-04-28 08:08:03,043 fedbase.py run [line:324] INFO Eval Time Cost:               2.1470s
2025-04-28 08:08:03,043 asyncbase.py iterate [line:68] INFO Select clients [0, 1, 2, 3, 4, 5, 6, 7, 8, 9, 10, 11, 12, 13, 14, 15, 16, 17, 18, 19] at time 4433.
2025-04-28 08:09:30,015 asyncbase.py iterate [line:73] INFO Receive new models from clients [11, 4, 0, 3] at time 4445
2025-04-28 08:09:30,015 asyncbase.py iterate [line:73] INFO Receive new models from clients [8, 9, 6, 13, 10, 17, 2] at time 4446
2025-04-28 08:09:30,015 asyncbase.py iterate [line:73] INFO Receive new models from clients [14, 1, 12, 18, 5] at time 4447
2025-04-28 08:09:30,016 asyncbase.py iterate [line:73] INFO Receive new models from clients [19, 15, 16, 7] at time 4448
2025-04-28 08:09:30,097 fedbase.py run [line:318] INFO --------------Round 283--------------
2025-04-28 08:09:30,097 simple_logger.py log_once [line:14] INFO Current_time:4448
2025-04-28 08:09:32,298 simple_logger.py log_once [line:28] INFO test_accuracy                 0.1135
2025-04-28 08:09:32,298 simple_logger.py log_once [line:28] INFO test_loss                     2.3010
2025-04-28 08:09:32,298 simple_logger.py log_once [line:28] INFO val_accuracy                  0.1167
2025-04-28 08:09:32,298 simple_logger.py log_once [line:28] INFO mean_val_accuracy             0.1167
2025-04-28 08:09:32,298 simple_logger.py log_once [line:28] INFO std_val_accuracy              0.0193
2025-04-28 08:09:32,298 simple_logger.py log_once [line:28] INFO val_loss                      2.3002
2025-04-28 08:09:32,298 simple_logger.py log_once [line:28] INFO mean_val_loss                 2.3002
2025-04-28 08:09:32,299 simple_logger.py log_once [line:28] INFO std_val_loss                  0.0024
2025-04-28 08:09:32,299 fedbase.py run [line:323] INFO expense           23332740.0
2025-04-28 08:09:32,299 fedbase.py run [line:324] INFO Eval Time Cost:               2.2017s
2025-04-28 08:09:32,299 asyncbase.py iterate [line:68] INFO Select clients [0, 1, 2, 3, 4, 5, 6, 7, 8, 9, 10, 11, 12, 13, 14, 15, 16, 17, 18, 19] at time 4449.
2025-04-28 08:10:59,466 asyncbase.py iterate [line:73] INFO Receive new models from clients [2, 5, 11] at time 4461
2025-04-28 08:10:59,467 asyncbase.py iterate [line:73] INFO Receive new models from clients [10, 14, 8, 7, 9, 16, 0, 18, 17, 3, 6] at time 4462
2025-04-28 08:10:59,467 asyncbase.py iterate [line:73] INFO Receive new models from clients [15, 12, 4, 1, 19] at time 4463
2025-04-28 08:10:59,467 asyncbase.py iterate [line:73] INFO Receive new models from clients [13] at time 4464
2025-04-28 08:10:59,532 fedbase.py run [line:318] INFO --------------Round 284--------------
2025-04-28 08:10:59,532 simple_logger.py log_once [line:14] INFO Current_time:4464
2025-04-28 08:11:01,724 simple_logger.py log_once [line:28] INFO test_accuracy                 0.1135
2025-04-28 08:11:01,724 simple_logger.py log_once [line:28] INFO test_loss                     2.3010
2025-04-28 08:11:01,724 simple_logger.py log_once [line:28] INFO val_accuracy                  0.1167
2025-04-28 08:11:01,724 simple_logger.py log_once [line:28] INFO mean_val_accuracy             0.1167
2025-04-28 08:11:01,724 simple_logger.py log_once [line:28] INFO std_val_accuracy              0.0193
2025-04-28 08:11:01,724 simple_logger.py log_once [line:28] INFO val_loss                      2.3002
2025-04-28 08:11:01,724 simple_logger.py log_once [line:28] INFO mean_val_loss                 2.3002
2025-04-28 08:11:01,724 simple_logger.py log_once [line:28] INFO std_val_loss                  0.0025
2025-04-28 08:11:01,724 fedbase.py run [line:323] INFO expense           23356580.0
2025-04-28 08:11:01,724 fedbase.py run [line:324] INFO Eval Time Cost:               2.1924s
2025-04-28 08:11:01,724 asyncbase.py iterate [line:68] INFO Select clients [0, 1, 2, 3, 4, 5, 6, 7, 8, 9, 10, 11, 12, 13, 14, 15, 16, 17, 18, 19] at time 4465.
2025-04-28 08:12:30,248 asyncbase.py iterate [line:73] INFO Receive new models from clients [0, 14] at time 4477
2025-04-28 08:12:30,248 asyncbase.py iterate [line:73] INFO Receive new models from clients [4, 6, 7, 1] at time 4478
2025-04-28 08:12:30,249 asyncbase.py iterate [line:73] INFO Receive new models from clients [12, 18, 15, 11, 8, 10, 16, 19, 5] at time 4479
2025-04-28 08:12:30,249 asyncbase.py iterate [line:73] INFO Receive new models from clients [13, 2, 17, 3, 9] at time 4480
2025-04-28 08:12:30,327 fedbase.py run [line:318] INFO --------------Round 285--------------
2025-04-28 08:12:30,327 simple_logger.py log_once [line:14] INFO Current_time:4480
2025-04-28 08:12:32,459 simple_logger.py log_once [line:28] INFO test_accuracy                 0.1135
2025-04-28 08:12:32,459 simple_logger.py log_once [line:28] INFO test_loss                     2.3010
2025-04-28 08:12:32,459 simple_logger.py log_once [line:28] INFO val_accuracy                  0.1167
2025-04-28 08:12:32,459 simple_logger.py log_once [line:28] INFO mean_val_accuracy             0.1167
2025-04-28 08:12:32,459 simple_logger.py log_once [line:28] INFO std_val_accuracy              0.0193
2025-04-28 08:12:32,459 simple_logger.py log_once [line:28] INFO val_loss                      2.3002
2025-04-28 08:12:32,459 simple_logger.py log_once [line:28] INFO mean_val_loss                 2.3002
2025-04-28 08:12:32,459 simple_logger.py log_once [line:28] INFO std_val_loss                  0.0024
2025-04-28 08:12:32,459 fedbase.py run [line:323] INFO expense           23380420.0
2025-04-28 08:12:32,460 fedbase.py run [line:324] INFO Eval Time Cost:               2.1321s
2025-04-28 08:12:32,460 asyncbase.py iterate [line:68] INFO Select clients [0, 1, 2, 3, 4, 5, 6, 7, 8, 9, 10, 11, 12, 13, 14, 15, 16, 17, 18, 19] at time 4481.
2025-04-28 08:13:51,493 asyncbase.py iterate [line:73] INFO Receive new models from clients [9, 15, 17] at time 4493
2025-04-28 08:13:51,493 asyncbase.py iterate [line:73] INFO Receive new models from clients [2, 5, 6, 11, 0, 7] at time 4494
2025-04-28 08:13:51,493 asyncbase.py iterate [line:73] INFO Receive new models from clients [13, 18, 19, 14, 1, 16, 10, 4, 12] at time 4495
2025-04-28 08:13:51,493 asyncbase.py iterate [line:73] INFO Receive new models from clients [3, 8] at time 4496
2025-04-28 08:13:51,569 fedbase.py run [line:318] INFO --------------Round 286--------------
2025-04-28 08:13:51,569 simple_logger.py log_once [line:14] INFO Current_time:4496
2025-04-28 08:13:53,715 simple_logger.py log_once [line:28] INFO test_accuracy                 0.1135
2025-04-28 08:13:53,715 simple_logger.py log_once [line:28] INFO test_loss                     2.3010
2025-04-28 08:13:53,715 simple_logger.py log_once [line:28] INFO val_accuracy                  0.1167
2025-04-28 08:13:53,715 simple_logger.py log_once [line:28] INFO mean_val_accuracy             0.1167
2025-04-28 08:13:53,715 simple_logger.py log_once [line:28] INFO std_val_accuracy              0.0193
2025-04-28 08:13:53,715 simple_logger.py log_once [line:28] INFO val_loss                      2.3002
2025-04-28 08:13:53,715 simple_logger.py log_once [line:28] INFO mean_val_loss                 2.3002
2025-04-28 08:13:53,715 simple_logger.py log_once [line:28] INFO std_val_loss                  0.0024
2025-04-28 08:13:53,715 fedbase.py run [line:323] INFO expense           23404260.0
2025-04-28 08:13:53,716 fedbase.py run [line:324] INFO Eval Time Cost:               2.1465s
2025-04-28 08:13:53,716 asyncbase.py iterate [line:68] INFO Select clients [0, 1, 2, 3, 4, 5, 6, 7, 8, 9, 10, 11, 12, 13, 14, 15, 16, 17, 18, 19] at time 4497.
2025-04-28 08:15:22,240 asyncbase.py iterate [line:73] INFO Receive new models from clients [10, 17, 13] at time 4509
2025-04-28 08:15:22,241 asyncbase.py iterate [line:73] INFO Receive new models from clients [1, 4, 11, 14, 8, 7, 0, 9, 2, 6] at time 4510
2025-04-28 08:15:22,241 asyncbase.py iterate [line:73] INFO Receive new models from clients [12, 15, 3, 16] at time 4511
2025-04-28 08:15:22,241 asyncbase.py iterate [line:73] INFO Receive new models from clients [19, 18, 5] at time 4512
2025-04-28 08:15:22,312 fedbase.py run [line:318] INFO --------------Round 287--------------
2025-04-28 08:15:22,312 simple_logger.py log_once [line:14] INFO Current_time:4512
2025-04-28 08:15:24,514 simple_logger.py log_once [line:28] INFO test_accuracy                 0.1135
2025-04-28 08:15:24,514 simple_logger.py log_once [line:28] INFO test_loss                     2.3010
2025-04-28 08:15:24,514 simple_logger.py log_once [line:28] INFO val_accuracy                  0.1167
2025-04-28 08:15:24,515 simple_logger.py log_once [line:28] INFO mean_val_accuracy             0.1167
2025-04-28 08:15:24,515 simple_logger.py log_once [line:28] INFO std_val_accuracy              0.0193
2025-04-28 08:15:24,515 simple_logger.py log_once [line:28] INFO val_loss                      2.3002
2025-04-28 08:15:24,515 simple_logger.py log_once [line:28] INFO mean_val_loss                 2.3002
2025-04-28 08:15:24,515 simple_logger.py log_once [line:28] INFO std_val_loss                  0.0023
2025-04-28 08:15:24,515 fedbase.py run [line:323] INFO expense           23428100.0
2025-04-28 08:15:24,515 fedbase.py run [line:324] INFO Eval Time Cost:               2.2030s
2025-04-28 08:15:24,515 asyncbase.py iterate [line:68] INFO Select clients [0, 1, 2, 3, 4, 5, 6, 7, 8, 9, 10, 11, 12, 13, 14, 15, 16, 17, 18, 19] at time 4513.
2025-04-28 08:16:54,009 asyncbase.py iterate [line:73] INFO Receive new models from clients [4] at time 4525
2025-04-28 08:16:54,009 asyncbase.py iterate [line:73] INFO Receive new models from clients [17, 8, 0, 9, 19, 16, 13, 1, 14] at time 4526
2025-04-28 08:16:54,010 asyncbase.py iterate [line:73] INFO Receive new models from clients [12, 15, 6, 11, 3, 18, 5, 10, 7, 2] at time 4527
2025-04-28 08:16:54,080 fedbase.py run [line:318] INFO --------------Round 288--------------
2025-04-28 08:16:54,080 simple_logger.py log_once [line:14] INFO Current_time:4527
2025-04-28 08:16:56,279 simple_logger.py log_once [line:28] INFO test_accuracy                 0.1135
2025-04-28 08:16:56,279 simple_logger.py log_once [line:28] INFO test_loss                     2.3010
2025-04-28 08:16:56,279 simple_logger.py log_once [line:28] INFO val_accuracy                  0.1167
2025-04-28 08:16:56,279 simple_logger.py log_once [line:28] INFO mean_val_accuracy             0.1167
2025-04-28 08:16:56,279 simple_logger.py log_once [line:28] INFO std_val_accuracy              0.0193
2025-04-28 08:16:56,279 simple_logger.py log_once [line:28] INFO val_loss                      2.3002
2025-04-28 08:16:56,279 simple_logger.py log_once [line:28] INFO mean_val_loss                 2.3002
2025-04-28 08:16:56,279 simple_logger.py log_once [line:28] INFO std_val_loss                  0.0024
2025-04-28 08:16:56,279 fedbase.py run [line:323] INFO expense           23451940.0
2025-04-28 08:16:56,279 fedbase.py run [line:324] INFO Eval Time Cost:               2.1993s
2025-04-28 08:16:56,280 asyncbase.py iterate [line:68] INFO Select clients [0, 1, 2, 3, 4, 5, 6, 7, 8, 9, 10, 11, 12, 13, 14, 15, 16, 17, 18, 19] at time 4528.
2025-04-28 08:18:19,433 asyncbase.py iterate [line:73] INFO Receive new models from clients [11, 15, 16, 18, 2] at time 4540
2025-04-28 08:18:19,434 asyncbase.py iterate [line:73] INFO Receive new models from clients [8, 12, 14, 13, 3, 9, 6] at time 4541
2025-04-28 08:18:19,434 asyncbase.py iterate [line:73] INFO Receive new models from clients [17, 0, 4, 19, 10, 1] at time 4542
2025-04-28 08:18:19,434 asyncbase.py iterate [line:73] INFO Receive new models from clients [5, 7] at time 4543
2025-04-28 08:18:19,522 fedbase.py run [line:318] INFO --------------Round 289--------------
2025-04-28 08:18:19,523 simple_logger.py log_once [line:14] INFO Current_time:4543
2025-04-28 08:18:21,673 simple_logger.py log_once [line:28] INFO test_accuracy                 0.1135
2025-04-28 08:18:21,673 simple_logger.py log_once [line:28] INFO test_loss                     2.3010
2025-04-28 08:18:21,673 simple_logger.py log_once [line:28] INFO val_accuracy                  0.1167
2025-04-28 08:18:21,673 simple_logger.py log_once [line:28] INFO mean_val_accuracy             0.1167
2025-04-28 08:18:21,673 simple_logger.py log_once [line:28] INFO std_val_accuracy              0.0193
2025-04-28 08:18:21,673 simple_logger.py log_once [line:28] INFO val_loss                      2.3002
2025-04-28 08:18:21,673 simple_logger.py log_once [line:28] INFO mean_val_loss                 2.3002
2025-04-28 08:18:21,674 simple_logger.py log_once [line:28] INFO std_val_loss                  0.0025
2025-04-28 08:18:21,674 fedbase.py run [line:323] INFO expense           23475780.0
2025-04-28 08:18:21,674 fedbase.py run [line:324] INFO Eval Time Cost:               2.1510s
2025-04-28 08:18:21,674 asyncbase.py iterate [line:68] INFO Select clients [0, 1, 2, 3, 4, 5, 6, 7, 8, 9, 10, 11, 12, 13, 14, 15, 16, 17, 18, 19] at time 4544.
2025-04-28 08:19:49,427 asyncbase.py iterate [line:73] INFO Receive new models from clients [8, 17, 7] at time 4556
2025-04-28 08:19:49,427 asyncbase.py iterate [line:73] INFO Receive new models from clients [10, 5, 15, 9, 1, 14, 3, 6] at time 4557
2025-04-28 08:19:49,427 asyncbase.py iterate [line:73] INFO Receive new models from clients [18, 0, 19, 11, 2, 4] at time 4558
2025-04-28 08:19:49,427 asyncbase.py iterate [line:73] INFO Receive new models from clients [16, 12, 13] at time 4559
2025-04-28 08:19:49,497 fedbase.py run [line:318] INFO --------------Round 290--------------
2025-04-28 08:19:49,498 simple_logger.py log_once [line:14] INFO Current_time:4559
2025-04-28 08:19:51,648 simple_logger.py log_once [line:28] INFO test_accuracy                 0.1135
2025-04-28 08:19:51,648 simple_logger.py log_once [line:28] INFO test_loss                     2.3010
2025-04-28 08:19:51,648 simple_logger.py log_once [line:28] INFO val_accuracy                  0.1167
2025-04-28 08:19:51,648 simple_logger.py log_once [line:28] INFO mean_val_accuracy             0.1167
2025-04-28 08:19:51,648 simple_logger.py log_once [line:28] INFO std_val_accuracy              0.0193
2025-04-28 08:19:51,648 simple_logger.py log_once [line:28] INFO val_loss                      2.3002
2025-04-28 08:19:51,648 simple_logger.py log_once [line:28] INFO mean_val_loss                 2.3002
2025-04-28 08:19:51,649 simple_logger.py log_once [line:28] INFO std_val_loss                  0.0024
2025-04-28 08:19:51,649 fedbase.py run [line:323] INFO expense           23499620.0
2025-04-28 08:19:51,649 fedbase.py run [line:324] INFO Eval Time Cost:               2.1510s
2025-04-28 08:19:51,649 asyncbase.py iterate [line:68] INFO Select clients [0, 1, 2, 3, 4, 5, 6, 7, 8, 9, 10, 11, 12, 13, 14, 15, 16, 17, 18, 19] at time 4560.
2025-04-28 08:21:22,088 asyncbase.py iterate [line:73] INFO Receive new models from clients [12, 6, 7] at time 4572
2025-04-28 08:21:22,089 asyncbase.py iterate [line:73] INFO Receive new models from clients [17, 1, 18, 14, 2, 10] at time 4573
2025-04-28 08:21:22,089 asyncbase.py iterate [line:73] INFO Receive new models from clients [0, 4, 13, 9, 11, 16, 3, 5] at time 4574
2025-04-28 08:21:22,089 asyncbase.py iterate [line:73] INFO Receive new models from clients [19, 15, 8] at time 4575
2025-04-28 08:21:22,153 fedbase.py run [line:318] INFO --------------Round 291--------------
2025-04-28 08:21:22,153 simple_logger.py log_once [line:14] INFO Current_time:4575
2025-04-28 08:21:24,303 simple_logger.py log_once [line:28] INFO test_accuracy                 0.1135
2025-04-28 08:21:24,303 simple_logger.py log_once [line:28] INFO test_loss                     2.3010
2025-04-28 08:21:24,303 simple_logger.py log_once [line:28] INFO val_accuracy                  0.1167
2025-04-28 08:21:24,303 simple_logger.py log_once [line:28] INFO mean_val_accuracy             0.1167
2025-04-28 08:21:24,303 simple_logger.py log_once [line:28] INFO std_val_accuracy              0.0193
2025-04-28 08:21:24,303 simple_logger.py log_once [line:28] INFO val_loss                      2.3002
2025-04-28 08:21:24,303 simple_logger.py log_once [line:28] INFO mean_val_loss                 2.3002
2025-04-28 08:21:24,304 simple_logger.py log_once [line:28] INFO std_val_loss                  0.0024
2025-04-28 08:21:24,304 fedbase.py run [line:323] INFO expense           23523460.0
2025-04-28 08:21:24,304 fedbase.py run [line:324] INFO Eval Time Cost:               2.1504s
2025-04-28 08:21:24,304 asyncbase.py iterate [line:68] INFO Select clients [0, 1, 2, 3, 4, 5, 6, 7, 8, 9, 10, 11, 12, 13, 14, 15, 16, 17, 18, 19] at time 4576.
2025-04-28 08:22:50,566 asyncbase.py iterate [line:73] INFO Receive new models from clients [5, 13, 2, 8] at time 4588
2025-04-28 08:22:50,566 asyncbase.py iterate [line:73] INFO Receive new models from clients [11, 0, 9, 6, 19, 15, 3] at time 4589
2025-04-28 08:22:50,566 asyncbase.py iterate [line:73] INFO Receive new models from clients [7, 17, 18, 12, 16, 10] at time 4590
2025-04-28 08:22:50,567 asyncbase.py iterate [line:73] INFO Receive new models from clients [14, 1, 4] at time 4591
2025-04-28 08:22:50,659 fedbase.py run [line:318] INFO --------------Round 292--------------
2025-04-28 08:22:50,659 simple_logger.py log_once [line:14] INFO Current_time:4591
2025-04-28 08:22:52,833 simple_logger.py log_once [line:28] INFO test_accuracy                 0.1135
2025-04-28 08:22:52,834 simple_logger.py log_once [line:28] INFO test_loss                     2.3010
2025-04-28 08:22:52,834 simple_logger.py log_once [line:28] INFO val_accuracy                  0.1167
2025-04-28 08:22:52,834 simple_logger.py log_once [line:28] INFO mean_val_accuracy             0.1167
2025-04-28 08:22:52,834 simple_logger.py log_once [line:28] INFO std_val_accuracy              0.0193
2025-04-28 08:22:52,834 simple_logger.py log_once [line:28] INFO val_loss                      2.3002
2025-04-28 08:22:52,834 simple_logger.py log_once [line:28] INFO mean_val_loss                 2.3002
2025-04-28 08:22:52,834 simple_logger.py log_once [line:28] INFO std_val_loss                  0.0024
2025-04-28 08:22:52,834 fedbase.py run [line:323] INFO expense           23547300.0
2025-04-28 08:22:52,834 fedbase.py run [line:324] INFO Eval Time Cost:               2.1754s
2025-04-28 08:22:52,834 asyncbase.py iterate [line:68] INFO Select clients [0, 1, 2, 3, 4, 5, 6, 7, 8, 9, 10, 11, 12, 13, 14, 15, 16, 17, 18, 19] at time 4592.
2025-04-28 08:24:18,663 asyncbase.py iterate [line:73] INFO Receive new models from clients [7, 4, 6, 10, 12] at time 4604
2025-04-28 08:24:18,664 asyncbase.py iterate [line:73] INFO Receive new models from clients [15, 16, 14, 18, 5, 1, 2] at time 4605
2025-04-28 08:24:18,664 asyncbase.py iterate [line:73] INFO Receive new models from clients [19, 13, 9, 8, 17, 0] at time 4606
2025-04-28 08:24:18,664 asyncbase.py iterate [line:73] INFO Receive new models from clients [3, 11] at time 4607
2025-04-28 08:24:18,729 fedbase.py run [line:318] INFO --------------Round 293--------------
2025-04-28 08:24:18,729 simple_logger.py log_once [line:14] INFO Current_time:4607
2025-04-28 08:24:20,900 simple_logger.py log_once [line:28] INFO test_accuracy                 0.1135
2025-04-28 08:24:20,900 simple_logger.py log_once [line:28] INFO test_loss                     2.3010
2025-04-28 08:24:20,900 simple_logger.py log_once [line:28] INFO val_accuracy                  0.1167
2025-04-28 08:24:20,900 simple_logger.py log_once [line:28] INFO mean_val_accuracy             0.1167
2025-04-28 08:24:20,900 simple_logger.py log_once [line:28] INFO std_val_accuracy              0.0193
2025-04-28 08:24:20,900 simple_logger.py log_once [line:28] INFO val_loss                      2.3002
2025-04-28 08:24:20,900 simple_logger.py log_once [line:28] INFO mean_val_loss                 2.3002
2025-04-28 08:24:20,900 simple_logger.py log_once [line:28] INFO std_val_loss                  0.0024
2025-04-28 08:24:20,900 fedbase.py run [line:323] INFO expense           23571140.0
2025-04-28 08:24:20,900 fedbase.py run [line:324] INFO Eval Time Cost:               2.1712s
2025-04-28 08:24:20,900 asyncbase.py iterate [line:68] INFO Select clients [0, 1, 2, 3, 4, 5, 6, 7, 8, 9, 10, 11, 12, 13, 14, 15, 16, 17, 18, 19] at time 4608.
2025-04-28 08:25:48,614 asyncbase.py iterate [line:73] INFO Receive new models from clients [10] at time 4620
2025-04-28 08:25:48,614 asyncbase.py iterate [line:73] INFO Receive new models from clients [8, 18, 2, 11, 14, 0, 15, 12] at time 4621
2025-04-28 08:25:48,615 asyncbase.py iterate [line:73] INFO Receive new models from clients [7, 17, 9, 3, 16, 5, 19, 1] at time 4622
2025-04-28 08:25:48,615 asyncbase.py iterate [line:73] INFO Receive new models from clients [13, 4, 6] at time 4623
2025-04-28 08:25:48,685 fedbase.py run [line:318] INFO --------------Round 294--------------
2025-04-28 08:25:48,685 simple_logger.py log_once [line:14] INFO Current_time:4623
2025-04-28 08:25:50,818 simple_logger.py log_once [line:28] INFO test_accuracy                 0.1135
2025-04-28 08:25:50,818 simple_logger.py log_once [line:28] INFO test_loss                     2.3010
2025-04-28 08:25:50,818 simple_logger.py log_once [line:28] INFO val_accuracy                  0.1167
2025-04-28 08:25:50,818 simple_logger.py log_once [line:28] INFO mean_val_accuracy             0.1167
2025-04-28 08:25:50,818 simple_logger.py log_once [line:28] INFO std_val_accuracy              0.0193
2025-04-28 08:25:50,818 simple_logger.py log_once [line:28] INFO val_loss                      2.3002
2025-04-28 08:25:50,818 simple_logger.py log_once [line:28] INFO mean_val_loss                 2.3002
2025-04-28 08:25:50,818 simple_logger.py log_once [line:28] INFO std_val_loss                  0.0025
2025-04-28 08:25:50,819 fedbase.py run [line:323] INFO expense           23594980.0
2025-04-28 08:25:50,819 fedbase.py run [line:324] INFO Eval Time Cost:               2.1339s
2025-04-28 08:25:50,819 asyncbase.py iterate [line:68] INFO Select clients [0, 1, 2, 3, 4, 5, 6, 7, 8, 9, 10, 11, 12, 13, 14, 15, 16, 17, 18, 19] at time 4624.
2025-04-28 08:27:17,161 asyncbase.py iterate [line:73] INFO Receive new models from clients [8, 7, 4, 15] at time 4636
2025-04-28 08:27:17,162 asyncbase.py iterate [line:73] INFO Receive new models from clients [2, 11, 13, 10, 1, 5, 9, 12] at time 4637
2025-04-28 08:27:17,162 asyncbase.py iterate [line:73] INFO Receive new models from clients [16, 0, 14, 17, 19, 3] at time 4638
2025-04-28 08:27:17,162 asyncbase.py iterate [line:73] INFO Receive new models from clients [6, 18] at time 4639
2025-04-28 08:27:17,225 fedbase.py run [line:318] INFO --------------Round 295--------------
2025-04-28 08:27:17,225 simple_logger.py log_once [line:14] INFO Current_time:4639
2025-04-28 08:27:19,447 simple_logger.py log_once [line:28] INFO test_accuracy                 0.1135
2025-04-28 08:27:19,448 simple_logger.py log_once [line:28] INFO test_loss                     2.3010
2025-04-28 08:27:19,448 simple_logger.py log_once [line:28] INFO val_accuracy                  0.1167
2025-04-28 08:27:19,448 simple_logger.py log_once [line:28] INFO mean_val_accuracy             0.1167
2025-04-28 08:27:19,448 simple_logger.py log_once [line:28] INFO std_val_accuracy              0.0193
2025-04-28 08:27:19,448 simple_logger.py log_once [line:28] INFO val_loss                      2.3002
2025-04-28 08:27:19,448 simple_logger.py log_once [line:28] INFO mean_val_loss                 2.3002
2025-04-28 08:27:19,448 simple_logger.py log_once [line:28] INFO std_val_loss                  0.0024
2025-04-28 08:27:19,448 fedbase.py run [line:323] INFO expense           23618820.0
2025-04-28 08:27:19,448 fedbase.py run [line:324] INFO Eval Time Cost:               2.2232s
2025-04-28 08:27:19,448 asyncbase.py iterate [line:68] INFO Select clients [0, 1, 2, 3, 4, 5, 6, 7, 8, 9, 10, 11, 12, 13, 14, 15, 16, 17, 18, 19] at time 4640.
2025-04-28 08:28:46,460 asyncbase.py iterate [line:73] INFO Receive new models from clients [5] at time 4652
2025-04-28 08:28:46,460 asyncbase.py iterate [line:73] INFO Receive new models from clients [2, 8, 7, 0, 13, 9, 18, 17] at time 4653
2025-04-28 08:28:46,460 asyncbase.py iterate [line:73] INFO Receive new models from clients [14, 16, 11, 6, 10, 1, 3] at time 4654
2025-04-28 08:28:46,461 asyncbase.py iterate [line:73] INFO Receive new models from clients [12, 19, 15, 4] at time 4655
2025-04-28 08:28:46,536 fedbase.py run [line:318] INFO --------------Round 296--------------
2025-04-28 08:28:46,536 simple_logger.py log_once [line:14] INFO Current_time:4655
2025-04-28 08:28:48,678 simple_logger.py log_once [line:28] INFO test_accuracy                 0.1135
2025-04-28 08:28:48,679 simple_logger.py log_once [line:28] INFO test_loss                     2.3010
2025-04-28 08:28:48,679 simple_logger.py log_once [line:28] INFO val_accuracy                  0.1167
2025-04-28 08:28:48,679 simple_logger.py log_once [line:28] INFO mean_val_accuracy             0.1167
2025-04-28 08:28:48,679 simple_logger.py log_once [line:28] INFO std_val_accuracy              0.0193
2025-04-28 08:28:48,679 simple_logger.py log_once [line:28] INFO val_loss                      2.3002
2025-04-28 08:28:48,679 simple_logger.py log_once [line:28] INFO mean_val_loss                 2.3002
2025-04-28 08:28:48,679 simple_logger.py log_once [line:28] INFO std_val_loss                  0.0024
2025-04-28 08:28:48,679 fedbase.py run [line:323] INFO expense           23642660.0
2025-04-28 08:28:48,679 fedbase.py run [line:324] INFO Eval Time Cost:               2.1434s
2025-04-28 08:28:48,679 asyncbase.py iterate [line:68] INFO Select clients [0, 1, 2, 3, 4, 5, 6, 7, 8, 9, 10, 11, 12, 13, 14, 15, 16, 17, 18, 19] at time 4656.
2025-04-28 08:30:17,585 asyncbase.py iterate [line:73] INFO Receive new models from clients [5, 1, 8] at time 4668
2025-04-28 08:30:17,586 asyncbase.py iterate [line:73] INFO Receive new models from clients [15, 9, 13, 17, 2, 16, 3, 10] at time 4669
2025-04-28 08:30:17,586 asyncbase.py iterate [line:73] INFO Receive new models from clients [11, 12, 19, 4, 0, 14, 18, 7, 6] at time 4670
2025-04-28 08:30:17,676 fedbase.py run [line:318] INFO --------------Round 297--------------
2025-04-28 08:30:17,676 simple_logger.py log_once [line:14] INFO Current_time:4670
2025-04-28 08:30:20,216 simple_logger.py log_once [line:28] INFO test_accuracy                 0.1135
2025-04-28 08:30:20,216 simple_logger.py log_once [line:28] INFO test_loss                     2.3010
2025-04-28 08:30:20,217 simple_logger.py log_once [line:28] INFO val_accuracy                  0.1167
2025-04-28 08:30:20,217 simple_logger.py log_once [line:28] INFO mean_val_accuracy             0.1167
2025-04-28 08:30:20,217 simple_logger.py log_once [line:28] INFO std_val_accuracy              0.0193
2025-04-28 08:30:20,217 simple_logger.py log_once [line:28] INFO val_loss                      2.3002
2025-04-28 08:30:20,217 simple_logger.py log_once [line:28] INFO mean_val_loss                 2.3002
2025-04-28 08:30:20,217 simple_logger.py log_once [line:28] INFO std_val_loss                  0.0024
2025-04-28 08:30:20,217 fedbase.py run [line:323] INFO expense           23666500.0
2025-04-28 08:30:20,217 fedbase.py run [line:324] INFO Eval Time Cost:               2.5408s
2025-04-28 08:30:20,217 asyncbase.py iterate [line:68] INFO Select clients [0, 1, 2, 3, 4, 5, 6, 7, 8, 9, 10, 11, 12, 13, 14, 15, 16, 17, 18, 19] at time 4671.
2025-04-28 08:31:47,756 asyncbase.py iterate [line:73] INFO Receive new models from clients [19, 10, 11] at time 4683
2025-04-28 08:31:47,756 asyncbase.py iterate [line:73] INFO Receive new models from clients [1, 4, 5, 14, 8, 7, 9, 2] at time 4684
2025-04-28 08:31:47,756 asyncbase.py iterate [line:73] INFO Receive new models from clients [17, 13, 12, 18, 6, 3] at time 4685
2025-04-28 08:31:47,757 asyncbase.py iterate [line:73] INFO Receive new models from clients [15, 16, 0] at time 4686
2025-04-28 08:31:47,828 fedbase.py run [line:318] INFO --------------Round 298--------------
2025-04-28 08:31:47,828 simple_logger.py log_once [line:14] INFO Current_time:4686
2025-04-28 08:31:50,022 simple_logger.py log_once [line:28] INFO test_accuracy                 0.1135
2025-04-28 08:31:50,022 simple_logger.py log_once [line:28] INFO test_loss                     2.3010
2025-04-28 08:31:50,022 simple_logger.py log_once [line:28] INFO val_accuracy                  0.1167
2025-04-28 08:31:50,022 simple_logger.py log_once [line:28] INFO mean_val_accuracy             0.1167
2025-04-28 08:31:50,022 simple_logger.py log_once [line:28] INFO std_val_accuracy              0.0193
2025-04-28 08:31:50,022 simple_logger.py log_once [line:28] INFO val_loss                      2.3002
2025-04-28 08:31:50,022 simple_logger.py log_once [line:28] INFO mean_val_loss                 2.3002
2025-04-28 08:31:50,022 simple_logger.py log_once [line:28] INFO std_val_loss                  0.0024
2025-04-28 08:31:50,022 fedbase.py run [line:323] INFO expense           23690340.0
2025-04-28 08:31:50,022 fedbase.py run [line:324] INFO Eval Time Cost:               2.1944s
2025-04-28 08:31:50,022 asyncbase.py iterate [line:68] INFO Select clients [0, 1, 2, 3, 4, 5, 6, 7, 8, 9, 10, 11, 12, 13, 14, 15, 16, 17, 18, 19] at time 4687.
2025-04-28 08:33:11,857 asyncbase.py iterate [line:73] INFO Receive new models from clients [13, 3, 10, 2] at time 4699
2025-04-28 08:33:11,857 asyncbase.py iterate [line:73] INFO Receive new models from clients [0, 7, 19, 8, 17, 5, 14, 1, 18, 16, 11] at time 4700
2025-04-28 08:33:11,857 asyncbase.py iterate [line:73] INFO Receive new models from clients [9, 15, 4, 6] at time 4701
2025-04-28 08:33:11,857 asyncbase.py iterate [line:73] INFO Receive new models from clients [12] at time 4702
2025-04-28 08:33:11,942 fedbase.py run [line:318] INFO --------------Round 299--------------
2025-04-28 08:33:11,942 simple_logger.py log_once [line:14] INFO Current_time:4702
2025-04-28 08:33:14,150 simple_logger.py log_once [line:28] INFO test_accuracy                 0.1135
2025-04-28 08:33:14,150 simple_logger.py log_once [line:28] INFO test_loss                     2.3010
2025-04-28 08:33:14,150 simple_logger.py log_once [line:28] INFO val_accuracy                  0.1167
2025-04-28 08:33:14,150 simple_logger.py log_once [line:28] INFO mean_val_accuracy             0.1167
2025-04-28 08:33:14,150 simple_logger.py log_once [line:28] INFO std_val_accuracy              0.0193
2025-04-28 08:33:14,150 simple_logger.py log_once [line:28] INFO val_loss                      2.3002
2025-04-28 08:33:14,150 simple_logger.py log_once [line:28] INFO mean_val_loss                 2.3002
2025-04-28 08:33:14,150 simple_logger.py log_once [line:28] INFO std_val_loss                  0.0024
2025-04-28 08:33:14,150 fedbase.py run [line:323] INFO expense           23714180.0
2025-04-28 08:33:14,150 fedbase.py run [line:324] INFO Eval Time Cost:               2.2079s
2025-04-28 08:33:14,151 asyncbase.py iterate [line:68] INFO Select clients [0, 1, 2, 3, 4, 5, 6, 7, 8, 9, 10, 11, 12, 13, 14, 15, 16, 17, 18, 19] at time 4703.
2025-04-28 08:34:42,272 asyncbase.py iterate [line:73] INFO Receive new models from clients [5, 15] at time 4715
2025-04-28 08:34:42,273 asyncbase.py iterate [line:73] INFO Receive new models from clients [7, 19, 6, 8, 13] at time 4716
2025-04-28 08:34:42,273 asyncbase.py iterate [line:73] INFO Receive new models from clients [18, 12, 1, 14, 11, 17, 9, 3, 10] at time 4717
2025-04-28 08:34:42,273 asyncbase.py iterate [line:73] INFO Receive new models from clients [4, 16, 0, 2] at time 4718
2025-04-28 08:34:42,352 fedbase.py run [line:318] INFO --------------Round 300--------------
2025-04-28 08:34:42,353 simple_logger.py log_once [line:14] INFO Current_time:4718
2025-04-28 08:34:44,506 simple_logger.py log_once [line:28] INFO test_accuracy                 0.1135
2025-04-28 08:34:44,506 simple_logger.py log_once [line:28] INFO test_loss                     2.3010
2025-04-28 08:34:44,506 simple_logger.py log_once [line:28] INFO val_accuracy                  0.1167
2025-04-28 08:34:44,507 simple_logger.py log_once [line:28] INFO mean_val_accuracy             0.1167
2025-04-28 08:34:44,507 simple_logger.py log_once [line:28] INFO std_val_accuracy              0.0193
2025-04-28 08:34:44,507 simple_logger.py log_once [line:28] INFO val_loss                      2.3002
2025-04-28 08:34:44,507 simple_logger.py log_once [line:28] INFO mean_val_loss                 2.3002
2025-04-28 08:34:44,507 simple_logger.py log_once [line:28] INFO std_val_loss                  0.0024
2025-04-28 08:34:44,507 fedbase.py run [line:323] INFO expense           23738020.0
2025-04-28 08:34:44,507 fedbase.py run [line:324] INFO Eval Time Cost:               2.1543s
2025-04-28 08:34:44,507 fedbase.py run [line:332] INFO =================End==================
2025-04-28 08:34:44,507 fedbase.py run [line:333] INFO Total Time Cost:              22995.0735s
