2025-04-25 02:50:54,007 fflow.py init [line:792] INFO PROCESS ID:	176
2025-04-25 02:50:54,007 fflow.py init [line:793] INFO Initializing devices: cuda:0 will be used for this running.
2025-04-25 02:50:54,007 fflow.py init [line:796] INFO BENCHMARK:	flgo.benchmark.mnist_classification
2025-04-25 02:50:54,007 fflow.py init [line:797] INFO TASK:			./mnist_result_20
2025-04-25 02:50:54,007 fflow.py init [line:798] INFO MODEL:		flgo.benchmark.mnist_classification.model.cnn
2025-04-25 02:50:54,007 fflow.py init [line:799] INFO ALGORITHM:	tucker
2025-04-25 02:50:54,007 fflow.py init [line:800] INFO LRate:		0.001
2025-04-25 02:50:54,007 fflow.py init [line:801] INFO COMPRESS:		tucker
2025-04-25 02:50:54,007 fflow.py init [line:807] INFO GAMMA:		14
2025-04-25 02:50:55,575 fflow.py init [line:853] INFO SCENE:		horizontal FL with 1 <class 'tucker.Server'>, 20 <class 'tucker.Client'>
2025-04-25 02:50:55,778 fflow.py init [line:870] INFO SIMULATOR:	<class 'flgo.simulator.default_simulator.Simulator'>
2025-04-25 02:50:55,779 fflow.py init [line:883] INFO Ready to start.
2025-04-25 02:50:55,780 fedbase.py run [line:306] INFO --------------Initial Evaluation--------------
2025-04-25 02:50:55,780 simple_logger.py log_once [line:14] INFO Current_time:0
2025-04-25 02:50:58,181 simple_logger.py log_once [line:28] INFO test_accuracy                 0.0875
2025-04-25 02:50:58,181 simple_logger.py log_once [line:28] INFO test_loss                     2.3101
2025-04-25 02:50:58,181 simple_logger.py log_once [line:28] INFO val_accuracy                  0.0807
2025-04-25 02:50:58,181 simple_logger.py log_once [line:28] INFO mean_val_accuracy             0.0807
2025-04-25 02:50:58,181 simple_logger.py log_once [line:28] INFO std_val_accuracy              0.0197
2025-04-25 02:50:58,181 simple_logger.py log_once [line:28] INFO val_loss                      2.3117
2025-04-25 02:50:58,181 simple_logger.py log_once [line:28] INFO mean_val_loss                 2.3117
2025-04-25 02:50:58,181 simple_logger.py log_once [line:28] INFO std_val_loss                  0.0059
2025-04-25 02:50:58,181 fedbase.py run [line:309] INFO expense     0
2025-04-25 02:50:58,181 fedbase.py run [line:310] INFO Eval Time Cost:               2.4017s
2025-04-25 02:50:58,181 asyncbase.py iterate [line:68] INFO Select clients [0, 1, 2, 3, 4, 5, 6, 7, 8, 9, 10, 11, 12, 13, 14, 15, 16, 17, 18, 19] at time 1.
2025-04-25 02:51:09,078 asyncbase.py iterate [line:73] INFO Receive new models from clients [8, 7, 6, 11, 15, 5, 2, 18, 9, 14, 16, 17, 10, 19, 12, 0, 1, 3, 4, 13] at time 2
2025-04-25 02:51:09,283 fedbase.py run [line:318] INFO --------------Round 1--------------
2025-04-25 02:51:09,283 simple_logger.py log_once [line:14] INFO Current_time:2
2025-04-25 02:51:11,322 simple_logger.py log_once [line:28] INFO test_accuracy                 0.9223
2025-04-25 02:51:11,322 simple_logger.py log_once [line:28] INFO test_loss                     0.3389
2025-04-25 02:51:11,322 simple_logger.py log_once [line:28] INFO val_accuracy                  0.9172
2025-04-25 02:51:11,322 simple_logger.py log_once [line:28] INFO mean_val_accuracy             0.9172
2025-04-25 02:51:11,322 simple_logger.py log_once [line:28] INFO std_val_accuracy              0.0172
2025-04-25 02:51:11,322 simple_logger.py log_once [line:28] INFO val_loss                      0.3536
2025-04-25 02:51:11,322 simple_logger.py log_once [line:28] INFO mean_val_loss                 0.3536
2025-04-25 02:51:11,322 simple_logger.py log_once [line:28] INFO std_val_loss                  0.0322
2025-04-25 02:51:11,322 fedbase.py run [line:323] INFO expense           8316850.0
2025-04-25 02:51:11,322 fedbase.py run [line:324] INFO Eval Time Cost:               2.0389s
2025-04-25 02:51:11,322 asyncbase.py iterate [line:68] INFO Select clients [0, 1, 2, 3, 4, 5, 6, 7, 8, 9, 10, 11, 12, 13, 14, 15, 16, 17, 18, 19] at time 3.
2025-04-25 02:51:22,584 asyncbase.py iterate [line:73] INFO Receive new models from clients [8, 6, 19, 17, 5, 3, 14, 7, 9, 2, 10, 1, 11, 12, 13, 15, 18, 0, 16, 4] at time 4
2025-04-25 02:51:22,638 fedbase.py run [line:318] INFO --------------Round 2--------------
2025-04-25 02:51:22,638 simple_logger.py log_once [line:14] INFO Current_time:4
2025-04-25 02:51:24,673 simple_logger.py log_once [line:28] INFO test_accuracy                 0.9599
2025-04-25 02:51:24,673 simple_logger.py log_once [line:28] INFO test_loss                     0.1287
2025-04-25 02:51:24,673 simple_logger.py log_once [line:28] INFO val_accuracy                  0.9563
2025-04-25 02:51:24,673 simple_logger.py log_once [line:28] INFO mean_val_accuracy             0.9563
2025-04-25 02:51:24,673 simple_logger.py log_once [line:28] INFO std_val_accuracy              0.0109
2025-04-25 02:51:24,673 simple_logger.py log_once [line:28] INFO val_loss                      0.1464
2025-04-25 02:51:24,673 simple_logger.py log_once [line:28] INFO mean_val_loss                 0.1464
2025-04-25 02:51:24,673 simple_logger.py log_once [line:28] INFO std_val_loss                  0.0318
2025-04-25 02:51:24,673 fedbase.py run [line:323] INFO expense           8340690.0
2025-04-25 02:51:24,674 fedbase.py run [line:324] INFO Eval Time Cost:               2.0358s
2025-04-25 02:51:24,674 asyncbase.py iterate [line:68] INFO Select clients [0, 1, 2, 3, 4, 5, 6, 7, 8, 9, 10, 11, 12, 13, 14, 15, 16, 17, 18, 19] at time 5.
2025-04-25 02:51:35,739 asyncbase.py iterate [line:73] INFO Receive new models from clients [18, 6] at time 17
2025-04-25 02:51:35,739 asyncbase.py iterate [line:73] INFO Receive new models from clients [7, 14, 0, 16, 19, 9, 5] at time 18
2025-04-25 02:51:35,739 asyncbase.py iterate [line:73] INFO Receive new models from clients [3, 4, 13, 15, 17, 2, 8] at time 19
2025-04-25 02:51:35,740 asyncbase.py iterate [line:73] INFO Receive new models from clients [1, 12, 10, 11] at time 20
2025-04-25 02:51:35,900 fedbase.py run [line:318] INFO --------------Round 3--------------
2025-04-25 02:51:35,900 simple_logger.py log_once [line:14] INFO Current_time:20
2025-04-25 02:51:37,944 simple_logger.py log_once [line:28] INFO test_accuracy                 0.9754
2025-04-25 02:51:37,944 simple_logger.py log_once [line:28] INFO test_loss                     0.0761
2025-04-25 02:51:37,944 simple_logger.py log_once [line:28] INFO val_accuracy                  0.9735
2025-04-25 02:51:37,944 simple_logger.py log_once [line:28] INFO mean_val_accuracy             0.9735
2025-04-25 02:51:37,944 simple_logger.py log_once [line:28] INFO std_val_accuracy              0.0072
2025-04-25 02:51:37,944 simple_logger.py log_once [line:28] INFO val_loss                      0.0941
2025-04-25 02:51:37,944 simple_logger.py log_once [line:28] INFO mean_val_loss                 0.0941
2025-04-25 02:51:37,945 simple_logger.py log_once [line:28] INFO std_val_loss                  0.0219
2025-04-25 02:51:37,945 fedbase.py run [line:323] INFO expense           16657540.0
2025-04-25 02:51:37,945 fedbase.py run [line:324] INFO Eval Time Cost:               2.0444s
2025-04-25 02:51:37,945 asyncbase.py iterate [line:68] INFO Select clients [0, 1, 2, 3, 4, 5, 6, 7, 8, 9, 10, 11, 12, 13, 14, 15, 16, 17, 18, 19] at time 21.
2025-04-25 02:51:49,301 asyncbase.py iterate [line:73] INFO Receive new models from clients [12, 7, 13, 17, 3, 9, 4, 18, 6, 1, 14, 16, 10, 11, 0, 15, 8, 19, 2, 5] at time 22
2025-04-25 02:51:49,354 fedbase.py run [line:318] INFO --------------Round 4--------------
2025-04-25 02:51:49,354 simple_logger.py log_once [line:14] INFO Current_time:22
2025-04-25 02:51:51,398 simple_logger.py log_once [line:28] INFO test_accuracy                 0.9781
2025-04-25 02:51:51,398 simple_logger.py log_once [line:28] INFO test_loss                     0.0643
2025-04-25 02:51:51,398 simple_logger.py log_once [line:28] INFO val_accuracy                  0.9757
2025-04-25 02:51:51,398 simple_logger.py log_once [line:28] INFO mean_val_accuracy             0.9757
2025-04-25 02:51:51,398 simple_logger.py log_once [line:28] INFO std_val_accuracy              0.0084
2025-04-25 02:51:51,398 simple_logger.py log_once [line:28] INFO val_loss                      0.0819
2025-04-25 02:51:51,398 simple_logger.py log_once [line:28] INFO mean_val_loss                 0.0819
2025-04-25 02:51:51,398 simple_logger.py log_once [line:28] INFO std_val_loss                  0.0212
2025-04-25 02:51:51,398 fedbase.py run [line:323] INFO expense           16681380.0
2025-04-25 02:51:51,398 fedbase.py run [line:324] INFO Eval Time Cost:               2.0441s
2025-04-25 02:51:51,399 asyncbase.py iterate [line:68] INFO Select clients [0, 1, 2, 3, 4, 5, 6, 7, 8, 9, 10, 11, 12, 13, 14, 15, 16, 17, 18, 19] at time 23.
2025-04-25 02:52:03,529 asyncbase.py iterate [line:73] INFO Receive new models from clients [10, 4] at time 35
2025-04-25 02:52:03,529 asyncbase.py iterate [line:73] INFO Receive new models from clients [5, 2, 19, 13, 6, 14] at time 36
2025-04-25 02:52:03,530 asyncbase.py iterate [line:73] INFO Receive new models from clients [16, 11, 1, 12, 18, 7, 9, 8, 17] at time 37
2025-04-25 02:52:03,530 asyncbase.py iterate [line:73] INFO Receive new models from clients [0, 3, 15] at time 38
2025-04-25 02:52:03,608 fedbase.py run [line:318] INFO --------------Round 5--------------
2025-04-25 02:52:03,608 simple_logger.py log_once [line:14] INFO Current_time:38
2025-04-25 02:52:05,802 simple_logger.py log_once [line:28] INFO test_accuracy                 0.9805
2025-04-25 02:52:05,802 simple_logger.py log_once [line:28] INFO test_loss                     0.0569
2025-04-25 02:52:05,802 simple_logger.py log_once [line:28] INFO val_accuracy                  0.9775
2025-04-25 02:52:05,802 simple_logger.py log_once [line:28] INFO mean_val_accuracy             0.9775
2025-04-25 02:52:05,802 simple_logger.py log_once [line:28] INFO std_val_accuracy              0.0072
2025-04-25 02:52:05,802 simple_logger.py log_once [line:28] INFO val_loss                      0.0747
2025-04-25 02:52:05,802 simple_logger.py log_once [line:28] INFO mean_val_loss                 0.0747
2025-04-25 02:52:05,802 simple_logger.py log_once [line:28] INFO std_val_loss                  0.0209
2025-04-25 02:52:05,802 fedbase.py run [line:323] INFO expense           16705220.0
2025-04-25 02:52:05,802 fedbase.py run [line:324] INFO Eval Time Cost:               2.1942s
2025-04-25 02:52:05,803 asyncbase.py iterate [line:68] INFO Select clients [0, 1, 2, 3, 4, 5, 6, 7, 8, 9, 10, 11, 12, 13, 14, 15, 16, 17, 18, 19] at time 39.
2025-04-25 02:52:18,245 asyncbase.py iterate [line:73] INFO Receive new models from clients [11, 2, 12, 4] at time 51
2025-04-25 02:52:18,245 asyncbase.py iterate [line:73] INFO Receive new models from clients [14, 13, 18, 6, 5, 10, 7] at time 52
2025-04-25 02:52:18,245 asyncbase.py iterate [line:73] INFO Receive new models from clients [17, 15, 9, 0, 8, 3] at time 53
2025-04-25 02:52:18,246 asyncbase.py iterate [line:73] INFO Receive new models from clients [1, 19, 16] at time 54
2025-04-25 02:52:18,299 fedbase.py run [line:318] INFO --------------Round 6--------------
2025-04-25 02:52:18,299 simple_logger.py log_once [line:14] INFO Current_time:54
2025-04-25 02:52:20,314 simple_logger.py log_once [line:28] INFO test_accuracy                 0.9818
2025-04-25 02:52:20,314 simple_logger.py log_once [line:28] INFO test_loss                     0.0527
2025-04-25 02:52:20,314 simple_logger.py log_once [line:28] INFO val_accuracy                  0.9788
2025-04-25 02:52:20,314 simple_logger.py log_once [line:28] INFO mean_val_accuracy             0.9788
2025-04-25 02:52:20,314 simple_logger.py log_once [line:28] INFO std_val_accuracy              0.0077
2025-04-25 02:52:20,314 simple_logger.py log_once [line:28] INFO val_loss                      0.0711
2025-04-25 02:52:20,314 simple_logger.py log_once [line:28] INFO mean_val_loss                 0.0711
2025-04-25 02:52:20,314 simple_logger.py log_once [line:28] INFO std_val_loss                  0.0222
2025-04-25 02:52:20,315 fedbase.py run [line:323] INFO expense           16729060.0
2025-04-25 02:52:20,315 fedbase.py run [line:324] INFO Eval Time Cost:               2.0152s
2025-04-25 02:52:20,315 asyncbase.py iterate [line:68] INFO Select clients [0, 1, 2, 3, 4, 5, 6, 7, 8, 9, 10, 11, 12, 13, 14, 15, 16, 17, 18, 19] at time 55.
2025-04-25 02:52:31,445 asyncbase.py iterate [line:73] INFO Receive new models from clients [1, 3, 12, 8] at time 67
2025-04-25 02:52:31,446 asyncbase.py iterate [line:73] INFO Receive new models from clients [13, 16, 18, 11, 14, 7] at time 68
2025-04-25 02:52:31,446 asyncbase.py iterate [line:73] INFO Receive new models from clients [4, 6, 15, 19, 2, 10, 0, 17] at time 69
2025-04-25 02:52:31,446 asyncbase.py iterate [line:73] INFO Receive new models from clients [9, 5] at time 70
2025-04-25 02:52:31,501 fedbase.py run [line:318] INFO --------------Round 7--------------
2025-04-25 02:52:31,501 simple_logger.py log_once [line:14] INFO Current_time:70
2025-04-25 02:52:33,543 simple_logger.py log_once [line:28] INFO test_accuracy                 0.9830
2025-04-25 02:52:33,543 simple_logger.py log_once [line:28] INFO test_loss                     0.0504
2025-04-25 02:52:33,543 simple_logger.py log_once [line:28] INFO val_accuracy                  0.9802
2025-04-25 02:52:33,543 simple_logger.py log_once [line:28] INFO mean_val_accuracy             0.9802
2025-04-25 02:52:33,543 simple_logger.py log_once [line:28] INFO std_val_accuracy              0.0065
2025-04-25 02:52:33,543 simple_logger.py log_once [line:28] INFO val_loss                      0.0692
2025-04-25 02:52:33,543 simple_logger.py log_once [line:28] INFO mean_val_loss                 0.0692
2025-04-25 02:52:33,543 simple_logger.py log_once [line:28] INFO std_val_loss                  0.0227
2025-04-25 02:52:33,543 fedbase.py run [line:323] INFO expense           16752900.0
2025-04-25 02:52:33,543 fedbase.py run [line:324] INFO Eval Time Cost:               2.0425s
2025-04-25 02:52:33,544 asyncbase.py iterate [line:68] INFO Select clients [0, 1, 2, 3, 4, 5, 6, 7, 8, 9, 10, 11, 12, 13, 14, 15, 16, 17, 18, 19] at time 71.
2025-04-25 02:52:45,117 asyncbase.py iterate [line:73] INFO Receive new models from clients [11, 8, 17] at time 83
2025-04-25 02:52:45,118 asyncbase.py iterate [line:73] INFO Receive new models from clients [0, 5, 13, 7, 6, 19] at time 84
2025-04-25 02:52:45,118 asyncbase.py iterate [line:73] INFO Receive new models from clients [12, 2, 18, 9, 16, 10, 4, 15, 14, 1, 3] at time 85
2025-04-25 02:52:45,171 fedbase.py run [line:318] INFO --------------Round 8--------------
2025-04-25 02:52:45,171 simple_logger.py log_once [line:14] INFO Current_time:85
2025-04-25 02:52:47,202 simple_logger.py log_once [line:28] INFO test_accuracy                 0.9841
2025-04-25 02:52:47,202 simple_logger.py log_once [line:28] INFO test_loss                     0.0479
2025-04-25 02:52:47,202 simple_logger.py log_once [line:28] INFO val_accuracy                  0.9803
2025-04-25 02:52:47,202 simple_logger.py log_once [line:28] INFO mean_val_accuracy             0.9803
2025-04-25 02:52:47,203 simple_logger.py log_once [line:28] INFO std_val_accuracy              0.0058
2025-04-25 02:52:47,203 simple_logger.py log_once [line:28] INFO val_loss                      0.0669
2025-04-25 02:52:47,203 simple_logger.py log_once [line:28] INFO mean_val_loss                 0.0669
2025-04-25 02:52:47,203 simple_logger.py log_once [line:28] INFO std_val_loss                  0.0229
2025-04-25 02:52:47,203 fedbase.py run [line:323] INFO expense           16776740.0
2025-04-25 02:52:47,203 fedbase.py run [line:324] INFO Eval Time Cost:               2.0320s
2025-04-25 02:52:47,203 asyncbase.py iterate [line:68] INFO Select clients [0, 1, 2, 3, 4, 5, 6, 7, 8, 9, 10, 11, 12, 13, 14, 15, 16, 17, 18, 19] at time 86.
2025-04-25 02:52:58,647 asyncbase.py iterate [line:73] INFO Receive new models from clients [11, 5, 19, 7] at time 98
2025-04-25 02:52:58,647 asyncbase.py iterate [line:73] INFO Receive new models from clients [4, 0, 12, 15, 1, 18] at time 99
2025-04-25 02:52:58,647 asyncbase.py iterate [line:73] INFO Receive new models from clients [16, 13, 3, 8, 9, 17, 10, 2, 14, 6] at time 100
2025-04-25 02:52:58,703 fedbase.py run [line:318] INFO --------------Round 9--------------
2025-04-25 02:52:58,703 simple_logger.py log_once [line:14] INFO Current_time:100
2025-04-25 02:53:00,726 simple_logger.py log_once [line:28] INFO test_accuracy                 0.9842
2025-04-25 02:53:00,726 simple_logger.py log_once [line:28] INFO test_loss                     0.0464
2025-04-25 02:53:00,726 simple_logger.py log_once [line:28] INFO val_accuracy                  0.9812
2025-04-25 02:53:00,726 simple_logger.py log_once [line:28] INFO mean_val_accuracy             0.9812
2025-04-25 02:53:00,726 simple_logger.py log_once [line:28] INFO std_val_accuracy              0.0075
2025-04-25 02:53:00,726 simple_logger.py log_once [line:28] INFO val_loss                      0.0667
2025-04-25 02:53:00,726 simple_logger.py log_once [line:28] INFO mean_val_loss                 0.0667
2025-04-25 02:53:00,726 simple_logger.py log_once [line:28] INFO std_val_loss                  0.0238
2025-04-25 02:53:00,726 fedbase.py run [line:323] INFO expense           16800580.0
2025-04-25 02:53:00,726 fedbase.py run [line:324] INFO Eval Time Cost:               2.0230s
2025-04-25 02:53:00,727 asyncbase.py iterate [line:68] INFO Select clients [0, 1, 2, 3, 4, 5, 6, 7, 8, 9, 10, 11, 12, 13, 14, 15, 16, 17, 18, 19] at time 101.
2025-04-25 02:53:11,977 asyncbase.py iterate [line:73] INFO Receive new models from clients [5, 10, 19, 18, 2, 6] at time 113
2025-04-25 02:53:11,978 asyncbase.py iterate [line:73] INFO Receive new models from clients [0, 8, 12, 9, 15, 17, 16] at time 114
2025-04-25 02:53:11,978 asyncbase.py iterate [line:73] INFO Receive new models from clients [4, 13, 7, 14, 3] at time 115
2025-04-25 02:53:11,978 asyncbase.py iterate [line:73] INFO Receive new models from clients [11, 1] at time 116
2025-04-25 02:53:12,031 fedbase.py run [line:318] INFO --------------Round 10--------------
2025-04-25 02:53:12,031 simple_logger.py log_once [line:14] INFO Current_time:116
2025-04-25 02:53:14,082 simple_logger.py log_once [line:28] INFO test_accuracy                 0.9844
2025-04-25 02:53:14,082 simple_logger.py log_once [line:28] INFO test_loss                     0.0450
2025-04-25 02:53:14,082 simple_logger.py log_once [line:28] INFO val_accuracy                  0.9825
2025-04-25 02:53:14,082 simple_logger.py log_once [line:28] INFO mean_val_accuracy             0.9825
2025-04-25 02:53:14,082 simple_logger.py log_once [line:28] INFO std_val_accuracy              0.0064
2025-04-25 02:53:14,082 simple_logger.py log_once [line:28] INFO val_loss                      0.0646
2025-04-25 02:53:14,082 simple_logger.py log_once [line:28] INFO mean_val_loss                 0.0646
2025-04-25 02:53:14,082 simple_logger.py log_once [line:28] INFO std_val_loss                  0.0247
2025-04-25 02:53:14,082 fedbase.py run [line:323] INFO expense           16824420.0
2025-04-25 02:53:14,082 fedbase.py run [line:324] INFO Eval Time Cost:               2.0514s
2025-04-25 02:53:14,082 asyncbase.py iterate [line:68] INFO Select clients [0, 1, 2, 3, 4, 5, 6, 7, 8, 9, 10, 11, 12, 13, 14, 15, 16, 17, 18, 19] at time 117.
2025-04-25 02:53:25,525 asyncbase.py iterate [line:73] INFO Receive new models from clients [13, 1] at time 129
2025-04-25 02:53:25,525 asyncbase.py iterate [line:73] INFO Receive new models from clients [16, 6, 10, 8, 2, 9, 11, 7, 12, 19, 15, 18, 5] at time 130
2025-04-25 02:53:25,525 asyncbase.py iterate [line:73] INFO Receive new models from clients [17, 14, 3, 0] at time 131
2025-04-25 02:53:25,526 asyncbase.py iterate [line:73] INFO Receive new models from clients [4] at time 132
2025-04-25 02:53:25,578 fedbase.py run [line:318] INFO --------------Round 11--------------
2025-04-25 02:53:25,578 simple_logger.py log_once [line:14] INFO Current_time:132
2025-04-25 02:53:27,619 simple_logger.py log_once [line:28] INFO test_accuracy                 0.9856
2025-04-25 02:53:27,619 simple_logger.py log_once [line:28] INFO test_loss                     0.0443
2025-04-25 02:53:27,619 simple_logger.py log_once [line:28] INFO val_accuracy                  0.9837
2025-04-25 02:53:27,619 simple_logger.py log_once [line:28] INFO mean_val_accuracy             0.9837
2025-04-25 02:53:27,619 simple_logger.py log_once [line:28] INFO std_val_accuracy              0.0060
2025-04-25 02:53:27,619 simple_logger.py log_once [line:28] INFO val_loss                      0.0651
2025-04-25 02:53:27,619 simple_logger.py log_once [line:28] INFO mean_val_loss                 0.0651
2025-04-25 02:53:27,619 simple_logger.py log_once [line:28] INFO std_val_loss                  0.0247
2025-04-25 02:53:27,620 fedbase.py run [line:323] INFO expense           16848260.0
2025-04-25 02:53:27,620 fedbase.py run [line:324] INFO Eval Time Cost:               2.0415s
2025-04-25 02:53:27,620 asyncbase.py iterate [line:68] INFO Select clients [0, 1, 2, 3, 4, 5, 6, 7, 8, 9, 10, 11, 12, 13, 14, 15, 16, 17, 18, 19] at time 133.
2025-04-25 02:53:40,059 asyncbase.py iterate [line:73] INFO Receive new models from clients [13, 5] at time 145
2025-04-25 02:53:40,059 asyncbase.py iterate [line:73] INFO Receive new models from clients [8, 3, 14, 1] at time 146
2025-04-25 02:53:40,059 asyncbase.py iterate [line:73] INFO Receive new models from clients [9, 12, 19, 7, 10, 16, 6, 15] at time 147
2025-04-25 02:53:40,059 asyncbase.py iterate [line:73] INFO Receive new models from clients [17, 18, 4, 2, 0, 11] at time 148
2025-04-25 02:53:40,113 fedbase.py run [line:318] INFO --------------Round 12--------------
2025-04-25 02:53:40,114 simple_logger.py log_once [line:14] INFO Current_time:148
2025-04-25 02:53:42,133 simple_logger.py log_once [line:28] INFO test_accuracy                 0.9857
2025-04-25 02:53:42,133 simple_logger.py log_once [line:28] INFO test_loss                     0.0445
2025-04-25 02:53:42,133 simple_logger.py log_once [line:28] INFO val_accuracy                  0.9842
2025-04-25 02:53:42,133 simple_logger.py log_once [line:28] INFO mean_val_accuracy             0.9842
2025-04-25 02:53:42,133 simple_logger.py log_once [line:28] INFO std_val_accuracy              0.0054
2025-04-25 02:53:42,133 simple_logger.py log_once [line:28] INFO val_loss                      0.0664
2025-04-25 02:53:42,134 simple_logger.py log_once [line:28] INFO mean_val_loss                 0.0664
2025-04-25 02:53:42,134 simple_logger.py log_once [line:28] INFO std_val_loss                  0.0260
2025-04-25 02:53:42,134 fedbase.py run [line:323] INFO expense           16872100.0
2025-04-25 02:53:42,134 fedbase.py run [line:324] INFO Eval Time Cost:               2.0200s
2025-04-25 02:53:42,134 asyncbase.py iterate [line:68] INFO Select clients [0, 1, 2, 3, 4, 5, 6, 7, 8, 9, 10, 11, 12, 13, 14, 15, 16, 17, 18, 19] at time 149.
2025-04-25 02:53:53,484 asyncbase.py iterate [line:73] INFO Receive new models from clients [4, 19, 1, 13] at time 161
2025-04-25 02:53:53,484 asyncbase.py iterate [line:73] INFO Receive new models from clients [18, 0, 6, 7, 10] at time 162
2025-04-25 02:53:53,484 asyncbase.py iterate [line:73] INFO Receive new models from clients [11, 14, 15, 17, 12, 9, 5, 2, 16] at time 163
2025-04-25 02:53:53,485 asyncbase.py iterate [line:73] INFO Receive new models from clients [8, 3] at time 164
2025-04-25 02:53:53,538 fedbase.py run [line:318] INFO --------------Round 13--------------
2025-04-25 02:53:53,538 simple_logger.py log_once [line:14] INFO Current_time:164
2025-04-25 02:53:55,580 simple_logger.py log_once [line:28] INFO test_accuracy                 0.9857
2025-04-25 02:53:55,580 simple_logger.py log_once [line:28] INFO test_loss                     0.0460
2025-04-25 02:53:55,580 simple_logger.py log_once [line:28] INFO val_accuracy                  0.9848
2025-04-25 02:53:55,580 simple_logger.py log_once [line:28] INFO mean_val_accuracy             0.9848
2025-04-25 02:53:55,580 simple_logger.py log_once [line:28] INFO std_val_accuracy              0.0058
2025-04-25 02:53:55,580 simple_logger.py log_once [line:28] INFO val_loss                      0.0672
2025-04-25 02:53:55,580 simple_logger.py log_once [line:28] INFO mean_val_loss                 0.0672
2025-04-25 02:53:55,580 simple_logger.py log_once [line:28] INFO std_val_loss                  0.0276
2025-04-25 02:53:55,580 fedbase.py run [line:323] INFO expense           16895940.0
2025-04-25 02:53:55,580 fedbase.py run [line:324] INFO Eval Time Cost:               2.0423s
2025-04-25 02:53:55,580 asyncbase.py iterate [line:68] INFO Select clients [0, 1, 2, 3, 4, 5, 6, 7, 8, 9, 10, 11, 12, 13, 14, 15, 16, 17, 18, 19] at time 165.
2025-04-25 02:54:08,108 asyncbase.py iterate [line:73] INFO Receive new models from clients [14] at time 177
2025-04-25 02:54:08,109 asyncbase.py iterate [line:73] INFO Receive new models from clients [7, 10, 11, 15, 12, 17, 9, 1, 19, 6] at time 178
2025-04-25 02:54:08,109 asyncbase.py iterate [line:73] INFO Receive new models from clients [4, 2, 18, 16, 0, 13, 3, 5, 8] at time 179
2025-04-25 02:54:08,187 fedbase.py run [line:318] INFO --------------Round 14--------------
2025-04-25 02:54:08,188 simple_logger.py log_once [line:14] INFO Current_time:179
2025-04-25 02:54:10,647 simple_logger.py log_once [line:28] INFO test_accuracy                 0.9867
2025-04-25 02:54:10,647 simple_logger.py log_once [line:28] INFO test_loss                     0.0453
2025-04-25 02:54:10,647 simple_logger.py log_once [line:28] INFO val_accuracy                  0.9843
2025-04-25 02:54:10,647 simple_logger.py log_once [line:28] INFO mean_val_accuracy             0.9843
2025-04-25 02:54:10,648 simple_logger.py log_once [line:28] INFO std_val_accuracy              0.0047
2025-04-25 02:54:10,648 simple_logger.py log_once [line:28] INFO val_loss                      0.0662
2025-04-25 02:54:10,648 simple_logger.py log_once [line:28] INFO mean_val_loss                 0.0662
2025-04-25 02:54:10,648 simple_logger.py log_once [line:28] INFO std_val_loss                  0.0280
2025-04-25 02:54:10,648 fedbase.py run [line:323] INFO expense           16919780.0
2025-04-25 02:54:10,648 fedbase.py run [line:324] INFO Eval Time Cost:               2.4601s
2025-04-25 02:54:10,648 asyncbase.py iterate [line:68] INFO Select clients [0, 1, 2, 3, 4, 5, 6, 7, 8, 9, 10, 11, 12, 13, 14, 15, 16, 17, 18, 19] at time 180.
2025-04-25 02:54:22,806 asyncbase.py iterate [line:73] INFO Receive new models from clients [12, 9, 14] at time 192
2025-04-25 02:54:22,806 asyncbase.py iterate [line:73] INFO Receive new models from clients [2, 17, 11, 8, 4, 5, 1, 16] at time 193
2025-04-25 02:54:22,807 asyncbase.py iterate [line:73] INFO Receive new models from clients [19, 15, 13, 0, 18, 10, 7] at time 194
2025-04-25 02:54:22,807 asyncbase.py iterate [line:73] INFO Receive new models from clients [6, 3] at time 195
2025-04-25 02:54:22,861 fedbase.py run [line:318] INFO --------------Round 15--------------
2025-04-25 02:54:22,861 simple_logger.py log_once [line:14] INFO Current_time:195
2025-04-25 02:54:24,882 simple_logger.py log_once [line:28] INFO test_accuracy                 0.9867
2025-04-25 02:54:24,883 simple_logger.py log_once [line:28] INFO test_loss                     0.0445
2025-04-25 02:54:24,883 simple_logger.py log_once [line:28] INFO val_accuracy                  0.9857
2025-04-25 02:54:24,883 simple_logger.py log_once [line:28] INFO mean_val_accuracy             0.9857
2025-04-25 02:54:24,883 simple_logger.py log_once [line:28] INFO std_val_accuracy              0.0051
2025-04-25 02:54:24,883 simple_logger.py log_once [line:28] INFO val_loss                      0.0645
2025-04-25 02:54:24,883 simple_logger.py log_once [line:28] INFO mean_val_loss                 0.0645
2025-04-25 02:54:24,883 simple_logger.py log_once [line:28] INFO std_val_loss                  0.0270
2025-04-25 02:54:24,883 fedbase.py run [line:323] INFO expense           16943620.0
2025-04-25 02:54:24,883 fedbase.py run [line:324] INFO Eval Time Cost:               2.0219s
2025-04-25 02:54:24,883 asyncbase.py iterate [line:68] INFO Select clients [0, 1, 2, 3, 4, 5, 6, 7, 8, 9, 10, 11, 12, 13, 14, 15, 16, 17, 18, 19] at time 196.
2025-04-25 02:54:35,896 asyncbase.py iterate [line:73] INFO Receive new models from clients [7, 4] at time 208
2025-04-25 02:54:35,896 asyncbase.py iterate [line:73] INFO Receive new models from clients [1, 12, 11, 10, 15, 9, 13, 0, 6, 14] at time 209
2025-04-25 02:54:35,897 asyncbase.py iterate [line:73] INFO Receive new models from clients [19, 17, 16, 8, 2, 5, 3, 18] at time 210
2025-04-25 02:54:35,951 fedbase.py run [line:318] INFO --------------Round 16--------------
2025-04-25 02:54:35,951 simple_logger.py log_once [line:14] INFO Current_time:210
2025-04-25 02:54:37,956 simple_logger.py log_once [line:28] INFO test_accuracy                 0.9875
2025-04-25 02:54:37,956 simple_logger.py log_once [line:28] INFO test_loss                     0.0438
2025-04-25 02:54:37,956 simple_logger.py log_once [line:28] INFO val_accuracy                  0.9865
2025-04-25 02:54:37,956 simple_logger.py log_once [line:28] INFO mean_val_accuracy             0.9865
2025-04-25 02:54:37,957 simple_logger.py log_once [line:28] INFO std_val_accuracy              0.0049
2025-04-25 02:54:37,957 simple_logger.py log_once [line:28] INFO val_loss                      0.0646
2025-04-25 02:54:37,957 simple_logger.py log_once [line:28] INFO mean_val_loss                 0.0646
2025-04-25 02:54:37,957 simple_logger.py log_once [line:28] INFO std_val_loss                  0.0275
2025-04-25 02:54:37,957 fedbase.py run [line:323] INFO expense           16967460.0
2025-04-25 02:54:37,957 fedbase.py run [line:324] INFO Eval Time Cost:               2.0058s
2025-04-25 02:54:37,957 asyncbase.py iterate [line:68] INFO Select clients [0, 1, 2, 3, 4, 5, 6, 7, 8, 9, 10, 11, 12, 13, 14, 15, 16, 17, 18, 19] at time 211.
2025-04-25 02:54:50,361 asyncbase.py iterate [line:73] INFO Receive new models from clients [19] at time 223
2025-04-25 02:54:50,361 asyncbase.py iterate [line:73] INFO Receive new models from clients [11, 10, 9, 4, 13, 16, 12, 3] at time 224
2025-04-25 02:54:50,361 asyncbase.py iterate [line:73] INFO Receive new models from clients [1, 5, 2, 8, 6, 15, 0, 7, 17] at time 225
2025-04-25 02:54:50,362 asyncbase.py iterate [line:73] INFO Receive new models from clients [18, 14] at time 226
2025-04-25 02:54:50,414 fedbase.py run [line:318] INFO --------------Round 17--------------
2025-04-25 02:54:50,415 simple_logger.py log_once [line:14] INFO Current_time:226
2025-04-25 02:54:52,437 simple_logger.py log_once [line:28] INFO test_accuracy                 0.9874
2025-04-25 02:54:52,437 simple_logger.py log_once [line:28] INFO test_loss                     0.0442
2025-04-25 02:54:52,437 simple_logger.py log_once [line:28] INFO val_accuracy                  0.9858
2025-04-25 02:54:52,437 simple_logger.py log_once [line:28] INFO mean_val_accuracy             0.9858
2025-04-25 02:54:52,437 simple_logger.py log_once [line:28] INFO std_val_accuracy              0.0060
2025-04-25 02:54:52,437 simple_logger.py log_once [line:28] INFO val_loss                      0.0661
2025-04-25 02:54:52,437 simple_logger.py log_once [line:28] INFO mean_val_loss                 0.0661
2025-04-25 02:54:52,437 simple_logger.py log_once [line:28] INFO std_val_loss                  0.0297
2025-04-25 02:54:52,437 fedbase.py run [line:323] INFO expense           16991300.0
2025-04-25 02:54:52,437 fedbase.py run [line:324] INFO Eval Time Cost:               2.0229s
2025-04-25 02:54:52,438 asyncbase.py iterate [line:68] INFO Select clients [0, 1, 2, 3, 4, 5, 6, 7, 8, 9, 10, 11, 12, 13, 14, 15, 16, 17, 18, 19] at time 227.
2025-04-25 02:55:03,556 asyncbase.py iterate [line:73] INFO Receive new models from clients [16] at time 239
2025-04-25 02:55:03,557 asyncbase.py iterate [line:73] INFO Receive new models from clients [2, 19, 11, 8, 1, 0, 4, 18, 14, 6, 15] at time 240
2025-04-25 02:55:03,557 asyncbase.py iterate [line:73] INFO Receive new models from clients [10, 3, 12, 17] at time 241
2025-04-25 02:55:03,557 asyncbase.py iterate [line:73] INFO Receive new models from clients [9, 7, 13, 5] at time 242
2025-04-25 02:55:03,611 fedbase.py run [line:318] INFO --------------Round 18--------------
2025-04-25 02:55:03,611 simple_logger.py log_once [line:14] INFO Current_time:242
2025-04-25 02:55:05,627 simple_logger.py log_once [line:28] INFO test_accuracy                 0.9878
2025-04-25 02:55:05,628 simple_logger.py log_once [line:28] INFO test_loss                     0.0441
2025-04-25 02:55:05,628 simple_logger.py log_once [line:28] INFO val_accuracy                  0.9865
2025-04-25 02:55:05,628 simple_logger.py log_once [line:28] INFO mean_val_accuracy             0.9865
2025-04-25 02:55:05,628 simple_logger.py log_once [line:28] INFO std_val_accuracy              0.0050
2025-04-25 02:55:05,628 simple_logger.py log_once [line:28] INFO val_loss                      0.0665
2025-04-25 02:55:05,628 simple_logger.py log_once [line:28] INFO mean_val_loss                 0.0665
2025-04-25 02:55:05,628 simple_logger.py log_once [line:28] INFO std_val_loss                  0.0295
2025-04-25 02:55:05,628 fedbase.py run [line:323] INFO expense           17015140.0
2025-04-25 02:55:05,628 fedbase.py run [line:324] INFO Eval Time Cost:               2.0169s
2025-04-25 02:55:05,628 asyncbase.py iterate [line:68] INFO Select clients [0, 1, 2, 3, 4, 5, 6, 7, 8, 9, 10, 11, 12, 13, 14, 15, 16, 17, 18, 19] at time 243.
2025-04-25 02:55:16,819 asyncbase.py iterate [line:73] INFO Receive new models from clients [4, 14, 18, 10] at time 255
2025-04-25 02:55:16,819 asyncbase.py iterate [line:73] INFO Receive new models from clients [5, 8, 19, 9, 17] at time 256
2025-04-25 02:55:16,819 asyncbase.py iterate [line:73] INFO Receive new models from clients [0, 16, 7, 12, 1, 2, 13, 3, 11, 15] at time 257
2025-04-25 02:55:16,820 asyncbase.py iterate [line:73] INFO Receive new models from clients [6] at time 258
2025-04-25 02:55:16,873 fedbase.py run [line:318] INFO --------------Round 19--------------
2025-04-25 02:55:16,873 simple_logger.py log_once [line:14] INFO Current_time:258
2025-04-25 02:55:18,876 simple_logger.py log_once [line:28] INFO test_accuracy                 0.9878
2025-04-25 02:55:18,876 simple_logger.py log_once [line:28] INFO test_loss                     0.0444
2025-04-25 02:55:18,876 simple_logger.py log_once [line:28] INFO val_accuracy                  0.9872
2025-04-25 02:55:18,876 simple_logger.py log_once [line:28] INFO mean_val_accuracy             0.9872
2025-04-25 02:55:18,876 simple_logger.py log_once [line:28] INFO std_val_accuracy              0.0044
2025-04-25 02:55:18,876 simple_logger.py log_once [line:28] INFO val_loss                      0.0670
2025-04-25 02:55:18,876 simple_logger.py log_once [line:28] INFO mean_val_loss                 0.0670
2025-04-25 02:55:18,876 simple_logger.py log_once [line:28] INFO std_val_loss                  0.0305
2025-04-25 02:55:18,876 fedbase.py run [line:323] INFO expense           17038980.0
2025-04-25 02:55:18,876 fedbase.py run [line:324] INFO Eval Time Cost:               2.0034s
2025-04-25 02:55:18,877 asyncbase.py iterate [line:68] INFO Select clients [0, 1, 2, 3, 4, 5, 6, 7, 8, 9, 10, 11, 12, 13, 14, 15, 16, 17, 18, 19] at time 259.
2025-04-25 02:55:30,095 asyncbase.py iterate [line:73] INFO Receive new models from clients [2, 4, 19, 3] at time 271
2025-04-25 02:55:30,095 asyncbase.py iterate [line:73] INFO Receive new models from clients [1, 15, 6, 5, 10] at time 272
2025-04-25 02:55:30,096 asyncbase.py iterate [line:73] INFO Receive new models from clients [13, 7, 11, 8, 0, 12, 9] at time 273
2025-04-25 02:55:30,096 asyncbase.py iterate [line:73] INFO Receive new models from clients [14, 18, 16, 17] at time 274
2025-04-25 02:55:30,150 fedbase.py run [line:318] INFO --------------Round 20--------------
2025-04-25 02:55:30,150 simple_logger.py log_once [line:14] INFO Current_time:274
2025-04-25 02:55:32,169 simple_logger.py log_once [line:28] INFO test_accuracy                 0.9879
2025-04-25 02:55:32,169 simple_logger.py log_once [line:28] INFO test_loss                     0.0435
2025-04-25 02:55:32,169 simple_logger.py log_once [line:28] INFO val_accuracy                  0.9870
2025-04-25 02:55:32,169 simple_logger.py log_once [line:28] INFO mean_val_accuracy             0.9870
2025-04-25 02:55:32,169 simple_logger.py log_once [line:28] INFO std_val_accuracy              0.0041
2025-04-25 02:55:32,169 simple_logger.py log_once [line:28] INFO val_loss                      0.0675
2025-04-25 02:55:32,170 simple_logger.py log_once [line:28] INFO mean_val_loss                 0.0675
2025-04-25 02:55:32,170 simple_logger.py log_once [line:28] INFO std_val_loss                  0.0314
2025-04-25 02:55:32,170 fedbase.py run [line:323] INFO expense           17062820.0
2025-04-25 02:55:32,170 fedbase.py run [line:324] INFO Eval Time Cost:               2.0200s
2025-04-25 02:55:32,170 asyncbase.py iterate [line:68] INFO Select clients [0, 1, 2, 3, 4, 5, 6, 7, 8, 9, 10, 11, 12, 13, 14, 15, 16, 17, 18, 19] at time 275.
2025-04-25 02:55:44,084 asyncbase.py iterate [line:73] INFO Receive new models from clients [18, 5, 0] at time 287
2025-04-25 02:55:44,084 asyncbase.py iterate [line:73] INFO Receive new models from clients [10, 16, 1, 19, 6] at time 288
2025-04-25 02:55:44,084 asyncbase.py iterate [line:73] INFO Receive new models from clients [8, 11, 3, 14, 4, 17, 7, 9, 2] at time 289
2025-04-25 02:55:44,085 asyncbase.py iterate [line:73] INFO Receive new models from clients [12, 15, 13] at time 290
2025-04-25 02:55:44,137 fedbase.py run [line:318] INFO --------------Round 21--------------
2025-04-25 02:55:44,137 simple_logger.py log_once [line:14] INFO Current_time:290
2025-04-25 02:55:46,145 simple_logger.py log_once [line:28] INFO test_accuracy                 0.9885
2025-04-25 02:55:46,145 simple_logger.py log_once [line:28] INFO test_loss                     0.0440
2025-04-25 02:55:46,146 simple_logger.py log_once [line:28] INFO val_accuracy                  0.9865
2025-04-25 02:55:46,146 simple_logger.py log_once [line:28] INFO mean_val_accuracy             0.9865
2025-04-25 02:55:46,146 simple_logger.py log_once [line:28] INFO std_val_accuracy              0.0047
2025-04-25 02:55:46,146 simple_logger.py log_once [line:28] INFO val_loss                      0.0691
2025-04-25 02:55:46,146 simple_logger.py log_once [line:28] INFO mean_val_loss                 0.0691
2025-04-25 02:55:46,146 simple_logger.py log_once [line:28] INFO std_val_loss                  0.0327
2025-04-25 02:55:46,146 fedbase.py run [line:323] INFO expense           17086660.0
2025-04-25 02:55:46,146 fedbase.py run [line:324] INFO Eval Time Cost:               2.0085s
2025-04-25 02:55:46,146 asyncbase.py iterate [line:68] INFO Select clients [0, 1, 2, 3, 4, 5, 6, 7, 8, 9, 10, 11, 12, 13, 14, 15, 16, 17, 18, 19] at time 291.
2025-04-25 02:55:57,334 asyncbase.py iterate [line:73] INFO Receive new models from clients [8, 6, 17, 5, 2, 14] at time 303
2025-04-25 02:55:57,334 asyncbase.py iterate [line:73] INFO Receive new models from clients [11, 1, 12, 13, 7, 3, 9] at time 304
2025-04-25 02:55:57,335 asyncbase.py iterate [line:73] INFO Receive new models from clients [10, 16, 0, 4, 19, 18] at time 305
2025-04-25 02:55:57,335 asyncbase.py iterate [line:73] INFO Receive new models from clients [15] at time 306
2025-04-25 02:55:57,388 fedbase.py run [line:318] INFO --------------Round 22--------------
2025-04-25 02:55:57,388 simple_logger.py log_once [line:14] INFO Current_time:306
2025-04-25 02:55:59,413 simple_logger.py log_once [line:28] INFO test_accuracy                 0.9886
2025-04-25 02:55:59,413 simple_logger.py log_once [line:28] INFO test_loss                     0.0458
2025-04-25 02:55:59,413 simple_logger.py log_once [line:28] INFO val_accuracy                  0.9872
2025-04-25 02:55:59,413 simple_logger.py log_once [line:28] INFO mean_val_accuracy             0.9872
2025-04-25 02:55:59,414 simple_logger.py log_once [line:28] INFO std_val_accuracy              0.0049
2025-04-25 02:55:59,414 simple_logger.py log_once [line:28] INFO val_loss                      0.0696
2025-04-25 02:55:59,414 simple_logger.py log_once [line:28] INFO mean_val_loss                 0.0696
2025-04-25 02:55:59,414 simple_logger.py log_once [line:28] INFO std_val_loss                  0.0344
2025-04-25 02:55:59,414 fedbase.py run [line:323] INFO expense           17110500.0
2025-04-25 02:55:59,414 fedbase.py run [line:324] INFO Eval Time Cost:               2.0257s
2025-04-25 02:55:59,414 asyncbase.py iterate [line:68] INFO Select clients [0, 1, 2, 3, 4, 5, 6, 7, 8, 9, 10, 11, 12, 13, 14, 15, 16, 17, 18, 19] at time 307.
2025-04-25 02:56:10,777 asyncbase.py iterate [line:73] INFO Receive new models from clients [13, 0, 5, 11] at time 319
2025-04-25 02:56:10,777 asyncbase.py iterate [line:73] INFO Receive new models from clients [15, 10, 1, 2, 7, 16, 6, 4, 18] at time 320
2025-04-25 02:56:10,777 asyncbase.py iterate [line:73] INFO Receive new models from clients [14, 17, 19, 8] at time 321
2025-04-25 02:56:10,778 asyncbase.py iterate [line:73] INFO Receive new models from clients [12, 9, 3] at time 322
2025-04-25 02:56:10,832 fedbase.py run [line:318] INFO --------------Round 23--------------
2025-04-25 02:56:10,832 simple_logger.py log_once [line:14] INFO Current_time:322
2025-04-25 02:56:12,855 simple_logger.py log_once [line:28] INFO test_accuracy                 0.9883
2025-04-25 02:56:12,855 simple_logger.py log_once [line:28] INFO test_loss                     0.0454
2025-04-25 02:56:12,855 simple_logger.py log_once [line:28] INFO val_accuracy                  0.9882
2025-04-25 02:56:12,855 simple_logger.py log_once [line:28] INFO mean_val_accuracy             0.9882
2025-04-25 02:56:12,855 simple_logger.py log_once [line:28] INFO std_val_accuracy              0.0045
2025-04-25 02:56:12,855 simple_logger.py log_once [line:28] INFO val_loss                      0.0709
2025-04-25 02:56:12,855 simple_logger.py log_once [line:28] INFO mean_val_loss                 0.0709
2025-04-25 02:56:12,856 simple_logger.py log_once [line:28] INFO std_val_loss                  0.0336
2025-04-25 02:56:12,856 fedbase.py run [line:323] INFO expense           17134340.0
2025-04-25 02:56:12,856 fedbase.py run [line:324] INFO Eval Time Cost:               2.0234s
2025-04-25 02:56:12,856 asyncbase.py iterate [line:68] INFO Select clients [0, 1, 2, 3, 4, 5, 6, 7, 8, 9, 10, 11, 12, 13, 14, 15, 16, 17, 18, 19] at time 323.
2025-04-25 02:56:24,950 asyncbase.py iterate [line:73] INFO Receive new models from clients [3, 19, 10, 14, 16, 11] at time 335
2025-04-25 02:56:24,950 asyncbase.py iterate [line:73] INFO Receive new models from clients [2, 7, 18, 5, 6, 8, 13] at time 336
2025-04-25 02:56:24,951 asyncbase.py iterate [line:73] INFO Receive new models from clients [4, 9, 0, 15, 17] at time 337
2025-04-25 02:56:24,951 asyncbase.py iterate [line:73] INFO Receive new models from clients [1, 12] at time 338
2025-04-25 02:56:25,029 fedbase.py run [line:318] INFO --------------Round 24--------------
2025-04-25 02:56:25,030 simple_logger.py log_once [line:14] INFO Current_time:338
2025-04-25 02:56:27,296 simple_logger.py log_once [line:28] INFO test_accuracy                 0.9888
2025-04-25 02:56:27,297 simple_logger.py log_once [line:28] INFO test_loss                     0.0444
2025-04-25 02:56:27,297 simple_logger.py log_once [line:28] INFO val_accuracy                  0.9875
2025-04-25 02:56:27,297 simple_logger.py log_once [line:28] INFO mean_val_accuracy             0.9875
2025-04-25 02:56:27,297 simple_logger.py log_once [line:28] INFO std_val_accuracy              0.0043
2025-04-25 02:56:27,297 simple_logger.py log_once [line:28] INFO val_loss                      0.0706
2025-04-25 02:56:27,297 simple_logger.py log_once [line:28] INFO mean_val_loss                 0.0706
2025-04-25 02:56:27,297 simple_logger.py log_once [line:28] INFO std_val_loss                  0.0338
2025-04-25 02:56:27,297 fedbase.py run [line:323] INFO expense           17158180.0
2025-04-25 02:56:27,297 fedbase.py run [line:324] INFO Eval Time Cost:               2.2675s
2025-04-25 02:56:27,297 asyncbase.py iterate [line:68] INFO Select clients [0, 1, 2, 3, 4, 5, 6, 7, 8, 9, 10, 11, 12, 13, 14, 15, 16, 17, 18, 19] at time 339.
2025-04-25 02:56:38,460 asyncbase.py iterate [line:73] INFO Receive new models from clients [11, 5, 10, 9, 16] at time 351
2025-04-25 02:56:38,460 asyncbase.py iterate [line:73] INFO Receive new models from clients [14, 3, 1, 6, 12, 18, 15] at time 352
2025-04-25 02:56:38,461 asyncbase.py iterate [line:73] INFO Receive new models from clients [2, 4, 7, 8, 13, 17, 0, 19] at time 353
2025-04-25 02:56:38,513 fedbase.py run [line:318] INFO --------------Round 25--------------
2025-04-25 02:56:38,513 simple_logger.py log_once [line:14] INFO Current_time:353
2025-04-25 02:56:40,541 simple_logger.py log_once [line:28] INFO test_accuracy                 0.9888
2025-04-25 02:56:40,541 simple_logger.py log_once [line:28] INFO test_loss                     0.0456
2025-04-25 02:56:40,541 simple_logger.py log_once [line:28] INFO val_accuracy                  0.9877
2025-04-25 02:56:40,541 simple_logger.py log_once [line:28] INFO mean_val_accuracy             0.9877
2025-04-25 02:56:40,542 simple_logger.py log_once [line:28] INFO std_val_accuracy              0.0046
2025-04-25 02:56:40,542 simple_logger.py log_once [line:28] INFO val_loss                      0.0724
2025-04-25 02:56:40,542 simple_logger.py log_once [line:28] INFO mean_val_loss                 0.0724
2025-04-25 02:56:40,542 simple_logger.py log_once [line:28] INFO std_val_loss                  0.0347
2025-04-25 02:56:40,542 fedbase.py run [line:323] INFO expense           17182020.0
2025-04-25 02:56:40,542 fedbase.py run [line:324] INFO Eval Time Cost:               2.0288s
2025-04-25 02:56:40,542 asyncbase.py iterate [line:68] INFO Select clients [0, 1, 2, 3, 4, 5, 6, 7, 8, 9, 10, 11, 12, 13, 14, 15, 16, 17, 18, 19] at time 354.
2025-04-25 02:56:51,796 asyncbase.py iterate [line:73] INFO Receive new models from clients [14, 4, 7, 18] at time 366
2025-04-25 02:56:51,797 asyncbase.py iterate [line:73] INFO Receive new models from clients [16, 0, 5, 9, 15, 10, 12, 8, 13, 3] at time 367
2025-04-25 02:56:51,797 asyncbase.py iterate [line:73] INFO Receive new models from clients [2, 19, 17, 1, 6, 11] at time 368
2025-04-25 02:56:51,851 fedbase.py run [line:318] INFO --------------Round 26--------------
2025-04-25 02:56:51,852 simple_logger.py log_once [line:14] INFO Current_time:368
2025-04-25 02:56:53,881 simple_logger.py log_once [line:28] INFO test_accuracy                 0.9887
2025-04-25 02:56:53,881 simple_logger.py log_once [line:28] INFO test_loss                     0.0467
2025-04-25 02:56:53,881 simple_logger.py log_once [line:28] INFO val_accuracy                  0.9878
2025-04-25 02:56:53,881 simple_logger.py log_once [line:28] INFO mean_val_accuracy             0.9878
2025-04-25 02:56:53,881 simple_logger.py log_once [line:28] INFO std_val_accuracy              0.0044
2025-04-25 02:56:53,881 simple_logger.py log_once [line:28] INFO val_loss                      0.0741
2025-04-25 02:56:53,881 simple_logger.py log_once [line:28] INFO mean_val_loss                 0.0741
2025-04-25 02:56:53,881 simple_logger.py log_once [line:28] INFO std_val_loss                  0.0348
2025-04-25 02:56:53,881 fedbase.py run [line:323] INFO expense           17205860.0
2025-04-25 02:56:53,882 fedbase.py run [line:324] INFO Eval Time Cost:               2.0299s
2025-04-25 02:56:53,882 asyncbase.py iterate [line:68] INFO Select clients [0, 1, 2, 3, 4, 5, 6, 7, 8, 9, 10, 11, 12, 13, 14, 15, 16, 17, 18, 19] at time 369.
2025-04-25 02:57:05,439 asyncbase.py iterate [line:73] INFO Receive new models from clients [7, 0, 4] at time 381
2025-04-25 02:57:05,439 asyncbase.py iterate [line:73] INFO Receive new models from clients [11, 6, 13, 16, 17, 3, 15, 14] at time 382
2025-04-25 02:57:05,439 asyncbase.py iterate [line:73] INFO Receive new models from clients [19, 8, 1, 10, 18, 12, 5] at time 383
2025-04-25 02:57:05,440 asyncbase.py iterate [line:73] INFO Receive new models from clients [9, 2] at time 384
2025-04-25 02:57:05,493 fedbase.py run [line:318] INFO --------------Round 27--------------
2025-04-25 02:57:05,493 simple_logger.py log_once [line:14] INFO Current_time:384
2025-04-25 02:57:07,506 simple_logger.py log_once [line:28] INFO test_accuracy                 0.9889
2025-04-25 02:57:07,506 simple_logger.py log_once [line:28] INFO test_loss                     0.0459
2025-04-25 02:57:07,506 simple_logger.py log_once [line:28] INFO val_accuracy                  0.9877
2025-04-25 02:57:07,506 simple_logger.py log_once [line:28] INFO mean_val_accuracy             0.9877
2025-04-25 02:57:07,506 simple_logger.py log_once [line:28] INFO std_val_accuracy              0.0044
2025-04-25 02:57:07,506 simple_logger.py log_once [line:28] INFO val_loss                      0.0731
2025-04-25 02:57:07,506 simple_logger.py log_once [line:28] INFO mean_val_loss                 0.0731
2025-04-25 02:57:07,506 simple_logger.py log_once [line:28] INFO std_val_loss                  0.0357
2025-04-25 02:57:07,506 fedbase.py run [line:323] INFO expense           17229700.0
2025-04-25 02:57:07,507 fedbase.py run [line:324] INFO Eval Time Cost:               2.0131s
2025-04-25 02:57:07,507 asyncbase.py iterate [line:68] INFO Select clients [0, 1, 2, 3, 4, 5, 6, 7, 8, 9, 10, 11, 12, 13, 14, 15, 16, 17, 18, 19] at time 385.
2025-04-25 02:57:19,636 asyncbase.py iterate [line:73] INFO Receive new models from clients [17, 15] at time 397
2025-04-25 02:57:19,636 asyncbase.py iterate [line:73] INFO Receive new models from clients [2, 10, 11, 9, 12] at time 398
2025-04-25 02:57:19,636 asyncbase.py iterate [line:73] INFO Receive new models from clients [19, 16, 3, 4, 6, 0, 18, 1, 8] at time 399
2025-04-25 02:57:19,636 asyncbase.py iterate [line:73] INFO Receive new models from clients [7, 13, 5, 14] at time 400
2025-04-25 02:57:19,689 fedbase.py run [line:318] INFO --------------Round 28--------------
2025-04-25 02:57:19,689 simple_logger.py log_once [line:14] INFO Current_time:400
2025-04-25 02:57:21,705 simple_logger.py log_once [line:28] INFO test_accuracy                 0.9885
2025-04-25 02:57:21,706 simple_logger.py log_once [line:28] INFO test_loss                     0.0462
2025-04-25 02:57:21,706 simple_logger.py log_once [line:28] INFO val_accuracy                  0.9877
2025-04-25 02:57:21,706 simple_logger.py log_once [line:28] INFO mean_val_accuracy             0.9877
2025-04-25 02:57:21,706 simple_logger.py log_once [line:28] INFO std_val_accuracy              0.0041
2025-04-25 02:57:21,706 simple_logger.py log_once [line:28] INFO val_loss                      0.0752
2025-04-25 02:57:21,706 simple_logger.py log_once [line:28] INFO mean_val_loss                 0.0752
2025-04-25 02:57:21,706 simple_logger.py log_once [line:28] INFO std_val_loss                  0.0352
2025-04-25 02:57:21,706 fedbase.py run [line:323] INFO expense           17253540.0
2025-04-25 02:57:21,706 fedbase.py run [line:324] INFO Eval Time Cost:               2.0166s
2025-04-25 02:57:21,706 asyncbase.py iterate [line:68] INFO Select clients [0, 1, 2, 3, 4, 5, 6, 7, 8, 9, 10, 11, 12, 13, 14, 15, 16, 17, 18, 19] at time 401.
2025-04-25 02:57:33,210 asyncbase.py iterate [line:73] INFO Receive new models from clients [18] at time 413
2025-04-25 02:57:33,210 asyncbase.py iterate [line:73] INFO Receive new models from clients [3, 2, 5, 6] at time 414
2025-04-25 02:57:33,211 asyncbase.py iterate [line:73] INFO Receive new models from clients [0, 8, 13, 14, 17, 1, 7, 10, 11] at time 415
2025-04-25 02:57:33,211 asyncbase.py iterate [line:73] INFO Receive new models from clients [16, 4, 19, 15, 9, 12] at time 416
2025-04-25 02:57:33,264 fedbase.py run [line:318] INFO --------------Round 29--------------
2025-04-25 02:57:33,264 simple_logger.py log_once [line:14] INFO Current_time:416
2025-04-25 02:57:35,283 simple_logger.py log_once [line:28] INFO test_accuracy                 0.9892
2025-04-25 02:57:35,283 simple_logger.py log_once [line:28] INFO test_loss                     0.0461
2025-04-25 02:57:35,283 simple_logger.py log_once [line:28] INFO val_accuracy                  0.9873
2025-04-25 02:57:35,283 simple_logger.py log_once [line:28] INFO mean_val_accuracy             0.9873
2025-04-25 02:57:35,283 simple_logger.py log_once [line:28] INFO std_val_accuracy              0.0043
2025-04-25 02:57:35,283 simple_logger.py log_once [line:28] INFO val_loss                      0.0764
2025-04-25 02:57:35,283 simple_logger.py log_once [line:28] INFO mean_val_loss                 0.0764
2025-04-25 02:57:35,283 simple_logger.py log_once [line:28] INFO std_val_loss                  0.0363
2025-04-25 02:57:35,283 fedbase.py run [line:323] INFO expense           17277380.0
2025-04-25 02:57:35,283 fedbase.py run [line:324] INFO Eval Time Cost:               2.0197s
2025-04-25 02:57:35,284 asyncbase.py iterate [line:68] INFO Select clients [0, 1, 2, 3, 4, 5, 6, 7, 8, 9, 10, 11, 12, 13, 14, 15, 16, 17, 18, 19] at time 417.
2025-04-25 02:57:46,521 asyncbase.py iterate [line:73] INFO Receive new models from clients [5] at time 429
2025-04-25 02:57:46,521 asyncbase.py iterate [line:73] INFO Receive new models from clients [15, 16, 11, 3] at time 430
2025-04-25 02:57:46,521 asyncbase.py iterate [line:73] INFO Receive new models from clients [0, 8, 12, 7, 14, 4, 2, 9, 6, 19, 1, 18, 13, 17, 10] at time 431
2025-04-25 02:57:46,574 fedbase.py run [line:318] INFO --------------Round 30--------------
2025-04-25 02:57:46,575 simple_logger.py log_once [line:14] INFO Current_time:431
2025-04-25 02:57:48,573 simple_logger.py log_once [line:28] INFO test_accuracy                 0.9890
2025-04-25 02:57:48,573 simple_logger.py log_once [line:28] INFO test_loss                     0.0475
2025-04-25 02:57:48,573 simple_logger.py log_once [line:28] INFO val_accuracy                  0.9873
2025-04-25 02:57:48,573 simple_logger.py log_once [line:28] INFO mean_val_accuracy             0.9873
2025-04-25 02:57:48,573 simple_logger.py log_once [line:28] INFO std_val_accuracy              0.0049
2025-04-25 02:57:48,573 simple_logger.py log_once [line:28] INFO val_loss                      0.0757
2025-04-25 02:57:48,573 simple_logger.py log_once [line:28] INFO mean_val_loss                 0.0757
2025-04-25 02:57:48,573 simple_logger.py log_once [line:28] INFO std_val_loss                  0.0371
2025-04-25 02:57:48,573 fedbase.py run [line:323] INFO expense           17301220.0
2025-04-25 02:57:48,573 fedbase.py run [line:324] INFO Eval Time Cost:               1.9987s
2025-04-25 02:57:48,573 asyncbase.py iterate [line:68] INFO Select clients [0, 1, 2, 3, 4, 5, 6, 7, 8, 9, 10, 11, 12, 13, 14, 15, 16, 17, 18, 19] at time 432.
2025-04-25 02:58:00,571 asyncbase.py iterate [line:73] INFO Receive new models from clients [9, 3, 6] at time 444
2025-04-25 02:58:00,571 asyncbase.py iterate [line:73] INFO Receive new models from clients [17, 2, 15, 4, 13, 8, 11] at time 445
2025-04-25 02:58:00,571 asyncbase.py iterate [line:73] INFO Receive new models from clients [7, 18, 19, 12, 10, 14, 0, 1, 16, 5] at time 446
2025-04-25 02:58:00,624 fedbase.py run [line:318] INFO --------------Round 31--------------
2025-04-25 02:58:00,624 simple_logger.py log_once [line:14] INFO Current_time:446
2025-04-25 02:58:02,642 simple_logger.py log_once [line:28] INFO test_accuracy                 0.9890
2025-04-25 02:58:02,642 simple_logger.py log_once [line:28] INFO test_loss                     0.0479
2025-04-25 02:58:02,642 simple_logger.py log_once [line:28] INFO val_accuracy                  0.9877
2025-04-25 02:58:02,642 simple_logger.py log_once [line:28] INFO mean_val_accuracy             0.9877
2025-04-25 02:58:02,642 simple_logger.py log_once [line:28] INFO std_val_accuracy              0.0048
2025-04-25 02:58:02,642 simple_logger.py log_once [line:28] INFO val_loss                      0.0794
2025-04-25 02:58:02,642 simple_logger.py log_once [line:28] INFO mean_val_loss                 0.0794
2025-04-25 02:58:02,643 simple_logger.py log_once [line:28] INFO std_val_loss                  0.0377
2025-04-25 02:58:02,643 fedbase.py run [line:323] INFO expense           17325060.0
2025-04-25 02:58:02,643 fedbase.py run [line:324] INFO Eval Time Cost:               2.0186s
2025-04-25 02:58:02,643 asyncbase.py iterate [line:68] INFO Select clients [0, 1, 2, 3, 4, 5, 6, 7, 8, 9, 10, 11, 12, 13, 14, 15, 16, 17, 18, 19] at time 447.
2025-04-25 02:58:14,366 asyncbase.py iterate [line:73] INFO Receive new models from clients [18, 3] at time 459
2025-04-25 02:58:14,367 asyncbase.py iterate [line:73] INFO Receive new models from clients [4, 6, 8, 5, 13, 9, 0, 12, 2] at time 460
2025-04-25 02:58:14,367 asyncbase.py iterate [line:73] INFO Receive new models from clients [11, 19, 16, 15, 7] at time 461
2025-04-25 02:58:14,367 asyncbase.py iterate [line:73] INFO Receive new models from clients [17, 14, 10, 1] at time 462
2025-04-25 02:58:14,421 fedbase.py run [line:318] INFO --------------Round 32--------------
2025-04-25 02:58:14,421 simple_logger.py log_once [line:14] INFO Current_time:462
2025-04-25 02:58:16,455 simple_logger.py log_once [line:28] INFO test_accuracy                 0.9887
2025-04-25 02:58:16,455 simple_logger.py log_once [line:28] INFO test_loss                     0.0500
2025-04-25 02:58:16,455 simple_logger.py log_once [line:28] INFO val_accuracy                  0.9883
2025-04-25 02:58:16,456 simple_logger.py log_once [line:28] INFO mean_val_accuracy             0.9883
2025-04-25 02:58:16,456 simple_logger.py log_once [line:28] INFO std_val_accuracy              0.0049
2025-04-25 02:58:16,456 simple_logger.py log_once [line:28] INFO val_loss                      0.0799
2025-04-25 02:58:16,456 simple_logger.py log_once [line:28] INFO mean_val_loss                 0.0799
2025-04-25 02:58:16,456 simple_logger.py log_once [line:28] INFO std_val_loss                  0.0401
2025-04-25 02:58:16,456 fedbase.py run [line:323] INFO expense           17348900.0
2025-04-25 02:58:16,456 fedbase.py run [line:324] INFO Eval Time Cost:               2.0348s
2025-04-25 02:58:16,456 asyncbase.py iterate [line:68] INFO Select clients [0, 1, 2, 3, 4, 5, 6, 7, 8, 9, 10, 11, 12, 13, 14, 15, 16, 17, 18, 19] at time 463.
2025-04-25 02:58:27,796 asyncbase.py iterate [line:73] INFO Receive new models from clients [3, 5, 11, 4] at time 475
2025-04-25 02:58:27,796 asyncbase.py iterate [line:73] INFO Receive new models from clients [0, 7, 14, 19, 8] at time 476
2025-04-25 02:58:27,796 asyncbase.py iterate [line:73] INFO Receive new models from clients [10, 2, 17, 12, 16, 6, 15, 9, 1] at time 477
2025-04-25 02:58:27,797 asyncbase.py iterate [line:73] INFO Receive new models from clients [13, 18] at time 478
2025-04-25 02:58:27,850 fedbase.py run [line:318] INFO --------------Round 33--------------
2025-04-25 02:58:27,850 simple_logger.py log_once [line:14] INFO Current_time:478
2025-04-25 02:58:29,868 simple_logger.py log_once [line:28] INFO test_accuracy                 0.9884
2025-04-25 02:58:29,869 simple_logger.py log_once [line:28] INFO test_loss                     0.0495
2025-04-25 02:58:29,869 simple_logger.py log_once [line:28] INFO val_accuracy                  0.9883
2025-04-25 02:58:29,869 simple_logger.py log_once [line:28] INFO mean_val_accuracy             0.9883
2025-04-25 02:58:29,869 simple_logger.py log_once [line:28] INFO std_val_accuracy              0.0050
2025-04-25 02:58:29,869 simple_logger.py log_once [line:28] INFO val_loss                      0.0790
2025-04-25 02:58:29,869 simple_logger.py log_once [line:28] INFO mean_val_loss                 0.0790
2025-04-25 02:58:29,869 simple_logger.py log_once [line:28] INFO std_val_loss                  0.0410
2025-04-25 02:58:29,869 fedbase.py run [line:323] INFO expense           17372740.0
2025-04-25 02:58:29,869 fedbase.py run [line:324] INFO Eval Time Cost:               2.0187s
2025-04-25 02:58:29,869 asyncbase.py iterate [line:68] INFO Select clients [0, 1, 2, 3, 4, 5, 6, 7, 8, 9, 10, 11, 12, 13, 14, 15, 16, 17, 18, 19] at time 479.
2025-04-25 02:58:41,778 asyncbase.py iterate [line:73] INFO Receive new models from clients [1, 4] at time 491
2025-04-25 02:58:41,779 asyncbase.py iterate [line:73] INFO Receive new models from clients [8, 12, 14, 9, 5, 7, 18, 0, 11, 16, 10] at time 492
2025-04-25 02:58:41,779 asyncbase.py iterate [line:73] INFO Receive new models from clients [13, 17, 6, 2, 15] at time 493
2025-04-25 02:58:41,779 asyncbase.py iterate [line:73] INFO Receive new models from clients [3, 19] at time 494
2025-04-25 02:58:41,831 fedbase.py run [line:318] INFO --------------Round 34--------------
2025-04-25 02:58:41,832 simple_logger.py log_once [line:14] INFO Current_time:494
2025-04-25 02:58:43,858 simple_logger.py log_once [line:28] INFO test_accuracy                 0.9894
2025-04-25 02:58:43,858 simple_logger.py log_once [line:28] INFO test_loss                     0.0502
2025-04-25 02:58:43,858 simple_logger.py log_once [line:28] INFO val_accuracy                  0.9880
2025-04-25 02:58:43,858 simple_logger.py log_once [line:28] INFO mean_val_accuracy             0.9880
2025-04-25 02:58:43,858 simple_logger.py log_once [line:28] INFO std_val_accuracy              0.0048
2025-04-25 02:58:43,858 simple_logger.py log_once [line:28] INFO val_loss                      0.0823
2025-04-25 02:58:43,859 simple_logger.py log_once [line:28] INFO mean_val_loss                 0.0823
2025-04-25 02:58:43,859 simple_logger.py log_once [line:28] INFO std_val_loss                  0.0408
2025-04-25 02:58:43,859 fedbase.py run [line:323] INFO expense           17396580.0
2025-04-25 02:58:43,859 fedbase.py run [line:324] INFO Eval Time Cost:               2.0272s
2025-04-25 02:58:43,859 asyncbase.py iterate [line:68] INFO Select clients [0, 1, 2, 3, 4, 5, 6, 7, 8, 9, 10, 11, 12, 13, 14, 15, 16, 17, 18, 19] at time 495.
2025-04-25 02:58:55,140 asyncbase.py iterate [line:73] INFO Receive new models from clients [3, 11] at time 507
2025-04-25 02:58:55,140 asyncbase.py iterate [line:73] INFO Receive new models from clients [12, 16, 13, 1, 14, 8] at time 508
2025-04-25 02:58:55,140 asyncbase.py iterate [line:73] INFO Receive new models from clients [15, 4, 10, 6, 5, 7, 0, 9, 18] at time 509
2025-04-25 02:58:55,141 asyncbase.py iterate [line:73] INFO Receive new models from clients [17, 19, 2] at time 510
2025-04-25 02:58:55,195 fedbase.py run [line:318] INFO --------------Round 35--------------
2025-04-25 02:58:55,195 simple_logger.py log_once [line:14] INFO Current_time:510
2025-04-25 02:58:57,226 simple_logger.py log_once [line:28] INFO test_accuracy                 0.9888
2025-04-25 02:58:57,226 simple_logger.py log_once [line:28] INFO test_loss                     0.0503
2025-04-25 02:58:57,226 simple_logger.py log_once [line:28] INFO val_accuracy                  0.9878
2025-04-25 02:58:57,226 simple_logger.py log_once [line:28] INFO mean_val_accuracy             0.9878
2025-04-25 02:58:57,226 simple_logger.py log_once [line:28] INFO std_val_accuracy              0.0043
2025-04-25 02:58:57,226 simple_logger.py log_once [line:28] INFO val_loss                      0.0833
2025-04-25 02:58:57,226 simple_logger.py log_once [line:28] INFO mean_val_loss                 0.0833
2025-04-25 02:58:57,227 simple_logger.py log_once [line:28] INFO std_val_loss                  0.0412
2025-04-25 02:58:57,227 fedbase.py run [line:323] INFO expense           17420420.0
2025-04-25 02:58:57,227 fedbase.py run [line:324] INFO Eval Time Cost:               2.0320s
2025-04-25 02:58:57,227 asyncbase.py iterate [line:68] INFO Select clients [0, 1, 2, 3, 4, 5, 6, 7, 8, 9, 10, 11, 12, 13, 14, 15, 16, 17, 18, 19] at time 511.
2025-04-25 02:59:08,913 asyncbase.py iterate [line:73] INFO Receive new models from clients [17, 13] at time 523
2025-04-25 02:59:08,914 asyncbase.py iterate [line:73] INFO Receive new models from clients [3, 11, 0, 9, 15, 10] at time 524
2025-04-25 02:59:08,914 asyncbase.py iterate [line:73] INFO Receive new models from clients [5, 6, 18, 12, 1, 7, 16, 8] at time 525
2025-04-25 02:59:08,914 asyncbase.py iterate [line:73] INFO Receive new models from clients [19, 2, 14, 4] at time 526
2025-04-25 02:59:08,967 fedbase.py run [line:318] INFO --------------Round 36--------------
2025-04-25 02:59:08,967 simple_logger.py log_once [line:14] INFO Current_time:526
2025-04-25 02:59:10,981 simple_logger.py log_once [line:28] INFO test_accuracy                 0.9893
2025-04-25 02:59:10,981 simple_logger.py log_once [line:28] INFO test_loss                     0.0504
2025-04-25 02:59:10,981 simple_logger.py log_once [line:28] INFO val_accuracy                  0.9882
2025-04-25 02:59:10,981 simple_logger.py log_once [line:28] INFO mean_val_accuracy             0.9882
2025-04-25 02:59:10,981 simple_logger.py log_once [line:28] INFO std_val_accuracy              0.0054
2025-04-25 02:59:10,981 simple_logger.py log_once [line:28] INFO val_loss                      0.0818
2025-04-25 02:59:10,982 simple_logger.py log_once [line:28] INFO mean_val_loss                 0.0818
2025-04-25 02:59:10,982 simple_logger.py log_once [line:28] INFO std_val_loss                  0.0426
2025-04-25 02:59:10,982 fedbase.py run [line:323] INFO expense           17444260.0
2025-04-25 02:59:10,982 fedbase.py run [line:324] INFO Eval Time Cost:               2.0147s
2025-04-25 02:59:10,982 asyncbase.py iterate [line:68] INFO Select clients [0, 1, 2, 3, 4, 5, 6, 7, 8, 9, 10, 11, 12, 13, 14, 15, 16, 17, 18, 19] at time 527.
2025-04-25 02:59:22,252 asyncbase.py iterate [line:73] INFO Receive new models from clients [18, 7, 4] at time 539
2025-04-25 02:59:22,252 asyncbase.py iterate [line:73] INFO Receive new models from clients [16, 3, 0, 2, 19, 15, 9, 1, 12, 10] at time 540
2025-04-25 02:59:22,252 asyncbase.py iterate [line:73] INFO Receive new models from clients [13, 6, 14, 5, 11, 17] at time 541
2025-04-25 02:59:22,253 asyncbase.py iterate [line:73] INFO Receive new models from clients [8] at time 542
2025-04-25 02:59:22,306 fedbase.py run [line:318] INFO --------------Round 37--------------
2025-04-25 02:59:22,306 simple_logger.py log_once [line:14] INFO Current_time:542
2025-04-25 02:59:24,319 simple_logger.py log_once [line:28] INFO test_accuracy                 0.9893
2025-04-25 02:59:24,319 simple_logger.py log_once [line:28] INFO test_loss                     0.0499
2025-04-25 02:59:24,319 simple_logger.py log_once [line:28] INFO val_accuracy                  0.9887
2025-04-25 02:59:24,319 simple_logger.py log_once [line:28] INFO mean_val_accuracy             0.9887
2025-04-25 02:59:24,319 simple_logger.py log_once [line:28] INFO std_val_accuracy              0.0049
2025-04-25 02:59:24,319 simple_logger.py log_once [line:28] INFO val_loss                      0.0802
2025-04-25 02:59:24,319 simple_logger.py log_once [line:28] INFO mean_val_loss                 0.0802
2025-04-25 02:59:24,319 simple_logger.py log_once [line:28] INFO std_val_loss                  0.0454
2025-04-25 02:59:24,319 fedbase.py run [line:323] INFO expense           17468100.0
2025-04-25 02:59:24,319 fedbase.py run [line:324] INFO Eval Time Cost:               2.0132s
2025-04-25 02:59:24,320 asyncbase.py iterate [line:68] INFO Select clients [0, 1, 2, 3, 4, 5, 6, 7, 8, 9, 10, 11, 12, 13, 14, 15, 16, 17, 18, 19] at time 543.
2025-04-25 02:59:35,014 asyncbase.py iterate [line:73] INFO Receive new models from clients [1] at time 555
2025-04-25 02:59:35,015 asyncbase.py iterate [line:73] INFO Receive new models from clients [18, 13, 9, 7, 19, 4, 5, 14, 2, 3, 0] at time 556
2025-04-25 02:59:35,015 asyncbase.py iterate [line:73] INFO Receive new models from clients [15, 10, 16] at time 557
2025-04-25 02:59:35,015 asyncbase.py iterate [line:73] INFO Receive new models from clients [6, 11, 8, 17, 12] at time 558
2025-04-25 02:59:35,070 fedbase.py run [line:318] INFO --------------Round 38--------------
2025-04-25 02:59:35,070 simple_logger.py log_once [line:14] INFO Current_time:558
2025-04-25 02:59:37,088 simple_logger.py log_once [line:28] INFO test_accuracy                 0.9892
2025-04-25 02:59:37,088 simple_logger.py log_once [line:28] INFO test_loss                     0.0501
2025-04-25 02:59:37,088 simple_logger.py log_once [line:28] INFO val_accuracy                  0.9882
2025-04-25 02:59:37,088 simple_logger.py log_once [line:28] INFO mean_val_accuracy             0.9882
2025-04-25 02:59:37,088 simple_logger.py log_once [line:28] INFO std_val_accuracy              0.0039
2025-04-25 02:59:37,088 simple_logger.py log_once [line:28] INFO val_loss                      0.0836
2025-04-25 02:59:37,088 simple_logger.py log_once [line:28] INFO mean_val_loss                 0.0836
2025-04-25 02:59:37,088 simple_logger.py log_once [line:28] INFO std_val_loss                  0.0425
2025-04-25 02:59:37,088 fedbase.py run [line:323] INFO expense           17491940.0
2025-04-25 02:59:37,088 fedbase.py run [line:324] INFO Eval Time Cost:               2.0181s
2025-04-25 02:59:37,089 asyncbase.py iterate [line:68] INFO Select clients [0, 1, 2, 3, 4, 5, 6, 7, 8, 9, 10, 11, 12, 13, 14, 15, 16, 17, 18, 19] at time 559.
2025-04-25 02:59:47,850 asyncbase.py iterate [line:73] INFO Receive new models from clients [2, 17] at time 571
2025-04-25 02:59:47,851 asyncbase.py iterate [line:73] INFO Receive new models from clients [7, 4, 19, 6, 0, 16, 18, 13, 8, 1, 9, 11, 10, 15] at time 572
2025-04-25 02:59:47,851 asyncbase.py iterate [line:73] INFO Receive new models from clients [3] at time 573
2025-04-25 02:59:47,851 asyncbase.py iterate [line:73] INFO Receive new models from clients [12, 14, 5] at time 574
2025-04-25 02:59:47,905 fedbase.py run [line:318] INFO --------------Round 39--------------
2025-04-25 02:59:47,905 simple_logger.py log_once [line:14] INFO Current_time:574
2025-04-25 02:59:49,931 simple_logger.py log_once [line:28] INFO test_accuracy                 0.9893
2025-04-25 02:59:49,931 simple_logger.py log_once [line:28] INFO test_loss                     0.0506
2025-04-25 02:59:49,931 simple_logger.py log_once [line:28] INFO val_accuracy                  0.9888
2025-04-25 02:59:49,931 simple_logger.py log_once [line:28] INFO mean_val_accuracy             0.9888
2025-04-25 02:59:49,931 simple_logger.py log_once [line:28] INFO std_val_accuracy              0.0043
2025-04-25 02:59:49,931 simple_logger.py log_once [line:28] INFO val_loss                      0.0851
2025-04-25 02:59:49,932 simple_logger.py log_once [line:28] INFO mean_val_loss                 0.0851
2025-04-25 02:59:49,932 simple_logger.py log_once [line:28] INFO std_val_loss                  0.0420
2025-04-25 02:59:49,932 fedbase.py run [line:323] INFO expense           17515780.0
2025-04-25 02:59:49,932 fedbase.py run [line:324] INFO Eval Time Cost:               2.0268s
2025-04-25 02:59:49,932 asyncbase.py iterate [line:68] INFO Select clients [0, 1, 2, 3, 4, 5, 6, 7, 8, 9, 10, 11, 12, 13, 14, 15, 16, 17, 18, 19] at time 575.
2025-04-25 03:00:01,114 asyncbase.py iterate [line:73] INFO Receive new models from clients [8, 17, 2, 12, 6, 4, 15, 7, 18] at time 588
2025-04-25 03:00:01,114 asyncbase.py iterate [line:73] INFO Receive new models from clients [11, 19, 13, 3, 16, 10, 5, 14, 9, 0] at time 589
2025-04-25 03:00:01,115 asyncbase.py iterate [line:73] INFO Receive new models from clients [1] at time 590
2025-04-25 03:00:01,168 fedbase.py run [line:318] INFO --------------Round 40--------------
2025-04-25 03:00:01,168 simple_logger.py log_once [line:14] INFO Current_time:590
2025-04-25 03:00:03,206 simple_logger.py log_once [line:28] INFO test_accuracy                 0.9893
2025-04-25 03:00:03,207 simple_logger.py log_once [line:28] INFO test_loss                     0.0499
2025-04-25 03:00:03,207 simple_logger.py log_once [line:28] INFO val_accuracy                  0.9887
2025-04-25 03:00:03,207 simple_logger.py log_once [line:28] INFO mean_val_accuracy             0.9887
2025-04-25 03:00:03,207 simple_logger.py log_once [line:28] INFO std_val_accuracy              0.0041
2025-04-25 03:00:03,207 simple_logger.py log_once [line:28] INFO val_loss                      0.0839
2025-04-25 03:00:03,207 simple_logger.py log_once [line:28] INFO mean_val_loss                 0.0839
2025-04-25 03:00:03,207 simple_logger.py log_once [line:28] INFO std_val_loss                  0.0462
2025-04-25 03:00:03,207 fedbase.py run [line:323] INFO expense           17539620.0
2025-04-25 03:00:03,207 fedbase.py run [line:324] INFO Eval Time Cost:               2.0392s
2025-04-25 03:00:03,207 asyncbase.py iterate [line:68] INFO Select clients [0, 1, 2, 3, 4, 5, 6, 7, 8, 9, 10, 11, 12, 13, 14, 15, 16, 17, 18, 19] at time 591.
2025-04-25 03:00:15,554 asyncbase.py iterate [line:73] INFO Receive new models from clients [2] at time 603
2025-04-25 03:00:15,554 asyncbase.py iterate [line:73] INFO Receive new models from clients [18, 14, 19, 15, 16, 7, 17, 4, 1] at time 604
2025-04-25 03:00:15,554 asyncbase.py iterate [line:73] INFO Receive new models from clients [12, 0, 13, 10, 6, 8, 9, 3, 11] at time 605
2025-04-25 03:00:15,555 asyncbase.py iterate [line:73] INFO Receive new models from clients [5] at time 606
2025-04-25 03:00:15,608 fedbase.py run [line:318] INFO --------------Round 41--------------
2025-04-25 03:00:15,608 simple_logger.py log_once [line:14] INFO Current_time:606
2025-04-25 03:00:17,644 simple_logger.py log_once [line:28] INFO test_accuracy                 0.9890
2025-04-25 03:00:17,644 simple_logger.py log_once [line:28] INFO test_loss                     0.0534
2025-04-25 03:00:17,644 simple_logger.py log_once [line:28] INFO val_accuracy                  0.9888
2025-04-25 03:00:17,644 simple_logger.py log_once [line:28] INFO mean_val_accuracy             0.9888
2025-04-25 03:00:17,644 simple_logger.py log_once [line:28] INFO std_val_accuracy              0.0043
2025-04-25 03:00:17,644 simple_logger.py log_once [line:28] INFO val_loss                      0.0848
2025-04-25 03:00:17,644 simple_logger.py log_once [line:28] INFO mean_val_loss                 0.0848
2025-04-25 03:00:17,644 simple_logger.py log_once [line:28] INFO std_val_loss                  0.0453
2025-04-25 03:00:17,644 fedbase.py run [line:323] INFO expense           17563460.0
2025-04-25 03:00:17,644 fedbase.py run [line:324] INFO Eval Time Cost:               2.0358s
2025-04-25 03:00:17,644 asyncbase.py iterate [line:68] INFO Select clients [0, 1, 2, 3, 4, 5, 6, 7, 8, 9, 10, 11, 12, 13, 14, 15, 16, 17, 18, 19] at time 607.
2025-04-25 03:00:29,130 asyncbase.py iterate [line:73] INFO Receive new models from clients [8, 9] at time 619
2025-04-25 03:00:29,130 asyncbase.py iterate [line:73] INFO Receive new models from clients [19, 15, 6, 17, 0, 2, 12] at time 620
2025-04-25 03:00:29,131 asyncbase.py iterate [line:73] INFO Receive new models from clients [10, 7, 14, 5, 4, 1, 16, 3, 11] at time 621
2025-04-25 03:00:29,131 asyncbase.py iterate [line:73] INFO Receive new models from clients [18, 13] at time 622
2025-04-25 03:00:29,184 fedbase.py run [line:318] INFO --------------Round 42--------------
2025-04-25 03:00:29,184 simple_logger.py log_once [line:14] INFO Current_time:622
2025-04-25 03:00:31,200 simple_logger.py log_once [line:28] INFO test_accuracy                 0.9892
2025-04-25 03:00:31,200 simple_logger.py log_once [line:28] INFO test_loss                     0.0517
2025-04-25 03:00:31,200 simple_logger.py log_once [line:28] INFO val_accuracy                  0.9882
2025-04-25 03:00:31,200 simple_logger.py log_once [line:28] INFO mean_val_accuracy             0.9882
2025-04-25 03:00:31,200 simple_logger.py log_once [line:28] INFO std_val_accuracy              0.0048
2025-04-25 03:00:31,200 simple_logger.py log_once [line:28] INFO val_loss                      0.0858
2025-04-25 03:00:31,200 simple_logger.py log_once [line:28] INFO mean_val_loss                 0.0858
2025-04-25 03:00:31,200 simple_logger.py log_once [line:28] INFO std_val_loss                  0.0435
2025-04-25 03:00:31,201 fedbase.py run [line:323] INFO expense           17587300.0
2025-04-25 03:00:31,201 fedbase.py run [line:324] INFO Eval Time Cost:               2.0164s
2025-04-25 03:00:31,201 asyncbase.py iterate [line:68] INFO Select clients [0, 1, 2, 3, 4, 5, 6, 7, 8, 9, 10, 11, 12, 13, 14, 15, 16, 17, 18, 19] at time 623.
2025-04-25 03:00:43,898 asyncbase.py iterate [line:73] INFO Receive new models from clients [0] at time 635
2025-04-25 03:00:43,899 asyncbase.py iterate [line:73] INFO Receive new models from clients [13, 18, 17, 8, 16, 9] at time 636
2025-04-25 03:00:43,899 asyncbase.py iterate [line:73] INFO Receive new models from clients [19, 14, 11, 12, 4, 1, 5, 2, 10, 6] at time 637
2025-04-25 03:00:43,900 asyncbase.py iterate [line:73] INFO Receive new models from clients [3, 7, 15] at time 638
2025-04-25 03:00:43,978 fedbase.py run [line:318] INFO --------------Round 43--------------
2025-04-25 03:00:43,978 simple_logger.py log_once [line:14] INFO Current_time:638
2025-04-25 03:00:46,106 simple_logger.py log_once [line:28] INFO test_accuracy                 0.9893
2025-04-25 03:00:46,106 simple_logger.py log_once [line:28] INFO test_loss                     0.0527
2025-04-25 03:00:46,106 simple_logger.py log_once [line:28] INFO val_accuracy                  0.9883
2025-04-25 03:00:46,106 simple_logger.py log_once [line:28] INFO mean_val_accuracy             0.9883
2025-04-25 03:00:46,106 simple_logger.py log_once [line:28] INFO std_val_accuracy              0.0037
2025-04-25 03:00:46,106 simple_logger.py log_once [line:28] INFO val_loss                      0.0876
2025-04-25 03:00:46,106 simple_logger.py log_once [line:28] INFO mean_val_loss                 0.0876
2025-04-25 03:00:46,106 simple_logger.py log_once [line:28] INFO std_val_loss                  0.0428
2025-04-25 03:00:46,106 fedbase.py run [line:323] INFO expense           17611140.0
2025-04-25 03:00:46,106 fedbase.py run [line:324] INFO Eval Time Cost:               2.1280s
2025-04-25 03:00:46,106 asyncbase.py iterate [line:68] INFO Select clients [0, 1, 2, 3, 4, 5, 6, 7, 8, 9, 10, 11, 12, 13, 14, 15, 16, 17, 18, 19] at time 639.
2025-04-25 03:00:57,433 asyncbase.py iterate [line:73] INFO Receive new models from clients [19] at time 651
2025-04-25 03:00:57,433 asyncbase.py iterate [line:73] INFO Receive new models from clients [1, 6, 8, 16, 2, 12, 4, 11] at time 652
2025-04-25 03:00:57,434 asyncbase.py iterate [line:73] INFO Receive new models from clients [10, 5, 18, 15, 0, 14, 13] at time 653
2025-04-25 03:00:57,434 asyncbase.py iterate [line:73] INFO Receive new models from clients [9, 7, 3, 17] at time 654
2025-04-25 03:00:57,487 fedbase.py run [line:318] INFO --------------Round 44--------------
2025-04-25 03:00:57,487 simple_logger.py log_once [line:14] INFO Current_time:654
2025-04-25 03:00:59,513 simple_logger.py log_once [line:28] INFO test_accuracy                 0.9894
2025-04-25 03:00:59,513 simple_logger.py log_once [line:28] INFO test_loss                     0.0538
2025-04-25 03:00:59,513 simple_logger.py log_once [line:28] INFO val_accuracy                  0.9885
2025-04-25 03:00:59,513 simple_logger.py log_once [line:28] INFO mean_val_accuracy             0.9885
2025-04-25 03:00:59,513 simple_logger.py log_once [line:28] INFO std_val_accuracy              0.0045
2025-04-25 03:00:59,513 simple_logger.py log_once [line:28] INFO val_loss                      0.0878
2025-04-25 03:00:59,513 simple_logger.py log_once [line:28] INFO mean_val_loss                 0.0878
2025-04-25 03:00:59,513 simple_logger.py log_once [line:28] INFO std_val_loss                  0.0471
2025-04-25 03:00:59,513 fedbase.py run [line:323] INFO expense           17634980.0
2025-04-25 03:00:59,513 fedbase.py run [line:324] INFO Eval Time Cost:               2.0259s
2025-04-25 03:00:59,513 asyncbase.py iterate [line:68] INFO Select clients [0, 1, 2, 3, 4, 5, 6, 7, 8, 9, 10, 11, 12, 13, 14, 15, 16, 17, 18, 19] at time 655.
2025-04-25 03:01:10,773 asyncbase.py iterate [line:73] INFO Receive new models from clients [17, 2, 15, 11, 16, 18, 1, 12, 10, 5, 19, 9, 8] at time 668
2025-04-25 03:01:10,773 asyncbase.py iterate [line:73] INFO Receive new models from clients [0, 3, 6, 13, 4, 14] at time 669
2025-04-25 03:01:10,774 asyncbase.py iterate [line:73] INFO Receive new models from clients [7] at time 670
2025-04-25 03:01:10,827 fedbase.py run [line:318] INFO --------------Round 45--------------
2025-04-25 03:01:10,827 simple_logger.py log_once [line:14] INFO Current_time:670
2025-04-25 03:01:12,849 simple_logger.py log_once [line:28] INFO test_accuracy                 0.9890
2025-04-25 03:01:12,850 simple_logger.py log_once [line:28] INFO test_loss                     0.0556
2025-04-25 03:01:12,850 simple_logger.py log_once [line:28] INFO val_accuracy                  0.9885
2025-04-25 03:01:12,850 simple_logger.py log_once [line:28] INFO mean_val_accuracy             0.9885
2025-04-25 03:01:12,850 simple_logger.py log_once [line:28] INFO std_val_accuracy              0.0044
2025-04-25 03:01:12,850 simple_logger.py log_once [line:28] INFO val_loss                      0.0920
2025-04-25 03:01:12,850 simple_logger.py log_once [line:28] INFO mean_val_loss                 0.0920
2025-04-25 03:01:12,850 simple_logger.py log_once [line:28] INFO std_val_loss                  0.0479
2025-04-25 03:01:12,850 fedbase.py run [line:323] INFO expense           17658820.0
2025-04-25 03:01:12,850 fedbase.py run [line:324] INFO Eval Time Cost:               2.0226s
2025-04-25 03:01:12,850 asyncbase.py iterate [line:68] INFO Select clients [0, 1, 2, 3, 4, 5, 6, 7, 8, 9, 10, 11, 12, 13, 14, 15, 16, 17, 18, 19] at time 671.
2025-04-25 03:01:24,190 asyncbase.py iterate [line:73] INFO Receive new models from clients [15, 10, 7] at time 683
2025-04-25 03:01:24,190 asyncbase.py iterate [line:73] INFO Receive new models from clients [14, 16, 1, 0, 12, 4, 3, 8, 9] at time 684
2025-04-25 03:01:24,190 asyncbase.py iterate [line:73] INFO Receive new models from clients [2, 5, 17, 18, 6, 13] at time 685
2025-04-25 03:01:24,191 asyncbase.py iterate [line:73] INFO Receive new models from clients [11, 19] at time 686
2025-04-25 03:01:24,244 fedbase.py run [line:318] INFO --------------Round 46--------------
2025-04-25 03:01:24,244 simple_logger.py log_once [line:14] INFO Current_time:686
2025-04-25 03:01:26,286 simple_logger.py log_once [line:28] INFO test_accuracy                 0.9888
2025-04-25 03:01:26,286 simple_logger.py log_once [line:28] INFO test_loss                     0.0556
2025-04-25 03:01:26,286 simple_logger.py log_once [line:28] INFO val_accuracy                  0.9885
2025-04-25 03:01:26,286 simple_logger.py log_once [line:28] INFO mean_val_accuracy             0.9885
2025-04-25 03:01:26,287 simple_logger.py log_once [line:28] INFO std_val_accuracy              0.0043
2025-04-25 03:01:26,287 simple_logger.py log_once [line:28] INFO val_loss                      0.0898
2025-04-25 03:01:26,287 simple_logger.py log_once [line:28] INFO mean_val_loss                 0.0898
2025-04-25 03:01:26,287 simple_logger.py log_once [line:28] INFO std_val_loss                  0.0493
2025-04-25 03:01:26,287 fedbase.py run [line:323] INFO expense           17682660.0
2025-04-25 03:01:26,287 fedbase.py run [line:324] INFO Eval Time Cost:               2.0423s
2025-04-25 03:01:26,287 asyncbase.py iterate [line:68] INFO Select clients [0, 1, 2, 3, 4, 5, 6, 7, 8, 9, 10, 11, 12, 13, 14, 15, 16, 17, 18, 19] at time 687.
2025-04-25 03:01:36,396 asyncbase.py iterate [line:73] INFO Receive new models from clients [6, 5, 10] at time 699
2025-04-25 03:01:36,396 asyncbase.py iterate [line:73] INFO Receive new models from clients [4, 9, 8, 17, 16, 14, 3, 11, 1, 7, 19] at time 700
2025-04-25 03:01:36,396 asyncbase.py iterate [line:73] INFO Receive new models from clients [2, 18, 0] at time 701
2025-04-25 03:01:36,397 asyncbase.py iterate [line:73] INFO Receive new models from clients [15, 12, 13] at time 702
2025-04-25 03:01:36,584 fedbase.py run [line:318] INFO --------------Round 47--------------
2025-04-25 03:01:36,584 simple_logger.py log_once [line:14] INFO Current_time:702
2025-04-25 03:01:38,593 simple_logger.py log_once [line:28] INFO test_accuracy                 0.9896
2025-04-25 03:01:38,593 simple_logger.py log_once [line:28] INFO test_loss                     0.0471
2025-04-25 03:01:38,593 simple_logger.py log_once [line:28] INFO val_accuracy                  0.9887
2025-04-25 03:01:38,593 simple_logger.py log_once [line:28] INFO mean_val_accuracy             0.9887
2025-04-25 03:01:38,593 simple_logger.py log_once [line:28] INFO std_val_accuracy              0.0052
2025-04-25 03:01:38,593 simple_logger.py log_once [line:28] INFO val_loss                      0.0539
2025-04-25 03:01:38,593 simple_logger.py log_once [line:28] INFO mean_val_loss                 0.0539
2025-04-25 03:01:38,593 simple_logger.py log_once [line:28] INFO std_val_loss                  0.0195
2025-04-25 03:01:38,593 fedbase.py run [line:323] INFO expense           25999510.0
2025-04-25 03:01:38,593 fedbase.py run [line:324] INFO Eval Time Cost:               2.0088s
2025-04-25 03:01:38,593 asyncbase.py iterate [line:68] INFO Select clients [0, 1, 2, 3, 4, 5, 6, 7, 8, 9, 10, 11, 12, 13, 14, 15, 16, 17, 18, 19] at time 703.
2025-04-25 03:01:50,089 asyncbase.py iterate [line:73] INFO Receive new models from clients [9, 10, 7, 15, 11, 14, 8, 6, 19, 4, 18, 5, 13, 16, 0, 3, 2, 17, 12, 1] at time 704
2025-04-25 03:01:50,142 fedbase.py run [line:318] INFO --------------Round 48--------------
2025-04-25 03:01:50,142 simple_logger.py log_once [line:14] INFO Current_time:704
2025-04-25 03:01:52,159 simple_logger.py log_once [line:28] INFO test_accuracy                 0.9891
2025-04-25 03:01:52,160 simple_logger.py log_once [line:28] INFO test_loss                     0.0386
2025-04-25 03:01:52,160 simple_logger.py log_once [line:28] INFO val_accuracy                  0.9872
2025-04-25 03:01:52,160 simple_logger.py log_once [line:28] INFO mean_val_accuracy             0.9872
2025-04-25 03:01:52,160 simple_logger.py log_once [line:28] INFO std_val_accuracy              0.0051
2025-04-25 03:01:52,160 simple_logger.py log_once [line:28] INFO val_loss                      0.0478
2025-04-25 03:01:52,160 simple_logger.py log_once [line:28] INFO mean_val_loss                 0.0478
2025-04-25 03:01:52,160 simple_logger.py log_once [line:28] INFO std_val_loss                  0.0208
2025-04-25 03:01:52,161 fedbase.py run [line:323] INFO expense           26023350.0
2025-04-25 03:01:52,161 fedbase.py run [line:324] INFO Eval Time Cost:               2.0183s
2025-04-25 03:01:52,161 asyncbase.py iterate [line:68] INFO Select clients [0, 1, 2, 3, 4, 5, 6, 7, 8, 9, 10, 11, 12, 13, 14, 15, 16, 17, 18, 19] at time 705.
2025-04-25 03:02:03,551 asyncbase.py iterate [line:73] INFO Receive new models from clients [3, 16, 10, 17] at time 717
2025-04-25 03:02:03,552 asyncbase.py iterate [line:73] INFO Receive new models from clients [7, 8, 11, 2, 5, 14, 19] at time 718
2025-04-25 03:02:03,552 asyncbase.py iterate [line:73] INFO Receive new models from clients [6, 9, 18, 4, 0, 15, 13] at time 719
2025-04-25 03:02:03,552 asyncbase.py iterate [line:73] INFO Receive new models from clients [1, 12] at time 720
2025-04-25 03:02:03,607 fedbase.py run [line:318] INFO --------------Round 49--------------
2025-04-25 03:02:03,607 simple_logger.py log_once [line:14] INFO Current_time:720
2025-04-25 03:02:05,611 simple_logger.py log_once [line:28] INFO test_accuracy                 0.9895
2025-04-25 03:02:05,612 simple_logger.py log_once [line:28] INFO test_loss                     0.0353
2025-04-25 03:02:05,612 simple_logger.py log_once [line:28] INFO val_accuracy                  0.9883
2025-04-25 03:02:05,612 simple_logger.py log_once [line:28] INFO mean_val_accuracy             0.9883
2025-04-25 03:02:05,612 simple_logger.py log_once [line:28] INFO std_val_accuracy              0.0052
2025-04-25 03:02:05,612 simple_logger.py log_once [line:28] INFO val_loss                      0.0463
2025-04-25 03:02:05,612 simple_logger.py log_once [line:28] INFO mean_val_loss                 0.0463
2025-04-25 03:02:05,612 simple_logger.py log_once [line:28] INFO std_val_loss                  0.0225
2025-04-25 03:02:05,612 fedbase.py run [line:323] INFO expense           26047190.0
2025-04-25 03:02:05,612 fedbase.py run [line:324] INFO Eval Time Cost:               2.0050s
2025-04-25 03:02:05,612 asyncbase.py iterate [line:68] INFO Select clients [0, 1, 2, 3, 4, 5, 6, 7, 8, 9, 10, 11, 12, 13, 14, 15, 16, 17, 18, 19] at time 721.
2025-04-25 03:02:18,481 asyncbase.py iterate [line:73] INFO Receive new models from clients [8, 10, 9, 2, 12] at time 733
2025-04-25 03:02:18,482 asyncbase.py iterate [line:73] INFO Receive new models from clients [13, 19, 5, 7, 1, 14, 18] at time 734
2025-04-25 03:02:18,482 asyncbase.py iterate [line:73] INFO Receive new models from clients [4, 16, 6, 17] at time 735
2025-04-25 03:02:18,482 asyncbase.py iterate [line:73] INFO Receive new models from clients [0, 3, 11, 15] at time 736
2025-04-25 03:02:18,535 fedbase.py run [line:318] INFO --------------Round 50--------------
2025-04-25 03:02:18,535 simple_logger.py log_once [line:14] INFO Current_time:736
2025-04-25 03:02:20,571 simple_logger.py log_once [line:28] INFO test_accuracy                 0.9897
2025-04-25 03:02:20,572 simple_logger.py log_once [line:28] INFO test_loss                     0.0346
2025-04-25 03:02:20,572 simple_logger.py log_once [line:28] INFO val_accuracy                  0.9882
2025-04-25 03:02:20,572 simple_logger.py log_once [line:28] INFO mean_val_accuracy             0.9882
2025-04-25 03:02:20,572 simple_logger.py log_once [line:28] INFO std_val_accuracy              0.0044
2025-04-25 03:02:20,572 simple_logger.py log_once [line:28] INFO val_loss                      0.0474
2025-04-25 03:02:20,572 simple_logger.py log_once [line:28] INFO mean_val_loss                 0.0474
2025-04-25 03:02:20,572 simple_logger.py log_once [line:28] INFO std_val_loss                  0.0241
2025-04-25 03:02:20,572 fedbase.py run [line:323] INFO expense           26071030.0
2025-04-25 03:02:20,572 fedbase.py run [line:324] INFO Eval Time Cost:               2.0374s
2025-04-25 03:02:20,572 asyncbase.py iterate [line:68] INFO Select clients [0, 1, 2, 3, 4, 5, 6, 7, 8, 9, 10, 11, 12, 13, 14, 15, 16, 17, 18, 19] at time 737.
2025-04-25 03:02:32,133 asyncbase.py iterate [line:73] INFO Receive new models from clients [17, 4, 1, 10] at time 749
2025-04-25 03:02:32,134 asyncbase.py iterate [line:73] INFO Receive new models from clients [5, 18, 6, 7, 12, 11, 0] at time 750
2025-04-25 03:02:32,134 asyncbase.py iterate [line:73] INFO Receive new models from clients [2, 3, 9, 8, 19, 15] at time 751
2025-04-25 03:02:32,134 asyncbase.py iterate [line:73] INFO Receive new models from clients [13, 14, 16] at time 752
2025-04-25 03:02:32,188 fedbase.py run [line:318] INFO --------------Round 51--------------
2025-04-25 03:02:32,188 simple_logger.py log_once [line:14] INFO Current_time:752
2025-04-25 03:02:34,225 simple_logger.py log_once [line:28] INFO test_accuracy                 0.9896
2025-04-25 03:02:34,225 simple_logger.py log_once [line:28] INFO test_loss                     0.0345
2025-04-25 03:02:34,225 simple_logger.py log_once [line:28] INFO val_accuracy                  0.9882
2025-04-25 03:02:34,225 simple_logger.py log_once [line:28] INFO mean_val_accuracy             0.9882
2025-04-25 03:02:34,225 simple_logger.py log_once [line:28] INFO std_val_accuracy              0.0041
2025-04-25 03:02:34,225 simple_logger.py log_once [line:28] INFO val_loss                      0.0483
2025-04-25 03:02:34,225 simple_logger.py log_once [line:28] INFO mean_val_loss                 0.0483
2025-04-25 03:02:34,225 simple_logger.py log_once [line:28] INFO std_val_loss                  0.0249
2025-04-25 03:02:34,225 fedbase.py run [line:323] INFO expense           26094870.0
2025-04-25 03:02:34,225 fedbase.py run [line:324] INFO Eval Time Cost:               2.0372s
2025-04-25 03:02:34,226 asyncbase.py iterate [line:68] INFO Select clients [0, 1, 2, 3, 4, 5, 6, 7, 8, 9, 10, 11, 12, 13, 14, 15, 16, 17, 18, 19] at time 753.
2025-04-25 03:02:45,620 asyncbase.py iterate [line:73] INFO Receive new models from clients [9] at time 765
2025-04-25 03:02:45,621 asyncbase.py iterate [line:73] INFO Receive new models from clients [11, 19, 13, 7, 0, 1, 8, 18, 4, 3, 6] at time 766
2025-04-25 03:02:45,621 asyncbase.py iterate [line:73] INFO Receive new models from clients [10, 14, 12, 17, 2] at time 767
2025-04-25 03:02:45,621 asyncbase.py iterate [line:73] INFO Receive new models from clients [5, 15, 16] at time 768
2025-04-25 03:02:45,674 fedbase.py run [line:318] INFO --------------Round 52--------------
2025-04-25 03:02:45,674 simple_logger.py log_once [line:14] INFO Current_time:768
2025-04-25 03:02:47,791 simple_logger.py log_once [line:28] INFO test_accuracy                 0.9896
2025-04-25 03:02:47,791 simple_logger.py log_once [line:28] INFO test_loss                     0.0351
2025-04-25 03:02:47,792 simple_logger.py log_once [line:28] INFO val_accuracy                  0.9883
2025-04-25 03:02:47,792 simple_logger.py log_once [line:28] INFO mean_val_accuracy             0.9883
2025-04-25 03:02:47,792 simple_logger.py log_once [line:28] INFO std_val_accuracy              0.0036
2025-04-25 03:02:47,792 simple_logger.py log_once [line:28] INFO val_loss                      0.0485
2025-04-25 03:02:47,792 simple_logger.py log_once [line:28] INFO mean_val_loss                 0.0485
2025-04-25 03:02:47,792 simple_logger.py log_once [line:28] INFO std_val_loss                  0.0251
2025-04-25 03:02:47,792 fedbase.py run [line:323] INFO expense           26118710.0
2025-04-25 03:02:47,792 fedbase.py run [line:324] INFO Eval Time Cost:               2.1176s
2025-04-25 03:02:47,792 asyncbase.py iterate [line:68] INFO Select clients [0, 1, 2, 3, 4, 5, 6, 7, 8, 9, 10, 11, 12, 13, 14, 15, 16, 17, 18, 19] at time 769.
2025-04-25 03:02:58,686 asyncbase.py iterate [line:73] INFO Receive new models from clients [9, 10] at time 781
2025-04-25 03:02:58,687 asyncbase.py iterate [line:73] INFO Receive new models from clients [12, 15, 16, 5, 7, 6, 17, 1] at time 782
2025-04-25 03:02:58,687 asyncbase.py iterate [line:73] INFO Receive new models from clients [2, 3, 11, 18, 14, 13, 0] at time 783
2025-04-25 03:02:58,687 asyncbase.py iterate [line:73] INFO Receive new models from clients [4, 8, 19] at time 784
2025-04-25 03:02:58,740 fedbase.py run [line:318] INFO --------------Round 53--------------
2025-04-25 03:02:58,740 simple_logger.py log_once [line:14] INFO Current_time:784
2025-04-25 03:03:00,748 simple_logger.py log_once [line:28] INFO test_accuracy                 0.9897
2025-04-25 03:03:00,748 simple_logger.py log_once [line:28] INFO test_loss                     0.0346
2025-04-25 03:03:00,748 simple_logger.py log_once [line:28] INFO val_accuracy                  0.9882
2025-04-25 03:03:00,748 simple_logger.py log_once [line:28] INFO mean_val_accuracy             0.9882
2025-04-25 03:03:00,749 simple_logger.py log_once [line:28] INFO std_val_accuracy              0.0051
2025-04-25 03:03:00,749 simple_logger.py log_once [line:28] INFO val_loss                      0.0509
2025-04-25 03:03:00,749 simple_logger.py log_once [line:28] INFO mean_val_loss                 0.0509
2025-04-25 03:03:00,749 simple_logger.py log_once [line:28] INFO std_val_loss                  0.0271
2025-04-25 03:03:00,749 fedbase.py run [line:323] INFO expense           26142550.0
2025-04-25 03:03:00,749 fedbase.py run [line:324] INFO Eval Time Cost:               2.0084s
2025-04-25 03:03:00,749 asyncbase.py iterate [line:68] INFO Select clients [0, 1, 2, 3, 4, 5, 6, 7, 8, 9, 10, 11, 12, 13, 14, 15, 16, 17, 18, 19] at time 785.
2025-04-25 03:03:12,046 asyncbase.py iterate [line:73] INFO Receive new models from clients [14, 19, 16] at time 797
2025-04-25 03:03:12,047 asyncbase.py iterate [line:73] INFO Receive new models from clients [8, 0, 9, 2, 7, 1] at time 798
2025-04-25 03:03:12,047 asyncbase.py iterate [line:73] INFO Receive new models from clients [17, 6, 12, 18, 4, 3, 11, 13, 10] at time 799
2025-04-25 03:03:12,047 asyncbase.py iterate [line:73] INFO Receive new models from clients [15, 5] at time 800
2025-04-25 03:03:12,100 fedbase.py run [line:318] INFO --------------Round 54--------------
2025-04-25 03:03:12,100 simple_logger.py log_once [line:14] INFO Current_time:800
2025-04-25 03:03:14,101 simple_logger.py log_once [line:28] INFO test_accuracy                 0.9899
2025-04-25 03:03:14,101 simple_logger.py log_once [line:28] INFO test_loss                     0.0347
2025-04-25 03:03:14,101 simple_logger.py log_once [line:28] INFO val_accuracy                  0.9885
2025-04-25 03:03:14,101 simple_logger.py log_once [line:28] INFO mean_val_accuracy             0.9885
2025-04-25 03:03:14,101 simple_logger.py log_once [line:28] INFO std_val_accuracy              0.0043
2025-04-25 03:03:14,101 simple_logger.py log_once [line:28] INFO val_loss                      0.0501
2025-04-25 03:03:14,101 simple_logger.py log_once [line:28] INFO mean_val_loss                 0.0501
2025-04-25 03:03:14,101 simple_logger.py log_once [line:28] INFO std_val_loss                  0.0274
2025-04-25 03:03:14,101 fedbase.py run [line:323] INFO expense           26166390.0
2025-04-25 03:03:14,101 fedbase.py run [line:324] INFO Eval Time Cost:               2.0013s
2025-04-25 03:03:14,102 asyncbase.py iterate [line:68] INFO Select clients [0, 1, 2, 3, 4, 5, 6, 7, 8, 9, 10, 11, 12, 13, 14, 15, 16, 17, 18, 19] at time 801.
2025-04-25 03:03:25,234 asyncbase.py iterate [line:73] INFO Receive new models from clients [14, 5, 6] at time 813
2025-04-25 03:03:25,234 asyncbase.py iterate [line:73] INFO Receive new models from clients [15, 3, 0, 2, 7, 12] at time 814
2025-04-25 03:03:25,235 asyncbase.py iterate [line:73] INFO Receive new models from clients [1, 13, 18, 10, 4, 11, 8, 19, 16, 17] at time 815
2025-04-25 03:03:25,235 asyncbase.py iterate [line:73] INFO Receive new models from clients [9] at time 816
2025-04-25 03:03:25,288 fedbase.py run [line:318] INFO --------------Round 55--------------
2025-04-25 03:03:25,288 simple_logger.py log_once [line:14] INFO Current_time:816
2025-04-25 03:03:27,308 simple_logger.py log_once [line:28] INFO test_accuracy                 0.9897
2025-04-25 03:03:27,308 simple_logger.py log_once [line:28] INFO test_loss                     0.0352
2025-04-25 03:03:27,308 simple_logger.py log_once [line:28] INFO val_accuracy                  0.9882
2025-04-25 03:03:27,308 simple_logger.py log_once [line:28] INFO mean_val_accuracy             0.9882
2025-04-25 03:03:27,308 simple_logger.py log_once [line:28] INFO std_val_accuracy              0.0045
2025-04-25 03:03:27,308 simple_logger.py log_once [line:28] INFO val_loss                      0.0508
2025-04-25 03:03:27,308 simple_logger.py log_once [line:28] INFO mean_val_loss                 0.0508
2025-04-25 03:03:27,308 simple_logger.py log_once [line:28] INFO std_val_loss                  0.0276
2025-04-25 03:03:27,308 fedbase.py run [line:323] INFO expense           26190230.0
2025-04-25 03:03:27,308 fedbase.py run [line:324] INFO Eval Time Cost:               2.0206s
2025-04-25 03:03:27,308 asyncbase.py iterate [line:68] INFO Select clients [0, 1, 2, 3, 4, 5, 6, 7, 8, 9, 10, 11, 12, 13, 14, 15, 16, 17, 18, 19] at time 817.
2025-04-25 03:03:39,094 asyncbase.py iterate [line:73] INFO Receive new models from clients [8, 10] at time 829
2025-04-25 03:03:39,094 asyncbase.py iterate [line:73] INFO Receive new models from clients [2, 14, 16, 4, 1, 15, 19, 18, 12] at time 830
2025-04-25 03:03:39,094 asyncbase.py iterate [line:73] INFO Receive new models from clients [6, 11, 9, 5, 3, 17, 0] at time 831
2025-04-25 03:03:39,095 asyncbase.py iterate [line:73] INFO Receive new models from clients [13, 7] at time 832
2025-04-25 03:03:39,148 fedbase.py run [line:318] INFO --------------Round 56--------------
2025-04-25 03:03:39,149 simple_logger.py log_once [line:14] INFO Current_time:832
2025-04-25 03:03:41,156 simple_logger.py log_once [line:28] INFO test_accuracy                 0.9897
2025-04-25 03:03:41,156 simple_logger.py log_once [line:28] INFO test_loss                     0.0346
2025-04-25 03:03:41,157 simple_logger.py log_once [line:28] INFO val_accuracy                  0.9878
2025-04-25 03:03:41,157 simple_logger.py log_once [line:28] INFO mean_val_accuracy             0.9878
2025-04-25 03:03:41,157 simple_logger.py log_once [line:28] INFO std_val_accuracy              0.0046
2025-04-25 03:03:41,157 simple_logger.py log_once [line:28] INFO val_loss                      0.0524
2025-04-25 03:03:41,157 simple_logger.py log_once [line:28] INFO mean_val_loss                 0.0524
2025-04-25 03:03:41,157 simple_logger.py log_once [line:28] INFO std_val_loss                  0.0281
2025-04-25 03:03:41,157 fedbase.py run [line:323] INFO expense           26214070.0
2025-04-25 03:03:41,157 fedbase.py run [line:324] INFO Eval Time Cost:               2.0083s
2025-04-25 03:03:41,157 asyncbase.py iterate [line:68] INFO Select clients [0, 1, 2, 3, 4, 5, 6, 7, 8, 9, 10, 11, 12, 13, 14, 15, 16, 17, 18, 19] at time 833.
2025-04-25 03:03:52,399 asyncbase.py iterate [line:73] INFO Receive new models from clients [17, 15, 18] at time 845
2025-04-25 03:03:52,399 asyncbase.py iterate [line:73] INFO Receive new models from clients [13, 6, 2, 0, 9, 5, 8] at time 846
2025-04-25 03:03:52,399 asyncbase.py iterate [line:73] INFO Receive new models from clients [12, 10, 11, 14, 7, 4, 19, 16, 3] at time 847
2025-04-25 03:03:52,399 asyncbase.py iterate [line:73] INFO Receive new models from clients [1] at time 848
2025-04-25 03:03:52,452 fedbase.py run [line:318] INFO --------------Round 57--------------
2025-04-25 03:03:52,452 simple_logger.py log_once [line:14] INFO Current_time:848
2025-04-25 03:03:54,457 simple_logger.py log_once [line:28] INFO test_accuracy                 0.9898
2025-04-25 03:03:54,457 simple_logger.py log_once [line:28] INFO test_loss                     0.0349
2025-04-25 03:03:54,457 simple_logger.py log_once [line:28] INFO val_accuracy                  0.9885
2025-04-25 03:03:54,457 simple_logger.py log_once [line:28] INFO mean_val_accuracy             0.9885
2025-04-25 03:03:54,457 simple_logger.py log_once [line:28] INFO std_val_accuracy              0.0037
2025-04-25 03:03:54,457 simple_logger.py log_once [line:28] INFO val_loss                      0.0517
2025-04-25 03:03:54,457 simple_logger.py log_once [line:28] INFO mean_val_loss                 0.0517
2025-04-25 03:03:54,457 simple_logger.py log_once [line:28] INFO std_val_loss                  0.0280
2025-04-25 03:03:54,457 fedbase.py run [line:323] INFO expense           26237910.0
2025-04-25 03:03:54,457 fedbase.py run [line:324] INFO Eval Time Cost:               2.0052s
2025-04-25 03:03:54,457 asyncbase.py iterate [line:68] INFO Select clients [0, 1, 2, 3, 4, 5, 6, 7, 8, 9, 10, 11, 12, 13, 14, 15, 16, 17, 18, 19] at time 849.
2025-04-25 03:04:06,943 asyncbase.py iterate [line:73] INFO Receive new models from clients [9, 10, 15] at time 861
2025-04-25 03:04:06,943 asyncbase.py iterate [line:73] INFO Receive new models from clients [11, 8, 0, 14, 7, 4, 1] at time 862
2025-04-25 03:04:06,944 asyncbase.py iterate [line:73] INFO Receive new models from clients [5, 12, 13, 16, 18, 6, 3] at time 863
2025-04-25 03:04:06,944 asyncbase.py iterate [line:73] INFO Receive new models from clients [17, 19, 2] at time 864
2025-04-25 03:04:07,023 fedbase.py run [line:318] INFO --------------Round 58--------------
2025-04-25 03:04:07,023 simple_logger.py log_once [line:14] INFO Current_time:864
2025-04-25 03:04:09,307 simple_logger.py log_once [line:28] INFO test_accuracy                 0.9898
2025-04-25 03:04:09,308 simple_logger.py log_once [line:28] INFO test_loss                     0.0353
2025-04-25 03:04:09,308 simple_logger.py log_once [line:28] INFO val_accuracy                  0.9887
2025-04-25 03:04:09,308 simple_logger.py log_once [line:28] INFO mean_val_accuracy             0.9887
2025-04-25 03:04:09,308 simple_logger.py log_once [line:28] INFO std_val_accuracy              0.0041
2025-04-25 03:04:09,308 simple_logger.py log_once [line:28] INFO val_loss                      0.0518
2025-04-25 03:04:09,308 simple_logger.py log_once [line:28] INFO mean_val_loss                 0.0518
2025-04-25 03:04:09,308 simple_logger.py log_once [line:28] INFO std_val_loss                  0.0284
2025-04-25 03:04:09,308 fedbase.py run [line:323] INFO expense           26261750.0
2025-04-25 03:04:09,308 fedbase.py run [line:324] INFO Eval Time Cost:               2.2852s
2025-04-25 03:04:09,308 asyncbase.py iterate [line:68] INFO Select clients [0, 1, 2, 3, 4, 5, 6, 7, 8, 9, 10, 11, 12, 13, 14, 15, 16, 17, 18, 19] at time 865.
2025-04-25 03:04:21,875 asyncbase.py iterate [line:73] INFO Receive new models from clients [9] at time 877
2025-04-25 03:04:21,875 asyncbase.py iterate [line:73] INFO Receive new models from clients [7, 14, 19, 6, 10, 0, 13, 3] at time 878
2025-04-25 03:04:21,875 asyncbase.py iterate [line:73] INFO Receive new models from clients [5, 17, 4, 16, 18, 8, 15, 1] at time 879
2025-04-25 03:04:21,876 asyncbase.py iterate [line:73] INFO Receive new models from clients [12, 2, 11] at time 880
2025-04-25 03:04:21,929 fedbase.py run [line:318] INFO --------------Round 59--------------
2025-04-25 03:04:21,929 simple_logger.py log_once [line:14] INFO Current_time:880
2025-04-25 03:04:23,959 simple_logger.py log_once [line:28] INFO test_accuracy                 0.9899
2025-04-25 03:04:23,959 simple_logger.py log_once [line:28] INFO test_loss                     0.0356
2025-04-25 03:04:23,959 simple_logger.py log_once [line:28] INFO val_accuracy                  0.9882
2025-04-25 03:04:23,959 simple_logger.py log_once [line:28] INFO mean_val_accuracy             0.9882
2025-04-25 03:04:23,959 simple_logger.py log_once [line:28] INFO std_val_accuracy              0.0040
2025-04-25 03:04:23,959 simple_logger.py log_once [line:28] INFO val_loss                      0.0527
2025-04-25 03:04:23,959 simple_logger.py log_once [line:28] INFO mean_val_loss                 0.0527
2025-04-25 03:04:23,960 simple_logger.py log_once [line:28] INFO std_val_loss                  0.0286
2025-04-25 03:04:23,960 fedbase.py run [line:323] INFO expense           26285590.0
2025-04-25 03:04:23,960 fedbase.py run [line:324] INFO Eval Time Cost:               2.0306s
2025-04-25 03:04:23,960 asyncbase.py iterate [line:68] INFO Select clients [0, 1, 2, 3, 4, 5, 6, 7, 8, 9, 10, 11, 12, 13, 14, 15, 16, 17, 18, 19] at time 881.
2025-04-25 03:04:35,266 asyncbase.py iterate [line:73] INFO Receive new models from clients [0] at time 893
2025-04-25 03:04:35,266 asyncbase.py iterate [line:73] INFO Receive new models from clients [14, 18, 19, 1, 12, 10, 9, 11, 16, 17] at time 894
2025-04-25 03:04:35,266 asyncbase.py iterate [line:73] INFO Receive new models from clients [8, 5, 13, 2, 3, 4, 7, 6] at time 895
2025-04-25 03:04:35,266 asyncbase.py iterate [line:73] INFO Receive new models from clients [15] at time 896
2025-04-25 03:04:35,320 fedbase.py run [line:318] INFO --------------Round 60--------------
2025-04-25 03:04:35,320 simple_logger.py log_once [line:14] INFO Current_time:896
2025-04-25 03:04:37,339 simple_logger.py log_once [line:28] INFO test_accuracy                 0.9893
2025-04-25 03:04:37,339 simple_logger.py log_once [line:28] INFO test_loss                     0.0364
2025-04-25 03:04:37,339 simple_logger.py log_once [line:28] INFO val_accuracy                  0.9888
2025-04-25 03:04:37,339 simple_logger.py log_once [line:28] INFO mean_val_accuracy             0.9888
2025-04-25 03:04:37,339 simple_logger.py log_once [line:28] INFO std_val_accuracy              0.0043
2025-04-25 03:04:37,339 simple_logger.py log_once [line:28] INFO val_loss                      0.0541
2025-04-25 03:04:37,339 simple_logger.py log_once [line:28] INFO mean_val_loss                 0.0541
2025-04-25 03:04:37,340 simple_logger.py log_once [line:28] INFO std_val_loss                  0.0290
2025-04-25 03:04:37,340 fedbase.py run [line:323] INFO expense           26309430.0
2025-04-25 03:04:37,340 fedbase.py run [line:324] INFO Eval Time Cost:               2.0191s
2025-04-25 03:04:37,340 asyncbase.py iterate [line:68] INFO Select clients [0, 1, 2, 3, 4, 5, 6, 7, 8, 9, 10, 11, 12, 13, 14, 15, 16, 17, 18, 19] at time 897.
2025-04-25 03:04:48,568 asyncbase.py iterate [line:73] INFO Receive new models from clients [5, 18, 14, 0, 17, 19, 15, 11] at time 910
2025-04-25 03:04:48,568 asyncbase.py iterate [line:73] INFO Receive new models from clients [13, 8, 4, 6, 9, 16, 7, 3, 12, 2] at time 911
2025-04-25 03:04:48,568 asyncbase.py iterate [line:73] INFO Receive new models from clients [1, 10] at time 912
2025-04-25 03:04:48,622 fedbase.py run [line:318] INFO --------------Round 61--------------
2025-04-25 03:04:48,622 simple_logger.py log_once [line:14] INFO Current_time:912
2025-04-25 03:04:50,687 simple_logger.py log_once [line:28] INFO test_accuracy                 0.9898
2025-04-25 03:04:50,687 simple_logger.py log_once [line:28] INFO test_loss                     0.0362
2025-04-25 03:04:50,687 simple_logger.py log_once [line:28] INFO val_accuracy                  0.9882
2025-04-25 03:04:50,687 simple_logger.py log_once [line:28] INFO mean_val_accuracy             0.9882
2025-04-25 03:04:50,687 simple_logger.py log_once [line:28] INFO std_val_accuracy              0.0040
2025-04-25 03:04:50,687 simple_logger.py log_once [line:28] INFO val_loss                      0.0533
2025-04-25 03:04:50,687 simple_logger.py log_once [line:28] INFO mean_val_loss                 0.0533
2025-04-25 03:04:50,688 simple_logger.py log_once [line:28] INFO std_val_loss                  0.0288
2025-04-25 03:04:50,688 fedbase.py run [line:323] INFO expense           26333270.0
2025-04-25 03:04:50,688 fedbase.py run [line:324] INFO Eval Time Cost:               2.0656s
2025-04-25 03:04:50,688 asyncbase.py iterate [line:68] INFO Select clients [0, 1, 2, 3, 4, 5, 6, 7, 8, 9, 10, 11, 12, 13, 14, 15, 16, 17, 18, 19] at time 913.
2025-04-25 03:05:02,934 asyncbase.py iterate [line:73] INFO Receive new models from clients [19, 12, 7, 16] at time 925
2025-04-25 03:05:02,934 asyncbase.py iterate [line:73] INFO Receive new models from clients [11, 15, 17, 1, 10, 13] at time 926
2025-04-25 03:05:02,934 asyncbase.py iterate [line:73] INFO Receive new models from clients [5, 8, 4, 2, 6] at time 927
2025-04-25 03:05:02,935 asyncbase.py iterate [line:73] INFO Receive new models from clients [14, 0, 18, 9, 3] at time 928
2025-04-25 03:05:02,991 fedbase.py run [line:318] INFO --------------Round 62--------------
2025-04-25 03:05:02,991 simple_logger.py log_once [line:14] INFO Current_time:928
2025-04-25 03:05:05,024 simple_logger.py log_once [line:28] INFO test_accuracy                 0.9899
2025-04-25 03:05:05,024 simple_logger.py log_once [line:28] INFO test_loss                     0.0363
2025-04-25 03:05:05,024 simple_logger.py log_once [line:28] INFO val_accuracy                  0.9888
2025-04-25 03:05:05,024 simple_logger.py log_once [line:28] INFO mean_val_accuracy             0.9888
2025-04-25 03:05:05,024 simple_logger.py log_once [line:28] INFO std_val_accuracy              0.0043
2025-04-25 03:05:05,024 simple_logger.py log_once [line:28] INFO val_loss                      0.0555
2025-04-25 03:05:05,024 simple_logger.py log_once [line:28] INFO mean_val_loss                 0.0555
2025-04-25 03:05:05,024 simple_logger.py log_once [line:28] INFO std_val_loss                  0.0305
2025-04-25 03:05:05,024 fedbase.py run [line:323] INFO expense           26357110.0
2025-04-25 03:05:05,024 fedbase.py run [line:324] INFO Eval Time Cost:               2.0333s
2025-04-25 03:05:05,025 asyncbase.py iterate [line:68] INFO Select clients [0, 1, 2, 3, 4, 5, 6, 7, 8, 9, 10, 11, 12, 13, 14, 15, 16, 17, 18, 19] at time 929.
2025-04-25 03:05:16,694 asyncbase.py iterate [line:73] INFO Receive new models from clients [14, 4, 2] at time 941
2025-04-25 03:05:16,694 asyncbase.py iterate [line:73] INFO Receive new models from clients [18, 19, 6, 8, 13, 5, 7] at time 942
2025-04-25 03:05:16,695 asyncbase.py iterate [line:73] INFO Receive new models from clients [11, 3, 9, 12, 17, 10, 15] at time 943
2025-04-25 03:05:16,695 asyncbase.py iterate [line:73] INFO Receive new models from clients [0, 16, 1] at time 944
2025-04-25 03:05:16,748 fedbase.py run [line:318] INFO --------------Round 63--------------
2025-04-25 03:05:16,748 simple_logger.py log_once [line:14] INFO Current_time:944
2025-04-25 03:05:18,838 simple_logger.py log_once [line:28] INFO test_accuracy                 0.9896
2025-04-25 03:05:18,838 simple_logger.py log_once [line:28] INFO test_loss                     0.0368
2025-04-25 03:05:18,838 simple_logger.py log_once [line:28] INFO val_accuracy                  0.9893
2025-04-25 03:05:18,838 simple_logger.py log_once [line:28] INFO mean_val_accuracy             0.9893
2025-04-25 03:05:18,839 simple_logger.py log_once [line:28] INFO std_val_accuracy              0.0036
2025-04-25 03:05:18,839 simple_logger.py log_once [line:28] INFO val_loss                      0.0554
2025-04-25 03:05:18,839 simple_logger.py log_once [line:28] INFO mean_val_loss                 0.0554
2025-04-25 03:05:18,839 simple_logger.py log_once [line:28] INFO std_val_loss                  0.0309
2025-04-25 03:05:18,839 fedbase.py run [line:323] INFO expense           26380950.0
2025-04-25 03:05:18,839 fedbase.py run [line:324] INFO Eval Time Cost:               2.0906s
2025-04-25 03:05:18,839 asyncbase.py iterate [line:68] INFO Select clients [0, 1, 2, 3, 4, 5, 6, 7, 8, 9, 10, 11, 12, 13, 14, 15, 16, 17, 18, 19] at time 945.
2025-04-25 03:05:29,890 asyncbase.py iterate [line:73] INFO Receive new models from clients [18, 10, 15] at time 957
2025-04-25 03:05:29,891 asyncbase.py iterate [line:73] INFO Receive new models from clients [3, 16, 8, 5, 4, 0, 17, 19] at time 958
2025-04-25 03:05:29,891 asyncbase.py iterate [line:73] INFO Receive new models from clients [12, 2, 7, 14, 1, 11] at time 959
2025-04-25 03:05:29,891 asyncbase.py iterate [line:73] INFO Receive new models from clients [9, 13, 6] at time 960
2025-04-25 03:05:29,944 fedbase.py run [line:318] INFO --------------Round 64--------------
2025-04-25 03:05:29,944 simple_logger.py log_once [line:14] INFO Current_time:960
2025-04-25 03:05:31,999 simple_logger.py log_once [line:28] INFO test_accuracy                 0.9900
2025-04-25 03:05:31,999 simple_logger.py log_once [line:28] INFO test_loss                     0.0375
2025-04-25 03:05:31,999 simple_logger.py log_once [line:28] INFO val_accuracy                  0.9887
2025-04-25 03:05:31,999 simple_logger.py log_once [line:28] INFO mean_val_accuracy             0.9887
2025-04-25 03:05:31,999 simple_logger.py log_once [line:28] INFO std_val_accuracy              0.0044
2025-04-25 03:05:31,999 simple_logger.py log_once [line:28] INFO val_loss                      0.0562
2025-04-25 03:05:31,999 simple_logger.py log_once [line:28] INFO mean_val_loss                 0.0562
2025-04-25 03:05:31,999 simple_logger.py log_once [line:28] INFO std_val_loss                  0.0312
2025-04-25 03:05:31,999 fedbase.py run [line:323] INFO expense           26404790.0
2025-04-25 03:05:31,999 fedbase.py run [line:324] INFO Eval Time Cost:               2.0548s
2025-04-25 03:05:31,999 asyncbase.py iterate [line:68] INFO Select clients [0, 1, 2, 3, 4, 5, 6, 7, 8, 9, 10, 11, 12, 13, 14, 15, 16, 17, 18, 19] at time 961.
2025-04-25 03:05:43,371 asyncbase.py iterate [line:73] INFO Receive new models from clients [11, 18, 0] at time 973
2025-04-25 03:05:43,371 asyncbase.py iterate [line:73] INFO Receive new models from clients [5, 15, 10, 2, 12, 13] at time 974
2025-04-25 03:05:43,371 asyncbase.py iterate [line:73] INFO Receive new models from clients [8, 1, 4, 16, 6, 19, 17, 14, 7, 3, 9] at time 975
2025-04-25 03:05:43,424 fedbase.py run [line:318] INFO --------------Round 65--------------
2025-04-25 03:05:43,424 simple_logger.py log_once [line:14] INFO Current_time:975
2025-04-25 03:05:45,440 simple_logger.py log_once [line:28] INFO test_accuracy                 0.9898
2025-04-25 03:05:45,440 simple_logger.py log_once [line:28] INFO test_loss                     0.0382
2025-04-25 03:05:45,440 simple_logger.py log_once [line:28] INFO val_accuracy                  0.9887
2025-04-25 03:05:45,440 simple_logger.py log_once [line:28] INFO mean_val_accuracy             0.9887
2025-04-25 03:05:45,440 simple_logger.py log_once [line:28] INFO std_val_accuracy              0.0040
2025-04-25 03:05:45,440 simple_logger.py log_once [line:28] INFO val_loss                      0.0557
2025-04-25 03:05:45,440 simple_logger.py log_once [line:28] INFO mean_val_loss                 0.0557
2025-04-25 03:05:45,441 simple_logger.py log_once [line:28] INFO std_val_loss                  0.0317
2025-04-25 03:05:45,441 fedbase.py run [line:323] INFO expense           26428630.0
2025-04-25 03:05:45,441 fedbase.py run [line:324] INFO Eval Time Cost:               2.0162s
2025-04-25 03:05:45,441 asyncbase.py iterate [line:68] INFO Select clients [0, 1, 2, 3, 4, 5, 6, 7, 8, 9, 10, 11, 12, 13, 14, 15, 16, 17, 18, 19] at time 976.
2025-04-25 03:05:56,243 asyncbase.py iterate [line:73] INFO Receive new models from clients [8, 0] at time 988
2025-04-25 03:05:56,243 asyncbase.py iterate [line:73] INFO Receive new models from clients [11, 6, 9, 14, 4, 13, 10] at time 989
2025-04-25 03:05:56,244 asyncbase.py iterate [line:73] INFO Receive new models from clients [16, 2, 17, 15, 12, 7, 5, 19, 18, 3] at time 990
2025-04-25 03:05:56,244 asyncbase.py iterate [line:73] INFO Receive new models from clients [1] at time 991
2025-04-25 03:05:56,296 fedbase.py run [line:318] INFO --------------Round 66--------------
2025-04-25 03:05:56,297 simple_logger.py log_once [line:14] INFO Current_time:991
2025-04-25 03:05:58,310 simple_logger.py log_once [line:28] INFO test_accuracy                 0.9895
2025-04-25 03:05:58,310 simple_logger.py log_once [line:28] INFO test_loss                     0.0386
2025-04-25 03:05:58,311 simple_logger.py log_once [line:28] INFO val_accuracy                  0.9888
2025-04-25 03:05:58,311 simple_logger.py log_once [line:28] INFO mean_val_accuracy             0.9888
2025-04-25 03:05:58,311 simple_logger.py log_once [line:28] INFO std_val_accuracy              0.0038
2025-04-25 03:05:58,311 simple_logger.py log_once [line:28] INFO val_loss                      0.0554
2025-04-25 03:05:58,311 simple_logger.py log_once [line:28] INFO mean_val_loss                 0.0554
2025-04-25 03:05:58,311 simple_logger.py log_once [line:28] INFO std_val_loss                  0.0317
2025-04-25 03:05:58,311 fedbase.py run [line:323] INFO expense           26452470.0
2025-04-25 03:05:58,311 fedbase.py run [line:324] INFO Eval Time Cost:               2.0144s
2025-04-25 03:05:58,311 asyncbase.py iterate [line:68] INFO Select clients [0, 1, 2, 3, 4, 5, 6, 7, 8, 9, 10, 11, 12, 13, 14, 15, 16, 17, 18, 19] at time 992.
2025-04-25 03:06:09,766 asyncbase.py iterate [line:73] INFO Receive new models from clients [17, 9, 8, 12] at time 1004
2025-04-25 03:06:09,766 asyncbase.py iterate [line:73] INFO Receive new models from clients [18, 3, 14, 10, 11, 7, 5, 16, 13] at time 1005
2025-04-25 03:06:09,767 asyncbase.py iterate [line:73] INFO Receive new models from clients [19, 0, 4, 6, 15] at time 1006
2025-04-25 03:06:09,767 asyncbase.py iterate [line:73] INFO Receive new models from clients [2, 1] at time 1007
2025-04-25 03:06:09,820 fedbase.py run [line:318] INFO --------------Round 67--------------
2025-04-25 03:06:09,820 simple_logger.py log_once [line:14] INFO Current_time:1007
2025-04-25 03:06:11,830 simple_logger.py log_once [line:28] INFO test_accuracy                 0.9892
2025-04-25 03:06:11,830 simple_logger.py log_once [line:28] INFO test_loss                     0.0377
2025-04-25 03:06:11,830 simple_logger.py log_once [line:28] INFO val_accuracy                  0.9887
2025-04-25 03:06:11,830 simple_logger.py log_once [line:28] INFO mean_val_accuracy             0.9887
2025-04-25 03:06:11,830 simple_logger.py log_once [line:28] INFO std_val_accuracy              0.0051
2025-04-25 03:06:11,830 simple_logger.py log_once [line:28] INFO val_loss                      0.0566
2025-04-25 03:06:11,830 simple_logger.py log_once [line:28] INFO mean_val_loss                 0.0566
2025-04-25 03:06:11,830 simple_logger.py log_once [line:28] INFO std_val_loss                  0.0325
2025-04-25 03:06:11,831 fedbase.py run [line:323] INFO expense           26476310.0
2025-04-25 03:06:11,831 fedbase.py run [line:324] INFO Eval Time Cost:               2.0108s
2025-04-25 03:06:11,831 asyncbase.py iterate [line:68] INFO Select clients [0, 1, 2, 3, 4, 5, 6, 7, 8, 9, 10, 11, 12, 13, 14, 15, 16, 17, 18, 19] at time 1008.
2025-04-25 03:06:23,168 asyncbase.py iterate [line:73] INFO Receive new models from clients [18, 4] at time 1020
2025-04-25 03:06:23,168 asyncbase.py iterate [line:73] INFO Receive new models from clients [0, 19, 16, 8, 5, 12, 2, 6, 3] at time 1021
2025-04-25 03:06:23,168 asyncbase.py iterate [line:73] INFO Receive new models from clients [13, 14, 10, 17, 11, 1, 7, 15, 9] at time 1022
2025-04-25 03:06:23,221 fedbase.py run [line:318] INFO --------------Round 68--------------
2025-04-25 03:06:23,221 simple_logger.py log_once [line:14] INFO Current_time:1022
2025-04-25 03:06:25,229 simple_logger.py log_once [line:28] INFO test_accuracy                 0.9897
2025-04-25 03:06:25,229 simple_logger.py log_once [line:28] INFO test_loss                     0.0376
2025-04-25 03:06:25,229 simple_logger.py log_once [line:28] INFO val_accuracy                  0.9888
2025-04-25 03:06:25,229 simple_logger.py log_once [line:28] INFO mean_val_accuracy             0.9888
2025-04-25 03:06:25,229 simple_logger.py log_once [line:28] INFO std_val_accuracy              0.0045
2025-04-25 03:06:25,229 simple_logger.py log_once [line:28] INFO val_loss                      0.0567
2025-04-25 03:06:25,229 simple_logger.py log_once [line:28] INFO mean_val_loss                 0.0567
2025-04-25 03:06:25,229 simple_logger.py log_once [line:28] INFO std_val_loss                  0.0331
2025-04-25 03:06:25,230 fedbase.py run [line:323] INFO expense           26500150.0
2025-04-25 03:06:25,230 fedbase.py run [line:324] INFO Eval Time Cost:               2.0087s
2025-04-25 03:06:25,230 asyncbase.py iterate [line:68] INFO Select clients [0, 1, 2, 3, 4, 5, 6, 7, 8, 9, 10, 11, 12, 13, 14, 15, 16, 17, 18, 19] at time 1023.
2025-04-25 03:06:36,277 asyncbase.py iterate [line:73] INFO Receive new models from clients [10, 4, 2, 5, 14] at time 1036
2025-04-25 03:06:36,277 asyncbase.py iterate [line:73] INFO Receive new models from clients [6, 19, 15, 8, 18, 13, 17, 9, 11, 1, 7] at time 1037
2025-04-25 03:06:36,278 asyncbase.py iterate [line:73] INFO Receive new models from clients [3, 12, 0, 16] at time 1038
2025-04-25 03:06:36,332 fedbase.py run [line:318] INFO --------------Round 69--------------
2025-04-25 03:06:36,332 simple_logger.py log_once [line:14] INFO Current_time:1038
2025-04-25 03:06:38,330 simple_logger.py log_once [line:28] INFO test_accuracy                 0.9894
2025-04-25 03:06:38,330 simple_logger.py log_once [line:28] INFO test_loss                     0.0388
2025-04-25 03:06:38,330 simple_logger.py log_once [line:28] INFO val_accuracy                  0.9887
2025-04-25 03:06:38,331 simple_logger.py log_once [line:28] INFO mean_val_accuracy             0.9887
2025-04-25 03:06:38,331 simple_logger.py log_once [line:28] INFO std_val_accuracy              0.0050
2025-04-25 03:06:38,331 simple_logger.py log_once [line:28] INFO val_loss                      0.0583
2025-04-25 03:06:38,331 simple_logger.py log_once [line:28] INFO mean_val_loss                 0.0583
2025-04-25 03:06:38,331 simple_logger.py log_once [line:28] INFO std_val_loss                  0.0334
2025-04-25 03:06:38,331 fedbase.py run [line:323] INFO expense           26523990.0
2025-04-25 03:06:38,331 fedbase.py run [line:324] INFO Eval Time Cost:               1.9989s
2025-04-25 03:06:38,331 asyncbase.py iterate [line:68] INFO Select clients [0, 1, 2, 3, 4, 5, 6, 7, 8, 9, 10, 11, 12, 13, 14, 15, 16, 17, 18, 19] at time 1039.
2025-04-25 03:06:49,284 asyncbase.py iterate [line:73] INFO Receive new models from clients [12] at time 1051
2025-04-25 03:06:49,284 asyncbase.py iterate [line:73] INFO Receive new models from clients [7, 6, 14, 4, 15, 0, 10, 1, 3, 16] at time 1052
2025-04-25 03:06:49,284 asyncbase.py iterate [line:73] INFO Receive new models from clients [2, 13, 17, 8, 19, 18, 11, 9] at time 1053
2025-04-25 03:06:49,284 asyncbase.py iterate [line:73] INFO Receive new models from clients [5] at time 1054
2025-04-25 03:06:49,338 fedbase.py run [line:318] INFO --------------Round 70--------------
2025-04-25 03:06:49,338 simple_logger.py log_once [line:14] INFO Current_time:1054
2025-04-25 03:06:51,363 simple_logger.py log_once [line:28] INFO test_accuracy                 0.9895
2025-04-25 03:06:51,363 simple_logger.py log_once [line:28] INFO test_loss                     0.0397
2025-04-25 03:06:51,363 simple_logger.py log_once [line:28] INFO val_accuracy                  0.9885
2025-04-25 03:06:51,363 simple_logger.py log_once [line:28] INFO mean_val_accuracy             0.9885
2025-04-25 03:06:51,363 simple_logger.py log_once [line:28] INFO std_val_accuracy              0.0044
2025-04-25 03:06:51,363 simple_logger.py log_once [line:28] INFO val_loss                      0.0594
2025-04-25 03:06:51,363 simple_logger.py log_once [line:28] INFO mean_val_loss                 0.0594
2025-04-25 03:06:51,363 simple_logger.py log_once [line:28] INFO std_val_loss                  0.0344
2025-04-25 03:06:51,363 fedbase.py run [line:323] INFO expense           26547830.0
2025-04-25 03:06:51,363 fedbase.py run [line:324] INFO Eval Time Cost:               2.0251s
2025-04-25 03:06:51,363 asyncbase.py iterate [line:68] INFO Select clients [0, 1, 2, 3, 4, 5, 6, 7, 8, 9, 10, 11, 12, 13, 14, 15, 16, 17, 18, 19] at time 1055.
2025-04-25 03:07:02,669 asyncbase.py iterate [line:73] INFO Receive new models from clients [9, 16] at time 1067
2025-04-25 03:07:02,670 asyncbase.py iterate [line:73] INFO Receive new models from clients [4, 11, 5, 15, 2, 17, 12, 3, 8] at time 1068
2025-04-25 03:07:02,670 asyncbase.py iterate [line:73] INFO Receive new models from clients [10, 6, 0, 14, 1, 19, 7, 13] at time 1069
2025-04-25 03:07:02,670 asyncbase.py iterate [line:73] INFO Receive new models from clients [18] at time 1070
2025-04-25 03:07:02,724 fedbase.py run [line:318] INFO --------------Round 71--------------
2025-04-25 03:07:02,724 simple_logger.py log_once [line:14] INFO Current_time:1070
2025-04-25 03:07:04,783 simple_logger.py log_once [line:28] INFO test_accuracy                 0.9898
2025-04-25 03:07:04,784 simple_logger.py log_once [line:28] INFO test_loss                     0.0390
2025-04-25 03:07:04,784 simple_logger.py log_once [line:28] INFO val_accuracy                  0.9888
2025-04-25 03:07:04,784 simple_logger.py log_once [line:28] INFO mean_val_accuracy             0.9888
2025-04-25 03:07:04,784 simple_logger.py log_once [line:28] INFO std_val_accuracy              0.0044
2025-04-25 03:07:04,784 simple_logger.py log_once [line:28] INFO val_loss                      0.0599
2025-04-25 03:07:04,784 simple_logger.py log_once [line:28] INFO mean_val_loss                 0.0599
2025-04-25 03:07:04,784 simple_logger.py log_once [line:28] INFO std_val_loss                  0.0348
2025-04-25 03:07:04,784 fedbase.py run [line:323] INFO expense           26571670.0
2025-04-25 03:07:04,784 fedbase.py run [line:324] INFO Eval Time Cost:               2.0602s
2025-04-25 03:07:04,784 asyncbase.py iterate [line:68] INFO Select clients [0, 1, 2, 3, 4, 5, 6, 7, 8, 9, 10, 11, 12, 13, 14, 15, 16, 17, 18, 19] at time 1071.
2025-04-25 03:07:16,829 asyncbase.py iterate [line:73] INFO Receive new models from clients [0] at time 1083
2025-04-25 03:07:16,830 asyncbase.py iterate [line:73] INFO Receive new models from clients [3, 7, 17, 18, 2, 16, 5, 10, 6] at time 1084
2025-04-25 03:07:16,830 asyncbase.py iterate [line:73] INFO Receive new models from clients [15, 13, 1, 11, 8, 12, 19, 14, 9] at time 1085
2025-04-25 03:07:16,830 asyncbase.py iterate [line:73] INFO Receive new models from clients [4] at time 1086
2025-04-25 03:07:16,883 fedbase.py run [line:318] INFO --------------Round 72--------------
2025-04-25 03:07:16,883 simple_logger.py log_once [line:14] INFO Current_time:1086
2025-04-25 03:07:18,897 simple_logger.py log_once [line:28] INFO test_accuracy                 0.9897
2025-04-25 03:07:18,897 simple_logger.py log_once [line:28] INFO test_loss                     0.0395
2025-04-25 03:07:18,898 simple_logger.py log_once [line:28] INFO val_accuracy                  0.9885
2025-04-25 03:07:18,898 simple_logger.py log_once [line:28] INFO mean_val_accuracy             0.9885
2025-04-25 03:07:18,898 simple_logger.py log_once [line:28] INFO std_val_accuracy              0.0049
2025-04-25 03:07:18,898 simple_logger.py log_once [line:28] INFO val_loss                      0.0577
2025-04-25 03:07:18,898 simple_logger.py log_once [line:28] INFO mean_val_loss                 0.0577
2025-04-25 03:07:18,898 simple_logger.py log_once [line:28] INFO std_val_loss                  0.0348
2025-04-25 03:07:18,898 fedbase.py run [line:323] INFO expense           26595510.0
2025-04-25 03:07:18,898 fedbase.py run [line:324] INFO Eval Time Cost:               2.0150s
2025-04-25 03:07:18,898 asyncbase.py iterate [line:68] INFO Select clients [0, 1, 2, 3, 4, 5, 6, 7, 8, 9, 10, 11, 12, 13, 14, 15, 16, 17, 18, 19] at time 1087.
2025-04-25 03:07:30,229 asyncbase.py iterate [line:73] INFO Receive new models from clients [4] at time 1099
2025-04-25 03:07:30,229 asyncbase.py iterate [line:73] INFO Receive new models from clients [16, 3, 19, 1, 13, 0, 15, 14, 17, 9, 7] at time 1100
2025-04-25 03:07:30,229 asyncbase.py iterate [line:73] INFO Receive new models from clients [12, 6, 11, 5] at time 1101
2025-04-25 03:07:30,230 asyncbase.py iterate [line:73] INFO Receive new models from clients [10, 18, 8, 2] at time 1102
2025-04-25 03:07:30,282 fedbase.py run [line:318] INFO --------------Round 73--------------
2025-04-25 03:07:30,282 simple_logger.py log_once [line:14] INFO Current_time:1102
2025-04-25 03:07:32,295 simple_logger.py log_once [line:28] INFO test_accuracy                 0.9899
2025-04-25 03:07:32,295 simple_logger.py log_once [line:28] INFO test_loss                     0.0386
2025-04-25 03:07:32,296 simple_logger.py log_once [line:28] INFO val_accuracy                  0.9882
2025-04-25 03:07:32,296 simple_logger.py log_once [line:28] INFO mean_val_accuracy             0.9882
2025-04-25 03:07:32,296 simple_logger.py log_once [line:28] INFO std_val_accuracy              0.0051
2025-04-25 03:07:32,296 simple_logger.py log_once [line:28] INFO val_loss                      0.0590
2025-04-25 03:07:32,296 simple_logger.py log_once [line:28] INFO mean_val_loss                 0.0590
2025-04-25 03:07:32,296 simple_logger.py log_once [line:28] INFO std_val_loss                  0.0343
2025-04-25 03:07:32,296 fedbase.py run [line:323] INFO expense           26619350.0
2025-04-25 03:07:32,296 fedbase.py run [line:324] INFO Eval Time Cost:               2.0139s
2025-04-25 03:07:32,296 asyncbase.py iterate [line:68] INFO Select clients [0, 1, 2, 3, 4, 5, 6, 7, 8, 9, 10, 11, 12, 13, 14, 15, 16, 17, 18, 19] at time 1103.
2025-04-25 03:07:43,238 asyncbase.py iterate [line:73] INFO Receive new models from clients [3, 9, 12] at time 1115
2025-04-25 03:07:43,238 asyncbase.py iterate [line:73] INFO Receive new models from clients [8, 2, 1, 16, 11, 13, 7] at time 1116
2025-04-25 03:07:43,238 asyncbase.py iterate [line:73] INFO Receive new models from clients [19, 17, 5, 6, 10, 4, 15, 18, 0] at time 1117
2025-04-25 03:07:43,238 asyncbase.py iterate [line:73] INFO Receive new models from clients [14] at time 1118
2025-04-25 03:07:43,291 fedbase.py run [line:318] INFO --------------Round 74--------------
2025-04-25 03:07:43,291 simple_logger.py log_once [line:14] INFO Current_time:1118
2025-04-25 03:07:45,408 simple_logger.py log_once [line:28] INFO test_accuracy                 0.9899
2025-04-25 03:07:45,408 simple_logger.py log_once [line:28] INFO test_loss                     0.0394
2025-04-25 03:07:45,408 simple_logger.py log_once [line:28] INFO val_accuracy                  0.9888
2025-04-25 03:07:45,409 simple_logger.py log_once [line:28] INFO mean_val_accuracy             0.9888
2025-04-25 03:07:45,409 simple_logger.py log_once [line:28] INFO std_val_accuracy              0.0050
2025-04-25 03:07:45,409 simple_logger.py log_once [line:28] INFO val_loss                      0.0582
2025-04-25 03:07:45,409 simple_logger.py log_once [line:28] INFO mean_val_loss                 0.0582
2025-04-25 03:07:45,409 simple_logger.py log_once [line:28] INFO std_val_loss                  0.0340
2025-04-25 03:07:45,409 fedbase.py run [line:323] INFO expense           26643190.0
2025-04-25 03:07:45,409 fedbase.py run [line:324] INFO Eval Time Cost:               2.1178s
2025-04-25 03:07:45,409 asyncbase.py iterate [line:68] INFO Select clients [0, 1, 2, 3, 4, 5, 6, 7, 8, 9, 10, 11, 12, 13, 14, 15, 16, 17, 18, 19] at time 1119.
2025-04-25 03:07:57,089 asyncbase.py iterate [line:73] INFO Receive new models from clients [9, 8] at time 1131
2025-04-25 03:07:57,089 asyncbase.py iterate [line:73] INFO Receive new models from clients [7, 5, 0, 14, 19, 1, 13, 18, 11, 16, 10] at time 1132
2025-04-25 03:07:57,090 asyncbase.py iterate [line:73] INFO Receive new models from clients [3, 15, 2, 17, 6] at time 1133
2025-04-25 03:07:57,090 asyncbase.py iterate [line:73] INFO Receive new models from clients [4, 12] at time 1134
2025-04-25 03:07:57,145 fedbase.py run [line:318] INFO --------------Round 75--------------
2025-04-25 03:07:57,146 simple_logger.py log_once [line:14] INFO Current_time:1134
2025-04-25 03:07:59,171 simple_logger.py log_once [line:28] INFO test_accuracy                 0.9903
2025-04-25 03:07:59,171 simple_logger.py log_once [line:28] INFO test_loss                     0.0389
2025-04-25 03:07:59,171 simple_logger.py log_once [line:28] INFO val_accuracy                  0.9885
2025-04-25 03:07:59,171 simple_logger.py log_once [line:28] INFO mean_val_accuracy             0.9885
2025-04-25 03:07:59,171 simple_logger.py log_once [line:28] INFO std_val_accuracy              0.0050
2025-04-25 03:07:59,171 simple_logger.py log_once [line:28] INFO val_loss                      0.0584
2025-04-25 03:07:59,171 simple_logger.py log_once [line:28] INFO mean_val_loss                 0.0584
2025-04-25 03:07:59,171 simple_logger.py log_once [line:28] INFO std_val_loss                  0.0344
2025-04-25 03:07:59,171 fedbase.py run [line:323] INFO expense           26667030.0
2025-04-25 03:07:59,171 fedbase.py run [line:324] INFO Eval Time Cost:               2.0257s
2025-04-25 03:07:59,171 asyncbase.py iterate [line:68] INFO Select clients [0, 1, 2, 3, 4, 5, 6, 7, 8, 9, 10, 11, 12, 13, 14, 15, 16, 17, 18, 19] at time 1135.
2025-04-25 03:08:10,420 asyncbase.py iterate [line:73] INFO Receive new models from clients [8, 7, 16] at time 1147
2025-04-25 03:08:10,420 asyncbase.py iterate [line:73] INFO Receive new models from clients [12, 4, 11, 2, 18, 14, 1, 19, 15] at time 1148
2025-04-25 03:08:10,420 asyncbase.py iterate [line:73] INFO Receive new models from clients [10, 9, 0, 13, 3, 6, 17, 5] at time 1149
2025-04-25 03:08:10,474 fedbase.py run [line:318] INFO --------------Round 76--------------
2025-04-25 03:08:10,474 simple_logger.py log_once [line:14] INFO Current_time:1149
2025-04-25 03:08:12,491 simple_logger.py log_once [line:28] INFO test_accuracy                 0.9900
2025-04-25 03:08:12,491 simple_logger.py log_once [line:28] INFO test_loss                     0.0397
2025-04-25 03:08:12,491 simple_logger.py log_once [line:28] INFO val_accuracy                  0.9882
2025-04-25 03:08:12,491 simple_logger.py log_once [line:28] INFO mean_val_accuracy             0.9882
2025-04-25 03:08:12,491 simple_logger.py log_once [line:28] INFO std_val_accuracy              0.0048
2025-04-25 03:08:12,491 simple_logger.py log_once [line:28] INFO val_loss                      0.0574
2025-04-25 03:08:12,492 simple_logger.py log_once [line:28] INFO mean_val_loss                 0.0574
2025-04-25 03:08:12,492 simple_logger.py log_once [line:28] INFO std_val_loss                  0.0348
2025-04-25 03:08:12,492 fedbase.py run [line:323] INFO expense           26690870.0
2025-04-25 03:08:12,492 fedbase.py run [line:324] INFO Eval Time Cost:               2.0172s
2025-04-25 03:08:12,492 asyncbase.py iterate [line:68] INFO Select clients [0, 1, 2, 3, 4, 5, 6, 7, 8, 9, 10, 11, 12, 13, 14, 15, 16, 17, 18, 19] at time 1150.
2025-04-25 03:08:24,082 asyncbase.py iterate [line:73] INFO Receive new models from clients [3, 10, 1] at time 1162
2025-04-25 03:08:24,082 asyncbase.py iterate [line:73] INFO Receive new models from clients [11, 4, 15, 16, 19, 8] at time 1163
2025-04-25 03:08:24,082 asyncbase.py iterate [line:73] INFO Receive new models from clients [0, 2, 13, 17, 18, 5, 14, 6, 9] at time 1164
2025-04-25 03:08:24,082 asyncbase.py iterate [line:73] INFO Receive new models from clients [7, 12] at time 1165
2025-04-25 03:08:24,138 fedbase.py run [line:318] INFO --------------Round 77--------------
2025-04-25 03:08:24,138 simple_logger.py log_once [line:14] INFO Current_time:1165
2025-04-25 03:08:26,246 simple_logger.py log_once [line:28] INFO test_accuracy                 0.9901
2025-04-25 03:08:26,246 simple_logger.py log_once [line:28] INFO test_loss                     0.0398
2025-04-25 03:08:26,246 simple_logger.py log_once [line:28] INFO val_accuracy                  0.9883
2025-04-25 03:08:26,246 simple_logger.py log_once [line:28] INFO mean_val_accuracy             0.9883
2025-04-25 03:08:26,246 simple_logger.py log_once [line:28] INFO std_val_accuracy              0.0052
2025-04-25 03:08:26,246 simple_logger.py log_once [line:28] INFO val_loss                      0.0587
2025-04-25 03:08:26,246 simple_logger.py log_once [line:28] INFO mean_val_loss                 0.0587
2025-04-25 03:08:26,246 simple_logger.py log_once [line:28] INFO std_val_loss                  0.0347
2025-04-25 03:08:26,246 fedbase.py run [line:323] INFO expense           26714710.0
2025-04-25 03:08:26,246 fedbase.py run [line:324] INFO Eval Time Cost:               2.1086s
2025-04-25 03:08:26,246 asyncbase.py iterate [line:68] INFO Select clients [0, 1, 2, 3, 4, 5, 6, 7, 8, 9, 10, 11, 12, 13, 14, 15, 16, 17, 18, 19] at time 1166.
2025-04-25 03:08:37,262 asyncbase.py iterate [line:73] INFO Receive new models from clients [12, 9] at time 1178
2025-04-25 03:08:37,262 asyncbase.py iterate [line:73] INFO Receive new models from clients [3, 5, 15, 2, 0, 16] at time 1179
2025-04-25 03:08:37,262 asyncbase.py iterate [line:73] INFO Receive new models from clients [7, 4, 8, 6, 1, 17, 19, 14, 10, 13] at time 1180
2025-04-25 03:08:37,262 asyncbase.py iterate [line:73] INFO Receive new models from clients [11, 18] at time 1181
2025-04-25 03:08:37,315 fedbase.py run [line:318] INFO --------------Round 78--------------
2025-04-25 03:08:37,315 simple_logger.py log_once [line:14] INFO Current_time:1181
2025-04-25 03:08:39,353 simple_logger.py log_once [line:28] INFO test_accuracy                 0.9901
2025-04-25 03:08:39,353 simple_logger.py log_once [line:28] INFO test_loss                     0.0402
2025-04-25 03:08:39,353 simple_logger.py log_once [line:28] INFO val_accuracy                  0.9883
2025-04-25 03:08:39,354 simple_logger.py log_once [line:28] INFO mean_val_accuracy             0.9883
2025-04-25 03:08:39,354 simple_logger.py log_once [line:28] INFO std_val_accuracy              0.0048
2025-04-25 03:08:39,354 simple_logger.py log_once [line:28] INFO val_loss                      0.0592
2025-04-25 03:08:39,354 simple_logger.py log_once [line:28] INFO mean_val_loss                 0.0592
2025-04-25 03:08:39,354 simple_logger.py log_once [line:28] INFO std_val_loss                  0.0361
2025-04-25 03:08:39,354 fedbase.py run [line:323] INFO expense           26738550.0
2025-04-25 03:08:39,354 fedbase.py run [line:324] INFO Eval Time Cost:               2.0387s
2025-04-25 03:08:39,354 asyncbase.py iterate [line:68] INFO Select clients [0, 1, 2, 3, 4, 5, 6, 7, 8, 9, 10, 11, 12, 13, 14, 15, 16, 17, 18, 19] at time 1182.
2025-04-25 03:08:50,654 asyncbase.py iterate [line:73] INFO Receive new models from clients [14, 10] at time 1194
2025-04-25 03:08:50,655 asyncbase.py iterate [line:73] INFO Receive new models from clients [11, 3, 8, 19, 13, 18, 7, 2, 1, 9] at time 1195
2025-04-25 03:08:50,655 asyncbase.py iterate [line:73] INFO Receive new models from clients [4, 15, 16, 17, 6, 5] at time 1196
2025-04-25 03:08:50,655 asyncbase.py iterate [line:73] INFO Receive new models from clients [12, 0] at time 1197
2025-04-25 03:08:50,708 fedbase.py run [line:318] INFO --------------Round 79--------------
2025-04-25 03:08:50,709 simple_logger.py log_once [line:14] INFO Current_time:1197
2025-04-25 03:08:52,731 simple_logger.py log_once [line:28] INFO test_accuracy                 0.9902
2025-04-25 03:08:52,731 simple_logger.py log_once [line:28] INFO test_loss                     0.0394
2025-04-25 03:08:52,731 simple_logger.py log_once [line:28] INFO val_accuracy                  0.9885
2025-04-25 03:08:52,732 simple_logger.py log_once [line:28] INFO mean_val_accuracy             0.9885
2025-04-25 03:08:52,732 simple_logger.py log_once [line:28] INFO std_val_accuracy              0.0050
2025-04-25 03:08:52,732 simple_logger.py log_once [line:28] INFO val_loss                      0.0598
2025-04-25 03:08:52,732 simple_logger.py log_once [line:28] INFO mean_val_loss                 0.0598
2025-04-25 03:08:52,732 simple_logger.py log_once [line:28] INFO std_val_loss                  0.0364
2025-04-25 03:08:52,732 fedbase.py run [line:323] INFO expense           26762390.0
2025-04-25 03:08:52,732 fedbase.py run [line:324] INFO Eval Time Cost:               2.0233s
2025-04-25 03:08:52,732 asyncbase.py iterate [line:68] INFO Select clients [0, 1, 2, 3, 4, 5, 6, 7, 8, 9, 10, 11, 12, 13, 14, 15, 16, 17, 18, 19] at time 1198.
2025-04-25 03:09:04,624 asyncbase.py iterate [line:73] INFO Receive new models from clients [17, 19, 2, 13, 5] at time 1210
2025-04-25 03:09:04,625 asyncbase.py iterate [line:73] INFO Receive new models from clients [6, 9, 3, 4, 16, 7, 1, 18] at time 1211
2025-04-25 03:09:04,625 asyncbase.py iterate [line:73] INFO Receive new models from clients [0, 11, 10, 14, 15, 8] at time 1212
2025-04-25 03:09:04,625 asyncbase.py iterate [line:73] INFO Receive new models from clients [12] at time 1213
2025-04-25 03:09:04,703 fedbase.py run [line:318] INFO --------------Round 80--------------
2025-04-25 03:09:04,703 simple_logger.py log_once [line:14] INFO Current_time:1213
2025-04-25 03:09:06,735 simple_logger.py log_once [line:28] INFO test_accuracy                 0.9896
2025-04-25 03:09:06,735 simple_logger.py log_once [line:28] INFO test_loss                     0.0395
2025-04-25 03:09:06,736 simple_logger.py log_once [line:28] INFO val_accuracy                  0.9880
2025-04-25 03:09:06,736 simple_logger.py log_once [line:28] INFO mean_val_accuracy             0.9880
2025-04-25 03:09:06,736 simple_logger.py log_once [line:28] INFO std_val_accuracy              0.0056
2025-04-25 03:09:06,736 simple_logger.py log_once [line:28] INFO val_loss                      0.0606
2025-04-25 03:09:06,736 simple_logger.py log_once [line:28] INFO mean_val_loss                 0.0606
2025-04-25 03:09:06,736 simple_logger.py log_once [line:28] INFO std_val_loss                  0.0363
2025-04-25 03:09:06,736 fedbase.py run [line:323] INFO expense           26786230.0
2025-04-25 03:09:06,736 fedbase.py run [line:324] INFO Eval Time Cost:               2.0331s
2025-04-25 03:09:06,736 asyncbase.py iterate [line:68] INFO Select clients [0, 1, 2, 3, 4, 5, 6, 7, 8, 9, 10, 11, 12, 13, 14, 15, 16, 17, 18, 19] at time 1214.
2025-04-25 03:09:17,829 asyncbase.py iterate [line:73] INFO Receive new models from clients [13, 10, 16] at time 1226
2025-04-25 03:09:17,830 asyncbase.py iterate [line:73] INFO Receive new models from clients [3, 7, 0, 17, 2, 19, 9, 12, 14, 8] at time 1227
2025-04-25 03:09:17,830 asyncbase.py iterate [line:73] INFO Receive new models from clients [15, 18, 5, 11, 6] at time 1228
2025-04-25 03:09:17,830 asyncbase.py iterate [line:73] INFO Receive new models from clients [4, 1] at time 1229
2025-04-25 03:09:17,884 fedbase.py run [line:318] INFO --------------Round 81--------------
2025-04-25 03:09:17,884 simple_logger.py log_once [line:14] INFO Current_time:1229
2025-04-25 03:09:19,896 simple_logger.py log_once [line:28] INFO test_accuracy                 0.9900
2025-04-25 03:09:19,896 simple_logger.py log_once [line:28] INFO test_loss                     0.0404
2025-04-25 03:09:19,896 simple_logger.py log_once [line:28] INFO val_accuracy                  0.9885
2025-04-25 03:09:19,896 simple_logger.py log_once [line:28] INFO mean_val_accuracy             0.9885
2025-04-25 03:09:19,897 simple_logger.py log_once [line:28] INFO std_val_accuracy              0.0051
2025-04-25 03:09:19,897 simple_logger.py log_once [line:28] INFO val_loss                      0.0608
2025-04-25 03:09:19,897 simple_logger.py log_once [line:28] INFO mean_val_loss                 0.0608
2025-04-25 03:09:19,897 simple_logger.py log_once [line:28] INFO std_val_loss                  0.0359
2025-04-25 03:09:19,897 fedbase.py run [line:323] INFO expense           26810070.0
2025-04-25 03:09:19,897 fedbase.py run [line:324] INFO Eval Time Cost:               2.0131s
2025-04-25 03:09:19,897 asyncbase.py iterate [line:68] INFO Select clients [0, 1, 2, 3, 4, 5, 6, 7, 8, 9, 10, 11, 12, 13, 14, 15, 16, 17, 18, 19] at time 1230.
2025-04-25 03:09:31,408 asyncbase.py iterate [line:73] INFO Receive new models from clients [7, 5, 2, 3] at time 1242
2025-04-25 03:09:31,408 asyncbase.py iterate [line:73] INFO Receive new models from clients [11, 8, 12, 6, 10, 4, 19, 15] at time 1243
2025-04-25 03:09:31,409 asyncbase.py iterate [line:73] INFO Receive new models from clients [1, 0, 13, 9, 18, 14] at time 1244
2025-04-25 03:09:31,409 asyncbase.py iterate [line:73] INFO Receive new models from clients [17, 16] at time 1245
2025-04-25 03:09:31,463 fedbase.py run [line:318] INFO --------------Round 82--------------
2025-04-25 03:09:31,463 simple_logger.py log_once [line:14] INFO Current_time:1245
2025-04-25 03:09:33,473 simple_logger.py log_once [line:28] INFO test_accuracy                 0.9897
2025-04-25 03:09:33,473 simple_logger.py log_once [line:28] INFO test_loss                     0.0398
2025-04-25 03:09:33,473 simple_logger.py log_once [line:28] INFO val_accuracy                  0.9890
2025-04-25 03:09:33,473 simple_logger.py log_once [line:28] INFO mean_val_accuracy             0.9890
2025-04-25 03:09:33,473 simple_logger.py log_once [line:28] INFO std_val_accuracy              0.0046
2025-04-25 03:09:33,473 simple_logger.py log_once [line:28] INFO val_loss                      0.0608
2025-04-25 03:09:33,473 simple_logger.py log_once [line:28] INFO mean_val_loss                 0.0608
2025-04-25 03:09:33,473 simple_logger.py log_once [line:28] INFO std_val_loss                  0.0361
2025-04-25 03:09:33,473 fedbase.py run [line:323] INFO expense           26833910.0
2025-04-25 03:09:33,473 fedbase.py run [line:324] INFO Eval Time Cost:               2.0102s
2025-04-25 03:09:33,473 asyncbase.py iterate [line:68] INFO Select clients [0, 1, 2, 3, 4, 5, 6, 7, 8, 9, 10, 11, 12, 13, 14, 15, 16, 17, 18, 19] at time 1246.
2025-04-25 03:09:45,079 asyncbase.py iterate [line:73] INFO Receive new models from clients [6, 17, 0] at time 1258
2025-04-25 03:09:45,080 asyncbase.py iterate [line:73] INFO Receive new models from clients [13, 5, 1, 2, 12, 19, 4, 10, 9] at time 1259
2025-04-25 03:09:45,080 asyncbase.py iterate [line:73] INFO Receive new models from clients [7, 16, 3, 18, 14] at time 1260
2025-04-25 03:09:45,080 asyncbase.py iterate [line:73] INFO Receive new models from clients [8, 15, 11] at time 1261
2025-04-25 03:09:45,132 fedbase.py run [line:318] INFO --------------Round 83--------------
2025-04-25 03:09:45,132 simple_logger.py log_once [line:14] INFO Current_time:1261
2025-04-25 03:09:47,157 simple_logger.py log_once [line:28] INFO test_accuracy                 0.9902
2025-04-25 03:09:47,157 simple_logger.py log_once [line:28] INFO test_loss                     0.0403
2025-04-25 03:09:47,157 simple_logger.py log_once [line:28] INFO val_accuracy                  0.9882
2025-04-25 03:09:47,157 simple_logger.py log_once [line:28] INFO mean_val_accuracy             0.9882
2025-04-25 03:09:47,157 simple_logger.py log_once [line:28] INFO std_val_accuracy              0.0049
2025-04-25 03:09:47,157 simple_logger.py log_once [line:28] INFO val_loss                      0.0615
2025-04-25 03:09:47,157 simple_logger.py log_once [line:28] INFO mean_val_loss                 0.0615
2025-04-25 03:09:47,157 simple_logger.py log_once [line:28] INFO std_val_loss                  0.0359
2025-04-25 03:09:47,157 fedbase.py run [line:323] INFO expense           26857750.0
2025-04-25 03:09:47,157 fedbase.py run [line:324] INFO Eval Time Cost:               2.0247s
2025-04-25 03:09:47,157 asyncbase.py iterate [line:68] INFO Select clients [0, 1, 2, 3, 4, 5, 6, 7, 8, 9, 10, 11, 12, 13, 14, 15, 16, 17, 18, 19] at time 1262.
2025-04-25 03:09:58,282 asyncbase.py iterate [line:73] INFO Receive new models from clients [15, 5] at time 1274
2025-04-25 03:09:58,282 asyncbase.py iterate [line:73] INFO Receive new models from clients [3, 18, 12, 6, 11, 13, 2, 19, 14, 16, 7] at time 1275
2025-04-25 03:09:58,282 asyncbase.py iterate [line:73] INFO Receive new models from clients [1, 0, 17, 4, 8, 9, 10] at time 1276
2025-04-25 03:09:58,334 fedbase.py run [line:318] INFO --------------Round 84--------------
2025-04-25 03:09:58,334 simple_logger.py log_once [line:14] INFO Current_time:1276
2025-04-25 03:10:00,337 simple_logger.py log_once [line:28] INFO test_accuracy                 0.9905
2025-04-25 03:10:00,337 simple_logger.py log_once [line:28] INFO test_loss                     0.0418
2025-04-25 03:10:00,337 simple_logger.py log_once [line:28] INFO val_accuracy                  0.9882
2025-04-25 03:10:00,337 simple_logger.py log_once [line:28] INFO mean_val_accuracy             0.9882
2025-04-25 03:10:00,337 simple_logger.py log_once [line:28] INFO std_val_accuracy              0.0049
2025-04-25 03:10:00,337 simple_logger.py log_once [line:28] INFO val_loss                      0.0611
2025-04-25 03:10:00,337 simple_logger.py log_once [line:28] INFO mean_val_loss                 0.0611
2025-04-25 03:10:00,337 simple_logger.py log_once [line:28] INFO std_val_loss                  0.0359
2025-04-25 03:10:00,337 fedbase.py run [line:323] INFO expense           26881590.0
2025-04-25 03:10:00,337 fedbase.py run [line:324] INFO Eval Time Cost:               2.0029s
2025-04-25 03:10:00,337 asyncbase.py iterate [line:68] INFO Select clients [0, 1, 2, 3, 4, 5, 6, 7, 8, 9, 10, 11, 12, 13, 14, 15, 16, 17, 18, 19] at time 1277.
2025-04-25 03:10:11,284 asyncbase.py iterate [line:73] INFO Receive new models from clients [12, 19, 3, 7, 14, 6, 13, 17, 8, 0] at time 1290
2025-04-25 03:10:11,284 asyncbase.py iterate [line:73] INFO Receive new models from clients [11, 15, 4, 5, 9, 1, 18] at time 1291
2025-04-25 03:10:11,284 asyncbase.py iterate [line:73] INFO Receive new models from clients [10, 16, 2] at time 1292
2025-04-25 03:10:11,337 fedbase.py run [line:318] INFO --------------Round 85--------------
2025-04-25 03:10:11,337 simple_logger.py log_once [line:14] INFO Current_time:1292
2025-04-25 03:10:13,455 simple_logger.py log_once [line:28] INFO test_accuracy                 0.9897
2025-04-25 03:10:13,456 simple_logger.py log_once [line:28] INFO test_loss                     0.0415
2025-04-25 03:10:13,456 simple_logger.py log_once [line:28] INFO val_accuracy                  0.9882
2025-04-25 03:10:13,456 simple_logger.py log_once [line:28] INFO mean_val_accuracy             0.9882
2025-04-25 03:10:13,456 simple_logger.py log_once [line:28] INFO std_val_accuracy              0.0055
2025-04-25 03:10:13,456 simple_logger.py log_once [line:28] INFO val_loss                      0.0624
2025-04-25 03:10:13,456 simple_logger.py log_once [line:28] INFO mean_val_loss                 0.0624
2025-04-25 03:10:13,456 simple_logger.py log_once [line:28] INFO std_val_loss                  0.0378
2025-04-25 03:10:13,456 fedbase.py run [line:323] INFO expense           26905430.0
2025-04-25 03:10:13,456 fedbase.py run [line:324] INFO Eval Time Cost:               2.1191s
2025-04-25 03:10:13,456 asyncbase.py iterate [line:68] INFO Select clients [0, 1, 2, 3, 4, 5, 6, 7, 8, 9, 10, 11, 12, 13, 14, 15, 16, 17, 18, 19] at time 1293.
2025-04-25 03:10:24,956 asyncbase.py iterate [line:73] INFO Receive new models from clients [2, 15, 12, 17, 18, 19, 1, 3, 10, 7, 9] at time 1306
2025-04-25 03:10:24,957 asyncbase.py iterate [line:73] INFO Receive new models from clients [6, 0, 8, 14, 16, 11, 5, 4] at time 1307
2025-04-25 03:10:24,957 asyncbase.py iterate [line:73] INFO Receive new models from clients [13] at time 1308
2025-04-25 03:10:25,011 fedbase.py run [line:318] INFO --------------Round 86--------------
2025-04-25 03:10:25,011 simple_logger.py log_once [line:14] INFO Current_time:1308
2025-04-25 03:10:27,014 simple_logger.py log_once [line:28] INFO test_accuracy                 0.9899
2025-04-25 03:10:27,015 simple_logger.py log_once [line:28] INFO test_loss                     0.0419
2025-04-25 03:10:27,015 simple_logger.py log_once [line:28] INFO val_accuracy                  0.9888
2025-04-25 03:10:27,015 simple_logger.py log_once [line:28] INFO mean_val_accuracy             0.9888
2025-04-25 03:10:27,015 simple_logger.py log_once [line:28] INFO std_val_accuracy              0.0045
2025-04-25 03:10:27,015 simple_logger.py log_once [line:28] INFO val_loss                      0.0611
2025-04-25 03:10:27,015 simple_logger.py log_once [line:28] INFO mean_val_loss                 0.0611
2025-04-25 03:10:27,015 simple_logger.py log_once [line:28] INFO std_val_loss                  0.0366
2025-04-25 03:10:27,015 fedbase.py run [line:323] INFO expense           26929270.0
2025-04-25 03:10:27,015 fedbase.py run [line:324] INFO Eval Time Cost:               2.0036s
2025-04-25 03:10:27,015 asyncbase.py iterate [line:68] INFO Select clients [0, 1, 2, 3, 4, 5, 6, 7, 8, 9, 10, 11, 12, 13, 14, 15, 16, 17, 18, 19] at time 1309.
2025-04-25 03:10:38,194 asyncbase.py iterate [line:73] INFO Receive new models from clients [16, 3] at time 1321
2025-04-25 03:10:38,194 asyncbase.py iterate [line:73] INFO Receive new models from clients [11, 4, 0, 10, 13, 6, 7, 2, 5, 18] at time 1322
2025-04-25 03:10:38,195 asyncbase.py iterate [line:73] INFO Receive new models from clients [1, 19, 15, 17, 8, 9] at time 1323
2025-04-25 03:10:38,195 asyncbase.py iterate [line:73] INFO Receive new models from clients [14, 12] at time 1324
2025-04-25 03:10:38,247 fedbase.py run [line:318] INFO --------------Round 87--------------
2025-04-25 03:10:38,248 simple_logger.py log_once [line:14] INFO Current_time:1324
2025-04-25 03:10:40,285 simple_logger.py log_once [line:28] INFO test_accuracy                 0.9900
2025-04-25 03:10:40,285 simple_logger.py log_once [line:28] INFO test_loss                     0.0435
2025-04-25 03:10:40,285 simple_logger.py log_once [line:28] INFO val_accuracy                  0.9890
2025-04-25 03:10:40,285 simple_logger.py log_once [line:28] INFO mean_val_accuracy             0.9890
2025-04-25 03:10:40,285 simple_logger.py log_once [line:28] INFO std_val_accuracy              0.0048
2025-04-25 03:10:40,285 simple_logger.py log_once [line:28] INFO val_loss                      0.0607
2025-04-25 03:10:40,285 simple_logger.py log_once [line:28] INFO mean_val_loss                 0.0607
2025-04-25 03:10:40,285 simple_logger.py log_once [line:28] INFO std_val_loss                  0.0363
2025-04-25 03:10:40,285 fedbase.py run [line:323] INFO expense           26953110.0
2025-04-25 03:10:40,285 fedbase.py run [line:324] INFO Eval Time Cost:               2.0376s
2025-04-25 03:10:40,285 asyncbase.py iterate [line:68] INFO Select clients [0, 1, 2, 3, 4, 5, 6, 7, 8, 9, 10, 11, 12, 13, 14, 15, 16, 17, 18, 19] at time 1325.
2025-04-25 03:10:51,742 asyncbase.py iterate [line:73] INFO Receive new models from clients [12, 14, 5] at time 1337
2025-04-25 03:10:51,742 asyncbase.py iterate [line:73] INFO Receive new models from clients [3, 0, 16, 17, 6, 1, 4, 18, 13] at time 1338
2025-04-25 03:10:51,743 asyncbase.py iterate [line:73] INFO Receive new models from clients [10, 9, 2, 7, 11, 8] at time 1339
2025-04-25 03:10:51,743 asyncbase.py iterate [line:73] INFO Receive new models from clients [15, 19] at time 1340
2025-04-25 03:10:51,796 fedbase.py run [line:318] INFO --------------Round 88--------------
2025-04-25 03:10:51,796 simple_logger.py log_once [line:14] INFO Current_time:1340
2025-04-25 03:10:53,808 simple_logger.py log_once [line:28] INFO test_accuracy                 0.9894
2025-04-25 03:10:53,808 simple_logger.py log_once [line:28] INFO test_loss                     0.0434
2025-04-25 03:10:53,808 simple_logger.py log_once [line:28] INFO val_accuracy                  0.9885
2025-04-25 03:10:53,808 simple_logger.py log_once [line:28] INFO mean_val_accuracy             0.9885
2025-04-25 03:10:53,808 simple_logger.py log_once [line:28] INFO std_val_accuracy              0.0054
2025-04-25 03:10:53,808 simple_logger.py log_once [line:28] INFO val_loss                      0.0605
2025-04-25 03:10:53,808 simple_logger.py log_once [line:28] INFO mean_val_loss                 0.0605
2025-04-25 03:10:53,808 simple_logger.py log_once [line:28] INFO std_val_loss                  0.0363
2025-04-25 03:10:53,808 fedbase.py run [line:323] INFO expense           26976950.0
2025-04-25 03:10:53,808 fedbase.py run [line:324] INFO Eval Time Cost:               2.0123s
2025-04-25 03:10:53,809 asyncbase.py iterate [line:68] INFO Select clients [0, 1, 2, 3, 4, 5, 6, 7, 8, 9, 10, 11, 12, 13, 14, 15, 16, 17, 18, 19] at time 1341.
2025-04-25 03:11:05,444 asyncbase.py iterate [line:73] INFO Receive new models from clients [11, 19] at time 1353
2025-04-25 03:11:05,444 asyncbase.py iterate [line:73] INFO Receive new models from clients [6, 15, 18, 13, 3, 14, 12, 9] at time 1354
2025-04-25 03:11:05,444 asyncbase.py iterate [line:73] INFO Receive new models from clients [17, 7, 10, 0, 4, 8] at time 1355
2025-04-25 03:11:05,445 asyncbase.py iterate [line:73] INFO Receive new models from clients [5, 1, 2, 16] at time 1356
2025-04-25 03:11:05,497 fedbase.py run [line:318] INFO --------------Round 89--------------
2025-04-25 03:11:05,498 simple_logger.py log_once [line:14] INFO Current_time:1356
2025-04-25 03:11:07,503 simple_logger.py log_once [line:28] INFO test_accuracy                 0.9894
2025-04-25 03:11:07,503 simple_logger.py log_once [line:28] INFO test_loss                     0.0436
2025-04-25 03:11:07,503 simple_logger.py log_once [line:28] INFO val_accuracy                  0.9887
2025-04-25 03:11:07,503 simple_logger.py log_once [line:28] INFO mean_val_accuracy             0.9887
2025-04-25 03:11:07,503 simple_logger.py log_once [line:28] INFO std_val_accuracy              0.0045
2025-04-25 03:11:07,503 simple_logger.py log_once [line:28] INFO val_loss                      0.0625
2025-04-25 03:11:07,503 simple_logger.py log_once [line:28] INFO mean_val_loss                 0.0625
2025-04-25 03:11:07,503 simple_logger.py log_once [line:28] INFO std_val_loss                  0.0354
2025-04-25 03:11:07,503 fedbase.py run [line:323] INFO expense           27000790.0
2025-04-25 03:11:07,504 fedbase.py run [line:324] INFO Eval Time Cost:               2.0059s
2025-04-25 03:11:07,504 asyncbase.py iterate [line:68] INFO Select clients [0, 1, 2, 3, 4, 5, 6, 7, 8, 9, 10, 11, 12, 13, 14, 15, 16, 17, 18, 19] at time 1357.
2025-04-25 03:11:19,817 asyncbase.py iterate [line:73] INFO Receive new models from clients [6, 18, 17, 14] at time 1369
2025-04-25 03:11:19,817 asyncbase.py iterate [line:73] INFO Receive new models from clients [11, 15, 13, 10, 4, 5, 7, 0, 1, 2] at time 1370
2025-04-25 03:11:19,818 asyncbase.py iterate [line:73] INFO Receive new models from clients [9, 19, 12, 3, 16] at time 1371
2025-04-25 03:11:19,818 asyncbase.py iterate [line:73] INFO Receive new models from clients [8] at time 1372
2025-04-25 03:11:19,870 fedbase.py run [line:318] INFO --------------Round 90--------------
2025-04-25 03:11:19,870 simple_logger.py log_once [line:14] INFO Current_time:1372
2025-04-25 03:11:21,889 simple_logger.py log_once [line:28] INFO test_accuracy                 0.9900
2025-04-25 03:11:21,889 simple_logger.py log_once [line:28] INFO test_loss                     0.0433
2025-04-25 03:11:21,889 simple_logger.py log_once [line:28] INFO val_accuracy                  0.9888
2025-04-25 03:11:21,889 simple_logger.py log_once [line:28] INFO mean_val_accuracy             0.9888
2025-04-25 03:11:21,889 simple_logger.py log_once [line:28] INFO std_val_accuracy              0.0044
2025-04-25 03:11:21,889 simple_logger.py log_once [line:28] INFO val_loss                      0.0633
2025-04-25 03:11:21,889 simple_logger.py log_once [line:28] INFO mean_val_loss                 0.0633
2025-04-25 03:11:21,889 simple_logger.py log_once [line:28] INFO std_val_loss                  0.0368
2025-04-25 03:11:21,889 fedbase.py run [line:323] INFO expense           27024630.0
2025-04-25 03:11:21,889 fedbase.py run [line:324] INFO Eval Time Cost:               2.0190s
2025-04-25 03:11:21,889 asyncbase.py iterate [line:68] INFO Select clients [0, 1, 2, 3, 4, 5, 6, 7, 8, 9, 10, 11, 12, 13, 14, 15, 16, 17, 18, 19] at time 1373.
2025-04-25 03:11:34,441 asyncbase.py iterate [line:73] INFO Receive new models from clients [15, 3, 7, 14] at time 1385
2025-04-25 03:11:34,441 asyncbase.py iterate [line:73] INFO Receive new models from clients [17, 8, 6, 4, 18, 1, 10, 9, 12, 19, 0] at time 1386
2025-04-25 03:11:34,442 asyncbase.py iterate [line:73] INFO Receive new models from clients [2, 11, 5, 16, 13] at time 1387
2025-04-25 03:11:34,494 fedbase.py run [line:318] INFO --------------Round 91--------------
2025-04-25 03:11:34,494 simple_logger.py log_once [line:14] INFO Current_time:1387
2025-04-25 03:11:36,518 simple_logger.py log_once [line:28] INFO test_accuracy                 0.9893
2025-04-25 03:11:36,518 simple_logger.py log_once [line:28] INFO test_loss                     0.0436
2025-04-25 03:11:36,518 simple_logger.py log_once [line:28] INFO val_accuracy                  0.9888
2025-04-25 03:11:36,518 simple_logger.py log_once [line:28] INFO mean_val_accuracy             0.9888
2025-04-25 03:11:36,518 simple_logger.py log_once [line:28] INFO std_val_accuracy              0.0052
2025-04-25 03:11:36,518 simple_logger.py log_once [line:28] INFO val_loss                      0.0636
2025-04-25 03:11:36,518 simple_logger.py log_once [line:28] INFO mean_val_loss                 0.0636
2025-04-25 03:11:36,518 simple_logger.py log_once [line:28] INFO std_val_loss                  0.0375
2025-04-25 03:11:36,518 fedbase.py run [line:323] INFO expense           27048470.0
2025-04-25 03:11:36,518 fedbase.py run [line:324] INFO Eval Time Cost:               2.0238s
2025-04-25 03:11:36,518 asyncbase.py iterate [line:68] INFO Select clients [0, 1, 2, 3, 4, 5, 6, 7, 8, 9, 10, 11, 12, 13, 14, 15, 16, 17, 18, 19] at time 1388.
2025-04-25 03:11:47,853 asyncbase.py iterate [line:73] INFO Receive new models from clients [1, 17, 18] at time 1400
2025-04-25 03:11:47,854 asyncbase.py iterate [line:73] INFO Receive new models from clients [13, 3, 12, 11, 14, 8, 5, 16] at time 1401
2025-04-25 03:11:47,854 asyncbase.py iterate [line:73] INFO Receive new models from clients [0, 4, 6, 9, 15, 19, 10, 2] at time 1402
2025-04-25 03:11:47,854 asyncbase.py iterate [line:73] INFO Receive new models from clients [7] at time 1403
2025-04-25 03:11:47,906 fedbase.py run [line:318] INFO --------------Round 92--------------
2025-04-25 03:11:47,906 simple_logger.py log_once [line:14] INFO Current_time:1403
2025-04-25 03:11:49,903 simple_logger.py log_once [line:28] INFO test_accuracy                 0.9896
2025-04-25 03:11:49,903 simple_logger.py log_once [line:28] INFO test_loss                     0.0435
2025-04-25 03:11:49,903 simple_logger.py log_once [line:28] INFO val_accuracy                  0.9885
2025-04-25 03:11:49,904 simple_logger.py log_once [line:28] INFO mean_val_accuracy             0.9885
2025-04-25 03:11:49,904 simple_logger.py log_once [line:28] INFO std_val_accuracy              0.0054
2025-04-25 03:11:49,904 simple_logger.py log_once [line:28] INFO val_loss                      0.0628
2025-04-25 03:11:49,904 simple_logger.py log_once [line:28] INFO mean_val_loss                 0.0628
2025-04-25 03:11:49,904 simple_logger.py log_once [line:28] INFO std_val_loss                  0.0371
2025-04-25 03:11:49,904 fedbase.py run [line:323] INFO expense           27072310.0
2025-04-25 03:11:49,904 fedbase.py run [line:324] INFO Eval Time Cost:               1.9982s
2025-04-25 03:11:49,904 asyncbase.py iterate [line:68] INFO Select clients [0, 1, 2, 3, 4, 5, 6, 7, 8, 9, 10, 11, 12, 13, 14, 15, 16, 17, 18, 19] at time 1404.
2025-04-25 03:12:01,183 asyncbase.py iterate [line:73] INFO Receive new models from clients [3, 6] at time 1416
2025-04-25 03:12:01,183 asyncbase.py iterate [line:73] INFO Receive new models from clients [4, 17, 11, 19, 5, 13, 16] at time 1417
2025-04-25 03:12:01,184 asyncbase.py iterate [line:73] INFO Receive new models from clients [2, 1, 15, 10, 9, 7, 8, 0] at time 1418
2025-04-25 03:12:01,184 asyncbase.py iterate [line:73] INFO Receive new models from clients [18, 14, 12] at time 1419
2025-04-25 03:12:01,239 fedbase.py run [line:318] INFO --------------Round 93--------------
2025-04-25 03:12:01,239 simple_logger.py log_once [line:14] INFO Current_time:1419
2025-04-25 03:12:03,245 simple_logger.py log_once [line:28] INFO test_accuracy                 0.9896
2025-04-25 03:12:03,245 simple_logger.py log_once [line:28] INFO test_loss                     0.0435
2025-04-25 03:12:03,245 simple_logger.py log_once [line:28] INFO val_accuracy                  0.9887
2025-04-25 03:12:03,245 simple_logger.py log_once [line:28] INFO mean_val_accuracy             0.9887
2025-04-25 03:12:03,245 simple_logger.py log_once [line:28] INFO std_val_accuracy              0.0056
2025-04-25 03:12:03,245 simple_logger.py log_once [line:28] INFO val_loss                      0.0627
2025-04-25 03:12:03,245 simple_logger.py log_once [line:28] INFO mean_val_loss                 0.0627
2025-04-25 03:12:03,246 simple_logger.py log_once [line:28] INFO std_val_loss                  0.0367
2025-04-25 03:12:03,246 fedbase.py run [line:323] INFO expense           27096150.0
2025-04-25 03:12:03,246 fedbase.py run [line:324] INFO Eval Time Cost:               2.0064s
2025-04-25 03:12:03,246 asyncbase.py iterate [line:68] INFO Select clients [0, 1, 2, 3, 4, 5, 6, 7, 8, 9, 10, 11, 12, 13, 14, 15, 16, 17, 18, 19] at time 1420.
2025-04-25 03:12:14,752 asyncbase.py iterate [line:73] INFO Receive new models from clients [2, 6, 13, 19] at time 1432
2025-04-25 03:12:14,752 asyncbase.py iterate [line:73] INFO Receive new models from clients [8, 12, 15, 5, 10, 18] at time 1433
2025-04-25 03:12:14,752 asyncbase.py iterate [line:73] INFO Receive new models from clients [4, 11, 9, 3, 16, 14, 17, 0] at time 1434
2025-04-25 03:12:14,753 asyncbase.py iterate [line:73] INFO Receive new models from clients [1, 7] at time 1435
2025-04-25 03:12:14,809 fedbase.py run [line:318] INFO --------------Round 94--------------
2025-04-25 03:12:14,809 simple_logger.py log_once [line:14] INFO Current_time:1435
2025-04-25 03:12:16,822 simple_logger.py log_once [line:28] INFO test_accuracy                 0.9900
2025-04-25 03:12:16,823 simple_logger.py log_once [line:28] INFO test_loss                     0.0435
2025-04-25 03:12:16,823 simple_logger.py log_once [line:28] INFO val_accuracy                  0.9882
2025-04-25 03:12:16,823 simple_logger.py log_once [line:28] INFO mean_val_accuracy             0.9882
2025-04-25 03:12:16,823 simple_logger.py log_once [line:28] INFO std_val_accuracy              0.0053
2025-04-25 03:12:16,823 simple_logger.py log_once [line:28] INFO val_loss                      0.0631
2025-04-25 03:12:16,823 simple_logger.py log_once [line:28] INFO mean_val_loss                 0.0631
2025-04-25 03:12:16,823 simple_logger.py log_once [line:28] INFO std_val_loss                  0.0383
2025-04-25 03:12:16,823 fedbase.py run [line:323] INFO expense           27119990.0
2025-04-25 03:12:16,823 fedbase.py run [line:324] INFO Eval Time Cost:               2.0143s
2025-04-25 03:12:16,823 asyncbase.py iterate [line:68] INFO Select clients [0, 1, 2, 3, 4, 5, 6, 7, 8, 9, 10, 11, 12, 13, 14, 15, 16, 17, 18, 19] at time 1436.
2025-04-25 03:12:27,976 asyncbase.py iterate [line:73] INFO Receive new models from clients [18, 12, 4, 11] at time 1448
2025-04-25 03:12:27,976 asyncbase.py iterate [line:73] INFO Receive new models from clients [8, 19, 17, 3, 0, 13, 16, 10, 15, 2] at time 1449
2025-04-25 03:12:27,977 asyncbase.py iterate [line:73] INFO Receive new models from clients [1, 6, 7, 5, 14] at time 1450
2025-04-25 03:12:27,977 asyncbase.py iterate [line:73] INFO Receive new models from clients [9] at time 1451
2025-04-25 03:12:28,030 fedbase.py run [line:318] INFO --------------Round 95--------------
2025-04-25 03:12:28,030 simple_logger.py log_once [line:14] INFO Current_time:1451
2025-04-25 03:12:30,057 simple_logger.py log_once [line:28] INFO test_accuracy                 0.9899
2025-04-25 03:12:30,057 simple_logger.py log_once [line:28] INFO test_loss                     0.0438
2025-04-25 03:12:30,057 simple_logger.py log_once [line:28] INFO val_accuracy                  0.9880
2025-04-25 03:12:30,057 simple_logger.py log_once [line:28] INFO mean_val_accuracy             0.9880
2025-04-25 03:12:30,057 simple_logger.py log_once [line:28] INFO std_val_accuracy              0.0059
2025-04-25 03:12:30,057 simple_logger.py log_once [line:28] INFO val_loss                      0.0634
2025-04-25 03:12:30,057 simple_logger.py log_once [line:28] INFO mean_val_loss                 0.0634
2025-04-25 03:12:30,057 simple_logger.py log_once [line:28] INFO std_val_loss                  0.0373
2025-04-25 03:12:30,057 fedbase.py run [line:323] INFO expense           27143830.0
2025-04-25 03:12:30,057 fedbase.py run [line:324] INFO Eval Time Cost:               2.0270s
2025-04-25 03:12:30,057 asyncbase.py iterate [line:68] INFO Select clients [0, 1, 2, 3, 4, 5, 6, 7, 8, 9, 10, 11, 12, 13, 14, 15, 16, 17, 18, 19] at time 1452.
2025-04-25 03:12:41,554 asyncbase.py iterate [line:73] INFO Receive new models from clients [10, 14, 0, 16] at time 1464
2025-04-25 03:12:41,554 asyncbase.py iterate [line:73] INFO Receive new models from clients [3, 7, 2, 13, 19, 18] at time 1465
2025-04-25 03:12:41,555 asyncbase.py iterate [line:73] INFO Receive new models from clients [4, 15, 8, 6, 12, 9, 11, 5] at time 1466
2025-04-25 03:12:41,555 asyncbase.py iterate [line:73] INFO Receive new models from clients [17, 1] at time 1467
2025-04-25 03:12:41,616 fedbase.py run [line:318] INFO --------------Round 96--------------
2025-04-25 03:12:41,616 simple_logger.py log_once [line:14] INFO Current_time:1467
2025-04-25 03:12:43,738 simple_logger.py log_once [line:28] INFO test_accuracy                 0.9896
2025-04-25 03:12:43,738 simple_logger.py log_once [line:28] INFO test_loss                     0.0437
2025-04-25 03:12:43,738 simple_logger.py log_once [line:28] INFO val_accuracy                  0.9882
2025-04-25 03:12:43,738 simple_logger.py log_once [line:28] INFO mean_val_accuracy             0.9882
2025-04-25 03:12:43,738 simple_logger.py log_once [line:28] INFO std_val_accuracy              0.0055
2025-04-25 03:12:43,738 simple_logger.py log_once [line:28] INFO val_loss                      0.0642
2025-04-25 03:12:43,738 simple_logger.py log_once [line:28] INFO mean_val_loss                 0.0642
2025-04-25 03:12:43,738 simple_logger.py log_once [line:28] INFO std_val_loss                  0.0380
2025-04-25 03:12:43,739 fedbase.py run [line:323] INFO expense           27167670.0
2025-04-25 03:12:43,739 fedbase.py run [line:324] INFO Eval Time Cost:               2.1227s
2025-04-25 03:12:43,739 asyncbase.py iterate [line:68] INFO Select clients [0, 1, 2, 3, 4, 5, 6, 7, 8, 9, 10, 11, 12, 13, 14, 15, 16, 17, 18, 19] at time 1468.
2025-04-25 03:12:55,303 asyncbase.py iterate [line:73] INFO Receive new models from clients [18, 12] at time 1480
2025-04-25 03:12:55,304 asyncbase.py iterate [line:73] INFO Receive new models from clients [16, 10, 11, 19, 9, 15, 13, 0, 14] at time 1481
2025-04-25 03:12:55,304 asyncbase.py iterate [line:73] INFO Receive new models from clients [6, 3, 2, 5, 8] at time 1482
2025-04-25 03:12:55,305 asyncbase.py iterate [line:73] INFO Receive new models from clients [1, 4, 17, 7] at time 1483
2025-04-25 03:12:55,387 fedbase.py run [line:318] INFO --------------Round 97--------------
2025-04-25 03:12:55,387 simple_logger.py log_once [line:14] INFO Current_time:1483
2025-04-25 03:12:57,503 simple_logger.py log_once [line:28] INFO test_accuracy                 0.9898
2025-04-25 03:12:57,503 simple_logger.py log_once [line:28] INFO test_loss                     0.0433
2025-04-25 03:12:57,503 simple_logger.py log_once [line:28] INFO val_accuracy                  0.9888
2025-04-25 03:12:57,503 simple_logger.py log_once [line:28] INFO mean_val_accuracy             0.9888
2025-04-25 03:12:57,503 simple_logger.py log_once [line:28] INFO std_val_accuracy              0.0053
2025-04-25 03:12:57,503 simple_logger.py log_once [line:28] INFO val_loss                      0.0632
2025-04-25 03:12:57,503 simple_logger.py log_once [line:28] INFO mean_val_loss                 0.0632
2025-04-25 03:12:57,504 simple_logger.py log_once [line:28] INFO std_val_loss                  0.0376
2025-04-25 03:12:57,504 fedbase.py run [line:323] INFO expense           27191510.0
2025-04-25 03:12:57,504 fedbase.py run [line:324] INFO Eval Time Cost:               2.1164s
2025-04-25 03:12:57,504 asyncbase.py iterate [line:68] INFO Select clients [0, 1, 2, 3, 4, 5, 6, 7, 8, 9, 10, 11, 12, 13, 14, 15, 16, 17, 18, 19] at time 1484.
2025-04-25 03:13:08,708 asyncbase.py iterate [line:73] INFO Receive new models from clients [11, 7, 2] at time 1496
2025-04-25 03:13:08,709 asyncbase.py iterate [line:73] INFO Receive new models from clients [0, 16, 14, 1, 5, 19, 17, 3] at time 1497
2025-04-25 03:13:08,709 asyncbase.py iterate [line:73] INFO Receive new models from clients [10, 8, 12, 4, 15, 13, 9] at time 1498
2025-04-25 03:13:08,709 asyncbase.py iterate [line:73] INFO Receive new models from clients [18, 6] at time 1499
2025-04-25 03:13:08,762 fedbase.py run [line:318] INFO --------------Round 98--------------
2025-04-25 03:13:08,762 simple_logger.py log_once [line:14] INFO Current_time:1499
2025-04-25 03:13:10,784 simple_logger.py log_once [line:28] INFO test_accuracy                 0.9898
2025-04-25 03:13:10,785 simple_logger.py log_once [line:28] INFO test_loss                     0.0443
2025-04-25 03:13:10,785 simple_logger.py log_once [line:28] INFO val_accuracy                  0.9885
2025-04-25 03:13:10,785 simple_logger.py log_once [line:28] INFO mean_val_accuracy             0.9885
2025-04-25 03:13:10,785 simple_logger.py log_once [line:28] INFO std_val_accuracy              0.0054
2025-04-25 03:13:10,785 simple_logger.py log_once [line:28] INFO val_loss                      0.0644
2025-04-25 03:13:10,785 simple_logger.py log_once [line:28] INFO mean_val_loss                 0.0644
2025-04-25 03:13:10,785 simple_logger.py log_once [line:28] INFO std_val_loss                  0.0366
2025-04-25 03:13:10,785 fedbase.py run [line:323] INFO expense           27215350.0
2025-04-25 03:13:10,785 fedbase.py run [line:324] INFO Eval Time Cost:               2.0233s
2025-04-25 03:13:10,785 asyncbase.py iterate [line:68] INFO Select clients [0, 1, 2, 3, 4, 5, 6, 7, 8, 9, 10, 11, 12, 13, 14, 15, 16, 17, 18, 19] at time 1500.
2025-04-25 03:13:22,101 asyncbase.py iterate [line:73] INFO Receive new models from clients [13, 14] at time 1512
2025-04-25 03:13:22,101 asyncbase.py iterate [line:73] INFO Receive new models from clients [4, 3, 10, 6, 8, 19, 2, 5, 15] at time 1513
2025-04-25 03:13:22,102 asyncbase.py iterate [line:73] INFO Receive new models from clients [9, 17, 0, 12, 16, 11, 18, 7, 1] at time 1514
2025-04-25 03:13:22,155 fedbase.py run [line:318] INFO --------------Round 99--------------
2025-04-25 03:13:22,155 simple_logger.py log_once [line:14] INFO Current_time:1514
2025-04-25 03:13:24,207 simple_logger.py log_once [line:28] INFO test_accuracy                 0.9897
2025-04-25 03:13:24,207 simple_logger.py log_once [line:28] INFO test_loss                     0.0445
2025-04-25 03:13:24,207 simple_logger.py log_once [line:28] INFO val_accuracy                  0.9887
2025-04-25 03:13:24,208 simple_logger.py log_once [line:28] INFO mean_val_accuracy             0.9887
2025-04-25 03:13:24,208 simple_logger.py log_once [line:28] INFO std_val_accuracy              0.0052
2025-04-25 03:13:24,208 simple_logger.py log_once [line:28] INFO val_loss                      0.0635
2025-04-25 03:13:24,208 simple_logger.py log_once [line:28] INFO mean_val_loss                 0.0635
2025-04-25 03:13:24,208 simple_logger.py log_once [line:28] INFO std_val_loss                  0.0372
2025-04-25 03:13:24,208 fedbase.py run [line:323] INFO expense           27239190.0
2025-04-25 03:13:24,208 fedbase.py run [line:324] INFO Eval Time Cost:               2.0526s
2025-04-25 03:13:24,208 asyncbase.py iterate [line:68] INFO Select clients [0, 1, 2, 3, 4, 5, 6, 7, 8, 9, 10, 11, 12, 13, 14, 15, 16, 17, 18, 19] at time 1515.
2025-04-25 03:13:35,674 asyncbase.py iterate [line:73] INFO Receive new models from clients [0, 19, 6, 5, 15, 4] at time 1527
2025-04-25 03:13:35,674 asyncbase.py iterate [line:73] INFO Receive new models from clients [3, 7, 9, 14, 17] at time 1528
2025-04-25 03:13:35,674 asyncbase.py iterate [line:73] INFO Receive new models from clients [11, 10, 2, 16, 12, 8, 18] at time 1529
2025-04-25 03:13:35,675 asyncbase.py iterate [line:73] INFO Receive new models from clients [1, 13] at time 1530
2025-04-25 03:13:35,728 fedbase.py run [line:318] INFO --------------Round 100--------------
2025-04-25 03:13:35,728 simple_logger.py log_once [line:14] INFO Current_time:1530
2025-04-25 03:13:37,738 simple_logger.py log_once [line:28] INFO test_accuracy                 0.9899
2025-04-25 03:13:37,738 simple_logger.py log_once [line:28] INFO test_loss                     0.0437
2025-04-25 03:13:37,738 simple_logger.py log_once [line:28] INFO val_accuracy                  0.9890
2025-04-25 03:13:37,738 simple_logger.py log_once [line:28] INFO mean_val_accuracy             0.9890
2025-04-25 03:13:37,738 simple_logger.py log_once [line:28] INFO std_val_accuracy              0.0053
2025-04-25 03:13:37,738 simple_logger.py log_once [line:28] INFO val_loss                      0.0632
2025-04-25 03:13:37,738 simple_logger.py log_once [line:28] INFO mean_val_loss                 0.0632
2025-04-25 03:13:37,738 simple_logger.py log_once [line:28] INFO std_val_loss                  0.0380
2025-04-25 03:13:37,738 fedbase.py run [line:323] INFO expense           27263030.0
2025-04-25 03:13:37,738 fedbase.py run [line:324] INFO Eval Time Cost:               2.0105s
2025-04-25 03:13:37,738 asyncbase.py iterate [line:68] INFO Select clients [0, 1, 2, 3, 4, 5, 6, 7, 8, 9, 10, 11, 12, 13, 14, 15, 16, 17, 18, 19] at time 1531.
2025-04-25 03:13:48,867 asyncbase.py iterate [line:73] INFO Receive new models from clients [5] at time 1543
2025-04-25 03:13:48,868 asyncbase.py iterate [line:73] INFO Receive new models from clients [0, 10, 12, 18, 19, 9, 13, 3, 8] at time 1544
2025-04-25 03:13:48,868 asyncbase.py iterate [line:73] INFO Receive new models from clients [7, 2, 15, 16, 14, 6, 1, 4, 11, 17] at time 1545
2025-04-25 03:13:48,921 fedbase.py run [line:318] INFO --------------Round 101--------------
2025-04-25 03:13:48,922 simple_logger.py log_once [line:14] INFO Current_time:1545
2025-04-25 03:13:50,924 simple_logger.py log_once [line:28] INFO test_accuracy                 0.9901
2025-04-25 03:13:50,924 simple_logger.py log_once [line:28] INFO test_loss                     0.0444
2025-04-25 03:13:50,924 simple_logger.py log_once [line:28] INFO val_accuracy                  0.9888
2025-04-25 03:13:50,924 simple_logger.py log_once [line:28] INFO mean_val_accuracy             0.9888
2025-04-25 03:13:50,924 simple_logger.py log_once [line:28] INFO std_val_accuracy              0.0053
2025-04-25 03:13:50,924 simple_logger.py log_once [line:28] INFO val_loss                      0.0626
2025-04-25 03:13:50,924 simple_logger.py log_once [line:28] INFO mean_val_loss                 0.0626
2025-04-25 03:13:50,925 simple_logger.py log_once [line:28] INFO std_val_loss                  0.0385
2025-04-25 03:13:50,925 fedbase.py run [line:323] INFO expense           27286870.0
2025-04-25 03:13:50,925 fedbase.py run [line:324] INFO Eval Time Cost:               2.0031s
2025-04-25 03:13:50,925 asyncbase.py iterate [line:68] INFO Select clients [0, 1, 2, 3, 4, 5, 6, 7, 8, 9, 10, 11, 12, 13, 14, 15, 16, 17, 18, 19] at time 1546.
2025-04-25 03:14:02,421 asyncbase.py iterate [line:73] INFO Receive new models from clients [19] at time 1558
2025-04-25 03:14:02,421 asyncbase.py iterate [line:73] INFO Receive new models from clients [13, 18, 1, 15, 2, 3, 9, 5, 4, 17, 11] at time 1559
2025-04-25 03:14:02,421 asyncbase.py iterate [line:73] INFO Receive new models from clients [7, 14, 16, 0, 12, 10] at time 1560
2025-04-25 03:14:02,422 asyncbase.py iterate [line:73] INFO Receive new models from clients [6, 8] at time 1561
2025-04-25 03:14:02,476 fedbase.py run [line:318] INFO --------------Round 102--------------
2025-04-25 03:14:02,477 simple_logger.py log_once [line:14] INFO Current_time:1561
2025-04-25 03:14:04,518 simple_logger.py log_once [line:28] INFO test_accuracy                 0.9901
2025-04-25 03:14:04,518 simple_logger.py log_once [line:28] INFO test_loss                     0.0441
2025-04-25 03:14:04,519 simple_logger.py log_once [line:28] INFO val_accuracy                  0.9887
2025-04-25 03:14:04,519 simple_logger.py log_once [line:28] INFO mean_val_accuracy             0.9887
2025-04-25 03:14:04,519 simple_logger.py log_once [line:28] INFO std_val_accuracy              0.0048
2025-04-25 03:14:04,519 simple_logger.py log_once [line:28] INFO val_loss                      0.0635
2025-04-25 03:14:04,519 simple_logger.py log_once [line:28] INFO mean_val_loss                 0.0635
2025-04-25 03:14:04,519 simple_logger.py log_once [line:28] INFO std_val_loss                  0.0389
2025-04-25 03:14:04,519 fedbase.py run [line:323] INFO expense           27310710.0
2025-04-25 03:14:04,519 fedbase.py run [line:324] INFO Eval Time Cost:               2.0423s
2025-04-25 03:14:04,519 asyncbase.py iterate [line:68] INFO Select clients [0, 1, 2, 3, 4, 5, 6, 7, 8, 9, 10, 11, 12, 13, 14, 15, 16, 17, 18, 19] at time 1562.
2025-04-25 03:14:17,388 asyncbase.py iterate [line:73] INFO Receive new models from clients [0, 16, 12] at time 1574
2025-04-25 03:14:17,388 asyncbase.py iterate [line:73] INFO Receive new models from clients [18, 19, 3, 17, 10, 7, 14] at time 1575
2025-04-25 03:14:17,389 asyncbase.py iterate [line:73] INFO Receive new models from clients [2, 11, 8, 15, 6, 13, 4, 1, 5, 9] at time 1576
2025-04-25 03:14:17,467 fedbase.py run [line:318] INFO --------------Round 103--------------
2025-04-25 03:14:17,467 simple_logger.py log_once [line:14] INFO Current_time:1576
2025-04-25 03:14:19,753 simple_logger.py log_once [line:28] INFO test_accuracy                 0.9900
2025-04-25 03:14:19,753 simple_logger.py log_once [line:28] INFO test_loss                     0.0449
2025-04-25 03:14:19,753 simple_logger.py log_once [line:28] INFO val_accuracy                  0.9888
2025-04-25 03:14:19,753 simple_logger.py log_once [line:28] INFO mean_val_accuracy             0.9888
2025-04-25 03:14:19,753 simple_logger.py log_once [line:28] INFO std_val_accuracy              0.0047
2025-04-25 03:14:19,753 simple_logger.py log_once [line:28] INFO val_loss                      0.0637
2025-04-25 03:14:19,753 simple_logger.py log_once [line:28] INFO mean_val_loss                 0.0637
2025-04-25 03:14:19,753 simple_logger.py log_once [line:28] INFO std_val_loss                  0.0388
2025-04-25 03:14:19,753 fedbase.py run [line:323] INFO expense           27334550.0
2025-04-25 03:14:19,753 fedbase.py run [line:324] INFO Eval Time Cost:               2.2861s
2025-04-25 03:14:19,754 asyncbase.py iterate [line:68] INFO Select clients [0, 1, 2, 3, 4, 5, 6, 7, 8, 9, 10, 11, 12, 13, 14, 15, 16, 17, 18, 19] at time 1577.
2025-04-25 03:14:31,313 asyncbase.py iterate [line:73] INFO Receive new models from clients [11, 13, 9] at time 1589
2025-04-25 03:14:31,314 asyncbase.py iterate [line:73] INFO Receive new models from clients [6, 10, 3, 14, 7, 16, 1, 4, 0] at time 1590
2025-04-25 03:14:31,314 asyncbase.py iterate [line:73] INFO Receive new models from clients [17, 2] at time 1591
2025-04-25 03:14:31,314 asyncbase.py iterate [line:73] INFO Receive new models from clients [12, 8, 18, 19, 5, 15] at time 1592
2025-04-25 03:14:31,368 fedbase.py run [line:318] INFO --------------Round 104--------------
2025-04-25 03:14:31,368 simple_logger.py log_once [line:14] INFO Current_time:1592
2025-04-25 03:14:33,378 simple_logger.py log_once [line:28] INFO test_accuracy                 0.9899
2025-04-25 03:14:33,379 simple_logger.py log_once [line:28] INFO test_loss                     0.0457
2025-04-25 03:14:33,379 simple_logger.py log_once [line:28] INFO val_accuracy                  0.9888
2025-04-25 03:14:33,379 simple_logger.py log_once [line:28] INFO mean_val_accuracy             0.9888
2025-04-25 03:14:33,379 simple_logger.py log_once [line:28] INFO std_val_accuracy              0.0044
2025-04-25 03:14:33,379 simple_logger.py log_once [line:28] INFO val_loss                      0.0647
2025-04-25 03:14:33,379 simple_logger.py log_once [line:28] INFO mean_val_loss                 0.0647
2025-04-25 03:14:33,379 simple_logger.py log_once [line:28] INFO std_val_loss                  0.0391
2025-04-25 03:14:33,379 fedbase.py run [line:323] INFO expense           27358390.0
2025-04-25 03:14:33,379 fedbase.py run [line:324] INFO Eval Time Cost:               2.0111s
2025-04-25 03:14:33,379 asyncbase.py iterate [line:68] INFO Select clients [0, 1, 2, 3, 4, 5, 6, 7, 8, 9, 10, 11, 12, 13, 14, 15, 16, 17, 18, 19] at time 1593.
2025-04-25 03:14:44,482 asyncbase.py iterate [line:73] INFO Receive new models from clients [17, 11] at time 1605
2025-04-25 03:14:44,483 asyncbase.py iterate [line:73] INFO Receive new models from clients [2, 10, 13, 5, 19, 0, 15] at time 1606
2025-04-25 03:14:44,483 asyncbase.py iterate [line:73] INFO Receive new models from clients [7, 1, 16, 6, 4, 3, 12, 18, 14, 9] at time 1607
2025-04-25 03:14:44,483 asyncbase.py iterate [line:73] INFO Receive new models from clients [8] at time 1608
2025-04-25 03:14:44,544 fedbase.py run [line:318] INFO --------------Round 105--------------
2025-04-25 03:14:44,544 simple_logger.py log_once [line:14] INFO Current_time:1608
2025-04-25 03:14:46,580 simple_logger.py log_once [line:28] INFO test_accuracy                 0.9898
2025-04-25 03:14:46,580 simple_logger.py log_once [line:28] INFO test_loss                     0.0459
2025-04-25 03:14:46,581 simple_logger.py log_once [line:28] INFO val_accuracy                  0.9887
2025-04-25 03:14:46,581 simple_logger.py log_once [line:28] INFO mean_val_accuracy             0.9887
2025-04-25 03:14:46,581 simple_logger.py log_once [line:28] INFO std_val_accuracy              0.0050
2025-04-25 03:14:46,581 simple_logger.py log_once [line:28] INFO val_loss                      0.0651
2025-04-25 03:14:46,581 simple_logger.py log_once [line:28] INFO mean_val_loss                 0.0651
2025-04-25 03:14:46,581 simple_logger.py log_once [line:28] INFO std_val_loss                  0.0397
2025-04-25 03:14:46,581 fedbase.py run [line:323] INFO expense           27382230.0
2025-04-25 03:14:46,581 fedbase.py run [line:324] INFO Eval Time Cost:               2.0368s
2025-04-25 03:14:46,581 asyncbase.py iterate [line:68] INFO Select clients [0, 1, 2, 3, 4, 5, 6, 7, 8, 9, 10, 11, 12, 13, 14, 15, 16, 17, 18, 19] at time 1609.
2025-04-25 03:14:57,704 asyncbase.py iterate [line:73] INFO Receive new models from clients [6, 7] at time 1621
2025-04-25 03:14:57,704 asyncbase.py iterate [line:73] INFO Receive new models from clients [2, 13, 1, 8, 19, 5, 14] at time 1622
2025-04-25 03:14:57,704 asyncbase.py iterate [line:73] INFO Receive new models from clients [10, 18, 12, 9, 0, 16, 17, 3] at time 1623
2025-04-25 03:14:57,705 asyncbase.py iterate [line:73] INFO Receive new models from clients [11, 15, 4] at time 1624
2025-04-25 03:14:57,757 fedbase.py run [line:318] INFO --------------Round 106--------------
2025-04-25 03:14:57,757 simple_logger.py log_once [line:14] INFO Current_time:1624
2025-04-25 03:14:59,790 simple_logger.py log_once [line:28] INFO test_accuracy                 0.9896
2025-04-25 03:14:59,791 simple_logger.py log_once [line:28] INFO test_loss                     0.0460
2025-04-25 03:14:59,791 simple_logger.py log_once [line:28] INFO val_accuracy                  0.9885
2025-04-25 03:14:59,791 simple_logger.py log_once [line:28] INFO mean_val_accuracy             0.9885
2025-04-25 03:14:59,791 simple_logger.py log_once [line:28] INFO std_val_accuracy              0.0052
2025-04-25 03:14:59,791 simple_logger.py log_once [line:28] INFO val_loss                      0.0648
2025-04-25 03:14:59,791 simple_logger.py log_once [line:28] INFO mean_val_loss                 0.0648
2025-04-25 03:14:59,791 simple_logger.py log_once [line:28] INFO std_val_loss                  0.0386
2025-04-25 03:14:59,791 fedbase.py run [line:323] INFO expense           27406070.0
2025-04-25 03:14:59,791 fedbase.py run [line:324] INFO Eval Time Cost:               2.0340s
2025-04-25 03:14:59,791 asyncbase.py iterate [line:68] INFO Select clients [0, 1, 2, 3, 4, 5, 6, 7, 8, 9, 10, 11, 12, 13, 14, 15, 16, 17, 18, 19] at time 1625.
2025-04-25 03:15:11,189 asyncbase.py iterate [line:73] INFO Receive new models from clients [16] at time 1637
2025-04-25 03:15:11,189 asyncbase.py iterate [line:73] INFO Receive new models from clients [0, 15, 3, 7, 6, 18, 13, 10, 11, 12] at time 1638
2025-04-25 03:15:11,190 asyncbase.py iterate [line:73] INFO Receive new models from clients [14, 17, 9, 2, 8, 4, 19, 1, 5] at time 1639
2025-04-25 03:15:11,244 fedbase.py run [line:318] INFO --------------Round 107--------------
2025-04-25 03:15:11,245 simple_logger.py log_once [line:14] INFO Current_time:1639
2025-04-25 03:15:13,343 simple_logger.py log_once [line:28] INFO test_accuracy                 0.9895
2025-04-25 03:15:13,343 simple_logger.py log_once [line:28] INFO test_loss                     0.0462
2025-04-25 03:15:13,343 simple_logger.py log_once [line:28] INFO val_accuracy                  0.9885
2025-04-25 03:15:13,343 simple_logger.py log_once [line:28] INFO mean_val_accuracy             0.9885
2025-04-25 03:15:13,343 simple_logger.py log_once [line:28] INFO std_val_accuracy              0.0051
2025-04-25 03:15:13,343 simple_logger.py log_once [line:28] INFO val_loss                      0.0648
2025-04-25 03:15:13,343 simple_logger.py log_once [line:28] INFO mean_val_loss                 0.0648
2025-04-25 03:15:13,343 simple_logger.py log_once [line:28] INFO std_val_loss                  0.0392
2025-04-25 03:15:13,343 fedbase.py run [line:323] INFO expense           27429910.0
2025-04-25 03:15:13,343 fedbase.py run [line:324] INFO Eval Time Cost:               2.0988s
2025-04-25 03:15:13,344 asyncbase.py iterate [line:68] INFO Select clients [0, 1, 2, 3, 4, 5, 6, 7, 8, 9, 10, 11, 12, 13, 14, 15, 16, 17, 18, 19] at time 1640.
2025-04-25 03:15:24,344 asyncbase.py iterate [line:73] INFO Receive new models from clients [6, 12, 5] at time 1652
2025-04-25 03:15:24,345 asyncbase.py iterate [line:73] INFO Receive new models from clients [8, 13, 14, 19, 3, 0, 11, 4, 18] at time 1653
2025-04-25 03:15:24,345 asyncbase.py iterate [line:73] INFO Receive new models from clients [16, 15, 7, 1, 9, 2] at time 1654
2025-04-25 03:15:24,345 asyncbase.py iterate [line:73] INFO Receive new models from clients [10, 17] at time 1655
2025-04-25 03:15:24,398 fedbase.py run [line:318] INFO --------------Round 108--------------
2025-04-25 03:15:24,398 simple_logger.py log_once [line:14] INFO Current_time:1655
2025-04-25 03:15:26,421 simple_logger.py log_once [line:28] INFO test_accuracy                 0.9895
2025-04-25 03:15:26,422 simple_logger.py log_once [line:28] INFO test_loss                     0.0466
2025-04-25 03:15:26,422 simple_logger.py log_once [line:28] INFO val_accuracy                  0.9885
2025-04-25 03:15:26,422 simple_logger.py log_once [line:28] INFO mean_val_accuracy             0.9885
2025-04-25 03:15:26,422 simple_logger.py log_once [line:28] INFO std_val_accuracy              0.0057
2025-04-25 03:15:26,422 simple_logger.py log_once [line:28] INFO val_loss                      0.0659
2025-04-25 03:15:26,422 simple_logger.py log_once [line:28] INFO mean_val_loss                 0.0659
2025-04-25 03:15:26,422 simple_logger.py log_once [line:28] INFO std_val_loss                  0.0388
2025-04-25 03:15:26,422 fedbase.py run [line:323] INFO expense           27453750.0
2025-04-25 03:15:26,422 fedbase.py run [line:324] INFO Eval Time Cost:               2.0241s
2025-04-25 03:15:26,422 asyncbase.py iterate [line:68] INFO Select clients [0, 1, 2, 3, 4, 5, 6, 7, 8, 9, 10, 11, 12, 13, 14, 15, 16, 17, 18, 19] at time 1656.
2025-04-25 03:15:37,873 asyncbase.py iterate [line:73] INFO Receive new models from clients [19] at time 1668
2025-04-25 03:15:37,874 asyncbase.py iterate [line:73] INFO Receive new models from clients [18, 4, 15, 1, 0, 12, 6, 16, 5, 9, 8] at time 1669
2025-04-25 03:15:37,874 asyncbase.py iterate [line:73] INFO Receive new models from clients [17, 2, 10, 3, 13, 7, 14] at time 1670
2025-04-25 03:15:37,874 asyncbase.py iterate [line:73] INFO Receive new models from clients [11] at time 1671
2025-04-25 03:15:37,926 fedbase.py run [line:318] INFO --------------Round 109--------------
2025-04-25 03:15:37,927 simple_logger.py log_once [line:14] INFO Current_time:1671
2025-04-25 03:15:39,939 simple_logger.py log_once [line:28] INFO test_accuracy                 0.9890
2025-04-25 03:15:39,939 simple_logger.py log_once [line:28] INFO test_loss                     0.0465
2025-04-25 03:15:39,939 simple_logger.py log_once [line:28] INFO val_accuracy                  0.9887
2025-04-25 03:15:39,939 simple_logger.py log_once [line:28] INFO mean_val_accuracy             0.9887
2025-04-25 03:15:39,939 simple_logger.py log_once [line:28] INFO std_val_accuracy              0.0053
2025-04-25 03:15:39,939 simple_logger.py log_once [line:28] INFO val_loss                      0.0651
2025-04-25 03:15:39,939 simple_logger.py log_once [line:28] INFO mean_val_loss                 0.0651
2025-04-25 03:15:39,939 simple_logger.py log_once [line:28] INFO std_val_loss                  0.0395
2025-04-25 03:15:39,939 fedbase.py run [line:323] INFO expense           27477590.0
2025-04-25 03:15:39,939 fedbase.py run [line:324] INFO Eval Time Cost:               2.0128s
2025-04-25 03:15:39,940 asyncbase.py iterate [line:68] INFO Select clients [0, 1, 2, 3, 4, 5, 6, 7, 8, 9, 10, 11, 12, 13, 14, 15, 16, 17, 18, 19] at time 1672.
2025-04-25 03:15:51,969 asyncbase.py iterate [line:73] INFO Receive new models from clients [6, 16] at time 1684
2025-04-25 03:15:51,969 asyncbase.py iterate [line:73] INFO Receive new models from clients [12, 14, 1, 19, 9, 4, 0, 8, 15, 7, 3] at time 1685
2025-04-25 03:15:51,969 asyncbase.py iterate [line:73] INFO Receive new models from clients [10, 2, 5, 17, 18, 11] at time 1686
2025-04-25 03:15:51,970 asyncbase.py iterate [line:73] INFO Receive new models from clients [13] at time 1687
2025-04-25 03:15:52,022 fedbase.py run [line:318] INFO --------------Round 110--------------
2025-04-25 03:15:52,022 simple_logger.py log_once [line:14] INFO Current_time:1687
2025-04-25 03:15:54,026 simple_logger.py log_once [line:28] INFO test_accuracy                 0.9893
2025-04-25 03:15:54,026 simple_logger.py log_once [line:28] INFO test_loss                     0.0464
2025-04-25 03:15:54,026 simple_logger.py log_once [line:28] INFO val_accuracy                  0.9880
2025-04-25 03:15:54,026 simple_logger.py log_once [line:28] INFO mean_val_accuracy             0.9880
2025-04-25 03:15:54,026 simple_logger.py log_once [line:28] INFO std_val_accuracy              0.0055
2025-04-25 03:15:54,026 simple_logger.py log_once [line:28] INFO val_loss                      0.0656
2025-04-25 03:15:54,027 simple_logger.py log_once [line:28] INFO mean_val_loss                 0.0656
2025-04-25 03:15:54,027 simple_logger.py log_once [line:28] INFO std_val_loss                  0.0392
2025-04-25 03:15:54,027 fedbase.py run [line:323] INFO expense           27501430.0
2025-04-25 03:15:54,027 fedbase.py run [line:324] INFO Eval Time Cost:               2.0047s
2025-04-25 03:15:54,027 asyncbase.py iterate [line:68] INFO Select clients [0, 1, 2, 3, 4, 5, 6, 7, 8, 9, 10, 11, 12, 13, 14, 15, 16, 17, 18, 19] at time 1688.
2025-04-25 03:16:06,188 asyncbase.py iterate [line:73] INFO Receive new models from clients [19, 18, 12, 2, 14] at time 1700
2025-04-25 03:16:06,189 asyncbase.py iterate [line:73] INFO Receive new models from clients [5, 17, 6, 10, 3] at time 1701
2025-04-25 03:16:06,189 asyncbase.py iterate [line:73] INFO Receive new models from clients [9, 7, 1, 0, 13, 15, 11, 8] at time 1702
2025-04-25 03:16:06,190 asyncbase.py iterate [line:73] INFO Receive new models from clients [4, 16] at time 1703
2025-04-25 03:16:06,268 fedbase.py run [line:318] INFO --------------Round 111--------------
2025-04-25 03:16:06,268 simple_logger.py log_once [line:14] INFO Current_time:1703
2025-04-25 03:16:08,322 simple_logger.py log_once [line:28] INFO test_accuracy                 0.9890
2025-04-25 03:16:08,322 simple_logger.py log_once [line:28] INFO test_loss                     0.0464
2025-04-25 03:16:08,322 simple_logger.py log_once [line:28] INFO val_accuracy                  0.9887
2025-04-25 03:16:08,322 simple_logger.py log_once [line:28] INFO mean_val_accuracy             0.9887
2025-04-25 03:16:08,322 simple_logger.py log_once [line:28] INFO std_val_accuracy              0.0051
2025-04-25 03:16:08,322 simple_logger.py log_once [line:28] INFO val_loss                      0.0624
2025-04-25 03:16:08,322 simple_logger.py log_once [line:28] INFO mean_val_loss                 0.0624
2025-04-25 03:16:08,322 simple_logger.py log_once [line:28] INFO std_val_loss                  0.0384
2025-04-25 03:16:08,323 fedbase.py run [line:323] INFO expense           27525270.0
2025-04-25 03:16:08,323 fedbase.py run [line:324] INFO Eval Time Cost:               2.0544s
2025-04-25 03:16:08,323 asyncbase.py iterate [line:68] INFO Select clients [0, 1, 2, 3, 4, 5, 6, 7, 8, 9, 10, 11, 12, 13, 14, 15, 16, 17, 18, 19] at time 1704.
2025-04-25 03:16:19,756 asyncbase.py iterate [line:73] INFO Receive new models from clients [11] at time 1716
2025-04-25 03:16:19,757 asyncbase.py iterate [line:73] INFO Receive new models from clients [19, 15, 10, 17, 1, 3, 9] at time 1717
2025-04-25 03:16:19,757 asyncbase.py iterate [line:73] INFO Receive new models from clients [4, 13, 18, 12, 2, 5, 6, 0, 16, 7] at time 1718
2025-04-25 03:16:19,757 asyncbase.py iterate [line:73] INFO Receive new models from clients [8, 14] at time 1719
2025-04-25 03:16:19,810 fedbase.py run [line:318] INFO --------------Round 112--------------
2025-04-25 03:16:19,810 simple_logger.py log_once [line:14] INFO Current_time:1719
2025-04-25 03:16:21,830 simple_logger.py log_once [line:28] INFO test_accuracy                 0.9901
2025-04-25 03:16:21,830 simple_logger.py log_once [line:28] INFO test_loss                     0.0455
2025-04-25 03:16:21,830 simple_logger.py log_once [line:28] INFO val_accuracy                  0.9887
2025-04-25 03:16:21,830 simple_logger.py log_once [line:28] INFO mean_val_accuracy             0.9887
2025-04-25 03:16:21,830 simple_logger.py log_once [line:28] INFO std_val_accuracy              0.0050
2025-04-25 03:16:21,830 simple_logger.py log_once [line:28] INFO val_loss                      0.0641
2025-04-25 03:16:21,830 simple_logger.py log_once [line:28] INFO mean_val_loss                 0.0641
2025-04-25 03:16:21,830 simple_logger.py log_once [line:28] INFO std_val_loss                  0.0398
2025-04-25 03:16:21,830 fedbase.py run [line:323] INFO expense           27549110.0
2025-04-25 03:16:21,831 fedbase.py run [line:324] INFO Eval Time Cost:               2.0206s
2025-04-25 03:16:21,831 asyncbase.py iterate [line:68] INFO Select clients [0, 1, 2, 3, 4, 5, 6, 7, 8, 9, 10, 11, 12, 13, 14, 15, 16, 17, 18, 19] at time 1720.
2025-04-25 03:16:33,151 asyncbase.py iterate [line:73] INFO Receive new models from clients [13, 8, 9] at time 1732
2025-04-25 03:16:33,151 asyncbase.py iterate [line:73] INFO Receive new models from clients [1, 7, 19, 14, 11, 12, 4, 0, 17, 18] at time 1733
2025-04-25 03:16:33,152 asyncbase.py iterate [line:73] INFO Receive new models from clients [16, 10, 2, 6, 15, 3, 5] at time 1734
2025-04-25 03:16:33,204 fedbase.py run [line:318] INFO --------------Round 113--------------
2025-04-25 03:16:33,204 simple_logger.py log_once [line:14] INFO Current_time:1734
2025-04-25 03:16:35,214 simple_logger.py log_once [line:28] INFO test_accuracy                 0.9891
2025-04-25 03:16:35,214 simple_logger.py log_once [line:28] INFO test_loss                     0.0464
2025-04-25 03:16:35,214 simple_logger.py log_once [line:28] INFO val_accuracy                  0.9892
2025-04-25 03:16:35,214 simple_logger.py log_once [line:28] INFO mean_val_accuracy             0.9892
2025-04-25 03:16:35,214 simple_logger.py log_once [line:28] INFO std_val_accuracy              0.0049
2025-04-25 03:16:35,215 simple_logger.py log_once [line:28] INFO val_loss                      0.0633
2025-04-25 03:16:35,215 simple_logger.py log_once [line:28] INFO mean_val_loss                 0.0633
2025-04-25 03:16:35,215 simple_logger.py log_once [line:28] INFO std_val_loss                  0.0392
2025-04-25 03:16:35,215 fedbase.py run [line:323] INFO expense           27572950.0
2025-04-25 03:16:35,215 fedbase.py run [line:324] INFO Eval Time Cost:               2.0109s
2025-04-25 03:16:35,215 asyncbase.py iterate [line:68] INFO Select clients [0, 1, 2, 3, 4, 5, 6, 7, 8, 9, 10, 11, 12, 13, 14, 15, 16, 17, 18, 19] at time 1735.
2025-04-25 03:16:46,180 asyncbase.py iterate [line:73] INFO Receive new models from clients [10, 4, 19] at time 1747
2025-04-25 03:16:46,181 asyncbase.py iterate [line:73] INFO Receive new models from clients [13, 3, 14, 5, 11, 12, 1, 6, 0] at time 1748
2025-04-25 03:16:46,181 asyncbase.py iterate [line:73] INFO Receive new models from clients [7, 9, 8, 2, 16, 15] at time 1749
2025-04-25 03:16:46,181 asyncbase.py iterate [line:73] INFO Receive new models from clients [17, 18] at time 1750
2025-04-25 03:16:46,234 fedbase.py run [line:318] INFO --------------Round 114--------------
2025-04-25 03:16:46,234 simple_logger.py log_once [line:14] INFO Current_time:1750
2025-04-25 03:16:48,286 simple_logger.py log_once [line:28] INFO test_accuracy                 0.9888
2025-04-25 03:16:48,286 simple_logger.py log_once [line:28] INFO test_loss                     0.0475
2025-04-25 03:16:48,286 simple_logger.py log_once [line:28] INFO val_accuracy                  0.9888
2025-04-25 03:16:48,286 simple_logger.py log_once [line:28] INFO mean_val_accuracy             0.9888
2025-04-25 03:16:48,287 simple_logger.py log_once [line:28] INFO std_val_accuracy              0.0051
2025-04-25 03:16:48,287 simple_logger.py log_once [line:28] INFO val_loss                      0.0629
2025-04-25 03:16:48,287 simple_logger.py log_once [line:28] INFO mean_val_loss                 0.0629
2025-04-25 03:16:48,287 simple_logger.py log_once [line:28] INFO std_val_loss                  0.0389
2025-04-25 03:16:48,287 fedbase.py run [line:323] INFO expense           27596790.0
2025-04-25 03:16:48,287 fedbase.py run [line:324] INFO Eval Time Cost:               2.0524s
2025-04-25 03:16:48,287 asyncbase.py iterate [line:68] INFO Select clients [0, 1, 2, 3, 4, 5, 6, 7, 8, 9, 10, 11, 12, 13, 14, 15, 16, 17, 18, 19] at time 1751.
2025-04-25 03:17:00,837 asyncbase.py iterate [line:73] INFO Receive new models from clients [7] at time 1763
2025-04-25 03:17:00,838 asyncbase.py iterate [line:73] INFO Receive new models from clients [5, 9, 14, 15, 16, 19, 11, 2, 10, 13, 8] at time 1764
2025-04-25 03:17:00,838 asyncbase.py iterate [line:73] INFO Receive new models from clients [6, 4, 12, 18, 17, 3, 1] at time 1765
2025-04-25 03:17:00,839 asyncbase.py iterate [line:73] INFO Receive new models from clients [0] at time 1766
2025-04-25 03:17:00,916 fedbase.py run [line:318] INFO --------------Round 115--------------
2025-04-25 03:17:00,917 simple_logger.py log_once [line:14] INFO Current_time:1766
2025-04-25 03:17:03,402 simple_logger.py log_once [line:28] INFO test_accuracy                 0.9893
2025-04-25 03:17:03,402 simple_logger.py log_once [line:28] INFO test_loss                     0.0461
2025-04-25 03:17:03,402 simple_logger.py log_once [line:28] INFO val_accuracy                  0.9885
2025-04-25 03:17:03,402 simple_logger.py log_once [line:28] INFO mean_val_accuracy             0.9885
2025-04-25 03:17:03,402 simple_logger.py log_once [line:28] INFO std_val_accuracy              0.0060
2025-04-25 03:17:03,402 simple_logger.py log_once [line:28] INFO val_loss                      0.0631
2025-04-25 03:17:03,402 simple_logger.py log_once [line:28] INFO mean_val_loss                 0.0631
2025-04-25 03:17:03,402 simple_logger.py log_once [line:28] INFO std_val_loss                  0.0387
2025-04-25 03:17:03,402 fedbase.py run [line:323] INFO expense           27620630.0
2025-04-25 03:17:03,402 fedbase.py run [line:324] INFO Eval Time Cost:               2.4856s
2025-04-25 03:17:03,402 asyncbase.py iterate [line:68] INFO Select clients [0, 1, 2, 3, 4, 5, 6, 7, 8, 9, 10, 11, 12, 13, 14, 15, 16, 17, 18, 19] at time 1767.
2025-04-25 03:17:14,629 asyncbase.py iterate [line:73] INFO Receive new models from clients [17, 2, 11, 19] at time 1779
2025-04-25 03:17:14,630 asyncbase.py iterate [line:73] INFO Receive new models from clients [16, 10, 12, 5, 7, 8, 14] at time 1780
2025-04-25 03:17:14,630 asyncbase.py iterate [line:73] INFO Receive new models from clients [18, 9, 0, 4, 13, 1, 15] at time 1781
2025-04-25 03:17:14,630 asyncbase.py iterate [line:73] INFO Receive new models from clients [6, 3] at time 1782
2025-04-25 03:17:14,684 fedbase.py run [line:318] INFO --------------Round 116--------------
2025-04-25 03:17:14,684 simple_logger.py log_once [line:14] INFO Current_time:1782
2025-04-25 03:17:16,712 simple_logger.py log_once [line:28] INFO test_accuracy                 0.9891
2025-04-25 03:17:16,712 simple_logger.py log_once [line:28] INFO test_loss                     0.0468
2025-04-25 03:17:16,712 simple_logger.py log_once [line:28] INFO val_accuracy                  0.9877
2025-04-25 03:17:16,712 simple_logger.py log_once [line:28] INFO mean_val_accuracy             0.9877
2025-04-25 03:17:16,713 simple_logger.py log_once [line:28] INFO std_val_accuracy              0.0058
2025-04-25 03:17:16,713 simple_logger.py log_once [line:28] INFO val_loss                      0.0627
2025-04-25 03:17:16,713 simple_logger.py log_once [line:28] INFO mean_val_loss                 0.0627
2025-04-25 03:17:16,713 simple_logger.py log_once [line:28] INFO std_val_loss                  0.0376
2025-04-25 03:17:16,713 fedbase.py run [line:323] INFO expense           27644470.0
2025-04-25 03:17:16,713 fedbase.py run [line:324] INFO Eval Time Cost:               2.0286s
2025-04-25 03:17:16,713 asyncbase.py iterate [line:68] INFO Select clients [0, 1, 2, 3, 4, 5, 6, 7, 8, 9, 10, 11, 12, 13, 14, 15, 16, 17, 18, 19] at time 1783.
2025-04-25 03:17:28,063 asyncbase.py iterate [line:73] INFO Receive new models from clients [3, 11, 19] at time 1795
2025-04-25 03:17:28,063 asyncbase.py iterate [line:73] INFO Receive new models from clients [12, 5, 14, 9, 17, 0, 15, 1, 2, 4, 18] at time 1796
2025-04-25 03:17:28,064 asyncbase.py iterate [line:73] INFO Receive new models from clients [16, 6, 8, 7, 10] at time 1797
2025-04-25 03:17:28,064 asyncbase.py iterate [line:73] INFO Receive new models from clients [13] at time 1798
2025-04-25 03:17:28,118 fedbase.py run [line:318] INFO --------------Round 117--------------
2025-04-25 03:17:28,119 simple_logger.py log_once [line:14] INFO Current_time:1798
2025-04-25 03:17:30,140 simple_logger.py log_once [line:28] INFO test_accuracy                 0.9891
2025-04-25 03:17:30,141 simple_logger.py log_once [line:28] INFO test_loss                     0.0469
2025-04-25 03:17:30,141 simple_logger.py log_once [line:28] INFO val_accuracy                  0.9883
2025-04-25 03:17:30,141 simple_logger.py log_once [line:28] INFO mean_val_accuracy             0.9883
2025-04-25 03:17:30,141 simple_logger.py log_once [line:28] INFO std_val_accuracy              0.0054
2025-04-25 03:17:30,141 simple_logger.py log_once [line:28] INFO val_loss                      0.0629
2025-04-25 03:17:30,141 simple_logger.py log_once [line:28] INFO mean_val_loss                 0.0629
2025-04-25 03:17:30,141 simple_logger.py log_once [line:28] INFO std_val_loss                  0.0385
2025-04-25 03:17:30,141 fedbase.py run [line:323] INFO expense           27668310.0
2025-04-25 03:17:30,141 fedbase.py run [line:324] INFO Eval Time Cost:               2.0225s
2025-04-25 03:17:30,141 asyncbase.py iterate [line:68] INFO Select clients [0, 1, 2, 3, 4, 5, 6, 7, 8, 9, 10, 11, 12, 13, 14, 15, 16, 17, 18, 19] at time 1799.
2025-04-25 03:17:41,537 asyncbase.py iterate [line:73] INFO Receive new models from clients [15, 0, 14, 7, 1] at time 1811
2025-04-25 03:17:41,537 asyncbase.py iterate [line:73] INFO Receive new models from clients [18, 19, 11, 3] at time 1812
2025-04-25 03:17:41,538 asyncbase.py iterate [line:73] INFO Receive new models from clients [9, 6, 17, 4, 12, 8, 13, 16, 5, 2] at time 1813
2025-04-25 03:17:41,538 asyncbase.py iterate [line:73] INFO Receive new models from clients [10] at time 1814
2025-04-25 03:17:41,592 fedbase.py run [line:318] INFO --------------Round 118--------------
2025-04-25 03:17:41,592 simple_logger.py log_once [line:14] INFO Current_time:1814
2025-04-25 03:17:43,718 simple_logger.py log_once [line:28] INFO test_accuracy                 0.9897
2025-04-25 03:17:43,718 simple_logger.py log_once [line:28] INFO test_loss                     0.0464
2025-04-25 03:17:43,718 simple_logger.py log_once [line:28] INFO val_accuracy                  0.9880
2025-04-25 03:17:43,718 simple_logger.py log_once [line:28] INFO mean_val_accuracy             0.9880
2025-04-25 03:17:43,718 simple_logger.py log_once [line:28] INFO std_val_accuracy              0.0059
2025-04-25 03:17:43,718 simple_logger.py log_once [line:28] INFO val_loss                      0.0640
2025-04-25 03:17:43,719 simple_logger.py log_once [line:28] INFO mean_val_loss                 0.0640
2025-04-25 03:17:43,719 simple_logger.py log_once [line:28] INFO std_val_loss                  0.0391
2025-04-25 03:17:43,719 fedbase.py run [line:323] INFO expense           27692150.0
2025-04-25 03:17:43,719 fedbase.py run [line:324] INFO Eval Time Cost:               2.1269s
2025-04-25 03:17:43,719 asyncbase.py iterate [line:68] INFO Select clients [0, 1, 2, 3, 4, 5, 6, 7, 8, 9, 10, 11, 12, 13, 14, 15, 16, 17, 18, 19] at time 1815.
2025-04-25 03:17:55,164 asyncbase.py iterate [line:73] INFO Receive new models from clients [15, 19] at time 1827
2025-04-25 03:17:55,164 asyncbase.py iterate [line:73] INFO Receive new models from clients [7, 11, 14, 0, 3, 5, 8, 10, 17, 2] at time 1828
2025-04-25 03:17:55,165 asyncbase.py iterate [line:73] INFO Receive new models from clients [13, 18, 4, 9] at time 1829
2025-04-25 03:17:55,165 asyncbase.py iterate [line:73] INFO Receive new models from clients [6, 1, 12, 16] at time 1830
2025-04-25 03:17:55,218 fedbase.py run [line:318] INFO --------------Round 119--------------
2025-04-25 03:17:55,218 simple_logger.py log_once [line:14] INFO Current_time:1830
2025-04-25 03:17:57,238 simple_logger.py log_once [line:28] INFO test_accuracy                 0.9891
2025-04-25 03:17:57,238 simple_logger.py log_once [line:28] INFO test_loss                     0.0473
2025-04-25 03:17:57,238 simple_logger.py log_once [line:28] INFO val_accuracy                  0.9887
2025-04-25 03:17:57,238 simple_logger.py log_once [line:28] INFO mean_val_accuracy             0.9887
2025-04-25 03:17:57,238 simple_logger.py log_once [line:28] INFO std_val_accuracy              0.0049
2025-04-25 03:17:57,239 simple_logger.py log_once [line:28] INFO val_loss                      0.0632
2025-04-25 03:17:57,239 simple_logger.py log_once [line:28] INFO mean_val_loss                 0.0632
2025-04-25 03:17:57,239 simple_logger.py log_once [line:28] INFO std_val_loss                  0.0388
2025-04-25 03:17:57,239 fedbase.py run [line:323] INFO expense           27715990.0
2025-04-25 03:17:57,239 fedbase.py run [line:324] INFO Eval Time Cost:               2.0211s
2025-04-25 03:17:57,239 asyncbase.py iterate [line:68] INFO Select clients [0, 1, 2, 3, 4, 5, 6, 7, 8, 9, 10, 11, 12, 13, 14, 15, 16, 17, 18, 19] at time 1831.
2025-04-25 03:18:08,781 asyncbase.py iterate [line:73] INFO Receive new models from clients [6] at time 1843
2025-04-25 03:18:08,782 asyncbase.py iterate [line:73] INFO Receive new models from clients [11, 5, 0, 4, 2, 1, 10, 18, 8] at time 1844
2025-04-25 03:18:08,782 asyncbase.py iterate [line:73] INFO Receive new models from clients [14, 17, 16, 12, 9, 3] at time 1845
2025-04-25 03:18:08,782 asyncbase.py iterate [line:73] INFO Receive new models from clients [15, 13, 7, 19] at time 1846
2025-04-25 03:18:08,836 fedbase.py run [line:318] INFO --------------Round 120--------------
2025-04-25 03:18:08,836 simple_logger.py log_once [line:14] INFO Current_time:1846
2025-04-25 03:18:10,899 simple_logger.py log_once [line:28] INFO test_accuracy                 0.9892
2025-04-25 03:18:10,899 simple_logger.py log_once [line:28] INFO test_loss                     0.0479
2025-04-25 03:18:10,899 simple_logger.py log_once [line:28] INFO val_accuracy                  0.9880
2025-04-25 03:18:10,899 simple_logger.py log_once [line:28] INFO mean_val_accuracy             0.9880
2025-04-25 03:18:10,899 simple_logger.py log_once [line:28] INFO std_val_accuracy              0.0052
2025-04-25 03:18:10,899 simple_logger.py log_once [line:28] INFO val_loss                      0.0641
2025-04-25 03:18:10,899 simple_logger.py log_once [line:28] INFO mean_val_loss                 0.0641
2025-04-25 03:18:10,899 simple_logger.py log_once [line:28] INFO std_val_loss                  0.0380
2025-04-25 03:18:10,899 fedbase.py run [line:323] INFO expense           27739830.0
2025-04-25 03:18:10,899 fedbase.py run [line:324] INFO Eval Time Cost:               2.0637s
2025-04-25 03:18:10,900 asyncbase.py iterate [line:68] INFO Select clients [0, 1, 2, 3, 4, 5, 6, 7, 8, 9, 10, 11, 12, 13, 14, 15, 16, 17, 18, 19] at time 1847.
2025-04-25 03:18:21,955 asyncbase.py iterate [line:73] INFO Receive new models from clients [5] at time 1859
2025-04-25 03:18:21,956 asyncbase.py iterate [line:73] INFO Receive new models from clients [12, 1, 17, 6, 15, 11, 10, 19] at time 1860
2025-04-25 03:18:21,956 asyncbase.py iterate [line:73] INFO Receive new models from clients [0, 2, 4, 16, 8, 14, 18, 13, 7] at time 1861
2025-04-25 03:18:21,956 asyncbase.py iterate [line:73] INFO Receive new models from clients [9, 3] at time 1862
2025-04-25 03:18:22,009 fedbase.py run [line:318] INFO --------------Round 121--------------
2025-04-25 03:18:22,009 simple_logger.py log_once [line:14] INFO Current_time:1862
2025-04-25 03:18:24,044 simple_logger.py log_once [line:28] INFO test_accuracy                 0.9886
2025-04-25 03:18:24,044 simple_logger.py log_once [line:28] INFO test_loss                     0.0476
2025-04-25 03:18:24,045 simple_logger.py log_once [line:28] INFO val_accuracy                  0.9888
2025-04-25 03:18:24,045 simple_logger.py log_once [line:28] INFO mean_val_accuracy             0.9888
2025-04-25 03:18:24,045 simple_logger.py log_once [line:28] INFO std_val_accuracy              0.0054
2025-04-25 03:18:24,045 simple_logger.py log_once [line:28] INFO val_loss                      0.0645
2025-04-25 03:18:24,045 simple_logger.py log_once [line:28] INFO mean_val_loss                 0.0645
2025-04-25 03:18:24,045 simple_logger.py log_once [line:28] INFO std_val_loss                  0.0378
2025-04-25 03:18:24,045 fedbase.py run [line:323] INFO expense           27763670.0
2025-04-25 03:18:24,045 fedbase.py run [line:324] INFO Eval Time Cost:               2.0359s
2025-04-25 03:18:24,045 asyncbase.py iterate [line:68] INFO Select clients [0, 1, 2, 3, 4, 5, 6, 7, 8, 9, 10, 11, 12, 13, 14, 15, 16, 17, 18, 19] at time 1863.
2025-04-25 03:18:35,709 asyncbase.py iterate [line:73] INFO Receive new models from clients [8, 19] at time 1875
2025-04-25 03:18:35,710 asyncbase.py iterate [line:73] INFO Receive new models from clients [18, 11, 6, 13, 1, 7, 4, 16, 2] at time 1876
2025-04-25 03:18:35,710 asyncbase.py iterate [line:73] INFO Receive new models from clients [12, 3, 9, 17, 0, 14, 15, 5, 10] at time 1877
2025-04-25 03:18:35,763 fedbase.py run [line:318] INFO --------------Round 122--------------
2025-04-25 03:18:35,763 simple_logger.py log_once [line:14] INFO Current_time:1877
2025-04-25 03:18:37,771 simple_logger.py log_once [line:28] INFO test_accuracy                 0.9890
2025-04-25 03:18:37,771 simple_logger.py log_once [line:28] INFO test_loss                     0.0484
2025-04-25 03:18:37,771 simple_logger.py log_once [line:28] INFO val_accuracy                  0.9883
2025-04-25 03:18:37,771 simple_logger.py log_once [line:28] INFO mean_val_accuracy             0.9883
2025-04-25 03:18:37,771 simple_logger.py log_once [line:28] INFO std_val_accuracy              0.0050
2025-04-25 03:18:37,771 simple_logger.py log_once [line:28] INFO val_loss                      0.0641
2025-04-25 03:18:37,771 simple_logger.py log_once [line:28] INFO mean_val_loss                 0.0641
2025-04-25 03:18:37,771 simple_logger.py log_once [line:28] INFO std_val_loss                  0.0383
2025-04-25 03:18:37,771 fedbase.py run [line:323] INFO expense           27787510.0
2025-04-25 03:18:37,771 fedbase.py run [line:324] INFO Eval Time Cost:               2.0080s
2025-04-25 03:18:37,771 asyncbase.py iterate [line:68] INFO Select clients [0, 1, 2, 3, 4, 5, 6, 7, 8, 9, 10, 11, 12, 13, 14, 15, 16, 17, 18, 19] at time 1878.
2025-04-25 03:18:49,183 asyncbase.py iterate [line:73] INFO Receive new models from clients [2, 12, 3, 14, 17, 19] at time 1890
2025-04-25 03:18:49,183 asyncbase.py iterate [line:73] INFO Receive new models from clients [0, 5, 13, 16, 4, 9] at time 1891
2025-04-25 03:18:49,183 asyncbase.py iterate [line:73] INFO Receive new models from clients [6, 7, 11, 15, 1, 8] at time 1892
2025-04-25 03:18:49,183 asyncbase.py iterate [line:73] INFO Receive new models from clients [10, 18] at time 1893
2025-04-25 03:18:49,237 fedbase.py run [line:318] INFO --------------Round 123--------------
2025-04-25 03:18:49,237 simple_logger.py log_once [line:14] INFO Current_time:1893
2025-04-25 03:18:51,276 simple_logger.py log_once [line:28] INFO test_accuracy                 0.9894
2025-04-25 03:18:51,277 simple_logger.py log_once [line:28] INFO test_loss                     0.0475
2025-04-25 03:18:51,277 simple_logger.py log_once [line:28] INFO val_accuracy                  0.9882
2025-04-25 03:18:51,277 simple_logger.py log_once [line:28] INFO mean_val_accuracy             0.9882
2025-04-25 03:18:51,277 simple_logger.py log_once [line:28] INFO std_val_accuracy              0.0055
2025-04-25 03:18:51,277 simple_logger.py log_once [line:28] INFO val_loss                      0.0640
2025-04-25 03:18:51,277 simple_logger.py log_once [line:28] INFO mean_val_loss                 0.0640
2025-04-25 03:18:51,277 simple_logger.py log_once [line:28] INFO std_val_loss                  0.0389
2025-04-25 03:18:51,277 fedbase.py run [line:323] INFO expense           27811350.0
2025-04-25 03:18:51,277 fedbase.py run [line:324] INFO Eval Time Cost:               2.0398s
2025-04-25 03:18:51,277 asyncbase.py iterate [line:68] INFO Select clients [0, 1, 2, 3, 4, 5, 6, 7, 8, 9, 10, 11, 12, 13, 14, 15, 16, 17, 18, 19] at time 1894.
2025-04-25 03:19:02,333 asyncbase.py iterate [line:73] INFO Receive new models from clients [5] at time 1906
2025-04-25 03:19:02,333 asyncbase.py iterate [line:73] INFO Receive new models from clients [19, 4, 8, 9, 17, 7, 13, 2, 10, 18] at time 1907
2025-04-25 03:19:02,334 asyncbase.py iterate [line:73] INFO Receive new models from clients [11, 16, 3, 1, 15, 12, 6] at time 1908
2025-04-25 03:19:02,334 asyncbase.py iterate [line:73] INFO Receive new models from clients [0, 14] at time 1909
2025-04-25 03:19:02,386 fedbase.py run [line:318] INFO --------------Round 124--------------
2025-04-25 03:19:02,386 simple_logger.py log_once [line:14] INFO Current_time:1909
2025-04-25 03:19:04,393 simple_logger.py log_once [line:28] INFO test_accuracy                 0.9892
2025-04-25 03:19:04,393 simple_logger.py log_once [line:28] INFO test_loss                     0.0489
2025-04-25 03:19:04,393 simple_logger.py log_once [line:28] INFO val_accuracy                  0.9882
2025-04-25 03:19:04,393 simple_logger.py log_once [line:28] INFO mean_val_accuracy             0.9882
2025-04-25 03:19:04,393 simple_logger.py log_once [line:28] INFO std_val_accuracy              0.0053
2025-04-25 03:19:04,393 simple_logger.py log_once [line:28] INFO val_loss                      0.0647
2025-04-25 03:19:04,393 simple_logger.py log_once [line:28] INFO mean_val_loss                 0.0647
2025-04-25 03:19:04,393 simple_logger.py log_once [line:28] INFO std_val_loss                  0.0380
2025-04-25 03:19:04,393 fedbase.py run [line:323] INFO expense           27835190.0
2025-04-25 03:19:04,393 fedbase.py run [line:324] INFO Eval Time Cost:               2.0069s
2025-04-25 03:19:04,393 asyncbase.py iterate [line:68] INFO Select clients [0, 1, 2, 3, 4, 5, 6, 7, 8, 9, 10, 11, 12, 13, 14, 15, 16, 17, 18, 19] at time 1910.
2025-04-25 03:19:16,263 asyncbase.py iterate [line:73] INFO Receive new models from clients [12, 16, 2] at time 1922
2025-04-25 03:19:16,263 asyncbase.py iterate [line:73] INFO Receive new models from clients [15, 6, 4, 13, 3, 10, 0, 5] at time 1923
2025-04-25 03:19:16,263 asyncbase.py iterate [line:73] INFO Receive new models from clients [19, 14, 1, 17, 8, 18, 9] at time 1924
2025-04-25 03:19:16,264 asyncbase.py iterate [line:73] INFO Receive new models from clients [11, 7] at time 1925
2025-04-25 03:19:16,317 fedbase.py run [line:318] INFO --------------Round 125--------------
2025-04-25 03:19:16,317 simple_logger.py log_once [line:14] INFO Current_time:1925
2025-04-25 03:19:18,333 simple_logger.py log_once [line:28] INFO test_accuracy                 0.9889
2025-04-25 03:19:18,334 simple_logger.py log_once [line:28] INFO test_loss                     0.0489
2025-04-25 03:19:18,334 simple_logger.py log_once [line:28] INFO val_accuracy                  0.9878
2025-04-25 03:19:18,334 simple_logger.py log_once [line:28] INFO mean_val_accuracy             0.9878
2025-04-25 03:19:18,334 simple_logger.py log_once [line:28] INFO std_val_accuracy              0.0063
2025-04-25 03:19:18,334 simple_logger.py log_once [line:28] INFO val_loss                      0.0640
2025-04-25 03:19:18,334 simple_logger.py log_once [line:28] INFO mean_val_loss                 0.0640
2025-04-25 03:19:18,334 simple_logger.py log_once [line:28] INFO std_val_loss                  0.0390
2025-04-25 03:19:18,334 fedbase.py run [line:323] INFO expense           27859030.0
2025-04-25 03:19:18,334 fedbase.py run [line:324] INFO Eval Time Cost:               2.0168s
2025-04-25 03:19:18,334 asyncbase.py iterate [line:68] INFO Select clients [0, 1, 2, 3, 4, 5, 6, 7, 8, 9, 10, 11, 12, 13, 14, 15, 16, 17, 18, 19] at time 1926.
2025-04-25 03:19:30,141 asyncbase.py iterate [line:73] INFO Receive new models from clients [19, 12] at time 1938
2025-04-25 03:19:30,142 asyncbase.py iterate [line:73] INFO Receive new models from clients [9, 18, 6, 14, 7, 15, 2, 17] at time 1939
2025-04-25 03:19:30,142 asyncbase.py iterate [line:73] INFO Receive new models from clients [16, 0, 8, 5, 11, 3, 1, 4, 13] at time 1940
2025-04-25 03:19:30,142 asyncbase.py iterate [line:73] INFO Receive new models from clients [10] at time 1941
2025-04-25 03:19:30,222 fedbase.py run [line:318] INFO --------------Round 126--------------
2025-04-25 03:19:30,222 simple_logger.py log_once [line:14] INFO Current_time:1941
2025-04-25 03:19:33,123 simple_logger.py log_once [line:28] INFO test_accuracy                 0.9886
2025-04-25 03:19:33,123 simple_logger.py log_once [line:28] INFO test_loss                     0.0491
2025-04-25 03:19:33,123 simple_logger.py log_once [line:28] INFO val_accuracy                  0.9882
2025-04-25 03:19:33,123 simple_logger.py log_once [line:28] INFO mean_val_accuracy             0.9882
2025-04-25 03:19:33,123 simple_logger.py log_once [line:28] INFO std_val_accuracy              0.0065
2025-04-25 03:19:33,123 simple_logger.py log_once [line:28] INFO val_loss                      0.0643
2025-04-25 03:19:33,123 simple_logger.py log_once [line:28] INFO mean_val_loss                 0.0643
2025-04-25 03:19:33,123 simple_logger.py log_once [line:28] INFO std_val_loss                  0.0390
2025-04-25 03:19:33,123 fedbase.py run [line:323] INFO expense           27882870.0
2025-04-25 03:19:33,123 fedbase.py run [line:324] INFO Eval Time Cost:               2.9015s
2025-04-25 03:19:33,124 asyncbase.py iterate [line:68] INFO Select clients [0, 1, 2, 3, 4, 5, 6, 7, 8, 9, 10, 11, 12, 13, 14, 15, 16, 17, 18, 19] at time 1942.
2025-04-25 03:19:45,011 asyncbase.py iterate [line:73] INFO Receive new models from clients [19, 4, 16, 2, 11, 18] at time 1954
2025-04-25 03:19:45,011 asyncbase.py iterate [line:73] INFO Receive new models from clients [13, 3, 17, 15, 10, 1] at time 1955
2025-04-25 03:19:45,011 asyncbase.py iterate [line:73] INFO Receive new models from clients [12, 0, 14, 7, 8, 5, 9] at time 1956
2025-04-25 03:19:45,012 asyncbase.py iterate [line:73] INFO Receive new models from clients [6] at time 1957
2025-04-25 03:19:45,090 fedbase.py run [line:318] INFO --------------Round 127--------------
2025-04-25 03:19:45,090 simple_logger.py log_once [line:14] INFO Current_time:1957
2025-04-25 03:19:47,611 simple_logger.py log_once [line:28] INFO test_accuracy                 0.9889
2025-04-25 03:19:47,611 simple_logger.py log_once [line:28] INFO test_loss                     0.0485
2025-04-25 03:19:47,611 simple_logger.py log_once [line:28] INFO val_accuracy                  0.9880
2025-04-25 03:19:47,611 simple_logger.py log_once [line:28] INFO mean_val_accuracy             0.9880
2025-04-25 03:19:47,611 simple_logger.py log_once [line:28] INFO std_val_accuracy              0.0062
2025-04-25 03:19:47,611 simple_logger.py log_once [line:28] INFO val_loss                      0.0658
2025-04-25 03:19:47,612 simple_logger.py log_once [line:28] INFO mean_val_loss                 0.0658
2025-04-25 03:19:47,612 simple_logger.py log_once [line:28] INFO std_val_loss                  0.0399
2025-04-25 03:19:47,612 fedbase.py run [line:323] INFO expense           27906710.0
2025-04-25 03:19:47,612 fedbase.py run [line:324] INFO Eval Time Cost:               2.5217s
2025-04-25 03:19:47,612 asyncbase.py iterate [line:68] INFO Select clients [0, 1, 2, 3, 4, 5, 6, 7, 8, 9, 10, 11, 12, 13, 14, 15, 16, 17, 18, 19] at time 1958.
2025-04-25 03:19:59,389 asyncbase.py iterate [line:73] INFO Receive new models from clients [2, 14, 10] at time 1970
2025-04-25 03:19:59,390 asyncbase.py iterate [line:73] INFO Receive new models from clients [0, 17, 16, 18, 15, 4] at time 1971
2025-04-25 03:19:59,390 asyncbase.py iterate [line:73] INFO Receive new models from clients [19, 9, 13, 8, 6, 3, 7, 11] at time 1972
2025-04-25 03:19:59,390 asyncbase.py iterate [line:73] INFO Receive new models from clients [5, 12, 1] at time 1973
2025-04-25 03:19:59,443 fedbase.py run [line:318] INFO --------------Round 128--------------
2025-04-25 03:19:59,443 simple_logger.py log_once [line:14] INFO Current_time:1973
2025-04-25 03:20:01,455 simple_logger.py log_once [line:28] INFO test_accuracy                 0.9894
2025-04-25 03:20:01,455 simple_logger.py log_once [line:28] INFO test_loss                     0.0486
2025-04-25 03:20:01,455 simple_logger.py log_once [line:28] INFO val_accuracy                  0.9885
2025-04-25 03:20:01,455 simple_logger.py log_once [line:28] INFO mean_val_accuracy             0.9885
2025-04-25 03:20:01,455 simple_logger.py log_once [line:28] INFO std_val_accuracy              0.0062
2025-04-25 03:20:01,455 simple_logger.py log_once [line:28] INFO val_loss                      0.0658
2025-04-25 03:20:01,455 simple_logger.py log_once [line:28] INFO mean_val_loss                 0.0658
2025-04-25 03:20:01,455 simple_logger.py log_once [line:28] INFO std_val_loss                  0.0395
2025-04-25 03:20:01,455 fedbase.py run [line:323] INFO expense           27930550.0
2025-04-25 03:20:01,456 fedbase.py run [line:324] INFO Eval Time Cost:               2.0126s
2025-04-25 03:20:01,456 asyncbase.py iterate [line:68] INFO Select clients [0, 1, 2, 3, 4, 5, 6, 7, 8, 9, 10, 11, 12, 13, 14, 15, 16, 17, 18, 19] at time 1974.
2025-04-25 03:20:13,397 asyncbase.py iterate [line:73] INFO Receive new models from clients [1] at time 1986
2025-04-25 03:20:13,398 asyncbase.py iterate [line:73] INFO Receive new models from clients [5, 14, 0, 18, 8, 10, 7, 2, 19] at time 1987
2025-04-25 03:20:13,398 asyncbase.py iterate [line:73] INFO Receive new models from clients [3, 12, 15, 17, 13, 4, 16] at time 1988
2025-04-25 03:20:13,398 asyncbase.py iterate [line:73] INFO Receive new models from clients [6, 9, 11] at time 1989
2025-04-25 03:20:13,454 fedbase.py run [line:318] INFO --------------Round 129--------------
2025-04-25 03:20:13,454 simple_logger.py log_once [line:14] INFO Current_time:1989
2025-04-25 03:20:15,582 simple_logger.py log_once [line:28] INFO test_accuracy                 0.9893
2025-04-25 03:20:15,582 simple_logger.py log_once [line:28] INFO test_loss                     0.0487
2025-04-25 03:20:15,582 simple_logger.py log_once [line:28] INFO val_accuracy                  0.9873
2025-04-25 03:20:15,582 simple_logger.py log_once [line:28] INFO mean_val_accuracy             0.9873
2025-04-25 03:20:15,582 simple_logger.py log_once [line:28] INFO std_val_accuracy              0.0063
2025-04-25 03:20:15,582 simple_logger.py log_once [line:28] INFO val_loss                      0.0659
2025-04-25 03:20:15,582 simple_logger.py log_once [line:28] INFO mean_val_loss                 0.0659
2025-04-25 03:20:15,583 simple_logger.py log_once [line:28] INFO std_val_loss                  0.0393
2025-04-25 03:20:15,583 fedbase.py run [line:323] INFO expense           27954390.0
2025-04-25 03:20:15,583 fedbase.py run [line:324] INFO Eval Time Cost:               2.1284s
2025-04-25 03:20:15,583 asyncbase.py iterate [line:68] INFO Select clients [0, 1, 2, 3, 4, 5, 6, 7, 8, 9, 10, 11, 12, 13, 14, 15, 16, 17, 18, 19] at time 1990.
2025-04-25 03:20:27,088 asyncbase.py iterate [line:73] INFO Receive new models from clients [6] at time 2002
2025-04-25 03:20:27,089 asyncbase.py iterate [line:73] INFO Receive new models from clients [3, 14, 19, 15, 2, 9, 17, 1, 16, 4, 18, 11] at time 2003
2025-04-25 03:20:27,089 asyncbase.py iterate [line:73] INFO Receive new models from clients [0, 5, 10, 7] at time 2004
2025-04-25 03:20:27,089 asyncbase.py iterate [line:73] INFO Receive new models from clients [13, 8, 12] at time 2005
2025-04-25 03:20:27,143 fedbase.py run [line:318] INFO --------------Round 130--------------
2025-04-25 03:20:27,143 simple_logger.py log_once [line:14] INFO Current_time:2005
2025-04-25 03:20:29,176 simple_logger.py log_once [line:28] INFO test_accuracy                 0.9890
2025-04-25 03:20:29,176 simple_logger.py log_once [line:28] INFO test_loss                     0.0490
2025-04-25 03:20:29,176 simple_logger.py log_once [line:28] INFO val_accuracy                  0.9872
2025-04-25 03:20:29,176 simple_logger.py log_once [line:28] INFO mean_val_accuracy             0.9872
2025-04-25 03:20:29,176 simple_logger.py log_once [line:28] INFO std_val_accuracy              0.0059
2025-04-25 03:20:29,176 simple_logger.py log_once [line:28] INFO val_loss                      0.0660
2025-04-25 03:20:29,176 simple_logger.py log_once [line:28] INFO mean_val_loss                 0.0660
2025-04-25 03:20:29,176 simple_logger.py log_once [line:28] INFO std_val_loss                  0.0383
2025-04-25 03:20:29,176 fedbase.py run [line:323] INFO expense           27978230.0
2025-04-25 03:20:29,176 fedbase.py run [line:324] INFO Eval Time Cost:               2.0328s
2025-04-25 03:20:29,176 asyncbase.py iterate [line:68] INFO Select clients [0, 1, 2, 3, 4, 5, 6, 7, 8, 9, 10, 11, 12, 13, 14, 15, 16, 17, 18, 19] at time 2006.
2025-04-25 03:20:40,842 asyncbase.py iterate [line:73] INFO Receive new models from clients [13, 16, 2] at time 2018
2025-04-25 03:20:40,843 asyncbase.py iterate [line:73] INFO Receive new models from clients [4, 11, 3, 5, 18, 19, 0, 1, 6, 9, 12, 7] at time 2019
2025-04-25 03:20:40,843 asyncbase.py iterate [line:73] INFO Receive new models from clients [17, 8, 15, 10] at time 2020
2025-04-25 03:20:40,843 asyncbase.py iterate [line:73] INFO Receive new models from clients [14] at time 2021
2025-04-25 03:20:40,897 fedbase.py run [line:318] INFO --------------Round 131--------------
2025-04-25 03:20:40,897 simple_logger.py log_once [line:14] INFO Current_time:2021
2025-04-25 03:20:42,912 simple_logger.py log_once [line:28] INFO test_accuracy                 0.9889
2025-04-25 03:20:42,912 simple_logger.py log_once [line:28] INFO test_loss                     0.0492
2025-04-25 03:20:42,912 simple_logger.py log_once [line:28] INFO val_accuracy                  0.9875
2025-04-25 03:20:42,912 simple_logger.py log_once [line:28] INFO mean_val_accuracy             0.9875
2025-04-25 03:20:42,912 simple_logger.py log_once [line:28] INFO std_val_accuracy              0.0061
2025-04-25 03:20:42,912 simple_logger.py log_once [line:28] INFO val_loss                      0.0649
2025-04-25 03:20:42,912 simple_logger.py log_once [line:28] INFO mean_val_loss                 0.0649
2025-04-25 03:20:42,913 simple_logger.py log_once [line:28] INFO std_val_loss                  0.0394
2025-04-25 03:20:42,913 fedbase.py run [line:323] INFO expense           28002070.0
2025-04-25 03:20:42,913 fedbase.py run [line:324] INFO Eval Time Cost:               2.0153s
2025-04-25 03:20:42,913 asyncbase.py iterate [line:68] INFO Select clients [0, 1, 2, 3, 4, 5, 6, 7, 8, 9, 10, 11, 12, 13, 14, 15, 16, 17, 18, 19] at time 2022.
2025-04-25 03:20:54,787 asyncbase.py iterate [line:73] INFO Receive new models from clients [16, 7, 19, 10] at time 2034
2025-04-25 03:20:54,788 asyncbase.py iterate [line:73] INFO Receive new models from clients [6, 1, 15, 0, 11, 9, 8, 17, 18, 4, 5] at time 2035
2025-04-25 03:20:54,788 asyncbase.py iterate [line:73] INFO Receive new models from clients [13, 2, 3, 12] at time 2036
2025-04-25 03:20:54,788 asyncbase.py iterate [line:73] INFO Receive new models from clients [14] at time 2037
2025-04-25 03:20:54,841 fedbase.py run [line:318] INFO --------------Round 132--------------
2025-04-25 03:20:54,841 simple_logger.py log_once [line:14] INFO Current_time:2037
2025-04-25 03:20:56,847 simple_logger.py log_once [line:28] INFO test_accuracy                 0.9890
2025-04-25 03:20:56,848 simple_logger.py log_once [line:28] INFO test_loss                     0.0496
2025-04-25 03:20:56,848 simple_logger.py log_once [line:28] INFO val_accuracy                  0.9892
2025-04-25 03:20:56,848 simple_logger.py log_once [line:28] INFO mean_val_accuracy             0.9892
2025-04-25 03:20:56,848 simple_logger.py log_once [line:28] INFO std_val_accuracy              0.0050
2025-04-25 03:20:56,848 simple_logger.py log_once [line:28] INFO val_loss                      0.0659
2025-04-25 03:20:56,848 simple_logger.py log_once [line:28] INFO mean_val_loss                 0.0659
2025-04-25 03:20:56,848 simple_logger.py log_once [line:28] INFO std_val_loss                  0.0399
2025-04-25 03:20:56,848 fedbase.py run [line:323] INFO expense           28025910.0
2025-04-25 03:20:56,848 fedbase.py run [line:324] INFO Eval Time Cost:               2.0067s
2025-04-25 03:20:56,848 asyncbase.py iterate [line:68] INFO Select clients [0, 1, 2, 3, 4, 5, 6, 7, 8, 9, 10, 11, 12, 13, 14, 15, 16, 17, 18, 19] at time 2038.
2025-04-25 03:21:08,953 asyncbase.py iterate [line:73] INFO Receive new models from clients [18] at time 2050
2025-04-25 03:21:08,953 asyncbase.py iterate [line:73] INFO Receive new models from clients [3, 0, 2, 15, 8, 5, 9, 16] at time 2051
2025-04-25 03:21:08,954 asyncbase.py iterate [line:73] INFO Receive new models from clients [7, 6, 19, 14, 4, 13, 12, 1, 11, 10] at time 2052
2025-04-25 03:21:08,954 asyncbase.py iterate [line:73] INFO Receive new models from clients [17] at time 2053
2025-04-25 03:21:09,006 fedbase.py run [line:318] INFO --------------Round 133--------------
2025-04-25 03:21:09,006 simple_logger.py log_once [line:14] INFO Current_time:2053
2025-04-25 03:21:11,031 simple_logger.py log_once [line:28] INFO test_accuracy                 0.9891
2025-04-25 03:21:11,031 simple_logger.py log_once [line:28] INFO test_loss                     0.0500
2025-04-25 03:21:11,031 simple_logger.py log_once [line:28] INFO val_accuracy                  0.9882
2025-04-25 03:21:11,031 simple_logger.py log_once [line:28] INFO mean_val_accuracy             0.9882
2025-04-25 03:21:11,031 simple_logger.py log_once [line:28] INFO std_val_accuracy              0.0060
2025-04-25 03:21:11,031 simple_logger.py log_once [line:28] INFO val_loss                      0.0670
2025-04-25 03:21:11,031 simple_logger.py log_once [line:28] INFO mean_val_loss                 0.0670
2025-04-25 03:21:11,031 simple_logger.py log_once [line:28] INFO std_val_loss                  0.0406
2025-04-25 03:21:11,031 fedbase.py run [line:323] INFO expense           28049750.0
2025-04-25 03:21:11,031 fedbase.py run [line:324] INFO Eval Time Cost:               2.0251s
2025-04-25 03:21:11,031 asyncbase.py iterate [line:68] INFO Select clients [0, 1, 2, 3, 4, 5, 6, 7, 8, 9, 10, 11, 12, 13, 14, 15, 16, 17, 18, 19] at time 2054.
2025-04-25 03:21:22,856 asyncbase.py iterate [line:73] INFO Receive new models from clients [17, 10, 15, 3, 16, 1, 2, 8] at time 2067
2025-04-25 03:21:22,856 asyncbase.py iterate [line:73] INFO Receive new models from clients [14, 12, 11, 4, 7, 0, 18, 19, 9, 5, 13] at time 2068
2025-04-25 03:21:22,856 asyncbase.py iterate [line:73] INFO Receive new models from clients [6] at time 2069
2025-04-25 03:21:22,934 fedbase.py run [line:318] INFO --------------Round 134--------------
2025-04-25 03:21:22,935 simple_logger.py log_once [line:14] INFO Current_time:2069
2025-04-25 03:21:25,120 simple_logger.py log_once [line:28] INFO test_accuracy                 0.9889
2025-04-25 03:21:25,120 simple_logger.py log_once [line:28] INFO test_loss                     0.0501
2025-04-25 03:21:25,120 simple_logger.py log_once [line:28] INFO val_accuracy                  0.9885
2025-04-25 03:21:25,120 simple_logger.py log_once [line:28] INFO mean_val_accuracy             0.9885
2025-04-25 03:21:25,120 simple_logger.py log_once [line:28] INFO std_val_accuracy              0.0061
2025-04-25 03:21:25,121 simple_logger.py log_once [line:28] INFO val_loss                      0.0663
2025-04-25 03:21:25,121 simple_logger.py log_once [line:28] INFO mean_val_loss                 0.0663
2025-04-25 03:21:25,121 simple_logger.py log_once [line:28] INFO std_val_loss                  0.0417
2025-04-25 03:21:25,121 fedbase.py run [line:323] INFO expense           28073590.0
2025-04-25 03:21:25,121 fedbase.py run [line:324] INFO Eval Time Cost:               2.1862s
2025-04-25 03:21:25,121 asyncbase.py iterate [line:68] INFO Select clients [0, 1, 2, 3, 4, 5, 6, 7, 8, 9, 10, 11, 12, 13, 14, 15, 16, 17, 18, 19] at time 2070.
2025-04-25 03:21:37,046 asyncbase.py iterate [line:73] INFO Receive new models from clients [12, 18] at time 2082
2025-04-25 03:21:37,046 asyncbase.py iterate [line:73] INFO Receive new models from clients [16, 7, 1, 8, 19, 15, 17, 11] at time 2083
2025-04-25 03:21:37,046 asyncbase.py iterate [line:73] INFO Receive new models from clients [2, 4, 13, 0, 10, 6, 9, 5] at time 2084
2025-04-25 03:21:37,047 asyncbase.py iterate [line:73] INFO Receive new models from clients [3, 14] at time 2085
2025-04-25 03:21:37,098 fedbase.py run [line:318] INFO --------------Round 135--------------
2025-04-25 03:21:37,099 simple_logger.py log_once [line:14] INFO Current_time:2085
2025-04-25 03:21:39,113 simple_logger.py log_once [line:28] INFO test_accuracy                 0.9894
2025-04-25 03:21:39,113 simple_logger.py log_once [line:28] INFO test_loss                     0.0491
2025-04-25 03:21:39,113 simple_logger.py log_once [line:28] INFO val_accuracy                  0.9885
2025-04-25 03:21:39,113 simple_logger.py log_once [line:28] INFO mean_val_accuracy             0.9885
2025-04-25 03:21:39,113 simple_logger.py log_once [line:28] INFO std_val_accuracy              0.0057
2025-04-25 03:21:39,113 simple_logger.py log_once [line:28] INFO val_loss                      0.0670
2025-04-25 03:21:39,113 simple_logger.py log_once [line:28] INFO mean_val_loss                 0.0670
2025-04-25 03:21:39,113 simple_logger.py log_once [line:28] INFO std_val_loss                  0.0384
2025-04-25 03:21:39,114 fedbase.py run [line:323] INFO expense           28097430.0
2025-04-25 03:21:39,114 fedbase.py run [line:324] INFO Eval Time Cost:               2.0150s
2025-04-25 03:21:39,114 asyncbase.py iterate [line:68] INFO Select clients [0, 1, 2, 3, 4, 5, 6, 7, 8, 9, 10, 11, 12, 13, 14, 15, 16, 17, 18, 19] at time 2086.
2025-04-25 03:21:51,073 asyncbase.py iterate [line:73] INFO Receive new models from clients [11] at time 2098
2025-04-25 03:21:51,073 asyncbase.py iterate [line:73] INFO Receive new models from clients [10, 18, 19, 13, 1] at time 2099
2025-04-25 03:21:51,074 asyncbase.py iterate [line:73] INFO Receive new models from clients [0, 4, 5, 2, 15, 6, 17, 8, 16, 14, 7, 3] at time 2100
2025-04-25 03:21:51,074 asyncbase.py iterate [line:73] INFO Receive new models from clients [9, 12] at time 2101
2025-04-25 03:21:51,127 fedbase.py run [line:318] INFO --------------Round 136--------------
2025-04-25 03:21:51,128 simple_logger.py log_once [line:14] INFO Current_time:2101
2025-04-25 03:21:53,134 simple_logger.py log_once [line:28] INFO test_accuracy                 0.9892
2025-04-25 03:21:53,134 simple_logger.py log_once [line:28] INFO test_loss                     0.0504
2025-04-25 03:21:53,134 simple_logger.py log_once [line:28] INFO val_accuracy                  0.9875
2025-04-25 03:21:53,134 simple_logger.py log_once [line:28] INFO mean_val_accuracy             0.9875
2025-04-25 03:21:53,134 simple_logger.py log_once [line:28] INFO std_val_accuracy              0.0060
2025-04-25 03:21:53,134 simple_logger.py log_once [line:28] INFO val_loss                      0.0665
2025-04-25 03:21:53,134 simple_logger.py log_once [line:28] INFO mean_val_loss                 0.0665
2025-04-25 03:21:53,134 simple_logger.py log_once [line:28] INFO std_val_loss                  0.0387
2025-04-25 03:21:53,134 fedbase.py run [line:323] INFO expense           28121270.0
2025-04-25 03:21:53,134 fedbase.py run [line:324] INFO Eval Time Cost:               2.0066s
2025-04-25 03:21:53,134 asyncbase.py iterate [line:68] INFO Select clients [0, 1, 2, 3, 4, 5, 6, 7, 8, 9, 10, 11, 12, 13, 14, 15, 16, 17, 18, 19] at time 2102.
2025-04-25 03:22:04,986 asyncbase.py iterate [line:73] INFO Receive new models from clients [2, 11, 13, 7] at time 2114
2025-04-25 03:22:04,986 asyncbase.py iterate [line:73] INFO Receive new models from clients [4, 14, 18, 10, 16, 9, 12, 8, 5, 0] at time 2115
2025-04-25 03:22:04,986 asyncbase.py iterate [line:73] INFO Receive new models from clients [17, 1, 15, 6] at time 2116
2025-04-25 03:22:04,986 asyncbase.py iterate [line:73] INFO Receive new models from clients [3, 19] at time 2117
2025-04-25 03:22:05,040 fedbase.py run [line:318] INFO --------------Round 137--------------
2025-04-25 03:22:05,040 simple_logger.py log_once [line:14] INFO Current_time:2117
2025-04-25 03:22:07,090 simple_logger.py log_once [line:28] INFO test_accuracy                 0.9889
2025-04-25 03:22:07,090 simple_logger.py log_once [line:28] INFO test_loss                     0.0502
2025-04-25 03:22:07,090 simple_logger.py log_once [line:28] INFO val_accuracy                  0.9883
2025-04-25 03:22:07,090 simple_logger.py log_once [line:28] INFO mean_val_accuracy             0.9883
2025-04-25 03:22:07,090 simple_logger.py log_once [line:28] INFO std_val_accuracy              0.0058
2025-04-25 03:22:07,090 simple_logger.py log_once [line:28] INFO val_loss                      0.0676
2025-04-25 03:22:07,091 simple_logger.py log_once [line:28] INFO mean_val_loss                 0.0676
2025-04-25 03:22:07,091 simple_logger.py log_once [line:28] INFO std_val_loss                  0.0403
2025-04-25 03:22:07,091 fedbase.py run [line:323] INFO expense           28145110.0
2025-04-25 03:22:07,091 fedbase.py run [line:324] INFO Eval Time Cost:               2.0506s
2025-04-25 03:22:07,091 asyncbase.py iterate [line:68] INFO Select clients [0, 1, 2, 3, 4, 5, 6, 7, 8, 9, 10, 11, 12, 13, 14, 15, 16, 17, 18, 19] at time 2118.
2025-04-25 03:22:18,259 asyncbase.py iterate [line:73] INFO Receive new models from clients [6] at time 2130
2025-04-25 03:22:18,259 asyncbase.py iterate [line:73] INFO Receive new models from clients [13, 10, 1, 7, 5, 8, 3, 17, 12] at time 2131
2025-04-25 03:22:18,260 asyncbase.py iterate [line:73] INFO Receive new models from clients [11, 0, 18, 2, 9, 4, 19, 16] at time 2132
2025-04-25 03:22:18,260 asyncbase.py iterate [line:73] INFO Receive new models from clients [15, 14] at time 2133
2025-04-25 03:22:18,312 fedbase.py run [line:318] INFO --------------Round 138--------------
2025-04-25 03:22:18,313 simple_logger.py log_once [line:14] INFO Current_time:2133
2025-04-25 03:22:20,344 simple_logger.py log_once [line:28] INFO test_accuracy                 0.9889
2025-04-25 03:22:20,344 simple_logger.py log_once [line:28] INFO test_loss                     0.0500
2025-04-25 03:22:20,344 simple_logger.py log_once [line:28] INFO val_accuracy                  0.9882
2025-04-25 03:22:20,344 simple_logger.py log_once [line:28] INFO mean_val_accuracy             0.9882
2025-04-25 03:22:20,344 simple_logger.py log_once [line:28] INFO std_val_accuracy              0.0060
2025-04-25 03:22:20,344 simple_logger.py log_once [line:28] INFO val_loss                      0.0669
2025-04-25 03:22:20,344 simple_logger.py log_once [line:28] INFO mean_val_loss                 0.0669
2025-04-25 03:22:20,344 simple_logger.py log_once [line:28] INFO std_val_loss                  0.0387
2025-04-25 03:22:20,345 fedbase.py run [line:323] INFO expense           28168950.0
2025-04-25 03:22:20,345 fedbase.py run [line:324] INFO Eval Time Cost:               2.0319s
2025-04-25 03:22:20,345 asyncbase.py iterate [line:68] INFO Select clients [0, 1, 2, 3, 4, 5, 6, 7, 8, 9, 10, 11, 12, 13, 14, 15, 16, 17, 18, 19] at time 2134.
2025-04-25 03:22:31,756 asyncbase.py iterate [line:73] INFO Receive new models from clients [7, 17] at time 2146
2025-04-25 03:22:31,757 asyncbase.py iterate [line:73] INFO Receive new models from clients [8, 13, 10, 5, 0, 18, 12, 3, 19] at time 2147
2025-04-25 03:22:31,757 asyncbase.py iterate [line:73] INFO Receive new models from clients [16, 2, 11, 14, 15, 1, 9, 4] at time 2148
2025-04-25 03:22:31,758 asyncbase.py iterate [line:73] INFO Receive new models from clients [6] at time 2149
2025-04-25 03:22:31,836 fedbase.py run [line:318] INFO --------------Round 139--------------
2025-04-25 03:22:31,836 simple_logger.py log_once [line:14] INFO Current_time:2149
2025-04-25 03:22:34,043 simple_logger.py log_once [line:28] INFO test_accuracy                 0.9887
2025-04-25 03:22:34,043 simple_logger.py log_once [line:28] INFO test_loss                     0.0499
2025-04-25 03:22:34,043 simple_logger.py log_once [line:28] INFO val_accuracy                  0.9878
2025-04-25 03:22:34,043 simple_logger.py log_once [line:28] INFO mean_val_accuracy             0.9878
2025-04-25 03:22:34,044 simple_logger.py log_once [line:28] INFO std_val_accuracy              0.0055
2025-04-25 03:22:34,044 simple_logger.py log_once [line:28] INFO val_loss                      0.0669
2025-04-25 03:22:34,044 simple_logger.py log_once [line:28] INFO mean_val_loss                 0.0669
2025-04-25 03:22:34,044 simple_logger.py log_once [line:28] INFO std_val_loss                  0.0392
2025-04-25 03:22:34,044 fedbase.py run [line:323] INFO expense           28192790.0
2025-04-25 03:22:34,044 fedbase.py run [line:324] INFO Eval Time Cost:               2.2081s
2025-04-25 03:22:34,044 asyncbase.py iterate [line:68] INFO Select clients [0, 1, 2, 3, 4, 5, 6, 7, 8, 9, 10, 11, 12, 13, 14, 15, 16, 17, 18, 19] at time 2150.
2025-04-25 03:22:45,087 asyncbase.py iterate [line:73] INFO Receive new models from clients [9, 8, 6] at time 2162
2025-04-25 03:22:45,088 asyncbase.py iterate [line:73] INFO Receive new models from clients [3, 11, 4, 2, 7, 1, 5, 0, 10] at time 2163
2025-04-25 03:22:45,088 asyncbase.py iterate [line:73] INFO Receive new models from clients [14, 18, 19, 13, 12, 16, 15, 17] at time 2164
2025-04-25 03:22:45,140 fedbase.py run [line:318] INFO --------------Round 140--------------
2025-04-25 03:22:45,140 simple_logger.py log_once [line:14] INFO Current_time:2164
2025-04-25 03:22:47,268 simple_logger.py log_once [line:28] INFO test_accuracy                 0.9889
2025-04-25 03:22:47,268 simple_logger.py log_once [line:28] INFO test_loss                     0.0507
2025-04-25 03:22:47,268 simple_logger.py log_once [line:28] INFO val_accuracy                  0.9885
2025-04-25 03:22:47,268 simple_logger.py log_once [line:28] INFO mean_val_accuracy             0.9885
2025-04-25 03:22:47,268 simple_logger.py log_once [line:28] INFO std_val_accuracy              0.0057
2025-04-25 03:22:47,268 simple_logger.py log_once [line:28] INFO val_loss                      0.0664
2025-04-25 03:22:47,268 simple_logger.py log_once [line:28] INFO mean_val_loss                 0.0664
2025-04-25 03:22:47,268 simple_logger.py log_once [line:28] INFO std_val_loss                  0.0391
2025-04-25 03:22:47,268 fedbase.py run [line:323] INFO expense           28216630.0
2025-04-25 03:22:47,268 fedbase.py run [line:324] INFO Eval Time Cost:               2.1279s
2025-04-25 03:22:47,268 asyncbase.py iterate [line:68] INFO Select clients [0, 1, 2, 3, 4, 5, 6, 7, 8, 9, 10, 11, 12, 13, 14, 15, 16, 17, 18, 19] at time 2165.
2025-04-25 03:22:58,497 asyncbase.py iterate [line:73] INFO Receive new models from clients [17, 13] at time 2177
2025-04-25 03:22:58,497 asyncbase.py iterate [line:73] INFO Receive new models from clients [1, 5, 2, 15, 9, 11, 18] at time 2178
2025-04-25 03:22:58,498 asyncbase.py iterate [line:73] INFO Receive new models from clients [8, 4, 10, 16, 14, 0, 7, 6, 19] at time 2179
2025-04-25 03:22:58,498 asyncbase.py iterate [line:73] INFO Receive new models from clients [12, 3] at time 2180
2025-04-25 03:22:58,551 fedbase.py run [line:318] INFO --------------Round 141--------------
2025-04-25 03:22:58,551 simple_logger.py log_once [line:14] INFO Current_time:2180
2025-04-25 03:23:00,589 simple_logger.py log_once [line:28] INFO test_accuracy                 0.9891
2025-04-25 03:23:00,590 simple_logger.py log_once [line:28] INFO test_loss                     0.0508
2025-04-25 03:23:00,590 simple_logger.py log_once [line:28] INFO val_accuracy                  0.9883
2025-04-25 03:23:00,590 simple_logger.py log_once [line:28] INFO mean_val_accuracy             0.9883
2025-04-25 03:23:00,590 simple_logger.py log_once [line:28] INFO std_val_accuracy              0.0056
2025-04-25 03:23:00,590 simple_logger.py log_once [line:28] INFO val_loss                      0.0654
2025-04-25 03:23:00,590 simple_logger.py log_once [line:28] INFO mean_val_loss                 0.0654
2025-04-25 03:23:00,590 simple_logger.py log_once [line:28] INFO std_val_loss                  0.0398
2025-04-25 03:23:00,590 fedbase.py run [line:323] INFO expense           28240470.0
2025-04-25 03:23:00,590 fedbase.py run [line:324] INFO Eval Time Cost:               2.0393s
2025-04-25 03:23:00,590 asyncbase.py iterate [line:68] INFO Select clients [0, 1, 2, 3, 4, 5, 6, 7, 8, 9, 10, 11, 12, 13, 14, 15, 16, 17, 18, 19] at time 2181.
2025-04-25 03:23:11,740 asyncbase.py iterate [line:73] INFO Receive new models from clients [8, 15, 1, 11, 12] at time 2193
2025-04-25 03:23:11,740 asyncbase.py iterate [line:73] INFO Receive new models from clients [13, 3, 2, 5, 0] at time 2194
2025-04-25 03:23:11,741 asyncbase.py iterate [line:73] INFO Receive new models from clients [6, 9, 7, 18, 14, 10, 17, 19] at time 2195
2025-04-25 03:23:11,741 asyncbase.py iterate [line:73] INFO Receive new models from clients [16, 4] at time 2196
2025-04-25 03:23:11,794 fedbase.py run [line:318] INFO --------------Round 142--------------
2025-04-25 03:23:11,794 simple_logger.py log_once [line:14] INFO Current_time:2196
2025-04-25 03:23:13,808 simple_logger.py log_once [line:28] INFO test_accuracy                 0.9889
2025-04-25 03:23:13,808 simple_logger.py log_once [line:28] INFO test_loss                     0.0503
2025-04-25 03:23:13,808 simple_logger.py log_once [line:28] INFO val_accuracy                  0.9885
2025-04-25 03:23:13,808 simple_logger.py log_once [line:28] INFO mean_val_accuracy             0.9885
2025-04-25 03:23:13,808 simple_logger.py log_once [line:28] INFO std_val_accuracy              0.0053
2025-04-25 03:23:13,808 simple_logger.py log_once [line:28] INFO val_loss                      0.0663
2025-04-25 03:23:13,808 simple_logger.py log_once [line:28] INFO mean_val_loss                 0.0663
2025-04-25 03:23:13,808 simple_logger.py log_once [line:28] INFO std_val_loss                  0.0414
2025-04-25 03:23:13,808 fedbase.py run [line:323] INFO expense           28264310.0
2025-04-25 03:23:13,808 fedbase.py run [line:324] INFO Eval Time Cost:               2.0145s
2025-04-25 03:23:13,808 asyncbase.py iterate [line:68] INFO Select clients [0, 1, 2, 3, 4, 5, 6, 7, 8, 9, 10, 11, 12, 13, 14, 15, 16, 17, 18, 19] at time 2197.
2025-04-25 03:23:25,291 asyncbase.py iterate [line:73] INFO Receive new models from clients [5] at time 2209
2025-04-25 03:23:25,292 asyncbase.py iterate [line:73] INFO Receive new models from clients [2, 10, 4, 8, 3, 19, 7, 16, 1] at time 2210
2025-04-25 03:23:25,292 asyncbase.py iterate [line:73] INFO Receive new models from clients [9, 15, 11, 13, 0, 17, 6, 18] at time 2211
2025-04-25 03:23:25,292 asyncbase.py iterate [line:73] INFO Receive new models from clients [14, 12] at time 2212
2025-04-25 03:23:25,346 fedbase.py run [line:318] INFO --------------Round 143--------------
2025-04-25 03:23:25,347 simple_logger.py log_once [line:14] INFO Current_time:2212
2025-04-25 03:23:27,386 simple_logger.py log_once [line:28] INFO test_accuracy                 0.9897
2025-04-25 03:23:27,386 simple_logger.py log_once [line:28] INFO test_loss                     0.0504
2025-04-25 03:23:27,386 simple_logger.py log_once [line:28] INFO val_accuracy                  0.9878
2025-04-25 03:23:27,386 simple_logger.py log_once [line:28] INFO mean_val_accuracy             0.9878
2025-04-25 03:23:27,386 simple_logger.py log_once [line:28] INFO std_val_accuracy              0.0055
2025-04-25 03:23:27,386 simple_logger.py log_once [line:28] INFO val_loss                      0.0671
2025-04-25 03:23:27,386 simple_logger.py log_once [line:28] INFO mean_val_loss                 0.0671
2025-04-25 03:23:27,386 simple_logger.py log_once [line:28] INFO std_val_loss                  0.0416
2025-04-25 03:23:27,386 fedbase.py run [line:323] INFO expense           28288150.0
2025-04-25 03:23:27,386 fedbase.py run [line:324] INFO Eval Time Cost:               2.0399s
2025-04-25 03:23:27,387 asyncbase.py iterate [line:68] INFO Select clients [0, 1, 2, 3, 4, 5, 6, 7, 8, 9, 10, 11, 12, 13, 14, 15, 16, 17, 18, 19] at time 2213.
2025-04-25 03:23:38,634 asyncbase.py iterate [line:73] INFO Receive new models from clients [6, 18, 16, 19] at time 2225
2025-04-25 03:23:38,635 asyncbase.py iterate [line:73] INFO Receive new models from clients [12, 7, 11, 8, 17, 13] at time 2226
2025-04-25 03:23:38,635 asyncbase.py iterate [line:73] INFO Receive new models from clients [2, 0, 5, 14, 1, 15, 9, 10] at time 2227
2025-04-25 03:23:38,635 asyncbase.py iterate [line:73] INFO Receive new models from clients [3, 4] at time 2228
2025-04-25 03:23:38,690 fedbase.py run [line:318] INFO --------------Round 144--------------
2025-04-25 03:23:38,690 simple_logger.py log_once [line:14] INFO Current_time:2228
2025-04-25 03:23:40,715 simple_logger.py log_once [line:28] INFO test_accuracy                 0.9884
2025-04-25 03:23:40,715 simple_logger.py log_once [line:28] INFO test_loss                     0.0507
2025-04-25 03:23:40,715 simple_logger.py log_once [line:28] INFO val_accuracy                  0.9875
2025-04-25 03:23:40,715 simple_logger.py log_once [line:28] INFO mean_val_accuracy             0.9875
2025-04-25 03:23:40,715 simple_logger.py log_once [line:28] INFO std_val_accuracy              0.0056
2025-04-25 03:23:40,715 simple_logger.py log_once [line:28] INFO val_loss                      0.0674
2025-04-25 03:23:40,715 simple_logger.py log_once [line:28] INFO mean_val_loss                 0.0674
2025-04-25 03:23:40,715 simple_logger.py log_once [line:28] INFO std_val_loss                  0.0399
2025-04-25 03:23:40,715 fedbase.py run [line:323] INFO expense           28311990.0
2025-04-25 03:23:40,715 fedbase.py run [line:324] INFO Eval Time Cost:               2.0256s
2025-04-25 03:23:40,715 asyncbase.py iterate [line:68] INFO Select clients [0, 1, 2, 3, 4, 5, 6, 7, 8, 9, 10, 11, 12, 13, 14, 15, 16, 17, 18, 19] at time 2229.
2025-04-25 03:23:52,123 asyncbase.py iterate [line:73] INFO Receive new models from clients [0] at time 2241
2025-04-25 03:23:52,123 asyncbase.py iterate [line:73] INFO Receive new models from clients [13, 2, 17, 9, 15, 6, 18, 14] at time 2242
2025-04-25 03:23:52,123 asyncbase.py iterate [line:73] INFO Receive new models from clients [12, 19, 3, 4, 5, 7, 8, 11, 1, 16] at time 2243
2025-04-25 03:23:52,124 asyncbase.py iterate [line:73] INFO Receive new models from clients [10] at time 2244
2025-04-25 03:23:52,177 fedbase.py run [line:318] INFO --------------Round 145--------------
2025-04-25 03:23:52,177 simple_logger.py log_once [line:14] INFO Current_time:2244
2025-04-25 03:23:54,204 simple_logger.py log_once [line:28] INFO test_accuracy                 0.9887
2025-04-25 03:23:54,204 simple_logger.py log_once [line:28] INFO test_loss                     0.0507
2025-04-25 03:23:54,204 simple_logger.py log_once [line:28] INFO val_accuracy                  0.9878
2025-04-25 03:23:54,204 simple_logger.py log_once [line:28] INFO mean_val_accuracy             0.9878
2025-04-25 03:23:54,204 simple_logger.py log_once [line:28] INFO std_val_accuracy              0.0057
2025-04-25 03:23:54,204 simple_logger.py log_once [line:28] INFO val_loss                      0.0672
2025-04-25 03:23:54,205 simple_logger.py log_once [line:28] INFO mean_val_loss                 0.0672
2025-04-25 03:23:54,205 simple_logger.py log_once [line:28] INFO std_val_loss                  0.0410
2025-04-25 03:23:54,205 fedbase.py run [line:323] INFO expense           28335830.0
2025-04-25 03:23:54,205 fedbase.py run [line:324] INFO Eval Time Cost:               2.0277s
2025-04-25 03:23:54,205 asyncbase.py iterate [line:68] INFO Select clients [0, 1, 2, 3, 4, 5, 6, 7, 8, 9, 10, 11, 12, 13, 14, 15, 16, 17, 18, 19] at time 2245.
2025-04-25 03:24:05,375 asyncbase.py iterate [line:73] INFO Receive new models from clients [12, 18, 13] at time 2257
2025-04-25 03:24:05,375 asyncbase.py iterate [line:73] INFO Receive new models from clients [3, 5, 2, 1, 4, 15] at time 2258
2025-04-25 03:24:05,375 asyncbase.py iterate [line:73] INFO Receive new models from clients [16, 9, 11, 8, 0, 17, 14, 6, 7, 10] at time 2259
2025-04-25 03:24:05,376 asyncbase.py iterate [line:73] INFO Receive new models from clients [19] at time 2260
2025-04-25 03:24:05,431 fedbase.py run [line:318] INFO --------------Round 146--------------
2025-04-25 03:24:05,431 simple_logger.py log_once [line:14] INFO Current_time:2260
2025-04-25 03:24:07,450 simple_logger.py log_once [line:28] INFO test_accuracy                 0.9888
2025-04-25 03:24:07,450 simple_logger.py log_once [line:28] INFO test_loss                     0.0502
2025-04-25 03:24:07,450 simple_logger.py log_once [line:28] INFO val_accuracy                  0.9870
2025-04-25 03:24:07,450 simple_logger.py log_once [line:28] INFO mean_val_accuracy             0.9870
2025-04-25 03:24:07,450 simple_logger.py log_once [line:28] INFO std_val_accuracy              0.0066
2025-04-25 03:24:07,450 simple_logger.py log_once [line:28] INFO val_loss                      0.0665
2025-04-25 03:24:07,450 simple_logger.py log_once [line:28] INFO mean_val_loss                 0.0665
2025-04-25 03:24:07,450 simple_logger.py log_once [line:28] INFO std_val_loss                  0.0388
2025-04-25 03:24:07,450 fedbase.py run [line:323] INFO expense           28359670.0
2025-04-25 03:24:07,450 fedbase.py run [line:324] INFO Eval Time Cost:               2.0194s
2025-04-25 03:24:07,450 asyncbase.py iterate [line:68] INFO Select clients [0, 1, 2, 3, 4, 5, 6, 7, 8, 9, 10, 11, 12, 13, 14, 15, 16, 17, 18, 19] at time 2261.
2025-04-25 03:24:18,610 asyncbase.py iterate [line:73] INFO Receive new models from clients [11, 13] at time 2273
2025-04-25 03:24:18,611 asyncbase.py iterate [line:73] INFO Receive new models from clients [17, 16, 3, 1, 15, 9, 7, 0, 6, 4] at time 2274
2025-04-25 03:24:18,611 asyncbase.py iterate [line:73] INFO Receive new models from clients [8, 18, 12, 5, 14, 2, 19] at time 2275
2025-04-25 03:24:18,611 asyncbase.py iterate [line:73] INFO Receive new models from clients [10] at time 2276
2025-04-25 03:24:18,689 fedbase.py run [line:318] INFO --------------Round 147--------------
2025-04-25 03:24:18,690 simple_logger.py log_once [line:14] INFO Current_time:2276
2025-04-25 03:24:21,668 simple_logger.py log_once [line:28] INFO test_accuracy                 0.9895
2025-04-25 03:24:21,668 simple_logger.py log_once [line:28] INFO test_loss                     0.0505
2025-04-25 03:24:21,668 simple_logger.py log_once [line:28] INFO val_accuracy                  0.9872
2025-04-25 03:24:21,668 simple_logger.py log_once [line:28] INFO mean_val_accuracy             0.9872
2025-04-25 03:24:21,668 simple_logger.py log_once [line:28] INFO std_val_accuracy              0.0057
2025-04-25 03:24:21,668 simple_logger.py log_once [line:28] INFO val_loss                      0.0664
2025-04-25 03:24:21,668 simple_logger.py log_once [line:28] INFO mean_val_loss                 0.0664
2025-04-25 03:24:21,668 simple_logger.py log_once [line:28] INFO std_val_loss                  0.0394
2025-04-25 03:24:21,669 fedbase.py run [line:323] INFO expense           28383510.0
2025-04-25 03:24:21,669 fedbase.py run [line:324] INFO Eval Time Cost:               2.9790s
2025-04-25 03:24:21,669 asyncbase.py iterate [line:68] INFO Select clients [0, 1, 2, 3, 4, 5, 6, 7, 8, 9, 10, 11, 12, 13, 14, 15, 16, 17, 18, 19] at time 2277.
2025-04-25 03:24:33,387 asyncbase.py iterate [line:73] INFO Receive new models from clients [6, 7] at time 2289
2025-04-25 03:24:33,388 asyncbase.py iterate [line:73] INFO Receive new models from clients [2, 0, 1, 3, 5, 19, 4, 13] at time 2290
2025-04-25 03:24:33,388 asyncbase.py iterate [line:73] INFO Receive new models from clients [16, 11, 9, 18, 12] at time 2291
2025-04-25 03:24:33,388 asyncbase.py iterate [line:73] INFO Receive new models from clients [17, 8, 15, 10, 14] at time 2292
2025-04-25 03:24:33,443 fedbase.py run [line:318] INFO --------------Round 148--------------
2025-04-25 03:24:33,443 simple_logger.py log_once [line:14] INFO Current_time:2292
2025-04-25 03:24:35,448 simple_logger.py log_once [line:28] INFO test_accuracy                 0.9890
2025-04-25 03:24:35,448 simple_logger.py log_once [line:28] INFO test_loss                     0.0495
2025-04-25 03:24:35,448 simple_logger.py log_once [line:28] INFO val_accuracy                  0.9882
2025-04-25 03:24:35,448 simple_logger.py log_once [line:28] INFO mean_val_accuracy             0.9882
2025-04-25 03:24:35,448 simple_logger.py log_once [line:28] INFO std_val_accuracy              0.0057
2025-04-25 03:24:35,448 simple_logger.py log_once [line:28] INFO val_loss                      0.0672
2025-04-25 03:24:35,448 simple_logger.py log_once [line:28] INFO mean_val_loss                 0.0672
2025-04-25 03:24:35,448 simple_logger.py log_once [line:28] INFO std_val_loss                  0.0395
2025-04-25 03:24:35,448 fedbase.py run [line:323] INFO expense           28407350.0
2025-04-25 03:24:35,448 fedbase.py run [line:324] INFO Eval Time Cost:               2.0048s
2025-04-25 03:24:35,448 asyncbase.py iterate [line:68] INFO Select clients [0, 1, 2, 3, 4, 5, 6, 7, 8, 9, 10, 11, 12, 13, 14, 15, 16, 17, 18, 19] at time 2293.
2025-04-25 03:24:46,725 asyncbase.py iterate [line:73] INFO Receive new models from clients [10, 19, 16, 18] at time 2305
2025-04-25 03:24:46,726 asyncbase.py iterate [line:73] INFO Receive new models from clients [11, 7, 1, 8, 6, 14, 4, 13, 3] at time 2306
2025-04-25 03:24:46,726 asyncbase.py iterate [line:73] INFO Receive new models from clients [15, 12, 17, 5, 2] at time 2307
2025-04-25 03:24:46,726 asyncbase.py iterate [line:73] INFO Receive new models from clients [0, 9] at time 2308
2025-04-25 03:24:46,779 fedbase.py run [line:318] INFO --------------Round 149--------------
2025-04-25 03:24:46,779 simple_logger.py log_once [line:14] INFO Current_time:2308
2025-04-25 03:24:48,788 simple_logger.py log_once [line:28] INFO test_accuracy                 0.9892
2025-04-25 03:24:48,789 simple_logger.py log_once [line:28] INFO test_loss                     0.0513
2025-04-25 03:24:48,789 simple_logger.py log_once [line:28] INFO val_accuracy                  0.9877
2025-04-25 03:24:48,789 simple_logger.py log_once [line:28] INFO mean_val_accuracy             0.9877
2025-04-25 03:24:48,789 simple_logger.py log_once [line:28] INFO std_val_accuracy              0.0062
2025-04-25 03:24:48,789 simple_logger.py log_once [line:28] INFO val_loss                      0.0676
2025-04-25 03:24:48,789 simple_logger.py log_once [line:28] INFO mean_val_loss                 0.0676
2025-04-25 03:24:48,789 simple_logger.py log_once [line:28] INFO std_val_loss                  0.0401
2025-04-25 03:24:48,789 fedbase.py run [line:323] INFO expense           28431190.0
2025-04-25 03:24:48,789 fedbase.py run [line:324] INFO Eval Time Cost:               2.0098s
2025-04-25 03:24:48,789 asyncbase.py iterate [line:68] INFO Select clients [0, 1, 2, 3, 4, 5, 6, 7, 8, 9, 10, 11, 12, 13, 14, 15, 16, 17, 18, 19] at time 2309.
2025-04-25 03:25:00,590 asyncbase.py iterate [line:73] INFO Receive new models from clients [7, 17] at time 2321
2025-04-25 03:25:00,590 asyncbase.py iterate [line:73] INFO Receive new models from clients [14, 2, 6, 8, 1, 18, 19, 16, 5, 12] at time 2322
2025-04-25 03:25:00,590 asyncbase.py iterate [line:73] INFO Receive new models from clients [4, 3, 10, 0, 9, 13] at time 2323
2025-04-25 03:25:00,591 asyncbase.py iterate [line:73] INFO Receive new models from clients [11, 15] at time 2324
2025-04-25 03:25:00,644 fedbase.py run [line:318] INFO --------------Round 150--------------
2025-04-25 03:25:00,644 simple_logger.py log_once [line:14] INFO Current_time:2324
2025-04-25 03:25:02,649 simple_logger.py log_once [line:28] INFO test_accuracy                 0.9895
2025-04-25 03:25:02,649 simple_logger.py log_once [line:28] INFO test_loss                     0.0504
2025-04-25 03:25:02,649 simple_logger.py log_once [line:28] INFO val_accuracy                  0.9875
2025-04-25 03:25:02,649 simple_logger.py log_once [line:28] INFO mean_val_accuracy             0.9875
2025-04-25 03:25:02,649 simple_logger.py log_once [line:28] INFO std_val_accuracy              0.0059
2025-04-25 03:25:02,649 simple_logger.py log_once [line:28] INFO val_loss                      0.0676
2025-04-25 03:25:02,649 simple_logger.py log_once [line:28] INFO mean_val_loss                 0.0676
2025-04-25 03:25:02,649 simple_logger.py log_once [line:28] INFO std_val_loss                  0.0382
2025-04-25 03:25:02,649 fedbase.py run [line:323] INFO expense           28455030.0
2025-04-25 03:25:02,650 fedbase.py run [line:324] INFO Eval Time Cost:               2.0055s
2025-04-25 03:25:02,650 asyncbase.py iterate [line:68] INFO Select clients [0, 1, 2, 3, 4, 5, 6, 7, 8, 9, 10, 11, 12, 13, 14, 15, 16, 17, 18, 19] at time 2325.
2025-04-25 03:25:13,863 asyncbase.py iterate [line:73] INFO Receive new models from clients [9, 7, 2] at time 2337
2025-04-25 03:25:13,863 asyncbase.py iterate [line:73] INFO Receive new models from clients [19, 3, 16, 10, 17, 13, 15, 18, 11, 4, 1] at time 2338
2025-04-25 03:25:13,863 asyncbase.py iterate [line:73] INFO Receive new models from clients [0, 5, 8, 6, 14, 12] at time 2339
2025-04-25 03:25:13,916 fedbase.py run [line:318] INFO --------------Round 151--------------
2025-04-25 03:25:13,917 simple_logger.py log_once [line:14] INFO Current_time:2339
2025-04-25 03:25:16,026 simple_logger.py log_once [line:28] INFO test_accuracy                 0.9895
2025-04-25 03:25:16,026 simple_logger.py log_once [line:28] INFO test_loss                     0.0508
2025-04-25 03:25:16,026 simple_logger.py log_once [line:28] INFO val_accuracy                  0.9873
2025-04-25 03:25:16,026 simple_logger.py log_once [line:28] INFO mean_val_accuracy             0.9873
2025-04-25 03:25:16,026 simple_logger.py log_once [line:28] INFO std_val_accuracy              0.0061
2025-04-25 03:25:16,026 simple_logger.py log_once [line:28] INFO val_loss                      0.0677
2025-04-25 03:25:16,026 simple_logger.py log_once [line:28] INFO mean_val_loss                 0.0677
2025-04-25 03:25:16,026 simple_logger.py log_once [line:28] INFO std_val_loss                  0.0391
2025-04-25 03:25:16,026 fedbase.py run [line:323] INFO expense           28478870.0
2025-04-25 03:25:16,026 fedbase.py run [line:324] INFO Eval Time Cost:               2.1099s
2025-04-25 03:25:16,027 asyncbase.py iterate [line:68] INFO Select clients [0, 1, 2, 3, 4, 5, 6, 7, 8, 9, 10, 11, 12, 13, 14, 15, 16, 17, 18, 19] at time 2340.
2025-04-25 03:25:27,777 asyncbase.py iterate [line:73] INFO Receive new models from clients [4, 12] at time 2352
2025-04-25 03:25:27,777 asyncbase.py iterate [line:73] INFO Receive new models from clients [10, 5, 13, 16, 14, 6, 15, 18] at time 2353
2025-04-25 03:25:27,778 asyncbase.py iterate [line:73] INFO Receive new models from clients [11, 9, 7, 2, 1, 3] at time 2354
2025-04-25 03:25:27,778 asyncbase.py iterate [line:73] INFO Receive new models from clients [8, 19, 17, 0] at time 2355
2025-04-25 03:25:27,831 fedbase.py run [line:318] INFO --------------Round 152--------------
2025-04-25 03:25:27,831 simple_logger.py log_once [line:14] INFO Current_time:2355
2025-04-25 03:25:29,836 simple_logger.py log_once [line:28] INFO test_accuracy                 0.9889
2025-04-25 03:25:29,836 simple_logger.py log_once [line:28] INFO test_loss                     0.0514
2025-04-25 03:25:29,836 simple_logger.py log_once [line:28] INFO val_accuracy                  0.9880
2025-04-25 03:25:29,836 simple_logger.py log_once [line:28] INFO mean_val_accuracy             0.9880
2025-04-25 03:25:29,836 simple_logger.py log_once [line:28] INFO std_val_accuracy              0.0062
2025-04-25 03:25:29,836 simple_logger.py log_once [line:28] INFO val_loss                      0.0679
2025-04-25 03:25:29,836 simple_logger.py log_once [line:28] INFO mean_val_loss                 0.0679
2025-04-25 03:25:29,836 simple_logger.py log_once [line:28] INFO std_val_loss                  0.0398
2025-04-25 03:25:29,836 fedbase.py run [line:323] INFO expense           28502710.0
2025-04-25 03:25:29,836 fedbase.py run [line:324] INFO Eval Time Cost:               2.0054s
2025-04-25 03:25:29,836 asyncbase.py iterate [line:68] INFO Select clients [0, 1, 2, 3, 4, 5, 6, 7, 8, 9, 10, 11, 12, 13, 14, 15, 16, 17, 18, 19] at time 2356.
2025-04-25 03:25:41,309 asyncbase.py iterate [line:73] INFO Receive new models from clients [16] at time 2368
2025-04-25 03:25:41,309 asyncbase.py iterate [line:73] INFO Receive new models from clients [15, 3, 9, 12, 14, 17, 18, 8] at time 2369
2025-04-25 03:25:41,310 asyncbase.py iterate [line:73] INFO Receive new models from clients [5, 6, 11, 4, 7, 2, 0, 1, 19, 10, 13] at time 2370
2025-04-25 03:25:41,363 fedbase.py run [line:318] INFO --------------Round 153--------------
2025-04-25 03:25:41,363 simple_logger.py log_once [line:14] INFO Current_time:2370
2025-04-25 03:25:43,364 simple_logger.py log_once [line:28] INFO test_accuracy                 0.9895
2025-04-25 03:25:43,364 simple_logger.py log_once [line:28] INFO test_loss                     0.0501
2025-04-25 03:25:43,364 simple_logger.py log_once [line:28] INFO val_accuracy                  0.9872
2025-04-25 03:25:43,364 simple_logger.py log_once [line:28] INFO mean_val_accuracy             0.9872
2025-04-25 03:25:43,364 simple_logger.py log_once [line:28] INFO std_val_accuracy              0.0068
2025-04-25 03:25:43,364 simple_logger.py log_once [line:28] INFO val_loss                      0.0694
2025-04-25 03:25:43,364 simple_logger.py log_once [line:28] INFO mean_val_loss                 0.0694
2025-04-25 03:25:43,364 simple_logger.py log_once [line:28] INFO std_val_loss                  0.0398
2025-04-25 03:25:43,364 fedbase.py run [line:323] INFO expense           28526550.0
2025-04-25 03:25:43,364 fedbase.py run [line:324] INFO Eval Time Cost:               2.0016s
2025-04-25 03:25:43,364 asyncbase.py iterate [line:68] INFO Select clients [0, 1, 2, 3, 4, 5, 6, 7, 8, 9, 10, 11, 12, 13, 14, 15, 16, 17, 18, 19] at time 2371.
2025-04-25 03:25:54,645 asyncbase.py iterate [line:73] INFO Receive new models from clients [0] at time 2383
2025-04-25 03:25:54,646 asyncbase.py iterate [line:73] INFO Receive new models from clients [16, 11, 4, 1, 18, 12, 2, 10] at time 2384
2025-04-25 03:25:54,646 asyncbase.py iterate [line:73] INFO Receive new models from clients [13, 3, 14, 9, 17, 15, 8, 5, 7, 6] at time 2385
2025-04-25 03:25:54,646 asyncbase.py iterate [line:73] INFO Receive new models from clients [19] at time 2386
2025-04-25 03:25:54,699 fedbase.py run [line:318] INFO --------------Round 154--------------
2025-04-25 03:25:54,699 simple_logger.py log_once [line:14] INFO Current_time:2386
2025-04-25 03:25:56,718 simple_logger.py log_once [line:28] INFO test_accuracy                 0.9890
2025-04-25 03:25:56,718 simple_logger.py log_once [line:28] INFO test_loss                     0.0509
2025-04-25 03:25:56,718 simple_logger.py log_once [line:28] INFO val_accuracy                  0.9882
2025-04-25 03:25:56,718 simple_logger.py log_once [line:28] INFO mean_val_accuracy             0.9882
2025-04-25 03:25:56,718 simple_logger.py log_once [line:28] INFO std_val_accuracy              0.0064
2025-04-25 03:25:56,719 simple_logger.py log_once [line:28] INFO val_loss                      0.0690
2025-04-25 03:25:56,719 simple_logger.py log_once [line:28] INFO mean_val_loss                 0.0690
2025-04-25 03:25:56,719 simple_logger.py log_once [line:28] INFO std_val_loss                  0.0408
2025-04-25 03:25:56,719 fedbase.py run [line:323] INFO expense           28550390.0
2025-04-25 03:25:56,719 fedbase.py run [line:324] INFO Eval Time Cost:               2.0196s
2025-04-25 03:25:56,719 asyncbase.py iterate [line:68] INFO Select clients [0, 1, 2, 3, 4, 5, 6, 7, 8, 9, 10, 11, 12, 13, 14, 15, 16, 17, 18, 19] at time 2387.
2025-04-25 03:26:08,072 asyncbase.py iterate [line:73] INFO Receive new models from clients [4, 14, 13, 16, 5, 2] at time 2399
2025-04-25 03:26:08,072 asyncbase.py iterate [line:73] INFO Receive new models from clients [12, 19, 8, 15, 7, 11, 0] at time 2400
2025-04-25 03:26:08,072 asyncbase.py iterate [line:73] INFO Receive new models from clients [10, 3, 9, 6, 18, 17] at time 2401
2025-04-25 03:26:08,072 asyncbase.py iterate [line:73] INFO Receive new models from clients [1] at time 2402
2025-04-25 03:26:08,125 fedbase.py run [line:318] INFO --------------Round 155--------------
2025-04-25 03:26:08,126 simple_logger.py log_once [line:14] INFO Current_time:2402
2025-04-25 03:26:10,137 simple_logger.py log_once [line:28] INFO test_accuracy                 0.9883
2025-04-25 03:26:10,137 simple_logger.py log_once [line:28] INFO test_loss                     0.0515
2025-04-25 03:26:10,137 simple_logger.py log_once [line:28] INFO val_accuracy                  0.9875
2025-04-25 03:26:10,137 simple_logger.py log_once [line:28] INFO mean_val_accuracy             0.9875
2025-04-25 03:26:10,137 simple_logger.py log_once [line:28] INFO std_val_accuracy              0.0064
2025-04-25 03:26:10,137 simple_logger.py log_once [line:28] INFO val_loss                      0.0678
2025-04-25 03:26:10,137 simple_logger.py log_once [line:28] INFO mean_val_loss                 0.0678
2025-04-25 03:26:10,137 simple_logger.py log_once [line:28] INFO std_val_loss                  0.0394
2025-04-25 03:26:10,137 fedbase.py run [line:323] INFO expense           28574230.0
2025-04-25 03:26:10,137 fedbase.py run [line:324] INFO Eval Time Cost:               2.0117s
2025-04-25 03:26:10,137 asyncbase.py iterate [line:68] INFO Select clients [0, 1, 2, 3, 4, 5, 6, 7, 8, 9, 10, 11, 12, 13, 14, 15, 16, 17, 18, 19] at time 2403.
2025-04-25 03:26:21,599 asyncbase.py iterate [line:73] INFO Receive new models from clients [15] at time 2415
2025-04-25 03:26:21,599 asyncbase.py iterate [line:73] INFO Receive new models from clients [8, 2, 16, 19, 10, 4, 1, 5] at time 2416
2025-04-25 03:26:21,600 asyncbase.py iterate [line:73] INFO Receive new models from clients [18, 12, 3, 13, 17, 0, 14, 9, 7] at time 2417
2025-04-25 03:26:21,600 asyncbase.py iterate [line:73] INFO Receive new models from clients [11, 6] at time 2418
2025-04-25 03:26:21,660 fedbase.py run [line:318] INFO --------------Round 156--------------
2025-04-25 03:26:21,661 simple_logger.py log_once [line:14] INFO Current_time:2418
2025-04-25 03:26:23,662 simple_logger.py log_once [line:28] INFO test_accuracy                 0.9884
2025-04-25 03:26:23,662 simple_logger.py log_once [line:28] INFO test_loss                     0.0520
2025-04-25 03:26:23,662 simple_logger.py log_once [line:28] INFO val_accuracy                  0.9870
2025-04-25 03:26:23,662 simple_logger.py log_once [line:28] INFO mean_val_accuracy             0.9870
2025-04-25 03:26:23,662 simple_logger.py log_once [line:28] INFO std_val_accuracy              0.0063
2025-04-25 03:26:23,662 simple_logger.py log_once [line:28] INFO val_loss                      0.0673
2025-04-25 03:26:23,662 simple_logger.py log_once [line:28] INFO mean_val_loss                 0.0673
2025-04-25 03:26:23,663 simple_logger.py log_once [line:28] INFO std_val_loss                  0.0380
2025-04-25 03:26:23,663 fedbase.py run [line:323] INFO expense           28598070.0
2025-04-25 03:26:23,663 fedbase.py run [line:324] INFO Eval Time Cost:               2.0021s
2025-04-25 03:26:23,663 asyncbase.py iterate [line:68] INFO Select clients [0, 1, 2, 3, 4, 5, 6, 7, 8, 9, 10, 11, 12, 13, 14, 15, 16, 17, 18, 19] at time 2419.
2025-04-25 03:26:35,330 asyncbase.py iterate [line:73] INFO Receive new models from clients [14, 5] at time 2431
2025-04-25 03:26:35,330 asyncbase.py iterate [line:73] INFO Receive new models from clients [12, 19, 4, 9, 13, 8, 2] at time 2432
2025-04-25 03:26:35,330 asyncbase.py iterate [line:73] INFO Receive new models from clients [16, 17, 10, 15, 6, 18, 0, 3, 7, 11, 1] at time 2433
2025-04-25 03:26:35,386 fedbase.py run [line:318] INFO --------------Round 157--------------
2025-04-25 03:26:35,386 simple_logger.py log_once [line:14] INFO Current_time:2433
2025-04-25 03:26:37,412 simple_logger.py log_once [line:28] INFO test_accuracy                 0.9876
2025-04-25 03:26:37,412 simple_logger.py log_once [line:28] INFO test_loss                     0.0525
2025-04-25 03:26:37,413 simple_logger.py log_once [line:28] INFO val_accuracy                  0.9872
2025-04-25 03:26:37,413 simple_logger.py log_once [line:28] INFO mean_val_accuracy             0.9872
2025-04-25 03:26:37,413 simple_logger.py log_once [line:28] INFO std_val_accuracy              0.0062
2025-04-25 03:26:37,413 simple_logger.py log_once [line:28] INFO val_loss                      0.0690
2025-04-25 03:26:37,413 simple_logger.py log_once [line:28] INFO mean_val_loss                 0.0690
2025-04-25 03:26:37,413 simple_logger.py log_once [line:28] INFO std_val_loss                  0.0390
2025-04-25 03:26:37,413 fedbase.py run [line:323] INFO expense           28621910.0
2025-04-25 03:26:37,413 fedbase.py run [line:324] INFO Eval Time Cost:               2.0267s
2025-04-25 03:26:37,413 asyncbase.py iterate [line:68] INFO Select clients [0, 1, 2, 3, 4, 5, 6, 7, 8, 9, 10, 11, 12, 13, 14, 15, 16, 17, 18, 19] at time 2434.
2025-04-25 03:26:49,432 asyncbase.py iterate [line:73] INFO Receive new models from clients [2, 17] at time 2446
2025-04-25 03:26:49,433 asyncbase.py iterate [line:73] INFO Receive new models from clients [13, 6, 0, 11, 9, 7, 14, 15] at time 2447
2025-04-25 03:26:49,433 asyncbase.py iterate [line:73] INFO Receive new models from clients [5, 16, 3, 10, 19, 8, 12] at time 2448
2025-04-25 03:26:49,433 asyncbase.py iterate [line:73] INFO Receive new models from clients [4, 18, 1] at time 2449
2025-04-25 03:26:49,487 fedbase.py run [line:318] INFO --------------Round 158--------------
2025-04-25 03:26:49,487 simple_logger.py log_once [line:14] INFO Current_time:2449
2025-04-25 03:26:51,477 simple_logger.py log_once [line:28] INFO test_accuracy                 0.9888
2025-04-25 03:26:51,477 simple_logger.py log_once [line:28] INFO test_loss                     0.0514
2025-04-25 03:26:51,477 simple_logger.py log_once [line:28] INFO val_accuracy                  0.9875
2025-04-25 03:26:51,477 simple_logger.py log_once [line:28] INFO mean_val_accuracy             0.9875
2025-04-25 03:26:51,477 simple_logger.py log_once [line:28] INFO std_val_accuracy              0.0063
2025-04-25 03:26:51,477 simple_logger.py log_once [line:28] INFO val_loss                      0.0679
2025-04-25 03:26:51,477 simple_logger.py log_once [line:28] INFO mean_val_loss                 0.0679
2025-04-25 03:26:51,477 simple_logger.py log_once [line:28] INFO std_val_loss                  0.0377
2025-04-25 03:26:51,477 fedbase.py run [line:323] INFO expense           28645750.0
2025-04-25 03:26:51,477 fedbase.py run [line:324] INFO Eval Time Cost:               1.9904s
2025-04-25 03:26:51,477 asyncbase.py iterate [line:68] INFO Select clients [0, 1, 2, 3, 4, 5, 6, 7, 8, 9, 10, 11, 12, 13, 14, 15, 16, 17, 18, 19] at time 2450.
2025-04-25 03:27:03,173 asyncbase.py iterate [line:73] INFO Receive new models from clients [2, 17, 8] at time 2462
2025-04-25 03:27:03,174 asyncbase.py iterate [line:73] INFO Receive new models from clients [3, 15, 19, 9, 14, 0, 10] at time 2463
2025-04-25 03:27:03,174 asyncbase.py iterate [line:73] INFO Receive new models from clients [5, 6, 7, 4, 13, 18, 16, 11, 1, 12] at time 2464
2025-04-25 03:27:03,228 fedbase.py run [line:318] INFO --------------Round 159--------------
2025-04-25 03:27:03,228 simple_logger.py log_once [line:14] INFO Current_time:2464
2025-04-25 03:27:05,220 simple_logger.py log_once [line:28] INFO test_accuracy                 0.9887
2025-04-25 03:27:05,220 simple_logger.py log_once [line:28] INFO test_loss                     0.0524
2025-04-25 03:27:05,220 simple_logger.py log_once [line:28] INFO val_accuracy                  0.9880
2025-04-25 03:27:05,220 simple_logger.py log_once [line:28] INFO mean_val_accuracy             0.9880
2025-04-25 03:27:05,220 simple_logger.py log_once [line:28] INFO std_val_accuracy              0.0068
2025-04-25 03:27:05,221 simple_logger.py log_once [line:28] INFO val_loss                      0.0673
2025-04-25 03:27:05,221 simple_logger.py log_once [line:28] INFO mean_val_loss                 0.0673
2025-04-25 03:27:05,221 simple_logger.py log_once [line:28] INFO std_val_loss                  0.0370
2025-04-25 03:27:05,221 fedbase.py run [line:323] INFO expense           28669590.0
2025-04-25 03:27:05,221 fedbase.py run [line:324] INFO Eval Time Cost:               1.9923s
2025-04-25 03:27:05,221 asyncbase.py iterate [line:68] INFO Select clients [0, 1, 2, 3, 4, 5, 6, 7, 8, 9, 10, 11, 12, 13, 14, 15, 16, 17, 18, 19] at time 2465.
2025-04-25 03:27:16,846 asyncbase.py iterate [line:73] INFO Receive new models from clients [1, 0, 19] at time 2477
2025-04-25 03:27:16,846 asyncbase.py iterate [line:73] INFO Receive new models from clients [12, 10, 6, 7, 3, 13] at time 2478
2025-04-25 03:27:16,846 asyncbase.py iterate [line:73] INFO Receive new models from clients [2, 5, 18, 14, 17, 9, 8, 11, 16] at time 2479
2025-04-25 03:27:16,846 asyncbase.py iterate [line:73] INFO Receive new models from clients [4, 15] at time 2480
2025-04-25 03:27:16,900 fedbase.py run [line:318] INFO --------------Round 160--------------
2025-04-25 03:27:16,900 simple_logger.py log_once [line:14] INFO Current_time:2480
2025-04-25 03:27:18,909 simple_logger.py log_once [line:28] INFO test_accuracy                 0.9894
2025-04-25 03:27:18,909 simple_logger.py log_once [line:28] INFO test_loss                     0.0526
2025-04-25 03:27:18,909 simple_logger.py log_once [line:28] INFO val_accuracy                  0.9877
2025-04-25 03:27:18,909 simple_logger.py log_once [line:28] INFO mean_val_accuracy             0.9877
2025-04-25 03:27:18,909 simple_logger.py log_once [line:28] INFO std_val_accuracy              0.0065
2025-04-25 03:27:18,909 simple_logger.py log_once [line:28] INFO val_loss                      0.0680
2025-04-25 03:27:18,909 simple_logger.py log_once [line:28] INFO mean_val_loss                 0.0680
2025-04-25 03:27:18,909 simple_logger.py log_once [line:28] INFO std_val_loss                  0.0380
2025-04-25 03:27:18,909 fedbase.py run [line:323] INFO expense           28693430.0
2025-04-25 03:27:18,909 fedbase.py run [line:324] INFO Eval Time Cost:               2.0089s
2025-04-25 03:27:18,909 asyncbase.py iterate [line:68] INFO Select clients [0, 1, 2, 3, 4, 5, 6, 7, 8, 9, 10, 11, 12, 13, 14, 15, 16, 17, 18, 19] at time 2481.
2025-04-25 03:27:30,514 asyncbase.py iterate [line:73] INFO Receive new models from clients [6] at time 2493
2025-04-25 03:27:30,514 asyncbase.py iterate [line:73] INFO Receive new models from clients [0, 17, 10, 3, 12, 2, 4] at time 2494
2025-04-25 03:27:30,514 asyncbase.py iterate [line:73] INFO Receive new models from clients [16, 15, 18, 19, 7, 9, 14] at time 2495
2025-04-25 03:27:30,515 asyncbase.py iterate [line:73] INFO Receive new models from clients [13, 5, 8, 11, 1] at time 2496
2025-04-25 03:27:30,568 fedbase.py run [line:318] INFO --------------Round 161--------------
2025-04-25 03:27:30,568 simple_logger.py log_once [line:14] INFO Current_time:2496
2025-04-25 03:27:32,585 simple_logger.py log_once [line:28] INFO test_accuracy                 0.9886
2025-04-25 03:27:32,585 simple_logger.py log_once [line:28] INFO test_loss                     0.0518
2025-04-25 03:27:32,585 simple_logger.py log_once [line:28] INFO val_accuracy                  0.9880
2025-04-25 03:27:32,585 simple_logger.py log_once [line:28] INFO mean_val_accuracy             0.9880
2025-04-25 03:27:32,585 simple_logger.py log_once [line:28] INFO std_val_accuracy              0.0065
2025-04-25 03:27:32,585 simple_logger.py log_once [line:28] INFO val_loss                      0.0690
2025-04-25 03:27:32,585 simple_logger.py log_once [line:28] INFO mean_val_loss                 0.0690
2025-04-25 03:27:32,585 simple_logger.py log_once [line:28] INFO std_val_loss                  0.0382
2025-04-25 03:27:32,585 fedbase.py run [line:323] INFO expense           28717270.0
2025-04-25 03:27:32,585 fedbase.py run [line:324] INFO Eval Time Cost:               2.0173s
2025-04-25 03:27:32,585 asyncbase.py iterate [line:68] INFO Select clients [0, 1, 2, 3, 4, 5, 6, 7, 8, 9, 10, 11, 12, 13, 14, 15, 16, 17, 18, 19] at time 2497.
2025-04-25 03:27:44,244 asyncbase.py iterate [line:73] INFO Receive new models from clients [12] at time 2509
2025-04-25 03:27:44,244 asyncbase.py iterate [line:73] INFO Receive new models from clients [9, 10, 18, 11, 3, 15, 1, 13, 6] at time 2510
2025-04-25 03:27:44,245 asyncbase.py iterate [line:73] INFO Receive new models from clients [8, 14, 17, 0, 16, 5, 19] at time 2511
2025-04-25 03:27:44,245 asyncbase.py iterate [line:73] INFO Receive new models from clients [7, 4, 2] at time 2512
2025-04-25 03:27:44,298 fedbase.py run [line:318] INFO --------------Round 162--------------
2025-04-25 03:27:44,298 simple_logger.py log_once [line:14] INFO Current_time:2512
2025-04-25 03:27:46,400 simple_logger.py log_once [line:28] INFO test_accuracy                 0.9886
2025-04-25 03:27:46,400 simple_logger.py log_once [line:28] INFO test_loss                     0.0522
2025-04-25 03:27:46,400 simple_logger.py log_once [line:28] INFO val_accuracy                  0.9877
2025-04-25 03:27:46,400 simple_logger.py log_once [line:28] INFO mean_val_accuracy             0.9877
2025-04-25 03:27:46,400 simple_logger.py log_once [line:28] INFO std_val_accuracy              0.0066
2025-04-25 03:27:46,400 simple_logger.py log_once [line:28] INFO val_loss                      0.0689
2025-04-25 03:27:46,400 simple_logger.py log_once [line:28] INFO mean_val_loss                 0.0689
2025-04-25 03:27:46,400 simple_logger.py log_once [line:28] INFO std_val_loss                  0.0386
2025-04-25 03:27:46,401 fedbase.py run [line:323] INFO expense           28741110.0
2025-04-25 03:27:46,401 fedbase.py run [line:324] INFO Eval Time Cost:               2.1028s
2025-04-25 03:27:46,401 asyncbase.py iterate [line:68] INFO Select clients [0, 1, 2, 3, 4, 5, 6, 7, 8, 9, 10, 11, 12, 13, 14, 15, 16, 17, 18, 19] at time 2513.
2025-04-25 03:27:57,713 asyncbase.py iterate [line:73] INFO Receive new models from clients [17, 14, 8] at time 2525
2025-04-25 03:27:57,714 asyncbase.py iterate [line:73] INFO Receive new models from clients [0, 1, 10, 3, 2, 15] at time 2526
2025-04-25 03:27:57,714 asyncbase.py iterate [line:73] INFO Receive new models from clients [6, 9, 12, 16, 13, 18, 19] at time 2527
2025-04-25 03:27:57,714 asyncbase.py iterate [line:73] INFO Receive new models from clients [5, 7, 11, 4] at time 2528
2025-04-25 03:27:57,769 fedbase.py run [line:318] INFO --------------Round 163--------------
2025-04-25 03:27:57,769 simple_logger.py log_once [line:14] INFO Current_time:2528
2025-04-25 03:27:59,777 simple_logger.py log_once [line:28] INFO test_accuracy                 0.9886
2025-04-25 03:27:59,777 simple_logger.py log_once [line:28] INFO test_loss                     0.0524
2025-04-25 03:27:59,777 simple_logger.py log_once [line:28] INFO val_accuracy                  0.9872
2025-04-25 03:27:59,777 simple_logger.py log_once [line:28] INFO mean_val_accuracy             0.9872
2025-04-25 03:27:59,777 simple_logger.py log_once [line:28] INFO std_val_accuracy              0.0066
2025-04-25 03:27:59,778 simple_logger.py log_once [line:28] INFO val_loss                      0.0683
2025-04-25 03:27:59,778 simple_logger.py log_once [line:28] INFO mean_val_loss                 0.0683
2025-04-25 03:27:59,778 simple_logger.py log_once [line:28] INFO std_val_loss                  0.0381
2025-04-25 03:27:59,778 fedbase.py run [line:323] INFO expense           28764950.0
2025-04-25 03:27:59,778 fedbase.py run [line:324] INFO Eval Time Cost:               2.0084s
2025-04-25 03:27:59,778 asyncbase.py iterate [line:68] INFO Select clients [0, 1, 2, 3, 4, 5, 6, 7, 8, 9, 10, 11, 12, 13, 14, 15, 16, 17, 18, 19] at time 2529.
2025-04-25 03:28:11,157 asyncbase.py iterate [line:73] INFO Receive new models from clients [5] at time 2541
2025-04-25 03:28:11,158 asyncbase.py iterate [line:73] INFO Receive new models from clients [3, 17, 13, 18, 0, 8, 6, 11, 12, 15, 7] at time 2542
2025-04-25 03:28:11,158 asyncbase.py iterate [line:73] INFO Receive new models from clients [16, 10, 1, 2] at time 2543
2025-04-25 03:28:11,158 asyncbase.py iterate [line:73] INFO Receive new models from clients [14, 4, 9, 19] at time 2544
2025-04-25 03:28:11,211 fedbase.py run [line:318] INFO --------------Round 164--------------
2025-04-25 03:28:11,211 simple_logger.py log_once [line:14] INFO Current_time:2544
2025-04-25 03:28:13,221 simple_logger.py log_once [line:28] INFO test_accuracy                 0.9888
2025-04-25 03:28:13,221 simple_logger.py log_once [line:28] INFO test_loss                     0.0521
2025-04-25 03:28:13,222 simple_logger.py log_once [line:28] INFO val_accuracy                  0.9875
2025-04-25 03:28:13,222 simple_logger.py log_once [line:28] INFO mean_val_accuracy             0.9875
2025-04-25 03:28:13,222 simple_logger.py log_once [line:28] INFO std_val_accuracy              0.0061
2025-04-25 03:28:13,222 simple_logger.py log_once [line:28] INFO val_loss                      0.0696
2025-04-25 03:28:13,222 simple_logger.py log_once [line:28] INFO mean_val_loss                 0.0696
2025-04-25 03:28:13,222 simple_logger.py log_once [line:28] INFO std_val_loss                  0.0384
2025-04-25 03:28:13,222 fedbase.py run [line:323] INFO expense           28788790.0
2025-04-25 03:28:13,222 fedbase.py run [line:324] INFO Eval Time Cost:               2.0113s
2025-04-25 03:28:13,222 asyncbase.py iterate [line:68] INFO Select clients [0, 1, 2, 3, 4, 5, 6, 7, 8, 9, 10, 11, 12, 13, 14, 15, 16, 17, 18, 19] at time 2545.
2025-04-25 03:28:24,571 asyncbase.py iterate [line:73] INFO Receive new models from clients [11, 3, 4, 7, 14] at time 2557
2025-04-25 03:28:24,571 asyncbase.py iterate [line:73] INFO Receive new models from clients [12, 16, 10, 2, 13, 9, 6, 1] at time 2558
2025-04-25 03:28:24,571 asyncbase.py iterate [line:73] INFO Receive new models from clients [18, 17, 8, 19, 5, 15] at time 2559
2025-04-25 03:28:24,572 asyncbase.py iterate [line:73] INFO Receive new models from clients [0] at time 2560
2025-04-25 03:28:24,629 fedbase.py run [line:318] INFO --------------Round 165--------------
2025-04-25 03:28:24,629 simple_logger.py log_once [line:14] INFO Current_time:2560
2025-04-25 03:28:26,643 simple_logger.py log_once [line:28] INFO test_accuracy                 0.9894
2025-04-25 03:28:26,643 simple_logger.py log_once [line:28] INFO test_loss                     0.0511
2025-04-25 03:28:26,643 simple_logger.py log_once [line:28] INFO val_accuracy                  0.9880
2025-04-25 03:28:26,643 simple_logger.py log_once [line:28] INFO mean_val_accuracy             0.9880
2025-04-25 03:28:26,643 simple_logger.py log_once [line:28] INFO std_val_accuracy              0.0056
2025-04-25 03:28:26,643 simple_logger.py log_once [line:28] INFO val_loss                      0.0695
2025-04-25 03:28:26,643 simple_logger.py log_once [line:28] INFO mean_val_loss                 0.0695
2025-04-25 03:28:26,643 simple_logger.py log_once [line:28] INFO std_val_loss                  0.0375
2025-04-25 03:28:26,643 fedbase.py run [line:323] INFO expense           28812630.0
2025-04-25 03:28:26,643 fedbase.py run [line:324] INFO Eval Time Cost:               2.0141s
2025-04-25 03:28:26,643 asyncbase.py iterate [line:68] INFO Select clients [0, 1, 2, 3, 4, 5, 6, 7, 8, 9, 10, 11, 12, 13, 14, 15, 16, 17, 18, 19] at time 2561.
2025-04-25 03:28:39,624 asyncbase.py iterate [line:73] INFO Receive new models from clients [2, 15, 4, 3] at time 2573
2025-04-25 03:28:39,624 asyncbase.py iterate [line:73] INFO Receive new models from clients [9, 5, 1, 11, 16, 13, 18, 0, 8, 14, 10, 7] at time 2574
2025-04-25 03:28:39,624 asyncbase.py iterate [line:73] INFO Receive new models from clients [12, 19, 6] at time 2575
2025-04-25 03:28:39,625 asyncbase.py iterate [line:73] INFO Receive new models from clients [17] at time 2576
2025-04-25 03:28:39,677 fedbase.py run [line:318] INFO --------------Round 166--------------
2025-04-25 03:28:39,677 simple_logger.py log_once [line:14] INFO Current_time:2576
2025-04-25 03:28:41,697 simple_logger.py log_once [line:28] INFO test_accuracy                 0.9882
2025-04-25 03:28:41,697 simple_logger.py log_once [line:28] INFO test_loss                     0.0532
2025-04-25 03:28:41,697 simple_logger.py log_once [line:28] INFO val_accuracy                  0.9875
2025-04-25 03:28:41,697 simple_logger.py log_once [line:28] INFO mean_val_accuracy             0.9875
2025-04-25 03:28:41,697 simple_logger.py log_once [line:28] INFO std_val_accuracy              0.0063
2025-04-25 03:28:41,697 simple_logger.py log_once [line:28] INFO val_loss                      0.0705
2025-04-25 03:28:41,697 simple_logger.py log_once [line:28] INFO mean_val_loss                 0.0705
2025-04-25 03:28:41,697 simple_logger.py log_once [line:28] INFO std_val_loss                  0.0376
2025-04-25 03:28:41,697 fedbase.py run [line:323] INFO expense           28836470.0
2025-04-25 03:28:41,697 fedbase.py run [line:324] INFO Eval Time Cost:               2.0199s
2025-04-25 03:28:41,697 asyncbase.py iterate [line:68] INFO Select clients [0, 1, 2, 3, 4, 5, 6, 7, 8, 9, 10, 11, 12, 13, 14, 15, 16, 17, 18, 19] at time 2577.
2025-04-25 03:28:53,046 asyncbase.py iterate [line:73] INFO Receive new models from clients [3, 0, 12] at time 2589
2025-04-25 03:28:53,047 asyncbase.py iterate [line:73] INFO Receive new models from clients [16, 19, 14, 1, 18] at time 2590
2025-04-25 03:28:53,047 asyncbase.py iterate [line:73] INFO Receive new models from clients [10, 13, 6, 7, 9, 17, 2, 8, 15, 5] at time 2591
2025-04-25 03:28:53,047 asyncbase.py iterate [line:73] INFO Receive new models from clients [11, 4] at time 2592
2025-04-25 03:28:53,099 fedbase.py run [line:318] INFO --------------Round 167--------------
2025-04-25 03:28:53,099 simple_logger.py log_once [line:14] INFO Current_time:2592
2025-04-25 03:28:55,089 simple_logger.py log_once [line:28] INFO test_accuracy                 0.9886
2025-04-25 03:28:55,089 simple_logger.py log_once [line:28] INFO test_loss                     0.0536
2025-04-25 03:28:55,089 simple_logger.py log_once [line:28] INFO val_accuracy                  0.9875
2025-04-25 03:28:55,089 simple_logger.py log_once [line:28] INFO mean_val_accuracy             0.9875
2025-04-25 03:28:55,089 simple_logger.py log_once [line:28] INFO std_val_accuracy              0.0059
2025-04-25 03:28:55,089 simple_logger.py log_once [line:28] INFO val_loss                      0.0705
2025-04-25 03:28:55,089 simple_logger.py log_once [line:28] INFO mean_val_loss                 0.0705
2025-04-25 03:28:55,089 simple_logger.py log_once [line:28] INFO std_val_loss                  0.0389
2025-04-25 03:28:55,089 fedbase.py run [line:323] INFO expense           28860310.0
2025-04-25 03:28:55,089 fedbase.py run [line:324] INFO Eval Time Cost:               1.9905s
2025-04-25 03:28:55,089 asyncbase.py iterate [line:68] INFO Select clients [0, 1, 2, 3, 4, 5, 6, 7, 8, 9, 10, 11, 12, 13, 14, 15, 16, 17, 18, 19] at time 2593.
2025-04-25 03:29:07,067 asyncbase.py iterate [line:73] INFO Receive new models from clients [4, 17] at time 2605
2025-04-25 03:29:07,067 asyncbase.py iterate [line:73] INFO Receive new models from clients [2, 19, 5, 16, 18, 8, 7, 15, 11] at time 2606
2025-04-25 03:29:07,068 asyncbase.py iterate [line:73] INFO Receive new models from clients [10, 14, 12, 9, 3] at time 2607
2025-04-25 03:29:07,068 asyncbase.py iterate [line:73] INFO Receive new models from clients [1, 13, 6, 0] at time 2608
2025-04-25 03:29:07,121 fedbase.py run [line:318] INFO --------------Round 168--------------
2025-04-25 03:29:07,121 simple_logger.py log_once [line:14] INFO Current_time:2608
2025-04-25 03:29:09,118 simple_logger.py log_once [line:28] INFO test_accuracy                 0.9881
2025-04-25 03:29:09,118 simple_logger.py log_once [line:28] INFO test_loss                     0.0535
2025-04-25 03:29:09,118 simple_logger.py log_once [line:28] INFO val_accuracy                  0.9882
2025-04-25 03:29:09,118 simple_logger.py log_once [line:28] INFO mean_val_accuracy             0.9882
2025-04-25 03:29:09,118 simple_logger.py log_once [line:28] INFO std_val_accuracy              0.0056
2025-04-25 03:29:09,118 simple_logger.py log_once [line:28] INFO val_loss                      0.0712
2025-04-25 03:29:09,118 simple_logger.py log_once [line:28] INFO mean_val_loss                 0.0712
2025-04-25 03:29:09,118 simple_logger.py log_once [line:28] INFO std_val_loss                  0.0389
2025-04-25 03:29:09,118 fedbase.py run [line:323] INFO expense           28884150.0
2025-04-25 03:29:09,118 fedbase.py run [line:324] INFO Eval Time Cost:               1.9972s
2025-04-25 03:29:09,118 asyncbase.py iterate [line:68] INFO Select clients [0, 1, 2, 3, 4, 5, 6, 7, 8, 9, 10, 11, 12, 13, 14, 15, 16, 17, 18, 19] at time 2609.
2025-04-25 03:29:20,200 asyncbase.py iterate [line:73] INFO Receive new models from clients [13, 11, 17] at time 2621
2025-04-25 03:29:20,200 asyncbase.py iterate [line:73] INFO Receive new models from clients [18, 1, 15, 19, 8, 12, 10, 14] at time 2622
2025-04-25 03:29:20,200 asyncbase.py iterate [line:73] INFO Receive new models from clients [4, 9, 16, 5, 6, 3] at time 2623
2025-04-25 03:29:20,201 asyncbase.py iterate [line:73] INFO Receive new models from clients [2, 0, 7] at time 2624
2025-04-25 03:29:20,253 fedbase.py run [line:318] INFO --------------Round 169--------------
2025-04-25 03:29:20,253 simple_logger.py log_once [line:14] INFO Current_time:2624
2025-04-25 03:29:22,265 simple_logger.py log_once [line:28] INFO test_accuracy                 0.9891
2025-04-25 03:29:22,265 simple_logger.py log_once [line:28] INFO test_loss                     0.0536
2025-04-25 03:29:22,266 simple_logger.py log_once [line:28] INFO val_accuracy                  0.9868
2025-04-25 03:29:22,266 simple_logger.py log_once [line:28] INFO mean_val_accuracy             0.9868
2025-04-25 03:29:22,266 simple_logger.py log_once [line:28] INFO std_val_accuracy              0.0062
2025-04-25 03:29:22,266 simple_logger.py log_once [line:28] INFO val_loss                      0.0699
2025-04-25 03:29:22,266 simple_logger.py log_once [line:28] INFO mean_val_loss                 0.0699
2025-04-25 03:29:22,266 simple_logger.py log_once [line:28] INFO std_val_loss                  0.0387
2025-04-25 03:29:22,266 fedbase.py run [line:323] INFO expense           28907990.0
2025-04-25 03:29:22,266 fedbase.py run [line:324] INFO Eval Time Cost:               2.0132s
2025-04-25 03:29:22,266 asyncbase.py iterate [line:68] INFO Select clients [0, 1, 2, 3, 4, 5, 6, 7, 8, 9, 10, 11, 12, 13, 14, 15, 16, 17, 18, 19] at time 2625.
2025-04-25 03:29:33,396 asyncbase.py iterate [line:73] INFO Receive new models from clients [0, 12] at time 2637
2025-04-25 03:29:33,396 asyncbase.py iterate [line:73] INFO Receive new models from clients [14, 4, 1, 19, 11, 13, 9, 3, 16, 10] at time 2638
2025-04-25 03:29:33,397 asyncbase.py iterate [line:73] INFO Receive new models from clients [7, 2, 15, 18, 5, 6] at time 2639
2025-04-25 03:29:33,397 asyncbase.py iterate [line:73] INFO Receive new models from clients [17, 8] at time 2640
2025-04-25 03:29:33,450 fedbase.py run [line:318] INFO --------------Round 170--------------
2025-04-25 03:29:33,450 simple_logger.py log_once [line:14] INFO Current_time:2640
2025-04-25 03:29:35,466 simple_logger.py log_once [line:28] INFO test_accuracy                 0.9892
2025-04-25 03:29:35,466 simple_logger.py log_once [line:28] INFO test_loss                     0.0528
2025-04-25 03:29:35,466 simple_logger.py log_once [line:28] INFO val_accuracy                  0.9872
2025-04-25 03:29:35,466 simple_logger.py log_once [line:28] INFO mean_val_accuracy             0.9872
2025-04-25 03:29:35,466 simple_logger.py log_once [line:28] INFO std_val_accuracy              0.0065
2025-04-25 03:29:35,466 simple_logger.py log_once [line:28] INFO val_loss                      0.0708
2025-04-25 03:29:35,466 simple_logger.py log_once [line:28] INFO mean_val_loss                 0.0708
2025-04-25 03:29:35,466 simple_logger.py log_once [line:28] INFO std_val_loss                  0.0390
2025-04-25 03:29:35,466 fedbase.py run [line:323] INFO expense           28931830.0
2025-04-25 03:29:35,467 fedbase.py run [line:324] INFO Eval Time Cost:               2.0165s
2025-04-25 03:29:35,467 asyncbase.py iterate [line:68] INFO Select clients [0, 1, 2, 3, 4, 5, 6, 7, 8, 9, 10, 11, 12, 13, 14, 15, 16, 17, 18, 19] at time 2641.
2025-04-25 03:29:47,006 asyncbase.py iterate [line:73] INFO Receive new models from clients [3, 2, 6, 15] at time 2653
2025-04-25 03:29:47,006 asyncbase.py iterate [line:73] INFO Receive new models from clients [9, 16, 4, 0, 5, 11, 10] at time 2654
2025-04-25 03:29:47,007 asyncbase.py iterate [line:73] INFO Receive new models from clients [8, 12, 18, 1, 17, 19, 7] at time 2655
2025-04-25 03:29:47,007 asyncbase.py iterate [line:73] INFO Receive new models from clients [14, 13] at time 2656
2025-04-25 03:29:47,059 fedbase.py run [line:318] INFO --------------Round 171--------------
2025-04-25 03:29:47,059 simple_logger.py log_once [line:14] INFO Current_time:2656
2025-04-25 03:29:49,087 simple_logger.py log_once [line:28] INFO test_accuracy                 0.9886
2025-04-25 03:29:49,088 simple_logger.py log_once [line:28] INFO test_loss                     0.0530
2025-04-25 03:29:49,088 simple_logger.py log_once [line:28] INFO val_accuracy                  0.9875
2025-04-25 03:29:49,088 simple_logger.py log_once [line:28] INFO mean_val_accuracy             0.9875
2025-04-25 03:29:49,088 simple_logger.py log_once [line:28] INFO std_val_accuracy              0.0052
2025-04-25 03:29:49,088 simple_logger.py log_once [line:28] INFO val_loss                      0.0688
2025-04-25 03:29:49,088 simple_logger.py log_once [line:28] INFO mean_val_loss                 0.0688
2025-04-25 03:29:49,088 simple_logger.py log_once [line:28] INFO std_val_loss                  0.0375
2025-04-25 03:29:49,088 fedbase.py run [line:323] INFO expense           28955670.0
2025-04-25 03:29:49,088 fedbase.py run [line:324] INFO Eval Time Cost:               2.0288s
2025-04-25 03:29:49,088 asyncbase.py iterate [line:68] INFO Select clients [0, 1, 2, 3, 4, 5, 6, 7, 8, 9, 10, 11, 12, 13, 14, 15, 16, 17, 18, 19] at time 2657.
2025-04-25 03:30:01,873 asyncbase.py iterate [line:73] INFO Receive new models from clients [5, 17, 16, 14] at time 2669
2025-04-25 03:30:01,873 asyncbase.py iterate [line:73] INFO Receive new models from clients [9, 12, 0, 1, 6, 13, 7] at time 2670
2025-04-25 03:30:01,874 asyncbase.py iterate [line:73] INFO Receive new models from clients [11, 19, 10, 4, 8, 3] at time 2671
2025-04-25 03:30:01,874 asyncbase.py iterate [line:73] INFO Receive new models from clients [15, 18, 2] at time 2672
2025-04-25 03:30:01,928 fedbase.py run [line:318] INFO --------------Round 172--------------
2025-04-25 03:30:01,928 simple_logger.py log_once [line:14] INFO Current_time:2672
2025-04-25 03:30:03,957 simple_logger.py log_once [line:28] INFO test_accuracy                 0.9888
2025-04-25 03:30:03,958 simple_logger.py log_once [line:28] INFO test_loss                     0.0543
2025-04-25 03:30:03,958 simple_logger.py log_once [line:28] INFO val_accuracy                  0.9877
2025-04-25 03:30:03,958 simple_logger.py log_once [line:28] INFO mean_val_accuracy             0.9877
2025-04-25 03:30:03,958 simple_logger.py log_once [line:28] INFO std_val_accuracy              0.0054
2025-04-25 03:30:03,958 simple_logger.py log_once [line:28] INFO val_loss                      0.0684
2025-04-25 03:30:03,958 simple_logger.py log_once [line:28] INFO mean_val_loss                 0.0684
2025-04-25 03:30:03,958 simple_logger.py log_once [line:28] INFO std_val_loss                  0.0382
2025-04-25 03:30:03,958 fedbase.py run [line:323] INFO expense           28979510.0
2025-04-25 03:30:03,958 fedbase.py run [line:324] INFO Eval Time Cost:               2.0300s
2025-04-25 03:30:03,958 asyncbase.py iterate [line:68] INFO Select clients [0, 1, 2, 3, 4, 5, 6, 7, 8, 9, 10, 11, 12, 13, 14, 15, 16, 17, 18, 19] at time 2673.
2025-04-25 03:30:15,166 asyncbase.py iterate [line:73] INFO Receive new models from clients [19, 5, 18, 9, 1] at time 2685
2025-04-25 03:30:15,166 asyncbase.py iterate [line:73] INFO Receive new models from clients [15, 14, 11, 2, 6, 8] at time 2686
2025-04-25 03:30:15,166 asyncbase.py iterate [line:73] INFO Receive new models from clients [16, 7, 17, 13, 3, 12, 10] at time 2687
2025-04-25 03:30:15,166 asyncbase.py iterate [line:73] INFO Receive new models from clients [0, 4] at time 2688
2025-04-25 03:30:15,218 fedbase.py run [line:318] INFO --------------Round 173--------------
2025-04-25 03:30:15,218 simple_logger.py log_once [line:14] INFO Current_time:2688
2025-04-25 03:30:17,328 simple_logger.py log_once [line:28] INFO test_accuracy                 0.9885
2025-04-25 03:30:17,329 simple_logger.py log_once [line:28] INFO test_loss                     0.0536
2025-04-25 03:30:17,329 simple_logger.py log_once [line:28] INFO val_accuracy                  0.9875
2025-04-25 03:30:17,329 simple_logger.py log_once [line:28] INFO mean_val_accuracy             0.9875
2025-04-25 03:30:17,329 simple_logger.py log_once [line:28] INFO std_val_accuracy              0.0061
2025-04-25 03:30:17,329 simple_logger.py log_once [line:28] INFO val_loss                      0.0706
2025-04-25 03:30:17,329 simple_logger.py log_once [line:28] INFO mean_val_loss                 0.0706
2025-04-25 03:30:17,329 simple_logger.py log_once [line:28] INFO std_val_loss                  0.0374
2025-04-25 03:30:17,329 fedbase.py run [line:323] INFO expense           29003350.0
2025-04-25 03:30:17,329 fedbase.py run [line:324] INFO Eval Time Cost:               2.1108s
2025-04-25 03:30:17,329 asyncbase.py iterate [line:68] INFO Select clients [0, 1, 2, 3, 4, 5, 6, 7, 8, 9, 10, 11, 12, 13, 14, 15, 16, 17, 18, 19] at time 2689.
2025-04-25 03:30:29,303 asyncbase.py iterate [line:73] INFO Receive new models from clients [19] at time 2701
2025-04-25 03:30:29,303 asyncbase.py iterate [line:73] INFO Receive new models from clients [9, 11, 13, 18, 0, 10, 8, 16, 14, 2, 7, 17] at time 2702
2025-04-25 03:30:29,303 asyncbase.py iterate [line:73] INFO Receive new models from clients [12, 3, 6, 4] at time 2703
2025-04-25 03:30:29,303 asyncbase.py iterate [line:73] INFO Receive new models from clients [5, 1, 15] at time 2704
2025-04-25 03:30:29,355 fedbase.py run [line:318] INFO --------------Round 174--------------
2025-04-25 03:30:29,356 simple_logger.py log_once [line:14] INFO Current_time:2704
2025-04-25 03:30:31,376 simple_logger.py log_once [line:28] INFO test_accuracy                 0.9888
2025-04-25 03:30:31,376 simple_logger.py log_once [line:28] INFO test_loss                     0.0540
2025-04-25 03:30:31,377 simple_logger.py log_once [line:28] INFO val_accuracy                  0.9872
2025-04-25 03:30:31,377 simple_logger.py log_once [line:28] INFO mean_val_accuracy             0.9872
2025-04-25 03:30:31,377 simple_logger.py log_once [line:28] INFO std_val_accuracy              0.0058
2025-04-25 03:30:31,377 simple_logger.py log_once [line:28] INFO val_loss                      0.0719
2025-04-25 03:30:31,377 simple_logger.py log_once [line:28] INFO mean_val_loss                 0.0719
2025-04-25 03:30:31,377 simple_logger.py log_once [line:28] INFO std_val_loss                  0.0381
2025-04-25 03:30:31,377 fedbase.py run [line:323] INFO expense           29027190.0
2025-04-25 03:30:31,377 fedbase.py run [line:324] INFO Eval Time Cost:               2.0213s
2025-04-25 03:30:31,377 asyncbase.py iterate [line:68] INFO Select clients [0, 1, 2, 3, 4, 5, 6, 7, 8, 9, 10, 11, 12, 13, 14, 15, 16, 17, 18, 19] at time 2705.
2025-04-25 03:30:42,570 asyncbase.py iterate [line:73] INFO Receive new models from clients [16] at time 2717
2025-04-25 03:30:42,570 asyncbase.py iterate [line:73] INFO Receive new models from clients [9, 8, 12, 14, 6, 1, 5, 13, 2, 17, 18] at time 2718
2025-04-25 03:30:42,570 asyncbase.py iterate [line:73] INFO Receive new models from clients [7, 19, 3, 15, 10] at time 2719
2025-04-25 03:30:42,571 asyncbase.py iterate [line:73] INFO Receive new models from clients [11, 0, 4] at time 2720
2025-04-25 03:30:42,623 fedbase.py run [line:318] INFO --------------Round 175--------------
2025-04-25 03:30:42,623 simple_logger.py log_once [line:14] INFO Current_time:2720
2025-04-25 03:30:44,636 simple_logger.py log_once [line:28] INFO test_accuracy                 0.9893
2025-04-25 03:30:44,636 simple_logger.py log_once [line:28] INFO test_loss                     0.0536
2025-04-25 03:30:44,636 simple_logger.py log_once [line:28] INFO val_accuracy                  0.9873
2025-04-25 03:30:44,636 simple_logger.py log_once [line:28] INFO mean_val_accuracy             0.9873
2025-04-25 03:30:44,636 simple_logger.py log_once [line:28] INFO std_val_accuracy              0.0064
2025-04-25 03:30:44,636 simple_logger.py log_once [line:28] INFO val_loss                      0.0707
2025-04-25 03:30:44,636 simple_logger.py log_once [line:28] INFO mean_val_loss                 0.0707
2025-04-25 03:30:44,636 simple_logger.py log_once [line:28] INFO std_val_loss                  0.0370
2025-04-25 03:30:44,636 fedbase.py run [line:323] INFO expense           29051030.0
2025-04-25 03:30:44,636 fedbase.py run [line:324] INFO Eval Time Cost:               2.0131s
2025-04-25 03:30:44,636 asyncbase.py iterate [line:68] INFO Select clients [0, 1, 2, 3, 4, 5, 6, 7, 8, 9, 10, 11, 12, 13, 14, 15, 16, 17, 18, 19] at time 2721.
2025-04-25 03:30:56,944 asyncbase.py iterate [line:73] INFO Receive new models from clients [4] at time 2733
2025-04-25 03:30:56,944 asyncbase.py iterate [line:73] INFO Receive new models from clients [9, 14, 11, 12, 8, 2, 13, 19, 6] at time 2734
2025-04-25 03:30:56,945 asyncbase.py iterate [line:73] INFO Receive new models from clients [17, 16, 7, 1, 15, 0, 18, 3, 5] at time 2735
2025-04-25 03:30:56,945 asyncbase.py iterate [line:73] INFO Receive new models from clients [10] at time 2736
2025-04-25 03:30:56,996 fedbase.py run [line:318] INFO --------------Round 176--------------
2025-04-25 03:30:56,997 simple_logger.py log_once [line:14] INFO Current_time:2736
2025-04-25 03:30:59,018 simple_logger.py log_once [line:28] INFO test_accuracy                 0.9887
2025-04-25 03:30:59,018 simple_logger.py log_once [line:28] INFO test_loss                     0.0533
2025-04-25 03:30:59,018 simple_logger.py log_once [line:28] INFO val_accuracy                  0.9875
2025-04-25 03:30:59,018 simple_logger.py log_once [line:28] INFO mean_val_accuracy             0.9875
2025-04-25 03:30:59,018 simple_logger.py log_once [line:28] INFO std_val_accuracy              0.0069
2025-04-25 03:30:59,018 simple_logger.py log_once [line:28] INFO val_loss                      0.0722
2025-04-25 03:30:59,018 simple_logger.py log_once [line:28] INFO mean_val_loss                 0.0722
2025-04-25 03:30:59,019 simple_logger.py log_once [line:28] INFO std_val_loss                  0.0373
2025-04-25 03:30:59,019 fedbase.py run [line:323] INFO expense           29074870.0
2025-04-25 03:30:59,019 fedbase.py run [line:324] INFO Eval Time Cost:               2.0220s
2025-04-25 03:30:59,019 asyncbase.py iterate [line:68] INFO Select clients [0, 1, 2, 3, 4, 5, 6, 7, 8, 9, 10, 11, 12, 13, 14, 15, 16, 17, 18, 19] at time 2737.
2025-04-25 03:31:10,036 asyncbase.py iterate [line:73] INFO Receive new models from clients [16] at time 2749
2025-04-25 03:31:10,036 asyncbase.py iterate [line:73] INFO Receive new models from clients [13, 0, 7, 9, 8, 3, 1, 6, 11, 19] at time 2750
2025-04-25 03:31:10,037 asyncbase.py iterate [line:73] INFO Receive new models from clients [18, 14, 10, 5, 15, 17, 4, 12] at time 2751
2025-04-25 03:31:10,037 asyncbase.py iterate [line:73] INFO Receive new models from clients [2] at time 2752
2025-04-25 03:31:10,089 fedbase.py run [line:318] INFO --------------Round 177--------------
2025-04-25 03:31:10,090 simple_logger.py log_once [line:14] INFO Current_time:2752
2025-04-25 03:31:12,113 simple_logger.py log_once [line:28] INFO test_accuracy                 0.9893
2025-04-25 03:31:12,113 simple_logger.py log_once [line:28] INFO test_loss                     0.0545
2025-04-25 03:31:12,113 simple_logger.py log_once [line:28] INFO val_accuracy                  0.9868
2025-04-25 03:31:12,113 simple_logger.py log_once [line:28] INFO mean_val_accuracy             0.9868
2025-04-25 03:31:12,113 simple_logger.py log_once [line:28] INFO std_val_accuracy              0.0063
2025-04-25 03:31:12,113 simple_logger.py log_once [line:28] INFO val_loss                      0.0715
2025-04-25 03:31:12,113 simple_logger.py log_once [line:28] INFO mean_val_loss                 0.0715
2025-04-25 03:31:12,113 simple_logger.py log_once [line:28] INFO std_val_loss                  0.0369
2025-04-25 03:31:12,113 fedbase.py run [line:323] INFO expense           29098710.0
2025-04-25 03:31:12,113 fedbase.py run [line:324] INFO Eval Time Cost:               2.0237s
2025-04-25 03:31:12,113 asyncbase.py iterate [line:68] INFO Select clients [0, 1, 2, 3, 4, 5, 6, 7, 8, 9, 10, 11, 12, 13, 14, 15, 16, 17, 18, 19] at time 2753.
2025-04-25 03:31:23,431 asyncbase.py iterate [line:73] INFO Receive new models from clients [19] at time 2765
2025-04-25 03:31:23,431 asyncbase.py iterate [line:73] INFO Receive new models from clients [12, 3, 1, 0, 17, 18, 9, 14, 7, 15, 13] at time 2766
2025-04-25 03:31:23,432 asyncbase.py iterate [line:73] INFO Receive new models from clients [16, 10, 8, 5, 6, 2] at time 2767
2025-04-25 03:31:23,432 asyncbase.py iterate [line:73] INFO Receive new models from clients [11, 4] at time 2768
2025-04-25 03:31:23,488 fedbase.py run [line:318] INFO --------------Round 178--------------
2025-04-25 03:31:23,488 simple_logger.py log_once [line:14] INFO Current_time:2768
2025-04-25 03:31:25,515 simple_logger.py log_once [line:28] INFO test_accuracy                 0.9891
2025-04-25 03:31:25,515 simple_logger.py log_once [line:28] INFO test_loss                     0.0540
2025-04-25 03:31:25,516 simple_logger.py log_once [line:28] INFO val_accuracy                  0.9865
2025-04-25 03:31:25,516 simple_logger.py log_once [line:28] INFO mean_val_accuracy             0.9865
2025-04-25 03:31:25,516 simple_logger.py log_once [line:28] INFO std_val_accuracy              0.0069
2025-04-25 03:31:25,516 simple_logger.py log_once [line:28] INFO val_loss                      0.0708
2025-04-25 03:31:25,516 simple_logger.py log_once [line:28] INFO mean_val_loss                 0.0708
2025-04-25 03:31:25,516 simple_logger.py log_once [line:28] INFO std_val_loss                  0.0362
2025-04-25 03:31:25,516 fedbase.py run [line:323] INFO expense           29122550.0
2025-04-25 03:31:25,516 fedbase.py run [line:324] INFO Eval Time Cost:               2.0278s
2025-04-25 03:31:25,516 asyncbase.py iterate [line:68] INFO Select clients [0, 1, 2, 3, 4, 5, 6, 7, 8, 9, 10, 11, 12, 13, 14, 15, 16, 17, 18, 19] at time 2769.
2025-04-25 03:31:37,637 asyncbase.py iterate [line:73] INFO Receive new models from clients [3, 0, 19, 12, 17, 7] at time 2781
2025-04-25 03:31:37,637 asyncbase.py iterate [line:73] INFO Receive new models from clients [10, 14, 6, 16] at time 2782
2025-04-25 03:31:37,637 asyncbase.py iterate [line:73] INFO Receive new models from clients [1, 2, 18, 8, 9, 13] at time 2783
2025-04-25 03:31:37,638 asyncbase.py iterate [line:73] INFO Receive new models from clients [4, 11, 15, 5] at time 2784
2025-04-25 03:31:37,693 fedbase.py run [line:318] INFO --------------Round 179--------------
2025-04-25 03:31:37,693 simple_logger.py log_once [line:14] INFO Current_time:2784
2025-04-25 03:31:39,730 simple_logger.py log_once [line:28] INFO test_accuracy                 0.9891
2025-04-25 03:31:39,730 simple_logger.py log_once [line:28] INFO test_loss                     0.0534
2025-04-25 03:31:39,730 simple_logger.py log_once [line:28] INFO val_accuracy                  0.9868
2025-04-25 03:31:39,730 simple_logger.py log_once [line:28] INFO mean_val_accuracy             0.9868
2025-04-25 03:31:39,730 simple_logger.py log_once [line:28] INFO std_val_accuracy              0.0064
2025-04-25 03:31:39,730 simple_logger.py log_once [line:28] INFO val_loss                      0.0710
2025-04-25 03:31:39,730 simple_logger.py log_once [line:28] INFO mean_val_loss                 0.0710
2025-04-25 03:31:39,730 simple_logger.py log_once [line:28] INFO std_val_loss                  0.0370
2025-04-25 03:31:39,730 fedbase.py run [line:323] INFO expense           29146390.0
2025-04-25 03:31:39,730 fedbase.py run [line:324] INFO Eval Time Cost:               2.0371s
2025-04-25 03:31:39,730 asyncbase.py iterate [line:68] INFO Select clients [0, 1, 2, 3, 4, 5, 6, 7, 8, 9, 10, 11, 12, 13, 14, 15, 16, 17, 18, 19] at time 2785.
2025-04-25 03:31:51,436 asyncbase.py iterate [line:73] INFO Receive new models from clients [7, 1] at time 2797
2025-04-25 03:31:51,436 asyncbase.py iterate [line:73] INFO Receive new models from clients [4, 18, 6, 15, 10, 5, 8, 0, 17, 2, 16, 19, 3] at time 2798
2025-04-25 03:31:51,436 asyncbase.py iterate [line:73] INFO Receive new models from clients [12, 11, 9, 13, 14] at time 2799
2025-04-25 03:31:51,515 fedbase.py run [line:318] INFO --------------Round 180--------------
2025-04-25 03:31:51,515 simple_logger.py log_once [line:14] INFO Current_time:2799
2025-04-25 03:31:53,741 simple_logger.py log_once [line:28] INFO test_accuracy                 0.9896
2025-04-25 03:31:53,742 simple_logger.py log_once [line:28] INFO test_loss                     0.0534
2025-04-25 03:31:53,742 simple_logger.py log_once [line:28] INFO val_accuracy                  0.9865
2025-04-25 03:31:53,742 simple_logger.py log_once [line:28] INFO mean_val_accuracy             0.9865
2025-04-25 03:31:53,742 simple_logger.py log_once [line:28] INFO std_val_accuracy              0.0065
2025-04-25 03:31:53,742 simple_logger.py log_once [line:28] INFO val_loss                      0.0704
2025-04-25 03:31:53,742 simple_logger.py log_once [line:28] INFO mean_val_loss                 0.0704
2025-04-25 03:31:53,742 simple_logger.py log_once [line:28] INFO std_val_loss                  0.0362
2025-04-25 03:31:53,742 fedbase.py run [line:323] INFO expense           29170230.0
2025-04-25 03:31:53,742 fedbase.py run [line:324] INFO Eval Time Cost:               2.2272s
2025-04-25 03:31:53,742 asyncbase.py iterate [line:68] INFO Select clients [0, 1, 2, 3, 4, 5, 6, 7, 8, 9, 10, 11, 12, 13, 14, 15, 16, 17, 18, 19] at time 2800.
2025-04-25 03:32:04,871 asyncbase.py iterate [line:73] INFO Receive new models from clients [16, 11, 13] at time 2812
2025-04-25 03:32:04,871 asyncbase.py iterate [line:73] INFO Receive new models from clients [19, 8, 12, 1] at time 2813
2025-04-25 03:32:04,871 asyncbase.py iterate [line:73] INFO Receive new models from clients [3, 15, 2, 14, 4, 7, 10, 6, 18, 17] at time 2814
2025-04-25 03:32:04,872 asyncbase.py iterate [line:73] INFO Receive new models from clients [0, 5, 9] at time 2815
2025-04-25 03:32:04,924 fedbase.py run [line:318] INFO --------------Round 181--------------
2025-04-25 03:32:04,924 simple_logger.py log_once [line:14] INFO Current_time:2815
2025-04-25 03:32:06,951 simple_logger.py log_once [line:28] INFO test_accuracy                 0.9893
2025-04-25 03:32:06,951 simple_logger.py log_once [line:28] INFO test_loss                     0.0536
2025-04-25 03:32:06,951 simple_logger.py log_once [line:28] INFO val_accuracy                  0.9858
2025-04-25 03:32:06,951 simple_logger.py log_once [line:28] INFO mean_val_accuracy             0.9858
2025-04-25 03:32:06,952 simple_logger.py log_once [line:28] INFO std_val_accuracy              0.0067
2025-04-25 03:32:06,952 simple_logger.py log_once [line:28] INFO val_loss                      0.0719
2025-04-25 03:32:06,952 simple_logger.py log_once [line:28] INFO mean_val_loss                 0.0719
2025-04-25 03:32:06,952 simple_logger.py log_once [line:28] INFO std_val_loss                  0.0354
2025-04-25 03:32:06,952 fedbase.py run [line:323] INFO expense           29194070.0
2025-04-25 03:32:06,952 fedbase.py run [line:324] INFO Eval Time Cost:               2.0274s
2025-04-25 03:32:06,952 asyncbase.py iterate [line:68] INFO Select clients [0, 1, 2, 3, 4, 5, 6, 7, 8, 9, 10, 11, 12, 13, 14, 15, 16, 17, 18, 19] at time 2816.
2025-04-25 03:32:18,553 asyncbase.py iterate [line:73] INFO Receive new models from clients [15, 10] at time 2828
2025-04-25 03:32:18,553 asyncbase.py iterate [line:73] INFO Receive new models from clients [2, 12, 19, 0, 7, 3, 17, 18, 14, 9] at time 2829
2025-04-25 03:32:18,553 asyncbase.py iterate [line:73] INFO Receive new models from clients [13, 4, 11, 16, 6, 5, 8, 1] at time 2830
2025-04-25 03:32:18,607 fedbase.py run [line:318] INFO --------------Round 182--------------
2025-04-25 03:32:18,607 simple_logger.py log_once [line:14] INFO Current_time:2830
2025-04-25 03:32:20,648 simple_logger.py log_once [line:28] INFO test_accuracy                 0.9894
2025-04-25 03:32:20,648 simple_logger.py log_once [line:28] INFO test_loss                     0.0523
2025-04-25 03:32:20,648 simple_logger.py log_once [line:28] INFO val_accuracy                  0.9870
2025-04-25 03:32:20,648 simple_logger.py log_once [line:28] INFO mean_val_accuracy             0.9870
2025-04-25 03:32:20,648 simple_logger.py log_once [line:28] INFO std_val_accuracy              0.0056
2025-04-25 03:32:20,648 simple_logger.py log_once [line:28] INFO val_loss                      0.0701
2025-04-25 03:32:20,648 simple_logger.py log_once [line:28] INFO mean_val_loss                 0.0701
2025-04-25 03:32:20,648 simple_logger.py log_once [line:28] INFO std_val_loss                  0.0364
2025-04-25 03:32:20,648 fedbase.py run [line:323] INFO expense           29217910.0
2025-04-25 03:32:20,648 fedbase.py run [line:324] INFO Eval Time Cost:               2.0416s
2025-04-25 03:32:20,649 asyncbase.py iterate [line:68] INFO Select clients [0, 1, 2, 3, 4, 5, 6, 7, 8, 9, 10, 11, 12, 13, 14, 15, 16, 17, 18, 19] at time 2831.
2025-04-25 03:32:31,889 asyncbase.py iterate [line:73] INFO Receive new models from clients [5, 12, 1] at time 2843
2025-04-25 03:32:31,890 asyncbase.py iterate [line:73] INFO Receive new models from clients [15, 2, 4, 11, 9, 14, 3, 0, 19, 13] at time 2844
2025-04-25 03:32:31,890 asyncbase.py iterate [line:73] INFO Receive new models from clients [8, 17, 6, 10] at time 2845
2025-04-25 03:32:31,890 asyncbase.py iterate [line:73] INFO Receive new models from clients [16, 18, 7] at time 2846
2025-04-25 03:32:31,943 fedbase.py run [line:318] INFO --------------Round 183--------------
2025-04-25 03:32:31,943 simple_logger.py log_once [line:14] INFO Current_time:2846
2025-04-25 03:32:33,977 simple_logger.py log_once [line:28] INFO test_accuracy                 0.9889
2025-04-25 03:32:33,977 simple_logger.py log_once [line:28] INFO test_loss                     0.0533
2025-04-25 03:32:33,977 simple_logger.py log_once [line:28] INFO val_accuracy                  0.9867
2025-04-25 03:32:33,977 simple_logger.py log_once [line:28] INFO mean_val_accuracy             0.9867
2025-04-25 03:32:33,977 simple_logger.py log_once [line:28] INFO std_val_accuracy              0.0067
2025-04-25 03:32:33,977 simple_logger.py log_once [line:28] INFO val_loss                      0.0714
2025-04-25 03:32:33,977 simple_logger.py log_once [line:28] INFO mean_val_loss                 0.0714
2025-04-25 03:32:33,977 simple_logger.py log_once [line:28] INFO std_val_loss                  0.0364
2025-04-25 03:32:33,977 fedbase.py run [line:323] INFO expense           29241750.0
2025-04-25 03:32:33,977 fedbase.py run [line:324] INFO Eval Time Cost:               2.0342s
2025-04-25 03:32:33,977 asyncbase.py iterate [line:68] INFO Select clients [0, 1, 2, 3, 4, 5, 6, 7, 8, 9, 10, 11, 12, 13, 14, 15, 16, 17, 18, 19] at time 2847.
2025-04-25 03:32:45,701 asyncbase.py iterate [line:73] INFO Receive new models from clients [18, 8, 13] at time 2859
2025-04-25 03:32:45,701 asyncbase.py iterate [line:73] INFO Receive new models from clients [16, 4, 3, 12] at time 2860
2025-04-25 03:32:45,702 asyncbase.py iterate [line:73] INFO Receive new models from clients [7, 2, 9, 5, 14, 15, 0, 19, 1] at time 2861
2025-04-25 03:32:45,702 asyncbase.py iterate [line:73] INFO Receive new models from clients [6, 10, 17, 11] at time 2862
2025-04-25 03:32:45,754 fedbase.py run [line:318] INFO --------------Round 184--------------
2025-04-25 03:32:45,754 simple_logger.py log_once [line:14] INFO Current_time:2862
2025-04-25 03:32:47,863 simple_logger.py log_once [line:28] INFO test_accuracy                 0.9893
2025-04-25 03:32:47,863 simple_logger.py log_once [line:28] INFO test_loss                     0.0543
2025-04-25 03:32:47,863 simple_logger.py log_once [line:28] INFO val_accuracy                  0.9870
2025-04-25 03:32:47,863 simple_logger.py log_once [line:28] INFO mean_val_accuracy             0.9870
2025-04-25 03:32:47,863 simple_logger.py log_once [line:28] INFO std_val_accuracy              0.0059
2025-04-25 03:32:47,863 simple_logger.py log_once [line:28] INFO val_loss                      0.0714
2025-04-25 03:32:47,863 simple_logger.py log_once [line:28] INFO mean_val_loss                 0.0714
2025-04-25 03:32:47,863 simple_logger.py log_once [line:28] INFO std_val_loss                  0.0384
2025-04-25 03:32:47,863 fedbase.py run [line:323] INFO expense           29265590.0
2025-04-25 03:32:47,863 fedbase.py run [line:324] INFO Eval Time Cost:               2.1090s
2025-04-25 03:32:47,863 asyncbase.py iterate [line:68] INFO Select clients [0, 1, 2, 3, 4, 5, 6, 7, 8, 9, 10, 11, 12, 13, 14, 15, 16, 17, 18, 19] at time 2863.
2025-04-25 03:32:59,406 asyncbase.py iterate [line:73] INFO Receive new models from clients [9, 15, 5, 2] at time 2875
2025-04-25 03:32:59,406 asyncbase.py iterate [line:73] INFO Receive new models from clients [8, 1, 10, 3, 0, 18, 17] at time 2876
2025-04-25 03:32:59,407 asyncbase.py iterate [line:73] INFO Receive new models from clients [19, 11, 6, 7, 14, 13, 4, 12] at time 2877
2025-04-25 03:32:59,407 asyncbase.py iterate [line:73] INFO Receive new models from clients [16] at time 2878
2025-04-25 03:32:59,461 fedbase.py run [line:318] INFO --------------Round 185--------------
2025-04-25 03:32:59,461 simple_logger.py log_once [line:14] INFO Current_time:2878
2025-04-25 03:33:01,499 simple_logger.py log_once [line:28] INFO test_accuracy                 0.9888
2025-04-25 03:33:01,500 simple_logger.py log_once [line:28] INFO test_loss                     0.0551
2025-04-25 03:33:01,500 simple_logger.py log_once [line:28] INFO val_accuracy                  0.9868
2025-04-25 03:33:01,500 simple_logger.py log_once [line:28] INFO mean_val_accuracy             0.9868
2025-04-25 03:33:01,500 simple_logger.py log_once [line:28] INFO std_val_accuracy              0.0057
2025-04-25 03:33:01,500 simple_logger.py log_once [line:28] INFO val_loss                      0.0710
2025-04-25 03:33:01,500 simple_logger.py log_once [line:28] INFO mean_val_loss                 0.0710
2025-04-25 03:33:01,500 simple_logger.py log_once [line:28] INFO std_val_loss                  0.0373
2025-04-25 03:33:01,500 fedbase.py run [line:323] INFO expense           29289430.0
2025-04-25 03:33:01,500 fedbase.py run [line:324] INFO Eval Time Cost:               2.0389s
2025-04-25 03:33:01,500 asyncbase.py iterate [line:68] INFO Select clients [0, 1, 2, 3, 4, 5, 6, 7, 8, 9, 10, 11, 12, 13, 14, 15, 16, 17, 18, 19] at time 2879.
2025-04-25 03:33:12,752 asyncbase.py iterate [line:73] INFO Receive new models from clients [19, 18, 4, 13, 8] at time 2892
2025-04-25 03:33:12,753 asyncbase.py iterate [line:73] INFO Receive new models from clients [0, 14, 17, 10, 9, 6, 11, 15, 1] at time 2893
2025-04-25 03:33:12,753 asyncbase.py iterate [line:73] INFO Receive new models from clients [5, 16, 7, 2, 12, 3] at time 2894
2025-04-25 03:33:12,807 fedbase.py run [line:318] INFO --------------Round 186--------------
2025-04-25 03:33:12,807 simple_logger.py log_once [line:14] INFO Current_time:2894
2025-04-25 03:33:14,824 simple_logger.py log_once [line:28] INFO test_accuracy                 0.9887
2025-04-25 03:33:14,825 simple_logger.py log_once [line:28] INFO test_loss                     0.0543
2025-04-25 03:33:14,825 simple_logger.py log_once [line:28] INFO val_accuracy                  0.9868
2025-04-25 03:33:14,825 simple_logger.py log_once [line:28] INFO mean_val_accuracy             0.9868
2025-04-25 03:33:14,825 simple_logger.py log_once [line:28] INFO std_val_accuracy              0.0062
2025-04-25 03:33:14,825 simple_logger.py log_once [line:28] INFO val_loss                      0.0738
2025-04-25 03:33:14,826 simple_logger.py log_once [line:28] INFO mean_val_loss                 0.0738
2025-04-25 03:33:14,826 simple_logger.py log_once [line:28] INFO std_val_loss                  0.0387
2025-04-25 03:33:14,826 fedbase.py run [line:323] INFO expense           29313270.0
2025-04-25 03:33:14,826 fedbase.py run [line:324] INFO Eval Time Cost:               2.0185s
2025-04-25 03:33:14,826 asyncbase.py iterate [line:68] INFO Select clients [0, 1, 2, 3, 4, 5, 6, 7, 8, 9, 10, 11, 12, 13, 14, 15, 16, 17, 18, 19] at time 2895.
2025-04-25 03:33:26,945 asyncbase.py iterate [line:73] INFO Receive new models from clients [19, 12, 16, 9, 10, 5, 1, 17, 7, 8] at time 2908
2025-04-25 03:33:26,945 asyncbase.py iterate [line:73] INFO Receive new models from clients [13, 3, 18, 2, 6, 4] at time 2909
2025-04-25 03:33:26,945 asyncbase.py iterate [line:73] INFO Receive new models from clients [14, 11, 0, 15] at time 2910
2025-04-25 03:33:27,001 fedbase.py run [line:318] INFO --------------Round 187--------------
2025-04-25 03:33:27,001 simple_logger.py log_once [line:14] INFO Current_time:2910
2025-04-25 03:33:29,014 simple_logger.py log_once [line:28] INFO test_accuracy                 0.9889
2025-04-25 03:33:29,014 simple_logger.py log_once [line:28] INFO test_loss                     0.0554
2025-04-25 03:33:29,014 simple_logger.py log_once [line:28] INFO val_accuracy                  0.9867
2025-04-25 03:33:29,014 simple_logger.py log_once [line:28] INFO mean_val_accuracy             0.9867
2025-04-25 03:33:29,014 simple_logger.py log_once [line:28] INFO std_val_accuracy              0.0066
2025-04-25 03:33:29,014 simple_logger.py log_once [line:28] INFO val_loss                      0.0710
2025-04-25 03:33:29,014 simple_logger.py log_once [line:28] INFO mean_val_loss                 0.0710
2025-04-25 03:33:29,014 simple_logger.py log_once [line:28] INFO std_val_loss                  0.0386
2025-04-25 03:33:29,014 fedbase.py run [line:323] INFO expense           29337110.0
2025-04-25 03:33:29,014 fedbase.py run [line:324] INFO Eval Time Cost:               2.0129s
2025-04-25 03:33:29,014 asyncbase.py iterate [line:68] INFO Select clients [0, 1, 2, 3, 4, 5, 6, 7, 8, 9, 10, 11, 12, 13, 14, 15, 16, 17, 18, 19] at time 2911.
2025-04-25 03:33:41,083 asyncbase.py iterate [line:73] INFO Receive new models from clients [15] at time 2923
2025-04-25 03:33:41,083 asyncbase.py iterate [line:73] INFO Receive new models from clients [3, 19, 17, 4, 12, 16, 13, 18, 6, 7, 11, 14] at time 2924
2025-04-25 03:33:41,083 asyncbase.py iterate [line:73] INFO Receive new models from clients [9, 8, 1, 5, 2, 0] at time 2925
2025-04-25 03:33:41,084 asyncbase.py iterate [line:73] INFO Receive new models from clients [10] at time 2926
2025-04-25 03:33:41,136 fedbase.py run [line:318] INFO --------------Round 188--------------
2025-04-25 03:33:41,136 simple_logger.py log_once [line:14] INFO Current_time:2926
2025-04-25 03:33:43,183 simple_logger.py log_once [line:28] INFO test_accuracy                 0.9886
2025-04-25 03:33:43,183 simple_logger.py log_once [line:28] INFO test_loss                     0.0552
2025-04-25 03:33:43,183 simple_logger.py log_once [line:28] INFO val_accuracy                  0.9867
2025-04-25 03:33:43,183 simple_logger.py log_once [line:28] INFO mean_val_accuracy             0.9867
2025-04-25 03:33:43,183 simple_logger.py log_once [line:28] INFO std_val_accuracy              0.0064
2025-04-25 03:33:43,183 simple_logger.py log_once [line:28] INFO val_loss                      0.0725
2025-04-25 03:33:43,183 simple_logger.py log_once [line:28] INFO mean_val_loss                 0.0725
2025-04-25 03:33:43,183 simple_logger.py log_once [line:28] INFO std_val_loss                  0.0384
2025-04-25 03:33:43,183 fedbase.py run [line:323] INFO expense           29360950.0
2025-04-25 03:33:43,183 fedbase.py run [line:324] INFO Eval Time Cost:               2.0476s
2025-04-25 03:33:43,184 asyncbase.py iterate [line:68] INFO Select clients [0, 1, 2, 3, 4, 5, 6, 7, 8, 9, 10, 11, 12, 13, 14, 15, 16, 17, 18, 19] at time 2927.
2025-04-25 03:33:54,258 asyncbase.py iterate [line:73] INFO Receive new models from clients [0, 6, 3, 4, 5, 7] at time 2940
2025-04-25 03:33:54,258 asyncbase.py iterate [line:73] INFO Receive new models from clients [15, 11, 14, 8, 16, 17, 13, 19, 1, 9, 18, 2] at time 2941
2025-04-25 03:33:54,258 asyncbase.py iterate [line:73] INFO Receive new models from clients [10, 12] at time 2942
2025-04-25 03:33:54,311 fedbase.py run [line:318] INFO --------------Round 189--------------
2025-04-25 03:33:54,311 simple_logger.py log_once [line:14] INFO Current_time:2942
2025-04-25 03:33:56,342 simple_logger.py log_once [line:28] INFO test_accuracy                 0.9887
2025-04-25 03:33:56,342 simple_logger.py log_once [line:28] INFO test_loss                     0.0556
2025-04-25 03:33:56,342 simple_logger.py log_once [line:28] INFO val_accuracy                  0.9867
2025-04-25 03:33:56,342 simple_logger.py log_once [line:28] INFO mean_val_accuracy             0.9867
2025-04-25 03:33:56,342 simple_logger.py log_once [line:28] INFO std_val_accuracy              0.0067
2025-04-25 03:33:56,342 simple_logger.py log_once [line:28] INFO val_loss                      0.0724
2025-04-25 03:33:56,342 simple_logger.py log_once [line:28] INFO mean_val_loss                 0.0724
2025-04-25 03:33:56,342 simple_logger.py log_once [line:28] INFO std_val_loss                  0.0381
2025-04-25 03:33:56,342 fedbase.py run [line:323] INFO expense           29384790.0
2025-04-25 03:33:56,342 fedbase.py run [line:324] INFO Eval Time Cost:               2.0309s
2025-04-25 03:33:56,342 asyncbase.py iterate [line:68] INFO Select clients [0, 1, 2, 3, 4, 5, 6, 7, 8, 9, 10, 11, 12, 13, 14, 15, 16, 17, 18, 19] at time 2943.
2025-04-25 03:34:07,807 asyncbase.py iterate [line:73] INFO Receive new models from clients [7, 17, 19, 13, 5] at time 2955
2025-04-25 03:34:07,807 asyncbase.py iterate [line:73] INFO Receive new models from clients [10, 8, 3, 15, 14, 6, 9] at time 2956
2025-04-25 03:34:07,807 asyncbase.py iterate [line:73] INFO Receive new models from clients [16, 12, 18, 11, 1, 2] at time 2957
2025-04-25 03:34:07,807 asyncbase.py iterate [line:73] INFO Receive new models from clients [0, 4] at time 2958
2025-04-25 03:34:07,860 fedbase.py run [line:318] INFO --------------Round 190--------------
2025-04-25 03:34:07,860 simple_logger.py log_once [line:14] INFO Current_time:2958
2025-04-25 03:34:09,868 simple_logger.py log_once [line:28] INFO test_accuracy                 0.9887
2025-04-25 03:34:09,868 simple_logger.py log_once [line:28] INFO test_loss                     0.0554
2025-04-25 03:34:09,868 simple_logger.py log_once [line:28] INFO val_accuracy                  0.9868
2025-04-25 03:34:09,868 simple_logger.py log_once [line:28] INFO mean_val_accuracy             0.9868
2025-04-25 03:34:09,868 simple_logger.py log_once [line:28] INFO std_val_accuracy              0.0069
2025-04-25 03:34:09,868 simple_logger.py log_once [line:28] INFO val_loss                      0.0732
2025-04-25 03:34:09,868 simple_logger.py log_once [line:28] INFO mean_val_loss                 0.0732
2025-04-25 03:34:09,868 simple_logger.py log_once [line:28] INFO std_val_loss                  0.0381
2025-04-25 03:34:09,868 fedbase.py run [line:323] INFO expense           29408630.0
2025-04-25 03:34:09,868 fedbase.py run [line:324] INFO Eval Time Cost:               2.0086s
2025-04-25 03:34:09,869 asyncbase.py iterate [line:68] INFO Select clients [0, 1, 2, 3, 4, 5, 6, 7, 8, 9, 10, 11, 12, 13, 14, 15, 16, 17, 18, 19] at time 2959.
2025-04-25 03:34:20,927 asyncbase.py iterate [line:73] INFO Receive new models from clients [6] at time 2971
2025-04-25 03:34:20,927 asyncbase.py iterate [line:73] INFO Receive new models from clients [13, 11, 19, 14, 5, 3, 4, 12, 0, 2, 16, 9, 8] at time 2972
2025-04-25 03:34:20,927 asyncbase.py iterate [line:73] INFO Receive new models from clients [7, 10] at time 2973
2025-04-25 03:34:20,928 asyncbase.py iterate [line:73] INFO Receive new models from clients [18, 1, 15, 17] at time 2974
2025-04-25 03:34:20,981 fedbase.py run [line:318] INFO --------------Round 191--------------
2025-04-25 03:34:20,981 simple_logger.py log_once [line:14] INFO Current_time:2974
2025-04-25 03:34:23,004 simple_logger.py log_once [line:28] INFO test_accuracy                 0.9893
2025-04-25 03:34:23,004 simple_logger.py log_once [line:28] INFO test_loss                     0.0545
2025-04-25 03:34:23,005 simple_logger.py log_once [line:28] INFO val_accuracy                  0.9868
2025-04-25 03:34:23,005 simple_logger.py log_once [line:28] INFO mean_val_accuracy             0.9868
2025-04-25 03:34:23,005 simple_logger.py log_once [line:28] INFO std_val_accuracy              0.0062
2025-04-25 03:34:23,005 simple_logger.py log_once [line:28] INFO val_loss                      0.0727
2025-04-25 03:34:23,005 simple_logger.py log_once [line:28] INFO mean_val_loss                 0.0727
2025-04-25 03:34:23,005 simple_logger.py log_once [line:28] INFO std_val_loss                  0.0379
2025-04-25 03:34:23,005 fedbase.py run [line:323] INFO expense           29432470.0
2025-04-25 03:34:23,005 fedbase.py run [line:324] INFO Eval Time Cost:               2.0238s
2025-04-25 03:34:23,005 asyncbase.py iterate [line:68] INFO Select clients [0, 1, 2, 3, 4, 5, 6, 7, 8, 9, 10, 11, 12, 13, 14, 15, 16, 17, 18, 19] at time 2975.
2025-04-25 03:34:34,370 asyncbase.py iterate [line:73] INFO Receive new models from clients [3] at time 2987
2025-04-25 03:34:34,370 asyncbase.py iterate [line:73] INFO Receive new models from clients [8, 11, 16, 10, 19, 1, 15, 2, 7, 4, 5] at time 2988
2025-04-25 03:34:34,370 asyncbase.py iterate [line:73] INFO Receive new models from clients [9, 17, 0, 12, 14, 6] at time 2989
2025-04-25 03:34:34,371 asyncbase.py iterate [line:73] INFO Receive new models from clients [13, 18] at time 2990
2025-04-25 03:34:34,425 fedbase.py run [line:318] INFO --------------Round 192--------------
2025-04-25 03:34:34,425 simple_logger.py log_once [line:14] INFO Current_time:2990
2025-04-25 03:34:36,438 simple_logger.py log_once [line:28] INFO test_accuracy                 0.9891
2025-04-25 03:34:36,438 simple_logger.py log_once [line:28] INFO test_loss                     0.0547
2025-04-25 03:34:36,438 simple_logger.py log_once [line:28] INFO val_accuracy                  0.9865
2025-04-25 03:34:36,438 simple_logger.py log_once [line:28] INFO mean_val_accuracy             0.9865
2025-04-25 03:34:36,438 simple_logger.py log_once [line:28] INFO std_val_accuracy              0.0065
2025-04-25 03:34:36,438 simple_logger.py log_once [line:28] INFO val_loss                      0.0714
2025-04-25 03:34:36,438 simple_logger.py log_once [line:28] INFO mean_val_loss                 0.0714
2025-04-25 03:34:36,438 simple_logger.py log_once [line:28] INFO std_val_loss                  0.0364
2025-04-25 03:34:36,438 fedbase.py run [line:323] INFO expense           29456310.0
2025-04-25 03:34:36,438 fedbase.py run [line:324] INFO Eval Time Cost:               2.0132s
2025-04-25 03:34:36,439 asyncbase.py iterate [line:68] INFO Select clients [0, 1, 2, 3, 4, 5, 6, 7, 8, 9, 10, 11, 12, 13, 14, 15, 16, 17, 18, 19] at time 2991.
2025-04-25 03:34:48,199 asyncbase.py iterate [line:73] INFO Receive new models from clients [0] at time 3003
2025-04-25 03:34:48,199 asyncbase.py iterate [line:73] INFO Receive new models from clients [9, 19, 8, 18, 7, 6, 13, 15, 4, 2, 5] at time 3004
2025-04-25 03:34:48,200 asyncbase.py iterate [line:73] INFO Receive new models from clients [10, 17, 16, 12, 1, 3, 11, 14] at time 3005
2025-04-25 03:34:48,253 fedbase.py run [line:318] INFO --------------Round 193--------------
2025-04-25 03:34:48,253 simple_logger.py log_once [line:14] INFO Current_time:3005
2025-04-25 03:34:50,284 simple_logger.py log_once [line:28] INFO test_accuracy                 0.9886
2025-04-25 03:34:50,284 simple_logger.py log_once [line:28] INFO test_loss                     0.0535
2025-04-25 03:34:50,284 simple_logger.py log_once [line:28] INFO val_accuracy                  0.9868
2025-04-25 03:34:50,284 simple_logger.py log_once [line:28] INFO mean_val_accuracy             0.9868
2025-04-25 03:34:50,285 simple_logger.py log_once [line:28] INFO std_val_accuracy              0.0065
2025-04-25 03:34:50,285 simple_logger.py log_once [line:28] INFO val_loss                      0.0716
2025-04-25 03:34:50,285 simple_logger.py log_once [line:28] INFO mean_val_loss                 0.0716
2025-04-25 03:34:50,285 simple_logger.py log_once [line:28] INFO std_val_loss                  0.0364
2025-04-25 03:34:50,285 fedbase.py run [line:323] INFO expense           29480150.0
2025-04-25 03:34:50,285 fedbase.py run [line:324] INFO Eval Time Cost:               2.0320s
2025-04-25 03:34:50,285 asyncbase.py iterate [line:68] INFO Select clients [0, 1, 2, 3, 4, 5, 6, 7, 8, 9, 10, 11, 12, 13, 14, 15, 16, 17, 18, 19] at time 3006.
2025-04-25 03:35:01,345 asyncbase.py iterate [line:73] INFO Receive new models from clients [7, 8] at time 3018
2025-04-25 03:35:01,345 asyncbase.py iterate [line:73] INFO Receive new models from clients [3, 0, 15, 2, 4, 10, 18, 17, 14] at time 3019
2025-04-25 03:35:01,345 asyncbase.py iterate [line:73] INFO Receive new models from clients [13, 19, 5, 6] at time 3020
2025-04-25 03:35:01,345 asyncbase.py iterate [line:73] INFO Receive new models from clients [1, 16, 9, 11, 12] at time 3021
2025-04-25 03:35:01,397 fedbase.py run [line:318] INFO --------------Round 194--------------
2025-04-25 03:35:01,397 simple_logger.py log_once [line:14] INFO Current_time:3021
2025-04-25 03:35:03,392 simple_logger.py log_once [line:28] INFO test_accuracy                 0.9888
2025-04-25 03:35:03,393 simple_logger.py log_once [line:28] INFO test_loss                     0.0532
2025-04-25 03:35:03,393 simple_logger.py log_once [line:28] INFO val_accuracy                  0.9865
2025-04-25 03:35:03,393 simple_logger.py log_once [line:28] INFO mean_val_accuracy             0.9865
2025-04-25 03:35:03,393 simple_logger.py log_once [line:28] INFO std_val_accuracy              0.0065
2025-04-25 03:35:03,393 simple_logger.py log_once [line:28] INFO val_loss                      0.0739
2025-04-25 03:35:03,393 simple_logger.py log_once [line:28] INFO mean_val_loss                 0.0739
2025-04-25 03:35:03,393 simple_logger.py log_once [line:28] INFO std_val_loss                  0.0391
2025-04-25 03:35:03,393 fedbase.py run [line:323] INFO expense           29503990.0
2025-04-25 03:35:03,393 fedbase.py run [line:324] INFO Eval Time Cost:               1.9956s
2025-04-25 03:35:03,393 asyncbase.py iterate [line:68] INFO Select clients [0, 1, 2, 3, 4, 5, 6, 7, 8, 9, 10, 11, 12, 13, 14, 15, 16, 17, 18, 19] at time 3022.
2025-04-25 03:35:14,842 asyncbase.py iterate [line:73] INFO Receive new models from clients [1, 18, 15, 14] at time 3034
2025-04-25 03:35:14,843 asyncbase.py iterate [line:73] INFO Receive new models from clients [4, 17, 11, 9, 13, 19, 10, 6, 12, 3, 5] at time 3035
2025-04-25 03:35:14,843 asyncbase.py iterate [line:73] INFO Receive new models from clients [16, 8, 2, 7] at time 3036
2025-04-25 03:35:14,844 asyncbase.py iterate [line:73] INFO Receive new models from clients [0] at time 3037
2025-04-25 03:35:14,898 fedbase.py run [line:318] INFO --------------Round 195--------------
2025-04-25 03:35:14,898 simple_logger.py log_once [line:14] INFO Current_time:3037
2025-04-25 03:35:17,011 simple_logger.py log_once [line:28] INFO test_accuracy                 0.9886
2025-04-25 03:35:17,011 simple_logger.py log_once [line:28] INFO test_loss                     0.0536
2025-04-25 03:35:17,011 simple_logger.py log_once [line:28] INFO val_accuracy                  0.9863
2025-04-25 03:35:17,011 simple_logger.py log_once [line:28] INFO mean_val_accuracy             0.9863
2025-04-25 03:35:17,011 simple_logger.py log_once [line:28] INFO std_val_accuracy              0.0064
2025-04-25 03:35:17,011 simple_logger.py log_once [line:28] INFO val_loss                      0.0739
2025-04-25 03:35:17,011 simple_logger.py log_once [line:28] INFO mean_val_loss                 0.0739
2025-04-25 03:35:17,011 simple_logger.py log_once [line:28] INFO std_val_loss                  0.0396
2025-04-25 03:35:17,011 fedbase.py run [line:323] INFO expense           29527830.0
2025-04-25 03:35:17,011 fedbase.py run [line:324] INFO Eval Time Cost:               2.1132s
2025-04-25 03:35:17,011 asyncbase.py iterate [line:68] INFO Select clients [0, 1, 2, 3, 4, 5, 6, 7, 8, 9, 10, 11, 12, 13, 14, 15, 16, 17, 18, 19] at time 3038.
2025-04-25 03:35:28,451 asyncbase.py iterate [line:73] INFO Receive new models from clients [4] at time 3050
2025-04-25 03:35:28,451 asyncbase.py iterate [line:73] INFO Receive new models from clients [16, 0, 14, 1, 18, 19, 17, 7, 6, 15] at time 3051
2025-04-25 03:35:28,451 asyncbase.py iterate [line:73] INFO Receive new models from clients [10, 13, 11, 3, 8, 2, 5] at time 3052
2025-04-25 03:35:28,452 asyncbase.py iterate [line:73] INFO Receive new models from clients [12, 9] at time 3053
2025-04-25 03:35:28,506 fedbase.py run [line:318] INFO --------------Round 196--------------
2025-04-25 03:35:28,506 simple_logger.py log_once [line:14] INFO Current_time:3053
2025-04-25 03:35:30,526 simple_logger.py log_once [line:28] INFO test_accuracy                 0.9888
2025-04-25 03:35:30,527 simple_logger.py log_once [line:28] INFO test_loss                     0.0538
2025-04-25 03:35:30,527 simple_logger.py log_once [line:28] INFO val_accuracy                  0.9860
2025-04-25 03:35:30,527 simple_logger.py log_once [line:28] INFO mean_val_accuracy             0.9860
2025-04-25 03:35:30,527 simple_logger.py log_once [line:28] INFO std_val_accuracy              0.0067
2025-04-25 03:35:30,527 simple_logger.py log_once [line:28] INFO val_loss                      0.0731
2025-04-25 03:35:30,527 simple_logger.py log_once [line:28] INFO mean_val_loss                 0.0731
2025-04-25 03:35:30,527 simple_logger.py log_once [line:28] INFO std_val_loss                  0.0374
2025-04-25 03:35:30,527 fedbase.py run [line:323] INFO expense           29551670.0
2025-04-25 03:35:30,527 fedbase.py run [line:324] INFO Eval Time Cost:               2.0210s
2025-04-25 03:35:30,527 asyncbase.py iterate [line:68] INFO Select clients [0, 1, 2, 3, 4, 5, 6, 7, 8, 9, 10, 11, 12, 13, 14, 15, 16, 17, 18, 19] at time 3054.
2025-04-25 03:35:41,966 asyncbase.py iterate [line:73] INFO Receive new models from clients [8] at time 3066
2025-04-25 03:35:41,966 asyncbase.py iterate [line:73] INFO Receive new models from clients [18, 3, 2, 6, 11, 7] at time 3067
2025-04-25 03:35:41,966 asyncbase.py iterate [line:73] INFO Receive new models from clients [16, 5, 1, 9, 19, 0, 15, 14, 10] at time 3068
2025-04-25 03:35:41,967 asyncbase.py iterate [line:73] INFO Receive new models from clients [17, 4, 13, 12] at time 3069
2025-04-25 03:35:42,019 fedbase.py run [line:318] INFO --------------Round 197--------------
2025-04-25 03:35:42,019 simple_logger.py log_once [line:14] INFO Current_time:3069
2025-04-25 03:35:44,044 simple_logger.py log_once [line:28] INFO test_accuracy                 0.9887
2025-04-25 03:35:44,044 simple_logger.py log_once [line:28] INFO test_loss                     0.0542
2025-04-25 03:35:44,044 simple_logger.py log_once [line:28] INFO val_accuracy                  0.9862
2025-04-25 03:35:44,044 simple_logger.py log_once [line:28] INFO mean_val_accuracy             0.9862
2025-04-25 03:35:44,044 simple_logger.py log_once [line:28] INFO std_val_accuracy              0.0067
2025-04-25 03:35:44,044 simple_logger.py log_once [line:28] INFO val_loss                      0.0709
2025-04-25 03:35:44,044 simple_logger.py log_once [line:28] INFO mean_val_loss                 0.0709
2025-04-25 03:35:44,044 simple_logger.py log_once [line:28] INFO std_val_loss                  0.0372
2025-04-25 03:35:44,044 fedbase.py run [line:323] INFO expense           29575510.0
2025-04-25 03:35:44,044 fedbase.py run [line:324] INFO Eval Time Cost:               2.0251s
2025-04-25 03:35:44,045 asyncbase.py iterate [line:68] INFO Select clients [0, 1, 2, 3, 4, 5, 6, 7, 8, 9, 10, 11, 12, 13, 14, 15, 16, 17, 18, 19] at time 3070.
2025-04-25 03:35:55,577 asyncbase.py iterate [line:73] INFO Receive new models from clients [3, 11] at time 3082
2025-04-25 03:35:55,577 asyncbase.py iterate [line:73] INFO Receive new models from clients [17, 7, 16, 9] at time 3083
2025-04-25 03:35:55,577 asyncbase.py iterate [line:73] INFO Receive new models from clients [15, 10, 14, 6, 13, 19, 5, 2, 12] at time 3084
2025-04-25 03:35:55,578 asyncbase.py iterate [line:73] INFO Receive new models from clients [1, 8, 18, 0, 4] at time 3085
2025-04-25 03:35:55,636 fedbase.py run [line:318] INFO --------------Round 198--------------
2025-04-25 03:35:55,637 simple_logger.py log_once [line:14] INFO Current_time:3085
2025-04-25 03:35:57,664 simple_logger.py log_once [line:28] INFO test_accuracy                 0.9886
2025-04-25 03:35:57,664 simple_logger.py log_once [line:28] INFO test_loss                     0.0544
2025-04-25 03:35:57,664 simple_logger.py log_once [line:28] INFO val_accuracy                  0.9860
2025-04-25 03:35:57,664 simple_logger.py log_once [line:28] INFO mean_val_accuracy             0.9860
2025-04-25 03:35:57,665 simple_logger.py log_once [line:28] INFO std_val_accuracy              0.0070
2025-04-25 03:35:57,665 simple_logger.py log_once [line:28] INFO val_loss                      0.0736
2025-04-25 03:35:57,665 simple_logger.py log_once [line:28] INFO mean_val_loss                 0.0736
2025-04-25 03:35:57,665 simple_logger.py log_once [line:28] INFO std_val_loss                  0.0390
2025-04-25 03:35:57,665 fedbase.py run [line:323] INFO expense           29599350.0
2025-04-25 03:35:57,665 fedbase.py run [line:324] INFO Eval Time Cost:               2.0282s
2025-04-25 03:35:57,665 asyncbase.py iterate [line:68] INFO Select clients [0, 1, 2, 3, 4, 5, 6, 7, 8, 9, 10, 11, 12, 13, 14, 15, 16, 17, 18, 19] at time 3086.
2025-04-25 03:36:08,573 asyncbase.py iterate [line:73] INFO Receive new models from clients [1, 8, 4, 17, 15, 12, 9, 7] at time 3098
2025-04-25 03:36:08,573 asyncbase.py iterate [line:73] INFO Receive new models from clients [19, 14, 18, 13, 0] at time 3099
2025-04-25 03:36:08,573 asyncbase.py iterate [line:73] INFO Receive new models from clients [6, 16, 11] at time 3100
2025-04-25 03:36:08,574 asyncbase.py iterate [line:73] INFO Receive new models from clients [5, 10, 3, 2] at time 3101
2025-04-25 03:36:08,629 fedbase.py run [line:318] INFO --------------Round 199--------------
2025-04-25 03:36:08,629 simple_logger.py log_once [line:14] INFO Current_time:3101
2025-04-25 03:36:10,658 simple_logger.py log_once [line:28] INFO test_accuracy                 0.9888
2025-04-25 03:36:10,659 simple_logger.py log_once [line:28] INFO test_loss                     0.0551
2025-04-25 03:36:10,659 simple_logger.py log_once [line:28] INFO val_accuracy                  0.9868
2025-04-25 03:36:10,659 simple_logger.py log_once [line:28] INFO mean_val_accuracy             0.9868
2025-04-25 03:36:10,659 simple_logger.py log_once [line:28] INFO std_val_accuracy              0.0061
2025-04-25 03:36:10,659 simple_logger.py log_once [line:28] INFO val_loss                      0.0704
2025-04-25 03:36:10,659 simple_logger.py log_once [line:28] INFO mean_val_loss                 0.0704
2025-04-25 03:36:10,659 simple_logger.py log_once [line:28] INFO std_val_loss                  0.0379
2025-04-25 03:36:10,659 fedbase.py run [line:323] INFO expense           29623190.0
2025-04-25 03:36:10,659 fedbase.py run [line:324] INFO Eval Time Cost:               2.0297s
2025-04-25 03:36:10,659 asyncbase.py iterate [line:68] INFO Select clients [0, 1, 2, 3, 4, 5, 6, 7, 8, 9, 10, 11, 12, 13, 14, 15, 16, 17, 18, 19] at time 3102.
2025-04-25 03:36:22,747 asyncbase.py iterate [line:73] INFO Receive new models from clients [18, 0, 3, 9] at time 3114
2025-04-25 03:36:22,748 asyncbase.py iterate [line:73] INFO Receive new models from clients [7, 10, 15, 2, 11, 12, 8, 1, 5] at time 3115
2025-04-25 03:36:22,748 asyncbase.py iterate [line:73] INFO Receive new models from clients [16, 19, 17, 13, 6, 4] at time 3116
2025-04-25 03:36:22,748 asyncbase.py iterate [line:73] INFO Receive new models from clients [14] at time 3117
2025-04-25 03:36:22,801 fedbase.py run [line:318] INFO --------------Round 200--------------
2025-04-25 03:36:22,801 simple_logger.py log_once [line:14] INFO Current_time:3117
2025-04-25 03:36:24,813 simple_logger.py log_once [line:28] INFO test_accuracy                 0.9891
2025-04-25 03:36:24,814 simple_logger.py log_once [line:28] INFO test_loss                     0.0545
2025-04-25 03:36:24,814 simple_logger.py log_once [line:28] INFO val_accuracy                  0.9865
2025-04-25 03:36:24,814 simple_logger.py log_once [line:28] INFO mean_val_accuracy             0.9865
2025-04-25 03:36:24,814 simple_logger.py log_once [line:28] INFO std_val_accuracy              0.0064
2025-04-25 03:36:24,814 simple_logger.py log_once [line:28] INFO val_loss                      0.0699
2025-04-25 03:36:24,814 simple_logger.py log_once [line:28] INFO mean_val_loss                 0.0699
2025-04-25 03:36:24,814 simple_logger.py log_once [line:28] INFO std_val_loss                  0.0369
2025-04-25 03:36:24,814 fedbase.py run [line:323] INFO expense           29647030.0
2025-04-25 03:36:24,814 fedbase.py run [line:324] INFO Eval Time Cost:               2.0125s
2025-04-25 03:36:24,814 asyncbase.py iterate [line:68] INFO Select clients [0, 1, 2, 3, 4, 5, 6, 7, 8, 9, 10, 11, 12, 13, 14, 15, 16, 17, 18, 19] at time 3118.
2025-04-25 03:36:36,605 asyncbase.py iterate [line:73] INFO Receive new models from clients [19, 13, 18, 7, 9, 2, 4, 8, 0, 15, 14] at time 3131
2025-04-25 03:36:36,605 asyncbase.py iterate [line:73] INFO Receive new models from clients [17, 10, 3, 16, 1] at time 3132
2025-04-25 03:36:36,606 asyncbase.py iterate [line:73] INFO Receive new models from clients [6, 5, 12, 11] at time 3133
2025-04-25 03:36:36,664 fedbase.py run [line:318] INFO --------------Round 201--------------
2025-04-25 03:36:36,664 simple_logger.py log_once [line:14] INFO Current_time:3133
2025-04-25 03:36:38,657 simple_logger.py log_once [line:28] INFO test_accuracy                 0.9889
2025-04-25 03:36:38,657 simple_logger.py log_once [line:28] INFO test_loss                     0.0542
2025-04-25 03:36:38,657 simple_logger.py log_once [line:28] INFO val_accuracy                  0.9870
2025-04-25 03:36:38,657 simple_logger.py log_once [line:28] INFO mean_val_accuracy             0.9870
2025-04-25 03:36:38,657 simple_logger.py log_once [line:28] INFO std_val_accuracy              0.0062
2025-04-25 03:36:38,658 simple_logger.py log_once [line:28] INFO val_loss                      0.0719
2025-04-25 03:36:38,658 simple_logger.py log_once [line:28] INFO mean_val_loss                 0.0719
2025-04-25 03:36:38,658 simple_logger.py log_once [line:28] INFO std_val_loss                  0.0377
2025-04-25 03:36:38,658 fedbase.py run [line:323] INFO expense           29670870.0
2025-04-25 03:36:38,658 fedbase.py run [line:324] INFO Eval Time Cost:               1.9933s
2025-04-25 03:36:38,658 asyncbase.py iterate [line:68] INFO Select clients [0, 1, 2, 3, 4, 5, 6, 7, 8, 9, 10, 11, 12, 13, 14, 15, 16, 17, 18, 19] at time 3134.
2025-04-25 03:36:49,804 asyncbase.py iterate [line:73] INFO Receive new models from clients [19, 4, 12] at time 3146
2025-04-25 03:36:49,804 asyncbase.py iterate [line:73] INFO Receive new models from clients [17, 9, 1, 6, 5] at time 3147
2025-04-25 03:36:49,804 asyncbase.py iterate [line:73] INFO Receive new models from clients [8, 10, 7, 0, 18, 16, 13, 15, 2, 14, 3] at time 3148
2025-04-25 03:36:49,805 asyncbase.py iterate [line:73] INFO Receive new models from clients [11] at time 3149
2025-04-25 03:36:49,857 fedbase.py run [line:318] INFO --------------Round 202--------------
2025-04-25 03:36:49,857 simple_logger.py log_once [line:14] INFO Current_time:3149
2025-04-25 03:36:51,878 simple_logger.py log_once [line:28] INFO test_accuracy                 0.9885
2025-04-25 03:36:51,879 simple_logger.py log_once [line:28] INFO test_loss                     0.0540
2025-04-25 03:36:51,879 simple_logger.py log_once [line:28] INFO val_accuracy                  0.9860
2025-04-25 03:36:51,879 simple_logger.py log_once [line:28] INFO mean_val_accuracy             0.9860
2025-04-25 03:36:51,879 simple_logger.py log_once [line:28] INFO std_val_accuracy              0.0073
2025-04-25 03:36:51,879 simple_logger.py log_once [line:28] INFO val_loss                      0.0740
2025-04-25 03:36:51,879 simple_logger.py log_once [line:28] INFO mean_val_loss                 0.0740
2025-04-25 03:36:51,879 simple_logger.py log_once [line:28] INFO std_val_loss                  0.0381
2025-04-25 03:36:51,879 fedbase.py run [line:323] INFO expense           29694710.0
2025-04-25 03:36:51,879 fedbase.py run [line:324] INFO Eval Time Cost:               2.0220s
2025-04-25 03:36:51,879 asyncbase.py iterate [line:68] INFO Select clients [0, 1, 2, 3, 4, 5, 6, 7, 8, 9, 10, 11, 12, 13, 14, 15, 16, 17, 18, 19] at time 3150.
2025-04-25 03:37:03,663 asyncbase.py iterate [line:73] INFO Receive new models from clients [19, 7, 9, 3] at time 3162
2025-04-25 03:37:03,664 asyncbase.py iterate [line:73] INFO Receive new models from clients [10, 5, 13, 17, 12, 8, 2, 11] at time 3163
2025-04-25 03:37:03,664 asyncbase.py iterate [line:73] INFO Receive new models from clients [1, 14, 16, 15, 18] at time 3164
2025-04-25 03:37:03,664 asyncbase.py iterate [line:73] INFO Receive new models from clients [4, 6, 0] at time 3165
2025-04-25 03:37:03,717 fedbase.py run [line:318] INFO --------------Round 203--------------
2025-04-25 03:37:03,718 simple_logger.py log_once [line:14] INFO Current_time:3165
2025-04-25 03:37:05,733 simple_logger.py log_once [line:28] INFO test_accuracy                 0.9883
2025-04-25 03:37:05,733 simple_logger.py log_once [line:28] INFO test_loss                     0.0547
2025-04-25 03:37:05,733 simple_logger.py log_once [line:28] INFO val_accuracy                  0.9870
2025-04-25 03:37:05,733 simple_logger.py log_once [line:28] INFO mean_val_accuracy             0.9870
2025-04-25 03:37:05,734 simple_logger.py log_once [line:28] INFO std_val_accuracy              0.0071
2025-04-25 03:37:05,734 simple_logger.py log_once [line:28] INFO val_loss                      0.0745
2025-04-25 03:37:05,734 simple_logger.py log_once [line:28] INFO mean_val_loss                 0.0745
2025-04-25 03:37:05,734 simple_logger.py log_once [line:28] INFO std_val_loss                  0.0383
2025-04-25 03:37:05,734 fedbase.py run [line:323] INFO expense           29718550.0
2025-04-25 03:37:05,734 fedbase.py run [line:324] INFO Eval Time Cost:               2.0161s
2025-04-25 03:37:05,734 asyncbase.py iterate [line:68] INFO Select clients [0, 1, 2, 3, 4, 5, 6, 7, 8, 9, 10, 11, 12, 13, 14, 15, 16, 17, 18, 19] at time 3166.
2025-04-25 03:37:17,226 asyncbase.py iterate [line:73] INFO Receive new models from clients [9, 2, 12] at time 3178
2025-04-25 03:37:17,226 asyncbase.py iterate [line:73] INFO Receive new models from clients [19, 10, 13, 1, 5, 8, 18, 11] at time 3179
2025-04-25 03:37:17,227 asyncbase.py iterate [line:73] INFO Receive new models from clients [4, 0, 3, 7, 6, 16, 14] at time 3180
2025-04-25 03:37:17,227 asyncbase.py iterate [line:73] INFO Receive new models from clients [17, 15] at time 3181
2025-04-25 03:37:17,305 fedbase.py run [line:318] INFO --------------Round 204--------------
2025-04-25 03:37:17,305 simple_logger.py log_once [line:14] INFO Current_time:3181
2025-04-25 03:37:20,275 simple_logger.py log_once [line:28] INFO test_accuracy                 0.9890
2025-04-25 03:37:20,276 simple_logger.py log_once [line:28] INFO test_loss                     0.0549
2025-04-25 03:37:20,276 simple_logger.py log_once [line:28] INFO val_accuracy                  0.9867
2025-04-25 03:37:20,276 simple_logger.py log_once [line:28] INFO mean_val_accuracy             0.9867
2025-04-25 03:37:20,276 simple_logger.py log_once [line:28] INFO std_val_accuracy              0.0067
2025-04-25 03:37:20,276 simple_logger.py log_once [line:28] INFO val_loss                      0.0726
2025-04-25 03:37:20,276 simple_logger.py log_once [line:28] INFO mean_val_loss                 0.0726
2025-04-25 03:37:20,276 simple_logger.py log_once [line:28] INFO std_val_loss                  0.0384
2025-04-25 03:37:20,276 fedbase.py run [line:323] INFO expense           29742390.0
2025-04-25 03:37:20,276 fedbase.py run [line:324] INFO Eval Time Cost:               2.9711s
2025-04-25 03:37:20,276 asyncbase.py iterate [line:68] INFO Select clients [0, 1, 2, 3, 4, 5, 6, 7, 8, 9, 10, 11, 12, 13, 14, 15, 16, 17, 18, 19] at time 3182.
2025-04-25 03:37:33,403 asyncbase.py iterate [line:73] INFO Receive new models from clients [12, 0, 14, 4] at time 3194
2025-04-25 03:37:33,403 asyncbase.py iterate [line:73] INFO Receive new models from clients [15, 16, 10, 7, 8, 9, 18] at time 3195
2025-04-25 03:37:33,403 asyncbase.py iterate [line:73] INFO Receive new models from clients [13, 2, 17, 19, 1, 5, 6] at time 3196
2025-04-25 03:37:33,404 asyncbase.py iterate [line:73] INFO Receive new models from clients [11, 3] at time 3197
2025-04-25 03:37:33,459 fedbase.py run [line:318] INFO --------------Round 205--------------
2025-04-25 03:37:33,459 simple_logger.py log_once [line:14] INFO Current_time:3197
2025-04-25 03:37:35,485 simple_logger.py log_once [line:28] INFO test_accuracy                 0.9891
2025-04-25 03:37:35,486 simple_logger.py log_once [line:28] INFO test_loss                     0.0547
2025-04-25 03:37:35,486 simple_logger.py log_once [line:28] INFO val_accuracy                  0.9863
2025-04-25 03:37:35,486 simple_logger.py log_once [line:28] INFO mean_val_accuracy             0.9863
2025-04-25 03:37:35,486 simple_logger.py log_once [line:28] INFO std_val_accuracy              0.0063
2025-04-25 03:37:35,486 simple_logger.py log_once [line:28] INFO val_loss                      0.0750
2025-04-25 03:37:35,486 simple_logger.py log_once [line:28] INFO mean_val_loss                 0.0750
2025-04-25 03:37:35,486 simple_logger.py log_once [line:28] INFO std_val_loss                  0.0390
2025-04-25 03:37:35,486 fedbase.py run [line:323] INFO expense           29766230.0
2025-04-25 03:37:35,486 fedbase.py run [line:324] INFO Eval Time Cost:               2.0274s
2025-04-25 03:37:35,486 asyncbase.py iterate [line:68] INFO Select clients [0, 1, 2, 3, 4, 5, 6, 7, 8, 9, 10, 11, 12, 13, 14, 15, 16, 17, 18, 19] at time 3198.
2025-04-25 03:37:46,641 asyncbase.py iterate [line:73] INFO Receive new models from clients [8, 13, 5] at time 3210
2025-04-25 03:37:46,641 asyncbase.py iterate [line:73] INFO Receive new models from clients [15, 14, 2, 17, 10, 12, 18, 4] at time 3211
2025-04-25 03:37:46,642 asyncbase.py iterate [line:73] INFO Receive new models from clients [0, 3, 19, 16, 11, 7, 9, 6, 1] at time 3212
2025-04-25 03:37:46,695 fedbase.py run [line:318] INFO --------------Round 206--------------
2025-04-25 03:37:46,695 simple_logger.py log_once [line:14] INFO Current_time:3212
2025-04-25 03:37:48,837 simple_logger.py log_once [line:28] INFO test_accuracy                 0.9888
2025-04-25 03:37:48,837 simple_logger.py log_once [line:28] INFO test_loss                     0.0548
2025-04-25 03:37:48,837 simple_logger.py log_once [line:28] INFO val_accuracy                  0.9868
2025-04-25 03:37:48,837 simple_logger.py log_once [line:28] INFO mean_val_accuracy             0.9868
2025-04-25 03:37:48,837 simple_logger.py log_once [line:28] INFO std_val_accuracy              0.0066
2025-04-25 03:37:48,837 simple_logger.py log_once [line:28] INFO val_loss                      0.0757
2025-04-25 03:37:48,837 simple_logger.py log_once [line:28] INFO mean_val_loss                 0.0757
2025-04-25 03:37:48,838 simple_logger.py log_once [line:28] INFO std_val_loss                  0.0394
2025-04-25 03:37:48,838 fedbase.py run [line:323] INFO expense           29790070.0
2025-04-25 03:37:48,838 fedbase.py run [line:324] INFO Eval Time Cost:               2.1424s
2025-04-25 03:37:48,838 asyncbase.py iterate [line:68] INFO Select clients [0, 1, 2, 3, 4, 5, 6, 7, 8, 9, 10, 11, 12, 13, 14, 15, 16, 17, 18, 19] at time 3213.
2025-04-25 03:38:00,440 asyncbase.py iterate [line:73] INFO Receive new models from clients [5] at time 3225
2025-04-25 03:38:00,440 asyncbase.py iterate [line:73] INFO Receive new models from clients [18, 3, 11, 8, 13, 2, 14, 15, 10, 7, 17] at time 3226
2025-04-25 03:38:00,440 asyncbase.py iterate [line:73] INFO Receive new models from clients [9, 4, 6, 16, 1] at time 3227
2025-04-25 03:38:00,441 asyncbase.py iterate [line:73] INFO Receive new models from clients [12, 19, 0] at time 3228
2025-04-25 03:38:00,494 fedbase.py run [line:318] INFO --------------Round 207--------------
2025-04-25 03:38:00,494 simple_logger.py log_once [line:14] INFO Current_time:3228
2025-04-25 03:38:02,512 simple_logger.py log_once [line:28] INFO test_accuracy                 0.9888
2025-04-25 03:38:02,513 simple_logger.py log_once [line:28] INFO test_loss                     0.0541
2025-04-25 03:38:02,513 simple_logger.py log_once [line:28] INFO val_accuracy                  0.9867
2025-04-25 03:38:02,513 simple_logger.py log_once [line:28] INFO mean_val_accuracy             0.9867
2025-04-25 03:38:02,513 simple_logger.py log_once [line:28] INFO std_val_accuracy              0.0058
2025-04-25 03:38:02,513 simple_logger.py log_once [line:28] INFO val_loss                      0.0770
2025-04-25 03:38:02,513 simple_logger.py log_once [line:28] INFO mean_val_loss                 0.0770
2025-04-25 03:38:02,513 simple_logger.py log_once [line:28] INFO std_val_loss                  0.0408
2025-04-25 03:38:02,513 fedbase.py run [line:323] INFO expense           29813910.0
2025-04-25 03:38:02,513 fedbase.py run [line:324] INFO Eval Time Cost:               2.0190s
2025-04-25 03:38:02,513 asyncbase.py iterate [line:68] INFO Select clients [0, 1, 2, 3, 4, 5, 6, 7, 8, 9, 10, 11, 12, 13, 14, 15, 16, 17, 18, 19] at time 3229.
2025-04-25 03:38:14,768 asyncbase.py iterate [line:73] INFO Receive new models from clients [7, 15, 11] at time 3241
2025-04-25 03:38:14,768 asyncbase.py iterate [line:73] INFO Receive new models from clients [10, 14, 18, 5, 9, 19, 16, 12, 2, 8, 13] at time 3242
2025-04-25 03:38:14,768 asyncbase.py iterate [line:73] INFO Receive new models from clients [4, 3, 0] at time 3243
2025-04-25 03:38:14,769 asyncbase.py iterate [line:73] INFO Receive new models from clients [1, 6, 17] at time 3244
2025-04-25 03:38:14,821 fedbase.py run [line:318] INFO --------------Round 208--------------
2025-04-25 03:38:14,821 simple_logger.py log_once [line:14] INFO Current_time:3244
2025-04-25 03:38:16,838 simple_logger.py log_once [line:28] INFO test_accuracy                 0.9890
2025-04-25 03:38:16,838 simple_logger.py log_once [line:28] INFO test_loss                     0.0543
2025-04-25 03:38:16,838 simple_logger.py log_once [line:28] INFO val_accuracy                  0.9860
2025-04-25 03:38:16,838 simple_logger.py log_once [line:28] INFO mean_val_accuracy             0.9860
2025-04-25 03:38:16,838 simple_logger.py log_once [line:28] INFO std_val_accuracy              0.0068
2025-04-25 03:38:16,838 simple_logger.py log_once [line:28] INFO val_loss                      0.0742
2025-04-25 03:38:16,838 simple_logger.py log_once [line:28] INFO mean_val_loss                 0.0742
2025-04-25 03:38:16,838 simple_logger.py log_once [line:28] INFO std_val_loss                  0.0384
2025-04-25 03:38:16,838 fedbase.py run [line:323] INFO expense           29837750.0
2025-04-25 03:38:16,839 fedbase.py run [line:324] INFO Eval Time Cost:               2.0173s
2025-04-25 03:38:16,839 asyncbase.py iterate [line:68] INFO Select clients [0, 1, 2, 3, 4, 5, 6, 7, 8, 9, 10, 11, 12, 13, 14, 15, 16, 17, 18, 19] at time 3245.
2025-04-25 03:38:28,196 asyncbase.py iterate [line:73] INFO Receive new models from clients [1, 12, 3, 11] at time 3257
2025-04-25 03:38:28,196 asyncbase.py iterate [line:73] INFO Receive new models from clients [6, 8, 2, 13, 5, 16, 19, 4, 17] at time 3258
2025-04-25 03:38:28,197 asyncbase.py iterate [line:73] INFO Receive new models from clients [18, 7, 10, 14, 0] at time 3259
2025-04-25 03:38:28,197 asyncbase.py iterate [line:73] INFO Receive new models from clients [15, 9] at time 3260
2025-04-25 03:38:28,250 fedbase.py run [line:318] INFO --------------Round 209--------------
2025-04-25 03:38:28,250 simple_logger.py log_once [line:14] INFO Current_time:3260
2025-04-25 03:38:30,281 simple_logger.py log_once [line:28] INFO test_accuracy                 0.9885
2025-04-25 03:38:30,281 simple_logger.py log_once [line:28] INFO test_loss                     0.0565
2025-04-25 03:38:30,281 simple_logger.py log_once [line:28] INFO val_accuracy                  0.9868
2025-04-25 03:38:30,281 simple_logger.py log_once [line:28] INFO mean_val_accuracy             0.9868
2025-04-25 03:38:30,281 simple_logger.py log_once [line:28] INFO std_val_accuracy              0.0056
2025-04-25 03:38:30,281 simple_logger.py log_once [line:28] INFO val_loss                      0.0744
2025-04-25 03:38:30,282 simple_logger.py log_once [line:28] INFO mean_val_loss                 0.0744
2025-04-25 03:38:30,282 simple_logger.py log_once [line:28] INFO std_val_loss                  0.0393
2025-04-25 03:38:30,282 fedbase.py run [line:323] INFO expense           29861590.0
2025-04-25 03:38:30,282 fedbase.py run [line:324] INFO Eval Time Cost:               2.0318s
2025-04-25 03:38:30,282 asyncbase.py iterate [line:68] INFO Select clients [0, 1, 2, 3, 4, 5, 6, 7, 8, 9, 10, 11, 12, 13, 14, 15, 16, 17, 18, 19] at time 3261.
2025-04-25 03:38:41,191 asyncbase.py iterate [line:73] INFO Receive new models from clients [6, 15, 10, 13, 0, 16, 7] at time 3274
2025-04-25 03:38:41,192 asyncbase.py iterate [line:73] INFO Receive new models from clients [12, 3, 11, 9, 4, 17, 5, 18, 1, 8] at time 3275
2025-04-25 03:38:41,192 asyncbase.py iterate [line:73] INFO Receive new models from clients [19, 14, 2] at time 3276
2025-04-25 03:38:41,245 fedbase.py run [line:318] INFO --------------Round 210--------------
2025-04-25 03:38:41,245 simple_logger.py log_once [line:14] INFO Current_time:3276
2025-04-25 03:38:43,255 simple_logger.py log_once [line:28] INFO test_accuracy                 0.9886
2025-04-25 03:38:43,256 simple_logger.py log_once [line:28] INFO test_loss                     0.0553
2025-04-25 03:38:43,256 simple_logger.py log_once [line:28] INFO val_accuracy                  0.9867
2025-04-25 03:38:43,256 simple_logger.py log_once [line:28] INFO mean_val_accuracy             0.9867
2025-04-25 03:38:43,256 simple_logger.py log_once [line:28] INFO std_val_accuracy              0.0060
2025-04-25 03:38:43,256 simple_logger.py log_once [line:28] INFO val_loss                      0.0748
2025-04-25 03:38:43,256 simple_logger.py log_once [line:28] INFO mean_val_loss                 0.0748
2025-04-25 03:38:43,256 simple_logger.py log_once [line:28] INFO std_val_loss                  0.0387
2025-04-25 03:38:43,256 fedbase.py run [line:323] INFO expense           29885430.0
2025-04-25 03:38:43,256 fedbase.py run [line:324] INFO Eval Time Cost:               2.0112s
2025-04-25 03:38:43,256 asyncbase.py iterate [line:68] INFO Select clients [0, 1, 2, 3, 4, 5, 6, 7, 8, 9, 10, 11, 12, 13, 14, 15, 16, 17, 18, 19] at time 3277.
2025-04-25 03:38:54,960 asyncbase.py iterate [line:73] INFO Receive new models from clients [17, 2] at time 3289
2025-04-25 03:38:54,961 asyncbase.py iterate [line:73] INFO Receive new models from clients [1, 5, 8, 10, 6, 11, 7, 12, 14, 4] at time 3290
2025-04-25 03:38:54,961 asyncbase.py iterate [line:73] INFO Receive new models from clients [19, 13, 18, 9, 3, 16, 0, 15] at time 3291
2025-04-25 03:38:55,014 fedbase.py run [line:318] INFO --------------Round 211--------------
2025-04-25 03:38:55,014 simple_logger.py log_once [line:14] INFO Current_time:3291
2025-04-25 03:38:57,045 simple_logger.py log_once [line:28] INFO test_accuracy                 0.9886
2025-04-25 03:38:57,045 simple_logger.py log_once [line:28] INFO test_loss                     0.0569
2025-04-25 03:38:57,045 simple_logger.py log_once [line:28] INFO val_accuracy                  0.9865
2025-04-25 03:38:57,045 simple_logger.py log_once [line:28] INFO mean_val_accuracy             0.9865
2025-04-25 03:38:57,046 simple_logger.py log_once [line:28] INFO std_val_accuracy              0.0071
2025-04-25 03:38:57,046 simple_logger.py log_once [line:28] INFO val_loss                      0.0748
2025-04-25 03:38:57,046 simple_logger.py log_once [line:28] INFO mean_val_loss                 0.0748
2025-04-25 03:38:57,046 simple_logger.py log_once [line:28] INFO std_val_loss                  0.0383
2025-04-25 03:38:57,046 fedbase.py run [line:323] INFO expense           29909270.0
2025-04-25 03:38:57,046 fedbase.py run [line:324] INFO Eval Time Cost:               2.0314s
2025-04-25 03:38:57,046 asyncbase.py iterate [line:68] INFO Select clients [0, 1, 2, 3, 4, 5, 6, 7, 8, 9, 10, 11, 12, 13, 14, 15, 16, 17, 18, 19] at time 3292.
2025-04-25 03:39:09,624 asyncbase.py iterate [line:73] INFO Receive new models from clients [9] at time 3304
2025-04-25 03:39:09,624 asyncbase.py iterate [line:73] INFO Receive new models from clients [8, 11, 5, 14, 4, 2, 12, 17, 19] at time 3305
2025-04-25 03:39:09,624 asyncbase.py iterate [line:73] INFO Receive new models from clients [0, 16, 7, 1, 15, 10] at time 3306
2025-04-25 03:39:09,624 asyncbase.py iterate [line:73] INFO Receive new models from clients [13, 18, 6, 3] at time 3307
2025-04-25 03:39:09,679 fedbase.py run [line:318] INFO --------------Round 212--------------
2025-04-25 03:39:09,679 simple_logger.py log_once [line:14] INFO Current_time:3307
2025-04-25 03:39:11,714 simple_logger.py log_once [line:28] INFO test_accuracy                 0.9884
2025-04-25 03:39:11,714 simple_logger.py log_once [line:28] INFO test_loss                     0.0573
2025-04-25 03:39:11,714 simple_logger.py log_once [line:28] INFO val_accuracy                  0.9868
2025-04-25 03:39:11,715 simple_logger.py log_once [line:28] INFO mean_val_accuracy             0.9868
2025-04-25 03:39:11,715 simple_logger.py log_once [line:28] INFO std_val_accuracy              0.0065
2025-04-25 03:39:11,715 simple_logger.py log_once [line:28] INFO val_loss                      0.0756
2025-04-25 03:39:11,715 simple_logger.py log_once [line:28] INFO mean_val_loss                 0.0756
2025-04-25 03:39:11,715 simple_logger.py log_once [line:28] INFO std_val_loss                  0.0408
2025-04-25 03:39:11,715 fedbase.py run [line:323] INFO expense           29933110.0
2025-04-25 03:39:11,715 fedbase.py run [line:324] INFO Eval Time Cost:               2.0361s
2025-04-25 03:39:11,715 asyncbase.py iterate [line:68] INFO Select clients [0, 1, 2, 3, 4, 5, 6, 7, 8, 9, 10, 11, 12, 13, 14, 15, 16, 17, 18, 19] at time 3308.
2025-04-25 03:39:23,130 asyncbase.py iterate [line:73] INFO Receive new models from clients [7, 10, 19, 17, 12, 11, 9, 16] at time 3321
2025-04-25 03:39:23,130 asyncbase.py iterate [line:73] INFO Receive new models from clients [15, 3, 8, 13, 1, 14, 2, 4] at time 3322
2025-04-25 03:39:23,130 asyncbase.py iterate [line:73] INFO Receive new models from clients [18, 5, 6, 0] at time 3323
2025-04-25 03:39:23,183 fedbase.py run [line:318] INFO --------------Round 213--------------
2025-04-25 03:39:23,183 simple_logger.py log_once [line:14] INFO Current_time:3323
2025-04-25 03:39:25,209 simple_logger.py log_once [line:28] INFO test_accuracy                 0.9887
2025-04-25 03:39:25,209 simple_logger.py log_once [line:28] INFO test_loss                     0.0559
2025-04-25 03:39:25,209 simple_logger.py log_once [line:28] INFO val_accuracy                  0.9868
2025-04-25 03:39:25,210 simple_logger.py log_once [line:28] INFO mean_val_accuracy             0.9868
2025-04-25 03:39:25,210 simple_logger.py log_once [line:28] INFO std_val_accuracy              0.0062
2025-04-25 03:39:25,210 simple_logger.py log_once [line:28] INFO val_loss                      0.0744
2025-04-25 03:39:25,210 simple_logger.py log_once [line:28] INFO mean_val_loss                 0.0744
2025-04-25 03:39:25,210 simple_logger.py log_once [line:28] INFO std_val_loss                  0.0387
2025-04-25 03:39:25,210 fedbase.py run [line:323] INFO expense           29956950.0
2025-04-25 03:39:25,210 fedbase.py run [line:324] INFO Eval Time Cost:               2.0266s
2025-04-25 03:39:25,210 asyncbase.py iterate [line:68] INFO Select clients [0, 1, 2, 3, 4, 5, 6, 7, 8, 9, 10, 11, 12, 13, 14, 15, 16, 17, 18, 19] at time 3324.
2025-04-25 03:39:36,433 asyncbase.py iterate [line:73] INFO Receive new models from clients [11, 10, 13] at time 3336
2025-04-25 03:39:36,434 asyncbase.py iterate [line:73] INFO Receive new models from clients [14, 17, 6, 0, 7, 8, 15, 16, 1] at time 3337
2025-04-25 03:39:36,434 asyncbase.py iterate [line:73] INFO Receive new models from clients [5, 2, 19, 9, 12, 18] at time 3338
2025-04-25 03:39:36,434 asyncbase.py iterate [line:73] INFO Receive new models from clients [3, 4] at time 3339
2025-04-25 03:39:36,487 fedbase.py run [line:318] INFO --------------Round 214--------------
2025-04-25 03:39:36,488 simple_logger.py log_once [line:14] INFO Current_time:3339
2025-04-25 03:39:38,487 simple_logger.py log_once [line:28] INFO test_accuracy                 0.9884
2025-04-25 03:39:38,487 simple_logger.py log_once [line:28] INFO test_loss                     0.0572
2025-04-25 03:39:38,487 simple_logger.py log_once [line:28] INFO val_accuracy                  0.9867
2025-04-25 03:39:38,488 simple_logger.py log_once [line:28] INFO mean_val_accuracy             0.9867
2025-04-25 03:39:38,488 simple_logger.py log_once [line:28] INFO std_val_accuracy              0.0071
2025-04-25 03:39:38,488 simple_logger.py log_once [line:28] INFO val_loss                      0.0741
2025-04-25 03:39:38,488 simple_logger.py log_once [line:28] INFO mean_val_loss                 0.0741
2025-04-25 03:39:38,488 simple_logger.py log_once [line:28] INFO std_val_loss                  0.0384
2025-04-25 03:39:38,488 fedbase.py run [line:323] INFO expense           29980790.0
2025-04-25 03:39:38,488 fedbase.py run [line:324] INFO Eval Time Cost:               2.0003s
2025-04-25 03:39:38,488 asyncbase.py iterate [line:68] INFO Select clients [0, 1, 2, 3, 4, 5, 6, 7, 8, 9, 10, 11, 12, 13, 14, 15, 16, 17, 18, 19] at time 3340.
2025-04-25 03:39:49,820 asyncbase.py iterate [line:73] INFO Receive new models from clients [4, 6] at time 3352
2025-04-25 03:39:49,821 asyncbase.py iterate [line:73] INFO Receive new models from clients [14, 19, 17, 5, 9, 1, 2, 15, 18, 8, 16] at time 3353
2025-04-25 03:39:49,821 asyncbase.py iterate [line:73] INFO Receive new models from clients [3, 13, 0] at time 3354
2025-04-25 03:39:49,821 asyncbase.py iterate [line:73] INFO Receive new models from clients [10, 12, 7, 11] at time 3355
2025-04-25 03:39:49,874 fedbase.py run [line:318] INFO --------------Round 215--------------
2025-04-25 03:39:49,875 simple_logger.py log_once [line:14] INFO Current_time:3355
2025-04-25 03:39:51,909 simple_logger.py log_once [line:28] INFO test_accuracy                 0.9884
2025-04-25 03:39:51,910 simple_logger.py log_once [line:28] INFO test_loss                     0.0567
2025-04-25 03:39:51,910 simple_logger.py log_once [line:28] INFO val_accuracy                  0.9865
2025-04-25 03:39:51,910 simple_logger.py log_once [line:28] INFO mean_val_accuracy             0.9865
2025-04-25 03:39:51,910 simple_logger.py log_once [line:28] INFO std_val_accuracy              0.0066
2025-04-25 03:39:51,910 simple_logger.py log_once [line:28] INFO val_loss                      0.0737
2025-04-25 03:39:51,910 simple_logger.py log_once [line:28] INFO mean_val_loss                 0.0737
2025-04-25 03:39:51,910 simple_logger.py log_once [line:28] INFO std_val_loss                  0.0373
2025-04-25 03:39:51,910 fedbase.py run [line:323] INFO expense           30004630.0
2025-04-25 03:39:51,910 fedbase.py run [line:324] INFO Eval Time Cost:               2.0354s
2025-04-25 03:39:51,910 asyncbase.py iterate [line:68] INFO Select clients [0, 1, 2, 3, 4, 5, 6, 7, 8, 9, 10, 11, 12, 13, 14, 15, 16, 17, 18, 19] at time 3356.
2025-04-25 03:40:03,146 asyncbase.py iterate [line:73] INFO Receive new models from clients [6, 16, 8] at time 3368
2025-04-25 03:40:03,146 asyncbase.py iterate [line:73] INFO Receive new models from clients [7, 13, 12, 11, 14, 9, 4] at time 3369
2025-04-25 03:40:03,147 asyncbase.py iterate [line:73] INFO Receive new models from clients [0, 1, 5, 3, 18, 10, 15] at time 3370
2025-04-25 03:40:03,147 asyncbase.py iterate [line:73] INFO Receive new models from clients [19, 17, 2] at time 3371
2025-04-25 03:40:03,199 fedbase.py run [line:318] INFO --------------Round 216--------------
2025-04-25 03:40:03,199 simple_logger.py log_once [line:14] INFO Current_time:3371
2025-04-25 03:40:05,226 simple_logger.py log_once [line:28] INFO test_accuracy                 0.9887
2025-04-25 03:40:05,226 simple_logger.py log_once [line:28] INFO test_loss                     0.0570
2025-04-25 03:40:05,227 simple_logger.py log_once [line:28] INFO val_accuracy                  0.9877
2025-04-25 03:40:05,227 simple_logger.py log_once [line:28] INFO mean_val_accuracy             0.9877
2025-04-25 03:40:05,227 simple_logger.py log_once [line:28] INFO std_val_accuracy              0.0068
2025-04-25 03:40:05,227 simple_logger.py log_once [line:28] INFO val_loss                      0.0737
2025-04-25 03:40:05,227 simple_logger.py log_once [line:28] INFO mean_val_loss                 0.0737
2025-04-25 03:40:05,227 simple_logger.py log_once [line:28] INFO std_val_loss                  0.0389
2025-04-25 03:40:05,227 fedbase.py run [line:323] INFO expense           30028470.0
2025-04-25 03:40:05,227 fedbase.py run [line:324] INFO Eval Time Cost:               2.0276s
2025-04-25 03:40:05,227 asyncbase.py iterate [line:68] INFO Select clients [0, 1, 2, 3, 4, 5, 6, 7, 8, 9, 10, 11, 12, 13, 14, 15, 16, 17, 18, 19] at time 3372.
2025-04-25 03:40:17,179 asyncbase.py iterate [line:73] INFO Receive new models from clients [7, 9, 5] at time 3384
2025-04-25 03:40:17,179 asyncbase.py iterate [line:73] INFO Receive new models from clients [14, 17, 1, 18, 0, 16, 3] at time 3385
2025-04-25 03:40:17,179 asyncbase.py iterate [line:73] INFO Receive new models from clients [13, 4, 6, 19, 12, 10, 11] at time 3386
2025-04-25 03:40:17,180 asyncbase.py iterate [line:73] INFO Receive new models from clients [2, 8, 15] at time 3387
2025-04-25 03:40:17,233 fedbase.py run [line:318] INFO --------------Round 217--------------
2025-04-25 03:40:17,233 simple_logger.py log_once [line:14] INFO Current_time:3387
2025-04-25 03:40:19,327 simple_logger.py log_once [line:28] INFO test_accuracy                 0.9886
2025-04-25 03:40:19,327 simple_logger.py log_once [line:28] INFO test_loss                     0.0572
2025-04-25 03:40:19,327 simple_logger.py log_once [line:28] INFO val_accuracy                  0.9870
2025-04-25 03:40:19,327 simple_logger.py log_once [line:28] INFO mean_val_accuracy             0.9870
2025-04-25 03:40:19,327 simple_logger.py log_once [line:28] INFO std_val_accuracy              0.0070
2025-04-25 03:40:19,327 simple_logger.py log_once [line:28] INFO val_loss                      0.0747
2025-04-25 03:40:19,327 simple_logger.py log_once [line:28] INFO mean_val_loss                 0.0747
2025-04-25 03:40:19,327 simple_logger.py log_once [line:28] INFO std_val_loss                  0.0395
2025-04-25 03:40:19,327 fedbase.py run [line:323] INFO expense           30052310.0
2025-04-25 03:40:19,327 fedbase.py run [line:324] INFO Eval Time Cost:               2.0943s
2025-04-25 03:40:19,327 asyncbase.py iterate [line:68] INFO Select clients [0, 1, 2, 3, 4, 5, 6, 7, 8, 9, 10, 11, 12, 13, 14, 15, 16, 17, 18, 19] at time 3388.
2025-04-25 03:40:30,618 asyncbase.py iterate [line:73] INFO Receive new models from clients [18, 6, 13, 19, 8] at time 3400
2025-04-25 03:40:30,618 asyncbase.py iterate [line:73] INFO Receive new models from clients [2, 3, 9, 16, 4, 15] at time 3401
2025-04-25 03:40:30,618 asyncbase.py iterate [line:73] INFO Receive new models from clients [11, 0, 7, 5, 17, 14, 12, 10, 1] at time 3402
2025-04-25 03:40:30,673 fedbase.py run [line:318] INFO --------------Round 218--------------
2025-04-25 03:40:30,673 simple_logger.py log_once [line:14] INFO Current_time:3402
2025-04-25 03:40:32,714 simple_logger.py log_once [line:28] INFO test_accuracy                 0.9878
2025-04-25 03:40:32,714 simple_logger.py log_once [line:28] INFO test_loss                     0.0574
2025-04-25 03:40:32,714 simple_logger.py log_once [line:28] INFO val_accuracy                  0.9868
2025-04-25 03:40:32,714 simple_logger.py log_once [line:28] INFO mean_val_accuracy             0.9868
2025-04-25 03:40:32,714 simple_logger.py log_once [line:28] INFO std_val_accuracy              0.0069
2025-04-25 03:40:32,714 simple_logger.py log_once [line:28] INFO val_loss                      0.0731
2025-04-25 03:40:32,714 simple_logger.py log_once [line:28] INFO mean_val_loss                 0.0731
2025-04-25 03:40:32,714 simple_logger.py log_once [line:28] INFO std_val_loss                  0.0389
2025-04-25 03:40:32,714 fedbase.py run [line:323] INFO expense           30076150.0
2025-04-25 03:40:32,714 fedbase.py run [line:324] INFO Eval Time Cost:               2.0410s
2025-04-25 03:40:32,714 asyncbase.py iterate [line:68] INFO Select clients [0, 1, 2, 3, 4, 5, 6, 7, 8, 9, 10, 11, 12, 13, 14, 15, 16, 17, 18, 19] at time 3403.
2025-04-25 03:40:44,325 asyncbase.py iterate [line:73] INFO Receive new models from clients [8] at time 3415
2025-04-25 03:40:44,326 asyncbase.py iterate [line:73] INFO Receive new models from clients [19, 17, 16, 4, 10, 9, 11, 0, 5, 2, 12] at time 3416
2025-04-25 03:40:44,326 asyncbase.py iterate [line:73] INFO Receive new models from clients [7, 6, 3, 15, 13, 1] at time 3417
2025-04-25 03:40:44,327 asyncbase.py iterate [line:73] INFO Receive new models from clients [18, 14] at time 3418
2025-04-25 03:40:44,405 fedbase.py run [line:318] INFO --------------Round 219--------------
2025-04-25 03:40:44,405 simple_logger.py log_once [line:14] INFO Current_time:3418
2025-04-25 03:40:46,628 simple_logger.py log_once [line:28] INFO test_accuracy                 0.9880
2025-04-25 03:40:46,629 simple_logger.py log_once [line:28] INFO test_loss                     0.0569
2025-04-25 03:40:46,629 simple_logger.py log_once [line:28] INFO val_accuracy                  0.9872
2025-04-25 03:40:46,629 simple_logger.py log_once [line:28] INFO mean_val_accuracy             0.9872
2025-04-25 03:40:46,629 simple_logger.py log_once [line:28] INFO std_val_accuracy              0.0068
2025-04-25 03:40:46,629 simple_logger.py log_once [line:28] INFO val_loss                      0.0736
2025-04-25 03:40:46,629 simple_logger.py log_once [line:28] INFO mean_val_loss                 0.0736
2025-04-25 03:40:46,629 simple_logger.py log_once [line:28] INFO std_val_loss                  0.0400
2025-04-25 03:40:46,629 fedbase.py run [line:323] INFO expense           30099990.0
2025-04-25 03:40:46,629 fedbase.py run [line:324] INFO Eval Time Cost:               2.2241s
2025-04-25 03:40:46,629 asyncbase.py iterate [line:68] INFO Select clients [0, 1, 2, 3, 4, 5, 6, 7, 8, 9, 10, 11, 12, 13, 14, 15, 16, 17, 18, 19] at time 3419.
2025-04-25 03:40:58,105 asyncbase.py iterate [line:73] INFO Receive new models from clients [12, 7, 4, 18, 3, 13, 17, 14, 16, 19] at time 3432
2025-04-25 03:40:58,105 asyncbase.py iterate [line:73] INFO Receive new models from clients [10, 2, 0, 8, 1, 9, 6, 15] at time 3433
2025-04-25 03:40:58,106 asyncbase.py iterate [line:73] INFO Receive new models from clients [5, 11] at time 3434
2025-04-25 03:40:58,158 fedbase.py run [line:318] INFO --------------Round 220--------------
2025-04-25 03:40:58,159 simple_logger.py log_once [line:14] INFO Current_time:3434
2025-04-25 03:41:00,174 simple_logger.py log_once [line:28] INFO test_accuracy                 0.9879
2025-04-25 03:41:00,174 simple_logger.py log_once [line:28] INFO test_loss                     0.0571
2025-04-25 03:41:00,174 simple_logger.py log_once [line:28] INFO val_accuracy                  0.9862
2025-04-25 03:41:00,174 simple_logger.py log_once [line:28] INFO mean_val_accuracy             0.9862
2025-04-25 03:41:00,174 simple_logger.py log_once [line:28] INFO std_val_accuracy              0.0072
2025-04-25 03:41:00,174 simple_logger.py log_once [line:28] INFO val_loss                      0.0750
2025-04-25 03:41:00,174 simple_logger.py log_once [line:28] INFO mean_val_loss                 0.0750
2025-04-25 03:41:00,174 simple_logger.py log_once [line:28] INFO std_val_loss                  0.0376
2025-04-25 03:41:00,174 fedbase.py run [line:323] INFO expense           30123830.0
2025-04-25 03:41:00,174 fedbase.py run [line:324] INFO Eval Time Cost:               2.0159s
2025-04-25 03:41:00,175 asyncbase.py iterate [line:68] INFO Select clients [0, 1, 2, 3, 4, 5, 6, 7, 8, 9, 10, 11, 12, 13, 14, 15, 16, 17, 18, 19] at time 3435.
2025-04-25 03:41:11,988 asyncbase.py iterate [line:73] INFO Receive new models from clients [6, 10, 12, 17, 19, 0, 2, 18, 14] at time 3448
2025-04-25 03:41:11,988 asyncbase.py iterate [line:73] INFO Receive new models from clients [4, 16, 8, 9, 13, 5, 3, 11, 1] at time 3449
2025-04-25 03:41:11,988 asyncbase.py iterate [line:73] INFO Receive new models from clients [15, 7] at time 3450
2025-04-25 03:41:12,041 fedbase.py run [line:318] INFO --------------Round 221--------------
2025-04-25 03:41:12,042 simple_logger.py log_once [line:14] INFO Current_time:3450
2025-04-25 03:41:14,080 simple_logger.py log_once [line:28] INFO test_accuracy                 0.9883
2025-04-25 03:41:14,080 simple_logger.py log_once [line:28] INFO test_loss                     0.0566
2025-04-25 03:41:14,080 simple_logger.py log_once [line:28] INFO val_accuracy                  0.9868
2025-04-25 03:41:14,080 simple_logger.py log_once [line:28] INFO mean_val_accuracy             0.9868
2025-04-25 03:41:14,080 simple_logger.py log_once [line:28] INFO std_val_accuracy              0.0069
2025-04-25 03:41:14,080 simple_logger.py log_once [line:28] INFO val_loss                      0.0745
2025-04-25 03:41:14,081 simple_logger.py log_once [line:28] INFO mean_val_loss                 0.0745
2025-04-25 03:41:14,081 simple_logger.py log_once [line:28] INFO std_val_loss                  0.0396
2025-04-25 03:41:14,081 fedbase.py run [line:323] INFO expense           30147670.0
2025-04-25 03:41:14,081 fedbase.py run [line:324] INFO Eval Time Cost:               2.0391s
2025-04-25 03:41:14,081 asyncbase.py iterate [line:68] INFO Select clients [0, 1, 2, 3, 4, 5, 6, 7, 8, 9, 10, 11, 12, 13, 14, 15, 16, 17, 18, 19] at time 3451.
2025-04-25 03:41:25,577 asyncbase.py iterate [line:73] INFO Receive new models from clients [11, 1] at time 3463
2025-04-25 03:41:25,577 asyncbase.py iterate [line:73] INFO Receive new models from clients [9, 2, 8, 13, 3, 16, 18, 6, 7, 19, 17, 5, 10] at time 3464
2025-04-25 03:41:25,577 asyncbase.py iterate [line:73] INFO Receive new models from clients [15] at time 3465
2025-04-25 03:41:25,578 asyncbase.py iterate [line:73] INFO Receive new models from clients [14, 0, 12, 4] at time 3466
2025-04-25 03:41:25,657 fedbase.py run [line:318] INFO --------------Round 222--------------
2025-04-25 03:41:25,657 simple_logger.py log_once [line:14] INFO Current_time:3466
2025-04-25 03:41:27,828 simple_logger.py log_once [line:28] INFO test_accuracy                 0.9884
2025-04-25 03:41:27,828 simple_logger.py log_once [line:28] INFO test_loss                     0.0559
2025-04-25 03:41:27,828 simple_logger.py log_once [line:28] INFO val_accuracy                  0.9867
2025-04-25 03:41:27,828 simple_logger.py log_once [line:28] INFO mean_val_accuracy             0.9867
2025-04-25 03:41:27,828 simple_logger.py log_once [line:28] INFO std_val_accuracy              0.0072
2025-04-25 03:41:27,828 simple_logger.py log_once [line:28] INFO val_loss                      0.0751
2025-04-25 03:41:27,828 simple_logger.py log_once [line:28] INFO mean_val_loss                 0.0751
2025-04-25 03:41:27,828 simple_logger.py log_once [line:28] INFO std_val_loss                  0.0395
2025-04-25 03:41:27,828 fedbase.py run [line:323] INFO expense           30171510.0
2025-04-25 03:41:27,828 fedbase.py run [line:324] INFO Eval Time Cost:               2.1710s
2025-04-25 03:41:27,828 asyncbase.py iterate [line:68] INFO Select clients [0, 1, 2, 3, 4, 5, 6, 7, 8, 9, 10, 11, 12, 13, 14, 15, 16, 17, 18, 19] at time 3467.
2025-04-25 03:41:39,192 asyncbase.py iterate [line:73] INFO Receive new models from clients [4, 13] at time 3479
2025-04-25 03:41:39,193 asyncbase.py iterate [line:73] INFO Receive new models from clients [8, 0, 5, 9, 10, 19, 15, 3, 7, 18] at time 3480
2025-04-25 03:41:39,193 asyncbase.py iterate [line:73] INFO Receive new models from clients [6, 14, 17, 11, 12, 16, 2] at time 3481
2025-04-25 03:41:39,193 asyncbase.py iterate [line:73] INFO Receive new models from clients [1] at time 3482
2025-04-25 03:41:39,249 fedbase.py run [line:318] INFO --------------Round 223--------------
2025-04-25 03:41:39,249 simple_logger.py log_once [line:14] INFO Current_time:3482
2025-04-25 03:41:41,248 simple_logger.py log_once [line:28] INFO test_accuracy                 0.9889
2025-04-25 03:41:41,248 simple_logger.py log_once [line:28] INFO test_loss                     0.0556
2025-04-25 03:41:41,248 simple_logger.py log_once [line:28] INFO val_accuracy                  0.9872
2025-04-25 03:41:41,248 simple_logger.py log_once [line:28] INFO mean_val_accuracy             0.9872
2025-04-25 03:41:41,248 simple_logger.py log_once [line:28] INFO std_val_accuracy              0.0063
2025-04-25 03:41:41,248 simple_logger.py log_once [line:28] INFO val_loss                      0.0744
2025-04-25 03:41:41,248 simple_logger.py log_once [line:28] INFO mean_val_loss                 0.0744
2025-04-25 03:41:41,248 simple_logger.py log_once [line:28] INFO std_val_loss                  0.0376
2025-04-25 03:41:41,249 fedbase.py run [line:323] INFO expense           30195350.0
2025-04-25 03:41:41,249 fedbase.py run [line:324] INFO Eval Time Cost:               1.9994s
2025-04-25 03:41:41,249 asyncbase.py iterate [line:68] INFO Select clients [0, 1, 2, 3, 4, 5, 6, 7, 8, 9, 10, 11, 12, 13, 14, 15, 16, 17, 18, 19] at time 3483.
2025-04-25 03:41:52,495 asyncbase.py iterate [line:73] INFO Receive new models from clients [9, 3] at time 3495
2025-04-25 03:41:52,496 asyncbase.py iterate [line:73] INFO Receive new models from clients [16, 15, 1, 0, 17, 13, 8, 10, 4] at time 3496
2025-04-25 03:41:52,496 asyncbase.py iterate [line:73] INFO Receive new models from clients [5, 14, 7, 18, 19, 11] at time 3497
2025-04-25 03:41:52,496 asyncbase.py iterate [line:73] INFO Receive new models from clients [12, 2, 6] at time 3498
2025-04-25 03:41:52,551 fedbase.py run [line:318] INFO --------------Round 224--------------
2025-04-25 03:41:52,551 simple_logger.py log_once [line:14] INFO Current_time:3498
2025-04-25 03:41:54,596 simple_logger.py log_once [line:28] INFO test_accuracy                 0.9884
2025-04-25 03:41:54,596 simple_logger.py log_once [line:28] INFO test_loss                     0.0555
2025-04-25 03:41:54,596 simple_logger.py log_once [line:28] INFO val_accuracy                  0.9873
2025-04-25 03:41:54,596 simple_logger.py log_once [line:28] INFO mean_val_accuracy             0.9873
2025-04-25 03:41:54,596 simple_logger.py log_once [line:28] INFO std_val_accuracy              0.0062
2025-04-25 03:41:54,596 simple_logger.py log_once [line:28] INFO val_loss                      0.0740
2025-04-25 03:41:54,596 simple_logger.py log_once [line:28] INFO mean_val_loss                 0.0740
2025-04-25 03:41:54,596 simple_logger.py log_once [line:28] INFO std_val_loss                  0.0392
2025-04-25 03:41:54,596 fedbase.py run [line:323] INFO expense           30219190.0
2025-04-25 03:41:54,596 fedbase.py run [line:324] INFO Eval Time Cost:               2.0456s
2025-04-25 03:41:54,597 asyncbase.py iterate [line:68] INFO Select clients [0, 1, 2, 3, 4, 5, 6, 7, 8, 9, 10, 11, 12, 13, 14, 15, 16, 17, 18, 19] at time 3499.
2025-04-25 03:42:05,822 asyncbase.py iterate [line:73] INFO Receive new models from clients [14, 18, 6, 1] at time 3511
2025-04-25 03:42:05,823 asyncbase.py iterate [line:73] INFO Receive new models from clients [10, 11, 7, 3, 0, 13, 16, 4, 2, 15] at time 3512
2025-04-25 03:42:05,823 asyncbase.py iterate [line:73] INFO Receive new models from clients [8, 17, 19, 5, 12] at time 3513
2025-04-25 03:42:05,823 asyncbase.py iterate [line:73] INFO Receive new models from clients [9] at time 3514
2025-04-25 03:42:05,902 fedbase.py run [line:318] INFO --------------Round 225--------------
2025-04-25 03:42:05,902 simple_logger.py log_once [line:14] INFO Current_time:3514
2025-04-25 03:42:08,238 simple_logger.py log_once [line:28] INFO test_accuracy                 0.9888
2025-04-25 03:42:08,238 simple_logger.py log_once [line:28] INFO test_loss                     0.0560
2025-04-25 03:42:08,238 simple_logger.py log_once [line:28] INFO val_accuracy                  0.9868
2025-04-25 03:42:08,238 simple_logger.py log_once [line:28] INFO mean_val_accuracy             0.9868
2025-04-25 03:42:08,238 simple_logger.py log_once [line:28] INFO std_val_accuracy              0.0061
2025-04-25 03:42:08,238 simple_logger.py log_once [line:28] INFO val_loss                      0.0729
2025-04-25 03:42:08,238 simple_logger.py log_once [line:28] INFO mean_val_loss                 0.0729
2025-04-25 03:42:08,238 simple_logger.py log_once [line:28] INFO std_val_loss                  0.0380
2025-04-25 03:42:08,238 fedbase.py run [line:323] INFO expense           30243030.0
2025-04-25 03:42:08,238 fedbase.py run [line:324] INFO Eval Time Cost:               2.3357s
2025-04-25 03:42:08,238 asyncbase.py iterate [line:68] INFO Select clients [0, 1, 2, 3, 4, 5, 6, 7, 8, 9, 10, 11, 12, 13, 14, 15, 16, 17, 18, 19] at time 3515.
2025-04-25 03:42:20,208 asyncbase.py iterate [line:73] INFO Receive new models from clients [13, 9, 3, 4] at time 3527
2025-04-25 03:42:20,209 asyncbase.py iterate [line:73] INFO Receive new models from clients [6, 1, 10, 2, 18, 15, 5, 16] at time 3528
2025-04-25 03:42:20,209 asyncbase.py iterate [line:73] INFO Receive new models from clients [14, 12, 17, 19, 7, 0] at time 3529
2025-04-25 03:42:20,209 asyncbase.py iterate [line:73] INFO Receive new models from clients [11, 8] at time 3530
2025-04-25 03:42:20,262 fedbase.py run [line:318] INFO --------------Round 226--------------
2025-04-25 03:42:20,262 simple_logger.py log_once [line:14] INFO Current_time:3530
2025-04-25 03:42:22,260 simple_logger.py log_once [line:28] INFO test_accuracy                 0.9882
2025-04-25 03:42:22,261 simple_logger.py log_once [line:28] INFO test_loss                     0.0558
2025-04-25 03:42:22,261 simple_logger.py log_once [line:28] INFO val_accuracy                  0.9865
2025-04-25 03:42:22,261 simple_logger.py log_once [line:28] INFO mean_val_accuracy             0.9865
2025-04-25 03:42:22,261 simple_logger.py log_once [line:28] INFO std_val_accuracy              0.0066
2025-04-25 03:42:22,261 simple_logger.py log_once [line:28] INFO val_loss                      0.0753
2025-04-25 03:42:22,261 simple_logger.py log_once [line:28] INFO mean_val_loss                 0.0753
2025-04-25 03:42:22,261 simple_logger.py log_once [line:28] INFO std_val_loss                  0.0398
2025-04-25 03:42:22,261 fedbase.py run [line:323] INFO expense           30266870.0
2025-04-25 03:42:22,261 fedbase.py run [line:324] INFO Eval Time Cost:               1.9988s
2025-04-25 03:42:22,261 asyncbase.py iterate [line:68] INFO Select clients [0, 1, 2, 3, 4, 5, 6, 7, 8, 9, 10, 11, 12, 13, 14, 15, 16, 17, 18, 19] at time 3531.
2025-04-25 03:42:33,636 asyncbase.py iterate [line:73] INFO Receive new models from clients [18] at time 3543
2025-04-25 03:42:33,636 asyncbase.py iterate [line:73] INFO Receive new models from clients [10, 4, 5, 17, 12, 11] at time 3544
2025-04-25 03:42:33,637 asyncbase.py iterate [line:73] INFO Receive new models from clients [15, 14, 19, 9, 1, 2, 8, 3, 7, 13, 0] at time 3545
2025-04-25 03:42:33,637 asyncbase.py iterate [line:73] INFO Receive new models from clients [6, 16] at time 3546
2025-04-25 03:42:33,691 fedbase.py run [line:318] INFO --------------Round 227--------------
2025-04-25 03:42:33,691 simple_logger.py log_once [line:14] INFO Current_time:3546
2025-04-25 03:42:35,734 simple_logger.py log_once [line:28] INFO test_accuracy                 0.9887
2025-04-25 03:42:35,734 simple_logger.py log_once [line:28] INFO test_loss                     0.0566
2025-04-25 03:42:35,734 simple_logger.py log_once [line:28] INFO val_accuracy                  0.9868
2025-04-25 03:42:35,734 simple_logger.py log_once [line:28] INFO mean_val_accuracy             0.9868
2025-04-25 03:42:35,734 simple_logger.py log_once [line:28] INFO std_val_accuracy              0.0058
2025-04-25 03:42:35,734 simple_logger.py log_once [line:28] INFO val_loss                      0.0747
2025-04-25 03:42:35,735 simple_logger.py log_once [line:28] INFO mean_val_loss                 0.0747
2025-04-25 03:42:35,735 simple_logger.py log_once [line:28] INFO std_val_loss                  0.0400
2025-04-25 03:42:35,735 fedbase.py run [line:323] INFO expense           30290710.0
2025-04-25 03:42:35,735 fedbase.py run [line:324] INFO Eval Time Cost:               2.0436s
2025-04-25 03:42:35,735 asyncbase.py iterate [line:68] INFO Select clients [0, 1, 2, 3, 4, 5, 6, 7, 8, 9, 10, 11, 12, 13, 14, 15, 16, 17, 18, 19] at time 3547.
2025-04-25 03:42:46,772 asyncbase.py iterate [line:73] INFO Receive new models from clients [15, 4, 12, 13, 6] at time 3559
2025-04-25 03:42:46,772 asyncbase.py iterate [line:73] INFO Receive new models from clients [14, 19, 17, 5, 18, 0, 7, 2] at time 3560
2025-04-25 03:42:46,772 asyncbase.py iterate [line:73] INFO Receive new models from clients [1, 3, 11, 9, 8] at time 3561
2025-04-25 03:42:46,773 asyncbase.py iterate [line:73] INFO Receive new models from clients [16, 10] at time 3562
2025-04-25 03:42:46,826 fedbase.py run [line:318] INFO --------------Round 228--------------
2025-04-25 03:42:46,826 simple_logger.py log_once [line:14] INFO Current_time:3562
2025-04-25 03:42:48,956 simple_logger.py log_once [line:28] INFO test_accuracy                 0.9882
2025-04-25 03:42:48,956 simple_logger.py log_once [line:28] INFO test_loss                     0.0567
2025-04-25 03:42:48,956 simple_logger.py log_once [line:28] INFO val_accuracy                  0.9872
2025-04-25 03:42:48,956 simple_logger.py log_once [line:28] INFO mean_val_accuracy             0.9872
2025-04-25 03:42:48,956 simple_logger.py log_once [line:28] INFO std_val_accuracy              0.0059
2025-04-25 03:42:48,956 simple_logger.py log_once [line:28] INFO val_loss                      0.0746
2025-04-25 03:42:48,956 simple_logger.py log_once [line:28] INFO mean_val_loss                 0.0746
2025-04-25 03:42:48,956 simple_logger.py log_once [line:28] INFO std_val_loss                  0.0408
2025-04-25 03:42:48,956 fedbase.py run [line:323] INFO expense           30314550.0
2025-04-25 03:42:48,957 fedbase.py run [line:324] INFO Eval Time Cost:               2.1308s
2025-04-25 03:42:48,957 asyncbase.py iterate [line:68] INFO Select clients [0, 1, 2, 3, 4, 5, 6, 7, 8, 9, 10, 11, 12, 13, 14, 15, 16, 17, 18, 19] at time 3563.
2025-04-25 03:43:01,273 asyncbase.py iterate [line:73] INFO Receive new models from clients [0, 15] at time 3575
2025-04-25 03:43:01,274 asyncbase.py iterate [line:73] INFO Receive new models from clients [18, 1, 3, 10, 19, 6, 16, 2] at time 3576
2025-04-25 03:43:01,274 asyncbase.py iterate [line:73] INFO Receive new models from clients [14, 17, 7, 5, 4, 13, 9, 8, 11] at time 3577
2025-04-25 03:43:01,274 asyncbase.py iterate [line:73] INFO Receive new models from clients [12] at time 3578
2025-04-25 03:43:01,327 fedbase.py run [line:318] INFO --------------Round 229--------------
2025-04-25 03:43:01,327 simple_logger.py log_once [line:14] INFO Current_time:3578
2025-04-25 03:43:03,336 simple_logger.py log_once [line:28] INFO test_accuracy                 0.9887
2025-04-25 03:43:03,336 simple_logger.py log_once [line:28] INFO test_loss                     0.0566
2025-04-25 03:43:03,336 simple_logger.py log_once [line:28] INFO val_accuracy                  0.9868
2025-04-25 03:43:03,336 simple_logger.py log_once [line:28] INFO mean_val_accuracy             0.9868
2025-04-25 03:43:03,336 simple_logger.py log_once [line:28] INFO std_val_accuracy              0.0062
2025-04-25 03:43:03,336 simple_logger.py log_once [line:28] INFO val_loss                      0.0762
2025-04-25 03:43:03,336 simple_logger.py log_once [line:28] INFO mean_val_loss                 0.0762
2025-04-25 03:43:03,336 simple_logger.py log_once [line:28] INFO std_val_loss                  0.0392
2025-04-25 03:43:03,336 fedbase.py run [line:323] INFO expense           30338390.0
2025-04-25 03:43:03,337 fedbase.py run [line:324] INFO Eval Time Cost:               2.0097s
2025-04-25 03:43:03,337 asyncbase.py iterate [line:68] INFO Select clients [0, 1, 2, 3, 4, 5, 6, 7, 8, 9, 10, 11, 12, 13, 14, 15, 16, 17, 18, 19] at time 3579.
2025-04-25 03:43:14,981 asyncbase.py iterate [line:73] INFO Receive new models from clients [12, 1, 2] at time 3591
2025-04-25 03:43:14,981 asyncbase.py iterate [line:73] INFO Receive new models from clients [0, 4, 11, 17, 5, 18, 15, 3, 9, 14] at time 3592
2025-04-25 03:43:14,981 asyncbase.py iterate [line:73] INFO Receive new models from clients [19, 8, 7, 13] at time 3593
2025-04-25 03:43:14,981 asyncbase.py iterate [line:73] INFO Receive new models from clients [10, 6, 16] at time 3594
2025-04-25 03:43:15,036 fedbase.py run [line:318] INFO --------------Round 230--------------
2025-04-25 03:43:15,036 simple_logger.py log_once [line:14] INFO Current_time:3594
2025-04-25 03:43:17,062 simple_logger.py log_once [line:28] INFO test_accuracy                 0.9885
2025-04-25 03:43:17,062 simple_logger.py log_once [line:28] INFO test_loss                     0.0566
2025-04-25 03:43:17,063 simple_logger.py log_once [line:28] INFO val_accuracy                  0.9865
2025-04-25 03:43:17,063 simple_logger.py log_once [line:28] INFO mean_val_accuracy             0.9865
2025-04-25 03:43:17,063 simple_logger.py log_once [line:28] INFO std_val_accuracy              0.0070
2025-04-25 03:43:17,063 simple_logger.py log_once [line:28] INFO val_loss                      0.0752
2025-04-25 03:43:17,063 simple_logger.py log_once [line:28] INFO mean_val_loss                 0.0752
2025-04-25 03:43:17,063 simple_logger.py log_once [line:28] INFO std_val_loss                  0.0380
2025-04-25 03:43:17,063 fedbase.py run [line:323] INFO expense           30362230.0
2025-04-25 03:43:17,063 fedbase.py run [line:324] INFO Eval Time Cost:               2.0265s
2025-04-25 03:43:17,063 asyncbase.py iterate [line:68] INFO Select clients [0, 1, 2, 3, 4, 5, 6, 7, 8, 9, 10, 11, 12, 13, 14, 15, 16, 17, 18, 19] at time 3595.
2025-04-25 03:43:28,960 asyncbase.py iterate [line:73] INFO Receive new models from clients [10, 18] at time 3607
2025-04-25 03:43:28,960 asyncbase.py iterate [line:73] INFO Receive new models from clients [9, 5, 6, 17, 2, 0, 15, 14, 1] at time 3608
2025-04-25 03:43:28,961 asyncbase.py iterate [line:73] INFO Receive new models from clients [12, 19, 11, 4, 13, 3] at time 3609
2025-04-25 03:43:28,961 asyncbase.py iterate [line:73] INFO Receive new models from clients [7, 8, 16] at time 3610
2025-04-25 03:43:29,014 fedbase.py run [line:318] INFO --------------Round 231--------------
2025-04-25 03:43:29,014 simple_logger.py log_once [line:14] INFO Current_time:3610
2025-04-25 03:43:31,028 simple_logger.py log_once [line:28] INFO test_accuracy                 0.9887
2025-04-25 03:43:31,028 simple_logger.py log_once [line:28] INFO test_loss                     0.0565
2025-04-25 03:43:31,028 simple_logger.py log_once [line:28] INFO val_accuracy                  0.9858
2025-04-25 03:43:31,028 simple_logger.py log_once [line:28] INFO mean_val_accuracy             0.9858
2025-04-25 03:43:31,028 simple_logger.py log_once [line:28] INFO std_val_accuracy              0.0071
2025-04-25 03:43:31,028 simple_logger.py log_once [line:28] INFO val_loss                      0.0753
2025-04-25 03:43:31,028 simple_logger.py log_once [line:28] INFO mean_val_loss                 0.0753
2025-04-25 03:43:31,028 simple_logger.py log_once [line:28] INFO std_val_loss                  0.0386
2025-04-25 03:43:31,028 fedbase.py run [line:323] INFO expense           30386070.0
2025-04-25 03:43:31,028 fedbase.py run [line:324] INFO Eval Time Cost:               2.0142s
2025-04-25 03:43:31,029 asyncbase.py iterate [line:68] INFO Select clients [0, 1, 2, 3, 4, 5, 6, 7, 8, 9, 10, 11, 12, 13, 14, 15, 16, 17, 18, 19] at time 3611.
2025-04-25 03:43:42,539 asyncbase.py iterate [line:73] INFO Receive new models from clients [3, 19, 7] at time 3623
2025-04-25 03:43:42,539 asyncbase.py iterate [line:73] INFO Receive new models from clients [15, 16, 17, 13, 5, 4, 9, 2] at time 3624
2025-04-25 03:43:42,539 asyncbase.py iterate [line:73] INFO Receive new models from clients [1, 10, 8, 6, 14, 18, 0] at time 3625
2025-04-25 03:43:42,540 asyncbase.py iterate [line:73] INFO Receive new models from clients [12, 11] at time 3626
2025-04-25 03:43:42,592 fedbase.py run [line:318] INFO --------------Round 232--------------
2025-04-25 03:43:42,592 simple_logger.py log_once [line:14] INFO Current_time:3626
2025-04-25 03:43:44,591 simple_logger.py log_once [line:28] INFO test_accuracy                 0.9883
2025-04-25 03:43:44,591 simple_logger.py log_once [line:28] INFO test_loss                     0.0563
2025-04-25 03:43:44,591 simple_logger.py log_once [line:28] INFO val_accuracy                  0.9865
2025-04-25 03:43:44,591 simple_logger.py log_once [line:28] INFO mean_val_accuracy             0.9865
2025-04-25 03:43:44,591 simple_logger.py log_once [line:28] INFO std_val_accuracy              0.0072
2025-04-25 03:43:44,591 simple_logger.py log_once [line:28] INFO val_loss                      0.0787
2025-04-25 03:43:44,591 simple_logger.py log_once [line:28] INFO mean_val_loss                 0.0787
2025-04-25 03:43:44,591 simple_logger.py log_once [line:28] INFO std_val_loss                  0.0390
2025-04-25 03:43:44,592 fedbase.py run [line:323] INFO expense           30409910.0
2025-04-25 03:43:44,592 fedbase.py run [line:324] INFO Eval Time Cost:               1.9997s
2025-04-25 03:43:44,592 asyncbase.py iterate [line:68] INFO Select clients [0, 1, 2, 3, 4, 5, 6, 7, 8, 9, 10, 11, 12, 13, 14, 15, 16, 17, 18, 19] at time 3627.
2025-04-25 03:43:55,742 asyncbase.py iterate [line:73] INFO Receive new models from clients [8, 0] at time 3639
2025-04-25 03:43:55,742 asyncbase.py iterate [line:73] INFO Receive new models from clients [18, 12, 16, 1, 9, 7, 19, 5, 2] at time 3640
2025-04-25 03:43:55,742 asyncbase.py iterate [line:73] INFO Receive new models from clients [15, 10, 6, 3, 11, 14, 13, 4] at time 3641
2025-04-25 03:43:55,742 asyncbase.py iterate [line:73] INFO Receive new models from clients [17] at time 3642
2025-04-25 03:43:55,795 fedbase.py run [line:318] INFO --------------Round 233--------------
2025-04-25 03:43:55,796 simple_logger.py log_once [line:14] INFO Current_time:3642
2025-04-25 03:43:57,839 simple_logger.py log_once [line:28] INFO test_accuracy                 0.9889
2025-04-25 03:43:57,839 simple_logger.py log_once [line:28] INFO test_loss                     0.0556
2025-04-25 03:43:57,839 simple_logger.py log_once [line:28] INFO val_accuracy                  0.9868
2025-04-25 03:43:57,839 simple_logger.py log_once [line:28] INFO mean_val_accuracy             0.9868
2025-04-25 03:43:57,840 simple_logger.py log_once [line:28] INFO std_val_accuracy              0.0075
2025-04-25 03:43:57,840 simple_logger.py log_once [line:28] INFO val_loss                      0.0801
2025-04-25 03:43:57,840 simple_logger.py log_once [line:28] INFO mean_val_loss                 0.0801
2025-04-25 03:43:57,840 simple_logger.py log_once [line:28] INFO std_val_loss                  0.0405
2025-04-25 03:43:57,840 fedbase.py run [line:323] INFO expense           30433750.0
2025-04-25 03:43:57,840 fedbase.py run [line:324] INFO Eval Time Cost:               2.0442s
2025-04-25 03:43:57,840 asyncbase.py iterate [line:68] INFO Select clients [0, 1, 2, 3, 4, 5, 6, 7, 8, 9, 10, 11, 12, 13, 14, 15, 16, 17, 18, 19] at time 3643.
2025-04-25 03:44:10,334 asyncbase.py iterate [line:73] INFO Receive new models from clients [13, 3, 16] at time 3655
2025-04-25 03:44:10,334 asyncbase.py iterate [line:73] INFO Receive new models from clients [17, 8, 10] at time 3656
2025-04-25 03:44:10,334 asyncbase.py iterate [line:73] INFO Receive new models from clients [6, 14, 4, 15, 11, 9, 0, 7, 5, 1, 19, 18] at time 3657
2025-04-25 03:44:10,334 asyncbase.py iterate [line:73] INFO Receive new models from clients [2, 12] at time 3658
2025-04-25 03:44:10,387 fedbase.py run [line:318] INFO --------------Round 234--------------
2025-04-25 03:44:10,387 simple_logger.py log_once [line:14] INFO Current_time:3658
2025-04-25 03:44:12,422 simple_logger.py log_once [line:28] INFO test_accuracy                 0.9890
2025-04-25 03:44:12,422 simple_logger.py log_once [line:28] INFO test_loss                     0.0551
2025-04-25 03:44:12,423 simple_logger.py log_once [line:28] INFO val_accuracy                  0.9875
2025-04-25 03:44:12,423 simple_logger.py log_once [line:28] INFO mean_val_accuracy             0.9875
2025-04-25 03:44:12,423 simple_logger.py log_once [line:28] INFO std_val_accuracy              0.0067
2025-04-25 03:44:12,423 simple_logger.py log_once [line:28] INFO val_loss                      0.0766
2025-04-25 03:44:12,423 simple_logger.py log_once [line:28] INFO mean_val_loss                 0.0766
2025-04-25 03:44:12,423 simple_logger.py log_once [line:28] INFO std_val_loss                  0.0390
2025-04-25 03:44:12,423 fedbase.py run [line:323] INFO expense           30457590.0
2025-04-25 03:44:12,423 fedbase.py run [line:324] INFO Eval Time Cost:               2.0360s
2025-04-25 03:44:12,423 asyncbase.py iterate [line:68] INFO Select clients [0, 1, 2, 3, 4, 5, 6, 7, 8, 9, 10, 11, 12, 13, 14, 15, 16, 17, 18, 19] at time 3659.
2025-04-25 03:44:24,438 asyncbase.py iterate [line:73] INFO Receive new models from clients [0, 1] at time 3671
2025-04-25 03:44:24,439 asyncbase.py iterate [line:73] INFO Receive new models from clients [8, 14, 12, 11, 17, 2, 4, 5, 19, 10, 9, 15] at time 3672
2025-04-25 03:44:24,439 asyncbase.py iterate [line:73] INFO Receive new models from clients [3, 13, 7] at time 3673
2025-04-25 03:44:24,439 asyncbase.py iterate [line:73] INFO Receive new models from clients [18, 16, 6] at time 3674
2025-04-25 03:44:24,492 fedbase.py run [line:318] INFO --------------Round 235--------------
2025-04-25 03:44:24,492 simple_logger.py log_once [line:14] INFO Current_time:3674
2025-04-25 03:44:26,493 simple_logger.py log_once [line:28] INFO test_accuracy                 0.9887
2025-04-25 03:44:26,493 simple_logger.py log_once [line:28] INFO test_loss                     0.0572
2025-04-25 03:44:26,494 simple_logger.py log_once [line:28] INFO val_accuracy                  0.9862
2025-04-25 03:44:26,494 simple_logger.py log_once [line:28] INFO mean_val_accuracy             0.9862
2025-04-25 03:44:26,494 simple_logger.py log_once [line:28] INFO std_val_accuracy              0.0075
2025-04-25 03:44:26,494 simple_logger.py log_once [line:28] INFO val_loss                      0.0751
2025-04-25 03:44:26,494 simple_logger.py log_once [line:28] INFO mean_val_loss                 0.0751
2025-04-25 03:44:26,494 simple_logger.py log_once [line:28] INFO std_val_loss                  0.0403
2025-04-25 03:44:26,494 fedbase.py run [line:323] INFO expense           30481430.0
2025-04-25 03:44:26,494 fedbase.py run [line:324] INFO Eval Time Cost:               2.0021s
2025-04-25 03:44:26,495 asyncbase.py iterate [line:68] INFO Select clients [0, 1, 2, 3, 4, 5, 6, 7, 8, 9, 10, 11, 12, 13, 14, 15, 16, 17, 18, 19] at time 3675.
2025-04-25 03:44:37,635 asyncbase.py iterate [line:73] INFO Receive new models from clients [17, 9] at time 3687
2025-04-25 03:44:37,636 asyncbase.py iterate [line:73] INFO Receive new models from clients [10, 11, 19, 15, 12, 8, 14, 7, 3, 4] at time 3688
2025-04-25 03:44:37,636 asyncbase.py iterate [line:73] INFO Receive new models from clients [6, 2, 0, 5, 1, 18, 16] at time 3689
2025-04-25 03:44:37,636 asyncbase.py iterate [line:73] INFO Receive new models from clients [13] at time 3690
2025-04-25 03:44:37,689 fedbase.py run [line:318] INFO --------------Round 236--------------
2025-04-25 03:44:37,689 simple_logger.py log_once [line:14] INFO Current_time:3690
2025-04-25 03:44:39,721 simple_logger.py log_once [line:28] INFO test_accuracy                 0.9896
2025-04-25 03:44:39,721 simple_logger.py log_once [line:28] INFO test_loss                     0.0570
2025-04-25 03:44:39,721 simple_logger.py log_once [line:28] INFO val_accuracy                  0.9865
2025-04-25 03:44:39,721 simple_logger.py log_once [line:28] INFO mean_val_accuracy             0.9865
2025-04-25 03:44:39,721 simple_logger.py log_once [line:28] INFO std_val_accuracy              0.0081
2025-04-25 03:44:39,721 simple_logger.py log_once [line:28] INFO val_loss                      0.0762
2025-04-25 03:44:39,721 simple_logger.py log_once [line:28] INFO mean_val_loss                 0.0762
2025-04-25 03:44:39,721 simple_logger.py log_once [line:28] INFO std_val_loss                  0.0400
2025-04-25 03:44:39,721 fedbase.py run [line:323] INFO expense           30505270.0
2025-04-25 03:44:39,721 fedbase.py run [line:324] INFO Eval Time Cost:               2.0320s
2025-04-25 03:44:39,722 asyncbase.py iterate [line:68] INFO Select clients [0, 1, 2, 3, 4, 5, 6, 7, 8, 9, 10, 11, 12, 13, 14, 15, 16, 17, 18, 19] at time 3691.
2025-04-25 03:44:51,532 asyncbase.py iterate [line:73] INFO Receive new models from clients [12, 2, 10] at time 3703
2025-04-25 03:44:51,533 asyncbase.py iterate [line:73] INFO Receive new models from clients [11, 5, 9, 16, 13, 0, 18, 6, 4, 1] at time 3704
2025-04-25 03:44:51,533 asyncbase.py iterate [line:73] INFO Receive new models from clients [8, 7, 17, 3] at time 3705
2025-04-25 03:44:51,533 asyncbase.py iterate [line:73] INFO Receive new models from clients [15, 14, 19] at time 3706
2025-04-25 03:44:51,587 fedbase.py run [line:318] INFO --------------Round 237--------------
2025-04-25 03:44:51,587 simple_logger.py log_once [line:14] INFO Current_time:3706
2025-04-25 03:44:53,600 simple_logger.py log_once [line:28] INFO test_accuracy                 0.9891
2025-04-25 03:44:53,600 simple_logger.py log_once [line:28] INFO test_loss                     0.0565
2025-04-25 03:44:53,600 simple_logger.py log_once [line:28] INFO val_accuracy                  0.9870
2025-04-25 03:44:53,600 simple_logger.py log_once [line:28] INFO mean_val_accuracy             0.9870
2025-04-25 03:44:53,600 simple_logger.py log_once [line:28] INFO std_val_accuracy              0.0072
2025-04-25 03:44:53,600 simple_logger.py log_once [line:28] INFO val_loss                      0.0779
2025-04-25 03:44:53,600 simple_logger.py log_once [line:28] INFO mean_val_loss                 0.0779
2025-04-25 03:44:53,600 simple_logger.py log_once [line:28] INFO std_val_loss                  0.0411
2025-04-25 03:44:53,600 fedbase.py run [line:323] INFO expense           30529110.0
2025-04-25 03:44:53,600 fedbase.py run [line:324] INFO Eval Time Cost:               2.0136s
2025-04-25 03:44:53,601 asyncbase.py iterate [line:68] INFO Select clients [0, 1, 2, 3, 4, 5, 6, 7, 8, 9, 10, 11, 12, 13, 14, 15, 16, 17, 18, 19] at time 3707.
2025-04-25 03:45:05,995 asyncbase.py iterate [line:73] INFO Receive new models from clients [17] at time 3719
2025-04-25 03:45:05,995 asyncbase.py iterate [line:73] INFO Receive new models from clients [12, 13, 7, 3, 8, 9, 6, 16, 1] at time 3720
2025-04-25 03:45:05,995 asyncbase.py iterate [line:73] INFO Receive new models from clients [11, 5, 14, 18, 2, 10, 4, 0, 15] at time 3721
2025-04-25 03:45:05,995 asyncbase.py iterate [line:73] INFO Receive new models from clients [19] at time 3722
2025-04-25 03:45:06,049 fedbase.py run [line:318] INFO --------------Round 238--------------
2025-04-25 03:45:06,049 simple_logger.py log_once [line:14] INFO Current_time:3722
2025-04-25 03:45:08,059 simple_logger.py log_once [line:28] INFO test_accuracy                 0.9886
2025-04-25 03:45:08,060 simple_logger.py log_once [line:28] INFO test_loss                     0.0576
2025-04-25 03:45:08,060 simple_logger.py log_once [line:28] INFO val_accuracy                  0.9873
2025-04-25 03:45:08,060 simple_logger.py log_once [line:28] INFO mean_val_accuracy             0.9873
2025-04-25 03:45:08,060 simple_logger.py log_once [line:28] INFO std_val_accuracy              0.0073
2025-04-25 03:45:08,060 simple_logger.py log_once [line:28] INFO val_loss                      0.0774
2025-04-25 03:45:08,060 simple_logger.py log_once [line:28] INFO mean_val_loss                 0.0774
2025-04-25 03:45:08,060 simple_logger.py log_once [line:28] INFO std_val_loss                  0.0427
2025-04-25 03:45:08,060 fedbase.py run [line:323] INFO expense           30552950.0
2025-04-25 03:45:08,060 fedbase.py run [line:324] INFO Eval Time Cost:               2.0107s
2025-04-25 03:45:08,060 asyncbase.py iterate [line:68] INFO Select clients [0, 1, 2, 3, 4, 5, 6, 7, 8, 9, 10, 11, 12, 13, 14, 15, 16, 17, 18, 19] at time 3723.
2025-04-25 03:45:19,576 asyncbase.py iterate [line:73] INFO Receive new models from clients [0, 2, 5] at time 3735
2025-04-25 03:45:19,576 asyncbase.py iterate [line:73] INFO Receive new models from clients [18, 14, 12, 19, 17, 3, 4, 11, 8] at time 3736
2025-04-25 03:45:19,576 asyncbase.py iterate [line:73] INFO Receive new models from clients [15, 9, 7, 16, 6, 10, 13] at time 3737
2025-04-25 03:45:19,576 asyncbase.py iterate [line:73] INFO Receive new models from clients [1] at time 3738
2025-04-25 03:45:19,629 fedbase.py run [line:318] INFO --------------Round 239--------------
2025-04-25 03:45:19,630 simple_logger.py log_once [line:14] INFO Current_time:3738
2025-04-25 03:45:21,712 simple_logger.py log_once [line:28] INFO test_accuracy                 0.9883
2025-04-25 03:45:21,713 simple_logger.py log_once [line:28] INFO test_loss                     0.0556
2025-04-25 03:45:21,713 simple_logger.py log_once [line:28] INFO val_accuracy                  0.9867
2025-04-25 03:45:21,713 simple_logger.py log_once [line:28] INFO mean_val_accuracy             0.9867
2025-04-25 03:45:21,713 simple_logger.py log_once [line:28] INFO std_val_accuracy              0.0077
2025-04-25 03:45:21,713 simple_logger.py log_once [line:28] INFO val_loss                      0.0772
2025-04-25 03:45:21,713 simple_logger.py log_once [line:28] INFO mean_val_loss                 0.0772
2025-04-25 03:45:21,713 simple_logger.py log_once [line:28] INFO std_val_loss                  0.0427
2025-04-25 03:45:21,713 fedbase.py run [line:323] INFO expense           30576790.0
2025-04-25 03:45:21,713 fedbase.py run [line:324] INFO Eval Time Cost:               2.0834s
2025-04-25 03:45:21,713 asyncbase.py iterate [line:68] INFO Select clients [0, 1, 2, 3, 4, 5, 6, 7, 8, 9, 10, 11, 12, 13, 14, 15, 16, 17, 18, 19] at time 3739.
2025-04-25 03:45:33,715 asyncbase.py iterate [line:73] INFO Receive new models from clients [17, 12, 2, 7, 6] at time 3751
2025-04-25 03:45:33,715 asyncbase.py iterate [line:73] INFO Receive new models from clients [3, 14, 13, 8, 4] at time 3752
2025-04-25 03:45:33,715 asyncbase.py iterate [line:73] INFO Receive new models from clients [18, 10, 0, 16, 9, 15, 1, 5] at time 3753
2025-04-25 03:45:33,715 asyncbase.py iterate [line:73] INFO Receive new models from clients [19, 11] at time 3754
2025-04-25 03:45:33,772 fedbase.py run [line:318] INFO --------------Round 240--------------
2025-04-25 03:45:33,772 simple_logger.py log_once [line:14] INFO Current_time:3754
2025-04-25 03:45:35,774 simple_logger.py log_once [line:28] INFO test_accuracy                 0.9891
2025-04-25 03:45:35,775 simple_logger.py log_once [line:28] INFO test_loss                     0.0566
2025-04-25 03:45:35,775 simple_logger.py log_once [line:28] INFO val_accuracy                  0.9865
2025-04-25 03:45:35,775 simple_logger.py log_once [line:28] INFO mean_val_accuracy             0.9865
2025-04-25 03:45:35,775 simple_logger.py log_once [line:28] INFO std_val_accuracy              0.0070
2025-04-25 03:45:35,775 simple_logger.py log_once [line:28] INFO val_loss                      0.0760
2025-04-25 03:45:35,775 simple_logger.py log_once [line:28] INFO mean_val_loss                 0.0760
2025-04-25 03:45:35,775 simple_logger.py log_once [line:28] INFO std_val_loss                  0.0398
2025-04-25 03:45:35,775 fedbase.py run [line:323] INFO expense           30600630.0
2025-04-25 03:45:35,775 fedbase.py run [line:324] INFO Eval Time Cost:               2.0032s
2025-04-25 03:45:35,775 asyncbase.py iterate [line:68] INFO Select clients [0, 1, 2, 3, 4, 5, 6, 7, 8, 9, 10, 11, 12, 13, 14, 15, 16, 17, 18, 19] at time 3755.
2025-04-25 03:45:47,126 asyncbase.py iterate [line:73] INFO Receive new models from clients [12, 19, 9] at time 3767
2025-04-25 03:45:47,127 asyncbase.py iterate [line:73] INFO Receive new models from clients [15, 13, 17, 14, 3, 11, 10, 5, 7, 4, 2, 18] at time 3768
2025-04-25 03:45:47,127 asyncbase.py iterate [line:73] INFO Receive new models from clients [0, 16, 8] at time 3769
2025-04-25 03:45:47,127 asyncbase.py iterate [line:73] INFO Receive new models from clients [6, 1] at time 3770
2025-04-25 03:45:47,180 fedbase.py run [line:318] INFO --------------Round 241--------------
2025-04-25 03:45:47,180 simple_logger.py log_once [line:14] INFO Current_time:3770
2025-04-25 03:45:49,168 simple_logger.py log_once [line:28] INFO test_accuracy                 0.9892
2025-04-25 03:45:49,168 simple_logger.py log_once [line:28] INFO test_loss                     0.0552
2025-04-25 03:45:49,168 simple_logger.py log_once [line:28] INFO val_accuracy                  0.9863
2025-04-25 03:45:49,168 simple_logger.py log_once [line:28] INFO mean_val_accuracy             0.9863
2025-04-25 03:45:49,168 simple_logger.py log_once [line:28] INFO std_val_accuracy              0.0067
2025-04-25 03:45:49,168 simple_logger.py log_once [line:28] INFO val_loss                      0.0754
2025-04-25 03:45:49,168 simple_logger.py log_once [line:28] INFO mean_val_loss                 0.0754
2025-04-25 03:45:49,169 simple_logger.py log_once [line:28] INFO std_val_loss                  0.0385
2025-04-25 03:45:49,169 fedbase.py run [line:323] INFO expense           30624470.0
2025-04-25 03:45:49,169 fedbase.py run [line:324] INFO Eval Time Cost:               1.9886s
2025-04-25 03:45:49,169 asyncbase.py iterate [line:68] INFO Select clients [0, 1, 2, 3, 4, 5, 6, 7, 8, 9, 10, 11, 12, 13, 14, 15, 16, 17, 18, 19] at time 3771.
2025-04-25 03:46:00,453 asyncbase.py iterate [line:73] INFO Receive new models from clients [8, 19, 16, 4] at time 3783
2025-04-25 03:46:00,453 asyncbase.py iterate [line:73] INFO Receive new models from clients [2, 11, 0, 15, 5, 3, 6] at time 3784
2025-04-25 03:46:00,453 asyncbase.py iterate [line:73] INFO Receive new models from clients [9, 14, 18, 13, 12] at time 3785
2025-04-25 03:46:00,453 asyncbase.py iterate [line:73] INFO Receive new models from clients [1, 7, 10, 17] at time 3786
2025-04-25 03:46:00,506 fedbase.py run [line:318] INFO --------------Round 242--------------
2025-04-25 03:46:00,506 simple_logger.py log_once [line:14] INFO Current_time:3786
2025-04-25 03:46:02,495 simple_logger.py log_once [line:28] INFO test_accuracy                 0.9884
2025-04-25 03:46:02,495 simple_logger.py log_once [line:28] INFO test_loss                     0.0560
2025-04-25 03:46:02,495 simple_logger.py log_once [line:28] INFO val_accuracy                  0.9867
2025-04-25 03:46:02,496 simple_logger.py log_once [line:28] INFO mean_val_accuracy             0.9867
2025-04-25 03:46:02,496 simple_logger.py log_once [line:28] INFO std_val_accuracy              0.0072
2025-04-25 03:46:02,496 simple_logger.py log_once [line:28] INFO val_loss                      0.0748
2025-04-25 03:46:02,496 simple_logger.py log_once [line:28] INFO mean_val_loss                 0.0748
2025-04-25 03:46:02,496 simple_logger.py log_once [line:28] INFO std_val_loss                  0.0403
2025-04-25 03:46:02,496 fedbase.py run [line:323] INFO expense           30648310.0
2025-04-25 03:46:02,496 fedbase.py run [line:324] INFO Eval Time Cost:               1.9897s
2025-04-25 03:46:02,496 asyncbase.py iterate [line:68] INFO Select clients [0, 1, 2, 3, 4, 5, 6, 7, 8, 9, 10, 11, 12, 13, 14, 15, 16, 17, 18, 19] at time 3787.
2025-04-25 03:46:13,603 asyncbase.py iterate [line:73] INFO Receive new models from clients [3, 13] at time 3799
2025-04-25 03:46:13,603 asyncbase.py iterate [line:73] INFO Receive new models from clients [14, 17, 9, 4, 12, 2, 19, 7, 5, 6] at time 3800
2025-04-25 03:46:13,603 asyncbase.py iterate [line:73] INFO Receive new models from clients [18, 1, 0, 11, 16, 10] at time 3801
2025-04-25 03:46:13,603 asyncbase.py iterate [line:73] INFO Receive new models from clients [15, 8] at time 3802
2025-04-25 03:46:13,657 fedbase.py run [line:318] INFO --------------Round 243--------------
2025-04-25 03:46:13,658 simple_logger.py log_once [line:14] INFO Current_time:3802
2025-04-25 03:46:15,698 simple_logger.py log_once [line:28] INFO test_accuracy                 0.9885
2025-04-25 03:46:15,698 simple_logger.py log_once [line:28] INFO test_loss                     0.0557
2025-04-25 03:46:15,698 simple_logger.py log_once [line:28] INFO val_accuracy                  0.9868
2025-04-25 03:46:15,698 simple_logger.py log_once [line:28] INFO mean_val_accuracy             0.9868
2025-04-25 03:46:15,698 simple_logger.py log_once [line:28] INFO std_val_accuracy              0.0064
2025-04-25 03:46:15,698 simple_logger.py log_once [line:28] INFO val_loss                      0.0743
2025-04-25 03:46:15,698 simple_logger.py log_once [line:28] INFO mean_val_loss                 0.0743
2025-04-25 03:46:15,698 simple_logger.py log_once [line:28] INFO std_val_loss                  0.0397
2025-04-25 03:46:15,698 fedbase.py run [line:323] INFO expense           30672150.0
2025-04-25 03:46:15,699 fedbase.py run [line:324] INFO Eval Time Cost:               2.0410s
2025-04-25 03:46:15,699 asyncbase.py iterate [line:68] INFO Select clients [0, 1, 2, 3, 4, 5, 6, 7, 8, 9, 10, 11, 12, 13, 14, 15, 16, 17, 18, 19] at time 3803.
2025-04-25 03:46:26,904 asyncbase.py iterate [line:73] INFO Receive new models from clients [3, 0] at time 3815
2025-04-25 03:46:26,904 asyncbase.py iterate [line:73] INFO Receive new models from clients [10, 9, 7, 19, 18, 6, 11] at time 3816
2025-04-25 03:46:26,905 asyncbase.py iterate [line:73] INFO Receive new models from clients [5, 16, 13, 12, 4, 14, 1, 2] at time 3817
2025-04-25 03:46:26,905 asyncbase.py iterate [line:73] INFO Receive new models from clients [17, 15, 8] at time 3818
2025-04-25 03:46:26,960 fedbase.py run [line:318] INFO --------------Round 244--------------
2025-04-25 03:46:26,960 simple_logger.py log_once [line:14] INFO Current_time:3818
2025-04-25 03:46:28,980 simple_logger.py log_once [line:28] INFO test_accuracy                 0.9890
2025-04-25 03:46:28,980 simple_logger.py log_once [line:28] INFO test_loss                     0.0553
2025-04-25 03:46:28,980 simple_logger.py log_once [line:28] INFO val_accuracy                  0.9870
2025-04-25 03:46:28,980 simple_logger.py log_once [line:28] INFO mean_val_accuracy             0.9870
2025-04-25 03:46:28,980 simple_logger.py log_once [line:28] INFO std_val_accuracy              0.0067
2025-04-25 03:46:28,980 simple_logger.py log_once [line:28] INFO val_loss                      0.0765
2025-04-25 03:46:28,980 simple_logger.py log_once [line:28] INFO mean_val_loss                 0.0765
2025-04-25 03:46:28,980 simple_logger.py log_once [line:28] INFO std_val_loss                  0.0408
2025-04-25 03:46:28,980 fedbase.py run [line:323] INFO expense           30695990.0
2025-04-25 03:46:28,980 fedbase.py run [line:324] INFO Eval Time Cost:               2.0206s
2025-04-25 03:46:28,980 asyncbase.py iterate [line:68] INFO Select clients [0, 1, 2, 3, 4, 5, 6, 7, 8, 9, 10, 11, 12, 13, 14, 15, 16, 17, 18, 19] at time 3819.
2025-04-25 03:46:40,522 asyncbase.py iterate [line:73] INFO Receive new models from clients [3, 13, 11] at time 3831
2025-04-25 03:46:40,523 asyncbase.py iterate [line:73] INFO Receive new models from clients [19, 7, 10, 8, 4, 0, 16, 6, 18, 5] at time 3832
2025-04-25 03:46:40,523 asyncbase.py iterate [line:73] INFO Receive new models from clients [14, 12, 2, 17, 9, 1, 15] at time 3833
2025-04-25 03:46:40,579 fedbase.py run [line:318] INFO --------------Round 245--------------
2025-04-25 03:46:40,579 simple_logger.py log_once [line:14] INFO Current_time:3833
2025-04-25 03:46:42,596 simple_logger.py log_once [line:28] INFO test_accuracy                 0.9890
2025-04-25 03:46:42,596 simple_logger.py log_once [line:28] INFO test_loss                     0.0551
2025-04-25 03:46:42,596 simple_logger.py log_once [line:28] INFO val_accuracy                  0.9873
2025-04-25 03:46:42,596 simple_logger.py log_once [line:28] INFO mean_val_accuracy             0.9873
2025-04-25 03:46:42,596 simple_logger.py log_once [line:28] INFO std_val_accuracy              0.0065
2025-04-25 03:46:42,596 simple_logger.py log_once [line:28] INFO val_loss                      0.0760
2025-04-25 03:46:42,597 simple_logger.py log_once [line:28] INFO mean_val_loss                 0.0760
2025-04-25 03:46:42,597 simple_logger.py log_once [line:28] INFO std_val_loss                  0.0393
2025-04-25 03:46:42,597 fedbase.py run [line:323] INFO expense           30719830.0
2025-04-25 03:46:42,597 fedbase.py run [line:324] INFO Eval Time Cost:               2.0176s
2025-04-25 03:46:42,597 asyncbase.py iterate [line:68] INFO Select clients [0, 1, 2, 3, 4, 5, 6, 7, 8, 9, 10, 11, 12, 13, 14, 15, 16, 17, 18, 19] at time 3834.
2025-04-25 03:46:54,120 asyncbase.py iterate [line:73] INFO Receive new models from clients [8] at time 3846
2025-04-25 03:46:54,120 asyncbase.py iterate [line:73] INFO Receive new models from clients [10, 7, 2, 18, 16, 12] at time 3847
2025-04-25 03:46:54,120 asyncbase.py iterate [line:73] INFO Receive new models from clients [15, 0, 4, 3, 11, 17, 9, 13] at time 3848
2025-04-25 03:46:54,121 asyncbase.py iterate [line:73] INFO Receive new models from clients [1, 5, 19, 6, 14] at time 3849
2025-04-25 03:46:54,175 fedbase.py run [line:318] INFO --------------Round 246--------------
2025-04-25 03:46:54,175 simple_logger.py log_once [line:14] INFO Current_time:3849
2025-04-25 03:46:56,202 simple_logger.py log_once [line:28] INFO test_accuracy                 0.9887
2025-04-25 03:46:56,202 simple_logger.py log_once [line:28] INFO test_loss                     0.0555
2025-04-25 03:46:56,202 simple_logger.py log_once [line:28] INFO val_accuracy                  0.9872
2025-04-25 03:46:56,202 simple_logger.py log_once [line:28] INFO mean_val_accuracy             0.9872
2025-04-25 03:46:56,202 simple_logger.py log_once [line:28] INFO std_val_accuracy              0.0063
2025-04-25 03:46:56,203 simple_logger.py log_once [line:28] INFO val_loss                      0.0748
2025-04-25 03:46:56,203 simple_logger.py log_once [line:28] INFO mean_val_loss                 0.0748
2025-04-25 03:46:56,203 simple_logger.py log_once [line:28] INFO std_val_loss                  0.0386
2025-04-25 03:46:56,203 fedbase.py run [line:323] INFO expense           30743670.0
2025-04-25 03:46:56,203 fedbase.py run [line:324] INFO Eval Time Cost:               2.0273s
2025-04-25 03:46:56,203 asyncbase.py iterate [line:68] INFO Select clients [0, 1, 2, 3, 4, 5, 6, 7, 8, 9, 10, 11, 12, 13, 14, 15, 16, 17, 18, 19] at time 3850.
2025-04-25 03:47:07,982 asyncbase.py iterate [line:73] INFO Receive new models from clients [8, 16, 10, 11, 15, 19, 13, 3, 17, 12, 6] at time 3863
2025-04-25 03:47:07,982 asyncbase.py iterate [line:73] INFO Receive new models from clients [7, 18, 2, 9, 4, 0, 14, 1] at time 3864
2025-04-25 03:47:07,982 asyncbase.py iterate [line:73] INFO Receive new models from clients [5] at time 3865
2025-04-25 03:47:08,035 fedbase.py run [line:318] INFO --------------Round 247--------------
2025-04-25 03:47:08,035 simple_logger.py log_once [line:14] INFO Current_time:3865
2025-04-25 03:47:10,033 simple_logger.py log_once [line:28] INFO test_accuracy                 0.9887
2025-04-25 03:47:10,033 simple_logger.py log_once [line:28] INFO test_loss                     0.0559
2025-04-25 03:47:10,033 simple_logger.py log_once [line:28] INFO val_accuracy                  0.9872
2025-04-25 03:47:10,033 simple_logger.py log_once [line:28] INFO mean_val_accuracy             0.9872
2025-04-25 03:47:10,033 simple_logger.py log_once [line:28] INFO std_val_accuracy              0.0069
2025-04-25 03:47:10,034 simple_logger.py log_once [line:28] INFO val_loss                      0.0753
2025-04-25 03:47:10,034 simple_logger.py log_once [line:28] INFO mean_val_loss                 0.0753
2025-04-25 03:47:10,034 simple_logger.py log_once [line:28] INFO std_val_loss                  0.0396
2025-04-25 03:47:10,034 fedbase.py run [line:323] INFO expense           30767510.0
2025-04-25 03:47:10,034 fedbase.py run [line:324] INFO Eval Time Cost:               1.9986s
2025-04-25 03:47:10,034 asyncbase.py iterate [line:68] INFO Select clients [0, 1, 2, 3, 4, 5, 6, 7, 8, 9, 10, 11, 12, 13, 14, 15, 16, 17, 18, 19] at time 3866.
2025-04-25 03:47:21,350 asyncbase.py iterate [line:73] INFO Receive new models from clients [7, 8, 12, 2] at time 3878
2025-04-25 03:47:21,350 asyncbase.py iterate [line:73] INFO Receive new models from clients [1, 5, 3, 16, 9, 6, 11, 4] at time 3879
2025-04-25 03:47:21,351 asyncbase.py iterate [line:73] INFO Receive new models from clients [10, 18, 15, 0, 14, 19] at time 3880
2025-04-25 03:47:21,351 asyncbase.py iterate [line:73] INFO Receive new models from clients [17, 13] at time 3881
2025-04-25 03:47:21,405 fedbase.py run [line:318] INFO --------------Round 248--------------
2025-04-25 03:47:21,406 simple_logger.py log_once [line:14] INFO Current_time:3881
2025-04-25 03:47:23,424 simple_logger.py log_once [line:28] INFO test_accuracy                 0.9887
2025-04-25 03:47:23,424 simple_logger.py log_once [line:28] INFO test_loss                     0.0557
2025-04-25 03:47:23,424 simple_logger.py log_once [line:28] INFO val_accuracy                  0.9868
2025-04-25 03:47:23,424 simple_logger.py log_once [line:28] INFO mean_val_accuracy             0.9868
2025-04-25 03:47:23,424 simple_logger.py log_once [line:28] INFO std_val_accuracy              0.0069
2025-04-25 03:47:23,424 simple_logger.py log_once [line:28] INFO val_loss                      0.0733
2025-04-25 03:47:23,424 simple_logger.py log_once [line:28] INFO mean_val_loss                 0.0733
2025-04-25 03:47:23,424 simple_logger.py log_once [line:28] INFO std_val_loss                  0.0380
2025-04-25 03:47:23,425 fedbase.py run [line:323] INFO expense           30791350.0
2025-04-25 03:47:23,425 fedbase.py run [line:324] INFO Eval Time Cost:               2.0190s
2025-04-25 03:47:23,425 asyncbase.py iterate [line:68] INFO Select clients [0, 1, 2, 3, 4, 5, 6, 7, 8, 9, 10, 11, 12, 13, 14, 15, 16, 17, 18, 19] at time 3882.
2025-04-25 03:47:34,746 asyncbase.py iterate [line:73] INFO Receive new models from clients [11, 7] at time 3894
2025-04-25 03:47:34,746 asyncbase.py iterate [line:73] INFO Receive new models from clients [4, 15, 9, 19, 17, 18, 8, 1] at time 3895
2025-04-25 03:47:34,747 asyncbase.py iterate [line:73] INFO Receive new models from clients [5, 0, 13, 2, 16, 12, 3, 14] at time 3896
2025-04-25 03:47:34,747 asyncbase.py iterate [line:73] INFO Receive new models from clients [6, 10] at time 3897
2025-04-25 03:47:34,802 fedbase.py run [line:318] INFO --------------Round 249--------------
2025-04-25 03:47:34,802 simple_logger.py log_once [line:14] INFO Current_time:3897
2025-04-25 03:47:36,833 simple_logger.py log_once [line:28] INFO test_accuracy                 0.9886
2025-04-25 03:47:36,833 simple_logger.py log_once [line:28] INFO test_loss                     0.0564
2025-04-25 03:47:36,833 simple_logger.py log_once [line:28] INFO val_accuracy                  0.9868
2025-04-25 03:47:36,833 simple_logger.py log_once [line:28] INFO mean_val_accuracy             0.9868
2025-04-25 03:47:36,833 simple_logger.py log_once [line:28] INFO std_val_accuracy              0.0070
2025-04-25 03:47:36,833 simple_logger.py log_once [line:28] INFO val_loss                      0.0737
2025-04-25 03:47:36,833 simple_logger.py log_once [line:28] INFO mean_val_loss                 0.0737
2025-04-25 03:47:36,833 simple_logger.py log_once [line:28] INFO std_val_loss                  0.0389
2025-04-25 03:47:36,833 fedbase.py run [line:323] INFO expense           30815190.0
2025-04-25 03:47:36,833 fedbase.py run [line:324] INFO Eval Time Cost:               2.0311s
2025-04-25 03:47:36,834 asyncbase.py iterate [line:68] INFO Select clients [0, 1, 2, 3, 4, 5, 6, 7, 8, 9, 10, 11, 12, 13, 14, 15, 16, 17, 18, 19] at time 3898.
2025-04-25 03:47:48,223 asyncbase.py iterate [line:73] INFO Receive new models from clients [5] at time 3910
2025-04-25 03:47:48,223 asyncbase.py iterate [line:73] INFO Receive new models from clients [7, 12, 9, 14, 11, 8, 0] at time 3911
2025-04-25 03:47:48,223 asyncbase.py iterate [line:73] INFO Receive new models from clients [13, 16, 4, 2, 6, 18, 17, 10, 15, 19, 3] at time 3912
2025-04-25 03:47:48,223 asyncbase.py iterate [line:73] INFO Receive new models from clients [1] at time 3913
2025-04-25 03:47:48,277 fedbase.py run [line:318] INFO --------------Round 250--------------
2025-04-25 03:47:48,277 simple_logger.py log_once [line:14] INFO Current_time:3913
2025-04-25 03:47:50,372 simple_logger.py log_once [line:28] INFO test_accuracy                 0.9885
2025-04-25 03:47:50,372 simple_logger.py log_once [line:28] INFO test_loss                     0.0557
2025-04-25 03:47:50,372 simple_logger.py log_once [line:28] INFO val_accuracy                  0.9868
2025-04-25 03:47:50,372 simple_logger.py log_once [line:28] INFO mean_val_accuracy             0.9868
2025-04-25 03:47:50,372 simple_logger.py log_once [line:28] INFO std_val_accuracy              0.0066
2025-04-25 03:47:50,372 simple_logger.py log_once [line:28] INFO val_loss                      0.0730
2025-04-25 03:47:50,372 simple_logger.py log_once [line:28] INFO mean_val_loss                 0.0730
2025-04-25 03:47:50,372 simple_logger.py log_once [line:28] INFO std_val_loss                  0.0382
2025-04-25 03:47:50,372 fedbase.py run [line:323] INFO expense           30839030.0
2025-04-25 03:47:50,372 fedbase.py run [line:324] INFO Eval Time Cost:               2.0948s
2025-04-25 03:47:50,372 asyncbase.py iterate [line:68] INFO Select clients [0, 1, 2, 3, 4, 5, 6, 7, 8, 9, 10, 11, 12, 13, 14, 15, 16, 17, 18, 19] at time 3914.
2025-04-25 03:48:01,849 asyncbase.py iterate [line:73] INFO Receive new models from clients [17, 4, 6, 8, 5] at time 3926
2025-04-25 03:48:01,849 asyncbase.py iterate [line:73] INFO Receive new models from clients [9, 0, 10, 1, 12, 14, 16] at time 3927
2025-04-25 03:48:01,849 asyncbase.py iterate [line:73] INFO Receive new models from clients [13, 7, 19, 2, 3, 11, 15, 18] at time 3928
2025-04-25 03:48:01,902 fedbase.py run [line:318] INFO --------------Round 251--------------
2025-04-25 03:48:01,902 simple_logger.py log_once [line:14] INFO Current_time:3928
2025-04-25 03:48:03,935 simple_logger.py log_once [line:28] INFO test_accuracy                 0.9888
2025-04-25 03:48:03,935 simple_logger.py log_once [line:28] INFO test_loss                     0.0558
2025-04-25 03:48:03,935 simple_logger.py log_once [line:28] INFO val_accuracy                  0.9867
2025-04-25 03:48:03,935 simple_logger.py log_once [line:28] INFO mean_val_accuracy             0.9867
2025-04-25 03:48:03,935 simple_logger.py log_once [line:28] INFO std_val_accuracy              0.0071
2025-04-25 03:48:03,935 simple_logger.py log_once [line:28] INFO val_loss                      0.0750
2025-04-25 03:48:03,935 simple_logger.py log_once [line:28] INFO mean_val_loss                 0.0750
2025-04-25 03:48:03,936 simple_logger.py log_once [line:28] INFO std_val_loss                  0.0407
2025-04-25 03:48:03,936 fedbase.py run [line:323] INFO expense           30862870.0
2025-04-25 03:48:03,936 fedbase.py run [line:324] INFO Eval Time Cost:               2.0337s
2025-04-25 03:48:03,936 asyncbase.py iterate [line:68] INFO Select clients [0, 1, 2, 3, 4, 5, 6, 7, 8, 9, 10, 11, 12, 13, 14, 15, 16, 17, 18, 19] at time 3929.
2025-04-25 03:48:15,483 asyncbase.py iterate [line:73] INFO Receive new models from clients [2, 6] at time 3941
2025-04-25 03:48:15,484 asyncbase.py iterate [line:73] INFO Receive new models from clients [0, 3, 15, 13, 1, 10, 14, 4, 17, 7] at time 3942
2025-04-25 03:48:15,484 asyncbase.py iterate [line:73] INFO Receive new models from clients [9, 18, 11, 16, 12, 5] at time 3943
2025-04-25 03:48:15,484 asyncbase.py iterate [line:73] INFO Receive new models from clients [8, 19] at time 3944
2025-04-25 03:48:15,538 fedbase.py run [line:318] INFO --------------Round 252--------------
2025-04-25 03:48:15,538 simple_logger.py log_once [line:14] INFO Current_time:3944
2025-04-25 03:48:17,560 simple_logger.py log_once [line:28] INFO test_accuracy                 0.9891
2025-04-25 03:48:17,560 simple_logger.py log_once [line:28] INFO test_loss                     0.0561
2025-04-25 03:48:17,560 simple_logger.py log_once [line:28] INFO val_accuracy                  0.9872
2025-04-25 03:48:17,560 simple_logger.py log_once [line:28] INFO mean_val_accuracy             0.9872
2025-04-25 03:48:17,560 simple_logger.py log_once [line:28] INFO std_val_accuracy              0.0063
2025-04-25 03:48:17,560 simple_logger.py log_once [line:28] INFO val_loss                      0.0742
2025-04-25 03:48:17,560 simple_logger.py log_once [line:28] INFO mean_val_loss                 0.0742
2025-04-25 03:48:17,561 simple_logger.py log_once [line:28] INFO std_val_loss                  0.0410
2025-04-25 03:48:17,561 fedbase.py run [line:323] INFO expense           30886710.0
2025-04-25 03:48:17,561 fedbase.py run [line:324] INFO Eval Time Cost:               2.0227s
2025-04-25 03:48:17,561 asyncbase.py iterate [line:68] INFO Select clients [0, 1, 2, 3, 4, 5, 6, 7, 8, 9, 10, 11, 12, 13, 14, 15, 16, 17, 18, 19] at time 3945.
2025-04-25 03:48:28,881 asyncbase.py iterate [line:73] INFO Receive new models from clients [13, 15] at time 3957
2025-04-25 03:48:28,881 asyncbase.py iterate [line:73] INFO Receive new models from clients [14, 18, 1, 10, 7, 8, 3, 6] at time 3958
2025-04-25 03:48:28,882 asyncbase.py iterate [line:73] INFO Receive new models from clients [17, 16, 4, 2, 12, 5, 0, 11, 9] at time 3959
2025-04-25 03:48:28,882 asyncbase.py iterate [line:73] INFO Receive new models from clients [19] at time 3960
2025-04-25 03:48:28,934 fedbase.py run [line:318] INFO --------------Round 253--------------
2025-04-25 03:48:28,934 simple_logger.py log_once [line:14] INFO Current_time:3960
2025-04-25 03:48:30,943 simple_logger.py log_once [line:28] INFO test_accuracy                 0.9889
2025-04-25 03:48:30,943 simple_logger.py log_once [line:28] INFO test_loss                     0.0576
2025-04-25 03:48:30,943 simple_logger.py log_once [line:28] INFO val_accuracy                  0.9873
2025-04-25 03:48:30,943 simple_logger.py log_once [line:28] INFO mean_val_accuracy             0.9873
2025-04-25 03:48:30,943 simple_logger.py log_once [line:28] INFO std_val_accuracy              0.0065
2025-04-25 03:48:30,943 simple_logger.py log_once [line:28] INFO val_loss                      0.0754
2025-04-25 03:48:30,943 simple_logger.py log_once [line:28] INFO mean_val_loss                 0.0754
2025-04-25 03:48:30,943 simple_logger.py log_once [line:28] INFO std_val_loss                  0.0421
2025-04-25 03:48:30,943 fedbase.py run [line:323] INFO expense           30910550.0
2025-04-25 03:48:30,943 fedbase.py run [line:324] INFO Eval Time Cost:               2.0087s
2025-04-25 03:48:30,943 asyncbase.py iterate [line:68] INFO Select clients [0, 1, 2, 3, 4, 5, 6, 7, 8, 9, 10, 11, 12, 13, 14, 15, 16, 17, 18, 19] at time 3961.
2025-04-25 03:48:41,802 asyncbase.py iterate [line:73] INFO Receive new models from clients [1, 2, 4] at time 3973
2025-04-25 03:48:41,802 asyncbase.py iterate [line:73] INFO Receive new models from clients [14, 15, 17, 12, 10] at time 3974
2025-04-25 03:48:41,802 asyncbase.py iterate [line:73] INFO Receive new models from clients [5, 8, 13, 3, 18, 7, 19, 6, 11, 9, 0, 16] at time 3975
2025-04-25 03:48:41,857 fedbase.py run [line:318] INFO --------------Round 254--------------
2025-04-25 03:48:41,857 simple_logger.py log_once [line:14] INFO Current_time:3975
2025-04-25 03:48:43,869 simple_logger.py log_once [line:28] INFO test_accuracy                 0.9889
2025-04-25 03:48:43,869 simple_logger.py log_once [line:28] INFO test_loss                     0.0553
2025-04-25 03:48:43,869 simple_logger.py log_once [line:28] INFO val_accuracy                  0.9865
2025-04-25 03:48:43,869 simple_logger.py log_once [line:28] INFO mean_val_accuracy             0.9865
2025-04-25 03:48:43,869 simple_logger.py log_once [line:28] INFO std_val_accuracy              0.0070
2025-04-25 03:48:43,869 simple_logger.py log_once [line:28] INFO val_loss                      0.0754
2025-04-25 03:48:43,869 simple_logger.py log_once [line:28] INFO mean_val_loss                 0.0754
2025-04-25 03:48:43,869 simple_logger.py log_once [line:28] INFO std_val_loss                  0.0404
2025-04-25 03:48:43,869 fedbase.py run [line:323] INFO expense           30934390.0
2025-04-25 03:48:43,869 fedbase.py run [line:324] INFO Eval Time Cost:               2.0125s
2025-04-25 03:48:43,869 asyncbase.py iterate [line:68] INFO Select clients [0, 1, 2, 3, 4, 5, 6, 7, 8, 9, 10, 11, 12, 13, 14, 15, 16, 17, 18, 19] at time 3976.
2025-04-25 03:48:55,352 asyncbase.py iterate [line:73] INFO Receive new models from clients [3, 10, 6] at time 3988
2025-04-25 03:48:55,352 asyncbase.py iterate [line:73] INFO Receive new models from clients [12, 17, 15, 0, 8, 4, 18, 1] at time 3989
2025-04-25 03:48:55,352 asyncbase.py iterate [line:73] INFO Receive new models from clients [19, 13, 5, 7, 2, 14, 16] at time 3990
2025-04-25 03:48:55,353 asyncbase.py iterate [line:73] INFO Receive new models from clients [11, 9] at time 3991
2025-04-25 03:48:55,407 fedbase.py run [line:318] INFO --------------Round 255--------------
2025-04-25 03:48:55,407 simple_logger.py log_once [line:14] INFO Current_time:3991
2025-04-25 03:48:57,415 simple_logger.py log_once [line:28] INFO test_accuracy                 0.9893
2025-04-25 03:48:57,415 simple_logger.py log_once [line:28] INFO test_loss                     0.0552
2025-04-25 03:48:57,415 simple_logger.py log_once [line:28] INFO val_accuracy                  0.9867
2025-04-25 03:48:57,415 simple_logger.py log_once [line:28] INFO mean_val_accuracy             0.9867
2025-04-25 03:48:57,415 simple_logger.py log_once [line:28] INFO std_val_accuracy              0.0072
2025-04-25 03:48:57,415 simple_logger.py log_once [line:28] INFO val_loss                      0.0757
2025-04-25 03:48:57,415 simple_logger.py log_once [line:28] INFO mean_val_loss                 0.0757
2025-04-25 03:48:57,415 simple_logger.py log_once [line:28] INFO std_val_loss                  0.0411
2025-04-25 03:48:57,415 fedbase.py run [line:323] INFO expense           30958230.0
2025-04-25 03:48:57,415 fedbase.py run [line:324] INFO Eval Time Cost:               2.0081s
2025-04-25 03:48:57,415 asyncbase.py iterate [line:68] INFO Select clients [0, 1, 2, 3, 4, 5, 6, 7, 8, 9, 10, 11, 12, 13, 14, 15, 16, 17, 18, 19] at time 3992.
2025-04-25 03:49:08,371 asyncbase.py iterate [line:73] INFO Receive new models from clients [12] at time 4004
2025-04-25 03:49:08,372 asyncbase.py iterate [line:73] INFO Receive new models from clients [4, 6, 8, 0, 5, 1, 14, 15] at time 4005
2025-04-25 03:49:08,372 asyncbase.py iterate [line:73] INFO Receive new models from clients [3, 17, 2, 11, 18, 10, 7, 9, 19] at time 4006
2025-04-25 03:49:08,372 asyncbase.py iterate [line:73] INFO Receive new models from clients [13, 16] at time 4007
2025-04-25 03:49:08,426 fedbase.py run [line:318] INFO --------------Round 256--------------
2025-04-25 03:49:08,426 simple_logger.py log_once [line:14] INFO Current_time:4007
2025-04-25 03:49:10,429 simple_logger.py log_once [line:28] INFO test_accuracy                 0.9890
2025-04-25 03:49:10,429 simple_logger.py log_once [line:28] INFO test_loss                     0.0550
2025-04-25 03:49:10,429 simple_logger.py log_once [line:28] INFO val_accuracy                  0.9867
2025-04-25 03:49:10,429 simple_logger.py log_once [line:28] INFO mean_val_accuracy             0.9867
2025-04-25 03:49:10,430 simple_logger.py log_once [line:28] INFO std_val_accuracy              0.0064
2025-04-25 03:49:10,430 simple_logger.py log_once [line:28] INFO val_loss                      0.0749
2025-04-25 03:49:10,430 simple_logger.py log_once [line:28] INFO mean_val_loss                 0.0749
2025-04-25 03:49:10,430 simple_logger.py log_once [line:28] INFO std_val_loss                  0.0404
2025-04-25 03:49:10,430 fedbase.py run [line:323] INFO expense           30982070.0
2025-04-25 03:49:10,430 fedbase.py run [line:324] INFO Eval Time Cost:               2.0039s
2025-04-25 03:49:10,430 asyncbase.py iterate [line:68] INFO Select clients [0, 1, 2, 3, 4, 5, 6, 7, 8, 9, 10, 11, 12, 13, 14, 15, 16, 17, 18, 19] at time 4008.
2025-04-25 03:49:21,971 asyncbase.py iterate [line:73] INFO Receive new models from clients [4] at time 4020
2025-04-25 03:49:21,972 asyncbase.py iterate [line:73] INFO Receive new models from clients [15, 1, 13, 7, 5, 0, 14, 6, 12, 10] at time 4021
2025-04-25 03:49:21,972 asyncbase.py iterate [line:73] INFO Receive new models from clients [3, 8, 16, 2, 17, 19, 11, 18] at time 4022
2025-04-25 03:49:21,972 asyncbase.py iterate [line:73] INFO Receive new models from clients [9] at time 4023
2025-04-25 03:49:22,026 fedbase.py run [line:318] INFO --------------Round 257--------------
2025-04-25 03:49:22,026 simple_logger.py log_once [line:14] INFO Current_time:4023
2025-04-25 03:49:24,053 simple_logger.py log_once [line:28] INFO test_accuracy                 0.9885
2025-04-25 03:49:24,054 simple_logger.py log_once [line:28] INFO test_loss                     0.0569
2025-04-25 03:49:24,054 simple_logger.py log_once [line:28] INFO val_accuracy                  0.9865
2025-04-25 03:49:24,054 simple_logger.py log_once [line:28] INFO mean_val_accuracy             0.9865
2025-04-25 03:49:24,054 simple_logger.py log_once [line:28] INFO std_val_accuracy              0.0065
2025-04-25 03:49:24,054 simple_logger.py log_once [line:28] INFO val_loss                      0.0760
2025-04-25 03:49:24,054 simple_logger.py log_once [line:28] INFO mean_val_loss                 0.0760
2025-04-25 03:49:24,054 simple_logger.py log_once [line:28] INFO std_val_loss                  0.0414
2025-04-25 03:49:24,054 fedbase.py run [line:323] INFO expense           31005910.0
2025-04-25 03:49:24,054 fedbase.py run [line:324] INFO Eval Time Cost:               2.0280s
2025-04-25 03:49:24,054 asyncbase.py iterate [line:68] INFO Select clients [0, 1, 2, 3, 4, 5, 6, 7, 8, 9, 10, 11, 12, 13, 14, 15, 16, 17, 18, 19] at time 4024.
2025-04-25 03:49:35,431 asyncbase.py iterate [line:73] INFO Receive new models from clients [8, 6, 16, 13, 3] at time 4036
2025-04-25 03:49:35,431 asyncbase.py iterate [line:73] INFO Receive new models from clients [9, 4, 1, 12, 7, 10, 0, 15] at time 4037
2025-04-25 03:49:35,431 asyncbase.py iterate [line:73] INFO Receive new models from clients [2, 17, 18, 14, 11, 19, 5] at time 4038
2025-04-25 03:49:35,486 fedbase.py run [line:318] INFO --------------Round 258--------------
2025-04-25 03:49:35,486 simple_logger.py log_once [line:14] INFO Current_time:4038
2025-04-25 03:49:37,542 simple_logger.py log_once [line:28] INFO test_accuracy                 0.9888
2025-04-25 03:49:37,542 simple_logger.py log_once [line:28] INFO test_loss                     0.0561
2025-04-25 03:49:37,542 simple_logger.py log_once [line:28] INFO val_accuracy                  0.9865
2025-04-25 03:49:37,542 simple_logger.py log_once [line:28] INFO mean_val_accuracy             0.9865
2025-04-25 03:49:37,543 simple_logger.py log_once [line:28] INFO std_val_accuracy              0.0070
2025-04-25 03:49:37,543 simple_logger.py log_once [line:28] INFO val_loss                      0.0762
2025-04-25 03:49:37,543 simple_logger.py log_once [line:28] INFO mean_val_loss                 0.0762
2025-04-25 03:49:37,543 simple_logger.py log_once [line:28] INFO std_val_loss                  0.0417
2025-04-25 03:49:37,543 fedbase.py run [line:323] INFO expense           31029750.0
2025-04-25 03:49:37,543 fedbase.py run [line:324] INFO Eval Time Cost:               2.0563s
2025-04-25 03:49:37,543 asyncbase.py iterate [line:68] INFO Select clients [0, 1, 2, 3, 4, 5, 6, 7, 8, 9, 10, 11, 12, 13, 14, 15, 16, 17, 18, 19] at time 4039.
2025-04-25 03:49:48,762 asyncbase.py iterate [line:73] INFO Receive new models from clients [7, 0, 8, 1] at time 4051
2025-04-25 03:49:48,762 asyncbase.py iterate [line:73] INFO Receive new models from clients [2, 15, 19, 18, 14, 9, 17] at time 4052
2025-04-25 03:49:48,763 asyncbase.py iterate [line:73] INFO Receive new models from clients [11, 12, 13, 16, 3, 4, 6, 10] at time 4053
2025-04-25 03:49:48,763 asyncbase.py iterate [line:73] INFO Receive new models from clients [5] at time 4054
2025-04-25 03:49:48,816 fedbase.py run [line:318] INFO --------------Round 259--------------
2025-04-25 03:49:48,816 simple_logger.py log_once [line:14] INFO Current_time:4054
2025-04-25 03:49:50,839 simple_logger.py log_once [line:28] INFO test_accuracy                 0.9882
2025-04-25 03:49:50,839 simple_logger.py log_once [line:28] INFO test_loss                     0.0569
2025-04-25 03:49:50,839 simple_logger.py log_once [line:28] INFO val_accuracy                  0.9863
2025-04-25 03:49:50,839 simple_logger.py log_once [line:28] INFO mean_val_accuracy             0.9863
2025-04-25 03:49:50,839 simple_logger.py log_once [line:28] INFO std_val_accuracy              0.0064
2025-04-25 03:49:50,839 simple_logger.py log_once [line:28] INFO val_loss                      0.0753
2025-04-25 03:49:50,839 simple_logger.py log_once [line:28] INFO mean_val_loss                 0.0753
2025-04-25 03:49:50,839 simple_logger.py log_once [line:28] INFO std_val_loss                  0.0400
2025-04-25 03:49:50,839 fedbase.py run [line:323] INFO expense           31053590.0
2025-04-25 03:49:50,839 fedbase.py run [line:324] INFO Eval Time Cost:               2.0229s
2025-04-25 03:49:50,839 asyncbase.py iterate [line:68] INFO Select clients [0, 1, 2, 3, 4, 5, 6, 7, 8, 9, 10, 11, 12, 13, 14, 15, 16, 17, 18, 19] at time 4055.
2025-04-25 03:50:02,108 asyncbase.py iterate [line:73] INFO Receive new models from clients [12, 11, 10] at time 4067
2025-04-25 03:50:02,108 asyncbase.py iterate [line:73] INFO Receive new models from clients [0, 6] at time 4068
2025-04-25 03:50:02,108 asyncbase.py iterate [line:73] INFO Receive new models from clients [14, 13, 19, 4, 16, 15, 8, 1, 17, 18, 2, 5, 7] at time 4069
2025-04-25 03:50:02,109 asyncbase.py iterate [line:73] INFO Receive new models from clients [3, 9] at time 4070
2025-04-25 03:50:02,161 fedbase.py run [line:318] INFO --------------Round 260--------------
2025-04-25 03:50:02,161 simple_logger.py log_once [line:14] INFO Current_time:4070
2025-04-25 03:50:04,181 simple_logger.py log_once [line:28] INFO test_accuracy                 0.9881
2025-04-25 03:50:04,181 simple_logger.py log_once [line:28] INFO test_loss                     0.0559
2025-04-25 03:50:04,181 simple_logger.py log_once [line:28] INFO val_accuracy                  0.9872
2025-04-25 03:50:04,181 simple_logger.py log_once [line:28] INFO mean_val_accuracy             0.9872
2025-04-25 03:50:04,181 simple_logger.py log_once [line:28] INFO std_val_accuracy              0.0071
2025-04-25 03:50:04,181 simple_logger.py log_once [line:28] INFO val_loss                      0.0771
2025-04-25 03:50:04,181 simple_logger.py log_once [line:28] INFO mean_val_loss                 0.0771
2025-04-25 03:50:04,181 simple_logger.py log_once [line:28] INFO std_val_loss                  0.0424
2025-04-25 03:50:04,181 fedbase.py run [line:323] INFO expense           31077430.0
2025-04-25 03:50:04,181 fedbase.py run [line:324] INFO Eval Time Cost:               2.0199s
2025-04-25 03:50:04,181 asyncbase.py iterate [line:68] INFO Select clients [0, 1, 2, 3, 4, 5, 6, 7, 8, 9, 10, 11, 12, 13, 14, 15, 16, 17, 18, 19] at time 4071.
2025-04-25 03:50:15,772 asyncbase.py iterate [line:73] INFO Receive new models from clients [9, 12] at time 4083
2025-04-25 03:50:15,773 asyncbase.py iterate [line:73] INFO Receive new models from clients [16, 2, 15, 18, 4, 14, 13, 10, 7, 17, 8] at time 4084
2025-04-25 03:50:15,773 asyncbase.py iterate [line:73] INFO Receive new models from clients [3, 0, 11, 1, 6, 5, 19] at time 4085
2025-04-25 03:50:15,825 fedbase.py run [line:318] INFO --------------Round 261--------------
2025-04-25 03:50:15,825 simple_logger.py log_once [line:14] INFO Current_time:4085
2025-04-25 03:50:17,958 simple_logger.py log_once [line:28] INFO test_accuracy                 0.9880
2025-04-25 03:50:17,958 simple_logger.py log_once [line:28] INFO test_loss                     0.0571
2025-04-25 03:50:17,958 simple_logger.py log_once [line:28] INFO val_accuracy                  0.9862
2025-04-25 03:50:17,958 simple_logger.py log_once [line:28] INFO mean_val_accuracy             0.9862
2025-04-25 03:50:17,958 simple_logger.py log_once [line:28] INFO std_val_accuracy              0.0072
2025-04-25 03:50:17,958 simple_logger.py log_once [line:28] INFO val_loss                      0.0786
2025-04-25 03:50:17,958 simple_logger.py log_once [line:28] INFO mean_val_loss                 0.0786
2025-04-25 03:50:17,958 simple_logger.py log_once [line:28] INFO std_val_loss                  0.0428
2025-04-25 03:50:17,958 fedbase.py run [line:323] INFO expense           31101270.0
2025-04-25 03:50:17,958 fedbase.py run [line:324] INFO Eval Time Cost:               2.1331s
2025-04-25 03:50:17,958 asyncbase.py iterate [line:68] INFO Select clients [0, 1, 2, 3, 4, 5, 6, 7, 8, 9, 10, 11, 12, 13, 14, 15, 16, 17, 18, 19] at time 4086.
2025-04-25 03:50:29,434 asyncbase.py iterate [line:73] INFO Receive new models from clients [12, 2, 10] at time 4098
2025-04-25 03:50:29,434 asyncbase.py iterate [line:73] INFO Receive new models from clients [16, 5, 11, 9, 15, 0, 14] at time 4099
2025-04-25 03:50:29,435 asyncbase.py iterate [line:73] INFO Receive new models from clients [4, 6, 1, 3, 8, 7, 19] at time 4100
2025-04-25 03:50:29,435 asyncbase.py iterate [line:73] INFO Receive new models from clients [13, 17, 18] at time 4101
2025-04-25 03:50:29,488 fedbase.py run [line:318] INFO --------------Round 262--------------
2025-04-25 03:50:29,488 simple_logger.py log_once [line:14] INFO Current_time:4101
2025-04-25 03:50:31,511 simple_logger.py log_once [line:28] INFO test_accuracy                 0.9886
2025-04-25 03:50:31,511 simple_logger.py log_once [line:28] INFO test_loss                     0.0572
2025-04-25 03:50:31,512 simple_logger.py log_once [line:28] INFO val_accuracy                  0.9872
2025-04-25 03:50:31,512 simple_logger.py log_once [line:28] INFO mean_val_accuracy             0.9872
2025-04-25 03:50:31,512 simple_logger.py log_once [line:28] INFO std_val_accuracy              0.0059
2025-04-25 03:50:31,512 simple_logger.py log_once [line:28] INFO val_loss                      0.0785
2025-04-25 03:50:31,512 simple_logger.py log_once [line:28] INFO mean_val_loss                 0.0785
2025-04-25 03:50:31,512 simple_logger.py log_once [line:28] INFO std_val_loss                  0.0424
2025-04-25 03:50:31,512 fedbase.py run [line:323] INFO expense           31125110.0
2025-04-25 03:50:31,512 fedbase.py run [line:324] INFO Eval Time Cost:               2.0240s
2025-04-25 03:50:31,512 asyncbase.py iterate [line:68] INFO Select clients [0, 1, 2, 3, 4, 5, 6, 7, 8, 9, 10, 11, 12, 13, 14, 15, 16, 17, 18, 19] at time 4102.
2025-04-25 03:50:42,745 asyncbase.py iterate [line:73] INFO Receive new models from clients [1, 4, 6, 15, 11, 13] at time 4115
2025-04-25 03:50:42,745 asyncbase.py iterate [line:73] INFO Receive new models from clients [18, 7, 16, 3, 12, 0, 14, 19] at time 4116
2025-04-25 03:50:42,745 asyncbase.py iterate [line:73] INFO Receive new models from clients [10, 5, 8, 9, 17, 2] at time 4117
2025-04-25 03:50:42,798 fedbase.py run [line:318] INFO --------------Round 263--------------
2025-04-25 03:50:42,798 simple_logger.py log_once [line:14] INFO Current_time:4117
2025-04-25 03:50:44,809 simple_logger.py log_once [line:28] INFO test_accuracy                 0.9886
2025-04-25 03:50:44,810 simple_logger.py log_once [line:28] INFO test_loss                     0.0570
2025-04-25 03:50:44,810 simple_logger.py log_once [line:28] INFO val_accuracy                  0.9867
2025-04-25 03:50:44,810 simple_logger.py log_once [line:28] INFO mean_val_accuracy             0.9867
2025-04-25 03:50:44,810 simple_logger.py log_once [line:28] INFO std_val_accuracy              0.0071
2025-04-25 03:50:44,810 simple_logger.py log_once [line:28] INFO val_loss                      0.0797
2025-04-25 03:50:44,810 simple_logger.py log_once [line:28] INFO mean_val_loss                 0.0797
2025-04-25 03:50:44,810 simple_logger.py log_once [line:28] INFO std_val_loss                  0.0432
2025-04-25 03:50:44,810 fedbase.py run [line:323] INFO expense           31148950.0
2025-04-25 03:50:44,810 fedbase.py run [line:324] INFO Eval Time Cost:               2.0120s
2025-04-25 03:50:44,810 asyncbase.py iterate [line:68] INFO Select clients [0, 1, 2, 3, 4, 5, 6, 7, 8, 9, 10, 11, 12, 13, 14, 15, 16, 17, 18, 19] at time 4118.
2025-04-25 03:50:56,006 asyncbase.py iterate [line:73] INFO Receive new models from clients [1, 6] at time 4130
2025-04-25 03:50:56,006 asyncbase.py iterate [line:73] INFO Receive new models from clients [17, 13, 12, 14, 0, 16] at time 4131
2025-04-25 03:50:56,006 asyncbase.py iterate [line:73] INFO Receive new models from clients [15, 7, 11, 2, 19, 9, 10, 18, 8, 5, 3, 4] at time 4132
2025-04-25 03:50:56,060 fedbase.py run [line:318] INFO --------------Round 264--------------
2025-04-25 03:50:56,060 simple_logger.py log_once [line:14] INFO Current_time:4132
2025-04-25 03:50:58,095 simple_logger.py log_once [line:28] INFO test_accuracy                 0.9884
2025-04-25 03:50:58,095 simple_logger.py log_once [line:28] INFO test_loss                     0.0569
2025-04-25 03:50:58,095 simple_logger.py log_once [line:28] INFO val_accuracy                  0.9872
2025-04-25 03:50:58,095 simple_logger.py log_once [line:28] INFO mean_val_accuracy             0.9872
2025-04-25 03:50:58,095 simple_logger.py log_once [line:28] INFO std_val_accuracy              0.0063
2025-04-25 03:50:58,095 simple_logger.py log_once [line:28] INFO val_loss                      0.0780
2025-04-25 03:50:58,095 simple_logger.py log_once [line:28] INFO mean_val_loss                 0.0780
2025-04-25 03:50:58,095 simple_logger.py log_once [line:28] INFO std_val_loss                  0.0426
2025-04-25 03:50:58,095 fedbase.py run [line:323] INFO expense           31172790.0
2025-04-25 03:50:58,095 fedbase.py run [line:324] INFO Eval Time Cost:               2.0355s
2025-04-25 03:50:58,095 asyncbase.py iterate [line:68] INFO Select clients [0, 1, 2, 3, 4, 5, 6, 7, 8, 9, 10, 11, 12, 13, 14, 15, 16, 17, 18, 19] at time 4133.
2025-04-25 03:51:09,757 asyncbase.py iterate [line:73] INFO Receive new models from clients [14, 17, 7, 8] at time 4145
2025-04-25 03:51:09,757 asyncbase.py iterate [line:73] INFO Receive new models from clients [5, 16, 15, 12, 10, 4] at time 4146
2025-04-25 03:51:09,757 asyncbase.py iterate [line:73] INFO Receive new models from clients [6, 1, 19, 18, 13] at time 4147
2025-04-25 03:51:09,757 asyncbase.py iterate [line:73] INFO Receive new models from clients [3, 0, 11, 2, 9] at time 4148
2025-04-25 03:51:09,811 fedbase.py run [line:318] INFO --------------Round 265--------------
2025-04-25 03:51:09,812 simple_logger.py log_once [line:14] INFO Current_time:4148
2025-04-25 03:51:11,838 simple_logger.py log_once [line:28] INFO test_accuracy                 0.9879
2025-04-25 03:51:11,838 simple_logger.py log_once [line:28] INFO test_loss                     0.0569
2025-04-25 03:51:11,838 simple_logger.py log_once [line:28] INFO val_accuracy                  0.9865
2025-04-25 03:51:11,838 simple_logger.py log_once [line:28] INFO mean_val_accuracy             0.9865
2025-04-25 03:51:11,838 simple_logger.py log_once [line:28] INFO std_val_accuracy              0.0070
2025-04-25 03:51:11,838 simple_logger.py log_once [line:28] INFO val_loss                      0.0789
2025-04-25 03:51:11,838 simple_logger.py log_once [line:28] INFO mean_val_loss                 0.0789
2025-04-25 03:51:11,839 simple_logger.py log_once [line:28] INFO std_val_loss                  0.0434
2025-04-25 03:51:11,839 fedbase.py run [line:323] INFO expense           31196630.0
2025-04-25 03:51:11,839 fedbase.py run [line:324] INFO Eval Time Cost:               2.0270s
2025-04-25 03:51:11,839 asyncbase.py iterate [line:68] INFO Select clients [0, 1, 2, 3, 4, 5, 6, 7, 8, 9, 10, 11, 12, 13, 14, 15, 16, 17, 18, 19] at time 4149.
2025-04-25 03:51:23,279 asyncbase.py iterate [line:73] INFO Receive new models from clients [9, 4, 8, 2, 17, 5, 11, 15, 16, 12] at time 4162
2025-04-25 03:51:23,280 asyncbase.py iterate [line:73] INFO Receive new models from clients [7, 6, 19, 10, 18, 1, 13, 3] at time 4163
2025-04-25 03:51:23,280 asyncbase.py iterate [line:73] INFO Receive new models from clients [0, 14] at time 4164
2025-04-25 03:51:23,332 fedbase.py run [line:318] INFO --------------Round 266--------------
2025-04-25 03:51:23,333 simple_logger.py log_once [line:14] INFO Current_time:4164
2025-04-25 03:51:25,347 simple_logger.py log_once [line:28] INFO test_accuracy                 0.9884
2025-04-25 03:51:25,347 simple_logger.py log_once [line:28] INFO test_loss                     0.0576
2025-04-25 03:51:25,347 simple_logger.py log_once [line:28] INFO val_accuracy                  0.9870
2025-04-25 03:51:25,347 simple_logger.py log_once [line:28] INFO mean_val_accuracy             0.9870
2025-04-25 03:51:25,347 simple_logger.py log_once [line:28] INFO std_val_accuracy              0.0070
2025-04-25 03:51:25,347 simple_logger.py log_once [line:28] INFO val_loss                      0.0791
2025-04-25 03:51:25,347 simple_logger.py log_once [line:28] INFO mean_val_loss                 0.0791
2025-04-25 03:51:25,347 simple_logger.py log_once [line:28] INFO std_val_loss                  0.0439
2025-04-25 03:51:25,348 fedbase.py run [line:323] INFO expense           31220470.0
2025-04-25 03:51:25,348 fedbase.py run [line:324] INFO Eval Time Cost:               2.0150s
2025-04-25 03:51:25,348 asyncbase.py iterate [line:68] INFO Select clients [0, 1, 2, 3, 4, 5, 6, 7, 8, 9, 10, 11, 12, 13, 14, 15, 16, 17, 18, 19] at time 4165.
2025-04-25 03:51:36,446 asyncbase.py iterate [line:73] INFO Receive new models from clients [6, 3, 13] at time 4177
2025-04-25 03:51:36,447 asyncbase.py iterate [line:73] INFO Receive new models from clients [11, 17, 5, 10, 8, 19, 16, 0] at time 4178
2025-04-25 03:51:36,447 asyncbase.py iterate [line:73] INFO Receive new models from clients [7, 12, 4, 2, 14, 9, 15] at time 4179
2025-04-25 03:51:36,447 asyncbase.py iterate [line:73] INFO Receive new models from clients [18, 1] at time 4180
2025-04-25 03:51:36,500 fedbase.py run [line:318] INFO --------------Round 267--------------
2025-04-25 03:51:36,500 simple_logger.py log_once [line:14] INFO Current_time:4180
2025-04-25 03:51:38,514 simple_logger.py log_once [line:28] INFO test_accuracy                 0.9882
2025-04-25 03:51:38,515 simple_logger.py log_once [line:28] INFO test_loss                     0.0568
2025-04-25 03:51:38,515 simple_logger.py log_once [line:28] INFO val_accuracy                  0.9872
2025-04-25 03:51:38,515 simple_logger.py log_once [line:28] INFO mean_val_accuracy             0.9872
2025-04-25 03:51:38,515 simple_logger.py log_once [line:28] INFO std_val_accuracy              0.0065
2025-04-25 03:51:38,515 simple_logger.py log_once [line:28] INFO val_loss                      0.0766
2025-04-25 03:51:38,515 simple_logger.py log_once [line:28] INFO mean_val_loss                 0.0766
2025-04-25 03:51:38,515 simple_logger.py log_once [line:28] INFO std_val_loss                  0.0414
2025-04-25 03:51:38,515 fedbase.py run [line:323] INFO expense           31244310.0
2025-04-25 03:51:38,515 fedbase.py run [line:324] INFO Eval Time Cost:               2.0150s
2025-04-25 03:51:38,515 asyncbase.py iterate [line:68] INFO Select clients [0, 1, 2, 3, 4, 5, 6, 7, 8, 9, 10, 11, 12, 13, 14, 15, 16, 17, 18, 19] at time 4181.
2025-04-25 03:51:49,513 asyncbase.py iterate [line:73] INFO Receive new models from clients [19, 9, 2, 16] at time 4193
2025-04-25 03:51:49,513 asyncbase.py iterate [line:73] INFO Receive new models from clients [14, 17, 18, 10, 13, 0, 4, 5, 15] at time 4194
2025-04-25 03:51:49,513 asyncbase.py iterate [line:73] INFO Receive new models from clients [3, 8, 12, 7] at time 4195
2025-04-25 03:51:49,514 asyncbase.py iterate [line:73] INFO Receive new models from clients [11, 1, 6] at time 4196
2025-04-25 03:51:49,568 fedbase.py run [line:318] INFO --------------Round 268--------------
2025-04-25 03:51:49,568 simple_logger.py log_once [line:14] INFO Current_time:4196
2025-04-25 03:51:51,590 simple_logger.py log_once [line:28] INFO test_accuracy                 0.9887
2025-04-25 03:51:51,591 simple_logger.py log_once [line:28] INFO test_loss                     0.0570
2025-04-25 03:51:51,591 simple_logger.py log_once [line:28] INFO val_accuracy                  0.9868
2025-04-25 03:51:51,591 simple_logger.py log_once [line:28] INFO mean_val_accuracy             0.9868
2025-04-25 03:51:51,591 simple_logger.py log_once [line:28] INFO std_val_accuracy              0.0068
2025-04-25 03:51:51,591 simple_logger.py log_once [line:28] INFO val_loss                      0.0794
2025-04-25 03:51:51,591 simple_logger.py log_once [line:28] INFO mean_val_loss                 0.0794
2025-04-25 03:51:51,591 simple_logger.py log_once [line:28] INFO std_val_loss                  0.0427
2025-04-25 03:51:51,591 fedbase.py run [line:323] INFO expense           31268150.0
2025-04-25 03:51:51,591 fedbase.py run [line:324] INFO Eval Time Cost:               2.0231s
2025-04-25 03:51:51,591 asyncbase.py iterate [line:68] INFO Select clients [0, 1, 2, 3, 4, 5, 6, 7, 8, 9, 10, 11, 12, 13, 14, 15, 16, 17, 18, 19] at time 4197.
2025-04-25 03:52:03,713 asyncbase.py iterate [line:73] INFO Receive new models from clients [12, 19, 13, 6, 11, 4, 17] at time 4209
2025-04-25 03:52:03,714 asyncbase.py iterate [line:73] INFO Receive new models from clients [2, 5, 18, 16, 14, 10, 9] at time 4210
2025-04-25 03:52:03,714 asyncbase.py iterate [line:73] INFO Receive new models from clients [3, 8, 0, 7] at time 4211
2025-04-25 03:52:03,714 asyncbase.py iterate [line:73] INFO Receive new models from clients [1, 15] at time 4212
2025-04-25 03:52:03,769 fedbase.py run [line:318] INFO --------------Round 269--------------
2025-04-25 03:52:03,769 simple_logger.py log_once [line:14] INFO Current_time:4212
2025-04-25 03:52:05,799 simple_logger.py log_once [line:28] INFO test_accuracy                 0.9889
2025-04-25 03:52:05,799 simple_logger.py log_once [line:28] INFO test_loss                     0.0567
2025-04-25 03:52:05,799 simple_logger.py log_once [line:28] INFO val_accuracy                  0.9872
2025-04-25 03:52:05,799 simple_logger.py log_once [line:28] INFO mean_val_accuracy             0.9872
2025-04-25 03:52:05,799 simple_logger.py log_once [line:28] INFO std_val_accuracy              0.0073
2025-04-25 03:52:05,799 simple_logger.py log_once [line:28] INFO val_loss                      0.0788
2025-04-25 03:52:05,799 simple_logger.py log_once [line:28] INFO mean_val_loss                 0.0788
2025-04-25 03:52:05,799 simple_logger.py log_once [line:28] INFO std_val_loss                  0.0399
2025-04-25 03:52:05,799 fedbase.py run [line:323] INFO expense           31291990.0
2025-04-25 03:52:05,799 fedbase.py run [line:324] INFO Eval Time Cost:               2.0305s
2025-04-25 03:52:05,800 asyncbase.py iterate [line:68] INFO Select clients [0, 1, 2, 3, 4, 5, 6, 7, 8, 9, 10, 11, 12, 13, 14, 15, 16, 17, 18, 19] at time 4213.
2025-04-25 03:52:17,636 asyncbase.py iterate [line:73] INFO Receive new models from clients [4, 0] at time 4225
2025-04-25 03:52:17,636 asyncbase.py iterate [line:73] INFO Receive new models from clients [16, 18, 1, 9, 7, 10, 8, 5, 14] at time 4226
2025-04-25 03:52:17,637 asyncbase.py iterate [line:73] INFO Receive new models from clients [6, 12, 2, 13, 3, 11, 15, 17] at time 4227
2025-04-25 03:52:17,637 asyncbase.py iterate [line:73] INFO Receive new models from clients [19] at time 4228
2025-04-25 03:52:17,689 fedbase.py run [line:318] INFO --------------Round 270--------------
2025-04-25 03:52:17,689 simple_logger.py log_once [line:14] INFO Current_time:4228
2025-04-25 03:52:19,728 simple_logger.py log_once [line:28] INFO test_accuracy                 0.9889
2025-04-25 03:52:19,728 simple_logger.py log_once [line:28] INFO test_loss                     0.0561
2025-04-25 03:52:19,728 simple_logger.py log_once [line:28] INFO val_accuracy                  0.9873
2025-04-25 03:52:19,728 simple_logger.py log_once [line:28] INFO mean_val_accuracy             0.9873
2025-04-25 03:52:19,728 simple_logger.py log_once [line:28] INFO std_val_accuracy              0.0072
2025-04-25 03:52:19,728 simple_logger.py log_once [line:28] INFO val_loss                      0.0778
2025-04-25 03:52:19,728 simple_logger.py log_once [line:28] INFO mean_val_loss                 0.0778
2025-04-25 03:52:19,728 simple_logger.py log_once [line:28] INFO std_val_loss                  0.0427
2025-04-25 03:52:19,728 fedbase.py run [line:323] INFO expense           31315830.0
2025-04-25 03:52:19,728 fedbase.py run [line:324] INFO Eval Time Cost:               2.0389s
2025-04-25 03:52:19,729 asyncbase.py iterate [line:68] INFO Select clients [0, 1, 2, 3, 4, 5, 6, 7, 8, 9, 10, 11, 12, 13, 14, 15, 16, 17, 18, 19] at time 4229.
2025-04-25 03:52:31,047 asyncbase.py iterate [line:73] INFO Receive new models from clients [2] at time 4241
2025-04-25 03:52:31,048 asyncbase.py iterate [line:73] INFO Receive new models from clients [11, 14, 10, 17, 8, 3] at time 4242
2025-04-25 03:52:31,048 asyncbase.py iterate [line:73] INFO Receive new models from clients [9, 19, 4, 13, 16, 0, 1, 6, 5, 7] at time 4243
2025-04-25 03:52:31,048 asyncbase.py iterate [line:73] INFO Receive new models from clients [12, 15, 18] at time 4244
2025-04-25 03:52:31,101 fedbase.py run [line:318] INFO --------------Round 271--------------
2025-04-25 03:52:31,101 simple_logger.py log_once [line:14] INFO Current_time:4244
2025-04-25 03:52:33,111 simple_logger.py log_once [line:28] INFO test_accuracy                 0.9882
2025-04-25 03:52:33,111 simple_logger.py log_once [line:28] INFO test_loss                     0.0561
2025-04-25 03:52:33,111 simple_logger.py log_once [line:28] INFO val_accuracy                  0.9872
2025-04-25 03:52:33,111 simple_logger.py log_once [line:28] INFO mean_val_accuracy             0.9872
2025-04-25 03:52:33,111 simple_logger.py log_once [line:28] INFO std_val_accuracy              0.0068
2025-04-25 03:52:33,111 simple_logger.py log_once [line:28] INFO val_loss                      0.0791
2025-04-25 03:52:33,112 simple_logger.py log_once [line:28] INFO mean_val_loss                 0.0791
2025-04-25 03:52:33,112 simple_logger.py log_once [line:28] INFO std_val_loss                  0.0410
2025-04-25 03:52:33,112 fedbase.py run [line:323] INFO expense           31339670.0
2025-04-25 03:52:33,112 fedbase.py run [line:324] INFO Eval Time Cost:               2.0103s
2025-04-25 03:52:33,112 asyncbase.py iterate [line:68] INFO Select clients [0, 1, 2, 3, 4, 5, 6, 7, 8, 9, 10, 11, 12, 13, 14, 15, 16, 17, 18, 19] at time 4245.
2025-04-25 03:52:44,841 asyncbase.py iterate [line:73] INFO Receive new models from clients [7] at time 4257
2025-04-25 03:52:44,841 asyncbase.py iterate [line:73] INFO Receive new models from clients [11, 0, 3, 6, 1, 16, 4, 17, 13, 10, 8] at time 4258
2025-04-25 03:52:44,842 asyncbase.py iterate [line:73] INFO Receive new models from clients [19, 18, 2, 9, 14, 15] at time 4259
2025-04-25 03:52:44,842 asyncbase.py iterate [line:73] INFO Receive new models from clients [12, 5] at time 4260
2025-04-25 03:52:44,896 fedbase.py run [line:318] INFO --------------Round 272--------------
2025-04-25 03:52:44,896 simple_logger.py log_once [line:14] INFO Current_time:4260
2025-04-25 03:52:47,025 simple_logger.py log_once [line:28] INFO test_accuracy                 0.9887
2025-04-25 03:52:47,025 simple_logger.py log_once [line:28] INFO test_loss                     0.0571
2025-04-25 03:52:47,025 simple_logger.py log_once [line:28] INFO val_accuracy                  0.9867
2025-04-25 03:52:47,026 simple_logger.py log_once [line:28] INFO mean_val_accuracy             0.9867
2025-04-25 03:52:47,026 simple_logger.py log_once [line:28] INFO std_val_accuracy              0.0066
2025-04-25 03:52:47,026 simple_logger.py log_once [line:28] INFO val_loss                      0.0775
2025-04-25 03:52:47,026 simple_logger.py log_once [line:28] INFO mean_val_loss                 0.0775
2025-04-25 03:52:47,026 simple_logger.py log_once [line:28] INFO std_val_loss                  0.0419
2025-04-25 03:52:47,026 fedbase.py run [line:323] INFO expense           31363510.0
2025-04-25 03:52:47,026 fedbase.py run [line:324] INFO Eval Time Cost:               2.1293s
2025-04-25 03:52:47,026 asyncbase.py iterate [line:68] INFO Select clients [0, 1, 2, 3, 4, 5, 6, 7, 8, 9, 10, 11, 12, 13, 14, 15, 16, 17, 18, 19] at time 4261.
2025-04-25 03:52:58,403 asyncbase.py iterate [line:73] INFO Receive new models from clients [6, 0, 11, 8, 4, 7] at time 4274
2025-04-25 03:52:58,403 asyncbase.py iterate [line:73] INFO Receive new models from clients [17, 15, 3, 16, 13, 5, 12, 19, 2, 18, 1, 10] at time 4275
2025-04-25 03:52:58,404 asyncbase.py iterate [line:73] INFO Receive new models from clients [14, 9] at time 4276
2025-04-25 03:52:58,457 fedbase.py run [line:318] INFO --------------Round 273--------------
2025-04-25 03:52:58,457 simple_logger.py log_once [line:14] INFO Current_time:4276
2025-04-25 03:53:00,457 simple_logger.py log_once [line:28] INFO test_accuracy                 0.9882
2025-04-25 03:53:00,457 simple_logger.py log_once [line:28] INFO test_loss                     0.0570
2025-04-25 03:53:00,457 simple_logger.py log_once [line:28] INFO val_accuracy                  0.9875
2025-04-25 03:53:00,457 simple_logger.py log_once [line:28] INFO mean_val_accuracy             0.9875
2025-04-25 03:53:00,457 simple_logger.py log_once [line:28] INFO std_val_accuracy              0.0073
2025-04-25 03:53:00,457 simple_logger.py log_once [line:28] INFO val_loss                      0.0766
2025-04-25 03:53:00,457 simple_logger.py log_once [line:28] INFO mean_val_loss                 0.0766
2025-04-25 03:53:00,457 simple_logger.py log_once [line:28] INFO std_val_loss                  0.0429
2025-04-25 03:53:00,457 fedbase.py run [line:323] INFO expense           31387350.0
2025-04-25 03:53:00,457 fedbase.py run [line:324] INFO Eval Time Cost:               2.0003s
2025-04-25 03:53:00,457 asyncbase.py iterate [line:68] INFO Select clients [0, 1, 2, 3, 4, 5, 6, 7, 8, 9, 10, 11, 12, 13, 14, 15, 16, 17, 18, 19] at time 4277.
2025-04-25 03:53:11,947 asyncbase.py iterate [line:73] INFO Receive new models from clients [3, 10, 13] at time 4289
2025-04-25 03:53:11,948 asyncbase.py iterate [line:73] INFO Receive new models from clients [4, 19, 5, 17, 14, 1, 8] at time 4290
2025-04-25 03:53:11,948 asyncbase.py iterate [line:73] INFO Receive new models from clients [15, 11, 0, 9, 7, 16, 18] at time 4291
2025-04-25 03:53:11,948 asyncbase.py iterate [line:73] INFO Receive new models from clients [2, 12, 6] at time 4292
2025-04-25 03:53:12,001 fedbase.py run [line:318] INFO --------------Round 274--------------
2025-04-25 03:53:12,001 simple_logger.py log_once [line:14] INFO Current_time:4292
2025-04-25 03:53:14,005 simple_logger.py log_once [line:28] INFO test_accuracy                 0.9882
2025-04-25 03:53:14,005 simple_logger.py log_once [line:28] INFO test_loss                     0.0560
2025-04-25 03:53:14,005 simple_logger.py log_once [line:28] INFO val_accuracy                  0.9870
2025-04-25 03:53:14,005 simple_logger.py log_once [line:28] INFO mean_val_accuracy             0.9870
2025-04-25 03:53:14,005 simple_logger.py log_once [line:28] INFO std_val_accuracy              0.0074
2025-04-25 03:53:14,005 simple_logger.py log_once [line:28] INFO val_loss                      0.0791
2025-04-25 03:53:14,005 simple_logger.py log_once [line:28] INFO mean_val_loss                 0.0791
2025-04-25 03:53:14,005 simple_logger.py log_once [line:28] INFO std_val_loss                  0.0430
2025-04-25 03:53:14,005 fedbase.py run [line:323] INFO expense           31411190.0
2025-04-25 03:53:14,005 fedbase.py run [line:324] INFO Eval Time Cost:               2.0043s
2025-04-25 03:53:14,006 asyncbase.py iterate [line:68] INFO Select clients [0, 1, 2, 3, 4, 5, 6, 7, 8, 9, 10, 11, 12, 13, 14, 15, 16, 17, 18, 19] at time 4293.
2025-04-25 03:53:25,645 asyncbase.py iterate [line:73] INFO Receive new models from clients [12, 6, 8, 17, 11] at time 4305
2025-04-25 03:53:25,646 asyncbase.py iterate [line:73] INFO Receive new models from clients [13, 0, 4, 19, 18] at time 4306
2025-04-25 03:53:25,646 asyncbase.py iterate [line:73] INFO Receive new models from clients [7, 2, 3, 16, 10, 1, 5, 14] at time 4307
2025-04-25 03:53:25,646 asyncbase.py iterate [line:73] INFO Receive new models from clients [9, 15] at time 4308
2025-04-25 03:53:25,724 fedbase.py run [line:318] INFO --------------Round 275--------------
2025-04-25 03:53:25,725 simple_logger.py log_once [line:14] INFO Current_time:4308
2025-04-25 03:53:27,960 simple_logger.py log_once [line:28] INFO test_accuracy                 0.9882
2025-04-25 03:53:27,960 simple_logger.py log_once [line:28] INFO test_loss                     0.0578
2025-04-25 03:53:27,960 simple_logger.py log_once [line:28] INFO val_accuracy                  0.9868
2025-04-25 03:53:27,960 simple_logger.py log_once [line:28] INFO mean_val_accuracy             0.9868
2025-04-25 03:53:27,960 simple_logger.py log_once [line:28] INFO std_val_accuracy              0.0076
2025-04-25 03:53:27,960 simple_logger.py log_once [line:28] INFO val_loss                      0.0780
2025-04-25 03:53:27,960 simple_logger.py log_once [line:28] INFO mean_val_loss                 0.0780
2025-04-25 03:53:27,960 simple_logger.py log_once [line:28] INFO std_val_loss                  0.0436
2025-04-25 03:53:27,960 fedbase.py run [line:323] INFO expense           31435030.0
2025-04-25 03:53:27,961 fedbase.py run [line:324] INFO Eval Time Cost:               2.2360s
2025-04-25 03:53:27,961 asyncbase.py iterate [line:68] INFO Select clients [0, 1, 2, 3, 4, 5, 6, 7, 8, 9, 10, 11, 12, 13, 14, 15, 16, 17, 18, 19] at time 4309.
2025-04-25 03:53:39,040 asyncbase.py iterate [line:73] INFO Receive new models from clients [12, 18, 19, 9] at time 4321
2025-04-25 03:53:39,040 asyncbase.py iterate [line:73] INFO Receive new models from clients [4, 8, 7, 0, 5, 13, 14] at time 4322
2025-04-25 03:53:39,040 asyncbase.py iterate [line:73] INFO Receive new models from clients [1, 17, 15, 16, 10, 6, 11, 2, 3] at time 4323
2025-04-25 03:53:39,094 fedbase.py run [line:318] INFO --------------Round 276--------------
2025-04-25 03:53:39,094 simple_logger.py log_once [line:14] INFO Current_time:4323
2025-04-25 03:53:41,101 simple_logger.py log_once [line:28] INFO test_accuracy                 0.9881
2025-04-25 03:53:41,102 simple_logger.py log_once [line:28] INFO test_loss                     0.0585
2025-04-25 03:53:41,102 simple_logger.py log_once [line:28] INFO val_accuracy                  0.9870
2025-04-25 03:53:41,102 simple_logger.py log_once [line:28] INFO mean_val_accuracy             0.9870
2025-04-25 03:53:41,102 simple_logger.py log_once [line:28] INFO std_val_accuracy              0.0077
2025-04-25 03:53:41,102 simple_logger.py log_once [line:28] INFO val_loss                      0.0802
2025-04-25 03:53:41,102 simple_logger.py log_once [line:28] INFO mean_val_loss                 0.0802
2025-04-25 03:53:41,102 simple_logger.py log_once [line:28] INFO std_val_loss                  0.0457
2025-04-25 03:53:41,102 fedbase.py run [line:323] INFO expense           31458870.0
2025-04-25 03:53:41,102 fedbase.py run [line:324] INFO Eval Time Cost:               2.0076s
2025-04-25 03:53:41,102 asyncbase.py iterate [line:68] INFO Select clients [0, 1, 2, 3, 4, 5, 6, 7, 8, 9, 10, 11, 12, 13, 14, 15, 16, 17, 18, 19] at time 4324.
2025-04-25 03:53:52,716 asyncbase.py iterate [line:73] INFO Receive new models from clients [18, 11, 6, 9, 8, 7, 0, 14] at time 4337
2025-04-25 03:53:52,716 asyncbase.py iterate [line:73] INFO Receive new models from clients [19, 13, 16, 5, 4, 17, 10, 3, 2, 1] at time 4338
2025-04-25 03:53:52,716 asyncbase.py iterate [line:73] INFO Receive new models from clients [15, 12] at time 4339
2025-04-25 03:53:52,769 fedbase.py run [line:318] INFO --------------Round 277--------------
2025-04-25 03:53:52,769 simple_logger.py log_once [line:14] INFO Current_time:4339
2025-04-25 03:53:54,772 simple_logger.py log_once [line:28] INFO test_accuracy                 0.9886
2025-04-25 03:53:54,772 simple_logger.py log_once [line:28] INFO test_loss                     0.0584
2025-04-25 03:53:54,772 simple_logger.py log_once [line:28] INFO val_accuracy                  0.9875
2025-04-25 03:53:54,772 simple_logger.py log_once [line:28] INFO mean_val_accuracy             0.9875
2025-04-25 03:53:54,772 simple_logger.py log_once [line:28] INFO std_val_accuracy              0.0067
2025-04-25 03:53:54,772 simple_logger.py log_once [line:28] INFO val_loss                      0.0777
2025-04-25 03:53:54,772 simple_logger.py log_once [line:28] INFO mean_val_loss                 0.0777
2025-04-25 03:53:54,772 simple_logger.py log_once [line:28] INFO std_val_loss                  0.0424
2025-04-25 03:53:54,773 fedbase.py run [line:323] INFO expense           31482710.0
2025-04-25 03:53:54,773 fedbase.py run [line:324] INFO Eval Time Cost:               2.0035s
2025-04-25 03:53:54,773 asyncbase.py iterate [line:68] INFO Select clients [0, 1, 2, 3, 4, 5, 6, 7, 8, 9, 10, 11, 12, 13, 14, 15, 16, 17, 18, 19] at time 4340.
2025-04-25 03:54:05,767 asyncbase.py iterate [line:73] INFO Receive new models from clients [9, 3, 15] at time 4352
2025-04-25 03:54:05,767 asyncbase.py iterate [line:73] INFO Receive new models from clients [16, 4, 7, 2, 6, 5] at time 4353
2025-04-25 03:54:05,767 asyncbase.py iterate [line:73] INFO Receive new models from clients [11, 13, 10, 18, 14, 17, 1, 12] at time 4354
2025-04-25 03:54:05,768 asyncbase.py iterate [line:73] INFO Receive new models from clients [0, 8, 19] at time 4355
2025-04-25 03:54:05,821 fedbase.py run [line:318] INFO --------------Round 278--------------
2025-04-25 03:54:05,821 simple_logger.py log_once [line:14] INFO Current_time:4355
2025-04-25 03:54:07,844 simple_logger.py log_once [line:28] INFO test_accuracy                 0.9884
2025-04-25 03:54:07,845 simple_logger.py log_once [line:28] INFO test_loss                     0.0569
2025-04-25 03:54:07,845 simple_logger.py log_once [line:28] INFO val_accuracy                  0.9870
2025-04-25 03:54:07,845 simple_logger.py log_once [line:28] INFO mean_val_accuracy             0.9870
2025-04-25 03:54:07,845 simple_logger.py log_once [line:28] INFO std_val_accuracy              0.0079
2025-04-25 03:54:07,845 simple_logger.py log_once [line:28] INFO val_loss                      0.0775
2025-04-25 03:54:07,845 simple_logger.py log_once [line:28] INFO mean_val_loss                 0.0775
2025-04-25 03:54:07,845 simple_logger.py log_once [line:28] INFO std_val_loss                  0.0448
2025-04-25 03:54:07,845 fedbase.py run [line:323] INFO expense           31506550.0
2025-04-25 03:54:07,845 fedbase.py run [line:324] INFO Eval Time Cost:               2.0238s
2025-04-25 03:54:07,845 asyncbase.py iterate [line:68] INFO Select clients [0, 1, 2, 3, 4, 5, 6, 7, 8, 9, 10, 11, 12, 13, 14, 15, 16, 17, 18, 19] at time 4356.
2025-04-25 03:54:19,016 asyncbase.py iterate [line:73] INFO Receive new models from clients [16] at time 4368
2025-04-25 03:54:19,017 asyncbase.py iterate [line:73] INFO Receive new models from clients [19, 8, 6, 17, 11, 14, 18, 9, 1, 12] at time 4369
2025-04-25 03:54:19,017 asyncbase.py iterate [line:73] INFO Receive new models from clients [13, 7, 3, 0, 2, 4, 5, 10, 15] at time 4370
2025-04-25 03:54:19,075 fedbase.py run [line:318] INFO --------------Round 279--------------
2025-04-25 03:54:19,075 simple_logger.py log_once [line:14] INFO Current_time:4370
2025-04-25 03:54:21,085 simple_logger.py log_once [line:28] INFO test_accuracy                 0.9885
2025-04-25 03:54:21,085 simple_logger.py log_once [line:28] INFO test_loss                     0.0576
2025-04-25 03:54:21,085 simple_logger.py log_once [line:28] INFO val_accuracy                  0.9865
2025-04-25 03:54:21,085 simple_logger.py log_once [line:28] INFO mean_val_accuracy             0.9865
2025-04-25 03:54:21,085 simple_logger.py log_once [line:28] INFO std_val_accuracy              0.0081
2025-04-25 03:54:21,085 simple_logger.py log_once [line:28] INFO val_loss                      0.0789
2025-04-25 03:54:21,085 simple_logger.py log_once [line:28] INFO mean_val_loss                 0.0789
2025-04-25 03:54:21,085 simple_logger.py log_once [line:28] INFO std_val_loss                  0.0449
2025-04-25 03:54:21,085 fedbase.py run [line:323] INFO expense           31530390.0
2025-04-25 03:54:21,085 fedbase.py run [line:324] INFO Eval Time Cost:               2.0101s
2025-04-25 03:54:21,085 asyncbase.py iterate [line:68] INFO Select clients [0, 1, 2, 3, 4, 5, 6, 7, 8, 9, 10, 11, 12, 13, 14, 15, 16, 17, 18, 19] at time 4371.
2025-04-25 03:54:32,547 asyncbase.py iterate [line:73] INFO Receive new models from clients [10, 7] at time 4383
2025-04-25 03:54:32,547 asyncbase.py iterate [line:73] INFO Receive new models from clients [15, 14, 18, 17, 8, 19] at time 4384
2025-04-25 03:54:32,547 asyncbase.py iterate [line:73] INFO Receive new models from clients [9, 16, 13, 3, 4, 2, 12, 6, 5, 1] at time 4385
2025-04-25 03:54:32,547 asyncbase.py iterate [line:73] INFO Receive new models from clients [0, 11] at time 4386
2025-04-25 03:54:32,600 fedbase.py run [line:318] INFO --------------Round 280--------------
2025-04-25 03:54:32,600 simple_logger.py log_once [line:14] INFO Current_time:4386
2025-04-25 03:54:34,640 simple_logger.py log_once [line:28] INFO test_accuracy                 0.9884
2025-04-25 03:54:34,640 simple_logger.py log_once [line:28] INFO test_loss                     0.0573
2025-04-25 03:54:34,640 simple_logger.py log_once [line:28] INFO val_accuracy                  0.9867
2025-04-25 03:54:34,640 simple_logger.py log_once [line:28] INFO mean_val_accuracy             0.9867
2025-04-25 03:54:34,640 simple_logger.py log_once [line:28] INFO std_val_accuracy              0.0080
2025-04-25 03:54:34,640 simple_logger.py log_once [line:28] INFO val_loss                      0.0774
2025-04-25 03:54:34,640 simple_logger.py log_once [line:28] INFO mean_val_loss                 0.0774
2025-04-25 03:54:34,640 simple_logger.py log_once [line:28] INFO std_val_loss                  0.0440
2025-04-25 03:54:34,640 fedbase.py run [line:323] INFO expense           31554230.0
2025-04-25 03:54:34,640 fedbase.py run [line:324] INFO Eval Time Cost:               2.0403s
2025-04-25 03:54:34,640 asyncbase.py iterate [line:68] INFO Select clients [0, 1, 2, 3, 4, 5, 6, 7, 8, 9, 10, 11, 12, 13, 14, 15, 16, 17, 18, 19] at time 4387.
2025-04-25 03:54:46,414 asyncbase.py iterate [line:73] INFO Receive new models from clients [18, 11, 8, 14, 4, 16, 17, 5, 1, 6, 13, 10] at time 4400
2025-04-25 03:54:46,415 asyncbase.py iterate [line:73] INFO Receive new models from clients [15, 2, 12, 7, 3] at time 4401
2025-04-25 03:54:46,415 asyncbase.py iterate [line:73] INFO Receive new models from clients [0, 19, 9] at time 4402
2025-04-25 03:54:46,493 fedbase.py run [line:318] INFO --------------Round 281--------------
2025-04-25 03:54:46,493 simple_logger.py log_once [line:14] INFO Current_time:4402
2025-04-25 03:54:48,607 simple_logger.py log_once [line:28] INFO test_accuracy                 0.9888
2025-04-25 03:54:48,607 simple_logger.py log_once [line:28] INFO test_loss                     0.0565
2025-04-25 03:54:48,607 simple_logger.py log_once [line:28] INFO val_accuracy                  0.9868
2025-04-25 03:54:48,607 simple_logger.py log_once [line:28] INFO mean_val_accuracy             0.9868
2025-04-25 03:54:48,607 simple_logger.py log_once [line:28] INFO std_val_accuracy              0.0065
2025-04-25 03:54:48,607 simple_logger.py log_once [line:28] INFO val_loss                      0.0777
2025-04-25 03:54:48,607 simple_logger.py log_once [line:28] INFO mean_val_loss                 0.0777
2025-04-25 03:54:48,607 simple_logger.py log_once [line:28] INFO std_val_loss                  0.0445
2025-04-25 03:54:48,607 fedbase.py run [line:323] INFO expense           31578070.0
2025-04-25 03:54:48,607 fedbase.py run [line:324] INFO Eval Time Cost:               2.1137s
2025-04-25 03:54:48,607 asyncbase.py iterate [line:68] INFO Select clients [0, 1, 2, 3, 4, 5, 6, 7, 8, 9, 10, 11, 12, 13, 14, 15, 16, 17, 18, 19] at time 4403.
2025-04-25 03:55:00,771 asyncbase.py iterate [line:73] INFO Receive new models from clients [16, 8] at time 4415
2025-04-25 03:55:00,771 asyncbase.py iterate [line:73] INFO Receive new models from clients [1, 0, 13, 5, 3, 12, 2, 18, 4, 19, 15, 14, 11] at time 4416
2025-04-25 03:55:00,771 asyncbase.py iterate [line:73] INFO Receive new models from clients [6, 7, 17] at time 4417
2025-04-25 03:55:00,772 asyncbase.py iterate [line:73] INFO Receive new models from clients [9, 10] at time 4418
2025-04-25 03:55:00,824 fedbase.py run [line:318] INFO --------------Round 282--------------
2025-04-25 03:55:00,825 simple_logger.py log_once [line:14] INFO Current_time:4418
2025-04-25 03:55:02,844 simple_logger.py log_once [line:28] INFO test_accuracy                 0.9891
2025-04-25 03:55:02,844 simple_logger.py log_once [line:28] INFO test_loss                     0.0568
2025-04-25 03:55:02,845 simple_logger.py log_once [line:28] INFO val_accuracy                  0.9865
2025-04-25 03:55:02,845 simple_logger.py log_once [line:28] INFO mean_val_accuracy             0.9865
2025-04-25 03:55:02,845 simple_logger.py log_once [line:28] INFO std_val_accuracy              0.0073
2025-04-25 03:55:02,845 simple_logger.py log_once [line:28] INFO val_loss                      0.0793
2025-04-25 03:55:02,845 simple_logger.py log_once [line:28] INFO mean_val_loss                 0.0793
2025-04-25 03:55:02,845 simple_logger.py log_once [line:28] INFO std_val_loss                  0.0456
2025-04-25 03:55:02,845 fedbase.py run [line:323] INFO expense           31601910.0
2025-04-25 03:55:02,845 fedbase.py run [line:324] INFO Eval Time Cost:               2.0203s
2025-04-25 03:55:02,845 asyncbase.py iterate [line:68] INFO Select clients [0, 1, 2, 3, 4, 5, 6, 7, 8, 9, 10, 11, 12, 13, 14, 15, 16, 17, 18, 19] at time 4419.
2025-04-25 03:55:14,135 asyncbase.py iterate [line:73] INFO Receive new models from clients [11, 4, 0, 3] at time 4431
2025-04-25 03:55:14,135 asyncbase.py iterate [line:73] INFO Receive new models from clients [8, 9, 6, 13, 10, 17, 2] at time 4432
2025-04-25 03:55:14,136 asyncbase.py iterate [line:73] INFO Receive new models from clients [14, 1, 12, 18, 5] at time 4433
2025-04-25 03:55:14,136 asyncbase.py iterate [line:73] INFO Receive new models from clients [19, 15, 16, 7] at time 4434
2025-04-25 03:55:14,189 fedbase.py run [line:318] INFO --------------Round 283--------------
2025-04-25 03:55:14,189 simple_logger.py log_once [line:14] INFO Current_time:4434
2025-04-25 03:55:16,314 simple_logger.py log_once [line:28] INFO test_accuracy                 0.9886
2025-04-25 03:55:16,314 simple_logger.py log_once [line:28] INFO test_loss                     0.0580
2025-04-25 03:55:16,315 simple_logger.py log_once [line:28] INFO val_accuracy                  0.9875
2025-04-25 03:55:16,315 simple_logger.py log_once [line:28] INFO mean_val_accuracy             0.9875
2025-04-25 03:55:16,315 simple_logger.py log_once [line:28] INFO std_val_accuracy              0.0068
2025-04-25 03:55:16,315 simple_logger.py log_once [line:28] INFO val_loss                      0.0818
2025-04-25 03:55:16,315 simple_logger.py log_once [line:28] INFO mean_val_loss                 0.0818
2025-04-25 03:55:16,315 simple_logger.py log_once [line:28] INFO std_val_loss                  0.0473
2025-04-25 03:55:16,315 fedbase.py run [line:323] INFO expense           31625750.0
2025-04-25 03:55:16,315 fedbase.py run [line:324] INFO Eval Time Cost:               2.1262s
2025-04-25 03:55:16,315 asyncbase.py iterate [line:68] INFO Select clients [0, 1, 2, 3, 4, 5, 6, 7, 8, 9, 10, 11, 12, 13, 14, 15, 16, 17, 18, 19] at time 4435.
2025-04-25 03:55:27,220 asyncbase.py iterate [line:73] INFO Receive new models from clients [2, 5, 11] at time 4447
2025-04-25 03:55:27,220 asyncbase.py iterate [line:73] INFO Receive new models from clients [10, 14, 8, 7, 9, 16, 0, 18, 17, 3, 6] at time 4448
2025-04-25 03:55:27,221 asyncbase.py iterate [line:73] INFO Receive new models from clients [15, 12, 4, 1, 19] at time 4449
2025-04-25 03:55:27,221 asyncbase.py iterate [line:73] INFO Receive new models from clients [13] at time 4450
2025-04-25 03:55:27,274 fedbase.py run [line:318] INFO --------------Round 284--------------
2025-04-25 03:55:27,274 simple_logger.py log_once [line:14] INFO Current_time:4450
2025-04-25 03:55:29,297 simple_logger.py log_once [line:28] INFO test_accuracy                 0.9879
2025-04-25 03:55:29,297 simple_logger.py log_once [line:28] INFO test_loss                     0.0588
2025-04-25 03:55:29,297 simple_logger.py log_once [line:28] INFO val_accuracy                  0.9868
2025-04-25 03:55:29,297 simple_logger.py log_once [line:28] INFO mean_val_accuracy             0.9868
2025-04-25 03:55:29,297 simple_logger.py log_once [line:28] INFO std_val_accuracy              0.0076
2025-04-25 03:55:29,297 simple_logger.py log_once [line:28] INFO val_loss                      0.0794
2025-04-25 03:55:29,297 simple_logger.py log_once [line:28] INFO mean_val_loss                 0.0794
2025-04-25 03:55:29,297 simple_logger.py log_once [line:28] INFO std_val_loss                  0.0443
2025-04-25 03:55:29,297 fedbase.py run [line:323] INFO expense           31649590.0
2025-04-25 03:55:29,297 fedbase.py run [line:324] INFO Eval Time Cost:               2.0233s
2025-04-25 03:55:29,297 asyncbase.py iterate [line:68] INFO Select clients [0, 1, 2, 3, 4, 5, 6, 7, 8, 9, 10, 11, 12, 13, 14, 15, 16, 17, 18, 19] at time 4451.
2025-04-25 03:55:40,618 asyncbase.py iterate [line:73] INFO Receive new models from clients [0, 14] at time 4463
2025-04-25 03:55:40,618 asyncbase.py iterate [line:73] INFO Receive new models from clients [4, 6, 7, 1] at time 4464
2025-04-25 03:55:40,619 asyncbase.py iterate [line:73] INFO Receive new models from clients [12, 18, 15, 11, 8, 10, 16, 19, 5] at time 4465
2025-04-25 03:55:40,619 asyncbase.py iterate [line:73] INFO Receive new models from clients [13, 2, 17, 3, 9] at time 4466
2025-04-25 03:55:40,671 fedbase.py run [line:318] INFO --------------Round 285--------------
2025-04-25 03:55:40,671 simple_logger.py log_once [line:14] INFO Current_time:4466
2025-04-25 03:55:42,690 simple_logger.py log_once [line:28] INFO test_accuracy                 0.9879
2025-04-25 03:55:42,690 simple_logger.py log_once [line:28] INFO test_loss                     0.0593
2025-04-25 03:55:42,690 simple_logger.py log_once [line:28] INFO val_accuracy                  0.9870
2025-04-25 03:55:42,690 simple_logger.py log_once [line:28] INFO mean_val_accuracy             0.9870
2025-04-25 03:55:42,690 simple_logger.py log_once [line:28] INFO std_val_accuracy              0.0080
2025-04-25 03:55:42,690 simple_logger.py log_once [line:28] INFO val_loss                      0.0810
2025-04-25 03:55:42,690 simple_logger.py log_once [line:28] INFO mean_val_loss                 0.0810
2025-04-25 03:55:42,691 simple_logger.py log_once [line:28] INFO std_val_loss                  0.0469
2025-04-25 03:55:42,691 fedbase.py run [line:323] INFO expense           31673430.0
2025-04-25 03:55:42,691 fedbase.py run [line:324] INFO Eval Time Cost:               2.0194s
2025-04-25 03:55:42,691 asyncbase.py iterate [line:68] INFO Select clients [0, 1, 2, 3, 4, 5, 6, 7, 8, 9, 10, 11, 12, 13, 14, 15, 16, 17, 18, 19] at time 4467.
2025-04-25 03:55:53,688 asyncbase.py iterate [line:73] INFO Receive new models from clients [9, 15, 17] at time 4479
2025-04-25 03:55:53,688 asyncbase.py iterate [line:73] INFO Receive new models from clients [2, 5, 6, 11, 0, 7] at time 4480
2025-04-25 03:55:53,689 asyncbase.py iterate [line:73] INFO Receive new models from clients [13, 18, 19, 14, 1, 16, 10, 4, 12] at time 4481
2025-04-25 03:55:53,689 asyncbase.py iterate [line:73] INFO Receive new models from clients [3, 8] at time 4482
2025-04-25 03:55:53,742 fedbase.py run [line:318] INFO --------------Round 286--------------
2025-04-25 03:55:53,742 simple_logger.py log_once [line:14] INFO Current_time:4482
2025-04-25 03:55:55,776 simple_logger.py log_once [line:28] INFO test_accuracy                 0.9885
2025-04-25 03:55:55,777 simple_logger.py log_once [line:28] INFO test_loss                     0.0585
2025-04-25 03:55:55,777 simple_logger.py log_once [line:28] INFO val_accuracy                  0.9868
2025-04-25 03:55:55,777 simple_logger.py log_once [line:28] INFO mean_val_accuracy             0.9868
2025-04-25 03:55:55,777 simple_logger.py log_once [line:28] INFO std_val_accuracy              0.0063
2025-04-25 03:55:55,777 simple_logger.py log_once [line:28] INFO val_loss                      0.0809
2025-04-25 03:55:55,777 simple_logger.py log_once [line:28] INFO mean_val_loss                 0.0809
2025-04-25 03:55:55,777 simple_logger.py log_once [line:28] INFO std_val_loss                  0.0466
2025-04-25 03:55:55,777 fedbase.py run [line:323] INFO expense           31697270.0
2025-04-25 03:55:55,777 fedbase.py run [line:324] INFO Eval Time Cost:               2.0349s
2025-04-25 03:55:55,777 asyncbase.py iterate [line:68] INFO Select clients [0, 1, 2, 3, 4, 5, 6, 7, 8, 9, 10, 11, 12, 13, 14, 15, 16, 17, 18, 19] at time 4483.
2025-04-25 03:56:09,112 asyncbase.py iterate [line:73] INFO Receive new models from clients [10, 17, 13] at time 4495
2025-04-25 03:56:09,113 asyncbase.py iterate [line:73] INFO Receive new models from clients [1, 4, 11, 14, 8, 7, 0, 9, 2, 6] at time 4496
2025-04-25 03:56:09,113 asyncbase.py iterate [line:73] INFO Receive new models from clients [12, 15, 3, 16] at time 4497
2025-04-25 03:56:09,113 asyncbase.py iterate [line:73] INFO Receive new models from clients [19, 18, 5] at time 4498
2025-04-25 03:56:09,192 fedbase.py run [line:318] INFO --------------Round 287--------------
2025-04-25 03:56:09,192 simple_logger.py log_once [line:14] INFO Current_time:4498
2025-04-25 03:56:11,241 simple_logger.py log_once [line:28] INFO test_accuracy                 0.9881
2025-04-25 03:56:11,241 simple_logger.py log_once [line:28] INFO test_loss                     0.0582
2025-04-25 03:56:11,241 simple_logger.py log_once [line:28] INFO val_accuracy                  0.9872
2025-04-25 03:56:11,241 simple_logger.py log_once [line:28] INFO mean_val_accuracy             0.9872
2025-04-25 03:56:11,241 simple_logger.py log_once [line:28] INFO std_val_accuracy              0.0073
2025-04-25 03:56:11,241 simple_logger.py log_once [line:28] INFO val_loss                      0.0816
2025-04-25 03:56:11,241 simple_logger.py log_once [line:28] INFO mean_val_loss                 0.0816
2025-04-25 03:56:11,241 simple_logger.py log_once [line:28] INFO std_val_loss                  0.0478
2025-04-25 03:56:11,241 fedbase.py run [line:323] INFO expense           31721110.0
2025-04-25 03:56:11,241 fedbase.py run [line:324] INFO Eval Time Cost:               2.0491s
2025-04-25 03:56:11,241 asyncbase.py iterate [line:68] INFO Select clients [0, 1, 2, 3, 4, 5, 6, 7, 8, 9, 10, 11, 12, 13, 14, 15, 16, 17, 18, 19] at time 4499.
2025-04-25 03:56:23,039 asyncbase.py iterate [line:73] INFO Receive new models from clients [4] at time 4511
2025-04-25 03:56:23,039 asyncbase.py iterate [line:73] INFO Receive new models from clients [17, 8, 0, 9, 19, 16, 13, 1, 14] at time 4512
2025-04-25 03:56:23,039 asyncbase.py iterate [line:73] INFO Receive new models from clients [12, 15, 6, 11, 3, 18, 5, 10, 7, 2] at time 4513
2025-04-25 03:56:23,093 fedbase.py run [line:318] INFO --------------Round 288--------------
2025-04-25 03:56:23,093 simple_logger.py log_once [line:14] INFO Current_time:4513
2025-04-25 03:56:25,109 simple_logger.py log_once [line:28] INFO test_accuracy                 0.9880
2025-04-25 03:56:25,110 simple_logger.py log_once [line:28] INFO test_loss                     0.0571
2025-04-25 03:56:25,110 simple_logger.py log_once [line:28] INFO val_accuracy                  0.9870
2025-04-25 03:56:25,110 simple_logger.py log_once [line:28] INFO mean_val_accuracy             0.9870
2025-04-25 03:56:25,110 simple_logger.py log_once [line:28] INFO std_val_accuracy              0.0069
2025-04-25 03:56:25,110 simple_logger.py log_once [line:28] INFO val_loss                      0.0799
2025-04-25 03:56:25,110 simple_logger.py log_once [line:28] INFO mean_val_loss                 0.0799
2025-04-25 03:56:25,110 simple_logger.py log_once [line:28] INFO std_val_loss                  0.0453
2025-04-25 03:56:25,110 fedbase.py run [line:323] INFO expense           31744950.0
2025-04-25 03:56:25,110 fedbase.py run [line:324] INFO Eval Time Cost:               2.0173s
2025-04-25 03:56:25,110 asyncbase.py iterate [line:68] INFO Select clients [0, 1, 2, 3, 4, 5, 6, 7, 8, 9, 10, 11, 12, 13, 14, 15, 16, 17, 18, 19] at time 4514.
2025-04-25 03:56:37,115 asyncbase.py iterate [line:73] INFO Receive new models from clients [11, 15, 16, 18, 2] at time 4526
2025-04-25 03:56:37,116 asyncbase.py iterate [line:73] INFO Receive new models from clients [8, 12, 14, 13, 3, 9, 6] at time 4527
2025-04-25 03:56:37,116 asyncbase.py iterate [line:73] INFO Receive new models from clients [17, 0, 4, 19, 10, 1] at time 4528
2025-04-25 03:56:37,116 asyncbase.py iterate [line:73] INFO Receive new models from clients [5, 7] at time 4529
2025-04-25 03:56:37,170 fedbase.py run [line:318] INFO --------------Round 289--------------
2025-04-25 03:56:37,170 simple_logger.py log_once [line:14] INFO Current_time:4529
2025-04-25 03:56:39,165 simple_logger.py log_once [line:28] INFO test_accuracy                 0.9881
2025-04-25 03:56:39,165 simple_logger.py log_once [line:28] INFO test_loss                     0.0580
2025-04-25 03:56:39,165 simple_logger.py log_once [line:28] INFO val_accuracy                  0.9868
2025-04-25 03:56:39,166 simple_logger.py log_once [line:28] INFO mean_val_accuracy             0.9868
2025-04-25 03:56:39,166 simple_logger.py log_once [line:28] INFO std_val_accuracy              0.0073
2025-04-25 03:56:39,166 simple_logger.py log_once [line:28] INFO val_loss                      0.0805
2025-04-25 03:56:39,166 simple_logger.py log_once [line:28] INFO mean_val_loss                 0.0805
2025-04-25 03:56:39,166 simple_logger.py log_once [line:28] INFO std_val_loss                  0.0452
2025-04-25 03:56:39,166 fedbase.py run [line:323] INFO expense           31768790.0
2025-04-25 03:56:39,166 fedbase.py run [line:324] INFO Eval Time Cost:               1.9958s
2025-04-25 03:56:39,166 asyncbase.py iterate [line:68] INFO Select clients [0, 1, 2, 3, 4, 5, 6, 7, 8, 9, 10, 11, 12, 13, 14, 15, 16, 17, 18, 19] at time 4530.
2025-04-25 03:56:51,095 asyncbase.py iterate [line:73] INFO Receive new models from clients [8, 17, 7] at time 4542
2025-04-25 03:56:51,095 asyncbase.py iterate [line:73] INFO Receive new models from clients [10, 5, 15, 9, 1, 14, 3, 6] at time 4543
2025-04-25 03:56:51,095 asyncbase.py iterate [line:73] INFO Receive new models from clients [18, 0, 19, 11, 2, 4] at time 4544
2025-04-25 03:56:51,096 asyncbase.py iterate [line:73] INFO Receive new models from clients [16, 12, 13] at time 4545
2025-04-25 03:56:51,148 fedbase.py run [line:318] INFO --------------Round 290--------------
2025-04-25 03:56:51,148 simple_logger.py log_once [line:14] INFO Current_time:4545
2025-04-25 03:56:53,142 simple_logger.py log_once [line:28] INFO test_accuracy                 0.9889
2025-04-25 03:56:53,142 simple_logger.py log_once [line:28] INFO test_loss                     0.0575
2025-04-25 03:56:53,142 simple_logger.py log_once [line:28] INFO val_accuracy                  0.9867
2025-04-25 03:56:53,142 simple_logger.py log_once [line:28] INFO mean_val_accuracy             0.9867
2025-04-25 03:56:53,142 simple_logger.py log_once [line:28] INFO std_val_accuracy              0.0073
2025-04-25 03:56:53,142 simple_logger.py log_once [line:28] INFO val_loss                      0.0820
2025-04-25 03:56:53,143 simple_logger.py log_once [line:28] INFO mean_val_loss                 0.0820
2025-04-25 03:56:53,143 simple_logger.py log_once [line:28] INFO std_val_loss                  0.0468
2025-04-25 03:56:53,143 fedbase.py run [line:323] INFO expense           31792630.0
2025-04-25 03:56:53,143 fedbase.py run [line:324] INFO Eval Time Cost:               1.9946s
2025-04-25 03:56:53,143 asyncbase.py iterate [line:68] INFO Select clients [0, 1, 2, 3, 4, 5, 6, 7, 8, 9, 10, 11, 12, 13, 14, 15, 16, 17, 18, 19] at time 4546.
2025-04-25 03:57:05,003 asyncbase.py iterate [line:73] INFO Receive new models from clients [12, 6, 7] at time 4558
2025-04-25 03:57:05,003 asyncbase.py iterate [line:73] INFO Receive new models from clients [17, 1, 18, 14, 2, 10] at time 4559
2025-04-25 03:57:05,004 asyncbase.py iterate [line:73] INFO Receive new models from clients [0, 4, 13, 9, 11, 16, 3, 5] at time 4560
2025-04-25 03:57:05,004 asyncbase.py iterate [line:73] INFO Receive new models from clients [19, 15, 8] at time 4561
2025-04-25 03:57:05,057 fedbase.py run [line:318] INFO --------------Round 291--------------
2025-04-25 03:57:05,057 simple_logger.py log_once [line:14] INFO Current_time:4561
2025-04-25 03:57:07,103 simple_logger.py log_once [line:28] INFO test_accuracy                 0.9877
2025-04-25 03:57:07,103 simple_logger.py log_once [line:28] INFO test_loss                     0.0609
2025-04-25 03:57:07,103 simple_logger.py log_once [line:28] INFO val_accuracy                  0.9867
2025-04-25 03:57:07,103 simple_logger.py log_once [line:28] INFO mean_val_accuracy             0.9867
2025-04-25 03:57:07,103 simple_logger.py log_once [line:28] INFO std_val_accuracy              0.0075
2025-04-25 03:57:07,103 simple_logger.py log_once [line:28] INFO val_loss                      0.0827
2025-04-25 03:57:07,103 simple_logger.py log_once [line:28] INFO mean_val_loss                 0.0827
2025-04-25 03:57:07,103 simple_logger.py log_once [line:28] INFO std_val_loss                  0.0491
2025-04-25 03:57:07,103 fedbase.py run [line:323] INFO expense           31816470.0
2025-04-25 03:57:07,104 fedbase.py run [line:324] INFO Eval Time Cost:               2.0463s
2025-04-25 03:57:07,104 asyncbase.py iterate [line:68] INFO Select clients [0, 1, 2, 3, 4, 5, 6, 7, 8, 9, 10, 11, 12, 13, 14, 15, 16, 17, 18, 19] at time 4562.
2025-04-25 03:57:18,419 asyncbase.py iterate [line:73] INFO Receive new models from clients [5, 13, 2, 8] at time 4574
2025-04-25 03:57:18,419 asyncbase.py iterate [line:73] INFO Receive new models from clients [11, 0, 9, 6, 19, 15, 3] at time 4575
2025-04-25 03:57:18,420 asyncbase.py iterate [line:73] INFO Receive new models from clients [7, 17, 18, 12, 16, 10] at time 4576
2025-04-25 03:57:18,420 asyncbase.py iterate [line:73] INFO Receive new models from clients [14, 1, 4] at time 4577
2025-04-25 03:57:18,476 fedbase.py run [line:318] INFO --------------Round 292--------------
2025-04-25 03:57:18,476 simple_logger.py log_once [line:14] INFO Current_time:4577
2025-04-25 03:57:20,496 simple_logger.py log_once [line:28] INFO test_accuracy                 0.9881
2025-04-25 03:57:20,496 simple_logger.py log_once [line:28] INFO test_loss                     0.0583
2025-04-25 03:57:20,496 simple_logger.py log_once [line:28] INFO val_accuracy                  0.9873
2025-04-25 03:57:20,496 simple_logger.py log_once [line:28] INFO mean_val_accuracy             0.9873
2025-04-25 03:57:20,496 simple_logger.py log_once [line:28] INFO std_val_accuracy              0.0064
2025-04-25 03:57:20,496 simple_logger.py log_once [line:28] INFO val_loss                      0.0846
2025-04-25 03:57:20,496 simple_logger.py log_once [line:28] INFO mean_val_loss                 0.0846
2025-04-25 03:57:20,496 simple_logger.py log_once [line:28] INFO std_val_loss                  0.0522
2025-04-25 03:57:20,496 fedbase.py run [line:323] INFO expense           31840310.0
2025-04-25 03:57:20,496 fedbase.py run [line:324] INFO Eval Time Cost:               2.0199s
2025-04-25 03:57:20,496 asyncbase.py iterate [line:68] INFO Select clients [0, 1, 2, 3, 4, 5, 6, 7, 8, 9, 10, 11, 12, 13, 14, 15, 16, 17, 18, 19] at time 4578.
2025-04-25 03:57:32,226 asyncbase.py iterate [line:73] INFO Receive new models from clients [7, 4, 6, 10, 12] at time 4590
2025-04-25 03:57:32,226 asyncbase.py iterate [line:73] INFO Receive new models from clients [15, 16, 14, 18, 5, 1, 2] at time 4591
2025-04-25 03:57:32,227 asyncbase.py iterate [line:73] INFO Receive new models from clients [19, 13, 9, 8, 17, 0] at time 4592
2025-04-25 03:57:32,227 asyncbase.py iterate [line:73] INFO Receive new models from clients [3, 11] at time 4593
2025-04-25 03:57:32,280 fedbase.py run [line:318] INFO --------------Round 293--------------
2025-04-25 03:57:32,280 simple_logger.py log_once [line:14] INFO Current_time:4593
2025-04-25 03:57:34,318 simple_logger.py log_once [line:28] INFO test_accuracy                 0.9882
2025-04-25 03:57:34,318 simple_logger.py log_once [line:28] INFO test_loss                     0.0586
2025-04-25 03:57:34,318 simple_logger.py log_once [line:28] INFO val_accuracy                  0.9868
2025-04-25 03:57:34,318 simple_logger.py log_once [line:28] INFO mean_val_accuracy             0.9868
2025-04-25 03:57:34,318 simple_logger.py log_once [line:28] INFO std_val_accuracy              0.0065
2025-04-25 03:57:34,319 simple_logger.py log_once [line:28] INFO val_loss                      0.0842
2025-04-25 03:57:34,319 simple_logger.py log_once [line:28] INFO mean_val_loss                 0.0842
2025-04-25 03:57:34,319 simple_logger.py log_once [line:28] INFO std_val_loss                  0.0487
2025-04-25 03:57:34,319 fedbase.py run [line:323] INFO expense           31864150.0
2025-04-25 03:57:34,319 fedbase.py run [line:324] INFO Eval Time Cost:               2.0385s
2025-04-25 03:57:34,319 asyncbase.py iterate [line:68] INFO Select clients [0, 1, 2, 3, 4, 5, 6, 7, 8, 9, 10, 11, 12, 13, 14, 15, 16, 17, 18, 19] at time 4594.
2025-04-25 03:57:45,451 asyncbase.py iterate [line:73] INFO Receive new models from clients [10] at time 4606
2025-04-25 03:57:45,451 asyncbase.py iterate [line:73] INFO Receive new models from clients [8, 18, 2, 11, 14, 0, 15, 12] at time 4607
2025-04-25 03:57:45,452 asyncbase.py iterate [line:73] INFO Receive new models from clients [7, 17, 9, 3, 16, 5, 19, 1] at time 4608
2025-04-25 03:57:45,452 asyncbase.py iterate [line:73] INFO Receive new models from clients [13, 4, 6] at time 4609
2025-04-25 03:57:45,504 fedbase.py run [line:318] INFO --------------Round 294--------------
2025-04-25 03:57:45,505 simple_logger.py log_once [line:14] INFO Current_time:4609
2025-04-25 03:57:47,621 simple_logger.py log_once [line:28] INFO test_accuracy                 0.9882
2025-04-25 03:57:47,621 simple_logger.py log_once [line:28] INFO test_loss                     0.0585
2025-04-25 03:57:47,621 simple_logger.py log_once [line:28] INFO val_accuracy                  0.9873
2025-04-25 03:57:47,621 simple_logger.py log_once [line:28] INFO mean_val_accuracy             0.9873
2025-04-25 03:57:47,621 simple_logger.py log_once [line:28] INFO std_val_accuracy              0.0079
2025-04-25 03:57:47,621 simple_logger.py log_once [line:28] INFO val_loss                      0.0820
2025-04-25 03:57:47,621 simple_logger.py log_once [line:28] INFO mean_val_loss                 0.0820
2025-04-25 03:57:47,621 simple_logger.py log_once [line:28] INFO std_val_loss                  0.0476
2025-04-25 03:57:47,621 fedbase.py run [line:323] INFO expense           31887990.0
2025-04-25 03:57:47,621 fedbase.py run [line:324] INFO Eval Time Cost:               2.1169s
2025-04-25 03:57:47,622 asyncbase.py iterate [line:68] INFO Select clients [0, 1, 2, 3, 4, 5, 6, 7, 8, 9, 10, 11, 12, 13, 14, 15, 16, 17, 18, 19] at time 4610.
2025-04-25 03:57:58,570 asyncbase.py iterate [line:73] INFO Receive new models from clients [8, 7, 4, 15] at time 4622
2025-04-25 03:57:58,570 asyncbase.py iterate [line:73] INFO Receive new models from clients [2, 11, 13, 10, 1, 5, 9, 12] at time 4623
2025-04-25 03:57:58,570 asyncbase.py iterate [line:73] INFO Receive new models from clients [16, 0, 14, 17, 19, 3] at time 4624
2025-04-25 03:57:58,570 asyncbase.py iterate [line:73] INFO Receive new models from clients [6, 18] at time 4625
2025-04-25 03:57:58,622 fedbase.py run [line:318] INFO --------------Round 295--------------
2025-04-25 03:57:58,623 simple_logger.py log_once [line:14] INFO Current_time:4625
2025-04-25 03:58:00,632 simple_logger.py log_once [line:28] INFO test_accuracy                 0.9881
2025-04-25 03:58:00,632 simple_logger.py log_once [line:28] INFO test_loss                     0.0600
2025-04-25 03:58:00,632 simple_logger.py log_once [line:28] INFO val_accuracy                  0.9863
2025-04-25 03:58:00,632 simple_logger.py log_once [line:28] INFO mean_val_accuracy             0.9863
2025-04-25 03:58:00,632 simple_logger.py log_once [line:28] INFO std_val_accuracy              0.0068
2025-04-25 03:58:00,632 simple_logger.py log_once [line:28] INFO val_loss                      0.0839
2025-04-25 03:58:00,633 simple_logger.py log_once [line:28] INFO mean_val_loss                 0.0839
2025-04-25 03:58:00,633 simple_logger.py log_once [line:28] INFO std_val_loss                  0.0478
2025-04-25 03:58:00,633 fedbase.py run [line:323] INFO expense           31911830.0
2025-04-25 03:58:00,633 fedbase.py run [line:324] INFO Eval Time Cost:               2.0102s
2025-04-25 03:58:00,633 asyncbase.py iterate [line:68] INFO Select clients [0, 1, 2, 3, 4, 5, 6, 7, 8, 9, 10, 11, 12, 13, 14, 15, 16, 17, 18, 19] at time 4626.
2025-04-25 03:58:11,444 asyncbase.py iterate [line:73] INFO Receive new models from clients [5] at time 4638
2025-04-25 03:58:11,444 asyncbase.py iterate [line:73] INFO Receive new models from clients [2, 8, 7, 0, 13, 9, 18, 17] at time 4639
2025-04-25 03:58:11,444 asyncbase.py iterate [line:73] INFO Receive new models from clients [14, 16, 11, 6, 10, 1, 3] at time 4640
2025-04-25 03:58:11,445 asyncbase.py iterate [line:73] INFO Receive new models from clients [12, 19, 15, 4] at time 4641
2025-04-25 03:58:11,496 fedbase.py run [line:318] INFO --------------Round 296--------------
2025-04-25 03:58:11,496 simple_logger.py log_once [line:14] INFO Current_time:4641
2025-04-25 03:58:13,495 simple_logger.py log_once [line:28] INFO test_accuracy                 0.9882
2025-04-25 03:58:13,495 simple_logger.py log_once [line:28] INFO test_loss                     0.0597
2025-04-25 03:58:13,495 simple_logger.py log_once [line:28] INFO val_accuracy                  0.9875
2025-04-25 03:58:13,495 simple_logger.py log_once [line:28] INFO mean_val_accuracy             0.9875
2025-04-25 03:58:13,496 simple_logger.py log_once [line:28] INFO std_val_accuracy              0.0074
2025-04-25 03:58:13,496 simple_logger.py log_once [line:28] INFO val_loss                      0.0813
2025-04-25 03:58:13,496 simple_logger.py log_once [line:28] INFO mean_val_loss                 0.0813
2025-04-25 03:58:13,496 simple_logger.py log_once [line:28] INFO std_val_loss                  0.0478
2025-04-25 03:58:13,496 fedbase.py run [line:323] INFO expense           31935670.0
2025-04-25 03:58:13,496 fedbase.py run [line:324] INFO Eval Time Cost:               1.9995s
2025-04-25 03:58:13,496 asyncbase.py iterate [line:68] INFO Select clients [0, 1, 2, 3, 4, 5, 6, 7, 8, 9, 10, 11, 12, 13, 14, 15, 16, 17, 18, 19] at time 4642.
2025-04-25 03:58:24,757 asyncbase.py iterate [line:73] INFO Receive new models from clients [5, 1, 8] at time 4654
2025-04-25 03:58:24,757 asyncbase.py iterate [line:73] INFO Receive new models from clients [15, 9, 13, 17, 2, 16, 3, 10] at time 4655
2025-04-25 03:58:24,757 asyncbase.py iterate [line:73] INFO Receive new models from clients [11, 12, 19, 4, 0, 14, 18, 7, 6] at time 4656
2025-04-25 03:58:24,813 fedbase.py run [line:318] INFO --------------Round 297--------------
2025-04-25 03:58:24,813 simple_logger.py log_once [line:14] INFO Current_time:4656
2025-04-25 03:58:26,801 simple_logger.py log_once [line:28] INFO test_accuracy                 0.9882
2025-04-25 03:58:26,801 simple_logger.py log_once [line:28] INFO test_loss                     0.0601
2025-04-25 03:58:26,801 simple_logger.py log_once [line:28] INFO val_accuracy                  0.9872
2025-04-25 03:58:26,802 simple_logger.py log_once [line:28] INFO mean_val_accuracy             0.9872
2025-04-25 03:58:26,802 simple_logger.py log_once [line:28] INFO std_val_accuracy              0.0066
2025-04-25 03:58:26,802 simple_logger.py log_once [line:28] INFO val_loss                      0.0833
2025-04-25 03:58:26,802 simple_logger.py log_once [line:28] INFO mean_val_loss                 0.0833
2025-04-25 03:58:26,802 simple_logger.py log_once [line:28] INFO std_val_loss                  0.0469
2025-04-25 03:58:26,802 fedbase.py run [line:323] INFO expense           31959510.0
2025-04-25 03:58:26,802 fedbase.py run [line:324] INFO Eval Time Cost:               1.9887s
2025-04-25 03:58:26,802 asyncbase.py iterate [line:68] INFO Select clients [0, 1, 2, 3, 4, 5, 6, 7, 8, 9, 10, 11, 12, 13, 14, 15, 16, 17, 18, 19] at time 4657.
2025-04-25 03:58:37,752 asyncbase.py iterate [line:73] INFO Receive new models from clients [19, 10, 11] at time 4669
2025-04-25 03:58:37,752 asyncbase.py iterate [line:73] INFO Receive new models from clients [1, 4, 5, 14, 8, 7, 9, 2] at time 4670
2025-04-25 03:58:37,753 asyncbase.py iterate [line:73] INFO Receive new models from clients [17, 13, 12, 18, 6, 3] at time 4671
2025-04-25 03:58:37,753 asyncbase.py iterate [line:73] INFO Receive new models from clients [15, 16, 0] at time 4672
2025-04-25 03:58:37,805 fedbase.py run [line:318] INFO --------------Round 298--------------
2025-04-25 03:58:37,805 simple_logger.py log_once [line:14] INFO Current_time:4672
2025-04-25 03:58:39,822 simple_logger.py log_once [line:28] INFO test_accuracy                 0.9882
2025-04-25 03:58:39,823 simple_logger.py log_once [line:28] INFO test_loss                     0.0608
2025-04-25 03:58:39,823 simple_logger.py log_once [line:28] INFO val_accuracy                  0.9873
2025-04-25 03:58:39,823 simple_logger.py log_once [line:28] INFO mean_val_accuracy             0.9873
2025-04-25 03:58:39,823 simple_logger.py log_once [line:28] INFO std_val_accuracy              0.0070
2025-04-25 03:58:39,823 simple_logger.py log_once [line:28] INFO val_loss                      0.0819
2025-04-25 03:58:39,823 simple_logger.py log_once [line:28] INFO mean_val_loss                 0.0819
2025-04-25 03:58:39,823 simple_logger.py log_once [line:28] INFO std_val_loss                  0.0497
2025-04-25 03:58:39,823 fedbase.py run [line:323] INFO expense           31983350.0
2025-04-25 03:58:39,823 fedbase.py run [line:324] INFO Eval Time Cost:               2.0183s
2025-04-25 03:58:39,823 asyncbase.py iterate [line:68] INFO Select clients [0, 1, 2, 3, 4, 5, 6, 7, 8, 9, 10, 11, 12, 13, 14, 15, 16, 17, 18, 19] at time 4673.
2025-04-25 03:58:51,253 asyncbase.py iterate [line:73] INFO Receive new models from clients [13, 3, 10, 2] at time 4685
2025-04-25 03:58:51,253 asyncbase.py iterate [line:73] INFO Receive new models from clients [0, 7, 19, 8, 17, 5, 14, 1, 18, 16, 11] at time 4686
2025-04-25 03:58:51,253 asyncbase.py iterate [line:73] INFO Receive new models from clients [9, 15, 4, 6] at time 4687
2025-04-25 03:58:51,253 asyncbase.py iterate [line:73] INFO Receive new models from clients [12] at time 4688
2025-04-25 03:58:51,305 fedbase.py run [line:318] INFO --------------Round 299--------------
2025-04-25 03:58:51,305 simple_logger.py log_once [line:14] INFO Current_time:4688
2025-04-25 03:58:53,313 simple_logger.py log_once [line:28] INFO test_accuracy                 0.9886
2025-04-25 03:58:53,313 simple_logger.py log_once [line:28] INFO test_loss                     0.0593
2025-04-25 03:58:53,313 simple_logger.py log_once [line:28] INFO val_accuracy                  0.9877
2025-04-25 03:58:53,313 simple_logger.py log_once [line:28] INFO mean_val_accuracy             0.9877
2025-04-25 03:58:53,313 simple_logger.py log_once [line:28] INFO std_val_accuracy              0.0072
2025-04-25 03:58:53,313 simple_logger.py log_once [line:28] INFO val_loss                      0.0832
2025-04-25 03:58:53,314 simple_logger.py log_once [line:28] INFO mean_val_loss                 0.0832
2025-04-25 03:58:53,314 simple_logger.py log_once [line:28] INFO std_val_loss                  0.0487
2025-04-25 03:58:53,314 fedbase.py run [line:323] INFO expense           32007190.0
2025-04-25 03:58:53,314 fedbase.py run [line:324] INFO Eval Time Cost:               2.0084s
2025-04-25 03:58:53,314 asyncbase.py iterate [line:68] INFO Select clients [0, 1, 2, 3, 4, 5, 6, 7, 8, 9, 10, 11, 12, 13, 14, 15, 16, 17, 18, 19] at time 4689.
2025-04-25 03:59:04,340 asyncbase.py iterate [line:73] INFO Receive new models from clients [5, 15] at time 4701
2025-04-25 03:59:04,341 asyncbase.py iterate [line:73] INFO Receive new models from clients [7, 19, 6, 8, 13] at time 4702
2025-04-25 03:59:04,341 asyncbase.py iterate [line:73] INFO Receive new models from clients [18, 12, 1, 14, 11, 17, 9, 3, 10] at time 4703
2025-04-25 03:59:04,341 asyncbase.py iterate [line:73] INFO Receive new models from clients [4, 16, 0, 2] at time 4704
2025-04-25 03:59:04,393 fedbase.py run [line:318] INFO --------------Round 300--------------
2025-04-25 03:59:04,393 simple_logger.py log_once [line:14] INFO Current_time:4704
2025-04-25 03:59:06,384 simple_logger.py log_once [line:28] INFO test_accuracy                 0.9886
2025-04-25 03:59:06,384 simple_logger.py log_once [line:28] INFO test_loss                     0.0587
2025-04-25 03:59:06,384 simple_logger.py log_once [line:28] INFO val_accuracy                  0.9863
2025-04-25 03:59:06,384 simple_logger.py log_once [line:28] INFO mean_val_accuracy             0.9863
2025-04-25 03:59:06,384 simple_logger.py log_once [line:28] INFO std_val_accuracy              0.0077
2025-04-25 03:59:06,384 simple_logger.py log_once [line:28] INFO val_loss                      0.0825
2025-04-25 03:59:06,384 simple_logger.py log_once [line:28] INFO mean_val_loss                 0.0825
2025-04-25 03:59:06,384 simple_logger.py log_once [line:28] INFO std_val_loss                  0.0463
2025-04-25 03:59:06,384 fedbase.py run [line:323] INFO expense           32031030.0
2025-04-25 03:59:06,384 fedbase.py run [line:324] INFO Eval Time Cost:               1.9912s
2025-04-25 03:59:06,384 fedbase.py run [line:332] INFO =================End==================
2025-04-25 03:59:06,384 fedbase.py run [line:333] INFO Total Time Cost:              4090.6047s
